400 400
100 0 1373457390655031405
100 1 -4156085910971113841
100 2 -2295754886503946303
100 3 -8788500282566190320
100 4 1792280928778632220
100 5 -8000496171808733345
100 6 -7621197165070042653
100 7 1613614348925235670
100 8 -8234918194003383593
100 9 1352834283653748329
100 10 5451156606080747259
100 11 6780793958250591405
100 12 -5291751891299019686
100 13 -8781230629206211378
100 14 -2597783512276308255
100 15 -2024074024360367466
100 16 8715685495575876104
100 17 -4773266479708891394
100 18 -5783801424244522890
100 19 9040046140335322013
100 20 -4409738665213210019
100 21 -7427021741242448587
100 22 -2947902747807707730
100 23 -8448050457205287159
100 24 -842988094091262918
100 25 -7234675554496367720
100 26 8904040218175508032
100 27 2795107378799389740
100 28 -62890555245598576
100 29 -4805452057192936077
100 30 -2072208238153402097
100 31 -7946780631554343410
100 32 -6155845310909757073
100 33 2376556196646695570
100 34 -1373205706953021138
100 35 8472733205032843114
100 36 -3204059605263949893
100 37 2474020738513819323
100 38 1120478565105317936
100 39 -424797750128493875
100 40 -6064916027391000642
100 41 5508961167359625908
100 42 2931593222515196863
100 43 -3497758437494733196
100 44 -1944433448120169771
100 45 -6300046508545686474
100 46 7526153543710013414
100 47 -6949915917257038237
100 48 1817653905343954390
100 49 -5547498836202287422
100 50 -3624145732771854856
100 51 7972751093050669937
100 52 8448348776718272756
100 53 7160987602372658081
100 54 -969284754869500223
100 55 2776205203371681629
100 56 3761005302313505389
100 57 -8506472694504179367
100 58 232913018496714314
100 59 456412212258367874
100 60 2970367411662835173
100 61 -1600330528659080708
100 62 -6260022807578618751
100 63 5932444089866042284
100 64 -6725167712244526052
100 65 7616733783917428729
100 66 -8261014793879533511
100 67 6498346864495872132
100 68 4938118190938059905
100 69 -4559914762431089481
100 70 -3582209482206869988
100 71 -3649835274142706388
100 72 -412220191698498084
100 73 -3774851619883587785
100 74 1395046961730374064
100 75 -1566495991755890712
100 76 7657602868665496981
100 77 2550477670230008999
100 78 -6044092684094117006
100 79 -2074169544743077035
100 80 5329936897561403401
100 81 -3498220768948328326
100 82 126106820855914766
100 83 -3916618883842860067
100 84 -9085184685100304681
100 85 1757170948210575240
100 86 5474033886359148204
100 87 -4307471106299325326
100 88 -3897004409820416427
100 89 5245417890185777676
100 90 993246248138515731
100 91 -6172214469858664212
100 92 -403540369087892209
100 93 7113797055187047140
100 94 3405284388876949698
100 95 -7973638660262756548
100 96 5520007155210641133
100 97 7639268388538869529
100 98 7624492013261457475
100 99 -1689819314148811047
100 100 -2216823863818686168
100 101 -1316639857961821630
100 102 8279768039137391986
100 103 -5395642927158218128
100 104 -1314454689433282797
100 105 -1386574769998042850
100 106 -3680069100522468881
100 107 -1399936675675189998
100 108 738060574921103171
100 109 -623782529986707584
100 110 -3749708275977332002
100 111 -4177144664675111826
100 112 -797743663863978809
100 113 -441115897762295224
100 114 2422459220778906393
100 115 -3392243384456290417
100 116 -7300882451127021038
100 117 -2706734449610445268
100 118 -3613092726624335620
100 119 5269836487656410687
100 120 6333290006759505639
100 121 -4298808972666629667
100 122 -1240817682834026618
100 123 5707933223573450080
100 124 -3329380581397733920
100 125 -5478321030644623997
100 126 -6757074862888481855
100 127 -3422603895645132196
100 128 -2562390382790837349
100 129 -3040107583642527035
100 130 -8131125644882935504
100 131 -107755289767362306
100 132 8083390170777206616
100 133 2046332004114263275
100 134 -1222111301409811153
100 135 3498737691799593880
100 136 4250672985529548029
100 137 -2467675049384148846
100 138 8113251550800103457
100 139 -5289779516644668239
100 140 1863488743986382966
100 141 45532663592824495
100 142 -3965522853491688733
100 143 -5052771787409818258
100 144 -7844579519977533291
100 145 -312869274378243306
100 146 -5530759950494986094
100 147 1384048529798536405
100 148 6589260471508410478
100 149 9221111896786173608
100 150 -3850107403060453294
100 151 5538458590194809289
100 152 -6832786568730121370
100 153 -959408384106651552
100 154 -6255583359810205739
100 155 -4221317125935269655
100 156 7189347219301451257
100 157 -1493182604242867612
100 158 6346790519062015885
100 159 -5408548073997195733
100 160 2519187650356764013
100 161 618499386213980245
100 162 7301529378301312049
100 163 6113311100681010582
100 164 -7685508301457814070
100 165 5568173969863803756
100 166 563514952910671762
100 167 -8642232672674656819
100 168 -390008661402760746
100 169 -7707326729116506710
100 170 -2514396688178907813
100 171 5968852536426932759
100 172 -2977923821350618314
100 173 3578619390624454279
100 174 4836991910092308652
100 175 -7758308349169287260
100 176 -8861089262631451353
100 177 6035390546293232906
100 178 -2620976018629467050
100 179 -8916512619456706961
100 180 7044363636408486304
100 181 -6579007317935900809
100 182 4468261241098309108
100 183 5079698789433238452
100 184 -5601274970536798839
100 185 1333502359862914273
100 186 -6376320685306147259
100 187 4265161658754683222
100 188 2247806381174354340
100 189 5037488753526194940
100 190 3329738961965692196
100 191 2756918172057765944
100 192 6412324346109105466
100 193 -4480925846506485813
100 194 -7113232644083555175
100 195 -9044308924642361054
100 196 -3693341823709584498
100 197 662144224438477165
100 198 8574474783904936365
100 199 4615232087278734148
100 200 5156536243885839046
100 201 7661980883523128955
100 202 7516928844436727870
100 203 3111189464380490738
100 204 2193088152198261233
100 205 -5632731838069309609
100 206 -42073673707937670
100 207 1956396203688771680
100 208 -1355812994567103321
100 209 -6092311198093011141
100 210 6573349102778491505
100 211 5555480061536211430
100 212 1408915312034032908
100 213 -2428037109118175877
100 214 294682363911517349
100 215 -8231078681685050931
100 216 -679249700633996533
100 217 -1125680216181200555
100 218 -725685504535448192
100 219 -7394113467580754606
100 220 7505985745850197442
100 221 1609708426212036736
100 222 -6733739139741451509
100 223 -3262801240907146664
100 224 6471357828210564429
100 225 -7103733112320995161
100 226 -8993720449227902604
100 227 1052796558677092068
100 228 -2018660427345558916
100 229 4340574163554211471
100 230 7981765176807021830
100 231 -4655030821812934001
100 232 5662696716510904408
100 233 -3146625138731934049
100 234 6414412512523764226
100 235 -6435650578974033669
100 236 3000669643002506309
100 237 7895747449833793730
100 238 6298147732354027202
100 239 -5016539524167346416
100 240 1974778013338047641
100 241 -8624858368401458994
100 242 3938509333318440887
100 243 -141747353109726446
100 244 -2792141650431656434
100 245 8747618977542730514
100 246 115362174258356420
100 247 -1117960752008718120
100 248 -9093720620528708409
100 249 -3663318618940565286
100 250 -8693885237056780320
100 251 -1513842364601890372
100 252 5531907694124321607
100 253 -5786237528116075149
100 254 3892447898809060026
100 255 -2873572821101825682
100 256 -6043173811104120812
100 257 -5127867386376585761
100 258 -4392197697102539525
100 259 9005619178257547568
100 260 298941181303114590
100 261 5948400490683726831
100 262 -4638172095708170611
100 263 -4588478069009279110
100 264 93043019245803003
100 265 -3354121413872345785
100 266 5253180321209413937
100 267 -3069966767374972899
100 268 -8163839577319915692
100 269 2744025808164400759
100 270 3666729520072367039
100 271 6504940168700632541
100 272 3902580389040560713
100 273 1310600942178351346
100 274 5109058509907865132
100 275 4307776145636247964
100 276 3065380474332244981
100 277 5306513437966609561
100 278 6568700349023957379
100 279 -7661521784398963312
100 280 8390371835502784479
100 281 -1899066310037569706
100 282 -200125908488965538
100 283 -7316971439338624872
100 284 1082118596641692491
100 285 1347810373957619895
100 286 7643791440390102281
100 287 30660815191325910
100 288 -3781322533405969353
100 289 -7668337614060029982
100 290 -4730228789815575909
100 291 -3083939906640793381
100 292 1259590065179466849
100 293 173595418741207878
100 294 -223515024529913686
100 295 7781269865697515909
100 296 2194875420907871657
100 297 -5625350253259415377
100 298 8975780869372381558
100 299 1541509540000780743
100 300 -1623204114782117645
100 301 8685770641530421125
100 302 -4568396415387096116
100 303 -4997365177287439941
100 304 -7847005746110401400
100 305 -5165329220282088944
100 306 -8376676396127483904
100 307 7916920968213135806
100 308 -2567264856155861614
100 309 7542949223479385742
100 310 6017942988648772392
100 311 -4995276747875068645
100 312 99732812520446546
100 313 4685510153223280536
100 314 264096951526188510
100 315 -1120637383451884516
100 316 -4886217092404435156
100 317 -6150889530080233260
100 318 4545664078440134124
100 319 4611156357349035225
100 320 3145200736132974061
100 321 7039993479095594088
100 322 -1332428503299263583
100 323 -3840094643888086370
100 324 5690093610352924366
100 325 1241119978712220657
100 326 4180091027088904151
100 327 6249252069445830755
100 328 -6392003701799295575
100 329 -6433754927396881268
100 330 4868557374612606725
100 331 -7837875622719381428
100 332 -8092241205796864233
100 333 5237698866926848605
100 334 3874961845527129316
100 335 -6465441512707344422
100 336 1822550219017691003
100 337 -8803490797054603344
100 338 3858566891373204915
100 339 2998548626049408000
100 340 6624356436537599981
100 341 -5812514693461044325
100 342 -1288799723479371690
100 343 7763080566646093018
100 344 6458832426624868112
100 345 -8367860398537196172
100 346 -7568553361972345348
100 347 6001105430311752102
100 348 -4076328027650443383
100 349 1694676293482542016
100 350 7579039066138832301
100 351 6746536383853948519
100 352 1535442208583690398
100 353 5982452589416956556
100 354 -1581564515517555536
100 355 -7722323486557864388
100 356 -6732248596260045107
100 357 943535814604527278
100 358 8514447024098959165
100 359 -3801968580348509175
100 360 -1193625287201268283
100 361 7990211814521583702
100 362 6721544584205705789
100 363 6866339630698246040
100 364 5847102463364625409
100 365 -1592169432197755151
100 366 6035867919728111911
100 367 2912033646217050748
100 368 -671576174411846458
100 369 -763958005287368390
100 370 3224041238353274981
100 371 4378773625245962106
100 372 6719212987465853187
100 373 4762910734142034516
100 374 8977793640300089728
100 375 466969653256807345
100 376 6817884746475566331
100 377 5639783657743862509
100 378 6213706277823674801
100 379 -4524430174691215755
100 380 5601409086039836862
100 381 -748358308574409598
100 382 -7325202158605899629
100 383 -4987272324586214728
100 384 2849438038233244960
100 385 -5307843439387133184
100 386 -8017486818225113629
100 387 -825083544412614912
100 388 8881159258028586911
100 389 2999959215339387916
100 390 -8500268353654121892
100 391 9099747251680812875
100 392 3991685028084699190
100 393 -7902237645809905021
100 394 -3387632704447285871
100 395 3216006556662690444
100 396 5633785028219740450
100 397 -7829378772631961472
100 398 -87045474853694293
100 399 5930754888240945313
101 0 -2009823007238413166
101 1 -2942196818419428116
101 2 1438851912697704889
101 3 -7657761879028318726
101 4 1613051722690105053
101 5 9092840050718139457
101 6 -7428689625389949580
101 7 -8635000567301885271
101 8 2415866082213104247
101 9 646483621981569588
101 10 -5234074314534368343
101 11 4642626259241393405
101 12 8201224470873123921
101 13 -3637747349657185882
101 14 -3588664383984269173
101 15 8282442358284587642
101 16 -7079996246816458715
101 17 -261630194412353146
101 18 -8215241091517103071
101 19 2579810286867719468
101 20 1243506700840540223
101 21 -8141290723939179732
101 22 -5876935292202147599
101 23 -6308729273049506784
101 24 7365643738202002739
101 25 6165712704522734279
101 26 1366820237628358468
101 27 -2486093195722910430
101 28 9077968650061708523
101 29 -7739244649754532490
101 30 -2830677772135054211
101 31 -19758702928084501
101 32 -702309129345295675
101 33 1904743194969459565
101 34 -1617910307526759574
101 35 8761827046463317483
101 36 3845443296992793979
101 37 -7929753128503610595
101 38 -5588433140510115851
101 39 1110559476743069240
101 40 -176734795162974835
101 41 7783255445004443282
101 42 -5543534851142594238
101 43 3636400125969987474
101 44 2437533686840862101
101 45 -5930275067295354965
101 46 -977579033852141345
101 47 -6889548140387030772
101 48 -7175945195034429282
101 49 -6929761841883365077
101 50 -2591801373794410904
101 51 -4122573688233344171
101 52 -6692916441651405156
101 53 -772394797194191866
101 54 -7688952167987522017
101 55 -3097355274835901067
101 56 -8470503587046111447
101 57 8487856425576518905
101 58 1287692875454546740
101 59 7957188603429099931
101 60 -3238066315751760511
101 61 3090391735456550143
101 62 -3646375605365728792
101 63 5617917055379567060
101 64 -9003814328397744095
101 65 -9017728665100249937
101 66 919143021158051941
101 67 -7558494966824272463
101 68 1438000357731258438
101 69 680381485073405442
101 70 8886018231622878817
101 71 -6325803523515228337
101 72 5671378738390847013
101 73 589773401814551313
101 74 5957863674568263467
101 75 -7293629157607631086
101 76 6472969152360219472
101 77 8566798492593778233
101 78 212774023300949361
101 79 7471809706263515292
101 80 -1372992702553295340
101 81 1370675059386305999
101 82 -3853384617023978694
101 83 -6185254048583747807
101 84 3168801133550025435
101 85 3914852181468607650
101 86 -2427195852676852886
101 87 8875860839676937725
101 88 -3423685325678579814
101 89 -2616758871209633929
101 90 85458802605421207
101 91 -3505946785229989122
101 92 1742293106207131745
101 93 -5298656376854089196
101 94 -245755719697229796
101 95 -7217017649409978779
101 96 -5128241926044590343
101 97 6875191745266528721
101 98 -7882169183302367193
101 99 -393835510657717152
101 100 -468507326414379723
101 101 2719102711301455300
101 102 -7351210460926081160
101 103 4568336398055596113
101 104 -5342065665651616392
101 105 945462708610417506
101 106 -3637831729419353650
101 107 -3348308347457946238
101 108 -5144302830060457064
101 109 -5001798550422217653
101 110 5025494862586297281
101 111 -2923992306580969161
101 112 -212320730089382642
101 113 5591212532065337947
101 114 -4165732474925877999
101 115 -5464606260689283871
101 116 6796155795832880470
101 117 -1508059797199894507
101 118 -5942765059381216879
101 119 -1341201100205598769
101 120 -8671890891106366160
101 121 9178525767804835538
101 122 -6005601296279550174
101 123 2896732024688455557
101 124 -8183838704571207148
101 125 -6510302096486981868
101 126 8011495191871424175
101 127 -5371220996764518818
101 128 3973874886711728079
101 129 -2820528294111118751
101 130 5328987647093885281
101 131 3326607976563141089
101 132 2871343081279904756
101 133 -1653388367406138254
101 134 -4443145868470121672
101 135 5639100849948505274
101 136 9125164743266274156
101 137 5403620387880042565
101 138 -3597406764036786203
101 139 8262411324794060873
101 140 -8699347831797037580
101 141 5811483820968827105
101 142 3925095184782109914
101 143 -6813216590932554929
101 144 5732874136917841133
101 145 -1879100465674782931
101 146 7154238823744150128
101 147 -5925528134078165932
101 148 7134238375381422091
101 149 7931133697434691317
101 150 -5904486114923536921
101 151 5068294270964774188
101 152 8394114814335670515
101 153 2633586444996078481
101 154 8518147984704716325
101 155 2498383407022918051
101 156 71890678733831485
101 157 -6570031677722178708
101 158 2505741174579001929
101 159 -8966296982020580794
101 160 5627656548529673411
101 161 -1878466035572653361
101 162 4185464540363670178
101 163 -454632935003045326
101 164 1381681577609094582
101 165 -6115039935426874774
101 166 -3988851692274577601
101 167 6469311625826371458
101 168 4216367522455988922
101 169 412918861312010235
101 170 3276921091828887849
101 171 8477155439298630760
101 172 6281056793064620524
101 173 -993790302358260357
101 174 -4209211107879012578
101 175 -646029671579429678
101 176 -4162156383239371815
101 177 3977542593593414972
101 178 -6074879063882202868
101 179 1625926922708517274
101 180 5262184422278127994
101 181 347410421559774684
101 182 -7179444322195516379
101 183 -1975904609353176744
101 184 -5857753469353256321
101 185 2433462314816992052
101 186 760832203893840699
101 187 1640453831796895286
101 188 2078382744465036058
101 189 7968749947680886090
101 190 -4893021980557501924
101 191 -483414195354824548
101 192 3700520976809992256
101 193 3523232861219447502
101 194 9153048999292010742
101 195 -1401129110309623052
101 196 -602769818251634618
101 197 4891500061258749500
101 198 -3752290299303597246
101 199 5074496171378983273
101 200 -7352767797622562565
101 201 -6516136207848559176
101 202 3884942338593637282
101 203 6026593871891614224
101 204 -7710374478622856311
101 205 994033006466474311
101 206 -3674438536774378695
101 207 8608012807254124613
101 208 -2278751920570909340
101 209 -7284884231624084706
101 210 813833765504644971
101 211 3745207877798093880
101 212 6102906929459356372
101 213 5462749700243422215
101 214 -1601745149401815648
101 215 -5730730274686494408
101 216 -3425745962037371700
101 217 -568225391440198452
101 218 5471591222905323945
101 219 8403464000427957171
101 220 6437197910109014823
101 221 -4427212999774816925
101 222 -3649555698524137720
101 223 -8167099069882861492
101 224 -2323792605558443616
101 225 -687394799263143972
101 226 -2371149090251309824
101 227 4025550620427064366
101 228 7136690708904082773
101 229 7772502401399301945
101 230 -8971741786247831899
101 231 -8382806249361629840
101 232 -7192662311823103316
101 233 -5934034210899279492
101 234 -4706835029888939327
101 235 -283938853816734693
101 236 6125658740821794613
101 237 -8097135677919314236
101 238 -6405938982663987016
101 239 -6006920724136298964
101 240 4753886514436456417
101 241 -3118961796876844346
101 242 -4664200615364593483
101 243 3625735743856059897
101 244 -8131960781084372478
101 245 7423736920064890698
101 246 8352587416685523388
101 247 -1118514626870724307
101 248 -3405564269762871298
101 249 4277017013341182306
101 250 -1282334007048839286
101 251 609664696912596300
101 252 -7289625363431150805
101 253 8792458836372547983
101 254 1942068392950394654
101 255 1379132839797052846
101 256 6306027706871034659
101 257 6394970516409499598
101 258 8634143542017880643
101 259 1360060668283177245
101 260 3206647274149417469
101 261 -2477441644295082486
101 262 3184723990329987679
101 263 7037772716679180395
101 264 1434059080078840384
101 265 -5695631103978765759
101 266 7835248862181972298
101 267 -2616924396405661883
101 268 -8169275578764276401
101 269 -3356097585652715313
101 270 5112793068610350287
101 271 3085920513486295656
101 272 -1549561698792844062
101 273 7574912928722543811
101 274 6031749773349454933
101 275 364103153420932236
101 276 4234042299442085838
101 277 -3846772885749456471
101 278 -227023390012094412
101 279 5624198580724747928
101 280 4947583486502946895
101 281 37436015503994032
101 282 5369177690526687893
101 283 5761090583505951478
101 284 -8284435691559913260
101 285 -3489366766150474265
101 286 3078877986529352420
101 287 -7512362429192698544
101 288 4311433491548995108
101 289 -1776575550930270780
101 290 -3157986669923968524
101 291 9021562719787538400
101 292 7764546237103304380
101 293 2823144835831595436
101 294 1912310006765897166
101 295 1367000370745966396
101 296 -2385427669466868361
101 297 4858486694000870376
101 298 512717531437654500
101 299 -4488852852668878484
101 300 -5673768802417839968
101 301 22421427460716164
101 302 7881822934940276751
101 303 -1589952901934459011
101 304 5131060677113601928
101 305 -3250426305888942545
101 306 -2059989493194920510
101 307 -4766321262631395968
101 308 6203321948398727442
101 309 -8131388153920024555
101 310 2937883907433074895
101 311 -9100904276319741112
101 312 -7775733370779757228
101 313 -8582886247135811493
101 314 4692833230273528760
101 315 -258144239404263135
101 316 -7333725809952253695
101 317 -6718715107087800667
101 318 -648104956327378001
101 319 -8003522323409574982
101 320 -5814481312596069856
101 321 -2293366744543605915
101 322 4229602965259106505
101 323 3219566868728120415
101 324 -8133744459793920101
101 325 7381952729100441218
101 326 5176521809685698615
101 327 4587077554812086527
101 328 2517558281631135790
101 329 4153828726695203796
101 330 -6973950163974659618
101 331 -3761141774985358882
101 332 -4517782897981335494
101 333 7037037809385210670
101 334 1957845648130742344
101 335 -3065394363301744377
101 336 2773600460464104210
101 337 -3859629807230279090
101 338 -8845430005118278843
101 339 -5470192953868246507
101 340 3228109663537702523
101 341 -7600960268912299281
101 342 826782898603108201
101 343 4820714725086924787
101 344 5229127343380162832
101 345 6014938356886746975
101 346 6051090377510159846
101 347 -2932444638769591580
101 348 -6178566011140837127
101 349 -4875947434454322178
101 350 5774772104423522938
101 351 -6125906832785092488
101 352 316275450511289218
101 353 7463944029628991603
101 354 -6876338119160964110
101 355 4036017263026949120
101 356 1496620320108207937
101 357 3088587024864362202
101 358 420102836354193137
101 359 -3144593502896504223
101 360 6890262992247619786
101 361 5597544993466793555
101 362 -6259471044668245055
101 363 1222864371109861814
101 364 -3066459297121335370
101 365 166924302303974746
101 366 270158001396894114
101 367 -915458586143495609
101 368 -3282670672206035841
101 369 -6920372588086814325
101 370 2063069030716141606
101 371 227700934609289245
101 372 1245817103606553587
101 373 -7037894598461221478
101 374 2078367210461477105
101 375 -2772913518608023853
101 376 -352572841230299392
101 377 2912459709907846609
101 378 -4833136791185312053
101 379 7943613048014983572
101 380 4831113894005774360
101 381 570190907407232437
101 382 1451477977708722802
101 383 -666933989143045907
101 384 -9160778319050106585
101 385 -2201676171732972551
101 386 -8742329736938330231
101 387 -5244888356092582093
101 388 4007174652074659582
101 389 7488823235479661499
101 390 7918350836384379864
101 391 -8583181828331170196
101 392 -1857552646206913989
101 393 -2244159551049697737
101 394 -4336631364900231125
101 395 9130855145336174445
101 396 4378356513619359981
101 397 -7100776996626824007
101 398 9011390036991987309
101 399 -3699944970703131601
102 0 -6962600208254568902
102 1 -9042469943140046809
102 2 4223002943892305858
102 3 -2608999554143444319
102 4 -8797744642822455827
102 5 -927421091989708323
102 6 5095235123897709588
102 7 -6368498642675825567
102 8 6001721310435077751
102 9 -6721093535682237316
102 10 -7769491529776416883
102 11 -5145055004842361668
102 12 -607153429501805239
102 13 7904092625036419101
102 14 4700170846279498274
102 15 1994263335522124093
102 16 2097616960359570046
102 17 -3353114012397196728
102 18 -6398651262985120200
102 19 -5151060299811276151
102 20 -64827264215708040
102 21 4489898379299770105
102 22 -1270370271455999542
102 23 -2361863042584746751
102 24 -586218794444538328
102 25 -8466388251427853245
102 26 3980611767086763812
102 27 -222227848808820339
102 28 2526605202699862543
102 29 4623924991398296700
102 30 84999679713166838
102 31 -7262522890950767896
102 32 1690972285586831814
102 33 -2387248950281141251
102 34 3293717746687266956
102 35 -3068351374087079746
102 36 -3817916668407331591
102 37 -3486224464883659398
102 38 1133395974728350906
102 39 8858471687250923322
102 40 -428845317759527929
102 41 -2261451049201494390
102 42 4931163035592099589
102 43 -4978701908221184188
102 44 -5431698967678996797
102 45 -7870013087806890169
102 46 8696258462527025773
102 47 7841961655644473209
102 48 1086717308562870694
102 49 -650275417826352597
102 50 3888950558308138813
102 51 8480173864574478271
102 52 -1641299507868083981
102 53 -8692245708410817724
102 54 789354664811600606
102 55 -9136702096062515369
102 56 7103876996370380348
102 57 -287513903822025818
102 58 3619317768975393140
102 59 -2177810160924595969
102 60 -6342936362905493578
102 61 -2662337802106326983
102 62 -8247008014149342545
102 63 -4439644661699929278
102 64 1501597990119060994
102 65 -708742788361985042
102 66 5681097677508664980
102 67 1134037127674104534
102 68 -7909187804660548316
102 69 -1202910608006948687
102 70 -3775820529998995556
102 71 -235980483569835514
102 72 -755933901420922527
102 73 308501687487824777
102 74 -1132699034055928362
102 75 -4753523944245086775
102 76 -643220106220803465
102 77 -1372261826500045134
102 78 8460576028872156762
102 79 -6073415140207546611
102 80 -7224406436607965265
102 81 4715954079457537075
102 82 -7738413740733333384
102 83 6886934350798862534
102 84 6542996765035834347
102 85 157803753340872917
102 86 4379083753878257355
102 87 -3754547023988759989
102 88 7743245909708396292
102 89 1069657406306938245
102 90 -52198484462528621
102 91 -7590681137917003399
102 92 -7216607201902434687
102 93 -8753895473081454398
102 94 339401866909173599
102 95 3938856596314610690
102 96 1846415175975697613
102 97 6504920532632597514
102 98 -3085514256727700755
102 99 3453777071298774644
102 100 -1408744721941786735
102 101 -3267948200047827606
102 102 -6267633713099609872
102 103 1073555435329417203
102 104 -1854530383599594980
102 105 1241795193621665695
102 106 -3167870161821267421
102 107 -1227846868257863754
102 108 -5568659448331807839
102 109 -5924234253412515562
102 110 -7046589842739681172
102 111 -9163750525162123415
102 112 1626878463346012836
102 113 -4453511656705953956
102 114 2959752293050047185
102 115 -2425911274358914878
102 116 -9034374381686852579
102 117 -7248392429566979358
102 118 -8474381448334284169
102 119 7867280955745948315
102 120 8847433040516217891
102 121 6113053412216977305
102 122 7762801222373461976
102 123 -3165431613333617690
102 124 2226060785069834877
102 125 -7577097322936434432
102 126 5428819353871783785
102 127 4746651164140455898
102 128 6989297567465434224
102 129 9154810635081294231
102 130 -427684414289196644
102 131 -9161552303252389238
102 132 78715580622061373
102 133 1467061897499279027
102 134 -4641059230806697309
102 135 -2738122807832745007
102 136 49264554777053199
102 137 -8256975693172030242
102 138 6076210114562222618
102 139 3371620316506727149
102 140 -6113746626074327332
102 141 4070735036986253177
102 142 596028959512332668
102 143 197991788921343971
102 144 5399645790826370375
102 145 -3729810345052395431
102 146 -2322484306708708443
102 147 -4582506840884463334
102 148 538870994000358558
102 149 8949512106945473691
102 150 2054297969093497131
102 151 -8698380771515262890
102 152 -3715817144525043378
102 153 -5540506308150014037
102 154 480289377373049129
102 155 -7926521514134726442
102 156 -75183005075036091
102 157 8079925527499742646
102 158 -4659517312332780380
102 159 -9023632571055534547
102 160 -6883328914113868333
102 161 -702238188934140992
102 162 6592126322245761485
102 163 -5573508741316734690
102 164 -4652456376471364996
102 165 -694599366065286454
102 166 -4928884611124973137
102 167 9161679691922716348
102 168 -2578862981359266883
102 169 -393478763819152911
102 170 7995067687340511648
102 171 -3182218344560258248
102 172 8223629977008730086
102 173 -7913463971584175672
102 174 -1616323035662914633
102 175 -7571393978863938203
102 176 1952631503404226247
102 177 -6694731582409003605
102 178 -6850418472951240843
102 179 -6191205856846638780
102 180 5416142114647971
102 181 -2870511053574526945
102 182 2065377336321186256
102 183 3964104081153330879
102 184 -3124514209251676563
102 185 -1443180814000177713
102 186 3174297451786681774
102 187 5174401591363783908
102 188 -7616851459910925336
102 189 -2471445005450142663
102 190 -3930314479084138362
102 191 -466016462857203265
102 192 6602413899304756599
102 193 3817032701528891601
102 194 2741903931425439293
102 195 -4987298596743047250
102 196 -2610418406768306950
102 197 -2474278900797434247
102 198 3440993107075953575
102 199 2214798086268515863
102 200 -5226734770530962488
102 201 8539127591769038262
102 202 -3340498740104054017
102 203 -741684365525716015
102 204 -425269724910308824
102 205 99047188205443160
102 206 -6588700496074215721
102 207 6802035467263799134
102 208 624405515379167497
102 209 8944430670015204630
102 210 -5710774273057728389
102 211 3467774642167403803
102 212 -9081300327659367660
102 213 -1762876172964888266
102 214 5657401690360296710
102 215 -6234424642490068944
102 216 1095906002588697044
102 217 -1232078943678086193
102 218 -1391176480722968285
102 219 -6816485129297047404
102 220 5689999730672115122
102 221 -2118195001982238403
102 222 -9140352150904965475
102 223 4406101983345585024
102 224 9086976055571493586
102 225 -731415973872907183
102 226 -1388450531951057217
102 227 5964249911026371367
102 228 -2889143898079684949
102 229 3164579790541570548
102 230 -388934489316235650
102 231 5113870165725966292
102 232 1794845572922319421
102 233 1842696532294076050
102 234 -4050765844035694035
102 235 3581449135783622499
102 236 1527089861114973106
102 237 -4294476370557172131
102 238 3673809192199735794
102 239 1966654433397105851
102 240 -3076784525412661033
102 241 8251116177069532932
102 242 -7671563976382256313
102 243 -827800806376845447
102 244 -2979701678284508685
102 245 -2917858673200365832
102 246 -1704153984169410150
102 247 702700575079924172
102 248 9010275619870836893
102 249 -8981745655266261907
102 250 9073162753955487151
102 251 -939906883492696278
102 252 906072331787021508
102 253 -8339952056260495918
102 254 7465607463587444930
102 255 -2404205744889008882
102 256 -8566234020540284794
102 257 -8542441518801851022
102 258 4950450605732218574
102 259 -3149646812711700670
102 260 794294244874653226
102 261 -2355792588298188734
102 262 -5376603889464655351
102 263 -2398154438673846216
102 264 5342420301142678772
102 265 -2584835468586103267
102 266 -5652134114217760993
102 267 -5180643018475206388
102 268 -9005144788242227500
102 269 5216251601256729706
102 270 4374323327823244580
102 271 -2146218097017805074
102 272 -3606998427942105524
102 273 6081089518764950010
102 274 -6651969371815260621
102 275 6739054422340268182
102 276 1398360756126159658
102 277 -6889100153193616958
102 278 3657283646792758720
102 279 -2266759685903017761
102 280 -2449910674069536670
102 281 -3185645407799372561
102 282 -836232410225943653
102 283 1011853922261387232
102 284 -6325731392370981052
102 285 -6332586045206989304
102 286 2308294005307257157
102 287 -7752212354419499639
102 288 -2581317787260010121
102 289 -3522239659032291534
102 290 -881873395603517825
102 291 -7149284099973243461
102 292 8696955750029627499
102 293 8685446238750613796
102 294 -132358178153539057
102 295 913802940612065201
102 296 7310341525315355333
102 297 6717514404696887129
102 298 8033975564719689682
102 299 7159531060640679703
102 300 3117914327489712980
102 301 -3342842702835759243
102 302 -8829832697045199045
102 303 -1910718825906709407
102 304 3280244375968387198
102 305 -5790324344754500636
102 306 -3244124775275992366
102 307 -7664605538259208688
102 308 -6320774200257531545
102 309 -7997927794921186627
102 310 5158960034329470347
102 311 3341322727797436693
102 312 -1519080026775156165
102 313 -6921174736273872754
102 314 4100803897933022357
102 315 6260304426941676821
102 316 -982000185817339971
102 317 4398717039684271145
102 318 3273451966573525785
102 319 -950194990708485558
102 320 -2968258717938597749
102 321 -7557693322897102736
102 322 3090480196708036093
102 323 -7358555514193820322
102 324 4550052863789413783
102 325 -5925890223980621742
102 326 -885911190238988852
102 327 5677799225783435640
102 328 1533223287154875814
102 329 -7018036234128567361
102 330 680992155549920184
102 331 6473958317551379764
102 332 2601100399043024251
102 333 -4463892558255390851
102 334 -6147780253606583074
102 335 -1685617176294595157
102 336 -6442017874271335100
102 337 3777957317735001022
102 338 6074625652790901416
102 339 -6931204920681630590
102 340 -6079013676704560295
102 341 -3221718384957670142
102 342 3897045811493738073
102 343 7135076004931974139
102 344 -6543910185172618578
102 345 -5951415260245074684
102 346 -1725793937418619788
102 347 6491648678021641063
102 348 -1649817430170322697
102 349 -9039241643425083388
102 350 2944124466160144061
102 351 -801767005210260219
102 352 -2522444436897226378
102 353 5400859882453768308
102 354 2067526948034563571
102 355 7816895342472232081
102 356 -4172153634140791758
102 357 -2451213178002059685
102 358 -7519493395672694362
102 359 4347151891972367618
102 360 8083339675904899899
102 361 2708107626093398607
102 362 -8025273812661186290
102 363 -2626175936791731357
102 364 -4945442482128833219
102 365 1132012375204516783
102 366 -2356137303315989734
102 367 -3399094682663561756
102 368 -8546938232994430562
102 369 -5904773016383584965
102 370 583928930772361889
102 371 4315248266474670771
102 372 9194789156005501353
102 373 -574022977898039267
102 374 -6848618413949916115
102 375 4440075660834828564
102 376 1878888621005713625
102 377 7753654629654347195
102 378 -4726973751132397915
102 379 5587407905626684492
102 380 -7155097170168537081
102 381 -5644154245114093418
102 382 -7399333026448041667
102 383 7757204038499970239
102 384 -2552045081644231573
102 385 -9038921432891940167
102 386 3544389545433377915
102 387 -1668123627987722451
102 388 8843141345125524087
102 389 1342930181865964128
102 390 -8630954114544040615
102 391 -4682801185240295002
102 392 -7113047473929498717
102 393 -3972079344260995285
102 394 -8220025518876409235
102 395 5444476047942724704
102 396 -880309203381231399
102 397 1538915953239948936
102 398 -6525285080710383633
102 399 1242974233553590884
103 0 4933497125128947128
103 1 -4652416929863613038
103 2 2076326597108046027
103 3 -1141909509407239124
103 4 -22704178564869173
103 5 3921815130660024524
103 6 -8946578158538731433
103 7 3461808904105441267
103 8 8389347317885965951
103 9 8819460921247867448
103 10 8719449638832232458
103 11 3774122420798258418
103 12 3532172696256360175
103 13 2980630922250605427
103 14 -8119086421505170670
103 15 5757489450149318838
103 16 7641160916851049911
103 17 1571564996718076747
103 18 330566351903249966
103 19 4974123935420032490
103 20 7512112438997192573
103 21 -7011041794842074698
103 22 -526575951642729356
103 23 472881395780414681
103 24 2339688620833256741
103 25 4186568374605541271
103 26 -5101478374091689677
103 27 9168620662267586391
103 28 1579648358465184983
103 29 -2139804591893641656
103 30 -2850166139264826985
103 31 4928990641122470951
103 32 445041238754526809
103 33 -4663265511997430193
103 34 3444972656293476224
103 35 3461835860749769457
103 36 -3934916905854778214
103 37 2047583409489268528
103 38 2875475145976141212
103 39 3147746290853933966
103 40 7178837322712975927
103 41 -2507248521235254021
103 42 -8716493805437662232
103 43 7423296799673564003
103 44 6184966571405374127
103 45 8572155725729074911
103 46 -912856705869694548
103 47 7450577725771850724
103 48 -6504571030399286708
103 49 -813089199268527087
103 50 -8374258100902848307
103 51 5827195054893250957
103 52 1267932963581143372
103 53 -4090732018255123813
103 54 8025692324526360308
103 55 -8662609837238473930
103 56 -6751419664821806723
103 57 -7614240928451049214
103 58 -2205342885173031533
103 59 4546135993595499188
103 60 8060843290481023749
103 61 8076528025036348394
103 62 8290850767021886033
103 63 -7333746652348168515
103 64 9192001348284005561
103 65 -525858555702089539
103 66 4861073663303984306
103 67 -1854816813812011894
103 68 7010148995514622734
103 69 -8456224581985801555
103 70 -6586784705660733551
103 71 -6627121215947920849
103 72 -251178107708183098
103 73 -3652429491946352089
103 74 2292723010017158885
103 75 -8341506937621182665
103 76 8569684975318458913
103 77 8714703161513266793
103 78 -2272061214495103892
103 79 2339445045502100421
103 80 1814098573873588903
103 81 -5162320864150878423
103 82 -1721767867509323073
103 83 -556396703378656693
103 84 5415223601233213011
103 85 7206984802037759014
103 86 -9177219821353693757
103 87 -1539275906532410154
103 88 1947642642431668262
103 89 -2084761303109802213
103 90 3807878981084067611
103 91 3067819090162392709
103 92 7827882545106386635
103 93 -3400589302142087807
103 94 6794135178000886230
103 95 -4357958042983766968
103 96 7954720507733678018
103 97 -8900625608822396215
103 98 2069599211126355541
103 99 8472477932594252875
103 100 -8265559769556099063
103 101 2307275734421796061
103 102 1599008677495507332
103 103 -6842159778384283882
103 104 -2768392300540436440
103 105 1387227692984657554
103 106 -1178583797981601565
103 107 6040830649694028360
103 108 -7270742888502599060
103 109 7721496017550616965
103 110 5951566443232250779
103 111 -6434874478063340216
103 112 1484120679943237347
103 113 9072871416163717736
103 114 -7578750297691516504
103 115 -6047234565292940277
103 116 -7880829487146319245
103 117 -7418339491774091867
103 118 -7749671487189331894
103 119 4733094917063690571
103 120 -8351030181158719670
103 121 5089197321182748736
103 122 4113701861150401310
103 123 3355607091749705805
103 124 6884433111853496779
103 125 1308077186435740023
103 126 4219141674579950801
103 127 3484595591586872499
103 128 -6823446857482476016
103 129 -5426074530641284527
103 130 6296001364953825912
103 131 7430959106119995971
103 132 385707717123226298
103 133 -1936106847408904091
103 134 -7144166194668014416
103 135 -4853899917026462335
103 136 -8969572067999843196
103 137 2179085835715299713
103 138 230665773286376875
103 139 -7173335379179997503
103 140 1751367712375936364
103 141 3168850380373454096
103 142 6624241857128105352
103 143 -6263471012311445697
103 144 6899466427218160122
103 145 4190763151669745463
103 146 -8021486227627701574
103 147 6593296689981195944
103 148 4890113372855594314
103 149 446453088585980003
103 150 -8044936561987838816
103 151 -6647480333028321331
103 152 -2054018773021969714
103 153 2272078401598466657
103 154 -9148750898063858528
103 155 -8577994303745222978
103 156 -8279833479741629854
103 157 42424928586005590
103 158 -6789469607787188918
103 159 -7984645625410028576
103 160 -4089396047818288788
103 161 -7202772064713030162
103 162 8311780068983110568
103 163 -6311346942711480237
103 164 -4964994071255903718
103 165 7335546859975174838
103 166 -8145003966673948404
103 167 -6511323880818176243
103 168 -5004077921688049605
103 169 -2381855442328722719
103 170 -1904276055106739721
103 171 339339311228491466
103 172 7081375153721861169
103 173 8538456167008959870
103 174 -8581069488782008978
103 175 959625422306509076
103 176 -4966898400630564633
103 177 -7750225106688747815
103 178 -7897747550240965729
103 179 6900245727940840014
103 180 -6233277787007388074
103 181 1693623634664248310
103 182 9092477215632538914
103 183 2603473967003100706
103 184 -663332966058279888
103 185 -3147290543890575386
103 186 -6301425881075180737
103 187 -2285740948880467864
103 188 2377409232546727261
103 189 5623771997271623327
103 190 -5649183926806120912
103 191 2996330572984571417
103 192 5889435175023580409
103 193 -3565270072572236607
103 194 -3350032234779455679
103 195 -367308720064171207
103 196 -4616787204885784119
103 197 2631559902870429869
103 198 -2837061487302205530
103 199 -5873838346638946789
103 200 1682717988789142822
103 201 7884239151040987123
103 202 -5762501268952711125
103 203 -4478871024501338505
103 204 3609161158122999668
103 205 -2310368636492508161
103 206 -2450898483912463560
103 207 -8397895761510240908
103 208 478497831991171753
103 209 2909549418866310834
103 210 -1877910003234586512
103 211 329846878820123283
103 212 -8190007217514972239
103 213 -2299791276285114105
103 214 3546793133269696217
103 215 5801834325645217997
103 216 -960724021714076288
103 217 2802392521789157183
103 218 2897122491426894419
103 219 254215631175994551
103 220 1725245073899952674
103 221 -3694158748915768181
103 222 8191971652233789026
103 223 -1164694083503405559
103 224 -7728253981545316040
103 225 -6352945915062324168
103 226 -7043594580391833864
103 227 -9131601390332633856
103 228 -4390786760704362378
103 229 8916766881841947943
103 230 -6277990514028008884
103 231 8339673893744147578
103 232 7822323964446668428
103 233 -5845234992867227780
103 234 2245948342085788619
103 235 5261517889190830376
103 236 -6490041512358862234
103 237 -868680527426952842
103 238 6982224659910435518
103 239 1995403192751055440
103 240 3325335590542141297
103 241 -5527808516613160899
103 242 5663001115714943958
103 243 5897595459373767381
103 244 2181982904994150781
103 245 30265590579767077
103 246 8557328509680051494
103 247 -5863491282852877789
103 248 8502111653207444321
103 249 -1941896219108036323
103 250 4248535477066725020
103 251 3246155634742959142
103 252 487438836071863360
103 253 1579180818971961021
103 254 7163749911519679462
103 255 6256276549535640472
103 256 7619662192737137462
103 257 -8768674295428194207
103 258 3795994651703198058
103 259 2754505244674890242
103 260 -7442970085314088283
103 261 5961785886378822184
103 262 1849102437579846747
103 263 5138110613355449631
103 264 -7779157298164457342
103 265 3077754329761683922
103 266 7544297553388391597
103 267 -6292363745533653754
103 268 -1207000387180675265
103 269 -2056711497263995858
103 270 4639937802585522367
103 271 -5675713628548324047
103 272 -2985111415257735782
103 273 -605299978436333377
103 274 8540507514665476092
103 275 8192831114559875743
103 276 6010907090031208001
103 277 1846661030154576904
103 278 -5122284078129781005
103 279 4390957041723971483
103 280 4834864272909767979
103 281 3619651372298592043
103 282 -6211089133130994825
103 283 3865597538758346069
103 284 -1361295263977917824
103 285 -7548296759597880659
103 286 6053832794229712210
103 287 3355237715521859066
103 288 -8591385149876129168
103 289 6926723547522680919
103 290 -2248299469589571139
103 291 2180356213514329457
103 292 3569107990429857920
103 293 135113291392432155
103 294 4901363793158466421
103 295 4729147722441858367
103 296 4300713224964742782
103 297 4973582023443309957
103 298 6247148272854631067
103 299 -6559943052931484456
103 300 -4826580638845952132
103 301 -7288639116277559237
103 302 791476597552301799
103 303 -3512577192494249277
103 304 -8259547504195753195
103 305 6113535074615131587
103 306 5671774859980418092
103 307 -106593001365674735
103 308 2189393804046383002
103 309 -8343986601354081300
103 310 5463841731507616164
103 311 6059450018089908823
103 312 8674946882560211396
103 313 2247922980535367892
103 314 8082028053654810009
103 315 7852954081662748142
103 316 7949220431131399900
103 317 8944186140908925251
103 318 9025113757493579159
103 319 6763953344134534903
103 320 5067851596387867214
103 321 4403512053932839141
103 322 2771695772197676890
103 323 8271427519946525351
103 324 4677894143096424590
103 325 599312482693843631
103 326 -5050776135852823454
103 327 8608491458422008013
103 328 -8326322371580646667
103 329 -1281940177185769553
103 330 5679252206387151641
103 331 2029902926891021890
103 332 -9127578930545240084
103 333 -6826103482852444756
103 334 5383151156209097270
103 335 7887784289410440005
103 336 6130120162289054931
103 337 2731553966237356592
103 338 8375810594300906695
103 339 4733420920537594119
103 340 -7626210769974190201
103 341 -2304700664862517494
103 342 -6089224229265187230
103 343 5446449025584908114
103 344 2283341169900686684
103 345 -7660846379595079706
103 346 6018331901901929214
103 347 -70247673299245146
103 348 1073469368735503326
103 349 -5870379103743575418
103 350 5290609014468438472
103 351 3119537907947806422
103 352 4150433154383098089
103 353 -1595408817295458112
103 354 687782570464616537
103 355 -8120741920315086025
103 356 6616658483143210064
103 357 -8337604038294838018
103 358 -5239993731486369797
103 359 194195989922703514
103 360 -1026867369099859090
103 361 6184451571751472675
103 362 5475149629764651206
103 363 2707897676276605350
103 364 -2510004223641516977
103 365 -884321021810949842
103 366 -8651154747251818885
103 367 8769631062842721855
103 368 -9180681560935559391
103 369 -2018885924212539937
103 370 4316760085521108754
103 371 -7824854731388449268
103 372 -2592324344803402975
103 373 -4984183274034005330
103 374 4565109537280529186
103 375 -1266767363259738705
103 376 -8922426264718348376
103 377 5346866615606629702
103 378 -124523789485248173
103 379 985645099142445678
103 380 6191522829319675903
103 381 6216698553976015928
103 382 -6970249648929927379
103 383 1763971729824764456
103 384 -5980837249511840786
103 385 -4237366478143381281
103 386 6890290442229232337
103 387 -6207932644812307603
103 388 -1992972305800057149
103 389 -8390940547556499419
103 390 2782642094985424920
103 391 6501784909984874073
103 392 -5927922645639526008
103 393 6583663229757444328
103 394 -4910174621570527397
103 395 -6116933063871997145
103 396 -3252575026723591473
103 397 1518260971860052534
103 398 7876562719898980299
103 399 -746069372823075491
104 0 4585401603060721096
104 1 8424930906238095740
104 2 -5463218651008896357
104 3 -2808783811409258971
104 4 -4077658905047677622
104 5 -8558432328190751253
104 6 -7280482814125486595
104 7 7703148165338709576
104 8 2393971534541727815
104 9 2832465519398364790
104 10 -6631567717941139217
104 11 3562159814438773023
104 12 6901593049573282261
104 13 337635137485458948
104 14 8207072212840518353
104 15 5561668158085020842
104 16 -8294799099248607997
104 17 7362497056784756324
104 18 -2193982586791760110
104 19 3248463563981080902
104 20 3579305829815712540
104 21 5172239908348972606
104 22 2321252479744147521
104 23 3532301431027061592
104 24 769254563315179629
104 25 854056355935687345
104 26 -6692708100124549341
104 27 3647414974105770628
104 28 815181877227744837
104 29 -1883396836573911046
104 30 -5741183015703840614
104 31 -509718284887485811
104 32 5867236134076622641
104 33 7838716400421598657
104 34 -328527865103900834
104 35 -1847286495114881104
104 36 6320716928563347668
104 37 8411549017621525331
104 38 1114179961396890087
104 39 1257550028509755136
104 40 -4845609862462989190
104 41 -8005520263750147526
104 42 2005017614221029940
104 43 5586742711026497737
104 44 4292206286175385013
104 45 846833019771147455
104 46 7380327504557653404
104 47 1738176650014910651
104 48 -3816069355450962952
104 49 -414019933129675422
104 50 3828749837462999835
104 51 -727718790290671984
104 52 3748157736217997515
104 53 -8928605852900060563
104 54 3363123521763600869
104 55 9099955863677755402
104 56 -5217593264460537992
104 57 284966185001521360
104 58 -3750172624211517954
104 59 2111578261723263534
104 60 4026144826067343727
104 61 9022040029172943962
104 62 154516811766956744
104 63 -3284160251815685131
104 64 -1448960875994378541
104 65 -8527867769118674600
104 66 618072434602416272
104 67 4424407907805711253
104 68 -7770673414004280763
104 69 7742755531074796110
104 70 716524180245878295
104 71 4336661752192191198
104 72 184062947181451095
104 73 3287006638222722883
104 74 1871882105505042451
104 75 -8000362434282855572
104 76 2436462536712904489
104 77 7399264892205324328
104 78 -1991647175593595964
104 79 4300826191942192547
104 80 5704282913758941432
104 81 6709275384345946201
104 82 6717448273453439823
104 83 5792596879327098660
104 84 5040221202892056303
104 85 906484953516554117
104 86 3780374487048346611
104 87 -8024356943291153131
104 88 -5311498340708658411
104 89 6635746283884340440
104 90 -7484089440769291477
104 91 8412054787612035027
104 92 -917455795338635948
104 93 -2150553685934862024
104 94 3449995304536509703
104 95 8052323309737143012
104 96 -1822913505985426863
104 97 6492942848309050504
104 98 8012044444047904868
104 99 7927934801617151589
104 100 -2376461181550336262
104 101 7217393324744133651
104 102 4521915971755785114
104 103 3990426595803877051
104 104 7072520979436901220
104 105 6741105438682598382
104 106 2915553888582925114
104 107 -6321226058928807023
104 108 -2187369463114705164
104 109 2539924231713056117
104 110 -8832446194320365979
104 111 -6292298212570814243
104 112 335744079754610178
104 113 -6654142752412729310
104 114 2283350362997116504
104 115 2750062277763796814
104 116 -1665457887572934561
104 117 -3475034204495236988
104 118 4095096758659698818
104 119 7569322109882896130
104 120 7737538222161858620
104 121 2232037526099017142
104 122 6700421129270130913
104 123 1841428005259245892
104 124 5795777943258510855
104 125 1888625006374849541
104 126 7264176955509690162
104 127 369159730764254953
104 128 -8414787489106229762
104 129 -8518902826285452385
104 130 2752544477308463060
104 131 -1959087769481316423
104 132 7581531433049979456
104 133 -2146769022900530537
104 134 -5620351680414915762
104 135 -5939827035065376364
104 136 -2302984890651614041
104 137 -8949859926641922285
104 138 3827413778622998890
104 139 -4678674484206798026
104 140 5974866648906401257
104 141 -5474263196107950236
104 142 -362103786765074865
104 143 -7805885126188141046
104 144 3637494189273755590
104 145 -3638622858481764345
104 146 -8555977330975794723
104 147 -6006611730260824245
104 148 6970553761016406497
104 149 6061044590420985168
104 150 -1412776449648325729
104 151 384706790236239766
104 152 9098515620017957930
104 153 -2754813027529188696
104 154 -4280291091598330451
104 155 -7824980072099040441
104 156 -5345470063086540287
104 157 7194344636408371464
104 158 6593760964815687473
104 159 8818667800293908141
104 160 -5178921660117507531
104 161 -2849295736711117975
104 162 7620277235281456122
104 163 -837488918998311770
104 164 -2159310772206430082
104 165 4924415151783721974
104 166 -3325232613882860090
104 167 -1749917047166295561
104 168 -8027639872669870807
104 169 -7222894629941174052
104 170 6727170250854440565
104 171 -4413938407115617069
104 172 -8472499792138878828
104 173 8079222859626384378
104 174 -8424076891804535614
104 175 -2179928318802377057
104 176 871902758912107827
104 177 8099195855816817344
104 178 -1815108704517874769
104 179 -8652241685744857626
104 180 -7976752366018063147
104 181 3685436938298337527
104 182 -7813615073806300817
104 183 6918897497934686727
104 184 3711479587216532771
104 185 -4630109421329106078
104 186 -7586602513663865352
104 187 -7691314893855352001
104 188 -5224227765514888166
104 189 8900573503496088920
104 190 5959949416940365823
104 191 6589353020999236851
104 192 6102974168957891296
104 193 4474718704394121139
104 194 3715827116896096247
104 195 -7128114225482743187
104 196 7437175694904594954
104 197 -5029381578466624815
104 198 8961120428270129352
104 199 965211288713978221
104 200 -4555943959174580106
104 201 4765103069396497551
104 202 -7666255240252659094
104 203 -6320155894511747889
104 204 5655121882741462557
104 205 -4693997612941122339
104 206 -3356695309286780800
104 207 -2046599331053800884
104 208 6064280855132888684
104 209 529568843353839878
104 210 4631039372075151950
104 211 -28941737564138096
104 212 1440327328374239763
104 213 -937351616860610723
104 214 -7131156437588380792
104 215 4970113981696154252
104 216 1871430820718062830
104 217 -31802344520230231
104 218 -1607570872358323896
104 219 2277909442641473950
104 220 -145665156252408325
104 221 7517949616540953610
104 222 1971553907928028434
104 223 7360460492702342829
104 224 -4097367113988912827
104 225 6302741178557054630
104 226 6923194084768756144
104 227 8868091861290350309
104 228 -2498932838379747055
104 229 -1334264574922965695
104 230 -3336653138317137632
104 231 7338879759609750539
104 232 -2506252340307132245
104 233 -566549085334855309
104 234 -8151116091961113236
104 235 8281187037399063147
104 236 5079142480979679423
104 237 -4719236323021268258
104 238 1095189650988585575
104 239 -849522678700081642
104 240 8329197688952699382
104 241 -2498936286570248240
104 242 -7973495479442736730
104 243 1717604238516888409
104 244 2340613764760534267
104 245 -8745925834631154970
104 246 9109260952935541607
104 247 1225275551453371239
104 248 4060081058042251321
104 249 -6194137724638758135
104 250 -1139174863151129772
104 251 -9170653216750208717
104 252 2169308286752114317
104 253 6741508929484263346
104 254 -987025447620782888
104 255 8311804233020639788
104 256 -1098290886939074820
104 257 7255016559210676829
104 258 4337764327246825509
104 259 -3732076196987267604
104 260 -1119188972603100551
104 261 7369785992504735271
104 262 1288274515628154148
104 263 205332765197644173
104 264 -5569866609658807420
104 265 4086589100978677005
104 266 -6630253048519321459
104 267 3109383311361375305
104 268 -5993918106571621512
104 269 -8567537202334703657
104 270 -9112601301412860906
104 271 -1363890313972003777
104 272 1887500081869122535
104 273 -142798091860236429
104 274 6150774033347490721
104 275 -7429629345052342443
104 276 -8275884625098555196
104 277 5472188859633376936
104 278 -2218310434919507372
104 279 6479837895835161491
104 280 -257055482983845282
104 281 -8491231983504183563
104 282 -4100029035304345758
104 283 -346582208315686271
104 284 3045775206765846986
104 285 7964959595892465091
104 286 -215568315346316358
104 287 -4264059558864474578
104 288 3961561834287836697
104 289 -7524138968628534413
104 290 -85840551120136710
104 291 3446248026908525254
104 292 -123238808792547568
104 293 7632501417214232286
104 294 -168496843119039998
104 295 -4463203473203599489
104 296 3757455769941370974
104 297 733626781694346757
104 298 4740484215627827965
104 299 -6161426142329588673
104 300 8912306734196678567
104 301 2232325939321769458
104 302 967177244503291648
104 303 32871992997979591
104 304 4316962468557923027
104 305 -1904526846777654136
104 306 -4695425522997524511
104 307 3130021231894410251
104 308 2142665286588523121
104 309 -4704330535241143631
104 310 1889271388757701462
104 311 -9101088025599287763
104 312 329086805595284458
104 313 5406120749143865899
104 314 1551173702666972846
104 315 6103546342064964967
104 316 -5740386275850157922
104 317 1469793659610730395
104 318 6006490489953140975
104 319 -411955303803647588
104 320 282348120566678688
104 321 -8055543416510489344
104 322 -5170879117782444399
104 323 7645793652754311308
104 324 8213999752543478590
104 325 -6284457123089091565
104 326 -8136321185248043947
104 327 175104578691734819
104 328 7594891653557766694
104 329 1440313554565185652
104 330 1725223361058540740
104 331 3425082361373626676
104 332 1117270941735206148
104 333 -5227614143491061882
104 334 -25733303090309842
104 335 2343243549923920765
104 336 -745203731597266900
104 337 5365122445923457764
104 338 -4395644032304425563
104 339 6846713105971432176
104 340 -2769522427343897348
104 341 9163251247625462260
104 342 5867840790850648970
104 343 -265189045728044292
104 344 -1872155658383425403
104 345 1533942608578377912
104 346 -443988753178061494
104 347 -3641139920713932642
104 348 -5866100357493594151
104 349 6614947655551270702
104 350 -2137270127548943929
104 351 2457603781139158643
104 352 -1969326712093575954
104 353 -2917797199234550673
104 354 -3594301766427600470
104 355 -5516461367227507280
104 356 513440439241219654
104 357 5298372230431087227
104 358 -2579171324841239177
104 359 -8166109318388333458
104 360 -2057361611657426302
104 361 -5724728306297766663
104 362 9219470520973092707
104 363 -5157885868560016714
104 364 -842141408801937328
104 365 -790777576536331722
104 366 -4957608528772080257
104 367 -473051090328925484
104 368 -5566341730518568291
104 369 6510562554362734268
104 370 1803462247200753187
104 371 4987066157082051336
104 372 701093694747384188
104 373 9175961190833092671
104 374 7179991897628444696
104 375 3332362813598469479
104 376 -5943815655658658228
104 377 1292626529934877233
104 378 -1421298872851233661
104 379 5989768587605737810
104 380 -3664679295444832847
104 381 -8811227277407490662
104 382 4086003638668718919
104 383 1983268501174542160
104 384 -416585839019789858
104 385 4615782764945282328
104 386 4164313310062111746
104 387 -8095296889117814603
104 388 -3414065027913390945
104 389 4462769389132774116
104 390 3514293073156905711
104 391 7785279760446323121
104 392 -7505816492347689446
104 393 -6352950770343074034
104 394 -61697499432407437
104 395 -320654994364291481
104 396 3980777005159471372
104 397 -5255299821019500775
104 398 -4972346977690797078
104 399 -7137707901083007371
105 0 -991243601287826922
105 1 -6727413354939276578
105 2 -3579798043254887784
105 3 -7394245214940812954
105 4 -6131653958591389070
105 5 2782139213111656076
105 6 3726268069593460975
105 7 1151344500980377390
105 8 6103384633065316641
105 9 4424546859875848875
105 10 9142423174298254093
105 11 3205385452263693079
105 12 4590107132838717511
105 13 -7563318433654493499
105 14 6561832141374328827
105 15 6425560950349777287
105 16 6583321728439970641
105 17 -2309495345763138873
105 18 -2229839047960270710
105 19 -5926566007814444347
105 20 8908971471096590530
105 21 8336081803029345473
105 22 1248352814323847831
105 23 4866631768434672340
105 24 336997350028862714
105 25 -18195672860235661
105 26 -2744901442803938244
105 27 5574353973700839264
105 28 -8165138235994562443
105 29 -1288749038059888465
105 30 -4381024222513753472
105 31 57167749406540036
105 32 -4326290457763532125
105 33 5852579589801746391
105 34 -4474264084499813325
105 35 5895295793143912731
105 36 -3025126920233831044
105 37 -2095054218810460366
105 38 -5508170717087765374
105 39 -3217640845670816680
105 40 -1228688391699871054
105 41 1776998399658698854
105 42 -8818420908976279342
105 43 -1780104394757474712
105 44 5345553135097263581
105 45 8220678359379722072
105 46 6314032119273661847
105 47 -6008415114060281503
105 48 -6006479376103287306
105 49 5770445935948339787
105 50 2673260238279992866
105 51 1267639489404183922
105 52 4591354907424741365
105 53 4776292330599386443
105 54 -7127088779008781663
105 55 -2899797878557186443
105 56 4123110255013352335
105 57 2701951192217452037
105 58 8312618113138918819
105 59 -6636650302027099748
105 60 -8637198112586321536
105 61 -4060002003510613658
105 62 2763103496916363376
105 63 -4663108515367098302
105 64 7541797686109951903
105 65 -984380886814915974
105 66 -7117474714799208062
105 67 -435258125478395129
105 68 -1720914315637029468
105 69 1959807063424356838
105 70 8015092279220936429
105 71 4341650863435803348
105 72 -897775116968939708
105 73 -5977106809101942350
105 74 -4862441011885302741
105 75 193394156718574801
105 76 -3377426532917143490
105 77 3642881078464633963
105 78 -2605017537748267476
105 79 -4176782366837186816
105 80 4327134731152140607
105 81 -4957065101330128458
105 82 7909640524191050225
105 83 7368077635928786000
105 84 -2827080245570339900
105 85 -1723875269669592066
105 86 -699462584924353976
105 87 5189687877682876109
105 88 7020370631373917541
105 89 1689926951691358491
105 90 612138991239694668
105 91 6329473820889811963
105 92 -4512213449651722634
105 93 4538968392103329371
105 94 4945708864147444376
105 95 9177394984167576468
105 96 6627915201502248418
105 97 -1685852902030979279
105 98 859147045438444378
105 99 6666834922115026144
105 100 -3308425559097060891
105 101 -6175733481233162779
105 102 5927101958361351416
105 103 3323265883916739111
105 104 7921163305044661429
105 105 3193640396289369142
105 106 -3432053209797982001
105 107 4943511163074703938
105 108 7611781016502930922
105 109 8298910271542165467
105 110 -5267297984843510527
105 111 -1528195906945296495
105 112 7962166539426827074
105 113 -1629845049229393956
105 114 6538701539867182062
105 115 2634392668752645912
105 116 5666326786399480722
105 117 2852488197491057555
105 118 2871681688034504818
105 119 1914087067319271050
105 120 -5327611840997300486
105 121 -7667914629557463903
105 122 1241821556493636418
105 123 6401196615085147224
105 124 1495880414654190649
105 125 -7334465186744543573
105 126 -1829983161552674944
105 127 3698902866796087194
105 128 -3839980035888343197
105 129 -927799217423154784
105 130 6780478182547142255
105 131 -6428886484662005410
105 132 920083086848699432
105 133 6311407396804987368
105 134 -1225092653382856849
105 135 -5458581038679601786
105 136 -5075906292780129789
105 137 7057171081379022741
105 138 4673032742913669821
105 139 3820253969731028402
105 140 -9115415139637662697
105 141 -3416859729188300371
105 142 5481288071287923627
105 143 -8773015246029865936
105 144 6046365556324856485
105 145 6626894932877366097
105 146 245249877836651364
105 147 2046557422980962437
105 148 -1717067685888086657
105 149 -2286705897924415534
105 150 -8168644471842646967
105 151 7113347956149384498
105 152 -2651563127599227590
105 153 5258622917779010510
105 154 6377929803480342919
105 155 -9121807762561419666
105 156 7183585684162965445
105 157 663574917234580768
105 158 -640883449034022446
105 159 5314374244910102436
105 160 988231851959291668
105 161 8559296474273244601
105 162 -4357417107053660849
105 163 8418480215324596818
105 164 -2267215471329474437
105 165 -8793704501582030903
105 166 1575789180071887205
105 167 1665771168296809258
105 168 8940505758745203035
105 169 -7979901586013430144
105 170 -8495162705846149619
105 171 -7341879575255557125
105 172 5127327801687687099
105 173 -4871548796914054757
105 174 3272412743229258513
105 175 3746184814286239977
105 176 768627244756903300
105 177 -3472927512763331817
105 178 -1507306786965145664
105 179 -1394347862898084455
105 180 -4511422509688953729
105 181 -5710022430478351952
105 182 3980279671747304011
105 183 -5953537160767749420
105 184 713443972324318913
105 185 3239369155115112242
105 186 -6687519381347048331
105 187 -1793726116276887102
105 188 -82566077782040255
105 189 6165906432395804582
105 190 6351919107943733510
105 191 2010611455397874515
105 192 5066175796507374876
105 193 1705447336505928260
105 194 2019529259557759200
105 195 -7932826871133415350
105 196 2926231730130801856
105 197 -460291706130667788
105 198 4475272874398136126
105 199 7198139265728364067
105 200 -7944002293255809113
105 201 3604260767580907176
105 202 7741916862827781658
105 203 -5468256754559818888
105 204 -5850640921905282697
105 205 -3734369300412848687
105 206 -4413551250106666394
105 207 -7218064004890255650
105 208 7451087651183658298
105 209 4672048249773187078
105 210 34417675286640573
105 211 873196777129964284
105 212 -3118091665405701304
105 213 84953704295715425
105 214 -4184551234393902935
105 215 -1615268054558751507
105 216 3141007491119271345
105 217 4062659094641202672
105 218 4861137890447093627
105 219 7332470262756075253
105 220 7462124643339447495
105 221 8163184024486463801
105 222 3292340778785968524
105 223 5411881614686075270
105 224 -8368473099224255434
105 225 -5766189193747044486
105 226 1938806781286244620
105 227 2357038853711828868
105 228 -3417250312886038863
105 229 735913548916787671
105 230 333726674564841760
105 231 -4812004076705591159
105 232 -790434554514785124
105 233 6772419272390016892
105 234 -4125059094324061664
105 235 -3177941061195725719
105 236 -4059704682363720129
105 237 -649584091277069837
105 238 -1047233539541357924
105 239 -7286270154896198936
105 240 540267244918484858
105 241 8721996590418147928
105 242 -3370625361928931823
105 243 6688255673707915426
105 244 -8437962156841759001
105 245 5499092245946423977
105 246 3099303719868683854
105 247 1314017991407944077
105 248 -6942976007597850021
105 249 7101445006916504815
105 250 2927534416648720658
105 251 1761653831127257063
105 252 2370073094097197219
105 253 5525669808125842438
105 254 4175371043313789020
105 255 6292273505628746912
105 256 -1102205331195010870
105 257 568774111068807742
105 258 4667890130898401691
105 259 -8341884192243328469
105 260 -6050912012497659739
105 261 -3986522360020025635
105 262 -1382486917397527561
105 263 9220964388625428430
105 264 8550712656961156977
105 265 -9176343389744996922
105 266 4024072195101070477
105 267 -5163166637957364589
105 268 -2039068913873606020
105 269 -4579578928568955251
105 270 -1412102105973631213
105 271 2131283722758951993
105 272 4062012629254755929
105 273 -7066994275308733329
105 274 -8775660163207524015
105 275 8663032026505984614
105 276 7397950582164123091
105 277 -142053693477096275
105 278 2808624267133247038
105 279 8477636341972790611
105 280 -1558464353533378736
105 281 -7952379988501664662
105 282 3591071529611068983
105 283 5830634311313516281
105 284 -6956736155187198312
105 285 6944804580330988871
105 286 -7541824804238377824
105 287 -2856907045577564211
105 288 5818009337039914570
105 289 -5213677069270368684
105 290 2447774355004670936
105 291 -1705768555921974160
105 292 -1123653574993740793
105 293 3399046660559582664
105 294 -6937623920081192369
105 295 -434535691762857987
105 296 7725635513418198287
105 297 -2189930114324159097
105 298 -5736039531298304114
105 299 -960699904669008956
105 300 1075213294310374209
105 301 4087717425523962591
105 302 1956356636010807427
105 303 -5622504154181599610
105 304 4684387899151136184
105 305 -2889161231507402213
105 306 -8862941224728758660
105 307 -142378635175475823
105 308 2420033908069924959
105 309 8070297916304415127
105 310 691958097492281989
105 311 147688252642969013
105 312 -6871231919038409223
105 313 -2239910178619147144
105 314 7807468077225662622
105 315 8991581641821715219
105 316 2346066016143993239
105 317 8846689598990877726
105 318 -4732773676794417754
105 319 2284514695268380256
105 320 -1693988766255696403
105 321 -8826929743282206168
105 322 5330559974423291364
105 323 693718066366633473
105 324 -7803816360277861086
105 325 7365722177533837248
105 326 -2974525441319064821
105 327 4676909554768941966
105 328 4304643321671204405
105 329 4907505575730082716
105 330 -1835484620280858731
105 331 -4721354121450452596
105 332 8131324832502619917
105 333 -9160028797948017723
105 334 -8191627733847682573
105 335 -7959894211439943891
105 336 5944038688078919138
105 337 -7008129250654247216
105 338 -5060495528480230613
105 339 8361261423156519996
105 340 -685812220772814699
105 341 -1090277878640457001
105 342 -3144843013862252102
105 343 -1353620928339347920
105 344 7517785428938352652
105 345 -2914751281963105044
105 346 -5714695204690824126
105 347 -4930327186896722673
105 348 742426355768873291
105 349 3189456258231019297
105 350 6538851515834322878
105 351 -6808257792462522567
105 352 6057503156740477070
105 353 -8596683574970339937
105 354 8749646713988240999
105 355 -8365321097836711065
105 356 -5908586790257531915
105 357 -7982311455056165706
105 358 5039255818728737115
105 359 -1731644715993943501
105 360 -1489165669958712549
105 361 -4768064147328528702
105 362 -4710626188527753125
105 363 -7850142286169048496
105 364 -8951246403456415350
105 365 -7760595822221566111
105 366 5124611951416706910
105 367 544794095745085854
105 368 1418538105320924514
105 369 3323865497758937254
105 370 -1551007429323110828
105 371 -5097235223840810688
105 372 1114929793446576369
105 373 -8715780146129344157
105 374 8979327510214255134
105 375 913612429582970365
105 376 -7388810554052676160
105 377 -6654527840700206356
105 378 -3084095953353400430
105 379 -3966780724120608923
105 380 4876747943550653472
105 381 -8709749853554878616
105 382 3460805807058550704
105 383 405214713885694184
105 384 -8871510724139186739
105 385 -1817272891171828019
105 386 2182169787852105935
105 387 -1228575355086941222
105 388 4882974039481900463
105 389 2072819870269358820
105 390 4909470885669491202
105 391 -8529587460728703872
105 392 2610659991186668260
105 393 6283247743562132948
105 394 7466175412152069257
105 395 5463047062308004575
105 396 5941165399926252488
105 397 6108337809130481802
105 398 -5494494270150725498
105 399 6314713894531342825
106 0 -309836663421104233
106 1 -4919189841059370307
106 2 -925326864784325776
106 3 573294865132904809
106 4 2042149597533479712
106 5 -137289344586213867
106 6 4382986098835523618
106 7 4552595315594779172
106 8 8050334184936585848
106 9 -2794004961834082640
106 10 1776579556398603698
106 11 -8779835063938700777
106 12 1656670224277116789
106 13 -1579765427286555018
106 14 -1972396304036117733
106 15 -4061694561524767951
106 16 9069550392776300739
106 17 -6374291124936704952
106 18 2123238574461999365
106 19 5947842548131883809
106 20 7900850556923044927
106 21 6990021878142492012
106 22 -508303459797277408
106 23 8189824504594496461
106 24 -5032234671587146890
106 25 8657807088253614653
106 26 6148135208722001230
106 27 2719383997207568558
106 28 2107507974875128636
106 29 -4404836565875613308
106 30 -8842499861523489852
106 31 2022626496301106757
106 32 -2530332772219601724
106 33 4356481879826337769
106 34 8342222338085186192
106 35 7697520641354761625
106 36 5889114164010217783
106 37 -1220495980759190739
106 38 8015540891598114406
106 39 -6001147453833374028
106 40 -8246589288913038732
106 41 4226060845786809963
106 42 -5183098329673109688
106 43 -1888497743835257847
106 44 -6386620810188782973
106 45 -3430640924801710431
106 46 -8308363454728264166
106 47 -6620545754390229447
106 48 -7572670259625908789
106 49 -2641254415769533877
106 50 5301056577410041681
106 51 6197824695786617442
106 52 -4814370681044486773
106 53 -4372017600837159020
106 54 -7087919459705801407
106 55 -1260598161789450986
106 56 2323814762518942359
106 57 6217666051809497369
106 58 -7620912192217311728
106 59 -447152585941538293
106 60 3558045813408971145
106 61 440041091870128938
106 62 3646444763887275915
106 63 -5115209381794960768
106 64 -1403159419562193657
106 65 8596503740543019821
106 66 -2763622230771618850
106 67 -6814401440685045704
106 68 -2015737347100106537
106 69 -3121464245462704123
106 70 3061901812783356372
106 71 4310548425818038973
106 72 2646375075297438999
106 73 6731615355977484669
106 74 -4380400789903897006
106 75 -3940799138651144002
106 76 16867224955695685
106 77 7541596246454609133
106 78 8620718361005764774
106 79 4102866417926119463
106 80 8459118708077925481
106 81 2450546877680513476
106 82 -8125512134867062076
106 83 8439081331470089573
106 84 -5685983835121878116
106 85 -279980920212660364
106 86 7151915264803336980
106 87 -3235028587535492924
106 88 -1565810426665757620
106 89 -4954998802572697046
106 90 -1645102154911859800
106 91 -4556530615739159895
106 92 973658742613101293
106 93 -4395398112739810146
106 94 386683250064520518
106 95 8075633246630669417
106 96 -8495915804673389974
106 97 483364591285696732
106 98 -2688786379134554727
106 99 5224642106792920036
106 100 -383845823275586620
106 101 6323104428122513093
106 102 -9110958477727347123
106 103 -3626518332319822198
106 104 -8117390263825134325
106 105 1838482998643880743
106 106 1667180511205600489
106 107 6955732002577384049
106 108 -2802473148156428337
106 109 -7745435777983548566
106 110 -5142580519070139376
106 111 7253110722617247079
106 112 -9145013225468804318
106 113 -2525726927947913644
106 114 4373036968510904284
106 115 6098344863345851825
106 116 -7255354434928396873
106 117 4607460297681330620
106 118 7530562483578152256
106 119 -588220517800671522
106 120 -5101450843106720031
106 121 1719351835141946678
106 122 -1027117410891828759
106 123 8375257362269912191
106 124 102858779496092748
106 125 758371001990844603
106 126 1541258374132726251
106 127 -2112316547352054142
106 128 2895003240285628964
106 129 -2066510734366976218
106 130 -501320122470729456
106 131 116261971586897749
106 132 3637828686004784573
106 133 -6289832312909485419
106 134 1494256084551043024
106 135 -571190389056801505
106 136 54963376690677845
106 137 -8606507059848578676
106 138 6051044675418083312
106 139 -5570410593554509531
106 140 4159956610990048127
106 141 6730017180462759907
106 142 -3356996128812811487
106 143 6619278541908410736
106 144 5502709151869990787
106 145 4745994050643793901
106 146 8363703097905014134
106 147 -6415036818457134300
106 148 -5682247082845660994
106 149 -7424981559230037208
106 150 4987898343516048050
106 151 6572487330771697927
106 152 -3967264947231997089
106 153 1489479962253038762
106 154 3749113545145231387
106 155 -4120416033775082657
106 156 -1033801049482161308
106 157 3794511036399827648
106 158 6172437376731935270
106 159 -820486550372367722
106 160 -8698355168951619868
106 161 1820321163067391063
106 162 -1285219080789386124
106 163 9031882745162044642
106 164 -3197357983222298893
106 165 6234483391850214745
106 166 9109574839254550478
106 167 -2421468913839316334
106 168 4636653724056188972
106 169 467231350989094352
106 170 2327179245229062990
106 171 -7590573753272864847
106 172 -3147738504967579333
106 173 -4922766590667907885
106 174 2465032513530867807
106 175 -4442159692693481727
106 176 8321162448757389838
106 177 -7927961232916421087
106 178 9045912515635764729
106 179 6909472025715085235
106 180 -4538920100772525044
106 181 7204405818160522225
106 182 5380682104933196405
106 183 3118099122681049209
106 184 -7635954578879734390
106 185 -8708160630368690263
106 186 -3412787242139890280
106 187 -1633522418077340979
106 188 -6770686440901872411
106 189 -5659403723105427459
106 190 4241589980176002221
106 191 -6959659544068972682
106 192 342596559969286746
106 193 -7610661083494274491
106 194 -5939594243518714737
106 195 -935851166923746978
106 196 -2424733415493662606
106 197 8927665360653491262
106 198 -234028578240846816
106 199 718554500316668315
106 200 -4942370575623503853
106 201 -6766170631534196385
106 202 -4076198833758694094
106 203 -8194832062174767465
106 204 3862699980939058699
106 205 957467212095037224
106 206 3009896844303151745
106 207 8636070587246621962
106 208 6413724078593507768
106 209 4404977438718818052
106 210 812037141533434641
106 211 2262440931945142293
106 212 5080469132095664949
106 213 8739046664466703080
106 214 7789682044195961692
106 215 -1907727569208824760
106 216 -6701407804124884124
106 217 7625853449377505317
106 218 5916154565970553120
106 219 4813755640028608530
106 220 -5593802646945516456
106 221 3626738046842304832
106 222 -3393036497558196832
106 223 -3259343065786913163
106 224 -7789415412034940353
106 225 -2227737496880605798
106 226 1432550451331904712
106 227 -8387413524423199184
106 228 7919543948129580581
106 229 -1065431089460159271
106 230 2589772566078267957
106 231 -313453132021005579
106 232 6857161299064532341
106 233 870724984225908173
106 234 -6255215998271991022
106 235 -4476755337573536353
106 236 -8488161266661971749
106 237 -616783529321720670
106 238 5492590252114105546
106 239 -2784439513660308398
106 240 -2310168919847237125
106 241 8162386034675261841
106 242 -6897888134444092748
106 243 -1048321391911110943
106 244 6774395430721735579
106 245 5312509612121345948
106 246 8393535869703268280
106 247 -4780350803163315716
106 248 5631133689146113830
106 249 -752033167968748399
106 250 -4974625882898090106
106 251 5591734892105318101
106 252 -5073984734939970330
106 253 -4676659446708851358
106 254 6855798144871250867
106 255 -5546765388180713515
106 256 6704239516009182422
106 257 1107800587766775178
106 258 4753311805897753356
106 259 3304947733351035597
106 260 8130287922401820901
106 261 -2962235835688635679
106 262 8655697325233917115
106 263 1988012675498886249
106 264 3632092972918471900
106 265 7089474766097212996
106 266 8266630945862338258
106 267 5084384967807707560
106 268 2874222829496414799
106 269 -7356252563582303161
106 270 -2348690140346743551
106 271 -8574730600950166894
106 272 -875840815676919741
106 273 4676452219305959388
106 274 -6917124198613874466
106 275 -1512748914758928227
106 276 -2402469178153455406
106 277 3343580765443900017
106 278 -7318093486695604631
106 279 -6919392082980593117
106 280 2381806735298136161
106 281 6582596985040696169
106 282 -1050076345852220864
106 283 4011859485540890153
106 284 -2862100946952573313
106 285 3124874700187354943
106 286 -4895269277378024393
106 287 -7200712590531939489
106 288 -8069037561502554270
106 289 6223860390124625591
106 290 8659456217053763723
106 291 -3326721494332145404
106 292 -8086319219295504336
106 293 -7512295574370097391
106 294 2530390260121758527
106 295 -6654719855006981213
106 296 -3309031553434624126
106 297 -8670047450174064442
106 298 2343712839889323954
106 299 -4846707873178853210
106 300 -5877163566528561389
106 301 -356936997499655256
106 302 -17469726587757629
106 303 -209784483692049674
106 304 -758376957658554672
106 305 2479016067938001194
106 306 -2795027720672429147
106 307 5114280171752337659
106 308 4938277737921625648
106 309 -5943313172388075357
106 310 7975104066989763221
106 311 8704437793497846102
106 312 5360240652027340338
106 313 -5508480781702234375
106 314 -6966144409483791925
106 315 -4451274996136682312
106 316 -4956446403964866746
106 317 -7056115978686365911
106 318 4101662112147008154
106 319 -7774684394583871844
106 320 6815521406131723534
106 321 5950315935851617330
106 322 -6893554998244138080
106 323 -6422568489379797362
106 324 -7256260498114474551
106 325 -6447385231494059558
106 326 8697548813913523310
106 327 -7275217671476863062
106 328 -8825255505348974239
106 329 -1727643737109847729
106 330 8128399988887009669
106 331 112200498011353030
106 332 6248457649345827207
106 333 7915295748895074377
106 334 4788621459278571619
106 335 2475083991953531155
106 336 -3609513642056658567
106 337 -1661237423569124100
106 338 -8674507863756113495
106 339 3635146051875625503
106 340 5635233108234453804
106 341 -618435342559751251
106 342 6001666776730013224
106 343 -7291487937789359445
106 344 770747175372029690
106 345 -2508494851515696196
106 346 8528852455079385245
106 347 -5025993695868974971
106 348 5800542068097161201
106 349 7010159705494813674
106 350 258094435413811167
106 351 4837197072014472302
106 352 -3463818882525581101
106 353 747157549638943455
106 354 2956045482008486349
106 355 -8623397642493443105
106 356 -606281340311475368
106 357 6906697279176011094
106 358 -70089829926882854
106 359 9064688630903273299
106 360 -7126957668460982864
106 361 5724155051587992137
106 362 7978619710609472437
106 363 -1845366899954235846
106 364 5845349224030023939
106 365 -8300049677289967809
106 366 7684761822329519973
106 367 7198562006678543967
106 368 -7831023269435298582
106 369 1924876332836160394
106 370 -6420643263803205362
106 371 -5481764941814925156
106 372 -7151550012352916181
106 373 4387300565487970194
106 374 5960163311555779402
106 375 -789858123832468247
106 376 -7840988669437004879
106 377 5210427682126362117
106 378 -7472298750939437170
106 379 8633296269816216487
106 380 -4539608985735536098
106 381 6054858006170021999
106 382 -5393006443543079159
106 383 -7659676683723370687
106 384 8113598384180463329
106 385 7276741709892520798
106 386 3973024075827620099
106 387 4740056509806014940
106 388 8965494187635072312
106 389 6952667768038291611
106 390 5207103782518191140
106 391 -7248395442459894836
106 392 -8529996448526866044
106 393 5616311047315737438
106 394 8246446251462149967
106 395 920155298421307696
106 396 -6091734692928120337
106 397 -98950960843623450
106 398 7563139713037169138
106 399 3861542452394315136
107 0 -4075149670047486880
107 1 -9054433030785836203
107 2 -1155365830106164443
107 3 6294883920156701368
107 4 -2890277990391224616
107 5 -4167864828934483088
107 6 -3851296064389456606
107 7 7022879812408148547
107 8 3634893603824224404
107 9 2199302545948033033
107 10 5336419755808333270
107 11 -561252795978680204
107 12 8337430353006779472
107 13 3556484167503526955
107 14 -7226503604378722295
107 15 -8956992850602862050
107 16 6654249470165493744
107 17 -5949106500934358040
107 18 3407733306080270808
107 19 5754822455395852990
107 20 -4473917076201275916
107 21 -4278064201653554539
107 22 -3950253837177635371
107 23 -9131179309902272315
107 24 -7558210049508868971
107 25 4752011269031350748
107 26 1340666018308149519
107 27 2476530777924225128
107 28 8641955859418190616
107 29 3377945226238259679
107 30 173372690038127861
107 31 -2012484289967010940
107 32 7951512832202913694
107 33 -4466770123484177749
107 34 -7801999657338948502
107 35 8244847142422638027
107 36 8137393290091543156
107 37 -1118388167923973431
107 38 -6446289085813188093
107 39 4702616427431083238
107 40 -5396860527063010550
107 41 4386589666060229826
107 42 5906998673861871984
107 43 885924372586012139
107 44 -3150825155377719859
107 45 -2793590619624890915
107 46 -4876109177032868004
107 47 -6130212277933319682
107 48 6456162140194941301
107 49 7232171044959627413
107 50 2507236743505862995
107 51 4011217595485334274
107 52 -8664071080939478941
107 53 -1453236701797275440
107 54 -8422597363607056822
107 55 -2339739912765165018
107 56 -4482243526909617162
107 57 1002878438606428356
107 58 1242334951348177316
107 59 2415293457233230348
107 60 -8558290623819182425
107 61 4613640251126045423
107 62 5152775787273147998
107 63 -1945694805415091274
107 64 -4796720170743710673
107 65 2026074247201174048
107 66 3617964219306647683
107 67 -1883858353855654492
107 68 7943058087407722076
107 69 3329227679410541202
107 70 3254294141169029443
107 71 2109199457025221838
107 72 668760910901475681
107 73 5271821608715216938
107 74 -8551988810486088688
107 75 2903939230313764791
107 76 -4036804099422014535
107 77 1468950905433322954
107 78 -1119073740175180279
107 79 -6168233110197305459
107 80 5497098406749110172
107 81 8496634865645884712
107 82 3883081366141346062
107 83 6983173623977975773
107 84 8061133061834946329
107 85 -6865770512632061334
107 86 -3633878308177284105
107 87 6426215914746504611
107 88 3160397938205550758
107 89 -6182627744810627000
107 90 8494827453850419345
107 91 -826111269772848155
107 92 -5973812869242300424
107 93 -9116900428887213305
107 94 1711509559934423727
107 95 -1565986297991060211
107 96 6160061836116772874
107 97 447416442717815414
107 98 -896374646033822493
107 99 -1756540030229677887
107 100 -4415148960275814566
107 101 -7664011698045588348
107 102 -4186429868444222888
107 103 -8839529111724228748
107 104 5118403906772402847
107 105 539728393139095537
107 106 -8994527106816151221
107 107 -3621018753615174460
107 108 -5758785849480693816
107 109 4150471602117478613
107 110 4630973066183618105
107 111 1441761356980613124
107 112 4054706948120690819
107 113 8045321078195118649
107 114 -7753783071612519819
107 115 -5604876257907695614
107 116 -6604176776284157919
107 117 5343148170757387869
107 118 -2939028721694204822
107 119 8853579374630561743
107 120 -5367527774913731821
107 121 -7061825173957050974
107 122 -6646098130903780000
107 123 9183647379204067248
107 124 -8909498452134455046
107 125 6477383944671352908
107 126 -1302696567312081194
107 127 -2344868484132911184
107 128 2976816449278445523
107 129 5472527688549997392
107 130 6689965058762778553
107 131 3121349912379293175
107 132 -7527407555443694044
107 133 8630605164542731086
107 134 -7372120571622079303
107 135 -8826710364590321740
107 136 -8108587634405670636
107 137 6171736809088180614
107 138 6660342397110779756
107 139 2331251921359109035
107 140 296277633172169464
107 141 8101151585676319670
107 142 5964558327142081967
107 143 5356765169926379973
107 144 5331004477846920051
107 145 7366422965320058297
107 146 391996700495011552
107 147 3272760354995139830
107 148 -3468913295347650729
107 149 6465042645329751853
107 150 -8749718974759913749
107 151 5361783546184041643
107 152 1231169115753677230
107 153 -1551817080987700763
107 154 -5696022661813425774
107 155 3550533339154950337
107 156 -5341882928037251355
107 157 79775470016768683
107 158 3713859824500948534
107 159 -6717459004093963239
107 160 -4046895097680357621
107 161 -6096633354991081092
107 162 -6581643661559792827
107 163 -7746928120285994086
107 164 8649962661465596040
107 165 -3523088625484099131
107 166 8098320898109394014
107 167 -3020620450775198691
107 168 5087162202448365049
107 169 5857422847382424060
107 170 -5810819449254628107
107 171 -664503332862174295
107 172 -6356632961781359001
107 173 7809401123351460157
107 174 -719666245648017891
107 175 2717780699342033117
107 176 2326328526408237413
107 177 3280476152191354162
107 178 951418651264203445
107 179 -1426244165307763768
107 180 -1838489080748624187
107 181 1189304357581911526
107 182 5887660820119390808
107 183 5055294203450496887
107 184 2076348909450951713
107 185 3805286783535834425
107 186 1900170748456555963
107 187 -6657633153548446176
107 188 1763745176550251158
107 189 -8403421084020835775
107 190 7653192112251890471
107 191 -8004010671777783781
107 192 -3532400741032756509
107 193 -6015666989543544897
107 194 2579326348434408461
107 195 -669313143598043365
107 196 3089894624941136574
107 197 8649038395549161499
107 198 -5577342024251233323
107 199 -3739447680689801135
107 200 4427541053032021409
107 201 5304659075757063578
107 202 4041367218469521244
107 203 8759175090372928604
107 204 -4564749297022629388
107 205 5358662219621700135
107 206 3777464662346771795
107 207 6621243467179645334
107 208 -8456624297334207381
107 209 -6501262578616736792
107 210 -4442751833690478980
107 211 8629240298496588687
107 212 2252713595336213875
107 213 -4495798769185065561
107 214 -8326046597703492144
107 215 -360265120880046513
107 216 -5350113218381378585
107 217 7963725944975826203
107 218 -9140868249046274724
107 219 5855221302495162460
107 220 -3002497139582817393
107 221 -1885292467443778010
107 222 -3491033767706307787
107 223 -7551165678386887617
107 224 2402048887554974244
107 225 6898752464184282584
107 226 3958353993650388244
107 227 -4412470839509886337
107 228 2310206437027975878
107 229 6719563716293942351
107 230 -4469764262100216254
107 231 6508598665509332992
107 232 -329312408943347411
107 233 4149347595473366531
107 234 -906098559188047754
107 235 -423746753194793084
107 236 3089519954281917726
107 237 -6786581821302135825
107 238 -308643533830254358
107 239 4786383849337367169
107 240 -5422826826640158961
107 241 579053467899987026
107 242 -1687699610030675257
107 243 3797133083319900290
107 244 7962794910580214175
107 245 1911853975068940473
107 246 -1744200504752010671
107 247 3619267418790186409
107 248 -7682618917646719051
107 249 5989532113889413422
107 250 -485631084985516372
107 251 -2159028180280877743
107 252 4571583205547899012
107 253 -1795513905248785582
107 254 -7732781273912841343
107 255 -7652470112269010967
107 256 -7955850875671993349
107 257 568552164692116623
107 258 7808073234870617398
107 259 -1234632228130872360
107 260 -5467013493298113743
107 261 -8754359359854646114
107 262 -3449034522422322060
107 263 9199381109207130973
107 264 -5254680637903365677
107 265 -789695300646267322
107 266 -8300209505052553650
107 267 -5956843706091282096
107 268 -7767125111132282289
107 269 -4049135816997394239
107 270 2950854753343844183
107 271 -8654425665526825109
107 272 -297086394109645198
107 273 -2091798183419467485
107 274 2769288926060802166
107 275 7881215711821287078
107 276 -1138253406941363205
107 277 6574387398480713396
107 278 2720291765650043528
107 279 8977652612751707750
107 280 6556738949533718699
107 281 -2434012307689626564
107 282 1221217398756876363
107 283 -657705914611325321
107 284 5738351710678788620
107 285 5642365017066251582
107 286 1181183504063549907
107 287 6865912340400192060
107 288 6553396181218879234
107 289 -8534047650938211924
107 290 -4319922389500526891
107 291 -304244766573149306
107 292 -8172902650092432497
107 293 4236987517820043864
107 294 -8173871777015216533
107 295 4787804695297160987
107 296 8371820693434770436
107 297 7829728103770890429
107 298 -8364261338436083010
107 299 -9091866649152227798
107 300 3689161771691521438
107 301 -3132461847084224568
107 302 -8697852579745635189
107 303 6195426225128485786
107 304 8720056439875430756
107 305 6567979535334056926
107 306 7669988814048769335
107 307 -8171786654886827791
107 308 5425719794076229166
107 309 8759576364630140658
107 310 -278030645068121484
107 311 2168542554679992366
107 312 -7518867554872499979
107 313 -1963498487798914655
107 314 -6158352908963899240
107 315 1919025973957227707
107 316 1278031116792510565
107 317 -4285659249489832207
107 318 -4326587654810379848
107 319 -8754451629616343523
107 320 -2819754732393910836
107 321 -4447385440285224243
107 322 -6408731743695673893
107 323 5466655326209466069
107 324 -2504673113505895003
107 325 -7246414968004051321
107 326 6274158605895711636
107 327 4488251820196027862
107 328 404008338583807798
107 329 -5178086979747935180
107 330 2166970847732153745
107 331 6539937294917724550
107 332 -5334233033674032468
107 333 4260316927933030309
107 334 1049671131050136166
107 335 9017037340141996414
107 336 6699343408555821130
107 337 -1570719488789424486
107 338 -490751018435521469
107 339 4162665852313726811
107 340 422840040176750841
107 341 -4497569982982040856
107 342 7017751834676460803
107 343 9079671109778846153
107 344 4097769541254288029
107 345 -5330989544701866510
107 346 -8437966237915465637
107 347 4403015341611044665
107 348 5598455786238033413
107 349 -7729395687204904781
107 350 5136246134556474826
107 351 -1248851391412376581
107 352 440256623758266743
107 353 1753907670905290374
107 354 1785195000169328330
107 355 1087964246793570991
107 356 -7447916356858352825
107 357 -4287718758369134546
107 358 -7818787125310438148
107 359 -147400723814200806
107 360 7397094694717084385
107 361 8789486349053442807
107 362 7939541406228652060
107 363 -6378855804615130416
107 364 8932215671385130198
107 365 8227881219280726550
107 366 5178780956236632062
107 367 3635243449835161602
107 368 8026575472412669883
107 369 -6533511534784540454
107 370 3900913204400103521
107 371 8339768767410031426
107 372 4250143997945545827
107 373 3879061868648142568
107 374 -832207572313386390
107 375 3499787851320127325
107 376 8293189281996975889
107 377 -3627191059143414084
107 378 5168398906461569086
107 379 -131109777246068360
107 380 -5323663570354258622
107 381 3155310851357481868
107 382 -561501143852198380
107 383 5637904761305080878
107 384 -8497158299834751938
107 385 1998375980610575434
107 386 -582851504370346257
107 387 -5188041571706474699
107 388 -1023634693215384150
107 389 -539878635823044843
107 390 1206092267316445425
107 391 -4621509723029279108
107 392 -4264319657536485583
107 393 7345159026533554422
107 394 6276434415076908178
107 395 -8118495582839100154
107 396 3538485723793882786
107 397 2057852923549039847
107 398 9144864644449747046
107 399 6546656364817211935
108 0 4359999569063038222
108 1 3672784371399964427
108 2 -4157565642152578221
108 3 -448745308993988408
108 4 2033940595171519533
108 5 4659799302085050138
108 6 2379916389731460810
108 7 6295229501921002575
108 8 -7310277202902217005
108 9 3014969717381965595
108 10 -3253044751165431127
108 11 7841726469378233137
108 12 -6016572553899818006
108 13 8226668606502061030
108 14 8558752036231367190
108 15 -431556060932584612
108 16 8286112013250555044
108 17 1265242300266653818
108 18 8831854269032184155
108 19 6380825810048855441
108 20 -4445632598348362667
108 21 -245318616678131496
108 22 -5901274505594341148
108 23 53598307782704808
108 24 -5927966691718315473
108 25 3723811439108370238
108 26 700717611719626980
108 27 -5221773151129887442
108 28 -6145461209268536770
108 29 6383050798293564081
108 30 6476972932168736008
108 31 5898301408892643528
108 32 3347262056622591377
108 33 -4714655797905912633
108 34 3503515265912459054
108 35 4397823528217822
108 36 -4441345730139793934
108 37 -7085791785825531266
108 38 8774292313868629168
108 39 -6717325257325306865
108 40 2801856408894016667
108 41 9107573800615659314
108 42 -3735528853145542807
108 43 -8727420553397825332
108 44 -6178079187568625430
108 45 -1904927085595315222
108 46 -3378750203177431431
108 47 7697007239198517324
108 48 6331141602250618283
108 49 6517141021975341148
108 50 -5837856426899179226
108 51 -635706056326236628
108 52 7553349791892841481
108 53 8253233649355537505
108 54 -4251984721406270733
108 55 -7698149388623424058
108 56 2110697833481141310
108 57 -1159084922647156760
108 58 8132725837500616209
108 59 6582404096857703690
108 60 5842205504736089484
108 61 -2760828414131845702
108 62 3290678160025382146
108 63 -8775375533034874588
108 64 -643182345379754521
108 65 -6049076464086517252
108 66 5527436593706806459
108 67 -2969379079286830555
108 68 -2150305616192967523
108 69 4813024334088992135
108 70 -6987122460983707415
108 71 5852964828787735318
108 72 8519843913126755897
108 73 -1675863036575946429
108 74 5401131247975717399
108 75 4853901264917225046
108 76 7541962253078114163
108 77 -754018702484690409
108 78 5899842610341536679
108 79 -7109356358066578035
108 80 4168334669683179953
108 81 5521181666620358863
108 82 -4675353482933683802
108 83 7943107654794414440
108 84 -1401820004885885135
108 85 -5135966531796398925
108 86 4109733768605299711
108 87 4834630757999055193
108 88 -1087552471497282987
108 89 -3371461170262924725
108 90 7437521622358653455
108 91 -431107280786708124
108 92 140972159754949847
108 93 328930352176843076
108 94 -5484218577992266460
108 95 -8370330637980096303
108 96 -1458332351991788237
108 97 5302473610973726186
108 98 -4355140503599580363
108 99 1030195633393819471
108 100 -8716948721483977404
108 101 3798953705116591183
108 102 -6528793850974629145
108 103 2660451319353679025
108 104 5557967257179454219
108 105 190569335716638440
108 106 3607420335585560689
108 107 5138639759856189222
108 108 -3116924784562340405
108 109 6404116908434898846
108 110 7093392738707973506
108 111 -6704418320906972698
108 112 -196456134876789946
108 113 -129754428082540139
108 114 -3568233452601110631
108 115 2981533182996494741
108 116 -7940148890114987680
108 117 -3013682452893508677
108 118 3371347245764335248
108 119 1111814044645526130
108 120 -8056607851874281875
108 121 2865451633583578477
108 122 413070279778981683
108 123 -1707659450652513872
108 124 -2837948806182384625
108 125 -8909738165377638487
108 126 4393808563651623100
108 127 -7364778009777483093
108 128 -1593270042163531092
108 129 -3333566788247989094
108 130 5308375498090104485
108 131 -1575203911106577223
108 132 -126245528784060237
108 133 5628871130478494636
108 134 -3928853589266789475
108 135 -4800459202145440252
108 136 -4401802041405257346
108 137 -5973481774912778341
108 138 3174964137000683543
108 139 3499766196676514782
108 140 -1658138881705787038
108 141 -6967942667846664501
108 142 -820753152600906721
108 143 -4892210180166479963
108 144 6305469040113760004
108 145 -4704088884544635763
108 146 7504611198429930723
108 147 5322309517900807887
108 148 -5052196556018532244
108 149 -7269189368606475934
108 150 -4366273964838397547
108 151 -7846438977719723988
108 152 1190208613601893538
108 153 4152117678871535412
108 154 -2189945552697461342
108 155 -7543059338831020575
108 156 6745819343569200024
108 157 5077857670037356804
108 158 -2953459200604308921
108 159 -5895265139094544549
108 160 -2284104501063903764
108 161 -3678770107676479604
108 162 -1551120680116308840
108 163 6985299842975284763
108 164 -5903186555222104757
108 165 -2132168476482558063
108 166 6424997704263221662
108 167 2859937450086448349
108 168 -4896541674196479726
108 169 -3972755001422528854
108 170 -866014200447062957
108 171 7247767898914164371
108 172 -3688030150850268382
108 173 5482959658910840456
108 174 -8297849413071325717
108 175 9112381644218800591
108 176 8799824631068896020
108 177 6572857674902340673
108 178 -4604924504662584161
108 179 -4479394388530530939
108 180 7945768094755061155
108 181 -9012378231648441471
108 182 1365382889450025838
108 183 -2709931374175178747
108 184 7131621997300017058
108 185 2219670919237942071
108 186 6326399465506889849
108 187 4701659075659524576
108 188 -3188712101213420621
108 189 -4743167967327196347
108 190 6615189934435862366
108 191 4144486759872515438
108 192 842010706362810796
108 193 3608615363295571950
108 194 2764304526405469817
108 195 -6491503107125929158
108 196 4742115611739937992
108 197 -3899135741093137368
108 198 7140329877647315271
108 199 8273909892216169740
108 200 9140002534061642639
108 201 7245439866521311708
108 202 9176085127302211198
108 203 554738911588061773
108 204 3877202913231825160
108 205 -8118175148972747895
108 206 5324945880150487027
108 207 4872671749126354665
108 208 -8894684647501782304
108 209 6059251698240430562
108 210 -2444851404839331838
108 211 454397597530286842
108 212 -4046023387678038537
108 213 2708425267748839117
108 214 -2502084057281472022
108 215 -882265937465469868
108 216 4091345936928480834
108 217 7253081025087111695
108 218 -5294719213307231527
108 219 -7017587974105360112
108 220 -8234259550030643342
108 221 496484003923755968
108 222 9054550040228556553
108 223 -724166790350941818
108 224 3805761201340698652
108 225 7580472211539524585
108 226 -60490805041520078
108 227 7558088391360375962
108 228 -4074550243889859086
108 229 -8631839171598659264
108 230 4161192571402901685
108 231 8648409252820793397
108 232 -5055087100604486538
108 233 -6583474105424039279
108 234 -1376076838846670458
108 235 -1493093954798336751
108 236 -3872455877823484640
108 237 6182133894066207012
108 238 -1748830942312351950
108 239 7257765938196482819
108 240 1812507962620396738
108 241 -6728850212441124718
108 242 3556538607567676740
108 243 -8810663495413936266
108 244 -5753951154739040615
108 245 -2480927428756069059
108 246 2699699467446458718
108 247 5853348904045091514
108 248 -418003486015684795
108 249 -3083013656603856468
108 250 2449436150726973666
108 251 -7941639667409633922
108 252 -3451422944464891897
108 253 -1102424904805686681
108 254 -325676363076662059
108 255 -7961232332718913192
108 256 -245319555959054506
108 257 423119502503428836
108 258 -2271149878709944046
108 259 -4749118221242921568
108 260 7357343811548724739
108 261 -3051220260313646684
108 262 -2531875264481111440
108 263 5671055176031473315
108 264 2662909334319341790
108 265 -6933912169171518120
108 266 -9043916154129620932
108 267 -7214259640136254907
108 268 1655809402869177638
108 269 -3845578192791255131
108 270 7879364620760899879
108 271 5342336114231485273
108 272 -2470895588467628742
108 273 -8423680488151879002
108 274 6782786733140504815
108 275 -2529271650003474963
108 276 -6647175529736234061
108 277 8173632156360529151
108 278 8763661387204053823
108 279 -5054941225468350419
108 280 5033468551595691160
108 281 2338245504047101444
108 282 9186487430633376863
108 283 -5075037147932119981
108 284 -8313997827616134967
108 285 -1917610453031113860
108 286 -990154718873349725
108 287 -8126554684691548829
108 288 1207848454995086756
108 289 -4454605183938439846
108 290 8433479395659571031
108 291 4475637742077177635
108 292 6114873679220553515
108 293 2074303432599680801
108 294 -6223669773900330615
108 295 -2215574778044501187
108 296 4817350628087396562
108 297 6627439557872560028
108 298 -6929777418792904435
108 299 -166931786617834316
108 300 -5939035869816111526
108 301 4989958010233428792
108 302 7702034860255200129
108 303 2675493000057121917
108 304 6331289995440757329
108 305 -8997135741301542899
108 306 -1129838586028386835
108 307 -4453777595969217629
108 308 -553420897706755805
108 309 437598747290221733
108 310 -4375060319516366516
108 311 303832683204027187
108 312 -4258458743562092652
108 313 -5903182827091544629
108 314 -77472765999019921
108 315 -3689589520245160356
108 316 6820352137232567304
108 317 7420498353259806632
108 318 353658644328080396
108 319 6038871056540859395
108 320 -2600240136263453104
108 321 6648018659836158805
108 322 -5131348082015890563
108 323 620502805407425783
108 324 -5543908748127467684
108 325 5151892018590616507
108 326 -3666272677240387369
108 327 3795011315170556800
108 328 7208047109851371365
108 329 -1245563953456439978
108 330 7402852490559381879
108 331 -8369931654302362028
108 332 -8222012049840013789
108 333 5874910730769761373
108 334 -4726708144124918792
108 335 9057846531149166417
108 336 3379844161045556476
108 337 3161851431317106170
108 338 -2527400209537310924
108 339 -1033426505660395119
108 340 8750750296795787797
108 341 2544333075214322482
108 342 6901096926579011720
108 343 3251468249604647189
108 344 -4972141335866591934
108 345 -2695766933583868588
108 346 3397792361111164433
108 347 -452771589801196856
108 348 6026801921898654763
108 349 260424600262461695
108 350 7910275658495051
108 351 8474344268145080387
108 352 -3232922314588544755
108 353 -9193523396989567010
108 354 -4879113903900683388
108 355 2696050137223609064
108 356 -2582765948793400481
108 357 -1239927373328674920
108 358 -6874909870931629766
108 359 1829953327508106762
108 360 407040864282904523
108 361 3498359764859734579
108 362 1182703805212915677
108 363 6183246404051465054
108 364 -9091034468927006395
108 365 -7764853551195150058
108 366 -5716956565389598010
108 367 4446463103364663408
108 368 -3788934284308122050
108 369 3141051402415396518
108 370 -2184683882515495357
108 371 -6704481603035459634
108 372 -2083893797755756334
108 373 5105664217563492701
108 374 6405933759070294029
108 375 8611867386758078
108 376 -35304201287664229
108 377 5570750004456643408
108 378 -3177010765046945309
108 379 -7764484254823844704
108 380 8692806106434668428
108 381 6061228146815932371
108 382 121720034732363319
108 383 -4660743843424809635
108 384 -3725181921638331856
108 385 2740381491035040988
108 386 -18765872314294254
108 387 2546982166827044693
108 388 -727389121145289303
108 389 7981754647040393041
108 390 -7710812055090279443
108 391 -553068617826004442
108 392 3975328899171189083
108 393 -882696119275390066
108 394 5074223605145713924
108 395 -6916229388475935837
108 396 7430915937578246630
108 397 8755935680015589558
108 398 3611490740271735533
108 399 -2159977145324297718
109 0 2473395911169477596
109 1 -8030592354322507400
109 2 -1057336725984497804
109 3 4598774815770068848
109 4 181199260803064810
109 5 690471739953257770
109 6 3793216369845199562
109 7 -6133553589881315061
109 8 8392097305074055980
109 9 -6889170502873766307
109 10 -7587997827327511613
109 11 -6954179409115849627
109 12 7510574850969083467
109 13 -93948673826152930
109 14 8681374746991260545
109 15 3780250762758039696
109 16 2719858963459019584
109 17 7838027576123859479
109 18 2224404712729972470
109 19 -417362361163332659
109 20 -1805363693508579565
109 21 1993647873100396655
109 22 -3402841537158972990
109 23 -5177022648342894881
109 24 -3566132789072945620
109 25 5778331627984698202
109 26 7556010608800547928
109 27 3342076821918237669
109 28 3598517110007377058
109 29 -7991167594946438302
109 30 -80565634285307561
109 31 -3363244783177776338
109 32 9072360605771085188
109 33 -3152967203570448851
109 34 -3054585141355352399
109 35 -7461792269705244779
109 36 -4828256712728945101
109 37 3685834180122535352
109 38 4629382214744051817
109 39 8382238869923759876
109 40 -4512287581223325372
109 41 1107532279556824129
109 42 -4982533840054179632
109 43 -3389757669665617394
109 44 5981798790906862687
109 45 -4503818518000524386
109 46 3019624402678511963
109 47 8409082846010366097
109 48 1273755223165023791
109 49 -7486090045492191736
109 50 9054310222323067924
109 51 -2816887593887356221
109 52 223638608181490713
109 53 -1048167568432019563
109 54 8616422806884145104
109 55 -459178996419598600
109 56 -6452007997225465547
109 57 3577034091913312517
109 58 8921785447413168868
109 59 -981225935388781237
109 60 -4223998404134638204
109 61 -4328601155671315972
109 62 7414534464176108016
109 63 8325206059373623738
109 64 -9115737587545761140
109 65 -7368082270103490083
109 66 6489447729684328096
109 67 -3861695815550294861
109 68 -3424552056912403038
109 69 -6907353553993325185
109 70 -6935896045376258345
109 71 -7838362193818746113
109 72 7891749191884359595
109 73 1865712283571450146
109 74 348683165809816909
109 75 -4030877154849441963
109 76 3947692415177932827
109 77 -8480560924606288391
109 78 1570508000654260028
109 79 -999026423557479339
109 80 5447576264497060529
109 81 -8464316931321798972
109 82 -2364522931538558486
109 83 7964275317054612502
109 84 335742295167079253
109 85 -2215317358922881687
109 86 2326126855472643252
109 87 8155849189255005575
109 88 -3485023522963773419
109 89 -1666383996815132625
109 90 -1972497442924982982
109 91 1293247209955067540
109 92 -5031546548916853507
109 93 -6912480022526232905
109 94 -7271435435565213870
109 95 -5070133402402186983
109 96 -977610981028300528
109 97 -3716929078724713685
109 98 1376117669592872249
109 99 5260672823786015667
109 100 -1701584811246322278
109 101 -5120375396429474035
109 102 -2349988440503457691
109 103 4168411003397073368
109 104 6034046798860366770
109 105 -6442106032506249152
109 106 3917243033492741593
109 107 84838452483554172
109 108 1784860662516633709
109 109 -1529768961525807986
109 110 9211397600074592468
109 111 6304567309360508496
109 112 -730097571848898233
109 113 -6197891902327521918
109 114 3194473693877071761
109 115 -7660289935697189293
109 116 2273110800335748992
109 117 8997704681213152118
109 118 -5221428398876616735
109 119 4973205041476891768
109 120 5824066472103494418
109 121 3602682953667218390
109 122 -7034113832167727888
109 123 -1248576651682585921
109 124 2765541520427492144
109 125 -8508381231281066384
109 126 -1941011733157279221
109 127 296909673006184378
109 128 4485304784964507828
109 129 72819839286487027
109 130 -6250260748009227977
109 131 6668559048158414880
109 132 3799542558936226700
109 133 1625355512639787445
109 134 -1773995717572008941
109 135 -6678642313398109227
109 136 2017279803989161858
109 137 5655752580551748715
109 138 3444969221429395585
109 139 6830441665814153087
109 140 -2229898027834900380
109 141 -3024173553391427328
109 142 -2734265023476749622
109 143 -1230268768584988303
109 144 4049468374880034854
109 145 3732370709239845847
109 146 -2836002345153224035
109 147 -7894237381861377141
109 148 -5284717257734116619
109 149 2128101063468702087
109 150 -7161995387582884896
109 151 1514342562869583098
109 152 6560986419575434917
109 153 -2515601905989590659
109 154 -9062721859098061008
109 155 8539415933473282026
109 156 5245376430685383541
109 157 -4331686420228058778
109 158 -663341193673559979
109 159 5047319101020371503
109 160 -5105942855185831708
109 161 2380581786735808761
109 162 1224506639287503723
109 163 6298397962565537165
109 164 -3354927976361331272
109 165 3837681076228961364
109 166 2425977153201238881
109 167 -2774083842816253258
109 168 233171569015429521
109 169 -2255796830126566631
109 170 549063332087860988
109 171 -7501325464662919015
109 172 2543384025639049755
109 173 -2718713670546930972
109 174 -217517170021014017
109 175 3577762769702720973
109 176 -7025410047154187205
109 177 -8499072345717974988
109 178 -1957796674176054477
109 179 -111176192807394312
109 180 -2615533820286177641
109 181 6742280062623502407
109 182 6223073813835930840
109 183 -2567449323090433231
109 184 -5896137924576962505
109 185 -4949586479778435964
109 186 7267356023168361090
109 187 7843592589755999795
109 188 -7858897514590405550
109 189 6112031191773123012
109 190 6473218649163176181
109 191 -539102764088482534
109 192 7417866188160551251
109 193 -5027025609285704968
109 194 7919336660934914918
109 195 8574440922728631963
109 196 8248224998296655136
109 197 -6601737885306350194
109 198 4869766323459459921
109 199 -8701587792378388462
109 200 6649077870156300067
109 201 2903490081244864933
109 202 6488498463007602504
109 203 8649163341705478640
109 204 8323460268047172065
109 205 6309162235232813281
109 206 4030921101515652866
109 207 2752087729364987344
109 208 -1992862013517901823
109 209 -4160716552933977772
109 210 -2535721916974396729
109 211 61446193477135991
109 212 -7513278625564875075
109 213 8371194093218944595
109 214 -362571872154979143
109 215 -58782695765838996
109 216 884982474458595274
109 217 -5382854866357025008
109 218 -1944755640174088734
109 219 -403940218603824437
109 220 -643989421106706577
109 221 683112846250802159
109 222 4802087993075353876
109 223 8527596434486843206
109 224 3321548908410206172
109 225 -9011791996764246296
109 226 3131265414269134858
109 227 1183125891361315102
109 228 -1907465569864629277
109 229 -5388623219494745243
109 230 -8362630516496999603
109 231 -5088382753888631348
109 232 -1730992868171231327
109 233 -2997077419076337066
109 234 7161078717095476609
109 235 2135187371477431254
109 236 1979452213071288216
109 237 4478375675259100973
109 238 1857612816802913302
109 239 -6459101029403184500
109 240 -3306046900035800522
109 241 -8688654304985042218
109 242 -1975050071020573409
109 243 -218367978219220143
109 244 8441447417526761959
109 245 -6796462256676609447
109 246 2830706688128258131
109 247 2824126911352085384
109 248 -3256084414531089008
109 249 7588620401132262895
109 250 1214714165855008809
109 251 -8018764153942559409
109 252 -2952247078941087730
109 253 8853686285182651741
109 254 9109824466691802656
109 255 5523434977350443721
109 256 -542589314563689411
109 257 -1678584401270682089
109 258 -6834797711441204775
109 259 -3844238143732934657
109 260 8564182288740800387
109 261 -8587110613497907151
109 262 8855955150201141790
109 263 4051880634663120068
109 264 3040921632744621209
109 265 -6064366571312179478
109 266 -4961767298281937136
109 267 8863589659914415009
109 268 -7005368244543252233
109 269 1983090891782786634
109 270 -7244193929672919959
109 271 6211750074097078145
109 272 -6639807928284532274
109 273 2625142281015766822
109 274 -3696317935295626530
109 275 -6021253069265678029
109 276 -5131472874090158513
109 277 8675356737657922526
109 278 -8114136522272014942
109 279 7469501640802526276
109 280 -1626360055487852889
109 281 5498115190874375858
109 282 -4749794644697019574
109 283 7148718442962552734
109 284 242744063180931823
109 285 -8901813400256442469
109 286 -61882293033576949
109 287 6108699324379872300
109 288 -498032049087233798
109 289 4613106236407100759
109 290 -6804707090334718389
109 291 1018987259186835303
109 292 625610113637670933
109 293 -9020433715867120534
109 294 -8156539149960556646
109 295 -8010081644756039644
109 296 -6140773422275361856
109 297 -171129745949125762
109 298 -9032572093636872069
109 299 -444132267005251314
109 300 -7300278683504033052
109 301 2395939010040560001
109 302 -5936180976152639155
109 303 -6206497304759177104
109 304 7403017684849562215
109 305 2854430356161658111
109 306 1271991750046480025
109 307 -2894486355464484825
109 308 -4976143515969124992
109 309 -1813874032970450187
109 310 8728550142027422051
109 311 1961416990652951672
109 312 -878545214273080404
109 313 -6907564439581766047
109 314 -4092675939808127840
109 315 -550229268843430714
109 316 3559172273705276961
109 317 -8764833646102915577
109 318 8392477687162147318
109 319 -5819087745584079891
109 320 -4619657969953875414
109 321 1118241521198367968
109 322 -780434120912230045
109 323 -2723713214156355857
109 324 5146118093660089091
109 325 198490874413309876
109 326 7027081851083810754
109 327 -4064861375923794055
109 328 5804383725835464502
109 329 -2822895369488180373
109 330 4360174457344933954
109 331 6239296809661395937
109 332 8768804282862623042
109 333 2247416783778833178
109 334 -8792299700175790884
109 335 -2840436545362411515
109 336 -5750409626222100600
109 337 7468802135200112204
109 338 -2133122813550971817
109 339 -6465280118075497095
109 340 1819747803848267710
109 341 -7451523761071366861
109 342 -1744332535823385101
109 343 773750919190215898
109 344 4807419281481262824
109 345 -8807592824926110787
109 346 -3755299325111456952
109 347 8550674248358545544
109 348 -3829856745013388677
109 349 -1234129437903280308
109 350 -1127166034617867406
109 351 4138336328368517022
109 352 7177633644814363736
109 353 8556433162580492092
109 354 -8097027787048283909
109 355 5997013188379737158
109 356 -7902780891478358929
109 357 8266625714848092092
109 358 -5555641378605022635
109 359 2922074090135135230
109 360 -3069026438158544689
109 361 -112427592303235719
109 362 2351627061579323752
109 363 -5797984638654676033
109 364 5326303878835751109
109 365 253457627199221614
109 366 1847662679188108985
109 367 -5330520625829913283
109 368 -158551961543569060
109 369 -8997765114617581489
109 370 4766041105475791941
109 371 5168540088559343810
109 372 4729158584259026452
109 373 8275942142413376422
109 374 4978989314828904780
109 375 -2958353148654317312
109 376 -2521971018457645611
109 377 -9116962010486581133
109 378 -1672619883388430952
109 379 7250946056889635534
109 380 -6987634058118132086
109 381 -414764152761433491
109 382 4011311763575918619
109 383 -2699910715711185686
109 384 -4479130265866896363
109 385 5902917664761648069
109 386 6172200772191588694
109 387 -2621042496146362556
109 388 -2628777830575064129
109 389 3875069940908691777
109 390 2847279265593741213
109 391 4115322760293964640
109 392 -993316106491590849
109 393 2388966277524201521
109 394 -967361452679848642
109 395 7003327773853897216
109 396 636750622258595928
109 397 2195421584550942769
109 398 -8269598431104347077
109 399 -5514133010694063771
110 0 -6106241832365895978
110 1 4319138274219886930
110 2 4780601108712230375
110 3 -925433260617538043
110 4 -5232448225697272597
110 5 -1956348876627832699
110 6 2340460976672451505
110 7 4738388315565498244
110 8 -5807315595488818144
110 9 687612987797295749
110 10 -2637970034564773114
110 11 -3872696105217482941
110 12 -7202008710990895415
110 13 -5350240699319836576
110 14 7690469324363904276
110 15 -5724570749246073082
110 16 2779715175258247779
110 17 3598702598904517415
110 18 -5978055317887205488
110 19 4462464671275933515
110 20 -5795838034473852365
110 21 -2726271571650412788
110 22 -4724575199371288803
110 23 -3479361958033958769
110 24 -4141454924294788219
110 25 8100475762747016475
110 26 -250515818877614236
110 27 -6450527123355503726
110 28 -2630889601529708103
110 29 1440000310867941368
110 30 -2702002501693224750
110 31 69303381599801064
110 32 8224644402045842448
110 33 -5068936268783352074
110 34 3601280320909772047
110 35 4436577224665843784
110 36 -2702719185345014436
110 37 -5491483497200470833
110 38 -2261025036863167178
110 39 6650161864938150229
110 40 -7923232052085489425
110 41 552896060492536867
110 42 598834735517458294
110 43 -5625456538352524951
110 44 -5883981934641713354
110 45 5772781821790780489
110 46 4625143309670631321
110 47 -2010892527073578043
110 48 532726147608979407
110 49 -5802103729770559453
110 50 5074282946607084112
110 51 -539674141016315941
110 52 -8628900231735493514
110 53 -5094027665055596881
110 54 -496168880346754385
110 55 7394097209910121946
110 56 8393351380255832200
110 57 6000100169405649841
110 58 1372406946664692467
110 59 5343311693910350683
110 60 -3557497059663509626
110 61 -1798255308175456572
110 62 -212397016086434337
110 63 8966703282673408622
110 64 993513113681761684
110 65 -6453294300073008718
110 66 -6965025074004339899
110 67 9213786415012660001
110 68 -5944603947671231235
110 69 7713421762191141675
110 70 3405762837486891998
110 71 -3851706492517981813
110 72 6434247324756721628
110 73 -8690275100768633468
110 74 -2982337289167883790
110 75 6954008287920578048
110 76 -4913729237238497508
110 77 -8834553693122820200
110 78 6422252931294528355
110 79 -5092018703553659802
110 80 7296946530424616246
110 81 -11277802480731919
110 82 -5170675551480345242
110 83 -2858007239161105990
110 84 -7684842472610231986
110 85 9151765874582124674
110 86 -3203187469138867450
110 87 -3579665643800108924
110 88 -3266643536439826119
110 89 -8778786250696725948
110 90 -65007365754010659
110 91 -5548310077440624731
110 92 2922716114585241821
110 93 -1807576530356347674
110 94 4352501451065418615
110 95 -7742472903735298937
110 96 -8605178629562865173
110 97 8701056380072774601
110 98 1220444263131370343
110 99 1839130873120916106
110 100 -8370719928295888555
110 101 8089353723583275864
110 102 -6282806132040994901
110 103 -5001370117127643989
110 104 -4889424923738484289
110 105 4238796817664932962
110 106 8804446508803067600
110 107 8055173294615497664
110 108 -8109678330845660384
110 109 7350706478809900840
110 110 -528564535761314509
110 111 -6102788709549071894
110 112 -1289618856207642718
110 113 8813640497627794988
110 114 7266500646063779203
110 115 6581666007924197141
110 116 -8109563708508989144
110 117 -5095277908919942914
110 118 -6993607292076712263
110 119 196888564008107496
110 120 -4544592255992343582
110 121 -2313190111740503058
110 122 -8200190314947888707
110 123 -994085397571431668
110 124 -7240007041420207206
110 125 1299677177528652546
110 126 -2170979645563748030
110 127 -1607738810303077010
110 128 1833820502665851480
110 129 -608550066066700349
110 130 7029365743440742313
110 131 1744671493148691490
110 132 -6141973155130787302
110 133 -8322952687678779266
110 134 -1881944727635076046
110 135 -585047747946186055
110 136 5794611077425540688
110 137 -6219736117537760744
110 138 -2413431189291890115
110 139 -88544874534316657
110 140 -6800414801868849853
110 141 -73100912625485183
110 142 -9221395113817637262
110 143 8489078264809042658
110 144 2758577876301444221
110 145 -356870665857949376
110 146 1513592390359228010
110 147 4829972218652517932
110 148 -4677999517932135512
110 149 8687571082116003816
110 150 3439186650613950400
110 151 1872304783937018696
110 152 5821704140552059756
110 153 -3368202852504679015
110 154 -5366250873275189713
110 155 7430308929368051704
110 156 5483536802796437615
110 157 7483729967049174125
110 158 -8909366521928555481
110 159 -3900204129040383335
110 160 -5188703789671825316
110 161 3298361802005124591
110 162 -1652050099681292655
110 163 -7136491258061939437
110 164 -30717873878741876
110 165 4783305622512630345
110 166 1717189517440546608
110 167 -9163074534400229625
110 168 5284545753940877000
110 169 -1513474148353611651
110 170 -9165288375526970275
110 171 3492821927328621293
110 172 -6573227896314995113
110 173 -1806554412025205581
110 174 8404506300475821319
110 175 868557006591080087
110 176 1194849020491903749
110 177 -4774940986286955715
110 178 7759932922862920330
110 179 -4597537390576697487
110 180 -2599934857090648693
110 181 -4002884633694311553
110 182 6911871567222684991
110 183 636877474441543733
110 184 -2422943968573993544
110 185 8971905887210874947
110 186 5083384870338679908
110 187 448052135020073793
110 188 -4889017914115708467
110 189 -9075144137659304122
110 190 -1216715606242080145
110 191 2181302479907439574
110 192 2950195423265819901
110 193 -9215169412170269773
110 194 2121021731455014055
110 195 6465820666355518503
110 196 1049550062036657166
110 197 512168300025856244
110 198 1814100140863477684
110 199 -2583134123122122226
110 200 -3968009996769829897
110 201 205643624910813040
110 202 -3718158594353344574
110 203 -6665182398957025141
110 204 -1164899889557658901
110 205 -5417447685293575751
110 206 -6055118329088174404
110 207 -7038092898082383091
110 208 3327273866092806094
110 209 2401106082527087415
110 210 -1142214821407912052
110 211 -2797445322634129872
110 212 7849836359215953245
110 213 -6609535643673623306
110 214 2854877700982051687
110 215 2148221317007199032
110 216 1623003981954989645
110 217 5179732519315827949
110 218 -7667734664789240210
110 219 -2583635932212815527
110 220 -5745733414818616416
110 221 3712172395534677258
110 222 937626446421560504
110 223 -173528585534648334
110 224 1170009148951541060
110 225 -8485959020183737069
110 226 -6919052283132485794
110 227 2931141254952936257
110 228 -5056371988842087152
110 229 -8457087982276406038
110 230 -8102999443333069630
110 231 4767542281454498514
110 232 1221898522256088246
110 233 -4626205073135066347
110 234 -839690317681375553
110 235 1029829001582617142
110 236 -8836438224238674506
110 237 -4489472029722794416
110 238 892272260759074847
110 239 -1992205438145434736
110 240 -3439860184271018891
110 241 8688011822490996403
110 242 2601097966687543829
110 243 4364309138135046444
110 244 -5220957544944382953
110 245 -6769075786572981859
110 246 -8745767888559852064
110 247 3473056611963023433
110 248 7224751090848483188
110 249 -4430483112391734506
110 250 2377431788781930617
110 251 -2959346462945817696
110 252 5012520030413153725
110 253 -1207079670415046490
110 254 1817539864169970014
110 255 6900923553260489481
110 256 4434832774959595697
110 257 -2309047871782049673
110 258 -8172834581804627346
110 259 -3569293664245686624
110 260 -392237638746073091
110 261 -3106225390761970415
110 262 2977291839603512277
110 263 -3417677189128089143
110 264 -554991711251240950
110 265 -7261829505033291086
110 266 526241804183038580
110 267 -2408749193623328821
110 268 16147281987107470
110 269 8204423482934562734
110 270 -5476749173549515853
110 271 -6289205182205276317
110 272 -8367704807697040267
110 273 -3892463463914893816
110 274 -2964613138605506408
110 275 4857464243288360653
110 276 -7971641749460670899
110 277 1783004525874055101
110 278 -3040881178359500612
110 279 7284692647444737891
110 280 -7337797013546764764
110 281 -8973138765042260782
110 282 6032005659052793912
110 283 -3749736075062656782
110 284 7275917744258912787
110 285 -4324476256774346681
110 286 4386191339759861764
110 287 3576224600677805127
110 288 4874252737395217565
110 289 3803887857591742044
110 290 -5735598894294705605
110 291 1618168796639439128
110 292 -6020376524676898564
110 293 -7086204928325828541
110 294 -2606165114809990187
110 295 7457009500776872471
110 296 8940502892903155944
110 297 7745458727957161202
110 298 -8332480206898947258
110 299 5738224778961075129
110 300 -8676571106092130058
110 301 8474769700590141090
110 302 -6513233032214340542
110 303 6709612468962009038
110 304 -7767926151948854399
110 305 -6812254304309290499
110 306 5142947341429496005
110 307 -7103615136461259276
110 308 -979011630866439032
110 309 -6423804088393333643
110 310 2046274770713899699
110 311 9144920006476873319
110 312 -5914663845537022887
110 313 -2490528080994596152
110 314 -9189574158493548953
110 315 759651248573034758
110 316 6100365030927634902
110 317 1189821975522807104
110 318 7452697814438938562
110 319 3280999718495954765
110 320 8133333868322642108
110 321 -7689836104123435004
110 322 5113364176667910842
110 323 -8377346399530835549
110 324 -1225060533542497784
110 325 7448319139554086323
110 326 6618727321540449458
110 327 -5250563319654244539
110 328 -1743677691414626968
110 329 8133712406749221287
110 330 -4463320522670897241
110 331 911439053577338952
110 332 4027491897448180681
110 333 3946635740143588709
110 334 -8553066813680577135
110 335 -2526852774005858227
110 336 -4305667048493179040
110 337 -373417688764427049
110 338 6886268792588738161
110 339 182085648715748234
110 340 -2370722168315244114
110 341 -7898092244264852011
110 342 4915178243082669011
110 343 8717472051383003041
110 344 -1438601507197678221
110 345 343121044047689479
110 346 3815458766592573217
110 347 -5200399908448563099
110 348 2365717670122665050
110 349 -3101813303255483155
110 350 4514808318755160749
110 351 7974669183956987840
110 352 -6977087432228749311
110 353 -1314584974322049890
110 354 5377892052993813854
110 355 -1157621722991864626
110 356 -3452582367686105297
110 357 8809089810907209320
110 358 792887289612346236
110 359 -1040385290423940808
110 360 8889557379286427057
110 361 2729451523147093664
110 362 -8611250848962913323
110 363 -7542476804118143072
110 364 -7242373646410622674
110 365 6773000167188508447
110 366 9060910314882039551
110 367 3371657774527814197
110 368 3795737722531206193
110 369 3555138298306915182
110 370 -2849708763963072189
110 371 -7906554795472566642
110 372 -4065347688365965872
110 373 7578827053983192615
110 374 -574069880698242610
110 375 7196971720312507470
110 376 3049640549248406745
110 377 -7083871975840285893
110 378 -6149677724521211277
110 379 -6830540667584036099
110 380 -4683135791900505684
110 381 7733913465147476867
110 382 8623133460450969057
110 383 -1921191727769701853
110 384 -8502034887503808959
110 385 -1108581423202281101
110 386 -4131283399205445285
110 387 -2752628918498972591
110 388 -6328609448685410002
110 389 3647002881850777613
110 390 -550801282057817250
110 391 7564618283676540482
110 392 -5592705689311433295
110 393 5541897119281527266
110 394 6947879080128899259
110 395 -4362778813906341285
110 396 -6333245848593132352
110 397 -2681994707283336324
110 398 1506481929636400770
110 399 3800493850377121899
111 0 1415739264207528073
111 1 -3134411289173661426
111 2 961419432529844165
111 3 686043448370393690
111 4 3733297817009959816
111 5 -4644431384877042644
111 6 7754875655995458340
111 7 -4249885711897439587
111 8 453893987264659132
111 9 -7447975143398877816
111 10 -1318789818245049107
111 11 3054074435756677109
111 12 1768650291393400026
111 13 -162457132752052906
111 14 -1701744540187329849
111 15 5508689994089492469
111 16 -2171032381655659116
111 17 6987241312558754912
111 18 -5621636171043480594
111 19 1167360955935414325
111 20 -1008231579732259570
111 21 2491844851107248513
111 22 5271676154670268199
111 23 -8178529508571392840
111 24 -6149857104329822705
111 25 1407240992943793512
111 26 3872689540199369655
111 27 -3716644034079483668
111 28 3745681864755058009
111 29 -4196128374509308590
111 30 -5037922790650505395
111 31 -6081976483201241358
111 32 6405387500573448563
111 33 5325585640455891667
111 34 -1311075042024842985
111 35 -3455695540251557953
111 36 -918160938271631383
111 37 -6686879295047300555
111 38 -9125048561818652940
111 39 8767542992832017603
111 40 -7331838482590458111
111 41 -5951591432096140308
111 42 1253718285878804413
111 43 -39637635932381266
111 44 -9209837907837870181
111 45 1471543039002964192
111 46 817205381779373637
111 47 -1611804374446128038
111 48 -4289978129527231142
111 49 4672414699989927117
111 50 -8373133126766503590
111 51 5611323067050615846
111 52 639086355878962300
111 53 2521192343827288947
111 54 -863145948781271278
111 55 7562346442714396738
111 56 -5396634953759297828
111 57 3743535158971846357
111 58 6321929646083834528
111 59 -6250068274838742610
111 60 8274749460968251571
111 61 2840362733178320486
111 62 7052400119256863870
111 63 -8660249496636734337
111 64 -5386766632001656442
111 65 -2514565911198616584
111 66 5479968122986819669
111 67 5042119314027520584
111 68 7019743625053618542
111 69 -6227497056227707876
111 70 -1935745872555770286
111 71 -5467846475967977802
111 72 4704844080801981939
111 73 -8790522058612551714
111 74 545447496785209155
111 75 -6371683187001475336
111 76 7789513576947274508
111 77 8563036077580044197
111 78 -2018721430782099278
111 79 -4785303262493035028
111 80 -7383231176330205549
111 81 -3245796336526826948
111 82 -3348452483533296086
111 83 -7077981895546673497
111 84 3198737604497976747
111 85 3574117410172138265
111 86 8113542042818827267
111 87 4481184105594527743
111 88 4151757789227278586
111 89 -3320338352641062180
111 90 -7180273606976720030
111 91 2903639160823225239
111 92 7796187746558515927
111 93 235221329345746544
111 94 -4404340155104040629
111 95 -4757552527157407191
111 96 92391637908872186
111 97 4502464116250923100
111 98 -6409728095383622342
111 99 5851095250698489028
111 100 2653242921764108640
111 101 -3347528499632352087
111 102 -6750279122129606663
111 103 885388322589579664
111 104 2015744008488338885
111 105 5888554809312263945
111 106 -4685431468576981766
111 107 3417970482171846526
111 108 7194581966658241346
111 109 -4544673551556011255
111 110 3823794030633585254
111 111 -2769891673920399936
111 112 6231638004921412702
111 113 4984831258593678053
111 114 8083377841856166205
111 115 6574968003757141515
111 116 -9133696924684592173
111 117 6510013241746287098
111 118 -7644383974379687968
111 119 -2003715457861316175
111 120 4166638775383173522
111 121 -4132491188479934290
111 122 7946939853931382617
111 123 -1808434451771183347
111 124 -7747016997160171704
111 125 2769506926861505731
111 126 594666995877661282
111 127 -287390538753098725
111 128 -9085536227088695363
111 129 -5805989938237655008
111 130 4796910013097940549
111 131 -2856223197833962961
111 132 3154522164353655689
111 133 3070990588984669859
111 134 -6233591326756231538
111 135 5468774947429248343
111 136 3785070574855682258
111 137 -2064716882464288214
111 138 -6623219685774133593
111 139 1982274762739658259
111 140 -3355142284901924905
111 141 7439874652262572594
111 142 3477678889587976676
111 143 -2017754641918350183
111 144 3191167346983002622
111 145 3929172410279595878
111 146 2666054710722653468
111 147 -7700640787170953013
111 148 -1401442406801876974
111 149 4196797666595890436
111 150 -6316652450227438444
111 151 -1578389196064161923
111 152 4701849064597912456
111 153 -5572071669778455594
111 154 -6448091278347436796
111 155 978180547822046216
111 156 4307241281187885829
111 157 2343608811724276466
111 158 -8232402027964949254
111 159 -6323159967863612628
111 160 8190549715682469117
111 161 5024360048186839916
111 162 -4615379485676598784
111 163 -1404024344308386000
111 164 447377486907862741
111 165 -2450157422340143339
111 166 529923437126220331
111 167 4647353830136070330
111 168 5532290739186182856
111 169 -6268834096662462089
111 170 2942688678639558928
111 171 187254082457622531
111 172 8289783187334475736
111 173 -572221026158457679
111 174 -6811227154999351859
111 175 7772467793999645150
111 176 -8690089951532398573
111 177 -3001989338934809977
111 178 -6912505264676306201
111 179 579720849094562316
111 180 700032017864167121
111 181 5352076701124461881
111 182 -5803579793016154019
111 183 9182344700236047052
111 184 6195587125806867479
111 185 6133929229318208556
111 186 3005349196951717716
111 187 1473894401643443664
111 188 -819526946454542224
111 189 3094965381284651173
111 190 -8095717221717825151
111 191 -4665626065112688689
111 192 9121603045489901691
111 193 4870424596675370658
111 194 -5730795080961468555
111 195 -7295660519015227900
111 196 6707601280879162543
111 197 -5030656194600818773
111 198 3890529650759856914
111 199 4258637531640748848
111 200 8917095167840059615
111 201 5410289743941727724
111 202 -6752567707295521803
111 203 -3052856750640262247
111 204 5001693639812940182
111 205 1777957777139013303
111 206 4270846193970970560
111 207 8588439058363663968
111 208 6300378907002433705
111 209 729310780340848463
111 210 -5546564527270183227
111 211 -6873556207617504052
111 212 -3152362323398441656
111 213 -6923002735049844807
111 214 -3259051666849904138
111 215 -5222481224353287928
111 216 -7423126368923849279
111 217 2929609441461256093
111 218 -3590069875922018599
111 219 -5008189370220014830
111 220 404540159806562128
111 221 -2073459463537003926
111 222 8218005144944476105
111 223 -6809826555548637906
111 224 3434197792391762351
111 225 8459294002129392632
111 226 -3145244507726258162
111 227 4256744079440590678
111 228 -7268979427213580483
111 229 3677566873514298199
111 230 8066264485311746274
111 231 -789977718717906417
111 232 -4932509899968542910
111 233 -3125221544903537694
111 234 241169721958467231
111 235 -2830947274543618459
111 236 4915889234339870288
111 237 -4497613443471211297
111 238 4793889218689725771
111 239 -355957337840112906
111 240 -3324034109474633294
111 241 348380507685333911
111 242 -2908619407020357072
111 243 -1137603285609535731
111 244 -4611788778416026088
111 245 5104286681946265325
111 246 -297306458136902354
111 247 8950578408447682258
111 248 4402029785796984021
111 249 2716785630423316563
111 250 4056787206498263502
111 251 3309184618278759691
111 252 -6207028631661564744
111 253 3230801126941567939
111 254 5164708748864730199
111 255 4596532348591529865
111 256 2870057150767069146
111 257 8100569810644782206
111 258 6924889470070539004
111 259 321945197990635880
111 260 -5140889315728681407
111 261 1514135765502194736
111 262 -653755327607292201
111 263 -5538965395222271425
111 264 -4211682332198432848
111 265 3761097689985200134
111 266 3308192537287302669
111 267 5252695192576711298
111 268 2935526445523427169
111 269 7106581541139108125
111 270 3253818047316876117
111 271 -5324565579713702913
111 272 9202895746186617450
111 273 -1576351173987712903
111 274 8303223796338270496
111 275 -3689721588191898771
111 276 -2034631362618841862
111 277 2188218220123717848
111 278 7961436711152808642
111 279 4411193831173947955
111 280 -2313499236924715683
111 281 -5565855273797416510
111 282 3598953116547532309
111 283 6924184466993068854
111 284 1387253588552644556
111 285 -8792805188141728233
111 286 1552490387061554810
111 287 -5143424306424798281
111 288 -8843704881101130571
111 289 3915748323185471032
111 290 -6138367288460338472
111 291 -2528989088754046404
111 292 -5470441128321352633
111 293 -7465186778419283207
111 294 5432755638866543173
111 295 1660843570762383447
111 296 -8047786826285060800
111 297 6818086356428910311
111 298 -4285307599253529048
111 299 3712976449037932922
111 300 8531235102739921139
111 301 7076555432377639020
111 302 2443833880995372985
111 303 4923743863213970616
111 304 -5673225579441131266
111 305 -8726290890868310322
111 306 -1482645030248327423
111 307 2312079117565858119
111 308 -4355356207189086904
111 309 -1487322337002168527
111 310 3946655259859178266
111 311 -1571030203892121134
111 312 818270418985620459
111 313 -1831154275368082186
111 314 -7684307219719125626
111 315 -9040573375746903301
111 316 -3303422084986653222
111 317 -1370317263032860810
111 318 2911100882638682853
111 319 -1113349731553069542
111 320 -995495791346416321
111 321 6098600926621117211
111 322 -5085064334835676131
111 323 6995542823000299492
111 324 -108091709630933073
111 325 -5366184203334528005
111 326 -7778074700108037922
111 327 -6756566653382426659
111 328 6684693535046007860
111 329 -9097283475513174361
111 330 -2422536823173320070
111 331 -113979794962949750
111 332 1782050324784052972
111 333 -8852203625433417097
111 334 1562774560658744438
111 335 -1684915371007526449
111 336 -7338508272988583647
111 337 7594578107400689437
111 338 -776691679035189373
111 339 8208114528204415804
111 340 -1080757784124648845
111 341 -7122064226471287848
111 342 4564459972396356633
111 343 -2728116975461840385
111 344 -4649165670542808523
111 345 -4044135832072361427
111 346 -3265313361152601256
111 347 5743331685015900656
111 348 -9081481924808682363
111 349 7591511443690367357
111 350 5323992011414965883
111 351 8448642444426526953
111 352 1449786448499759370
111 353 7130050991544072329
111 354 7290838691145125226
111 355 -791399643541391492
111 356 -2008521154574737927
111 357 7778624171564866550
111 358 7418232967014294967
111 359 -2816478363940706087
111 360 1333824348571613074
111 361 6021494276683821694
111 362 -2930730257666557457
111 363 -2375894202495314155
111 364 -6630419038418751810
111 365 -1110703376750534864
111 366 4064196393699068126
111 367 3925368158706351566
111 368 -913456643493012800
111 369 -2522702373449177771
111 370 850482233970563927
111 371 8848021627982418787
111 372 -6870762337460899084
111 373 -1575669583183866381
111 374 7850210939855958380
111 375 -2538756194356438480
111 376 5310085647466027325
111 377 939492003035095361
111 378 -2021051081162737892
111 379 7919046331991171600
111 380 9081067056880496790
111 381 2680955470207928508
111 382 -8644430462226311937
111 383 -920965645769373898
111 384 -1202352367465996489
111 385 -5006895872660742911
111 386 -2554073938990011588
111 387 -6272847315016167803
111 388 -7814740785500551928
111 389 8767692663393937491
111 390 3928937275292046095
111 391 2497859112483229162
111 392 -8377193088039530193
111 393 2451775108950382428
111 394 -4614982361553941693
111 395 1279462636029950332
111 396 -2001052806682064729
111 397 5595185429988426374
111 398 1371194236823134364
111 399 -3504914569230188899
112 0 -3007067119034013271
112 1 -5431801791553100464
112 2 -1119505270507819747
112 3 -5884310163148573978
112 4 -1317562855157951576
112 5 4834356528216590364
112 6 -915351687374767674
112 7 5328614453163925185
112 8 9112813296258956036
112 9 5006894743476957624
112 10 2829522593686560401
112 11 7006616168320213805
112 12 -3412277426947373398
112 13 3245957082584897496
112 14 -5670514955061089869
112 15 8371816212316958563
112 16 -7249117459985178960
112 17 -402954046968867133
112 18 600769545672282550
112 19 -5754297987232624176
112 20 -1049925880313001692
112 21 -3078900310421370760
112 22 4269492231966981221
112 23 -6559938089093326590
112 24 -3358768213749064195
112 25 -6861958460312746135
112 26 633641992176328374
112 27 1331595873241132637
112 28 172271740389568014
112 29 5750958734929039673
112 30 8623543080218152819
112 31 5096778466081941689
112 32 6799298541405907273
112 33 -7013727988719364892
112 34 2762583406556829438
112 35 530353510290594708
112 36 298093909319329616
112 37 1720206599185371003
112 38 -7454000654049087551
112 39 4702170877646072672
112 40 -1722039099057352803
112 41 3140039746968638976
112 42 2015947552703260690
112 43 -2528730835735632089
112 44 -3400018811965132752
112 45 2921532392367300802
112 46 8006061468750302358
112 47 -1405704542417058916
112 48 -6892642598109091918
112 49 -6448868832931964857
112 50 -4778423037204614358
112 51 2986180041392342872
112 52 -4403618917895383788
112 53 -8848366594305577929
112 54 1381813119188093853
112 55 9178863876519388458
112 56 1083149271311023023
112 57 -3865048860132719900
112 58 -4137002597590958765
112 59 -6142426418436425391
112 60 -7337740698044766214
112 61 821125264020382116
112 62 -3674230854646186885
112 63 6766398000702297871
112 64 3197006355361172618
112 65 -3186200286526658291
112 66 -3539748451253071242
112 67 -9128985040841808154
112 68 -2128366700794757366
112 69 -7556425168790871636
112 70 -4123248319789829619
112 71 1569403261972412643
112 72 -8933326357342088911
112 73 1645325259309098194
112 74 6269039049586509376
112 75 -2415348935004825523
112 76 -6193244111715759803
112 77 -2219752733359436614
112 78 -5406901989795209192
112 79 -3047126511013328038
112 80 -2164586858470516854
112 81 -1394167155870413314
112 82 -319639299314157530
112 83 -471587239697714023
112 84 5090452797146922598
112 85 6768842778999799311
112 86 4558104162957206359
112 87 -2306549399350209770
112 88 892656053770792418
112 89 -3833115033153582183
112 90 6538564886774815830
112 91 7015969791053595680
112 92 6767557476915127162
112 93 5790294176426268570
112 94 5429709189297468120
112 95 -7503837688612217559
112 96 -4864170430039327119
112 97 -4247953917880127759
112 98 -8618165180150642259
112 99 -4173213742569077048
112 100 5130284325940370275
112 101 3481949670250672710
112 102 -6401366469025748175
112 103 -6945916316375567979
112 104 3255429000809800747
112 105 -2807893847353931996
112 106 -3453929573027633073
112 107 8363292276933883991
112 108 6237905869637307500
112 109 -1960517338381495466
112 110 -5665067926235206662
112 111 -2739633932190156034
112 112 -3980754993848323884
112 113 -5446002261335523923
112 114 -8523664145041908549
112 115 3175163827719189485
112 116 329972739695926800
112 117 6889633506589291873
112 118 -5779011918186914096
112 119 8698918532119853790
112 120 -8851441957878858449
112 121 5522858504375847278
112 122 -7945935215153129640
112 123 5887311960976589752
112 124 -5925534833562803440
112 125 7536127557523496711
112 126 1844135063114416806
112 127 92997178461894792
112 128 -3204489083746534134
112 129 -7263340065340908513
112 130 -4702398985916252026
112 131 7386752603242676042
112 132 -33747207888213868
112 133 5651676018677335859
112 134 -6523680150245961196
112 135 -8515512555293587165
112 136 1103210485724216548
112 137 -3224228192435434778
112 138 -4164947291707088352
112 139 4537702499747697834
112 140 5742941114206344038
112 141 218502527069791072
112 142 241588139293656382
112 143 -2188198367450656678
112 144 -4262473303907479564
112 145 -7123409209839810521
112 146 1220097993387585598
112 147 -2257633739360318913
112 148 -4877715938867566965
112 149 3157849493083270331
112 150 2379651894780111656
112 151 3603956400336656370
112 152 -3718491958546034768
112 153 6844017004252137633
112 154 2121981536769314381
112 155 -5605043979721737852
112 156 3358328523801481241
112 157 6878298071657439014
112 158 2170909031358937789
112 159 -2987559119241443540
112 160 9161270037627603018
112 161 105321941684196543
112 162 4392074143963340440
112 163 8410614736252901621
112 164 4349906206397814162
112 165 80344472090856621
112 166 -1696928753965466950
112 167 4068696079480540899
112 168 2004091130202104927
112 169 -8452324739063784543
112 170 5423093582010110681
112 171 -4437351203493839366
112 172 -8904708725056182617
112 173 -1484014240493959354
112 174 3382820555113216529
112 175 8666099268272950810
112 176 -5190551050398716016
112 177 7893223331769058981
112 178 4321018651361656157
112 179 -2738328986504688985
112 180 -63255449328868431
112 181 -4412622867645999714
112 182 -3913411957422327765
112 183 2389757183258826043
112 184 -5716940883344471601
112 185 -5036822688422766119
112 186 -7708385279721758558
112 187 4075864911522339754
112 188 5542752589121341072
112 189 -726405712846547407
112 190 2681560557645197585
112 191 -6688673911164188390
112 192 -3162519168597630616
112 193 8682212092490903110
112 194 -4627584551162012150
112 195 -8209697638546275991
112 196 -8298439723844047258
112 197 -2491313735430001674
112 198 7834586244418760309
112 199 -2475258181509608150
112 200 2024572829576148656
112 201 -4710447985017789079
112 202 -318028728116890016
112 203 -6853817382578991117
112 204 6841383908219632771
112 205 -5888638528099831549
112 206 6749819830030271398
112 207 -1009470462071248580
112 208 2943983111108661272
112 209 -4655037846819458766
112 210 7263516657374004482
112 211 -893724776993646211
112 212 3934953511592228121
112 213 6111704452522616356
112 214 737873545960910088
112 215 -5885886030701466484
112 216 -8340388332605855134
112 217 -6205996783028932856
112 218 -3214276924399209928
112 219 5347492763582693969
112 220 -4846155333419234094
112 221 -2083240121370964981
112 222 4673567764832118192
112 223 -6391225565131486508
112 224 1943990504742383944
112 225 7453943822127163688
112 226 -1604541595028313259
112 227 339828559504882916
112 228 -7914094429839933727
112 229 -525919660435436266
112 230 2427031043943398041
112 231 7038777780007044898
112 232 6255559577577564668
112 233 2415436600305593397
112 234 2309290005695966667
112 235 189284144424463325
112 236 -5892046377642521109
112 237 -4420257759143300654
112 238 4248580203490824118
112 239 -2114356342598491249
112 240 5792958846089036128
112 241 -5577884152023244685
112 242 -1574313180047676707
112 243 650561882845042513
112 244 519975990426505811
112 245 761344626238234007
112 246 6698082243743289935
112 247 190720767279145331
112 248 -195490891299975121
112 249 179723708059728034
112 250 1279937109532979786
112 251 3760997108962116969
112 252 4905362871655203464
112 253 7629106565310507556
112 254 7049696955018547305
112 255 -6865878476750083845
112 256 -3139818997737885355
112 257 1073171669145449594
112 258 -5952572272741910959
112 259 8555415382928155915
112 260 -3627622857528462458
112 261 -1618292716612645801
112 262 -5297241945580792835
112 263 6515250542206117075
112 264 -240018801432503958
112 265 3266559523686502151
112 266 -3053281242748058192
112 267 3143192692819592501
112 268 -5824628668582090516
112 269 -3855508219073867737
112 270 5039050418326609745
112 271 7006814325488831342
112 272 4132129215685419044
112 273 -7491300304488083791
112 274 4517823213736810306
112 275 -4037711554558491035
112 276 -5748310971288772868
112 277 -3083147386862500646
112 278 -9218879571865356805
112 279 -3315063330837726425
112 280 4813485711696347759
112 281 -1172430326333217493
112 282 4259430684307179968
112 283 -1063687458781839592
112 284 1255944189448028239
112 285 -653249961864922724
112 286 -5471927199634511992
112 287 4555664774807071132
112 288 -4900448700887249882
112 289 -4382812518174739135
112 290 -6888273858194713277
112 291 -1690940758083227162
112 292 7222001159843591423
112 293 -2930622914133619459
112 294 4682795960752394254
112 295 -8378146390567036372
112 296 -4343894332933110055
112 297 -1745967160263025766
112 298 -8792842388959129264
112 299 6135704194844758932
112 300 -7491157545958001518
112 301 6657918066601471824
112 302 -2073010651495201317
112 303 -3963724563679383565
112 304 -6036775000234889064
112 305 6096169995552904563
112 306 -1751671806931207612
112 307 1737800083070360046
112 308 7833541416674709532
112 309 8143998120433081003
112 310 -4665559867192696739
112 311 -1946072811721707874
112 312 -6893443938269217231
112 313 -937570012513460809
112 314 -5439929507695153168
112 315 -7649447800189380721
112 316 -2908964914004353409
112 317 -8551700084805312088
112 318 -1678459554614242526
112 319 1897918431421891269
112 320 -2097684425881409100
112 321 3032020422184151808
112 322 -1555717167525813619
112 323 -9219141756765378519
112 324 -8780291576386050076
112 325 1296575831042930200
112 326 -117799063925098447
112 327 -73006806931630697
112 328 8541551561751863973
112 329 -3589181781795531791
112 330 4249532891626639125
112 331 -4225820254991623212
112 332 581271954128176957
112 333 8724970176754732443
112 334 719891625480039322
112 335 6808978851418019649
112 336 8540270347220790346
112 337 -2036152539532607391
112 338 -8146293673997714868
112 339 -5386330533437310326
112 340 4067266822340071813
112 341 -4667378661440026542
112 342 3525643177210294572
112 343 4884660638432502026
112 344 -4669266433661691163
112 345 7342702354941272765
112 346 -2453835841565206664
112 347 777382788083908352
112 348 7144110833359076718
112 349 -4733392732801075532
112 350 -2378129061092057258
112 351 2774653917146533082
112 352 6568074968120516926
112 353 -8437708051840308680
112 354 3756727281748084227
112 355 -5731224879273047976
112 356 7609313443634975018
112 357 -614175740282190066
112 358 -6426480896133330178
112 359 4736184092461629120
112 360 -8932678484310961781
112 361 -79213076176150272
112 362 -7403182808174199123
112 363 -324586178554811794
112 364 546157948940237683
112 365 3790491809288671950
112 366 -3567696150778244875
112 367 -4912523214376694136
112 368 -5740618371284953868
112 369 -8075988305605430210
112 370 141967118472957035
112 371 -5567012194773354794
112 372 -476238993869734866
112 373 -6133429735076232455
112 374 -3708175673029407556
112 375 1895336269186347019
112 376 2950037778885731855
112 377 -7015128917123236244
112 378 271173211411550439
112 379 -3620200963166127549
112 380 -5532655572537157921
112 381 1706840656712797618
112 382 -6436847614174220980
112 383 5831078591377273016
112 384 6856768395057325825
112 385 802930798235133704
112 386 7673546856427623238
112 387 1816161376113596478
112 388 1806003366818626236
112 389 3626161523680070132
112 390 5618766421363453845
112 391 -8793408408757730944
112 392 41068719922558188
112 393 5733716507647058715
112 394 1729517163057454772
112 395 -3999714676764849015
112 396 2422641029109170110
112 397 -345172070601238310
112 398 -5345836507213949418
112 399 -8398356670274306443
113 0 8052334914886205717
113 1 3559349977225916436
113 2 4423027788234921179
113 3 -8358035727279119816
113 4 -449755689990324974
113 5 9077829112178829859
113 6 8726419076710095825
113 7 8054964381692130113
113 8 -4452342082983449990
113 9 -6925449863957139841
113 10 3419829589800585159
113 11 -8896577463520314155
113 12 2590918699552323924
113 13 2403677155293281567
113 14 -5402222049305828813
113 15 7521088986936544887
113 16 -8877189723384481749
113 17 -6387987045229948593
113 18 -721393089695368042
113 19 2073600664390605093
113 20 -6222636694520181135
113 21 -3077873531964030046
113 22 2124667239205586533
113 23 1141806240696812325
113 24 8149800577199117671
113 25 -8311059543482852198
113 26 -6720841382321864693
113 27 -2271024337964497114
113 28 3789547277011632623
113 29 -5066751033806353996
113 30 6366806932578420519
113 31 -9126943258522972836
113 32 5019593046970692961
113 33 408931288974703546
113 34 7137603732242767559
113 35 2638468884099031200
113 36 -7350468654018397051
113 37 375559632364239255
113 38 2908563131112362645
113 39 -7475189593813591506
113 40 737849878493425485
113 41 3565628140971044723
113 42 2461321187990611116
113 43 -5860636135133650856
113 44 -2362085667189169814
113 45 -2853388663561550686
113 46 1414464667260296690
113 47 5041471719822953052
113 48 106218106861994716
113 49 -7540334418569736702
113 50 1459990916525584836
113 51 3998398203082467657
113 52 2768250406636555052
113 53 7290358981916428551
113 54 8031061453500258867
113 55 6173249658920145383
113 56 1183184305666811714
113 57 553505258335619512
113 58 5792056828193017405
113 59 -8151454937428757011
113 60 -1011371409064761984
113 61 4687413415105950203
113 62 -8221271572090263400
113 63 -5299373089755833711
113 64 8544137717626903679
113 65 9146663951570704374
113 66 945289563754971464
113 67 -4400264800926892897
113 68 -353206018949533024
113 69 1577050773286594703
113 70 -2117353163143354421
113 71 -3601072799481240769
113 72 -8206530977880246649
113 73 -4472312945470548228
113 74 1066129773494953362
113 75 -3865697932013632868
113 76 7384123603720696133
113 77 2945127142039670921
113 78 -2652214555818404043
113 79 -8093314160476565696
113 80 -2324006810495475748
113 81 4150249401232415757
113 82 3063588271319343239
113 83 -8418044421062768746
113 84 -8169179909423241534
113 85 -953904251446123428
113 86 6908583041123675799
113 87 1804496685906580932
113 88 6562255792483548504
113 89 -8929871183787938018
113 90 2081197205405523300
113 91 -6899943763304409395
113 92 -7347638906605318982
113 93 2137604757257491239
113 94 -8980097304861555206
113 95 -1895368740702147056
113 96 -2745430140787083968
113 97 -7884867857151097320
113 98 -2930627346713972628
113 99 -1419538175208624527
113 100 3764431861158626669
113 101 595255872460199411
113 102 -3576686580468744174
113 103 -2637562890188875376
113 104 8435238612862200254
113 105 2540765247558052661
113 106 -5489611952219431411
113 107 -813893013107784935
113 108 -3738909126786902416
113 109 -8652443658574296907
113 110 -4042106238320692048
113 111 -637583020441636043
113 112 -8591254812998454578
113 113 8018162611950933913
113 114 -8100631984547107826
113 115 1122065372815136429
113 116 224731483017837975
113 117 5247682190126037189
113 118 -2149832537917321891
113 119 1949547556171900922
113 120 -7962322559556272403
113 121 -5515197518715447213
113 122 3874284094483729566
113 123 -1704500048427910889
113 124 -1543477993090698583
113 125 -4732246151930442574
113 126 4015378219310221305
113 127 -4591107837023341092
113 128 7683269085178623280
113 129 -4553832724630138969
113 130 -4476095440027374065
113 131 2211666690058096789
113 132 2740197624344656888
113 133 3192075331483862270
113 134 2677138341899016761
113 135 -6889345641676074277
113 136 6124550010991673594
113 137 2137296783700120583
113 138 7869128685013880185
113 139 -6296362290238390338
113 140 1656871893065121065
113 141 7499050241194327779
113 142 -4113247485418238736
113 143 -138210144285344058
113 144 -3858172287678233890
113 145 -8773649970684341529
113 146 -1541883482109261382
113 147 5252669709986722132
113 148 5600451158155905910
113 149 2628357003742514144
113 150 -1567163273508548157
113 151 -595597599838965087
113 152 -1080603771339981820
113 153 138986762635418617
113 154 -2253551372860710469
113 155 -6064805710592452463
113 156 -5173217162671376533
113 157 -7891222016991581108
113 158 2516722904131695928
113 159 119168103333596635
113 160 5189211522117657163
113 161 3727257567221184438
113 162 -1391755471627424763
113 163 -7922064481339166154
113 164 -5254495673557735652
113 165 -4212857711537042600
113 166 -5012046835405831
113 167 512100488896826288
113 168 -8037743201752719373
113 169 -5654925473914082271
113 170 -6387774761013733492
113 171 -720694925231445051
113 172 -4531214006643349162
113 173 3433183688638700266
113 174 -9201937206316837819
113 175 3891719005959525692
113 176 -4048824275021946906
113 177 7154457860177718642
113 178 -2155223183805649045
113 179 -5439735004970250295
113 180 3733136926358984303
113 181 2329678898924060600
113 182 1714165082197139065
113 183 -2322753378867597318
113 184 -6072064040918918791
113 185 -7511537524822085965
113 186 4732823198213054049
113 187 2232137025374234710
113 188 4716454259207229477
113 189 -3965814925000743272
113 190 -4298226758327138287
113 191 -7004793000429914416
113 192 -7100653307736191715
113 193 4065903756311125908
113 194 2808441361708800438
113 195 5351327406932384299
113 196 8785615260799717154
113 197 -5951709588466538937
113 198 7952524349779114133
113 199 1120309817534650742
113 200 2353065082167224092
113 201 -5481518478596962094
113 202 7039455921257883772
113 203 -8367556116009474077
113 204 -665716410531520478
113 205 -6876360381758154925
113 206 -3308349519435009271
113 207 2590036170849330480
113 208 1528848494040844002
113 209 -6755600548429329251
113 210 -3930424617321978851
113 211 -6966553010696039442
113 212 -397288848338911480
113 213 931121305777026456
113 214 4208641639483388530
113 215 -3156868201898123429
113 216 -6739315173238063776
113 217 9015970187955673865
113 218 5901142392658542310
113 219 -3366787183718049952
113 220 7535580208554365005
113 221 3625302144596009945
113 222 -1374879529138376961
113 223 -2663195450417511607
113 224 549199906323745813
113 225 2027475364991073112
113 226 6706157334044219422
113 227 8517515346773943777
113 228 1675461901440534292
113 229 -4284485582519215190
113 230 -8320910197353386675
113 231 -3498460114255095038
113 232 7294171923578701031
113 233 -8947823922062750131
113 234 -2636488813986753662
113 235 -1182412634701490299
113 236 -2497689936017586169
113 237 -1330181627722141347
113 238 -188861156799885161
113 239 -8467061175300099759
113 240 3813179933484449356
113 241 -9027137828009148017
113 242 2945575031456971701
113 243 1332463615752647568
113 244 -1116674007094390908
113 245 7930310544169427013
113 246 5995954144343562761
113 247 6280649376306962386
113 248 4126256651303638735
113 249 8170370805379735856
113 250 -9154469566685292779
113 251 2800240655228336109
113 252 74315016470398808
113 253 5227444221453153254
113 254 1852300525383109524
113 255 -9204338177601308899
113 256 -6103883592243229289
113 257 6780002142528587362
113 258 -3170475476706889709
113 259 9010774244419734827
113 260 -869982948017540241
113 261 993491110659278800
113 262 -2551709530600783441
113 263 -5935098590140732668
113 264 -5647278085221725033
113 265 4552265542997787141
113 266 5602200938364442726
113 267 -7283559337600743848
113 268 8066920524314383766
113 269 -8098826280096833187
113 270 -231153025248396057
113 271 8440721228719680585
113 272 322046851994047735
113 273 -950644006340914939
113 274 7885276468551385856
113 275 8301756636276730623
113 276 5345605939235988657
113 277 668399672016963957
113 278 -3255106439576947671
113 279 -3899037185042099191
113 280 -406226108444695973
113 281 4404592128604082192
113 282 -1021276556809752905
113 283 6136422360193080112
113 284 -282671307754200099
113 285 -5115904701451394429
113 286 7128260386558498906
113 287 -6784616713461976960
113 288 -215727139242648569
113 289 -4235082555068361973
113 290 6054749949178948383
113 291 4180824054751655686
113 292 4093601565614815395
113 293 -7209226972763257555
113 294 3000582266236968376
113 295 6083549783243545851
113 296 370998991251556388
113 297 5826791259897931310
113 298 -299086764508174434
113 299 -4896676008803165363
113 300 -6593229783276954313
113 301 5205778560144127007
113 302 6561366991073439618
113 303 359891490461967722
113 304 3359801615086897941
113 305 4960292531646531573
113 306 -7590596758488072178
113 307 -277301375530882717
113 308 7519524163442330658
113 309 -8559562087641550310
113 310 -4378038426020101395
113 311 5220516751073446299
113 312 -1683465798776604193
113 313 -450374597991603506
113 314 4620152922635988288
113 315 6462075585138734736
113 316 5321352540099963882
113 317 -8784280324308026049
113 318 2337757691761856584
113 319 -3266232164977848442
113 320 5650676038461306876
113 321 -6224539707456162996
113 322 -8928250592405189311
113 323 -2240275467126765434
113 324 9177460296512092893
113 325 5779657871335317464
113 326 530580178303371623
113 327 8501844691640569410
113 328 -6572819843007870461
113 329 3168208770633658023
113 330 187192593689346043
113 331 -8791872237214293648
113 332 -6018969811705326893
113 333 5623939338307373619
113 334 7387246143301633058
113 335 6077328042916864366
113 336 -8381970676617118300
113 337 -7386546854128250524
113 338 -7480874575839306020
113 339 -5858667269931123835
113 340 -3024603493500728328
113 341 -7278899420081042974
113 342 1287518997617796485
113 343 -4882821920778854824
113 344 -495306442625764114
113 345 -1701671042984621526
113 346 1746670269049654587
113 347 -4230864842669995225
113 348 -6834994778428204205
113 349 -9212706243369652670
113 350 -169981492656949460
113 351 450498145085802723
113 352 -2021085345625821383
113 353 6455133844714299697
113 354 -5776105242839495400
113 355 -6212387929108102932
113 356 -6531974668499724295
113 357 -7001750084330859738
113 358 -3680136061287215464
113 359 8293715500140420560
113 360 3149627639849222581
113 361 -985648628577897662
113 362 -6985685144228688545
113 363 8054739651574576065
113 364 -3535055550753729210
113 365 7349164425628572810
113 366 2476035929977956415
113 367 5577859634746308765
113 368 -6757544406928478217
113 369 -9066107817424483389
113 370 -697457127422662512
113 371 -1203467727577697045
113 372 -7590043685947785816
113 373 4179208875541417003
113 374 2817251279325076109
113 375 563740853457663964
113 376 -5261185697514485733
113 377 -2838642385753752393
113 378 8107846302781238577
113 379 8919884143955239143
113 380 443022679673724992
113 381 7626257563289397654
113 382 -6173453416765757883
113 383 -3381867849671933086
113 384 2354752197233353811
113 385 -5089024435555279414
113 386 6896683551241494946
113 387 -1885472040983427243
113 388 -5365625831968475080
113 389 -2475813908380938331
113 390 -245242079137896887
113 391 9121065905390699824
113 392 -7330738064955836104
113 393 -8225903276987851747
113 394 5145157479264842003
113 395 -3281855045820787440
113 396 8881009008730429231
113 397 8415253176002254569
113 398 1046944124154198777
113 399 -1330631830779513253
114 0 -4523918758889143424
114 1 3215275783529423422
114 2 -8287668883533794970
114 3 4002276795211979556
114 4 2462275121304381504
114 5 7322455888182498488
114 6 -2433449872836097434
114 7 -410435851830050067
114 8 1061896306148539494
114 9 -4643723579596034408
114 10 9213508323388697906
114 11 -7709836638569962549
114 12 3670914064034886169
114 13 257493256758250385
114 14 4991412822910506541
114 15 1459783847033027721
114 16 -923068355097694221
114 17 1414712069234456263
114 18 1179228949987957283
114 19 -3449791536991543884
114 20 110368820502945513
114 21 -5624222844738171188
114 22 -8012011319334955754
114 23 -8526553147963101177
114 24 -8030130605976684233
114 25 -7526940833596295290
114 26 -8421953650191952529
114 27 -4072752096969933456
114 28 2386037850607088223
114 29 -8858003048377081273
114 30 620574380776721106
114 31 6282971858540664122
114 32 6959140897960810113
114 33 5697275298314266992
114 34 616610032073182413
114 35 3640900193736054958
114 36 2339352104551614147
114 37 -5105968983453652501
114 38 3859556304454482815
114 39 9055402457910401296
114 40 -86031122684145585
114 41 2760961051327856910
114 42 5204186436342174611
114 43 2553775065820059220
114 44 8759669711573666088
114 45 -6173788007027120655
114 46 7889331620056268127
114 47 -5430587544436334500
114 48 -4371903641339458908
114 49 -2485440058238464186
114 50 -5717837013237556134
114 51 -4041779656829978432
114 52 -9206110165331472964
114 53 5022843472447711274
114 54 -4369369431058092857
114 55 3630961209968633483
114 56 -7355162478063417175
114 57 -7304368574523737544
114 58 -8953640479474376497
114 59 -89917497505663705
114 60 -4328169335979433097
114 61 -4138725139769781270
114 62 8398320471890887109
114 63 -1817360740656314330
114 64 4771284102778567525
114 65 -6954704621035503910
114 66 7604132409623833242
114 67 -4296361319955485148
114 68 7347136291127455717
114 69 140302924988164172
114 70 2385430867030014272
114 71 -7085201559709465974
114 72 2130196126211216404
114 73 -4014945544538783132
114 74 9211704506018260570
114 75 -7043322642856276151
114 76 -2561205593291024807
114 77 -5425675453232417334
114 78 -8104072539535810029
114 79 1476496066734200796
114 80 -8470141424395810898
114 81 -1684076033547907277
114 82 -5783694733714582744
114 83 -4986662086413986062
114 84 -1726640914563700860
114 85 -8462581559441658599
114 86 -1715705664954297355
114 87 7931480225863463674
114 88 4746322670683077196
114 89 -5513339039050977356
114 90 -4162606562845757826
114 91 -6129374206349108690
114 92 4757088895367357918
114 93 9017816739037235314
114 94 7124337590940307664
114 95 1498827785845836662
114 96 -3106193826375003758
114 97 -4690977319158935193
114 98 8964204888892599996
114 99 323145724273935325
114 100 4300294841842304675
114 101 -3002148618100213505
114 102 -8756033339900498390
114 103 -8963801682288484767
114 104 -6352451471017472463
114 105 -8286994885066968365
114 106 3329895997874770691
114 107 -6268657785312892277
114 108 4179382591336319299
114 109 -5594940199808964853
114 110 7143647557588114161
114 111 -5884772129232883642
114 112 -598647130148062455
114 113 850376829560873419
114 114 5131455536238378351
114 115 -4400773014935520341
114 116 3267871503312593612
114 117 -8196150978476605381
114 118 7947331403606726940
114 119 3554948201063677022
114 120 -4662888872163179781
114 121 -2758642356247814802
114 122 -9214576637557372059
114 123 -6073341295713840490
114 124 4483227312484864741
114 125 4342391544012788665
114 126 -6901961619909274670
114 127 6513736161414681471
114 128 4104211147517915277
114 129 8651882239640036693
114 130 -7035409437351472628
114 131 -1805237409318650904
114 132 1445957189899018669
114 133 2357157338036559642
114 134 1358468782018726662
114 135 -1826735604000758020
114 136 -7119180054851346445
114 137 -1184589195844753848
114 138 -6393114326965797307
114 139 1401854163492079730
114 140 5232849914559882024
114 141 4937406829529354194
114 142 4382983349881248822
114 143 999112441885214616
114 144 6605923246580054304
114 145 297102817229074422
114 146 8160136395349893330
114 147 -4082441588348684969
114 148 5007395223065098336
114 149 -3937451552504659368
114 150 4335131683834282017
114 151 297292724831400897
114 152 1585471927403484356
114 153 6263971037017234668
114 154 -3748646417848334325
114 155 -7737328243440791862
114 156 1766439714545547423
114 157 2990156787200208071
114 158 -7130543626306366821
114 159 6248614980385495727
114 160 -2178492422142778865
114 161 8070868203587758213
114 162 -2913944542025709929
114 163 3559330750979727748
114 164 -3157806787482843770
114 165 8581831068932385625
114 166 8060668893717849960
114 167 6072347953368794605
114 168 -761498131423689370
114 169 -1879212668992946575
114 170 -2897231680710405178
114 171 5337815763395155746
114 172 6577343065526810476
114 173 4599988199224222326
114 174 2691042440967873072
114 175 7468939123213929242
114 176 2646286674426401372
114 177 -7617246294669228944
114 178 8254329198476588857
114 179 -4273653768938684305
114 180 -6238010964857257326
114 181 -2242606013566585090
114 182 -2361952715297513211
114 183 -6443083101237422369
114 184 -6436266088169255471
114 185 -3113386051968813921
114 186 7687112597761076126
114 187 951199554990464760
114 188 7093149005462490135
114 189 5754740207515995018
114 190 -7502230574062678545
114 191 -6167544156428045033
114 192 -4502498209852856290
114 193 1210166550523150087
114 194 6906950355655618087
114 195 -1860680658028184168
114 196 -5763144065197012091
114 197 -4345009392643149881
114 198 1477620088775547403
114 199 6982123520088206945
114 200 -3092005739693751698
114 201 -4678816917458266542
114 202 -5914466880787926358
114 203 -1278053633767384418
114 204 2950277606883549651
114 205 5480822898341998241
114 206 2787672584012698586
114 207 5553291622906738577
114 208 -6411280616778513290
114 209 8769191871010332877
114 210 -6704649282006813963
114 211 -5536519854171439679
114 212 5125257325901113653
114 213 -4289008469199721497
114 214 7918212051286253487
114 215 -6236727835860450498
114 216 -1011108356451872465
114 217 3689652251942034753
114 218 3615750636037143209
114 219 7868897644787359781
114 220 -643290807540347697
114 221 6384058892155507450
114 222 5144201275524444322
114 223 -5176327566535347784
114 224 -7049700177877177226
114 225 6419774462805166181
114 226 1366934119091697139
114 227 1813590956222706299
114 228 4320385497009602598
114 229 5970672783752669016
114 230 -8322164828902676608
114 231 -789878376681270787
114 232 -5195050403798702967
114 233 7199937194067242952
114 234 -100700230309342117
114 235 1364105140956941968
114 236 -8412418464500924219
114 237 -676507960459543501
114 238 5851297053540124790
114 239 -5526457407084492409
114 240 -4154336620833952768
114 241 -1922290981580573070
114 242 -5900301257627618443
114 243 -6171964980765977176
114 244 -1141246423665064375
114 245 -4494952927319778216
114 246 6983586672021891405
114 247 2242853138282951309
114 248 -9024988157182802998
114 249 8024585592434045480
114 250 2414252074592666615
114 251 -4817141082990575549
114 252 -7186180950763391208
114 253 75927870401708560
114 254 -3775255853030997245
114 255 1868007226789821632
114 256 2060045014056121615
114 257 -2917987135378460156
114 258 7074161235881392587
114 259 4776983845692457144
114 260 -8217985526233760967
114 261 7938239313996380365
114 262 6086030272107963675
114 263 7316219405140518974
114 264 8787497621118604218
114 265 -6689568380594816554
114 266 7464308216423596419
114 267 -2990803656359996622
114 268 -1042093298230206992
114 269 -5989621532975329749
114 270 -5901330606440296047
114 271 7105132996822255470
114 272 -4590527898146805138
114 273 -3368725781419177195
114 274 -6593825307595837549
114 275 4657481188343781
114 276 2231755213640076343
114 277 6801454220207136518
114 278 -7824107700928107102
114 279 5065427700582847863
114 280 1087097691517510881
114 281 7828365593201696853
114 282 7588013853780681412
114 283 3035166543876722237
114 284 5237273660159100754
114 285 1224643568172874565
114 286 -8887143164863841938
114 287 -7597478441568140306
114 288 3854771741503813077
114 289 9060854850524801039
114 290 2501596010495481533
114 291 -3966638851767985784
114 292 -2772338995460626880
114 293 7317093348309034551
114 294 7145809346396943133
114 295 6068115621707701626
114 296 779039665825263860
114 297 -1191403838066072015
114 298 3358686147641330212
114 299 4188581248422129874
114 300 -1449940046952242095
114 301 -6595579023077960673
114 302 8137876446705521736
114 303 -4892352224202722896
114 304 1391795026632918185
114 305 3829305240756441255
114 306 -9185091415215255218
114 307 2537056568326964074
114 308 5884570881855762284
114 309 1787239089609871868
114 310 -8760184597030794032
114 311 -7215891507718265857
114 312 -3675243684019994866
114 313 1908342583677576008
114 314 -7176556538939139022
114 315 5089140530732006490
114 316 -148477933349986847
114 317 -2247703328212953004
114 318 -1506997613963643418
114 319 -8200237138825443532
114 320 2325243775049051428
114 321 -4140191999576595647
114 322 9193692266305748518
114 323 4376157654054269944
114 324 -2390437826644480534
114 325 -956675910416091553
114 326 6985035313703448299
114 327 1119582100876507309
114 328 7475856410413040488
114 329 -5868550149206693327
114 330 6991177535840936577
114 331 -9182974425907176166
114 332 2644254172918585583
114 333 2368560160994092662
114 334 -9111703214976805269
114 335 3344241229295466374
114 336 -6627145737278577316
114 337 2100994482124150702
114 338 -7123092007953530149
114 339 -6630357751284889074
114 340 -2323451845435798266
114 341 -5001975367869357053
114 342 7279255171998793
114 343 -1950555912104842810
114 344 -315030808980134930
114 345 -3438865728123820203
114 346 -3907988248335344118
114 347 -7503164755503563252
114 348 -5878477094753111653
114 349 1125553954337018264
114 350 6517634956230561768
114 351 -1441301403659556621
114 352 -7410346818376278428
114 353 -7331760964122245870
114 354 2530421191523684380
114 355 -5483548878489803667
114 356 -3374505286627103895
114 357 3123294858735896510
114 358 -6070439522085868876
114 359 -3985447886493152151
114 360 -3491632500958552792
114 361 -6139176464578387262
114 362 8463687504095451210
114 363 8053356735958586051
114 364 -2909090844287052174
114 365 7165455991484610666
114 366 -2443223441463396043
114 367 5933096200226996568
114 368 -426296331433200755
114 369 8027494078032360559
114 370 2139515459230842732
114 371 -8601019218981508132
114 372 462570076317457272
114 373 1422585624819230335
114 374 -8879836467697510353
114 375 5881178028979617621
114 376 1040936756683289868
114 377 -6164132928691930169
114 378 -1993053853099564422
114 379 8096813487187722023
114 380 -6130254585390983412
114 381 8390559300343075315
114 382 -8787309309324069553
114 383 -7878460800461069714
114 384 1106103649350883911
114 385 -7681829964026199821
114 386 190022656476745046
114 387 1783780666484705725
114 388 -7720840517108116037
114 389 6135265157452321600
114 390 -1490714625447887469
114 391 -5012915386896367074
114 392 1424458622140539008
114 393 -3453977899297781440
114 394 340709065974120207
114 395 -7021818516454129142
114 396 -8924664719001897221
114 397 -5524853480607132979
114 398 -790694477750599205
114 399 -965431903963702586
115 0 3920467134802177845
115 1 -373235940263635075
115 2 -6465172961254175832
115 3 -1991926187338336999
115 4 7045933125149906813
115 5 -5408774264980677130
115 6 8443368646912493899
115 7 1764368618092336544
115 8 7069662146358624276
115 9 6893480099289730430
115 10 -3502133436314829886
115 11 1403161618881270919
115 12 2166901900434679678
115 13 -2060350989324885289
115 14 8201843665131555014
115 15 -4280041313697481526
115 16 -6449631322847504256
115 17 -8003145099524357826
115 18 6405045129621403794
115 19 -4293650529774111547
115 20 5345010397449935450
115 21 -7494954861611586129
115 22 -8153120681452162907
115 23 -3666706108108072422
115 24 5276428677544647091
115 25 5911768132442335793
115 26 -8386342697763042925
115 27 8434205526489558330
115 28 2611456735132602646
115 29 5777352504029346682
115 30 -6480437720407824899
115 31 -2121277464258406109
115 32 -2201766630479476127
115 33 3099807324623906294
115 34 3860749853298831784
115 35 -1018499848742328582
115 36 -788416153322347330
115 37 4108625105134492279
115 38 -9115933804574794160
115 39 -1900764302180518747
115 40 3080101949687614928
115 41 -5655992564107833878
115 42 5048468725641288811
115 43 -7936626030000367395
115 44 -2392167657581871070
115 45 1125600301750330039
115 46 -7971901518458673601
115 47 933521394854766705
115 48 -4356503044734374193
115 49 -8560860070469721228
115 50 921929653546032172
115 51 8838576039077686897
115 52 3017077314467151798
115 53 -359323031090382267
115 54 -6512710350997346196
115 55 -3531843331053259052
115 56 7915014050859540701
115 57 -3648215598800319184
115 58 -912071592943192023
115 59 -6435685945394250383
115 60 -757735620786388236
115 61 -7586995396584332760
115 62 -1463142187407569067
115 63 -756985416237561057
115 64 4872906843812099695
115 65 2631998184887762787
115 66 292023640764191748
115 67 -2734231661002772328
115 68 2072832497544648654
115 69 -5976152995588960518
115 70 -1188536066543448170
115 71 -7564404742276346777
115 72 8364415758604854947
115 73 -6500459854941647093
115 74 -2633393282690301134
115 75 4065768224661582237
115 76 470385023713625330
115 77 -6046995313008808839
115 78 -7809655136980467882
115 79 3119635012300404229
115 80 1536994250196110272
115 81 -8081142161203254421
115 82 3338005614601555766
115 83 4042933067100792736
115 84 -4682062343709335389
115 85 3046908094284799790
115 86 8876389720044878815
115 87 -8952394020301454316
115 88 1902301969280815611
115 89 1598274213657832613
115 90 -4739773727764827507
115 91 7226080875715956366
115 92 2520968045263621965
115 93 -453349478323133055
115 94 -3270695928254883154
115 95 1839267988382759660
115 96 3644875271421004731
115 97 7870996034018261557
115 98 726510175212889806
115 99 2042028131747926794
115 100 5571895090607114296
115 101 -8615292463655874254
115 102 -3939051127458462856
115 103 5867020411953791257
115 104 4602167589334994124
115 105 4831567732570336578
115 106 2617167931726230715
115 107 8032144132225597995
115 108 -4182853307533509765
115 109 -4360402894265515260
115 110 -1090008546408166224
115 111 -1857457674531499201
115 112 -4476241673589244848
115 113 -3333759923965380671
115 114 3151911728281102854
115 115 -3927178404888036210
115 116 7424328586211468714
115 117 8410023690589045255
115 118 1575101637898903309
115 119 -2851362389566019382
115 120 8602944480493300103
115 121 8519333593097895154
115 122 -2336444825732893856
115 123 6483310630236968458
115 124 -5935545307712828161
115 125 229327020738092973
115 126 6088646504440876965
115 127 -3628479122631235753
115 128 -291993901210919994
115 129 -8560657552780212845
115 130 7497098603669268641
115 131 -6224537924771334201
115 132 5254815089014183560
115 133 -3094954210002700318
115 134 -3197405449902668804
115 135 -9046158897847481491
115 136 5804868986341059280
115 137 -6996043745160980135
115 138 -2427151172985758764
115 139 3228690357537817121
115 140 -6205603762469787332
115 141 -6758064936698773960
115 142 -8591453577666987310
115 143 -7528373928021033910
115 144 -898400137231726468
115 145 5182588819820930538
115 146 -5259133459989237695
115 147 5190066447541290691
115 148 -4333748305124124594
115 149 5876002281233822361
115 150 4816410649672322250
115 151 2472924391009969003
115 152 -1631368772209188078
115 153 8643828997354185584
115 154 -1772031439807203700
115 155 -516388763350538624
115 156 4485517984960867635
115 157 4574481260871783178
115 158 -9157406394514634724
115 159 -3270238948607776593
115 160 6535862729709447810
115 161 -1707048015807941725
115 162 -6671126656946686363
115 163 2312084114983712600
115 164 6734545553278573241
115 165 -8014845407980484744
115 166 -6089622975984612911
115 167 -9172625795984833759
115 168 -1587542143909783704
115 169 2502270768908779776
115 170 -6609247252746390815
115 171 7418608660591863968
115 172 8461564518586492662
115 173 6882699208683699381
115 174 -5573932637087883673
115 175 -8916092616301415506
115 176 -6383951117078283203
115 177 -338679392972756373
115 178 6571092934604983957
115 179 1785838267887506874
115 180 9099461477601534835
115 181 1871910224058410036
115 182 4232261359713018577
115 183 6569153451303451403
115 184 5786691736804828611
115 185 -1620940934044288285
115 186 5053501619677813899
115 187 -5923065040002240453
115 188 8147909335542910183
115 189 2287959337916332083
115 190 8922021947586266536
115 191 -5163122395384943184
115 192 6059375360083463716
115 193 -879894552019990595
115 194 8180247724709121938
115 195 8445739539305912396
115 196 -1760643992467960896
115 197 6396845918059472631
115 198 528365856819955215
115 199 -1343270187964726494
115 200 -251965498213510479
115 201 -1370365988425976562
115 202 -325553747203708393
115 203 4783265911930632885
115 204 -2432004284388641795
115 205 4816961809736191886
115 206 5843833508981815479
115 207 -9050893716275379935
115 208 391111592149944683
115 209 4769759613546134040
115 210 -5319518111234974877
115 211 5065090139632054915
115 212 -2062102983688532827
115 213 4005170879328319445
115 214 -2761195552657136717
115 215 -4265120901324714739
115 216 6286755298773671247
115 217 -1012210443358110867
115 218 -8312527846550100704
115 219 1032933153642773516
115 220 -3353202634381738408
115 221 6693571785248442866
115 222 2141506362957461377
115 223 1956571654984141331
115 224 -876584872886467470
115 225 5744909603747436551
115 226 -3000544566952931049
115 227 7622112477584520873
115 228 -6177348212776766475
115 229 -3660919055134963686
115 230 -1878132983945008905
115 231 648451210113257090
115 232 -7746039759983836569
115 233 7358723314125078019
115 234 -1600401845901998721
115 235 -4332697939984195178
115 236 -651987316064180671
115 237 -7647083836618750914
115 238 4152242916253465790
115 239 5056785398921489622
115 240 2068683795728169839
115 241 7579010370006335358
115 242 -2773529981190293617
115 243 -896715082775573608
115 244 -1106795799539827202
115 245 6090627160122195451
115 246 -3865138857581802824
115 247 8088067435907621966
115 248 8344839520732261631
115 249 699844578301201768
115 250 7812376244097066779
115 251 -6265168694881451563
115 252 -5420116059412249273
115 253 8415125339293555447
115 254 7707031485683194437
115 255 -7192264584022566049
115 256 -3150913728919254340
115 257 -7478970229612597410
115 258 8497117442481584663
115 259 8213437258752770585
115 260 -1258512912009482068
115 261 3750139448696154357
115 262 4805781217092337021
115 263 -1804598628433040016
115 264 6792763204600335937
115 265 -1963735954231648477
115 266 -8240506300176151387
115 267 4441254418780623889
115 268 -5136794665463079592
115 269 4267448065773553555
115 270 4559616277798809295
115 271 -4869867030603924091
115 272 -8965563025567002058
115 273 -4322073274421855597
115 274 -9167259327763115378
115 275 -5675720093141688558
115 276 -1257053646264288783
115 277 -7743759851868819266
115 278 -3948842501605251922
115 279 -8210012750725950692
115 280 -8602800604311623619
115 281 -6074435520387633287
115 282 3649755723394057637
115 283 -3797518150148383275
115 284 -151963409798632016
115 285 -6020863367033010488
115 286 4733358972145297
115 287 -7156873213128692316
115 288 9212522289530104249
115 289 -667618968081110764
115 290 1401583552195155888
115 291 938877164159515380
115 292 1122330867435455147
115 293 1062092054710679747
115 294 -2102457089207022825
115 295 -138802615985591010
115 296 -2303863812214244165
115 297 -9035884022373150927
115 298 905181038427454229
115 299 6057862901048356599
115 300 -6923988541967176281
115 301 8713006405147708462
115 302 -1750440584340249141
115 303 -4724574149525383050
115 304 -5640887447237390371
115 305 4648045003037946454
115 306 -4780590132315308541
115 307 7780591625441435482
115 308 6542736133133335231
115 309 1956803019590331043
115 310 -7378333423299880186
115 311 -6807961586931578170
115 312 3446266214686896901
115 313 6096657267132387804
115 314 1895573789955590000
115 315 -228648321181502728
115 316 -5306615633877858780
115 317 -5040513110211438261
115 318 -925725332140919936
115 319 6536990673495034983
115 320 8372353359496248213
115 321 -610754799700979834
115 322 1882149350104054397
115 323 -7213633301313849694
115 324 5190971141003487973
115 325 6592646187064629883
115 326 7120760161480958732
115 327 7214852504485629450
115 328 -998171459620642391
115 329 -3335826304940391167
115 330 -4505455128566500051
115 331 5277768958370961248
115 332 -2037436719233139978
115 333 -6499839422352340917
115 334 -6418452103552314329
115 335 -4374757719168237080
115 336 -6624155330606772055
115 337 1585122414723315507
115 338 6250013247439320938
115 339 -741032274057809571
115 340 -1231113207304750998
115 341 5354977946370475933
115 342 8580493233091796608
115 343 379518407194133032
115 344 -522596169505336360
115 345 -2444879206298716689
115 346 -5223640479930013819
115 347 8742769961292330765
115 348 -8707987879871057122
115 349 -4290699602245304395
115 350 8617023703748234314
115 351 3171376255726019999
115 352 -5512599022477095174
115 353 -4000953293336948201
115 354 8287284471784946039
115 355 -786577081778660259
115 356 -1315024737708980558
115 357 -3717197921122902234
115 358 -2865680559819253686
115 359 -4792420113987228274
115 360 -6686731206697229395
115 361 2612594389683758040
115 362 -7386828791044315811
115 363 -4991210751213777610
115 364 1110358387148325061
115 365 1623832762463598812
115 366 3782438064470732778
115 367 9053619483267926485
115 368 -5679269936202536237
115 369 -236017788639575099
115 370 6301868415596762241
115 371 4152070439074120348
115 372 2452515442385935443
115 373 -2171140618341975470
115 374 -1386388281601100089
115 375 -3821785170963684506
115 376 -6196259574744716924
115 377 4003531365373693084
115 378 571555435292465590
115 379 4429393452998298462
115 380 5844519643526127624
115 381 -1671187958839755252
115 382 -5815870987526760885
115 383 8201800523675670804
115 384 -5679772523561408530
115 385 -2701890656957044605
115 386 1599116250147304451
115 387 4310856998352123310
115 388 -8164713132181477619
115 389 2381791930731263671
115 390 2884311281458638451
115 391 -6111137358904631933
115 392 -2455928544643158575
115 393 6940706798614468412
115 394 4944753426702571679
115 395 1366140797571978866
115 396 5518574182548614686
115 397 -1534929786536949126
115 398 -2802507340387801897
115 399 7794744964879782151
116 0 -3790592463859822573
116 1 -914851074273923639
116 2 5253299893602680531
116 3 7336805534493145718
116 4 8482502303073022178
116 5 6809067960925959599
116 6 393286508619767235
116 7 3150782703264196753
116 8 5375114157951631028
116 9 2521328519319442297
116 10 -1232794867233260524
116 11 -3847121141207428469
116 12 1537446417371446559
116 13 -5571744375334745142
116 14 -1588464813865203969
116 15 -1000019585395267126
116 16 -9059615610343336968
116 17 1821845340171037740
116 18 3624537995643848813
116 19 -1164125896462452290
116 20 5841177994998733082
116 21 -3557120628617031549
116 22 1423362297299840750
116 23 8597748856259407705
116 24 -3235918085633035408
116 25 -6447623413235645025
116 26 2162254690691055596
116 27 -5750749081398145826
116 28 2299672865594502849
116 29 -445309112180642293
116 30 -6748728882311675635
116 31 -1348871316406352235
116 32 1546964509580321357
116 33 6177240129838439296
116 34 285274378013858010
116 35 -7664739428816456909
116 36 2772197938415446475
116 37 -5635543196314230818
116 38 -6077192592278092668
116 39 -8213430054573291322
116 40 -6292380999332711645
116 41 -6690681049477103258
116 42 -7942608487735803050
116 43 -8950228718589650536
116 44 -7401093712922761468
116 45 -5783103853433734810
116 46 -5726367826780924503
116 47 -932287938879985113
116 48 6604469441485308006
116 49 -7998648572557781759
116 50 6072509644892463174
116 51 -4302441117527135417
116 52 -7139757576075220262
116 53 -352084291471235799
116 54 685414189007330207
116 55 2538545632891780202
116 56 3095543474304341639
116 57 -2220936705373244457
116 58 7205946556009931404
116 59 3563823566592618345
116 60 -1179509013910391467
116 61 -4252520311483520443
116 62 90494385813594242
116 63 -2636299348979321460
116 64 -6430580712542226480
116 65 -138646396066679551
116 66 5953262337472052439
116 67 1364900789306573374
116 68 -5461145238651494814
116 69 32826570022798172
116 70 5545962344828817950
116 71 7121405010477080658
116 72 6426519634866169555
116 73 2725144441327141076
116 74 -3815134997292081881
116 75 -598842755890363494
116 76 -4941610634296867055
116 77 7752424828779332231
116 78 -7428465445344399485
116 79 -2300155870344212372
116 80 -739918035778234632
116 81 -3802459632251119008
116 82 -5118036812036752262
116 83 -3528171267741585101
116 84 8208019458986510485
116 85 -2026798776911038611
116 86 1964065297900714437
116 87 -3166667545787591027
116 88 9114910498470425628
116 89 6063504260143009155
116 90 1276925878710678306
116 91 -640964129482125490
116 92 -369827626488359534
116 93 -8182886101932623259
116 94 -5577539990194046718
116 95 -7718202037924998988
116 96 8744342593422249315
116 97 1999926994815255567
116 98 4103073830151534424
116 99 2586073061451558439
116 100 -360995077572960203
116 101 5023020032620003768
116 102 4038397289322291685
116 103 -1958418361653923036
116 104 -2225237557089271214
116 105 -6045929184992305836
116 106 1048562894493310130
116 107 -6029971927838367804
116 108 -4089395684253544027
116 109 -747269339532894329
116 110 -7440840000983226579
116 111 9117048089051832369
116 112 -3662344051237991405
116 113 -7499112279028690491
116 114 -3079777554782341014
116 115 -7860191792491603047
116 116 -1913772991403682806
116 117 1101715169807350330
116 118 7852348264162480567
116 119 4072642078554842714
116 120 330607334074597449
116 121 1873099846051784410
116 122 9158559306878257122
116 123 4653722831598251168
116 124 6986451913942986224
116 125 -3147166337386392730
116 126 -599533509728997981
116 127 -1032824906154688459
116 128 -9034787754243659448
116 129 -45116874235091555
116 130 3220299840877349728
116 131 -1906329017223889609
116 132 8789901592923358587
116 133 700849402387544876
116 134 -632165791155491861
116 135 -8167173079491387124
116 136 -459941952755971223
116 137 3569776818629606905
116 138 194320587794313806
116 139 8382623619784049327
116 140 -5620920194130730468
116 141 1107511386435331488
116 142 -8731525057423891196
116 143 -5531302188815629566
116 144 6923931330022649142
116 145 6894577982667193079
116 146 -7587993590157513358
116 147 -5042745467529860118
116 148 3052499974982361529
116 149 -3452460604377624827
116 150 4486821999545837054
116 151 5047447193057015477
116 152 -8196560890276552521
116 153 -7708683239146469649
116 154 7818509473079016727
116 155 -4165643309498432357
116 156 -8097798223670039076
116 157 -8998330937247772808
116 158 4156507284376419271
116 159 8196329221353299085
116 160 2453830769296837688
116 161 1058370931166325155
116 162 -8033997069318571516
116 163 -8971659457938219936
116 164 -2110542247649589877
116 165 2986785692388472201
116 166 1450071647897113726
116 167 -576443352692003376
116 168 6100786171049761276
116 169 8223283406538706587
116 170 6479831156859224275
116 171 -2092452207345497530
116 172 -4521381864231473718
116 173 5987955573186413406
116 174 8944404730917593876
116 175 7160180010378928423
116 176 4290917580659103919
116 177 -3623437301959055431
116 178 5384849298329002398
116 179 9019835029696685626
116 180 -5710611348759077334
116 181 2871083063190860585
116 182 8275780230971970849
116 183 -5398125544831383653
116 184 -5811025946787211569
116 185 460319955499203893
116 186 -493638692396190579
116 187 -412924407328697608
116 188 -4716496838603276858
116 189 -8777961649910658812
116 190 4749407200993166127
116 191 -5850316072468366968
116 192 -8004930552383491794
116 193 -5705718302316158735
116 194 -7231053950947992675
116 195 -2709308850893573328
116 196 -5678171072466669942
116 197 -9140978471950534423
116 198 521077604133787185
116 199 7057469125931785116
116 200 6483635041524690842
116 201 6698346376678004474
116 202 -2719901910776935957
116 203 1544687551382691599
116 204 6808064644465653365
116 205 7317714432040132573
116 206 153461372800873016
116 207 -3512435528681759711
116 208 -4951778607823627202
116 209 5225913512812714159
116 210 -2159264855985043024
116 211 8322086786726091052
116 212 -639722796318458134
116 213 -6550764435242952531
116 214 1942339664532472281
116 215 -4209039667885689820
116 216 585346296847905124
116 217 -3744523791422776146
116 218 -8163605067522736994
116 219 -7413824757785856201
116 220 2295148360587918159
116 221 7567239795867287181
116 222 -4137749836266205730
116 223 -6212443129139490375
116 224 8030036246852795484
116 225 991756338216777089
116 226 -9044855711958064862
116 227 -4579498266247496589
116 228 7768260798065976440
116 229 9081588004953519305
116 230 4743631440613852598
116 231 -671770798852631730
116 232 5257415277365804521
116 233 -4474452586401471926
116 234 -7768895648621782895
116 235 -212345010079519794
116 236 -3062666875524693969
116 237 1456523877519250148
116 238 -8128405071853152663
116 239 -3599034568022597139
116 240 6824486168412131491
116 241 -2664839739224180987
116 242 4686629388055675496
116 243 -5530289015675719565
116 244 256176517804254340
116 245 174695685473246708
116 246 -8889999183329833592
116 247 6567896299899748523
116 248 7217633064885219854
116 249 -3807013504772369005
116 250 2667629032485203911
116 251 -4375486122086255192
116 252 3885108287964509257
116 253 -5178897328869210843
116 254 -1785497031711533646
116 255 553567461390835353
116 256 3018755401585048973
116 257 3240187851332163086
116 258 1575681384115133302
116 259 -5303940611447821495
116 260 -209503013961375549
116 261 -8378388925114998265
116 262 -557475588600599967
116 263 -4997646202536724454
116 264 -3084817752791984612
116 265 -2356487568562480379
116 266 4927477816564216305
116 267 1058752244265295788
116 268 1542539253200544599
116 269 6204771024378220245
116 270 8963982196900373314
116 271 -4736998667294349651
116 272 1910880956427705509
116 273 7179695652213109305
116 274 -2630922204617658521
116 275 -9007076740489779173
116 276 -4568750592491919033
116 277 4015036505574412599
116 278 -7141263043252345697
116 279 2571309649398110503
116 280 5117601000788276959
116 281 -9004766307315475022
116 282 -6792739537136483708
116 283 5500197607602021683
116 284 -6055152134818935111
116 285 -8821546411908369134
116 286 -3325283697289878050
116 287 2731476608555479565
116 288 7102304328016164388
116 289 -7838658215922305974
116 290 -4125562408390870600
116 291 4802952382627273666
116 292 -4642142502338796645
116 293 4116021246889937309
116 294 -8354681474771590916
116 295 -2824829087731008092
116 296 -4040485805308668932
116 297 -2604941986967207316
116 298 -4210216716611222544
116 299 9113699879864463321
116 300 7384923149270984090
116 301 -5706489171753895103
116 302 -2184030975715882096
116 303 8794326324422118382
116 304 -5474096386930671598
116 305 -622591010364285503
116 306 4041992855016652529
116 307 -6341739075427890549
116 308 2011619287555201151
116 309 -1884261918630795816
116 310 -2020775226531874759
116 311 6340222326321762823
116 312 6794126955116178031
116 313 5763536864173881644
116 314 -6217873916179941070
116 315 3657153893543119410
116 316 -3924946338977644764
116 317 -6924043939811617507
116 318 -2686660497731429562
116 319 -4460531035322646140
116 320 -3894509943890373322
116 321 -8482025910015123822
116 322 -5321457372252269072
116 323 2184014968335531382
116 324 -7828171899750756655
116 325 7195573119104261425
116 326 4198804839971487294
116 327 9014550360706202375
116 328 -136170277721851860
116 329 -3535053964695609818
116 330 8614917481042842373
116 331 851444215397432286
116 332 2757611590141746309
116 333 -6815761791706790300
116 334 -5342471687192580891
116 335 2555354862737031945
116 336 -2253056382809246453
116 337 -6264502914425402476
116 338 5582904259821632147
116 339 8914376434837925986
116 340 7079140201766378899
116 341 -5683258194260265531
116 342 -2591483352536600567
116 343 -3018167949387522496
116 344 -8589044199244095583
116 345 -4826536923742624303
116 346 5583870494791835015
116 347 -5780584597055911606
116 348 151093019662658383
116 349 -5453812753589378194
116 350 4166169125255093150
116 351 -206196418711359162
116 352 3159224053231578677
116 353 6509905716461720432
116 354 -1427781925360305489
116 355 1866960742004137497
116 356 -2426498041634734421
116 357 4352492545807870474
116 358 -7413610199301999968
116 359 -7974544354792363347
116 360 1366629601056508512
116 361 4878405833231070785
116 362 8694941056119768515
116 363 -3165379662470918101
116 364 7244301027591686073
116 365 -5376174837252885811
116 366 4585841689569783314
116 367 2071044546807723480
116 368 1853683139611556255
116 369 -6406304018728948876
116 370 5427766611412924029
116 371 -1373988351987028941
116 372 2299551782701135811
116 373 -4578577747540424938
116 374 7695749209467670192
116 375 7664265951853583849
116 376 -6080421221101189476
116 377 6937996931811050257
116 378 6183115720870530453
116 379 -7335185944138767311
116 380 -2865064212825067825
116 381 704251441858785965
116 382 8191231009456942174
116 383 6128888715708227647
116 384 6689487831035764885
116 385 -5459676673526191387
116 386 4100845054684360439
116 387 8038075687562051693
116 388 -9171458074179678470
116 389 -6916491976518688054
116 390 9182624978057394774
116 391 -4110455718846217950
116 392 -8678728652738258678
116 393 -4569512252329212657
116 394 6391498917044776294
116 395 -2385486782797190019
116 396 2079055152789680364
116 397 -4915513425049867459
116 398 -5114093339792171899
116 399 6491179121350462961
117 0 -4288724810871066152
117 1 4411421696441092765
117 2 6613969137666288881
117 3 -7791360839298090693
117 4 86406102328446440
117 5 1782704705931325417
117 6 -1217441309134343024
117 7 7078920601462103553
117 8 -8972971253854592899
117 9 2360090010681449993
117 10 -2472351184916060042
117 11 -2445604212821580803
117 12 -8820205011896510551
117 13 -2233672525426813838
117 14 -3962178378705193223
117 15 7969193234497686422
117 16 -840480231817567927
117 17 -1472046826920662431
117 18 198313441333380392
117 19 2109172490163651196
117 20 5070704501123471324
117 21 -1690395287021377170
117 22 1829574728188896867
117 23 -8091662259411505488
117 24 6238244251543491119
117 25 -5680871508395963128
117 26 -270547807234736617
117 27 -7608653038436085105
117 28 1539455651273413360
117 29 6414635336659292931
117 30 -4989082069178737573
117 31 -7705572201450598608
117 32 -8051879184008941994
117 33 -3284044024664382546
117 34 5861223685329502008
117 35 6729994546387777224
117 36 -8041524087187847787
117 37 1565869101290224025
117 38 34925997444780129
117 39 -1132146277334258705
117 40 1678036191279720222
117 41 -1780285074514705419
117 42 -9014693984495244831
117 43 -1735503080193245580
117 44 -761392240555884646
117 45 -7065999942145509179
117 46 8846895269545280284
117 47 7288223790598870854
117 48 -4166431941906505992
117 49 -2081178034773201448
117 50 1370767050517288818
117 51 1334723534720076553
117 52 5838875783672241126
117 53 4121775513369320937
117 54 704318787910122235
117 55 7875287242742308738
117 56 -7659446694595881824
117 57 3645480679698106076
117 58 4018299194406725072
117 59 3962115965437180876
117 60 1285772071272321347
117 61 -7757010483205232320
117 62 -1024037436863602325
117 63 -2856660319130604055
117 64 -8343363918507316282
117 65 6470381062126204713
117 66 -2263303739013785700
117 67 5919646217181311042
117 68 -8062430337339466304
117 69 -924675864758566598
117 70 -6619133107146811922
117 71 2132952845377036716
117 72 1273808622896174527
117 73 8246510255835192919
117 74 4689564467027546118
117 75 655239679171031741
117 76 7931555699649315933
117 77 -1441502657213551669
117 78 -8521845668832244917
117 79 6710655541935001606
117 80 -218256941234218450
117 81 -8880168715932563171
117 82 -2507499692357190731
117 83 -648364444603456742
117 84 8997030603893315876
117 85 6250819030863246401
117 86 -1822716318176356416
117 87 9133066858815172062
117 88 2962760323415801482
117 89 -3379295191837433456
117 90 -6331410951504770799
117 91 -5444480898879733553
117 92 -8000737508480519813
117 93 -3790533641736408778
117 94 -4827589034092540119
117 95 -7001305719947113419
117 96 3413851411719417734
117 97 -2953417738594718126
117 98 3242683304130331231
117 99 -7270942011994427725
117 100 1734425044616648085
117 101 6701019807039418459
117 102 -6046462788356103295
117 103 -5621965362923634974
117 104 1332616172811229134
117 105 -197755233478204372
117 106 -7414180910340414693
117 107 7311130252298659793
117 108 -7723729089059418584
117 109 -8019971782419288085
117 110 -8070617382445377668
117 111 4729900154744131740
117 112 -2284302494200159671
117 113 -9039733531558164828
117 114 62153416237445395
117 115 -2843421055255083089
117 116 -4663088765477286535
117 117 1186595949100727297
117 118 6398809744691988974
117 119 -5972028653632827996
117 120 7148989649667509475
117 121 -8891167975329680802
117 122 8070806122317783143
117 123 3046228311619192942
117 124 -4816508047314122614
117 125 -6808955956049732639
117 126 -6882326916197179319
117 127 -8803624152437688030
117 128 7103502885004679662
117 129 2136689128787626780
117 130 -4347941662642169707
117 131 461939424257939045
117 132 5353913156943887689
117 133 -549540205680189285
117 134 7196683306260718379
117 135 -3513860983349191432
117 136 7810339841681552314
117 137 4806242287151479049
117 138 3617333237348575241
117 139 -7689067633052123058
117 140 6808583817970525575
117 141 6098370134673339421
117 142 2679153401141742133
117 143 4123894833883653443
117 144 4764452639370593371
117 145 -7619954074594328279
117 146 -1547656294132855849
117 147 -826556222348970381
117 148 -4014563774394794057
117 149 -4758273980868803528
117 150 -6137731265906809561
117 151 482326214457974252
117 152 -4925494950391092965
117 153 -5923517878379859570
117 154 525084358071844482
117 155 -7982083693335490398
117 156 -5193439173886664301
117 157 -1865441701430165167
117 158 -1521164471809062151
117 159 2264130412443140174
117 160 -6141926542355838054
117 161 8315303898766221836
117 162 6256629818688771272
117 163 3160623308128586188
117 164 1232954921287205833
117 165 -1626904799156958332
117 166 -7306733155404232162
117 167 -5816546105692205857
117 168 5842811200635192688
117 169 -967630294065809608
117 170 -881307900332499056
117 171 -7386640007824825129
117 172 3687803640118511579
117 173 -4282550895549461810
117 174 3276207858348561403
117 175 7140821163929204977
117 176 6345513421540054284
117 177 7263421987231455334
117 178 -4646743764973823203
117 179 -8300269734044776641
117 180 802138702939637055
117 181 4540763225153156142
117 182 -371019439097381690
117 183 2962868102388924384
117 184 -8157897662505258137
117 185 -2632159522459952305
117 186 -3452446384247302795
117 187 5321310493317868866
117 188 -2593586703144652601
117 189 4828591160240786093
117 190 6784631848674497581
117 191 8269876949352224352
117 192 6127454506933869271
117 193 3444279651109783397
117 194 4434741766182968704
117 195 5974458438114140173
117 196 6457621044405110021
117 197 -7802505652045746641
117 198 7444251632481853079
117 199 3743411245189525031
117 200 -3819320761396568062
117 201 -8842161602328304929
117 202 -3951169237053952533
117 203 -7811964571277003392
117 204 3215387895504029681
117 205 -8939665469563886589
117 206 -6859003473226334561
117 207 -6928031657768971827
117 208 -8246573874894824986
117 209 -3293951218857385793
117 210 -4796064023237023307
117 211 6284899917757572869
117 212 -1709136477265236480
117 213 3236197541108715439
117 214 8363089122185503329
117 215 -6692441825014873427
117 216 -254196163218827410
117 217 2940595322028329108
117 218 -7023885819930661351
117 219 1256127049666321718
117 220 -459511914309088963
117 221 3955960284839151581
117 222 235787208105569854
117 223 8576723925792272991
117 224 8825672646853960762
117 225 1518550611733206414
117 226 -6204729321847962964
117 227 -1747789798184776159
117 228 3249041897319194713
117 229 -682003498038396963
117 230 -401806665963060341
117 231 7677515052463224932
117 232 -3610566574905707747
117 233 6814497618272924038
117 234 2971399288016966903
117 235 -4635348622070105468
117 236 7420254645596835896
117 237 1923880789375785097
117 238 -3711278011902723868
117 239 -5890669872310146895
117 240 2653989336005819176
117 241 3249944196016382538
117 242 -6659573200176644469
117 243 -4060806106063573068
117 244 -2394522216763544726
117 245 -3987486812587241342
117 246 -334985297578386173
117 247 5007369489458448994
117 248 -5890136699547951971
117 249 -8752833330499685581
117 250 -7004451275627040861
117 251 -6079913721146741096
117 252 -3116920311447279115
117 253 -3367908720709967299
117 254 5047015125280143508
117 255 6938640982233083826
117 256 -3473686456937749298
117 257 -9133092696988848984
117 258 -8143590531003033853
117 259 626381259312178601
117 260 2529760893894972662
117 261 4650048198451454219
117 262 -1445467078825667796
117 263 6434823179434281901
117 264 4142692465882469124
117 265 -8216969608410710123
117 266 1294430235747489607
117 267 1229590036260135544
117 268 -3960571724401064652
117 269 -4611056725193126805
117 270 -1996140004330856041
117 271 -2156827173918111599
117 272 -3682417148475790060
117 273 -6685308090121003420
117 274 -7988655122504184520
117 275 1016084682231041577
117 276 -336285356651549044
117 277 -1440646155662335161
117 278 -1292381515685156428
117 279 -7403756724875283821
117 280 7234082029951174483
117 281 -5526097536288632558
117 282 8040839549161588868
117 283 -1088786119756709104
117 284 -7845107493360220431
117 285 -8818623109827210403
117 286 8344816939304861351
117 287 6345846950619827758
117 288 2164578358615004196
117 289 2819499257146661815
117 290 5565049934542544741
117 291 7256856221448778490
117 292 4393014872476690896
117 293 -3693233148687598154
117 294 1396395822114071178
117 295 -6790490429587789085
117 296 1162541360041698604
117 297 8758193237999550662
117 298 -1632925529736171929
117 299 -8410483471362708193
117 300 452334919033272015
117 301 -3642027395172173334
117 302 -4660053443616443999
117 303 6851869322769919106
117 304 7111923600387200801
117 305 -7809162751840661129
117 306 8279693224449508008
117 307 -7732524621922164732
117 308 988466373005258044
117 309 6558461622303294877
117 310 -2450537205206424462
117 311 -3506980082951975422
117 312 -6983396233709545607
117 313 -7851912925630890561
117 314 -706288450926495201
117 315 2044431055931765220
117 316 6805034649446546379
117 317 -8807691227909169315
117 318 256635961088024806
117 319 5059581272735986083
117 320 -6893458635502773834
117 321 1600975074854006033
117 322 -6802320973481055942
117 323 -6694133555630444315
117 324 7851839512541810833
117 325 5355025436281978360
117 326 -7061854841744975342
117 327 6529549940388177498
117 328 65572909969871892
117 329 -3329245257076363809
117 330 -8316372812249824052
117 331 -8583744879904002133
117 332 -940458559112606243
117 333 -1683571436271571402
117 334 -4883701091277946490
117 335 5038258844716242240
117 336 9125315999679847684
117 337 -3836193160643327295
117 338 -8814143089920012618
117 339 -7503592482888527065
117 340 -7049288813242762763
117 341 -516380349742505441
117 342 3494308525151376014
117 343 1239528123754401038
117 344 -2117764666752234140
117 345 -547685894633371348
117 346 5832292940799900956
117 347 -4212682420984486064
117 348 1720514357717490809
117 349 571263923355537882
117 350 -2462113391460367755
117 351 -7418567403819282941
117 352 5348793099070109566
117 353 -3133343200145771714
117 354 8823084185415854417
117 355 -6136548619686542010
117 356 981779340825333835
117 357 1300282265978097822
117 358 7464315070860936618
117 359 -4696114195896163760
117 360 -5806737218905648706
117 361 -4167333903664451068
117 362 -1510585707645904436
117 363 3350062520363728753
117 364 -8085310949862982113
117 365 -576206671727385539
117 366 1207844348344487635
117 367 -8457173464201174640
117 368 5594664858326009993
117 369 -6076248728082370916
117 370 -2479025460007353446
117 371 -5505047589913469921
117 372 7112169910515461981
117 373 -1193382055585314659
117 374 7271640003745949104
117 375 -5156583130337056750
117 376 6952081024642842291
117 377 -4786430410868230273
117 378 511576595912353130
117 379 -7432751464535309548
117 380 -5736717446711157013
117 381 -3806524583096205341
117 382 4353038552746476062
117 383 1729884006649213558
117 384 -3438829311186184374
117 385 -2797250232043414837
117 386 3025067924018056132
117 387 6690600437012251109
117 388 -4584935900117736437
117 389 5431692467245422233
117 390 -4862289203640053266
117 391 -689341836256127183
117 392 5827518010616039745
117 393 9121232976605353613
117 394 -372902348175187772
117 395 -236937488150482103
117 396 -1240573393999470938
117 397 -538877887844804083
117 398 4728137865565559841
117 399 928219572128834385
118 0 3541528139947644465
118 1 2964785137872636475
118 2 -2803076200247550440
118 3 -2835319166827660273
118 4 -5207556774090344732
118 5 620630560730454411
118 6 4804372609962331896
118 7 3323978679654632081
118 8 -7288486492459735152
118 9 -9044829124621908453
118 10 3475785782784739437
118 11 3341938739953079051
118 12 -3115914770400320944
118 13 -671736705065034003
118 14 -5188894328331193495
118 15 -5689091708383591105
118 16 8699619370149831214
118 17 -9081161290358884785
118 18 -6150193370530115290
118 19 -8434333888236293336
118 20 -6643839804407281352
118 21 1211052023085436544
118 22 2209514274682858912
118 23 2649653224637122258
118 24 -6724818128360388134
118 25 6179347528054302173
118 26 2062807384515012348
118 27 4903275755025738121
118 28 -239642447091181873
118 29 9179649865014091900
118 30 -6382684513081372923
118 31 -3617526477793651031
118 32 -4907007560667722538
118 33 -1013958908771185724
118 34 4670552887610973729
118 35 5297413893842337941
118 36 -1535896142456693408
118 37 -8260510111055943877
118 38 -6048361680623098681
118 39 4291481187824643879
118 40 6545758872769444393
118 41 -5639293988358622212
118 42 -849195708589675534
118 43 7639659308606938323
118 44 2169868026090426240
118 45 -1106962470192063383
118 46 6364198272630469480
118 47 1572492524056318862
118 48 -3927580525954356812
118 49 153065853591756682
118 50 -1846373416983493747
118 51 4084243480510789289
118 52 -1932930206868856155
118 53 -5513158385172781536
118 54 1606651616951367744
118 55 -2445830701792892399
118 56 2527957628775656201
118 57 -7244510517665322822
118 58 4536757049377108660
118 59 5786940880254065020
118 60 2193203621671277110
118 61 -7880253930732047469
118 62 1569506540232132027
118 63 4314370598427155401
118 64 8813063524774585017
118 65 -5969553612186682816
118 66 -5127696679788380917
118 67 -1546061842366177869
118 68 -3734079029409542069
118 69 -6795316522852049091
118 70 -1646346967654848486
118 71 5506679760508047982
118 72 3062519865081536445
118 73 -7552480181586860806
118 74 1774773630634006123
118 75 -267294621288337031
118 76 2138155095600381721
118 77 -6149995764222834657
118 78 189665396363521043
118 79 -6507531322663702905
118 80 2015067466895369661
118 81 -1313583049093857654
118 82 9093768313951074590
118 83 -7456277093501831261
118 84 1158056678015276638
118 85 -3947704561924959373
118 86 -7221519752828341821
118 87 -1583815555380235483
118 88 -3643029423364278133
118 89 -2358139074435253941
118 90 2453528735078271840
118 91 2938234633659985393
118 92 2679012531693317726
118 93 -3911614471007493278
118 94 -3476565460993037548
118 95 -3962206968602830421
118 96 4821132366454803500
118 97 4726510267383011811
118 98 6780098237320471321
118 99 -7712107820461898534
118 100 -7069594947888791771
118 101 -816473435616837500
118 102 -3982307723372721226
118 103 7023110311674790888
118 104 5023702657002955850
118 105 2582628807967034377
118 106 -1400452089001720584
118 107 2484890767937703529
118 108 -4402307285241448225
118 109 -2317258483111063625
118 110 -7422261134787578536
118 111 4066454647214939781
118 112 4467280722204923974
118 113 -4652254763154485793
118 114 7928911760876262151
118 115 -605939731371374965
118 116 -1486974071463394243
118 117 -6463715015953970344
118 118 -4221755664829959968
118 119 -8654685129988379126
118 120 4343606704852758181
118 121 2294807208488405367
118 122 1734055481633676624
118 123 -7582912290833482430
118 124 8045147207047871865
118 125 -3238684276490413619
118 126 3215784786524181211
118 127 -7711047364507298850
118 128 4253840785978691129
118 129 2682555624052826310
118 130 -5753627510993465811
118 131 1976946675253688829
118 132 -5938161417566527973
118 133 -686430201151783529
118 134 8626137883221956249
118 135 8352396003060894788
118 136 8876226921463141140
118 137 -319973085583338724
118 138 -3198039520120517021
118 139 -221484260231720442
118 140 -6655129780869499167
118 141 8905515748806007494
118 142 4479389721755532278
118 143 1718509461416537934
118 144 -7964750066366396386
118 145 -6485275477133338720
118 146 -4689430690392689108
118 147 -8362774787535562134
118 148 -2794958823157839732
118 149 7157874289471947636
118 150 -1473313058060593208
118 151 -3231180888845844637
118 152 7655196569246001833
118 153 -7452410826916843793
118 154 -7564694964491554166
118 155 6192744086519908498
118 156 -3158392421861321004
118 157 8867891595775059796
118 158 2772134846188999423
118 159 5427788325832450708
118 160 -9075749172644710008
118 161 -3296248546215253342
118 162 777527099008804990
118 163 -4552822051645044687
118 164 -9156261544664801057
118 165 -4441102364942606614
118 166 4183756992314446599
118 167 -895264956127538389
118 168 8899171303565898252
118 169 964556120436347392
118 170 2130587680437715787
118 171 -257948634625184969
118 172 4619818500894410223
118 173 2165192215594092240
118 174 7871040119645360653
118 175 -2993847699860143893
118 176 -198064736607216872
118 177 8921093754054067885
118 178 5058492206616375385
118 179 7372437187056199492
118 180 -1788396325679934543
118 181 -1595318537903048632
118 182 -2617406454911699094
118 183 7495168665700212020
118 184 -5241670988258191983
118 185 891790226782161844
118 186 -2495120126599750923
118 187 7338015339399243842
118 188 4323132524170638196
118 189 -6407828041310844855
118 190 -7537110301969644413
118 191 1066465159885552044
118 192 6440088022476322034
118 193 9074561547725608829
118 194 -5912037488862669338
118 195 -734409405195273037
118 196 -164136077380004311
118 197 -8787906067565815026
118 198 9053246657667846676
118 199 -3393381751840392266
118 200 1339332684968073499
118 201 -7277302293981100022
118 202 644475899903389458
118 203 2578160355616051187
118 204 8292919289971013042
118 205 9110381387948062975
118 206 -8436041777415949661
118 207 -1230322590229513093
118 208 3834398824240409992
118 209 8128116886624241611
118 210 -5868040885168468759
118 211 4584775410480439778
118 212 6478090482010627281
118 213 6755241607527378460
118 214 5469799526712531781
118 215 -208250979708084822
118 216 8862702824757174302
118 217 4057258697932927048
118 218 3534054323670918980
118 219 1544724170340640478
118 220 568864828086486848
118 221 -6722095194134657157
118 222 -4295762539487405814
118 223 -2778120314218221602
118 224 1884093154162473836
118 225 3220648583992539854
118 226 -7802997716657835117
118 227 5079448418471410302
118 228 -484554436151629438
118 229 3630830970737294212
118 230 -4094302115150724210
118 231 -7744772580810911732
118 232 5117419552080016216
118 233 -1170453880858564141
118 234 -3644570276998802565
118 235 -2219324660520281105
118 236 5970309719748600282
118 237 -3611978923534205354
118 238 3463092980250200196
118 239 1044340408803809839
118 240 -3433596031724684441
118 241 5535331884716135291
118 242 4088045752641198747
118 243 -8374701543013199416
118 244 -1855417605881906879
118 245 614364875364816264
118 246 6928386223054959372
118 247 -1540770765087209452
118 248 -2475354647547481918
118 249 -4986054935975163240
118 250 7803092485077226086
118 251 -7282684132034796292
118 252 1512865028566633166
118 253 502804945865011427
118 254 -6383524904454545637
118 255 -2760382678850178274
118 256 -135997908231350877
118 257 6790446008389588827
118 258 -3437689570119862609
118 259 6386168290850882077
118 260 -8774819836562864410
118 261 -5126385550820945430
118 262 -9037811768771306215
118 263 6337763990620506289
118 264 -2158409512392977092
118 265 -7322882144878506094
118 266 -8811374920471640214
118 267 -3687524701311971993
118 268 6449896375286610263
118 269 -8664114794804985438
118 270 5655829042324831297
118 271 -8069936546113377131
118 272 -5314327150121610016
118 273 -4751511505003047528
118 274 4980246078607201010
118 275 -3395423143451262737
118 276 3259728080474415685
118 277 2590853850653730324
118 278 -4147082944376438279
118 279 -1434559377833651530
118 280 -8185181685662036519
118 281 -2368508160789958466
118 282 1138582250041051003
118 283 -9198616287900746607
118 284 -4264926340990996937
118 285 4894486163117432206
118 286 4013229750836482021
118 287 -1486394338082323601
118 288 4982091626108435659
118 289 3998166528270494705
118 290 6219490380521582664
118 291 8126416592414044402
118 292 2218846274192442826
118 293 1636674729730633610
118 294 2242556687533586384
118 295 281424952457242470
118 296 -2089632507238073122
118 297 -7337605454530223165
118 298 6243089261008325112
118 299 4344835904879299433
118 300 8706203032326071439
118 301 -5980859992672932577
118 302 5319280059738571217
118 303 8867894447988691671
118 304 6757275136953807297
118 305 7185920031057686657
118 306 -3169383017528822965
118 307 -5661206550228647531
118 308 -1804358615644637105
118 309 -5299913062093527762
118 310 -1612133176933472860
118 311 8054118175537670128
118 312 -6803350323218423731
118 313 4563937207158952075
118 314 -2912007767405361851
118 315 5309083379516384176
118 316 5759570588278364304
118 317 -3602418057466674044
118 318 1746265684997341483
118 319 8661909328795784080
118 320 2922470467543695245
118 321 350825259307514154
118 322 -8942437610977245994
118 323 2519874126104353171
118 324 -7668861023713399608
118 325 -3499022483753911670
118 326 5504028429235454962
118 327 -3290303812142671621
118 328 6696997046036816540
118 329 6817158954823410061
118 330 -4233012045462953012
118 331 -1368667165934875988
118 332 1948687827913496961
118 333 2460776870838548800
118 334 6160262363850721532
118 335 -8259968018193711215
118 336 3982294218752986487
118 337 -7246141655361279672
118 338 3096272487094907900
118 339 -847241034004417870
118 340 -3162120146424168061
118 341 6254422691802994202
118 342 -8573634390684762613
118 343 -5436457766768298489
118 344 -6656859046642908413
118 345 -594399925604707472
118 346 3621287378891219663
118 347 -8846965396299066866
118 348 -9146944106537588524
118 349 2836244655442040617
118 350 -8702757768454002187
118 351 8195270510141715723
118 352 6228554122464373690
118 353 3137265786209672081
118 354 -7985257918490860216
118 355 -7335904315655148006
118 356 -5059578334714413005
118 357 -3677479907895504261
118 358 -559630596551670028
118 359 8346930960452136965
118 360 229494407571673097
118 361 3889971839487109026
118 362 -4498456572423124354
118 363 -8364221177461942067
118 364 -3020086385718233388
118 365 -5232259765603870362
118 366 2528714984681710209
118 367 6837041588296744662
118 368 6584847874379695420
118 369 -4254071057810556475
118 370 571559372009688981
118 371 -4624122622313630538
118 372 5572143054382032754
118 373 2618765607639167078
118 374 -5224042156427125047
118 375 3168014182347014761
118 376 -518961138206965819
118 377 -3863779169306869114
118 378 -7368458936555034555
118 379 -1820666617969885215
118 380 -4878230826492622244
118 381 3001535063568769094
118 382 2179354073337924864
118 383 -5948516296800143783
118 384 1154065684088917246
118 385 7590648260732233825
118 386 -9005420534996410676
118 387 -3888981320728083195
118 388 -6701038514059026115
118 389 -1630231997537651815
118 390 2664025178786314922
118 391 -4675444829416549043
118 392 -4743375434031960908
118 393 -8606855665987995360
118 394 4513592786207202214
118 395 -3454844320823925997
118 396 -3210212214787727416
118 397 5218701389332664262
118 398 8804386730434065758
118 399 4849489954639004074
119 0 -3182771689580490653
119 1 3096269190656970625
119 2 3132349291002380047
119 3 6345698609378701539
119 4 -7212978639343886598
119 5 -8638669756546725863
119 6 -1978100441532596134
119 7 8806402193130563945
119 8 8449721975232807477
119 9 3020529441287159279
119 10 -2841962041763089419
119 11 7702730346770641230
119 12 -4826812890517219141
119 13 7097055718931579260
119 14 -1269046386457248734
119 15 -5779806706182543886
119 16 1285179246729429105
119 17 -6075872527449861950
119 18 8214423198266694712
119 19 -4670609338416033369
119 20 1249938587590592809
119 21 -8722015260537002458
119 22 -7558766426853149129
119 23 -8011555640500107145
119 24 5229639277221036599
119 25 -3461194271107224159
119 26 8329729556281541130
119 27 4729489753283334243
119 28 7316558868220474599
119 29 -6316883547959583127
119 30 -2950342044175136726
119 31 -3281830455841521255
119 32 6279815357398689396
119 33 -4623673088073522982
119 34 -2143673988473017401
119 35 -1203313918001027017
119 36 -8938170406445203167
119 37 6217903391112800446
119 38 7866496747056554791
119 39 6775892809531091910
119 40 -6945369034245205610
119 41 -2441221273296510787
119 42 2101065273686564075
119 43 2779805776707739984
119 44 -4470816382753531549
119 45 5958321552077257800
119 46 7948276799451410777
119 47 2897891563571368837
119 48 -9004865359289328669
119 49 6349037505756634183
119 50 -712534392266425433
119 51 7281154226849059099
119 52 2521835704223709948
119 53 -1010286696375453984
119 54 -4731179875440867611
119 55 -4149852384414400586
119 56 6804272163535524742
119 57 -6221538465166902113
119 58 -2596074079853694782
119 59 2630064321616491702
119 60 -3687356757156442426
119 61 -656183088021847871
119 62 3329304643536196378
119 63 5757187928582288098
119 64 -205281947613163500
119 65 -1961298253962785963
119 66 4455356397746360257
119 67 9061245797299098518
119 68 -7532500328316586129
119 69 -7734855434117498494
119 70 -3523457951854425841
119 71 -4845025795977979567
119 72 -3783948319932546601
119 73 -4983098150090585165
119 74 3029681784761556514
119 75 -8148017069252338839
119 76 7798991954092922166
119 77 6393150951099384671
119 78 -2279841363553958933
119 79 2296049329656665204
119 80 -4405379470645311773
119 81 -8897000638189116057
119 82 6694562496623079777
119 83 -6410128270450582183
119 84 3521008757856218159
119 85 -5685916568319236374
119 86 1651179525466872382
119 87 -925132810368434226
119 88 -2197862438017181088
119 89 -3998404183767374141
119 90 9192461313068609293
119 91 2200606997050460300
119 92 6543295406943891664
119 93 -3041256001072623971
119 94 7261594309385481187
119 95 -737941098027768936
119 96 -6687525457653490497
119 97 -6345121672279671245
119 98 -4683160117445889941
119 99 3549910072852060183
119 100 -5853171412940995071
119 101 1088539627398532732
119 102 -3698730094840299956
119 103 5472052262279820488
119 104 -7991168454786246170
119 105 5155001006577069095
119 106 -7628315542624590168
119 107 7816606238326093879
119 108 -7473999188165548015
119 109 -5942184078629882289
119 110 -1421293355790770155
119 111 3316468444712666960
119 112 -7271022887921326226
119 113 -1400572719104714952
119 114 -7671826705559558587
119 115 6944936181873228949
119 116 -4757977905495129817
119 117 4413096522497842887
119 118 -1387317648555793942
119 119 2252772100118369074
119 120 684427935775384460
119 121 6547476679980698178
119 122 4349459695220589242
119 123 2499752225124078960
119 124 -3389390858315721882
119 125 3704735101756448885
119 126 5550500127327969077
119 127 7784950780937342519
119 128 -299223686379482214
119 129 7447549532954134786
119 130 5264318117158775690
119 131 -5263036067283315254
119 132 -8781505903489940005
119 133 -5204262808742895830
119 134 6702040602004364375
119 135 5514000262045764756
119 136 644870052656172401
119 137 -6179869379470213633
119 138 2115974605429486468
119 139 -8709901195629482610
119 140 -7942162461106183006
119 141 740544522977741833
119 142 -2334886216260752774
119 143 4925645536697443512
119 144 4428415450096771498
119 145 -3940529261032957257
119 146 -1899003034080458230
119 147 1540273451465279672
119 148 -7800223035989501980
119 149 7958846231014229482
119 150 4109914421501069538
119 151 1905727096002357222
119 152 -8024771563397597249
119 153 -8897690194199999297
119 154 7373679074807053986
119 155 7721538830311671406
119 156 -5582304509557016883
119 157 41405708386059498
119 158 6739071410229217053
119 159 -2791929010603807377
119 160 2624719911279776576
119 161 -8834743251960539748
119 162 -9114533010796526683
119 163 2412517891973618139
119 164 -4015871477621998472
119 165 9119623520743705616
119 166 -6053231979491024788
119 167 -5889142083300815617
119 168 -1574413035306982215
119 169 6500452513973257879
119 170 2607961109006373109
119 171 -8585703084551998967
119 172 -3506526675536680396
119 173 3536053448454321193
119 174 1152187530593757919
119 175 -3978070158821432240
119 176 7111387244672341827
119 177 -8974166363957774223
119 178 -6174087043757166874
119 179 6811470733964419076
119 180 4054259612022357770
119 181 6623187407083248856
119 182 -2390049639375084151
119 183 576301724024219006
119 184 2969401326600450615
119 185 -2523783899775601788
119 186 5285480161781038097
119 187 5828382806068562392
119 188 -929170469690458241
119 189 8262076583360879588
119 190 -3624983395078258083
119 191 -105450710197272970
119 192 -2935616350987586105
119 193 8635508098733946775
119 194 -6742889012750376588
119 195 -1662090462334621022
119 196 -9155592973498927106
119 197 -4125451213283563101
119 198 7216571771378996126
119 199 -4819912377721519276
119 200 -6367089941886480354
119 201 8032419957874948165
119 202 -2041927879496370908
119 203 4841766467612032239
119 204 -3914854725261248350
119 205 -4803084461974693050
119 206 7607244192486844400
119 207 -8244061177288617650
119 208 -3649261893514328681
119 209 8871027398024741428
119 210 4673896729774560495
119 211 -1799946239612063056
119 212 -6196041972450637992
119 213 5676255574135167911
119 214 8685240659891574964
119 215 -8628373562735715602
119 216 7533271231278094376
119 217 7751347440260637217
119 218 -9149457089090521135
119 219 8142431168103784254
119 220 5440258834217137224
119 221 7294276152724934250
119 222 6847554652219205794
119 223 -8105685027838529473
119 224 336296329214590273
119 225 883780589530853271
119 226 -8805995823306302452
119 227 232219235493418343
119 228 3452383107803017858
119 229 -6189339072829148736
119 230 5733589778259106155
119 231 -5709079873506301572
119 232 -1994007607149851928
119 233 4765148449416997870
119 234 623564768199413484
119 235 -785694754176940977
119 236 1431252702075700794
119 237 -1060144384037131637
119 238 4961844405497332014
119 239 4078742409907614153
119 240 6859779283520662549
119 241 7868840155988479948
119 242 4701991510252586265
119 243 7095742999952783109
119 244 9023756365367096627
119 245 -5391346975439746585
119 246 260006226943254842
119 247 -280578530234541509
119 248 3073173155668070854
119 249 6371153077741762520
119 250 4354149896210214145
119 251 -6054037696453661739
119 252 -2137555614099893593
119 253 -4633536877680216090
119 254 -2106916810260737686
119 255 -903875654762473462
119 256 -310721160619270901
119 257 -7567210995215800299
119 258 -4017316627038191881
119 259 -1919620577414759458
119 260 7024470063573414046
119 261 -400536477749768329
119 262 -86235160588954383
119 263 -7592071035443755622
119 264 5900844264104262223
119 265 -3500327455555752867
119 266 -4791350677103727800
119 267 -2825484358055474395
119 268 4407688659711292328
119 269 -1578550815438024699
119 270 4915414077938917409
119 271 6907840509626570254
119 272 -2662366869960770999
119 273 5189277130497829338
119 274 -3734827613027769202
119 275 8244737673728093015
119 276 8968904829323788990
119 277 -4380187849157205110
119 278 4322828248736350290
119 279 -9007163830736147297
119 280 7281940727943078225
119 281 7124023062455220605
119 282 1239665724349714742
119 283 -5440336519781614252
119 284 2986233763719162977
119 285 -8638748611080435879
119 286 3487954136333455439
119 287 1136517022675712577
119 288 -4274118671708472481
119 289 1315919926798209438
119 290 4428829023126636867
119 291 5036129407044558904
119 292 -2699053151592845237
119 293 -2261711357987439173
119 294 -70041935946496355
119 295 -7285487163972018233
119 296 1286136467072938064
119 297 -4127400079459790369
119 298 -5166100835970118
119 299 895328212957226112
119 300 -8755456146873494627
119 301 -4984580979132882782
119 302 -2074146087063096683
119 303 -6407896258836047037
119 304 -8795796999764295810
119 305 -7327075425629429049
119 306 -473214579303187639
119 307 4576934041422372068
119 308 1491650694545191866
119 309 -4245987642950485660
119 310 -3376319486322120933
119 311 3455245055739690298
119 312 727715342053790690
119 313 -7410002390279725517
119 314 7175241858199322025
119 315 8556859511754160393
119 316 5925078732777669204
119 317 -5610330295104823591
119 318 -5011915377930237336
119 319 -8245125649252751961
119 320 -3355808469598094200
119 321 -5443151485325276977
119 322 2076653063674052747
119 323 -1401297011901749529
119 324 8081284734928199993
119 325 -5087558304164899192
119 326 707865395791051687
119 327 -2914002505657097929
119 328 -3367957801705696806
119 329 6982567249322304785
119 330 -1924909026652970206
119 331 46212472683670665
119 332 8183140440001985686
119 333 -7079978367136984183
119 334 -4144210565764244783
119 335 3252482013705273645
119 336 2354517199968037361
119 337 8563191854162974795
119 338 818587985451969127
119 339 -1134604179842566592
119 340 -8016751797015509853
119 341 6050793427830955856
119 342 574528266524292315
119 343 7595204229361097936
119 344 -4910813346662995844
119 345 5132670077270696033
119 346 -8799513143248769116
119 347 -1931467177301123687
119 348 3225101693756584261
119 349 -7505837356483980776
119 350 156875412351037303
119 351 -183352995233012131
119 352 -641392567336305249
119 353 143889566871855203
119 354 -6868226996632328061
119 355 -4550169984374286475
119 356 -3369292206574541933
119 357 3902094468927468528
119 358 -947410857893639650
119 359 1299680216598702694
119 360 3583320252638957963
119 361 6736207712671450311
119 362 -8317749279028978186
119 363 8887534642825592158
119 364 -8855903220540035670
119 365 -2961114740769086819
119 366 -2548022911170225426
119 367 5204287811641189190
119 368 2445613782836455003
119 369 -9139703760496848400
119 370 3769320069541486158
119 371 -5865282152223939617
119 372 7607695637640403511
119 373 -556625696747692565
119 374 7492536645528805836
119 375 -5265204398065903457
119 376 -9204033483436784037
119 377 -4040136391789599920
119 378 3368208511657177191
119 379 -2781220008470314158
119 380 -7689244046562065810
119 381 9147138608467576322
119 382 -2370996521679402241
119 383 1856595639572999799
119 384 654918361995421058
119 385 2478299530659816839
119 386 651012732261659
119 387 7387808875224263718
119 388 4276540389260948766
119 389 -1031790366643879357
119 390 -545761278793300475
119 391 6259414895549260147
119 392 -8723062667986182589
119 393 -9008419613828469414
119 394 -9142196257739655509
119 395 -3234160341248079762
119 396 -8956450601269209944
119 397 1575144800057031522
119 398 5701326293038175242
119 399 -6968281189261057062
120 0 6436420548335822950
120 1 9028491644230905961
120 2 1733988558835800338
120 3 6399798879158573300
120 4 3237446844463479368
120 5 -3724502252902422241
120 6 -7967397733815208956
120 7 -310770371818691279
120 8 -5411735996567268435
120 9 -6971829976963885543
120 10 -6629823459326630017
120 11 -3207037756440427732
120 12 6824444354588304638
120 13 -1210288475867151077
120 14 -6959633459089870123
120 15 -8813453210286131967
120 16 -4714956637052327018
120 17 7784053235253550947
120 18 7713797954187264979
120 19 8570372787450495078
120 20 711366004086885688
120 21 7631683391302047105
120 22 -1970523805262446386
120 23 -7026958876331697535
120 24 4492872758411515789
120 25 2790493431455474426
120 26 4837057052824846917
120 27 7712932575897474153
120 28 4074029277558675366
120 29 -3971714606961716865
120 30 8503214713175409650
120 31 6350960279752451432
120 32 -4295751652766700635
120 33 -7758460726329900439
120 34 -3249574951466505631
120 35 -2249494514315364355
120 36 -8757856308680740241
120 37 1406063569273326623
120 38 925812096810350900
120 39 5309131505758992401
120 40 4253182350775687010
120 41 -8452163069021777346
120 42 1775974544016779881
120 43 2538168635327906494
120 44 -4788888815071036358
120 45 9044499629751140339
120 46 3512544903402123009
120 47 5338717512671306388
120 48 -4765779823417489790
120 49 -5050921615790977725
120 50 4454722256684914530
120 51 -5692242073185369653
120 52 -8430615696454731202
120 53 4607513403030816773
120 54 2842672378568027434
120 55 3694949697117358234
120 56 -6775820119596649712
120 57 -3964471073925506377
120 58 -1727403686944772280
120 59 -4939573027774710445
120 60 -9069933462012650220
120 61 -3882454062807897877
120 62 -2188880306939939455
120 63 5971634649462776635
120 64 -5412982064393116624
120 65 -6235906124731881733
120 66 -7163200311327341592
120 67 2757587686756533452
120 68 -7912907341476339586
120 69 4429216035057721547
120 70 -2470170508004749375
120 71 -691312195299626962
120 72 2510052074043963769
120 73 6909399671367535147
120 74 -12476234343504659
120 75 747869763227147794
120 76 -8184383158870566522
120 77 3249898351166288540
120 78 7229721521386231664
120 79 -2045062862534902843
120 80 -2913657802440388790
120 81 -470766669317078851
120 82 7650394998587156883
120 83 -8697088913930943784
120 84 3264154481562044941
120 85 5115431421597711978
120 86 28969803024516618
120 87 -5661160520901007384
120 88 8904236023318756500
120 89 5941693966755466197
120 90 -7687133094794095532
120 91 456981203934224918
120 92 3305665454270653516
120 93 9071348720986100271
120 94 47326267860579868
120 95 -2420884110127463814
120 96 5176397878614364912
120 97 -1521811220004541426
120 98 5448856244379824818
120 99 -5188292179533213199
120 100 3378102676221719797
120 101 7267976108821128447
120 102 -6678553585744662622
120 103 -7314212917931873749
120 104 -972988213762963806
120 105 2198175539473479816
120 106 8696483523917062400
120 107 -7199225701254848671
120 108 -4407350536372792048
120 109 3431954111895696901
120 110 4640513143258794717
120 111 1483093430540919214
120 112 3357333677397898288
120 113 -7445663652790137145
120 114 2951030570733609424
120 115 8787164277918645987
120 116 -1560534102836330057
120 117 -4084856272017252188
120 118 7543019120343060271
120 119 -6011351685228724730
120 120 -4761885776085012980
120 121 6638290220051889213
120 122 -5092440501959183955
120 123 7374476854320434136
120 124 -6856635475730699751
120 125 2752983567943056482
120 126 5826562219417805572
120 127 -2233080107942991583
120 128 3441765782897037121
120 129 4220270115478846949
120 130 -6356925198878641904
120 131 -6518895889625314573
120 132 9151451076243211358
120 133 -8363644561900080514
120 134 2749732954342571572
120 135 -398146146686910175
120 136 283166952511812597
120 137 -4804326956730079324
120 138 4167374963366318763
120 139 -8692287464967817310
120 140 2450932647672599058
120 141 -7586512081055965720
120 142 -2362469713778396063
120 143 -5183582983878407176
120 144 -7193732814387404465
120 145 -282587374925640598
120 146 2238391767322687392
120 147 -147146910929943147
120 148 -6106010474957178261
120 149 -4334580198894509798
120 150 -4148772156754479665
120 151 3691115888467410636
120 152 -4576384235486877603
120 153 393093968800504355
120 154 7270292047939408955
120 155 7713246988955451607
120 156 -156617063426696665
120 157 1580221204537715810
120 158 4359037285433006982
120 159 9094037617682205959
120 160 -8776736982020124559
120 161 8746801256638522126
120 162 -4868588871840816029
120 163 1504332500121517328
120 164 4109434096436435724
120 165 3811855079086689504
120 166 -7037582557232303128
120 167 -7183284244861878419
120 168 -2142413860498393176
120 169 -5065202475052491710
120 170 8670167902245451142
120 171 8714348489803058511
120 172 -4629273949374543731
120 173 2510494710875811303
120 174 1533218361708157555
120 175 -1026202367326967030
120 176 -1193374890996658157
120 177 1386249782431041804
120 178 -2885668126703781486
120 179 321944776014236439
120 180 6434154459045588007
120 181 -514978194606392808
120 182 -5692410640394730548
120 183 764927746799496686
120 184 -491637715361758986
120 185 -5533754601287958893
120 186 -8502443684546094427
120 187 -8857366598126679257
120 188 5834287846894546813
120 189 55039913785685301
120 190 -5179670903949905840
120 191 -2281117914386701934
120 192 -2988238281260191064
120 193 -5735272605583842431
120 194 -5666945459697367855
120 195 -5594744677378045418
120 196 -7631626721718705419
120 197 1738369688432821666
120 198 -302032377515282840
120 199 5671488385267461231
120 200 6207647574283469725
120 201 -2154795672098498994
120 202 -254899376908762626
120 203 4657104179508846954
120 204 -3825616336590489638
120 205 -3653874608333014758
120 206 3032118925324918563
120 207 6754926735773157412
120 208 9158184254028735396
120 209 5144712383143511131
120 210 5783365232291189449
120 211 -5034659777008078712
120 212 -8688511678373766814
120 213 8076711635279036023
120 214 776382502702967411
120 215 -8538633245812764375
120 216 -7169426683944001091
120 217 4387808894705344685
120 218 7825126731877337866
120 219 5325836323973469342
120 220 -1126934157936606306
120 221 6903030431082926314
120 222 4972023087910206335
120 223 2276184843375397922
120 224 6608635036318709385
120 225 4639178588330455480
120 226 -7097958982345358080
120 227 -2232963860002137279
120 228 -8732073160463376073
120 229 -6421145711264633169
120 230 4506399819183002188
120 231 3491881242635308888
120 232 863708651690158352
120 233 8023528268389463016
120 234 -3428516809866025368
120 235 -1217249486642437744
120 236 2024040321321540856
120 237 -4647999442781588935
120 238 -3472077835926977881
120 239 4088646368776627218
120 240 -2657911517409156682
120 241 4175304594426182051
120 242 4180510821548560860
120 243 8837842365305808551
120 244 -5567151165187547743
120 245 -2636081216312325343
120 246 -1520918448900356625
120 247 -5115024308170195853
120 248 -2255162838966589543
120 249 8684645563329130728
120 250 -2137983268556966390
120 251 4716442016292606979
120 252 -3108444734446715865
120 253 -6458271865588774544
120 254 -3870740886971260798
120 255 -4792600725979262346
120 256 -2987853061675502272
120 257 -7967985110489184780
120 258 3019978972385441771
120 259 3565632803352344442
120 260 -2907481868111927173
120 261 5239996740487774334
120 262 399594376905878212
120 263 -1618949034014963537
120 264 1010224385514969466
120 265 -1475574015714860250
120 266 951136053735621489
120 267 8150272401329632848
120 268 -5901487379691173769
120 269 1977407492710881655
120 270 -7108798598256623593
120 271 7967054119926927465
120 272 4137788901250508118
120 273 4256143018452651808
120 274 -565039382777355519
120 275 -670957521050567944
120 276 -162863383801490777
120 277 9106847971052911451
120 278 185866666489664900
120 279 4163955881414280977
120 280 7588574108368330892
120 281 8681157180960809704
120 282 5283004291467340155
120 283 7802591098694890795
120 284 -576170123351728171
120 285 978871328195373499
120 286 -767133176224782615
120 287 -3145260696683600824
120 288 7220637684989188457
120 289 -2341604678075514388
120 290 -3477325630464882866
120 291 3145573536647941604
120 292 3781028132899394993
120 293 -7770297621660804794
120 294 -9129925170241758250
120 295 -6410727891218716722
120 296 8077297200178067951
120 297 8567310791703587670
120 298 -1542483311428760286
120 299 -6179133110628006118
120 300 -1594446542586230156
120 301 -7965759442829368627
120 302 -5772943065003644186
120 303 1477332161467828285
120 304 1741841370757579695
120 305 7580134349362721147
120 306 5918328643226916285
120 307 913694100955417080
120 308 1161861575947444698
120 309 8045883803471144105
120 310 -8674615614796724658
120 311 -6474827165253586600
120 312 2202257220022502042
120 313 -5537733756136476535
120 314 767800777709526734
120 315 7836410931638662397
120 316 -4935577848407599721
120 317 -2494840363107312205
120 318 6554570000671089840
120 319 -1351917916595867778
120 320 1917118045846427025
120 321 3338949389913200225
120 322 -4550860993416400931
120 323 -4103539876866126387
120 324 -5373162123992818589
120 325 -7928837405772289158
120 326 -7857692253102399305
120 327 8336668987964132785
120 328 -8724191248560501646
120 329 -6578913833669278980
120 330 -2394565466766304952
120 331 -7667990008455257699
120 332 3689261740828139651
120 333 -5834987959759302917
120 334 -1809539771478090099
120 335 8044109573929802137
120 336 8881233023332796355
120 337 5051671861642310594
120 338 8950861940914465031
120 339 6472459344753636796
120 340 -735801247965819688
120 341 -9017067750336110649
120 342 7114039549769658924
120 343 8273097055725715304
120 344 -508629049800291773
120 345 -5119603298947519270
120 346 -4614312162110902058
120 347 2110609329282548643
120 348 -4526243704880565259
120 349 2378404848522924512
120 350 -5506030916436003712
120 351 -4486481622916033085
120 352 209819412946300705
120 353 847171669387292707
120 354 -2992501051765327626
120 355 -933691542366937302
120 356 -6316399862832711595
120 357 -7619884696508851444
120 358 2017638413692576670
120 359 8654432186446123352
120 360 -6205474191448319444
120 361 -2487390201692238564
120 362 3752097794945663510
120 363 -8503130035493535026
120 364 7158429963075090028
120 365 -1753979949259884279
120 366 -8493951568289567657
120 367 7544256525220698037
120 368 263451315432135646
120 369 -6441323695981412546
120 370 -2689537067384872575
120 371 2257669847754211923
120 372 5944711712505247391
120 373 6508466187967249855
120 374 -3377478551763768843
120 375 -7500155087234208285
120 376 5841864296528073575
120 377 -900164756303926822
120 378 -5026410065977003403
120 379 -8625010155339174599
120 380 3585027224976995800
120 381 3678372546684399639
120 382 9165499907676087062
120 383 7722732121770539797
120 384 -8582533734566986615
120 385 9113959271502823788
120 386 -1263940318519545573
120 387 4933893064019551681
120 388 3462665875232038983
120 389 -5364658497197170055
120 390 -2579760069040995647
120 391 7993959905346134581
120 392 5101358146626106375
120 393 -2523633880081526931
120 394 8021190601052010252
120 395 -7133016507502274684
120 396 27568680602826069
120 397 -1266722238510168097
120 398 -3894979367585667531
120 399 -8964974971217017548
121 0 -2591830148578350466
121 1 905069315022415521
121 2 -2152642784345445641
121 3 8980475431680539918
121 4 138195314080930778
121 5 1496220175301748776
121 6 7884919191311438622
121 7 -1574985533210723914
121 8 -8007100174377377548
121 9 -9022066439818749097
121 10 711704711667388160
121 11 -744267603728099577
121 12 -4058704630499038225
121 13 -2463268205932840455
121 14 3894364962490319622
121 15 -4874568703678318142
121 16 -9053797474924212507
121 17 4500361192335594735
121 18 -1789066447814812054
121 19 7262806218169792037
121 20 -1607061528740188073
121 21 2957672237352592374
121 22 7610000787116407465
121 23 -6947663174068470679
121 24 3946574966424595964
121 25 6110874922951098930
121 26 1421446460874989104
121 27 -4902575207135360970
121 28 5554003213117038192
121 29 -8514621310870321898
121 30 789236266383635616
121 31 2383462425534855421
121 32 4738606411379701748
121 33 -3912397965192560490
121 34 -7663862862108946384
121 35 -1107216782851524355
121 36 -2596230299905844965
121 37 -5169082752208952022
121 38 8747919623428540924
121 39 -2295726188608017380
121 40 -2127074912265921582
121 41 -4888731444700235481
121 42 -5796531126996046197
121 43 4893184104238105235
121 44 -3081451996569495858
121 45 4340270459306121348
121 46 3263276998264615484
121 47 2754177963321464357
121 48 -8264021816195480336
121 49 -8429056470999317915
121 50 -5272956263827045640
121 51 593766527369629768
121 52 -456972589475748749
121 53 -1180389719853089206
121 54 4286821815506976021
121 55 -6584172859002745232
121 56 1607409264936063678
121 57 -4832051253916163952
121 58 -6452493629542053751
121 59 -1668223477080810986
121 60 -2947978683479991757
121 61 4147441092925498438
121 62 3980756246032831392
121 63 4255052734874848066
121 64 -9117350561690651448
121 65 -7959710284497126684
121 66 3126254664608317277
121 67 -8349876138746010858
121 68 7913249422020921264
121 69 -6739139804568708214
121 70 2019491102468879441
121 71 7293022349828376898
121 72 -1114947259742168445
121 73 6685386769265709235
121 74 3096921021399542522
121 75 -3851320084883295484
121 76 -103494516529878690
121 77 -1981952138769589814
121 78 3928062826937176795
121 79 -1821938892065401672
121 80 2651241493448243607
121 81 -1224286564838571435
121 82 -4103064647904379069
121 83 4831403977219340662
121 84 4387015405287032175
121 85 6432588215849847386
121 86 -5770826257107957531
121 87 4394667080159221994
121 88 4096255431479741097
121 89 -3428546062455352244
121 90 -8703525854049488297
121 91 5172668334727872224
121 92 2246196515337313409
121 93 8026890563214157222
121 94 3457358522697419047
121 95 7624728207905984110
121 96 -4361155989356357685
121 97 -2322768038915932763
121 98 -3614174467764714591
121 99 2354021968280081398
121 100 -451041264970717817
121 101 9027669913399247422
121 102 5125937640532736993
121 103 443494718758027912
121 104 -7186576366868452580
121 105 7235346510263739482
121 106 -4934146629130180195
121 107 -9158902158074951685
121 108 -4511621195844332523
121 109 -4415029986131461810
121 110 -2786753116056360769
121 111 -7851256812607666144
121 112 5753649166288888607
121 113 -8612994454948191204
121 114 449749121602875818
121 115 -8309955689040843926
121 116 8485880343355997232
121 117 -2211347789188888166
121 118 -3935790953846065904
121 119 4109743594522581467
121 120 9030955972854654334
121 121 -2523329455948022875
121 122 850290921269423847
121 123 1922252607843246809
121 124 -6453411507309792533
121 125 -4668000750596511117
121 126 4880559254085798033
121 127 5070310424027616243
121 128 804176720696298114
121 129 3349652142249374370
121 130 -7219478050724206404
121 131 949147307275033103
121 132 -7105774129907778506
121 133 7333246754348363480
121 134 2954477698194014646
121 135 -8660552700103490022
121 136 -9172244561747898539
121 137 -4878167374262332808
121 138 2070119470550171807
121 139 -3999448394757974658
121 140 3826618649226062562
121 141 -9150967394358221483
121 142 605530988144006495
121 143 5861735337661203406
121 144 -8902892455291234932
121 145 8433964499036748485
121 146 -7563861902479804809
121 147 2370291400447705782
121 148 8048472842405079872
121 149 -3378852692795252804
121 150 8527025873191402802
121 151 -2708225226861450778
121 152 -3763625368981167403
121 153 6276857770907972374
121 154 4126212992343379008
121 155 6866975814901193084
121 156 -6388989237082287576
121 157 5036215723080611502
121 158 446185377262359464
121 159 -3837356862023077640
121 160 4848837149196830711
121 161 -7225907521058454429
121 162 7994151133245889649
121 163 -4987077072483025482
121 164 5932733171677246067
121 165 -3578091308076562998
121 166 -4714391685250071784
121 167 -8492190433958574492
121 168 1657168132389666257
121 169 4525160734078666880
121 170 -7376975011545704424
121 171 7791799460229779300
121 172 8460906619515126369
121 173 -2142030536321891884
121 174 -1640357675820592536
121 175 7959092249002707837
121 176 -5594499238614035923
121 177 -5315730716537493537
121 178 9081824019228770022
121 179 -8392960005598629227
121 180 7379229075298670696
121 181 -6538249316957990535
121 182 825407036043443147
121 183 -6666684540566418757
121 184 3287691403322757173
121 185 -5523433005120434700
121 186 579128264126252082
121 187 2157290448494650714
121 188 -8119529270793626427
121 189 -7449221684868570182
121 190 2639827240077765322
121 191 2905276072474667755
121 192 -2651069718647704677
121 193 -3916777624526887485
121 194 -4335136081035890052
121 195 5837163565799669735
121 196 -2906191328626653118
121 197 1015496670235726727
121 198 3164900439662067735
121 199 4423724516632091104
121 200 4679973753364591475
121 201 5187394904660245099
121 202 7156625022453039199
121 203 3725736925867526640
121 204 -7273961292728314690
121 205 7022923938696741631
121 206 1458244814143360461
121 207 -5539139273632920314
121 208 -2687265785681164247
121 209 -4747686813658108578
121 210 -715869308936533839
121 211 5402366543185527384
121 212 -2072910297709650341
121 213 1077669063768286017
121 214 -2208759181887519943
121 215 -8940341893012597853
121 216 -7505610070862121180
121 217 3045871491465667112
121 218 3279062871675009798
121 219 5443631108542880209
121 220 2698564738954705132
121 221 -1898725325780649074
121 222 139268523683044494
121 223 -7340705038214115774
121 224 -6894752377418838862
121 225 -1121346749273227226
121 226 6271010628203466979
121 227 8828751373509121786
121 228 -4778703494235975938
121 229 -8936057962955710455
121 230 443497811757900065
121 231 -6687683575645410197
121 232 -290445320196177652
121 233 1743058219457482998
121 234 6064782557850630931
121 235 -8560912922795739727
121 236 -8063270658533789646
121 237 454117842072623783
121 238 -1042231020297616396
121 239 2497060537832372951
121 240 3345628951028422536
121 241 2814340343263844479
121 242 -1167302675873055065
121 243 5207947645886868644
121 244 1491972415517260233
121 245 1325050445635494423
121 246 5233078085421559347
121 247 -7741072203353653435
121 248 5695902238624535456
121 249 -6198452417953589705
121 250 -7958913880053821114
121 251 5124206061710388475
121 252 -1375974086737575094
121 253 2738495594957141348
121 254 3725126410890988144
121 255 -6149337842034476755
121 256 1567331463096477879
121 257 -3248058012565992758
121 258 -6706129630955995408
121 259 7403570973968142345
121 260 -2728197574768720143
121 261 9122591241563120618
121 262 8863861109391586808
121 263 -6962652387963455133
121 264 5454238960805154219
121 265 6277994856885890741
121 266 1543240805598392471
121 267 6014171228082891293
121 268 5240806523852958055
121 269 3671073649215836321
121 270 -7786579605907033656
121 271 -5617674976230628680
121 272 -6688129460772661881
121 273 -329670955906050550
121 274 6504216145549664627
121 275 -4245479923764217710
121 276 2355557252565750510
121 277 2801645663064089045
121 278 6243638967215754698
121 279 2613069949021512745
121 280 -8305368928837009944
121 281 -6923754108641124840
121 282 -2267419219726450102
121 283 -1541605426460317362
121 284 -3872059099015032408
121 285 2630670557174456757
121 286 8927914175095035181
121 287 -4756382893316156186
121 288 9026073300101977446
121 289 -5379220950949512759
121 290 8096557728522875145
121 291 -1089398861456880747
121 292 4136360280210193126
121 293 -820801527113181718
121 294 -3383564892308448209
121 295 -4983654078661258247
121 296 5820752150995932222
121 297 -2479496441207727379
121 298 -1668229868773908392
121 299 8828267721212114760
121 300 689518766848451014
121 301 -1341988767120799716
121 302 -3450520120285438494
121 303 -5748286834410499770
121 304 9037951195821448714
121 305 -8036740231784249823
121 306 696893795489473808
121 307 -9189493886104237565
121 308 -2171765425642300550
121 309 557016417817414494
121 310 388427204279620977
121 311 -2339236639972766929
121 312 -346238812171622760
121 313 -2075980346434626453
121 314 -7871100818675203252
121 315 -7300519198850204966
121 316 9193271478881722993
121 317 -2370907258332478583
121 318 -5383620088135108185
121 319 -1149054103769639847
121 320 -8177767314431796827
121 321 7079745163657663143
121 322 -7486528015781785323
121 323 -3170039481654773724
121 324 4173185254812119167
121 325 -4402723324829985619
121 326 -3452132483921483603
121 327 7581141436458598534
121 328 8910713207650818380
121 329 -4451971171232883430
121 330 2260881254862692983
121 331 -3339629212780090862
121 332 5352979676479488089
121 333 7870635207175813669
121 334 3408081654827446100
121 335 -7304400828861635569
121 336 -1932178445468136167
121 337 5065087420333386023
121 338 -2665447531999361807
121 339 661273821309959694
121 340 2957512092854728683
121 341 -4878954398360457364
121 342 892672628265390613
121 343 846694629567740686
121 344 4614828651371733452
121 345 8315899126783753008
121 346 2249244552553139019
121 347 8716242639951114267
121 348 -1060030907937381569
121 349 1713245429037547042
121 350 -9034887000001957903
121 351 -8002446945885263526
121 352 3034694020981935213
121 353 6028687789842690675
121 354 -8402170549724218259
121 355 35122581653465235
121 356 -8401814552509173264
121 357 -6337915948484239433
121 358 6575876840979490749
121 359 4211840883303215856
121 360 5308522287546974966
121 361 5229957075890681998
121 362 -1501022903195040722
121 363 -5158596105128329939
121 364 1818256527406364183
121 365 -3488844039291748548
121 366 3298988075948675654
121 367 694089636494680752
121 368 -2596938583828192199
121 369 -4393037951737476277
121 370 -8493049163262969283
121 371 -2297837347202756911
121 372 6473617119832779904
121 373 -1872708056383766679
121 374 2536864266306798749
121 375 -5569730754797181853
121 376 -3622861493423843056
121 377 -4591368801942523859
121 378 -5989666078936523199
121 379 2762991500294974599
121 380 3086698678491676173
121 381 7597383657359569316
121 382 -8646904300688175051
121 383 -3651477345867927900
121 384 -8300489162486417749
121 385 5428874432508261051
121 386 5494116551656066019
121 387 -639661038301849286
121 388 8697675173913984495
121 389 3183728980518246950
121 390 7162796037106392879
121 391 -5724813651238049447
121 392 2072124188185155140
121 393 -2422888859583412170
121 394 -9167517076302494115
121 395 3691188954811294864
121 396 878875559562609784
121 397 4156115533944838451
121 398 2063630121791506418
121 399 -394747722655315191
122 0 3689712115586233422
122 1 6383636570865791505
122 2 -7527665075518306166
122 3 4414692031856667166
122 4 929590295199118167
122 5 7678270261003889800
122 6 -7316609093183738043
122 7 2675909193526657641
122 8 5887290522352872603
122 9 4772151511236951994
122 10 -7522212210852211868
122 11 -2845583636597008370
122 12 5956280160752017706
122 13 -8087053619152531278
122 14 -7891398343970314532
122 15 -4589004355290735859
122 16 4845582532857010322
122 17 7653278877174858330
122 18 4908366550726384246
122 19 6528005569718745526
122 20 3431719151406744564
122 21 -3045652820883159986
122 22 -3446377587093480142
122 23 -4686270226351366539
122 24 -7241437377400108913
122 25 -2217867489350203287
122 26 7989669013841026424
122 27 -2983838247965267464
122 28 -1355783083894493127
122 29 1000073337711449970
122 30 -726946598291355606
122 31 8401101060656643622
122 32 7787565177329869923
122 33 -841396632966690680
122 34 2524570895116243526
122 35 -7372656624832864539
122 36 9003071499686040948
122 37 -6330066690879175878
122 38 -7206180746306155582
122 39 274776915384843062
122 40 5169033865591989680
122 41 6462900790388495047
122 42 -3883380694496386391
122 43 2868168333874806233
122 44 207407386040889931
122 45 -4986582535284211793
122 46 3070183854280070126
122 47 222139096133001065
122 48 -2501892491633264647
122 49 7190768865469483965
122 50 -7570982759560646560
122 51 3498034356581480522
122 52 -5300971139418928211
122 53 4320847883717877828
122 54 -3186608461072175820
122 55 -6012986005767145715
122 56 -5104853024656920806
122 57 -595540379259478772
122 58 8198272630594168031
122 59 -3813213562520705560
122 60 -3012552285376802815
122 61 -6792817542229727592
122 62 5356623389421770232
122 63 -7828184006977979444
122 64 -5986488130046268444
122 65 2073650018012286594
122 66 -4825272453751570521
122 67 6880556657226828272
122 68 -3371480682629636238
122 69 4193341889149081312
122 70 -9125899256611868676
122 71 -5743746500746720247
122 72 1081351725444276762
122 73 -3434410667456352350
122 74 -2524831968086026475
122 75 -1813412703354060058
122 76 -2121190539743965791
122 77 8686406947801225164
122 78 5540014635592022309
122 79 8710516573749961651
122 80 6910345829749055737
122 81 -2089033376778406886
122 82 5202379503833573299
122 83 -8702960256320076421
122 84 5587178171921743230
122 85 -6748730345257215907
122 86 -3438898486168597661
122 87 -7897481628557282360
122 88 -7127327219573733607
122 89 3578078643479311655
122 90 9175804392259697373
122 91 9067864061254334304
122 92 2858652828179819138
122 93 -1659701358631055587
122 94 599559648939110303
122 95 -1576916818806630486
122 96 -1689049996694724087
122 97 4595934683729636779
122 98 -7855548054522858250
122 99 8864583164786955613
122 100 6570823744541188028
122 101 -8154261535756457112
122 102 8814126314369402305
122 103 -1151385771360453902
122 104 3860976709408775294
122 105 -8310429197421137100
122 106 2422318203244763132
122 107 6901768210372566251
122 108 7276455783532408921
122 109 7925272062208412745
122 110 -4075578415626820068
122 111 7930688126876180224
122 112 1989270815428029486
122 113 -8218444465802286361
122 114 9206561376298212566
122 115 -6038579664078731338
122 116 2589662633443366926
122 117 6481281627523547076
122 118 1294409569224047012
122 119 -4313219880854982961
122 120 7369590597758085057
122 121 -6137579458458903067
122 122 1452070776033275620
122 123 155352923605188103
122 124 -6812134440177585611
122 125 -3881213884333257206
122 126 -3912947705396111448
122 127 -8341821401237259821
122 128 -2420532382534446418
122 129 826160771035821997
122 130 3111318401040419973
122 131 -5742369208930725737
122 132 -3490372793175406769
122 133 -3773183779494325861
122 134 3777821490617227080
122 135 -1175415150946441201
122 136 -2059935292623293152
122 137 -803380643536605505
122 138 400414213887581426
122 139 2832994770461833088
122 140 -4042954898246545951
122 141 -728945303824084257
122 142 -8619118564470413258
122 143 -4498860691823314644
122 144 -4832714810276438832
122 145 8939931665132347906
122 146 3131031793385004864
122 147 -6584558010850230290
122 148 -1271514900366519586
122 149 -2679316889445616012
122 150 -3482198669719928640
122 151 -5980341740662534924
122 152 7854021062486982684
122 153 1471463503566186073
122 154 7799523307002613940
122 155 -5469022183904211982
122 156 5830926652638069943
122 157 6247439866429710861
122 158 8977763470491221972
122 159 -5531899338334735510
122 160 925053043832682024
122 161 -5064794848141846434
122 162 8046975145040824535
122 163 3233240840611049339
122 164 -2486660394970460380
122 165 3567316239601056786
122 166 6480337130313006511
122 167 5487171029519577366
122 168 5363215441814753319
122 169 5343824947092592184
122 170 -4120415455638593340
122 171 -5701808374305571765
122 172 -5026865671749501522
122 173 3671119531011862365
122 174 -2013909804197429510
122 175 -6914067292049551784
122 176 -2789428807782254158
122 177 5245971397002908178
122 178 -7354577838722389320
122 179 4380329479645985025
122 180 5926612383600582895
122 181 -6856747536491052816
122 182 -7051024568828479229
122 183 -5824884155286269161
122 184 681800991515296164
122 185 8969928762810470860
122 186 -1205643649399874772
122 187 -5991493689741504753
122 188 -1492193255103293957
122 189 388869140062021864
122 190 7091483917542626174
122 191 4695752383437963697
122 192 6004023444577592687
122 193 -6812342163150400786
122 194 199908634580573127
122 195 1857153849931222349
122 196 -6934696911902175819
122 197 3861868206708810296
122 198 -3124409226927629767
122 199 -7650140365865771783
122 200 -4839861333055210007
122 201 -7664514196827597059
122 202 -5609158542025262353
122 203 -4598228911391759883
122 204 8061213468194109707
122 205 -8108671095597426795
122 206 -3325112649672484662
122 207 679793892494063663
122 208 -4639296868461814823
122 209 -4437615532057809981
122 210 3932835107853739280
122 211 3007847085998866170
122 212 6298153510468177067
122 213 -5050577774149192208
122 214 9075533913185870570
122 215 -191337899943235133
122 216 907451137206509212
122 217 8157284427552537153
122 218 -2063940424617500672
122 219 -1237655220722106049
122 220 -2673951332846049139
122 221 -1913617794156821247
122 222 3113469141786821151
122 223 -7667897007131590277
122 224 -1928283205545042791
122 225 -6100742442986302728
122 226 5317408670382716222
122 227 4433271702332568031
122 228 5341035130911551500
122 229 5118940096174863026
122 230 7612397314040713078
122 231 3319982249109879051
122 232 -3029642200272900626
122 233 -6833627248208415039
122 234 7143406750286972094
122 235 4143619879366130821
122 236 -8831109695622885807
122 237 -1662124955851359562
122 238 3848615430682918934
122 239 -3920913408992648457
122 240 -6021055056658396376
122 241 -7144247627695671086
122 242 8881543449473396171
122 243 6834236769952416728
122 244 630337496981391352
122 245 8342041533998503214
122 246 2840020178193788517
122 247 -6474756398657999991
122 248 2136300458356467110
122 249 7382981251238617631
122 250 -8838372112689223170
122 251 -1020735064063883956
122 252 -8275501370623674325
122 253 4028131186839533526
122 254 1251321166701828700
122 255 -4455351984921103919
122 256 4146999878422181101
122 257 -7152625077987053802
122 258 -5706383032863426768
122 259 2130791943828490918
122 260 729938372999022375
122 261 1789838814874304617
122 262 2880126436235026386
122 263 -4585195824799315467
122 264 2101800010940139075
122 265 5498548256562161445
122 266 1121671004269367271
122 267 -4495048311981840995
122 268 -4211294096551302143
122 269 1718266000076651397
122 270 -2564864906542784380
122 271 2546308409730524466
122 272 5772923250948029072
122 273 -8818234947600314110
122 274 6907483294394912329
122 275 -8879988114558440297
122 276 -4943270058509640332
122 277 9040389703135952887
122 278 408763285911194042
122 279 7260122286001133580
122 280 -5282848121067528522
122 281 -746168267497375584
122 282 -7320482739461740051
122 283 -7192701306357277003
122 284 -1289435475186222704
122 285 6240079188641553212
122 286 -5665350098337657363
122 287 2851731372984532432
122 288 -4429770873239538032
122 289 -7657652779781653831
122 290 -274748064858755378
122 291 -2310771165008846463
122 292 4157111737761453433
122 293 -3082485162930803377
122 294 -7197377518564811949
122 295 -6186160233445296678
122 296 7729170598261303011
122 297 -6523239310073221933
122 298 -4378058598402348245
122 299 -2779019343940668171
122 300 4429665159621000728
122 301 1967781837290699966
122 302 3460949064710573653
122 303 235707886636284726
122 304 8515568588637214588
122 305 -1886587797690478728
122 306 -8581752538155597468
122 307 -6330616233052611029
122 308 5273663441614995140
122 309 -7363567876496546914
122 310 -3220275802308630327
122 311 -3864609845012628112
122 312 -8730675305612928409
122 313 -8090137604636773180
122 314 5364880792792002497
122 315 -8594280994886930835
122 316 -5239324152255298283
122 317 -4389476664765180323
122 318 -7955076119565368338
122 319 -923585499055801311
122 320 -6928514555569933879
122 321 -6136250491751445642
122 322 -4117912618377111626
122 323 537936889301152910
122 324 4909337396948791217
122 325 970285770616156382
122 326 5981863944009808894
122 327 -88861441679366971
122 328 7621376402552574718
122 329 -3359756461825437314
122 330 7439178989670290031
122 331 -7244559408414950854
122 332 266613949820449875
122 333 -3860583055769145095
122 334 -6339514571081990841
122 335 -6059622161727284557
122 336 6802146815899233265
122 337 -594407011383677090
122 338 5137348610849634017
122 339 6537821707463272557
122 340 -8279898149557587730
122 341 -8318706897272960192
122 342 -4124860580048885858
122 343 -2243585885250614195
122 344 746738734711638916
122 345 4345412161251881240
122 346 -5446211440311362645
122 347 2065225799908938428
122 348 2770823207068941867
122 349 -6358508679819539121
122 350 -7068257754418829098
122 351 -2144388514333617189
122 352 3866233108870339482
122 353 2926029184266752293
122 354 2690774410252468149
122 355 5607538936217366797
122 356 -5352099016795100801
122 357 -338195151760925244
122 358 6125038827287959523
122 359 -5599948857439432025
122 360 -6692463547007948595
122 361 -4201138001936682852
122 362 -2315508220306905681
122 363 7624139230966818687
122 364 -5306997927708974703
122 365 5407458086390740764
122 366 -3048412365621792979
122 367 -4589331371718174308
122 368 7293383434174533868
122 369 3770443724160722873
122 370 -5295437448292838619
122 371 -3715889616560567626
122 372 -2624087756252169566
122 373 -3442697997343799223
122 374 5819775623296386800
122 375 7344921657882774776
122 376 -7665460778687654508
122 377 3870821875442037717
122 378 8653293911738824453
122 379 -8032170657304592261
122 380 4837451328479691400
122 381 6996124971854644074
122 382 7696125699424873850
122 383 -429732583268095603
122 384 8296638380584630117
122 385 -4271170357276236723
122 386 -4102697231729120091
122 387 5104015455954751598
122 388 -6604434863933602144
122 389 8144094641424332333
122 390 4418208146891492453
122 391 -5085326223861848997
122 392 -6397640594487967334
122 393 2739139621730959164
122 394 -2443289236379198553
122 395 -140152424799182321
122 396 3541434027725449761
122 397 -1294662208967188689
122 398 -4531218286165290649
122 399 7775335075172351856
123 0 7673914399739735141
123 1 5236413266924414122
123 2 8758085993320393356
123 3 8658434700782343460
123 4 -2755469344926698318
123 5 3215437255169878410
123 6 4702327978530703527
123 7 8097893562419201215
123 8 309720426663654690
123 9 -5939235829863588444
123 10 -3824256970201885611
123 11 -4228100035007577347
123 12 -586504460594871755
123 13 -4539927984571034463
123 14 -1201232998350616219
123 15 -3730320030171989483
123 16 -6255210101720565322
123 17 8605623475994312346
123 18 -596924468850107776
123 19 883763302840442566
123 20 1863588045996403846
123 21 -7070227064635969517
123 22 -4703322097281657696
123 23 -415256982947596192
123 24 5398674985599745379
123 25 3908877461794817777
123 26 -4752144267234167376
123 27 -7072906970972621748
123 28 1703401714668099169
123 29 4270872999743818292
123 30 -8650912916262826575
123 31 9203571214960587631
123 32 -2548465247268221824
123 33 -9171250994365310875
123 34 -6829384937301411716
123 35 8084611835085632255
123 36 5819259989571492526
123 37 -3191852793720413542
123 38 72682778122660765
123 39 8357330111343105317
123 40 1037069676630637523
123 41 7203739065612231132
123 42 -886008992529183656
123 43 -7689151213565559516
123 44 8878630361619377802
123 45 8564600308644605310
123 46 8963648410832912450
123 47 5916775945188433152
123 48 7276245323345443547
123 49 5408574448073701457
123 50 1939707195445533501
123 51 -2402955787431854643
123 52 7421339870293738016
123 53 5829211016328748166
123 54 6181065931826013459
123 55 6703086366924900412
123 56 -6447876903872909463
123 57 -1965532863231058437
123 58 1220058236379433908
123 59 7731789709914519144
123 60 -2034291277704006493
123 61 -6780490800195519618
123 62 -2640266614235191151
123 63 -6429023896548420515
123 64 1859002429115380243
123 65 -4850937704891465404
123 66 -6240723481416962663
123 67 -8285846663568880464
123 68 -2965526396106681154
123 69 -8736929462514502042
123 70 8554108750403451456
123 71 -3828471101801929146
123 72 -7404169657946025446
123 73 1678280539115912841
123 74 -1679044674334702871
123 75 -6255395131696190108
123 76 -8067854490046765042
123 77 -1710760596580342576
123 78 1344023366405511775
123 79 891706354520018682
123 80 912132336234703513
123 81 -4475353397257901972
123 82 4020697432101957612
123 83 -5242896779193984206
123 84 -854841801119307439
123 85 3516893991840119168
123 86 -7717040115641881187
123 87 -7720090210678556266
123 88 7319897565951586619
123 89 -7168370220037581989
123 90 2840483338697296353
123 91 -8390102009801511259
123 92 -1628075730738592512
123 93 -8369814205251047124
123 94 -3755864414497596333
123 95 -1415277047113674444
123 96 4670433903000296625
123 97 -2492023721334267035
123 98 -5528174596147419947
123 99 7494598470826998577
123 100 6148723101161926974
123 101 -231585504955202991
123 102 3621649648212967730
123 103 2402949615354501259
123 104 6360790594869512474
123 105 -5551301324103657461
123 106 8983291503447318869
123 107 -2249211144222550335
123 108 -5679207877252850932
123 109 8632897164663341660
123 110 -1149471444129315667
123 111 -7524183803649814246
123 112 -8422546567123987645
123 113 7603881337520218002
123 114 -9067256112565677800
123 115 5982569138456002203
123 116 -2841802883054533752
123 117 9042484368308834467
123 118 6531072383357262609
123 119 8711805018418492725
123 120 -947876769757770491
123 121 -7163100664954108573
123 122 -1047661560334373225
123 123 -5429398601427631076
123 124 -4535927084970604983
123 125 -2876597390083490251
123 126 -8818490528002814354
123 127 1937387063393468088
123 128 -1627385638464907109
123 129 2919398191811830428
123 130 -2508925657357579064
123 131 669412489846097286
123 132 -6076353196682669749
123 133 -6737670149535099845
123 134 2325825528573736300
123 135 4949403739070941718
123 136 8109069962624250229
123 137 -314877163285217799
123 138 8470531277024460529
123 139 -7314110117301218141
123 140 324188932051640193
123 141 -6815199397087873396
123 142 -5187362185533081785
123 143 -4932552538893277735
123 144 -3092828100551349212
123 145 -2219424101250172917
123 146 -9014616888895289084
123 147 -7014459561999661730
123 148 -8291565446063811882
123 149 -9142928083009505334
123 150 6555350277463854056
123 151 5819222193111726573
123 152 -2159648309348048645
123 153 2611431630427596695
123 154 -4294583039930730071
123 155 -7875224394464954840
123 156 6243379892240098240
123 157 8494745972365744896
123 158 2127587643864537286
123 159 3929066546121830142
123 160 -3715736273952108533
123 161 -7246008598317935297
123 162 1852513494721641419
123 163 -5807597212470227733
123 164 -2261544643826409879
123 165 -2140371805434803902
123 166 6147418373215967111
123 167 4386596407115649316
123 168 -4910615749176302783
123 169 -1938336310809044008
123 170 4177817692724917152
123 171 -920841395972173737
123 172 8616971577171098031
123 173 6318342983076835472
123 174 2287770821233693573
123 175 8714431060841897713
123 176 2375998134090220422
123 177 4761396107349705423
123 178 -6390205397946974319
123 179 -342922372059819595
123 180 -3912238104071784050
123 181 4891399458021899818
123 182 -1932441828145258527
123 183 -7615806556781582251
123 184 3496800396548009450
123 185 2094311745831489923
123 186 -2155403903596070496
123 187 3318464006536230360
123 188 -7850910833306606843
123 189 4201345980940835574
123 190 -4674385794984346020
123 191 3522265550128328320
123 192 7488592135200980023
123 193 6885223328152917585
123 194 3119890801495860499
123 195 -5015167903809957127
123 196 -4558528313673787604
123 197 7687605431503648554
123 198 3657164785383776555
123 199 6976819081246634226
123 200 2527690438000972557
123 201 1102978876316116376
123 202 2238905582459688340
123 203 -8980430180547771420
123 204 8315831168983912415
123 205 -2994913173391571022
123 206 6376399593896114884
123 207 -7624255360637375006
123 208 -8159910001251684746
123 209 -3082152475037792316
123 210 -8887089032039994721
123 211 -4170114332536972660
123 212 -5757458042847325242
123 213 -8410841949264152937
123 214 -7722521884177606638
123 215 8857928078178121651
123 216 1871658582581532907
123 217 3716934116342625257
123 218 9064390317719537288
123 219 -288031903634114213
123 220 -1878143448455305829
123 221 -5672639238154737295
123 222 5039856081330780280
123 223 3327856752266891410
123 224 3417891283815424105
123 225 -7332154877390729808
123 226 -8875963033348800376
123 227 108153662576504265
123 228 -527161087704470639
123 229 -6923700263249636979
123 230 -4092586043318786890
123 231 694767961179496685
123 232 -2165039054219016659
123 233 1957724142696038182
123 234 -4793468059835943152
123 235 8823572971829543745
123 236 -7332840382978241174
123 237 -3447193472950704112
123 238 8558145466081096480
123 239 -3043528434108509660
123 240 -1046606953916389759
123 241 8101593349240295476
123 242 4722547892509397506
123 243 6214515273974097149
123 244 6054848569203722868
123 245 -1843473530004693809
123 246 -2427350115616539908
123 247 5911162873851456712
123 248 -8069943805350492758
123 249 -64759861491432372
123 250 -6088944558009677351
123 251 709699029874727680
123 252 -1511099258415410085
123 253 3947115601302821870
123 254 2543783355278563400
123 255 7564732988072479202
123 256 -2763393931263626283
123 257 3981321649396090742
123 258 -6171428537543558325
123 259 -7149170297220393773
123 260 8724648589756703899
123 261 -888973908930149992
123 262 -2454270533830409048
123 263 -7377945634381387037
123 264 -7489112899547532398
123 265 907346274986570901
123 266 8579984967797786975
123 267 1574691501706968788
123 268 3895412837975645001
123 269 8294462843413908712
123 270 -3378889747114970511
123 271 7053014475868517701
123 272 -6017608435656811768
123 273 -1500442413269599666
123 274 -5305088765465922987
123 275 8632016503647144010
123 276 -2610183676255195209
123 277 8258213204014236883
123 278 -3033566708788139222
123 279 8390944110397935778
123 280 8939719011641987642
123 281 -8066387589286063533
123 282 -8701157891415788314
123 283 -4335547053569333970
123 284 -2547243557084096990
123 285 -8199708082739712002
123 286 -4875247684532159100
123 287 161681012781112572
123 288 -7019970234239001382
123 289 5472713941344867836
123 290 -6861968563151547224
123 291 3786090624555100556
123 292 108226537489223679
123 293 6452974696089214876
123 294 -1012835551029470012
123 295 -6171926571183639239
123 296 8280228328038198936
123 297 -4378982398862724574
123 298 -2616123506787797459
123 299 9140644313779574221
123 300 2987367534123686566
123 301 4965229742786445395
123 302 -8122462292827390808
123 303 6138356131378929165
123 304 -5161251631719435175
123 305 -1236249535749857792
123 306 8108376889047806682
123 307 -8786789550610493145
123 308 -7022574472600077828
123 309 -5003600910233930506
123 310 -7762793975098606763
123 311 -4437376840755515491
123 312 1458644070910488437
123 313 -511062499438214166
123 314 676092155229872085
123 315 5400526519644455653
123 316 5976097653889077625
123 317 -5864308292822672637
123 318 846473328731868353
123 319 3113312585062410655
123 320 1223132959639324403
123 321 -8868658223592268314
123 322 5407628793306848982
123 323 3459050382852515575
123 324 -4292100918677450983
123 325 -7699710727395316117
123 326 -8955654887619951763
123 327 -7937475200974612453
123 328 1174339417255707572
123 329 -6368995521141676885
123 330 -5462739325154978631
123 331 2847732246314078007
123 332 -4078745082611541319
123 333 5246473108276883148
123 334 -3151530049663789100
123 335 6145675166070534954
123 336 -1239519712548856669
123 337 5272347787938999801
123 338 -3890428323018669591
123 339 -907741874022108221
123 340 -2263756694612023673
123 341 1804381913038973738
123 342 3968207632737790995
123 343 6916028852852441932
123 344 146262215364038490
123 345 -5103625180550594754
123 346 2500587094549628854
123 347 5636240055033667790
123 348 -1951889066896326223
123 349 8935247670834296082
123 350 -7551092460676460549
123 351 7691071679246763742
123 352 2386308821154741532
123 353 -3645718523080994912
123 354 536920943091429967
123 355 6142028494685309546
123 356 8726590970517380997
123 357 -3247046396814842908
123 358 -3268337383859435155
123 359 -2532851333012796435
123 360 -6585244392459026398
123 361 -8267384764368375705
123 362 4897262259577367800
123 363 -8196409701136613825
123 364 445721372931276744
123 365 -5359094311679971894
123 366 -5641799497089682623
123 367 -2306219033764850539
123 368 -3546394280100747984
123 369 7160811586181765013
123 370 8762499149603838855
123 371 409983397899383822
123 372 -4419557758212651879
123 373 -7823592609406388662
123 374 7990105102281840282
123 375 4729536976132784498
123 376 -908403603837536161
123 377 -1314131039387516259
123 378 -5043984474009717297
123 379 2225152250201402193
123 380 8167548133597810126
123 381 -5921707418204152772
123 382 8877178349276486782
123 383 -5865079979910180872
123 384 -8788555233991198701
123 385 -6577848689100893386
123 386 3120883746542337055
123 387 -3689622139358380190
123 388 -6935602951615575687
123 389 -4538421218016542864
123 390 -8906656722270563737
123 391 3750949266595927824
123 392 5874370028684077144
123 393 -6523770678584994212
123 394 -7000442295146924378
123 395 -4483936996865994381
123 396 1672955001686375754
123 397 -5265105385932052449
123 398 -5942597218876022996
123 399 759967117379958763
124 0 6897273250932851353
124 1 -7630563233337089649
124 2 -6772055914894376016
124 3 -5333446977747020941
124 4 -1188715362964359166
124 5 4698647116616418305
124 6 3676123396277093604
124 7 -7603884581648083687
124 8 -5915231002846799551
124 9 -4614357978386990449
124 10 6553743697010492429
124 11 -966813223366392720
124 12 6635110479297802549
124 13 -185872484599640791
124 14 6691715160106204802
124 15 8325689274966315727
124 16 4538397919961930017
124 17 4423105160866801767
124 18 4045653507898541046
124 19 7706845668717707062
124 20 4457044942501520909
124 21 8784806574219935615
124 22 3616902650565802140
124 23 3994238432563709123
124 24 8728682652627695919
124 25 355378962515160536
124 26 -3314660329829575145
124 27 8701566781121458250
124 28 7538875079589215281
124 29 4621125094409872752
124 30 -8551073442272889482
124 31 -1563419959760221305
124 32 -3066078252995924970
124 33 -8742762945647731564
124 34 6588749932104748775
124 35 -2055285918155181204
124 36 -8074669382763635536
124 37 -6370377224149587645
124 38 -5738156691220686209
124 39 3552531248560215508
124 40 7499162222825679743
124 41 -1284501394547697945
124 42 -2963239756079346029
124 43 -2374681406435968033
124 44 1426423317928763872
124 45 6285301467802602387
124 46 8922598396984527854
124 47 893967095836744269
124 48 -6960227977330291566
124 49 -7260195039167595056
124 50 7065195418952091457
124 51 -6363725003965803105
124 52 711151398496498649
124 53 8082778748434214878
124 54 -4915428060872811061
124 55 -4974609248695183854
124 56 -4399787055827466524
124 57 8746827933416459472
124 58 -1300407686802236797
124 59 2298954844354124903
124 60 -5671798075536516519
124 61 6180049171609893861
124 62 -2911718406449277685
124 63 3866006648278480951
124 64 757968197821957995
124 65 -5854607192912367675
124 66 -4395140029148208375
124 67 2023297293777169074
124 68 5531322353703290120
124 69 -1084344925331321678
124 70 -1463163550146898954
124 71 152050472024895895
124 72 6532080764676552232
124 73 2053977438712397843
124 74 -4551993652369010456
124 75 6169936040716106227
124 76 -6763918390253073395
124 77 2747825335034027655
124 78 5433487628744345123
124 79 2203432160689379844
124 80 -5682137306140657534
124 81 -1338983983541371982
124 82 -7523077931234172856
124 83 -5245878978482849383
124 84 -1206875611009792490
124 85 -8567574382045975659
124 86 -296719970615967530
124 87 -2881970020342288630
124 88 8943463558058443820
124 89 -6641548367624771713
124 90 3143700695012297419
124 91 2362814270895612626
124 92 -1537267721480121905
124 93 7374296398507770261
124 94 7261292359725032331
124 95 -3533451500349699900
124 96 8385402048603652788
124 97 2858117327360620562
124 98 6790633094728486597
124 99 5251623066743607336
124 100 -7470259531782286025
124 101 3002191354238845085
124 102 -949218545762318284
124 103 -7054829247664225244
124 104 -6923065998012566314
124 105 3093524330403368147
124 106 -3554725877094744082
124 107 -2628956852867571127
124 108 1472547802850986075
124 109 -8623034671285524993
124 110 -4536407708248550184
124 111 -2733448530858947637
124 112 -7407335769617774936
124 113 1871624657277691548
124 114 -1071459347609046695
124 115 744571744155146187
124 116 -8037164028521446591
124 117 -3486739190055832028
124 118 -7654326582781470858
124 119 1529570138511712464
124 120 -2643609609111756628
124 121 -4843262822236469165
124 122 -4801541310585503759
124 123 2429245000252183419
124 124 1843578719513689712
124 125 -2134669540745131608
124 126 -7576480209209756488
124 127 -8680856232224258752
124 128 3786207082731768474
124 129 -3365104841471381192
124 130 -3421470910413032983
124 131 -2802350809030234781
124 132 6608004193429265304
124 133 3787057925758329991
124 134 -2895803573619674938
124 135 175373981430034898
124 136 4697508279228291398
124 137 4328418103374536778
124 138 6156070797524550442
124 139 -328065029903069423
124 140 -1751219840504762788
124 141 -3765345935847645337
124 142 -8047789840912153008
124 143 -3298884508828416569
124 144 -3701978866496633150
124 145 -4286865112545369367
124 146 -2066994048073363516
124 147 5127408279782576912
124 148 -6348948916599835905
124 149 -8866103331302255063
124 150 869896664924916938
124 151 -4158788418162096361
124 152 5850720698483764622
124 153 -4755129925568656376
124 154 -6937726762323329359
124 155 -2208904381479707158
124 156 -882135503196687982
124 157 -2962391059648846562
124 158 7029783449324743798
124 159 9218470188928407576
124 160 4108149492294845046
124 161 -3895674253373616648
124 162 7718109331028887294
124 163 2698818701995560784
124 164 5292673964236599071
124 165 5448489536578099908
124 166 -2501829229000596330
124 167 -7402370656141246221
124 168 -2241635690105430223
124 169 6397633830730091375
124 170 247047806915263076
124 171 8767415253103342295
124 172 6483104110913751495
124 173 625477589223835939
124 174 1680297296445062641
124 175 -1632030308285949108
124 176 2572823845978256801
124 177 -4372043458611670433
124 178 1557396896519192898
124 179 8191106313917588034
124 180 -2455061787505859933
124 181 4687944328055438614
124 182 7280493260072103338
124 183 -9075085724982499318
124 184 7552671305822976777
124 185 2125665897143805049
124 186 2703126096513391884
124 187 1770675203802716763
124 188 5887924000541712142
124 189 4274738919602704090
124 190 6970306508462474159
124 191 5829099271146950357
124 192 1014771118146449399
124 193 3823853694066904298
124 194 2546057898977519766
124 195 -8553779546015009530
124 196 -2483196239719376542
124 197 8567287224481786094
124 198 2193151068381731701
124 199 -6467169948644818784
124 200 -292599325535603312
124 201 -5739680119242767510
124 202 7515932503610406562
124 203 1696732121369867143
124 204 3211559142307541072
124 205 3312459077294836172
124 206 -574935505617622352
124 207 -8318052820893708146
124 208 -9170339500036029772
124 209 -5031409818914805204
124 210 6050294089746944355
124 211 -1970443609922070905
124 212 -7947616820629269902
124 213 -3206799141857111497
124 214 2503299311428441065
124 215 -8447393165226434360
124 216 7320055673036645988
124 217 -41287011964704118
124 218 -8277816821902676953
124 219 3737576244053345157
124 220 4662108787066087736
124 221 5065827858825920215
124 222 -5047335930215052367
124 223 6191539602081574960
124 224 4719099641470545832
124 225 -1485885107723140496
124 226 2486854080735686338
124 227 -3171427308089451583
124 228 6050409327407516625
124 229 6267914175873446645
124 230 5727347858755907574
124 231 950431550807353406
124 232 -2308610059868430667
124 233 -1958927518413737635
124 234 -5886682866201014738
124 235 -4278786578438406843
124 236 -4814071931897279315
124 237 -3972228524475752514
124 238 -1072758846992339727
124 239 6478210689648192655
124 240 8826941738742488848
124 241 -2610224291074662483
124 242 4226284568137756489
124 243 -5899720442513055943
124 244 4627169981833633821
124 245 -2560318235388742803
124 246 -7448242050380875595
124 247 -8782767524733795705
124 248 -7733570832154354962
124 249 6994871088282338826
124 250 -1311072983562426933
124 251 6797812775194540442
124 252 7436277246950041032
124 253 -1506535372915570397
124 254 8266287664815227456
124 255 7060983777664976056
124 256 4433636960648704372
124 257 2558361527069600508
124 258 4030895657836261245
124 259 -989359297454578184
124 260 7873685170349775412
124 261 -1454422856360897068
124 262 -3023745459768706632
124 263 5304455903464581623
124 264 -5695724818563908254
124 265 -6859841351599728287
124 266 5520913604390626066
124 267 -6277483368763616797
124 268 7232028319402997104
124 269 4594748751823435169
124 270 6528686873995020809
124 271 869500939123771225
124 272 8157132538236386812
124 273 2322613003172280320
124 274 8110103399889996536
124 275 -5863536900333322812
124 276 4813529720948905828
124 277 6477807799027910814
124 278 7123951865781876352
124 279 7386388604358639066
124 280 4015505293798216110
124 281 2168336696397874528
124 282 -5218219207541911223
124 283 -1118060262818418882
124 284 3434664006210466902
124 285 -8728107781289599939
124 286 1430890137281695395
124 287 -3893365073989330277
124 288 -4229114234206226296
124 289 1378838206623911934
124 290 -2875528171063019605
124 291 7657036808855072934
124 292 3356766800245322403
124 293 8804045618855096758
124 294 -397234600330646900
124 295 -8467635596393561167
124 296 -2680328922156048572
124 297 89723579167728022
124 298 -4866684036886479809
124 299 9118025393968200114
124 300 3680733580315943457
124 301 5175736341158187517
124 302 3466159134096119036
124 303 7117516658635574753
124 304 -1927105734093834588
124 305 7497014413129303544
124 306 -5119645290583151339
124 307 1204075621725652672
124 308 1846430676941124674
124 309 -740596314193539932
124 310 5881439350611524931
124 311 4669297273155181579
124 312 -4001573941915586896
124 313 7051737913826715189
124 314 -521931609758281757
124 315 -4701244037370997373
124 316 -6187385818051335335
124 317 5669343525812030769
124 318 -8004838375414232107
124 319 -8016090046341494014
124 320 5322305789565317594
124 321 2005953977251091307
124 322 -8281270896602346009
124 323 -766187288719508289
124 324 -1729773200226043708
124 325 839308855455151337
124 326 -2458554540317348999
124 327 -520847441703778072
124 328 1864068084651336600
124 329 2524100635411467320
124 330 114226126705127954
124 331 3763130882572503611
124 332 -7412143247060277564
124 333 174330285203422072
124 334 -1343211980027979497
124 335 1146103632437715499
124 336 2421882702285152782
124 337 -6999729200858132188
124 338 -8775876042626118157
124 339 -551494106289808105
124 340 -8147847830031577140
124 341 2867316184504021739
124 342 -1507591306524781138
124 343 -7248126576603121504
124 344 4900368687876535798
124 345 -6551589508435780617
124 346 6757760968996445149
124 347 880763616374906495
124 348 2471073435657005923
124 349 1162093578118404158
124 350 -211596299585172964
124 351 -7631197544799330472
124 352 7373371365337555141
124 353 8798204220922151928
124 354 -189207197601747371
124 355 -5627919271437915772
124 356 -8097279780970103760
124 357 8535088281590250417
124 358 1882067913103374541
124 359 -7789118264700001488
124 360 9129564601103460285
124 361 8517491347164085262
124 362 8520714149008876310
124 363 -3080501354097131792
124 364 8324158593282616921
124 365 -5109793274687463946
124 366 5467413831562769264
124 367 -6046316533476082691
124 368 6583159997525266768
124 369 6353907214293930698
124 370 1872851108171042614
124 371 -6585825300593546583
124 372 -824391467826949234
124 373 -847638548849437141
124 374 1698717346802594962
124 375 -9060995717034097864
124 376 7464846831772076879
124 377 -7728681914040022325
124 378 -1693725235449742209
124 379 6589618497111391044
124 380 -5441270003030520175
124 381 6249438924536756664
124 382 6003294497932988413
124 383 2672264687934970800
124 384 67805266749292072
124 385 1140915768888480110
124 386 -1898600641832816297
124 387 -6495242515797001171
124 388 3857312738133154414
124 389 1593424437164882874
124 390 6671652665951672119
124 391 4450403748744223093
124 392 -3125585810595323146
124 393 7419467386925065556
124 394 3543948174391810344
124 395 8697736083646978990
124 396 6572399438980551800
124 397 -4554494665384443012
124 398 -7641276371698475412
124 399 -7141442294394898160
125 0 6757229939255277545
125 1 782196696180168223
125 2 7989872438577698357
125 3 5404408422907484528
125 4 7940647203231539839
125 5 -4382434115225265332
125 6 -1548269595271458387
125 7 -1519279404877640209
125 8 7419273726026149721
125 9 -1396191407739041549
125 10 4559166422459674371
125 11 -7467150801982748380
125 12 -2313571962508674070
125 13 2975857111728166230
125 14 -1289297165854205949
125 15 -4006687638880468039
125 16 -9103033742581328739
125 17 -2184523725685135455
125 18 2014955323729567365
125 19 3930421703130232954
125 20 -4833396474973287803
125 21 7735317838862196547
125 22 6813332486360308418
125 23 2431728257608641774
125 24 -4256886389775599285
125 25 -5611049835176149098
125 26 6075249482119894355
125 27 466018011567080744
125 28 9194480701600128874
125 29 -4847688097186804722
125 30 -2447110401233389980
125 31 -2275036919300983383
125 32 4790969610134715410
125 33 -2822726360427741505
125 34 3574262077335949481
125 35 -3365784913749903087
125 36 8533205021548997213
125 37 6182564007556296671
125 38 2330831336817788648
125 39 -5127095201293088399
125 40 9185047201345353102
125 41 3696820393871203289
125 42 7622186300940237073
125 43 2778588480218986050
125 44 -6005888017559291841
125 45 3306309994915430391
125 46 8031179567205164853
125 47 -295530743150709334
125 48 6054337878102717588
125 49 -1164605470468342811
125 50 -5311195373997689954
125 51 -5726025875274167663
125 52 5902607172776813183
125 53 -6823284314120052173
125 54 -733351292986066769
125 55 3162817124916271040
125 56 8258532592638605879
125 57 -6823863471050667649
125 58 486215242633640059
125 59 -6796670916170687964
125 60 405413678284188085
125 61 -8360480898685976757
125 62 8952855168263382430
125 63 -3363684474313328327
125 64 -2707151106483436047
125 65 7065676042037976787
125 66 6496008762901374226
125 67 435553477693116161
125 68 -6487808057671937814
125 69 -1389159729953733525
125 70 5200581830762495248
125 71 -7929054463294838291
125 72 8397128459019079933
125 73 -7569270420191412091
125 74 -5103173774356498701
125 75 3911402464768654620
125 76 -8898870112688565113
125 77 918952559278957668
125 78 -5421994682751844862
125 79 -2371990324927660227
125 80 -5304975154500029836
125 81 4872048219423320133
125 82 8949559826692226420
125 83 7026521083411631696
125 84 -3614865415757287021
125 85 1536809150843128366
125 86 -4754758675727707647
125 87 7872659370236129303
125 88 8346447019856344754
125 89 -23059031802140647
125 90 4406739969013173287
125 91 -3403402678236444477
125 92 5429599391128794120
125 93 4928254312229197176
125 94 3707074427011000478
125 95 6804961275446872417
125 96 -3608282240288532954
125 97 4342970881382473822
125 98 3500328856038240854
125 99 -273597305776643848
125 100 526046854733157873
125 101 -6946673211115719455
125 102 -2738668896214754764
125 103 -695327009558148882
125 104 4569599220087148609
125 105 -7289861665546015283
125 106 -1138015365618938540
125 107 4253126335085008279
125 108 511833171723343198
125 109 -7266707215413720645
125 110 2596372505703825471
125 111 -4279270764040293221
125 112 -7061345226336149220
125 113 -5516870242074249653
125 114 -5699306820399404659
125 115 -2673680303382853352
125 116 9137610383734807740
125 117 1898195378193297607
125 118 1214141210162460102
125 119 5973098427837035056
125 120 4576736400561244115
125 121 -5864889270590982770
125 122 -1388368273436925854
125 123 4291149013526587353
125 124 -355739682569956940
125 125 -3364556778706688371
125 126 -9140573191715272780
125 127 132125844668298756
125 128 -4508261757754736453
125 129 -2334747335763766122
125 130 -703909530152609601
125 131 3555469762221533274
125 132 6134917484993237341
125 133 -8352191823211601271
125 134 -6651569610679735369
125 135 3724407029794403579
125 136 8750703689802873438
125 137 -3119860435987300676
125 138 -8066771914173713785
125 139 -8556506120952696407
125 140 765023763611970315
125 141 8036366453311879395
125 142 -2278223977908025140
125 143 -7034190720741983784
125 144 -5811252222623571454
125 145 -2247897078545176195
125 146 4418511209892250394
125 147 -3066005269354556622
125 148 3988252512433264846
125 149 -855319096901770755
125 150 -4321131588103220867
125 151 4336637287913712029
125 152 5908413802513600909
125 153 5622870385809160383
125 154 2211953408610103145
125 155 4130439432800457946
125 156 -551888188039294739
125 157 -8984309970363031084
125 158 -3150942422245340364
125 159 6120164513608894734
125 160 -2063131229390432107
125 161 -8478078444942955480
125 162 8828013685019608412
125 163 -4951653712253787054
125 164 -4899566978201120939
125 165 2369907917448488550
125 166 4695999400864775473
125 167 -5747040164828843085
125 168 5487838699666268897
125 169 383049201931379014
125 170 -3089737493150855959
125 171 -4766325294837885096
125 172 -2114157434005088923
125 173 3460362346436763942
125 174 -2252682682215932209
125 175 607442067790205253
125 176 -4361521465853966236
125 177 -4823937899450724534
125 178 813316416128467214
125 179 -7544945011318568131
125 180 8937371572694031113
125 181 6445960149711344541
125 182 -5248157482288041279
125 183 9170246734493287001
125 184 6340171411474481691
125 185 -6384067301068517592
125 186 -7938291389427546887
125 187 -7069058639172752389
125 188 -7907694255533577520
125 189 -1818562665414904832
125 190 5944566178502357152
125 191 8742411134327049307
125 192 -2601248201016772470
125 193 -1190605121898544387
125 194 3083818215016023974
125 195 -8976800429729014707
125 196 7518619881354528957
125 197 -8377477369542764175
125 198 5377770386459960987
125 199 2206109813803448897
125 200 1983667161039199885
125 201 -740151274770868720
125 202 1938270913992649680
125 203 -3727872124970532465
125 204 7755141764890317011
125 205 -8314216800069198268
125 206 4425860372022026220
125 207 4906625220821913681
125 208 1326461096118431769
125 209 -7954638623795513114
125 210 -4935279005128421950
125 211 -6137395380059541315
125 212 -6121637416757580237
125 213 -5466647900413683629
125 214 7747894555200768787
125 215 8152931369584142798
125 216 2414635615790533602
125 217 -3005910668401908720
125 218 1182222165573538458
125 219 8389433829963507962
125 220 3140999882653617303
125 221 8960049503362935485
125 222 -3478039759918448252
125 223 -3892001123336047101
125 224 -7313728937634182843
125 225 9008484848261831343
125 226 -5044491221344842678
125 227 4475024132198280398
125 228 8405541951859123631
125 229 -8116606837929966901
125 230 5123495218723823013
125 231 -4329764427847320615
125 232 -6642127788711007369
125 233 8313631220520341179
125 234 6905908859313836839
125 235 7579723427113411826
125 236 -5678425235510401266
125 237 114978108575994876
125 238 -5877903455255458722
125 239 7708880004171157770
125 240 4049682830063886047
125 241 -7229227253661903037
125 242 -1894589987655129943
125 243 -8866049723014915680
125 244 8333853580657637100
125 245 8747253432571627956
125 246 -6862780151890803830
125 247 -7277774662216486866
125 248 7736270427568185937
125 249 -5829884107936688450
125 250 7329239253215088176
125 251 -8638870132269950576
125 252 -2578964353454709626
125 253 -7858132511638421454
125 254 -5774537078046229491
125 255 -2561896909195562353
125 256 -578865045636651801
125 257 -1805984895298610111
125 258 -8158764514156463287
125 259 -700497361268896908
125 260 -4118453070454444753
125 261 -6248035768386648749
125 262 4994981674117304338
125 263 -8887004432299791468
125 264 -6741085058893325725
125 265 -962197930881683627
125 266 3051184184219752050
125 267 -3272269809952612008
125 268 -7822988436484238720
125 269 -6828335182566432097
125 270 -5564625105120684229
125 271 -9119021001337709343
125 272 6598659219705847914
125 273 2111495856213517685
125 274 -2617450715372014086
125 275 -967072550597887494
125 276 5019177390581855018
125 277 -5550252504322523112
125 278 8320860288579650685
125 279 787130962136202925
125 280 1076939711862202579
125 281 -1053086612029910529
125 282 8875098841013115906
125 283 8147270722167495621
125 284 -2393005938685832691
125 285 -5147988152780768113
125 286 -1983693298057171294
125 287 5427182333727585297
125 288 5618910332881721619
125 289 3255099900538653337
125 290 -8276611596772643637
125 291 3911133458804648847
125 292 -2831150164881683003
125 293 2048655943998226490
125 294 1891808757799154233
125 295 8355116015204348553
125 296 7476253823942125983
125 297 6232390549604612799
125 298 -7697833294619196334
125 299 4272261257026319993
125 300 3435047753153843610
125 301 2457053547649229769
125 302 83060738725220620
125 303 -5024975300880004433
125 304 -2514926246254424669
125 305 -805601887017816542
125 306 -3971842124014619544
125 307 -9001317726365741394
125 308 -665418739429784205
125 309 -7798720951544700241
125 310 -9137074382912614187
125 311 3175260013007897264
125 312 -7993880560527884362
125 313 -1222066271982625331
125 314 -7425114109898670743
125 315 5864555450326698667
125 316 -3926267741973394797
125 317 -2897236854514089890
125 318 7307114994222197287
125 319 -1585968075975850902
125 320 8432702295011363940
125 321 -1919253927648546383
125 322 4563205536095370990
125 323 6512120403546286995
125 324 -6535525157426284733
125 325 -3263760726060960385
125 326 4507321634604059439
125 327 513858177086406060
125 328 -2902511808369570595
125 329 6979016231745107410
125 330 -602836012939956285
125 331 5622658521499085188
125 332 4753645662191910762
125 333 5864932283563991216
125 334 -7257335199541460740
125 335 -4309029933204271380
125 336 1524897039878916955
125 337 3315984014275249012
125 338 4080068415243184858
125 339 8024064179327248760
125 340 5756024183171585847
125 341 -8100616335533741349
125 342 -200454017488374705
125 343 -8644254487310108993
125 344 -2918947802703880151
125 345 -1035239629439963634
125 346 5518183515461032159
125 347 -2730648831832973202
125 348 6394539609953292140
125 349 -1571021331805024752
125 350 -1841238743726112080
125 351 2316467266406593258
125 352 7843521120442889050
125 353 6508379944814066639
125 354 -3645722923143384368
125 355 -7933243171595646632
125 356 -3892508178806322108
125 357 -4024646347452411923
125 358 693323234495295969
125 359 3759634749938123830
125 360 378332618220734826
125 361 -5094870306616818179
125 362 -7417078898449009426
125 363 -7901094254349260303
125 364 -7255636488586223967
125 365 1137972934919233504
125 366 -806955795029358190
125 367 1297964694789909875
125 368 -1779323977110125637
125 369 349856164719529472
125 370 7975545589539808561
125 371 -6705377391627413873
125 372 -855406571038118382
125 373 -1725776856299690812
125 374 -6430867855123442101
125 375 6690106777891957233
125 376 -1640949501608178206
125 377 -5368024780296639599
125 378 -3732844848354514604
125 379 -4813366961196140443
125 380 -5586723145302970958
125 381 -3613302426296718838
125 382 -1632946253282006253
125 383 -2664957818974759386
125 384 4672577439421723836
125 385 4902340702601718507
125 386 8113879549428218108
125 387 -4845760905927691130
125 388 3042251805008956903
125 389 5733216305823827946
125 390 -6743696539996732816
125 391 8222606654353884168
125 392 -8306716039271895635
125 393 -8000874460300682882
125 394 -6975361408138974982
125 395 -1128703315160894288
125 396 3183157705381254876
125 397 -197104215969177406
125 398 -6372038502748289734
125 399 -5434517726177671410
126 0 7237035838824050443
126 1 7782050665734302172
126 2 7289790458799303075
126 3 -8865851271051811583
126 4 2829590459597977688
126 5 -5283122788737572241
126 6 548081875623048924
126 7 -8388116708419526530
126 8 8012898544070392059
126 9 2208594770376872433
126 10 -4172161492537193661
126 11 1152182402574682347
126 12 2843642935424146150
126 13 6451327172317806185
126 14 -6980481293708217690
126 15 -1591611924400685708
126 16 7614745207550922032
126 17 -5500397043706204982
126 18 8196249166599710891
126 19 8456367097604354244
126 20 5456032884136329044
126 21 5383752216865930337
126 22 6989647652967980406
126 23 177338971365337126
126 24 6560711355791657949
126 25 -8386389253305558085
126 26 5376803847112443877
126 27 -9148910120695572266
126 28 -4984439903823489056
126 29 -1958492141558907278
126 30 -4720801128633243319
126 31 2378637171008484380
126 32 -4912245499650353841
126 33 3830769099284636915
126 34 2519661862588982685
126 35 4716041475452868790
126 36 5236324874996034420
126 37 5757439005110233846
126 38 3564938423435057517
126 39 -7985195630604373867
126 40 -1080170922866804111
126 41 -9032540971702749369
126 42 8284074334164658738
126 43 4579969370734572760
126 44 3112575022474979538
126 45 5572712337271698572
126 46 -1745206342758777899
126 47 -3689469422303519909
126 48 -759960655464689470
126 49 8404403165660492714
126 50 4983204219563499257
126 51 -8877874879095396108
126 52 -6396243904045701741
126 53 -8043662723841748760
126 54 -5760832689814358325
126 55 3329446406200922028
126 56 -3827339964011008642
126 57 6462052199220546141
126 58 -1689455075899387365
126 59 2121615185086631690
126 60 -5956816184867185863
126 61 2464745828782361962
126 62 -6415289966934617413
126 63 -2286862935985169858
126 64 -6097581681952512986
126 65 -2215576522360164809
126 66 6947934029087345556
126 67 -9100516678914891615
126 68 2498257342221711871
126 69 -6922770415737404203
126 70 6593826353803497706
126 71 -2745812799559018760
126 72 2504672338072938817
126 73 -6594721525070758689
126 74 -6680620025548156668
126 75 -7173535262046924271
126 76 5748155584054481955
126 77 6012913026167755952
126 78 1308982854576569309
126 79 -418709370267074181
126 80 -4722517304712873932
126 81 4908643129526100976
126 82 -7530791552008496141
126 83 1193449875822881122
126 84 6873019221355041538
126 85 2939173412387724692
126 86 929471959981187403
126 87 6623279200669107689
126 88 378985656505086278
126 89 -8816733021269669869
126 90 -7988021994190503580
126 91 -6624277585162469114
126 92 -3522596102807133339
126 93 -8127598026708365419
126 94 9148469270647966075
126 95 -7522148789219679154
126 96 5834377657809648897
126 97 7279681193239519815
126 98 1672505901768226912
126 99 -1366476825472264409
126 100 -4244168337469117569
126 101 4493700179777771632
126 102 -3284631046005069880
126 103 63962876734618314
126 104 1245254012313553083
126 105 1774752421277709047
126 106 -3451796915938123459
126 107 -1144806031627054252
126 108 1769813166890183023
126 109 5937797302995072374
126 110 -5773003356836850550
126 111 -4541721651146646852
126 112 6357260915537592082
126 113 -684151938887545481
126 114 2355253089220673150
126 115 7097776743194247783
126 116 6275789863408822950
126 117 3660584909308517792
126 118 4773558750317863906
126 119 -1440485459984450344
126 120 950132582393789970
126 121 4345875114385033335
126 122 5846014111250546030
126 123 1308712012956541691
126 124 -5526966202006682491
126 125 -554299875743529055
126 126 5783148770799645543
126 127 -1238288888020199288
126 128 9006716411477000954
126 129 -7426256786799512682
126 130 8382815490037132654
126 131 8077295716618361119
126 132 -8749554201423305487
126 133 -3438436536738471802
126 134 -1494481317188496432
126 135 4373758773419222410
126 136 3978308775646044763
126 137 -4793130659192301037
126 138 4472342897406584353
126 139 -2421618037031211088
126 140 -998825632880868662
126 141 -626998929287692967
126 142 -74115321313331712
126 143 6060422253635892616
126 144 -4058341668841119028
126 145 1993054796611374861
126 146 -5120344514211952911
126 147 3460062695985942783
126 148 5951927024811440857
126 149 9009848129387774091
126 150 2297604219285074963
126 151 1279968080135408128
126 152 43887414047903162
126 153 78551164218154300
126 154 -3068812684533490987
126 155 8896267846037074029
126 156 -7193715071541721195
126 157 -2755591420908948501
126 158 -3173766433210194459
126 159 3144196496675154961
126 160 6400282116011030667
126 161 9172564650988510300
126 162 -2522086801609400990
126 163 8562559697346893126
126 164 -7592977388242509759
126 165 7300145322695925037
126 166 -7288773656262111597
126 167 2074922417064380800
126 168 -7296255884985356802
126 169 2325477238430275329
126 170 -8317688400665365953
126 171 8730786848554566970
126 172 2700585685486222933
126 173 6840353629232164243
126 174 212019522797668895
126 175 -7305843777595572484
126 176 -5879157063398161051
126 177 -7389503513412150276
126 178 -265470076285129636
126 179 -2573430291059991933
126 180 3832343308062149352
126 181 7538691684977081244
126 182 -284558420735331349
126 183 2614384553152455268
126 184 -3571920445787154217
126 185 8286054518930303537
126 186 -7318926980630146526
126 187 -6770106863134504778
126 188 8941729910225386217
126 189 5015902657796772730
126 190 8569089297467096703
126 191 127151116922747973
126 192 -7234231191584341295
126 193 -129336137332934284
126 194 -4428101391644899452
126 195 7377056654245317002
126 196 4922356775783683804
126 197 -1718006339005101281
126 198 2762637955832638238
126 199 5658437902748431224
126 200 -4283081647019476743
126 201 5154931403387454425
126 202 -5248104067586241429
126 203 -2921580802410142647
126 204 6356173829620970144
126 205 -851839372508691784
126 206 5322968196765920410
126 207 -4685757226393076408
126 208 9219173267108875502
126 209 -893999627663978617
126 210 684125263019908120
126 211 6622649772044722718
126 212 289641241863754291
126 213 -1962791043081252972
126 214 8476926756429458669
126 215 6282585654019737493
126 216 2099330025262420629
126 217 3262320459638396830
126 218 4090612143615554086
126 219 1962480577724285228
126 220 7533248052578120564
126 221 -2275409224065522869
126 222 -8477406231016349813
126 223 -4443059369891694029
126 224 -2426126736224015995
126 225 -1852114886544932771
126 226 2195943977718025276
126 227 -5117504310196913367
126 228 -251913984286233497
126 229 699417404039157901
126 230 -2016540173080608917
126 231 8236798212650480275
126 232 -7326021748866478517
126 233 6543347416768264036
126 234 -5629774004689279879
126 235 1858478553510877412
126 236 2559386562902783882
126 237 5863002922705467406
126 238 1537485505595453522
126 239 6572596895862531679
126 240 -123076088318630341
126 241 -4137609095303875932
126 242 4881182858528945847
126 243 1329260763763970610
126 244 -3692789821324618224
126 245 6927018897606501466
126 246 -6067708105208912835
126 247 -2158938636859566829
126 248 -3405199273041948898
126 249 6120542813072928034
126 250 -6490915539135873317
126 251 4091871484875826867
126 252 7488933408787268323
126 253 -8207958121842525294
126 254 8907886868213678060
126 255 -4699258840401825014
126 256 -4467732447760007402
126 257 -7832236599281835439
126 258 -8672798503296060977
126 259 -6570999972567134055
126 260 3155875598691255337
126 261 -11017148957643142
126 262 -2461456030144995516
126 263 8702950473706830750
126 264 -2865257234477254628
126 265 6033350523116528036
126 266 6763040774709486192
126 267 3189338571635323722
126 268 -5439935361626625742
126 269 173943254147866663
126 270 -2453113569717460072
126 271 3182705205967041557
126 272 -6199634385301336015
126 273 -1690225048164683421
126 274 7549970386796354322
126 275 -4326101834737092126
126 276 -5545856698361956433
126 277 -9155556229402848973
126 278 -3369929683362922281
126 279 -6195458598919983690
126 280 -3224277778191086058
126 281 3111922929807440911
126 282 -1690240501142389133
126 283 3877852847638472960
126 284 -7394781065950942399
126 285 -7533452760285626091
126 286 -2050431882304427402
126 287 -637265058384342050
126 288 -8985625884179657071
126 289 7653008842695436518
126 290 -1054899493934420519
126 291 -727835992250588695
126 292 -9184125278009714819
126 293 1410961894584707463
126 294 -4419077038201958379
126 295 3023376149372092683
126 296 -140851288837795146
126 297 -3263630600397426868
126 298 5880244342296882847
126 299 3312115808162263112
126 300 -6335464974446341498
126 301 5406808291678878285
126 302 3635367885425995982
126 303 58346722835918565
126 304 -4498689607993280496
126 305 7508005240259191302
126 306 -2693281766324438924
126 307 -5996646105721334981
126 308 -3795247873323177245
126 309 -5044350468919753914
126 310 -8934508091904888
126 311 6649217506553384047
126 312 -2469411417312394775
126 313 5953380688783541177
126 314 -6985158277547309870
126 315 -6560294636500600393
126 316 -5375664737730006129
126 317 2920003381786759677
126 318 -197515456816364424
126 319 -1564842024424758150
126 320 -3567021875991224075
126 321 -397253490267190504
126 322 3206238903876751563
126 323 1242749588085440309
126 324 8147592597567385413
126 325 -7881239863418642386
126 326 -7864676268451054429
126 327 1998394207501642209
126 328 -588125404757915871
126 329 -5697169866302572631
126 330 -8071957802654485539
126 331 -7627337508283985111
126 332 -1803111344782608553
126 333 7602911188346967353
126 334 3211662824134632712
126 335 7196072717034444697
126 336 -3002623586083263688
126 337 270647877817543280
126 338 -841224229386014479
126 339 -6930524382659294092
126 340 5686781336718605854
126 341 2451171234223405813
126 342 -149953945499292434
126 343 -5686357345508046880
126 344 5873984591391371139
126 345 4374317580701319756
126 346 -681798459316170854
126 347 2145854754030710909
126 348 4066622148196727826
126 349 1100269303722052943
126 350 -6505252960626260705
126 351 3419167500362694967
126 352 -5225067938832169046
126 353 1511628166132003183
126 354 108409514402458804
126 355 7274219155396132610
126 356 -7972458812593528288
126 357 -5720509919967595098
126 358 4672748991903834100
126 359 7063895342702288341
126 360 7244313013791172443
126 361 5160237190428892966
126 362 7065993972476568383
126 363 -2890515510503625290
126 364 -8552887920137443046
126 365 -1460524251341299829
126 366 1334721022393480253
126 367 -8787387601908648295
126 368 9126686624044617089
126 369 89348031765696403
126 370 -2481590314797888652
126 371 -7067283691990463474
126 372 -8428863538807404647
126 373 -8333563731160254559
126 374 -2742428249078722501
126 375 -3896400108937840396
126 376 -9196977331511741712
126 377 8047955526547575792
126 378 7270904668541473415
126 379 5093857194098584783
126 380 -8542377487240378407
126 381 3093989951457226609
126 382 5272174104929614264
126 383 -7057337066089508554
126 384 4273685329197064639
126 385 3847294210504923624
126 386 -7047522854494481047
126 387 -907439381994279367
126 388 4443995949676555395
126 389 7512470914651923408
126 390 -8359609040248829939
126 391 2154616644835029500
126 392 7116891548078788351
126 393 -493077461720321911
126 394 1580379626783032496
126 395 -8029639758448705089
126 396 -4834923876813163861
126 397 1473400960238537237
126 398 -716784583739784652
126 399 -6853749074416949566
127 0 8609763123042633465
127 1 610680879307708034
127 2 -743578016976327743
127 3 -8338916709031286680
127 4 8122776394273703503
127 5 4595250472075999249
127 6 -2942394361184140324
127 7 -2490811971001836841
127 8 -7382610322917674305
127 9 -308869735872530569
127 10 -7612647370339540467
127 11 -1046179600422236110
127 12 1874943728129046194
127 13 2660015937231575872
127 14 -3408257969532539673
127 15 -1450745992392247208
127 16 5988603391633840609
127 17 -86010541020221302
127 18 -4457508854183870139
127 19 -6872709170861076527
127 20 3044670372197012528
127 21 -419078247672539322
127 22 2165483451675303588
127 23 -8188804236313328976
127 24 -466263389783936956
127 25 8737028993729972620
127 26 -5336203406766299391
127 27 589195753083379651
127 28 -1579243148077649952
127 29 -6471625915900350680
127 30 -1942923159369523435
127 31 2492344619216977064
127 32 124230902950000639
127 33 7128315166359988099
127 34 -4297476767708701373
127 35 -4896722205330244314
127 36 -1881371351342660596
127 37 -3938801958494521653
127 38 -5382801381745226544
127 39 2854268259793760377
127 40 6330239003479167013
127 41 -2915312560096095224
127 42 -2727182417199753491
127 43 8813175939974491580
127 44 -2477318162033031546
127 45 8473722967630653113
127 46 1755405305594929895
127 47 -3915846873167572708
127 48 -1335919003627403811
127 49 5806715513107141247
127 50 8452101871148723520
127 51 4518747822763292060
127 52 -3902270138245786673
127 53 -7849859778892845786
127 54 3861495582618271326
127 55 8281127704043712804
127 56 -7659651906584737620
127 57 4926514456457034206
127 58 -7673410662301605663
127 59 5626894713874004699
127 60 -3781458923761427603
127 61 -5235419212994339732
127 62 -9127986384827417961
127 63 -7645591884315782221
127 64 6660008524620755985
127 65 -8470709633226542196
127 66 4939345026846358706
127 67 3809749948401109571
127 68 -1355264499511782436
127 69 620623183845773814
127 70 7125355696169127071
127 71 -7581927467966227013
127 72 8821534044949374845
127 73 -959692722072800405
127 74 3691775101231404774
127 75 6933374907721853628
127 76 6419827558289471340
127 77 -6894431149683512887
127 78 7462462150378674222
127 79 5231644602899207431
127 80 -7259649211762019734
127 81 -4579143875113010403
127 82 4600497982896001711
127 83 7111858148714032706
127 84 6165073112060468633
127 85 20474040701021143
127 86 -3545408942389496481
127 87 -7500832480104301618
127 88 1088740978265834937
127 89 9001200295602886896
127 90 -4310559468656387685
127 91 -3702324797449140180
127 92 359636624770094724
127 93 718688742032051288
127 94 4361926392091166430
127 95 7790776733509368891
127 96 6630538574888874832
127 97 4725216277706078947
127 98 8391251090684701640
127 99 1251487173567401163
127 100 -7351000927077135222
127 101 7649087736740840655
127 102 -6654483767158139971
127 103 -1831356465731687819
127 104 1811910685284791450
127 105 -8835278367523426043
127 106 -5932084314438880938
127 107 6662642857287839950
127 108 -1035571978068707265
127 109 -599195433103572374
127 110 2658530983718327181
127 111 -8336396839082870147
127 112 -6934385920895201747
127 113 3995813787733915715
127 114 -7518207726692068139
127 115 1502816023440999556
127 116 1902088377293059892
127 117 2320513645971251641
127 118 -557209622988302731
127 119 -2915774354861869085
127 120 7914250638705352282
127 121 -6774659540839118315
127 122 5850040469097127990
127 123 7425315443869437413
127 124 -934188769127445815
127 125 -2591057690255860041
127 126 8988320613696149914
127 127 -2370757026030896316
127 128 8904337243037855621
127 129 -6808170015917960579
127 130 3668157055135584226
127 131 3727733174779199659
127 132 2021233381749429176
127 133 5282647331272823284
127 134 9145302327257729534
127 135 -5181639623000209506
127 136 -240421264311353824
127 137 5986452220523193862
127 138 -5594018718277501865
127 139 -6347882265450248434
127 140 -3706343771639312276
127 141 2569776650522469828
127 142 -6211674262468337023
127 143 2347577206911157944
127 144 -1493166652913807081
127 145 8580206322103600540
127 146 -6867718994678607345
127 147 -8468997746622023856
127 148 6663475409242866669
127 149 3784893597704996941
127 150 2101832558236684974
127 151 -8187121354855806547
127 152 815122130035461873
127 153 7441602716411584151
127 154 -5798120631600477589
127 155 -8105611353621534133
127 156 -90202770236665519
127 157 -2462016093534627030
127 158 -49850964001716091
127 159 8909876259828611806
127 160 5898329503384398860
127 161 4865756073015114188
127 162 7213976561753471065
127 163 6089852104776837046
127 164 2139238062194735089
127 165 411309383181886681
127 166 -1473786211895500494
127 167 -5345996204784638602
127 168 -1151752493812374885
127 169 -3086535419251490489
127 170 -5641116242040536770
127 171 3520528667642255832
127 172 4296624522760257043
127 173 5037668684529687162
127 174 5779107127489100908
127 175 -4795313682422668948
127 176 -1920423953152367940
127 177 6242799056172350882
127 178 -3172947193695636376
127 179 -7597709310455789214
127 180 587891919876489882
127 181 6229316043414937809
127 182 6476661446606911317
127 183 390064904866767145
127 184 -5023896256273071997
127 185 8617700820339877787
127 186 1167088540665348680
127 187 4102652208928282426
127 188 4604221791912236943
127 189 -2416211690555347350
127 190 -960734743747357233
127 191 -3188790572974963507
127 192 5368040355661044438
127 193 -4299890455859290817
127 194 3336325958232131051
127 195 2674499102006148344
127 196 2985246020523610033
127 197 -4378066561511763330
127 198 -2954506465509147090
127 199 8843070070270387387
127 200 -1604322204507665090
127 201 502613642222999669
127 202 -3552450012959363391
127 203 -2645219309979210772
127 204 -5247681285118332818
127 205 -5365902252609341415
127 206 -8374502462820696339
127 207 3773243983601471243
127 208 7903776006995453162
127 209 6445555524044742219
127 210 -8408001135653641139
127 211 -1367409347976934751
127 212 2176498840479675314
127 213 843420276456567991
127 214 -5761213499227875466
127 215 2652870670405034023
127 216 2193309660190368653
127 217 -3286379612987887093
127 218 8949975376714666490
127 219 3907266067898570938
127 220 2652794950601344203
127 221 -6406792160443516369
127 222 7939757363600198705
127 223 -3108590146798242903
127 224 -6619294293018674051
127 225 -4722736753991472585
127 226 4309136239897436676
127 227 -1328036195797878381
127 228 260742861417887390
127 229 -6319534651479625620
127 230 -3312830773386339553
127 231 8944337144116180983
127 232 5243177013367972592
127 233 -1932604454483168536
127 234 2641427740329792404
127 235 5487408423589194942
127 236 8257405794568826948
127 237 5337060849598912145
127 238 2056821670488540651
127 239 -2236543476018900364
127 240 592959783565896447
127 241 -7605078864799887144
127 242 7882506601623793170
127 243 6810770305751626677
127 244 -4528741507232419184
127 245 -3203097194390923966
127 246 -7920775464903793904
127 247 6934888422280963108
127 248 -577744442107478618
127 249 -1959608534728121917
127 250 -7805912669945117944
127 251 -7550954681221413992
127 252 -6520202716161345606
127 253 -6803806452062325360
127 254 5785367013523831888
127 255 8964196225205614909
127 256 -7954290502871111799
127 257 4409015363422101368
127 258 8120948655037441960
127 259 -4479516766277411223
127 260 -5161100828014668121
127 261 -9136032705597689473
127 262 -4061816880225268218
127 263 -1982389084304153664
127 264 5220364613200441467
127 265 3084620105074477258
127 266 -6325146637956839134
127 267 -3416707520756592092
127 268 917196473360064349
127 269 1259196058820163984
127 270 -6319095846264611653
127 271 -3254317575351255605
127 272 3943558063241224320
127 273 5216003582858635117
127 274 7920806059999768712
127 275 -160426201196873694
127 276 5727850849192006196
127 277 7586344911236773989
127 278 2994080914086457935
127 279 -2757016442985598123
127 280 -4157279212519532243
127 281 -3577410589740840377
127 282 -311161723411723358
127 283 -1163508910482458192
127 284 6803536179863611374
127 285 -4989278669675678778
127 286 -7822874202982580425
127 287 7147432246794742495
127 288 -8467512181041709415
127 289 5251278857877768008
127 290 5246425271698882205
127 291 7168961673910304352
127 292 -8578103805597274083
127 293 6477051576317393995
127 294 7405396140763636168
127 295 -2255612471287065370
127 296 5484668265955933025
127 297 -5333794388776877046
127 298 -7808203341747280450
127 299 -7910068495202323028
127 300 -6891648178188193924
127 301 1395508210952026486
127 302 915834023146564105
127 303 -6039514788153497809
127 304 -6325391254308341119
127 305 -6669045596449808035
127 306 4402288947797184721
127 307 -5040759722754594906
127 308 -8590438806884213462
127 309 -8102439399866478743
127 310 -4071415526199404540
127 311 -2837492308445024853
127 312 8646777019246967808
127 313 1472521106875022034
127 314 7680272852652551548
127 315 -4874054228354145357
127 316 -2363686440590926585
127 317 -8037298192955232194
127 318 3944586959822666161
127 319 867211726047373540
127 320 -2761024584173913169
127 321 9158367602527796213
127 322 -6727840493247190528
127 323 -564515294458221236
127 324 -3306889583420023979
127 325 5875478209952133815
127 326 8429741416777866802
127 327 -1772883454131490920
127 328 -5670089224955088695
127 329 9064576302022751883
127 330 -8768637970208791055
127 331 328388723172010113
127 332 5598294160599403455
127 333 6110656417661294339
127 334 -7056842835663010774
127 335 4812043878635856971
127 336 -1515912581925682490
127 337 -9199249140196594862
127 338 4252413612027572293
127 339 3879818403346046366
127 340 -212264174204543368
127 341 2406934840349656177
127 342 7659713550262332576
127 343 -7992041280880552895
127 344 2428883950621513994
127 345 5703451110261840400
127 346 -820597752312582041
127 347 -4721040799564697799
127 348 -1693915257684158156
127 349 2996251910461097233
127 350 -5089061256086558015
127 351 3361070613977702527
127 352 -6498660584106821802
127 353 -5721005212194387260
127 354 2651756972461544991
127 355 5884593694304623928
127 356 4371573879136145892
127 357 -6438431248141975339
127 358 -9176164701078951430
127 359 -3382007421314763722
127 360 2044825978355339693
127 361 -6663157790410264226
127 362 -1840980585063964513
127 363 -3301185353228143903
127 364 -4691480383149654990
127 365 3929982523903892043
127 366 -9216323491769411752
127 367 2072441892336112377
127 368 -1932223290109943918
127 369 1166825464049809064
127 370 8368519396326231833
127 371 8232378277849723435
127 372 -2422170693834415487
127 373 6546153663152721959
127 374 8516377776907845895
127 375 1617043527173397741
127 376 6476051558297594539
127 377 3475305854606097532
127 378 7970414982199414240
127 379 2946437730372563264
127 380 -3406449574842931439
127 381 7851131234467379591
127 382 1616323217415885183
127 383 -6645026058542115716
127 384 -1984008929359673095
127 385 8562421896623743149
127 386 6441028854721547965
127 387 -8043510595835819047
127 388 3748396957703508977
127 389 -7748345040380409608
127 390 -8899558766255747814
127 391 994617999328318844
127 392 -4395428733510369021
127 393 8816010377869258633
127 394 -8210440694151251446
127 395 8072163955692645813
127 396 6575077901508215864
127 397 3191925277860243890
127 398 7223408940380738325
127 399 7230521135440107095
128 0 8629965780089425318
128 1 -4319748874771087674
128 2 -5954283198312444382
128 3 -2838639921778939991
128 4 -5537052558532772882
128 5 -4273717223536772417
128 6 -428123014587975258
128 7 7548170488553601608
128 8 -6340643462466522888
128 9 -991411541068645997
128 10 5175649596781368715
128 11 6479854993599714993
128 12 -7766334481786781949
128 13 -2379941692105884034
128 14 6821445987784665287
128 15 5116457392274301357
128 16 -6888609984343474883
128 17 -6870403365988499349
128 18 1528200397823142909
128 19 -5048121828758733308
128 20 -2065469338654167478
128 21 7060841775645940514
128 22 -5048246111818706678
128 23 -7865726333911476076
128 24 4248089212023443217
128 25 -147034908383754629
128 26 8341787234150519534
128 27 3101413354162734706
128 28 -331250499649822518
128 29 -1837634189817354625
128 30 -1374487517188988916
128 31 -5285624904165662724
128 32 1946485782211056833
128 33 7850859307571894497
128 34 -202716392954466156
128 35 5617831190355266887
128 36 7260396148807135606
128 37 8249855857455939590
128 38 -3221214654123686512
128 39 3857450884601439171
128 40 -3290440716294220145
128 41 5915448782306648406
128 42 1753282539441779558
128 43 -3367213719526000435
128 44 1771510067665160678
128 45 8756171363449616767
128 46 1836488575896075243
128 47 -2807732432928475210
128 48 -9208032252605560814
128 49 -7884133836267368981
128 50 -6538721463471024464
128 51 2330107810179514649
128 52 -3493559740640801292
128 53 2301782251240221608
128 54 -1975919233082722566
128 55 -7234283057884128898
128 56 -2584314705878032091
128 57 -4138506810747076794
128 58 -4675323139993096124
128 59 320352574754112857
128 60 -2631846586026420287
128 61 7862580656940331752
128 62 -7993601381924853220
128 63 -7421180082510832033
128 64 6555779793234109607
128 65 3918041692648881436
128 66 -4294736806402584601
128 67 5180369267365696070
128 68 -7106685674992695579
128 69 -5927447715806720463
128 70 477293211662215909
128 71 -1665675184593536057
128 72 -5677701223436104136
128 73 7255171464261403100
128 74 954934780746766674
128 75 -581522825273904916
128 76 -8218210194731709219
128 77 -1013285422072570576
128 78 -530331728900994472
128 79 -2344241301587814367
128 80 9001626720665573529
128 81 -7859788431231731686
128 82 7939874214388448666
128 83 -5785251850665103413
128 84 3563751495113532857
128 85 8782797812961906035
128 86 7786752332188929173
128 87 5378493884720198220
128 88 -7269699787220557936
128 89 234047576127334359
128 90 -924286382798172490
128 91 -544273762198582590
128 92 -8183680162448235564
128 93 -3948480738865614677
128 94 -5145346226646060814
128 95 8391980765541611894
128 96 -3490921745747755580
128 97 -7111799906391045567
128 98 -5716584173457923195
128 99 8776910955689184724
128 100 -7777694825472804680
128 101 4992443420709947410
128 102 -443470521925657528
128 103 -6310281372637665259
128 104 -3204124294152070250
128 105 6003038926775011381
128 106 38947222635241229
128 107 -1308534305690354956
128 108 2004282809888914222
128 109 5934197441614106127
128 110 -5820442416921250919
128 111 1738778865172193926
128 112 6029819157212077169
128 113 3441621169511429224
128 114 2804317417758973986
128 115 -2714867911990632065
128 116 1873634511923057176
128 117 2215134414542386057
128 118 3281551485470288192
128 119 1068493517767758309
128 120 -3212822708432210575
128 121 -8308069021781782303
128 122 925133345971145487
128 123 4013044007962841193
128 124 -1984325739305853944
128 125 5090872862364103198
128 126 7046853336082362345
128 127 -3257439564851098805
128 128 7021171754380928690
128 129 3899253819910791829
128 130 -1205877728308759480
128 131 8475569619969149360
128 132 -6206061288696345529
128 133 3150480453413648796
128 134 -6498113653666252402
128 135 -852301588370020737
128 136 -8800356745980368786
128 137 -3067400140770562560
128 138 2750715611996703673
128 139 -8351113395004133008
128 140 -160812623704277329
128 141 -2315763542736502264
128 142 3078615920404527578
128 143 8650441982991712457
128 144 1668315181096343373
128 145 2956864564264944057
128 146 -3171022504938188032
128 147 2202224777850721746
128 148 -9178489948184465401
128 149 4834448084689644060
128 150 -9186441156567292162
128 151 -173327569760394474
128 152 -5581817615327543731
128 153 -7170473625630788408
128 154 1922611796058690425
128 155 3796031376623214399
128 156 -2103085965982270332
128 157 5456769840240040306
128 158 -4993737023557553550
128 159 3358812430663656548
128 160 -2433917439462686027
128 161 5953219266021104254
128 162 7679068983336693655
128 163 2150845303166466556
128 164 -3234667657927670603
128 165 -887207830050475855
128 166 2144616218734291746
128 167 -9153289162015826149
128 168 8006108549243580238
128 169 5902123675011258832
128 170 2415543078638427993
128 171 5040126811226597974
128 172 5593227197879694972
128 173 8249414931039687886
128 174 -1717048644905709157
128 175 6936276751757603172
128 176 -1243659160492138176
128 177 -8696470309376444884
128 178 -4672393261837290673
128 179 215558705000467494
128 180 -6133691242849574623
128 181 -6075391023841544691
128 182 -6214925257684565129
128 183 -3300504362839027505
128 184 -879909304400360822
128 185 -6258179234889842259
128 186 5405642284591804523
128 187 -6021746926931966205
128 188 4230909793586374795
128 189 4265229347644956626
128 190 2668564512195515304
128 191 -617532586904596452
128 192 2145934340755453636
128 193 -1472205919261277910
128 194 -1672899368217007236
128 195 743791433480712077
128 196 -7836261846611784933
128 197 -8832388549838518586
128 198 5999046992297183779
128 199 2848547022205233056
128 200 882046014762201539
128 201 -5956815380113214599
128 202 1409452142626872120
128 203 7085431246332154739
128 204 7076106495792526256
128 205 -7939681954927799987
128 206 -5384922055045590700
128 207 5881208819291533693
128 208 5811107317607940124
128 209 5235672464040400133
128 210 -2887141092114849697
128 211 -4698934073666810564
128 212 -7603546193792596051
128 213 1912235582046572235
128 214 1735564027546133880
128 215 8712631711399890016
128 216 -5496675579784179073
128 217 4877610333640773251
128 218 6065777305471567735
128 219 6606163227668876518
128 220 7119303551568955008
128 221 -3847973399896246016
128 222 -5386407842748933603
128 223 -7515797997837694870
128 224 -6530357509213260287
128 225 7280441040056389456
128 226 -4570507532060010506
128 227 -2026539114355187186
128 228 9041351515874098699
128 229 723232007841142439
128 230 -8162717844466826094
128 231 -5542686084007511133
128 232 7330040121768859368
128 233 -5306202261644803563
128 234 6505767339940741691
128 235 7535668479399249457
128 236 -2203819152232796845
128 237 -6097507652753216996
128 238 6520129800669801981
128 239 7666461630666621872
128 240 -4415333583552215401
128 241 -2868798199885842196
128 242 -8175775645303688288
128 243 -5818966934477473563
128 244 -4079325851956608051
128 245 5561630350710452570
128 246 5876163851516390624
128 247 1289376682992881293
128 248 -6896514559125378168
128 249 -8124171580425512479
128 250 4681737087301045847
128 251 -9177672230717905036
128 252 -4279171894792707999
128 253 3437850375168938671
128 254 -4028119565418671192
128 255 4168162220043527666
128 256 -2675311030463752991
128 257 -2941036109750986095
128 258 -4033129706429084582
128 259 8815351351176237885
128 260 -6401922212167933842
128 261 -600000334725101117
128 262 -6828220271818004329
128 263 -4298824175095712753
128 264 -789058333998677975
128 265 -5584389179322788760
128 266 7778171661692936546
128 267 1840211279275953452
128 268 -1397762057720365326
128 269 9032624344576385156
128 270 2947739884443512056
128 271 3650415766958780860
128 272 8374404762398959341
128 273 -5736513724469851954
128 274 4368647927301590643
128 275 7443937455733896232
128 276 -2515220560063393998
128 277 -6563205024054102541
128 278 6373297532271776303
128 279 -2117946447072073169
128 280 -84619048600968029
128 281 -2017369705286844887
128 282 779483689688697281
128 283 -5098456096653099408
128 284 5737538278730178133
128 285 -6289399068382669694
128 286 -8172896771952866231
128 287 -4673239260654373696
128 288 6477988617563673555
128 289 -8014053551368957603
128 290 -7978340496523148933
128 291 -5983679507482738171
128 292 9181681322442599647
128 293 197199109787857301
128 294 -6998480861684089895
128 295 -5227077215037855113
128 296 -7298940100323171751
128 297 2614492877519799443
128 298 -6683862061289572780
128 299 -2414405683317386344
128 300 -6409290800642269077
128 301 652576526120784899
128 302 -4747274653204953847
128 303 7049426464417353830
128 304 -5564220159847132817
128 305 -6888850526268415898
128 306 -1169895636799441180
128 307 -8623533621669455599
128 308 -4806386653952374263
128 309 8476989950324576594
128 310 4377576503236126192
128 311 6783196537018434096
128 312 3748220786700012597
128 313 -3530565211611424057
128 314 -1576248827316732965
128 315 -3652281678968936330
128 316 1950751457145825319
128 317 5251992022837397595
128 318 -6112751872692841741
128 319 2152454243326126335
128 320 -3592425724815791438
128 321 8161954253022728656
128 322 6613183785294338487
128 323 584474575108206924
128 324 -5401128766575207024
128 325 -7611506847685681384
128 326 -1776321950176856541
128 327 -5709787099109300873
128 328 3253441335585331792
128 329 -2041348456453876649
128 330 -4786471359691699613
128 331 -2850814251508700083
128 332 7998313139054703918
128 333 3111074524785165296
128 334 5449867275807895171
128 335 -7449892273120823912
128 336 -5320950115239669197
128 337 -8765403172282802724
128 338 9156382323202308198
128 339 -7735432792063280627
128 340 -4506153616862752266
128 341 8311704439437381871
128 342 378002047412975965
128 343 -1102656981112570374
128 344 107226151308683819
128 345 -8262372952088818945
128 346 8777599427672007890
128 347 -2929344508823036680
128 348 -6796438486959530439
128 349 1940319080650700398
128 350 -7732647211604823164
128 351 5826542447514172440
128 352 -7025024034908389705
128 353 -4760308820837827912
128 354 -2708958389825226189
128 355 4867563036383551600
128 356 -6798863442011128287
128 357 -3593586856880926668
128 358 -5148568340840144278
128 359 4718690707412699686
128 360 -5134495251822846068
128 361 5737074378916072418
128 362 -3449308021880692954
128 363 -8688019054363133583
128 364 -3764999876250102985
128 365 -921914326767507581
128 366 -5214281581863151903
128 367 -2942034020469962199
128 368 632790640155950623
128 369 -6433915312149142074
128 370 -7577995496506126932
128 371 4096916191190185234
128 372 -8547748262032892273
128 373 7303836752301277729
128 374 -1954005993198290866
128 375 -1051857800072482884
128 376 2886064990074203248
128 377 -8442368304540139625
128 378 -2770322078637616585
128 379 2796742310332387363
128 380 3201367196887622431
128 381 -5409830845703627239
128 382 -4734536217283650108
128 383 -4692187838121388764
128 384 -8461041290537087442
128 385 4462402875966303337
128 386 -2264318806125046388
128 387 3844823640938663784
128 388 7302258219101399510
128 389 -739744911261002604
128 390 -2251272014568828906
128 391 -3930766485598040039
128 392 8608517764683315405
128 393 5714852315790645526
128 394 -2481990610870192942
128 395 7506994400208816453
128 396 -324836509166090369
128 397 8740494160892639178
128 398 7982088587824925468
128 399 1265861587681124976
129 0 1065943045734158217
129 1 -2201707014717235128
129 2 5382747527318295638
129 3 -5308198945780171394
129 4 1940104701236130002
129 5 -491000078055627445
129 6 -3495130593298858531
129 7 -6731173579952312674
129 8 -438623363078101239
129 9 441001542797445190
129 10 -720353599648809042
129 11 2198365155109190306
129 12 8548811588149371858
129 13 6687147390856169359
129 14 -5697433130873480100
129 15 -7866210660851200105
129 16 -6172145159598592586
129 17 6147690600509887302
129 18 -5170901877856059198
129 19 4506943481063570089
129 20 852591401185517406
129 21 -8234225204491777118
129 22 -6232266397865385628
129 23 4872418207950628232
129 24 -5037028283321452669
129 25 -7671780543802348322
129 26 -6295204480853769061
129 27 -7361416083473385395
129 28 2316896248487584879
129 29 -5329902761363305709
129 30 592781633572747528
129 31 2157025496321965883
129 32 4096291558374101527
129 33 5657814081407347836
129 34 -7990901696889664655
129 35 7954563172963460948
129 36 -5507050881178832417
129 37 1640574353668789312
129 38 -6998997390880826790
129 39 3644440225284125233
129 40 -297091835508581496
129 41 -8752248236771725684
129 42 8884142726989901377
129 43 2698103852885806790
129 44 -7525631507566615436
129 45 7376462787786046909
129 46 -4629775709231477685
129 47 -7348229990286888601
129 48 -2927014999282357062
129 49 6235318413869259096
129 50 -569916884780116112
129 51 386057484489261342
129 52 -6701016998812834294
129 53 3550200050660808304
129 54 6591489491742124712
129 55 6426454368955093603
129 56 1572233675335881409
129 57 -9030688004237544657
129 58 428890873368253393
129 59 -1332485725313161596
129 60 -2945467311687001071
129 61 8344175897344229681
129 62 3320187075415247776
129 63 3887668397130944519
129 64 -3635200457386183495
129 65 8434618335530238767
129 66 -324034220805208330
129 67 6390042800606793127
129 68 1216341645697010447
129 69 -4267265431195721825
129 70 9163871313977293694
129 71 8401533949093557114
129 72 5498277557770884805
129 73 7736585000183096896
129 74 7163743428685487606
129 75 6544682440613004256
129 76 6062322998786522202
129 77 -5024587289650236891
129 78 -8273968521270483933
129 79 5374705289120349714
129 80 -8845681789426981085
129 81 4746141044288839750
129 82 -8897335710690020115
129 83 1476211016152480762
129 84 -7218870124683975277
129 85 -8567001812706132630
129 86 7840702464796396510
129 87 -195386320174607303
129 88 -965183591991967695
129 89 5384668255736411047
129 90 -1657771616039654228
129 91 -4863662402222514097
129 92 -6438959745468545750
129 93 -435779996676628371
129 94 -413314606963942759
129 95 -6276114520396232735
129 96 -2628739442124577425
129 97 -8330864690238748978
129 98 8308133268934552513
129 99 -9176961559923735047
129 100 9066100147315876496
129 101 -6436035538035766389
129 102 -5828474716147251797
129 103 -3796067208523023657
129 104 5036477295175865046
129 105 6045253923689177234
129 106 -3189122372888808067
129 107 7216747251522520113
129 108 -5088803684465368562
129 109 -5899198468287379864
129 110 4387039274239307022
129 111 6860713207321340242
129 112 570624091870944301
129 113 5366595096411066600
129 114 -5501133905186593825
129 115 -6267768510320849187
129 116 1190557883935451277
129 117 -4125277213513857317
129 118 6226646860998468076
129 119 -1284504197996034799
129 120 -2491223587126911220
129 121 -4775232907967518712
129 122 5334314929586621765
129 123 -4050559422854010179
129 124 -7373237029416671600
129 125 -4543352300941720034
129 126 -3928625039922505098
129 127 1290544487039295586
129 128 2938216450198993339
129 129 -4852513766928994599
129 130 -2993522221914934375
129 131 7560363568354199508
129 132 6047944680473410417
129 133 1936150629543463204
129 134 -8973096920509391974
129 135 2809601373376242035
129 136 -4254646885136265837
129 137 2097900537739463900
129 138 -6075494448005702229
129 139 1502069644969521869
129 140 -664859259812657110
129 141 3373610955676719796
129 142 4706985840794165671
129 143 6034996570048804492
129 144 6569290802572173355
129 145 -909763427384438300
129 146 317137432813782063
129 147 2903162120546397694
129 148 -2680586030516108535
129 149 6276526455013431596
129 150 3635926688410195693
129 151 -3209759819552564883
129 152 -555632881052583842
129 153 -2216458853366011923
129 154 7374581438566120739
129 155 2186445976789357546
129 156 -8854488801298868727
129 157 -5459121024488924865
129 158 7732449778359386798
129 159 4767501655753341065
129 160 -900247061736168118
129 161 -7559513725190379514
129 162 8982503832120915365
129 163 5344265900464007017
129 164 -700416452182490619
129 165 8778783201437532399
129 166 -970933456347386380
129 167 -8034554033093259835
129 168 8773526295291628459
129 169 -8441479795183155947
129 170 -5665270434107089251
129 171 -9207777183550458271
129 172 7713255428550793955
129 173 4915570816088414496
129 174 4823253327125115991
129 175 5134437647522924550
129 176 2685070482764242153
129 177 409172774804931936
129 178 1570430051215122837
129 179 2531555517529984605
129 180 -7404217129127910689
129 181 7788117761744877489
129 182 -3496930986469810791
129 183 -5980241123766411902
129 184 -5759320180078129956
129 185 -5939858580064253581
129 186 -864792761587373071
129 187 1080309755555668773
129 188 7461403893773253
129 189 3808068131625315833
129 190 2307186709838210548
129 191 7316602225717931024
129 192 4651701067363876379
129 193 6288244182682092049
129 194 -5448402180286313352
129 195 -9211906667965216285
129 196 3976659446142127519
129 197 5783558244831017600
129 198 -5070869954278167029
129 199 -8750699192774786112
129 200 -8519723011306389403
129 201 1070930114835410010
129 202 -8999887154877610387
129 203 -4884704188479594006
129 204 -4191228684769923685
129 205 4088689777699451054
129 206 869069933414397171
129 207 5602733546292251293
129 208 7263236518458869619
129 209 -1255021488181174652
129 210 8730752938059370568
129 211 -6062631304960305210
129 212 -8570028062281814709
129 213 1383014082937508617
129 214 6856753291377564356
129 215 7527012865443265336
129 216 7951496896794621323
129 217 -6270668938332480855
129 218 4831703340728453274
129 219 9142952623899910553
129 220 8352391952615602159
129 221 -4342960353753572771
129 222 -4854623935817675445
129 223 9124353475463175198
129 224 -8893931079054433139
129 225 -7782849726053977231
129 226 -7507280316475347785
129 227 1482728118400641748
129 228 -5302016046775117233
129 229 -3320392987012142677
129 230 1612724780206695947
129 231 -4599113351289310034
129 232 -8680188354681172939
129 233 7504354866100844475
129 234 6488269556755276264
129 235 7405498926763741520
129 236 -1217350370728764554
129 237 2804247387078970269
129 238 -4753267907201666912
129 239 1285700007847715977
129 240 1520490160711361458
129 241 -8846689986648183985
129 242 2900547704472759889
129 243 -5946829732781341854
129 244 896287729489220832
129 245 7571857318855991871
129 246 -3978857075956730817
129 247 9098504616247828793
129 248 -2184281497065037623
129 249 -4794108813400765473
129 250 -5823613198144272063
129 251 3896273908375876947
129 252 4421233299633406337
129 253 465954413733120109
129 254 -2895978957096603930
129 255 4918795881561512662
129 256 1517583611689022203
129 257 -6241218982428567462
129 258 6126198379459794144
129 259 4241181040280515313
129 260 -7217665213046128642
129 261 6939758317704564624
129 262 7193467619146993872
129 263 7090244187085684931
129 264 -677704120354776735
129 265 7876642853859953835
129 266 -4719629295389561897
129 267 -3367781301457787926
129 268 4681995471000257578
129 269 7703511805677750693
129 270 -2685119568297460666
129 271 6639240238756391096
129 272 1573896323129005524
129 273 -4567499665420411418
129 274 -5076500180943363749
129 275 -5578428660580194303
129 276 2643255316642964201
129 277 4555451866742223629
129 278 -2091769836718069599
129 279 2012120157481266660
129 280 5017531511345932653
129 281 -3146432967971252003
129 282 7081621620236242226
129 283 -949436161577309634
129 284 6542083267672002497
129 285 6302291470039577229
129 286 2655049347692128676
129 287 6372909796751373837
129 288 -8117406254249239022
129 289 8982032974991467670
129 290 4661365329251321547
129 291 678148062983702870
129 292 -285490629387067537
129 293 -2711545956231125622
129 294 1410847164809883872
129 295 1482787894063038288
129 296 3767222730067730155
129 297 -2946224221375719809
129 298 -1720952529644918500
129 299 1732437837208585336
129 300 1661878834536772086
129 301 -2425285087717239688
129 302 -6904140056070130661
129 303 -6990749976313883360
129 304 -1458127251034072105
129 305 6546614133350254144
129 306 -4248449167440013445
129 307 -3524081201106299474
129 308 3743160118415030241
129 309 6255265660684360960
129 310 2445226265407077874
129 311 2379139418385674983
129 312 -358637321732884889
129 313 4210509689761559305
129 314 -8050459123601839629
129 315 2059078026109339933
129 316 219849147180508983
129 317 8937434529878822887
129 318 -4911794408313652361
129 319 -4526418097485539500
129 320 6540174142906844885
129 321 -5035456908779413990
129 322 -1053925148282400753
129 323 -5990836958999936611
129 324 -1098725193606650390
129 325 -6823297908546722189
129 326 8968859781982697915
129 327 -5936832089315178393
129 328 -2386312278904435013
129 329 -4571503393310930605
129 330 9136992690410035860
129 331 1524304569085643317
129 332 3627380031742968436
129 333 -3322531826592029153
129 334 6440570754185038228
129 335 6229503347345703393
129 336 6577792480853605897
129 337 7661896984840910048
129 338 872261664613271312
129 339 6273878260449197896
129 340 7644298709728006754
129 341 -5823861799619763164
129 342 3886682594729524674
129 343 -7569297016432800826
129 344 -6494975928756479002
129 345 -2334410865145050122
129 346 5156416495028276502
129 347 5266606023526996400
129 348 -1897964593982904464
129 349 -5759083992358935560
129 350 -2860029451252806075
129 351 2282809550653127100
129 352 6033042244772095414
129 353 -2956720372587478754
129 354 8234971833382395514
129 355 -5453982420796700079
129 356 4677970765166960057
129 357 -2278315600331865631
129 358 -32000084297877263
129 359 7166616066527735756
129 360 9138674649573219907
129 361 -3681591396915171165
129 362 -2711435092211468195
129 363 -8014417617363796922
129 364 -6737820762292235292
129 365 8088627166370764570
129 366 -3223195984928633620
129 367 -4391916681161824780
129 368 5541750280857165290
129 369 3141215232762701697
129 370 -770588620105711890
129 371 4773672470227470411
129 372 8961434768945930911
129 373 -2458418315081975138
129 374 -7547178005461889528
129 375 219301197174918163
129 376 -1152677862640776276
129 377 7871684972443644328
129 378 -624321874224990005
129 379 -6636295417172975992
129 380 -3064347962095392010
129 381 -3588830810802392226
129 382 -7964237200305377365
129 383 -6215766869006211118
129 384 5476733257604304298
129 385 4228914409737833496
129 386 819776037525228810
129 387 3290639069366047485
129 388 -4010343575100136283
129 389 -2279829765064241650
129 390 5105651380232798322
129 391 5958113788083601703
129 392 -5398961524645239788
129 393 -4063268114640470391
129 394 98186444575046898
129 395 1890928303825217490
129 396 5966972178822344941
129 397 -7153418552128488940
129 398 -5414501806071245065
129 399 5592818577459074197
130 0 -1894691811944473003
130 1 -7782126556768621994
130 2 4461418370788805232
130 3 -6061181036167368409
130 4 1266838877049266212
130 5 7920720673531417816
130 6 -4602622975201692448
130 7 -4977707631892088401
130 8 -2393758347444298440
130 9 -165168579187394080
130 10 -5205129118856765062
130 11 4140184904460280005
130 12 3884056428817842004
130 13 1983971001988122626
130 14 2130928151314004651
130 15 -3939715760594911885
130 16 -321104674818082726
130 17 82531071685137734
130 18 3869772551295853597
130 19 7738672884895329519
130 20 -2372143535934499620
130 21 -4756962552100822599
130 22 3406602704724202687
130 23 -5381036575994707004
130 24 2376854753232886946
130 25 6209379265760972185
130 26 -7556528269097844420
130 27 6205625673070631801
130 28 4534596687194513066
130 29 3730115213133358057
130 30 -6816552863206846
130 31 -1852564923408696332
130 32 806709110009959541
130 33 -3340558217108353653
130 34 2778511138811489857
130 35 -6521332864600152805
130 36 -8757731151938678157
130 37 -2320611371027541882
130 38 1802829353289189621
130 39 -5613253076755389863
130 40 -1972780733993885613
130 41 -4872641260830003222
130 42 -456095941933461129
130 43 -4921110432767990764
130 44 5461537274440643825
130 45 5921263706386111771
130 46 -2722073793198455722
130 47 2613498348968239276
130 48 3441052196375989513
130 49 6722479129111888030
130 50 -2022994500527061581
130 51 -8368058729364249493
130 52 -2194456868217845895
130 53 827241656611841044
130 54 5262679117667748481
130 55 -2627254908296079061
130 56 6453728669497704633
130 57 1196512764238582277
130 58 -3841253256294913282
130 59 -7671658296188024723
130 60 3739276574087568625
130 61 511875098225214503
130 62 3320808678149253051
130 63 289884046883640189
130 64 2055680093592657596
130 65 8562805027742476212
130 66 -2624704247103325929
130 67 8850143764756780308
130 68 8410167065928422666
130 69 4906579488130682831
130 70 7698654384348619766
130 71 4163789039157885623
130 72 -2116352568535762608
130 73 -1935252223783915827
130 74 -4772687380897801456
130 75 -2971412393835183938
130 76 324383125462922139
130 77 -4405615931285874489
130 78 1910835569226207288
130 79 8207569471512633256
130 80 4192883878076135753
130 81 -4672385066334680656
130 82 8643160133806667831
130 83 612861071438178319
130 84 -8048440910712779404
130 85 -6311381047108645703
130 86 -9121469698013730018
130 87 -3986672352139681585
130 88 -4187138092328003706
130 89 -1025638922985084535
130 90 -5475728773586372554
130 91 -1463945420876788255
130 92 761510678886804843
130 93 -8555580680461857881
130 94 8179508649038132853
130 95 -2758668789034163116
130 96 4587781496865885345
130 97 2264136384847857369
130 98 2435265801677479857
130 99 -308037172244078806
130 100 3505916573663758283
130 101 974140989362383497
130 102 -8495104307362887166
130 103 -1175211089907298072
130 104 5757224430008993402
130 105 2902489571277165988
130 106 6136218361080835027
130 107 -91518307608057221
130 108 4268657671179744320
130 109 411854747730694363
130 110 8533822046943107755
130 111 3519198305647830475
130 112 2414430379910144612
130 113 -5044891230683945026
130 114 -6782478363666976975
130 115 -6375745855392733318
130 116 3123242418225427144
130 117 -8828961869098313884
130 118 7002641125514446269
130 119 -7304060470742672747
130 120 -435065523591061231
130 121 -6414894514848258266
130 122 -7845967260093863051
130 123 8225971055168993079
130 124 2824796689416671956
130 125 -4680954960033906009
130 126 -7611618856082971535
130 127 2792916134817309268
130 128 -6155771326648937958
130 129 3099072728692074949
130 130 6796830826250431643
130 131 -7536263339997636189
130 132 -8529419293533542979
130 133 -8879126237392710682
130 134 2351668266507629899
130 135 -4635130274579328841
130 136 -2709729275619094657
130 137 -9185830865370688430
130 138 -8402110339257177701
130 139 -6459192416171689394
130 140 -5732445356161936811
130 141 8833361705274770823
130 142 5178882911405587465
130 143 -4217830197283681717
130 144 -335075330886298986
130 145 -7817916578399102561
130 146 5223887556236052093
130 147 -2925506389115702128
130 148 3957075146778739573
130 149 -7825627858725890594
130 150 -371536774783031900
130 151 -5321096204352503501
130 152 7651869544639983113
130 153 7769928022300064621
130 154 -5653341020722449924
130 155 -6791766145336366151
130 156 -8429130057467618484
130 157 2557508060223406909
130 158 2918685901104651837
130 159 -7608951166588618432
130 160 7714562476334281972
130 161 -267893032696665426
130 162 -5715574222014572527
130 163 -7908422580641961173
130 164 2697240745514583597
130 165 5918138219972099901
130 166 1441419966910274304
130 167 1057333170670310152
130 168 250835186800832059
130 169 6241518506092536929
130 170 436861386718584888
130 171 9080898652120835357
130 172 -3993847131700301999
130 173 -6377163563033167720
130 174 6878698940914770805
130 175 7615992280336668572
130 176 -3707147882264283026
130 177 5435562344002423362
130 178 -6909647756553056387
130 179 1358916513327349886
130 180 -7367269287417326708
130 181 4879543090715619659
130 182 6387754017881863315
130 183 -5491589807371449956
130 184 9878349265832507
130 185 2809473854893441646
130 186 -5646012782302737971
130 187 -1449604054531611995
130 188 -938073701698785053
130 189 -3061717993973187702
130 190 7454674089669242746
130 191 5953127861307957728
130 192 -4610739209616473213
130 193 -5158123771693580931
130 194 4942227969792563476
130 195 -3201513326364851310
130 196 2327413549134858393
130 197 -2646854084783368718
130 198 -4908228536904240291
130 199 -741076933393150126
130 200 -1526737688188288028
130 201 1363593208151844526
130 202 7489754080038591109
130 203 -1392124313917583225
130 204 7010701149313053088
130 205 -2453321194047869854
130 206 -5402562472137116884
130 207 1954299907226437638
130 208 4797657959358146852
130 209 -365707169637321771
130 210 -7528423989500522676
130 211 -8333340287699966253
130 212 -7135164645354565756
130 213 543289451910199514
130 214 6193382714149435619
130 215 -83683234039809742
130 216 -8711972120337579965
130 217 4154497811696909511
130 218 -6788033338008357074
130 219 6540235087776209867
130 220 3921920806923616633
130 221 -1818161855348422305
130 222 6261223811285575470
130 223 -4240950156781537009
130 224 8347656687736622941
130 225 -1327741442232582781
130 226 3811795877383182363
130 227 -7515167188798191639
130 228 244281632655740336
130 229 4790704983398673598
130 230 5374500754506604106
130 231 -3910776696193323897
130 232 -3298390097271336466
130 233 3309123015027914466
130 234 -5491282117971766242
130 235 -581379468326479540
130 236 6254579794416095377
130 237 -7970997589110525104
130 238 4526106431529231345
130 239 -5439383099867512395
130 240 6258893650421854757
130 241 -7257684038501707772
130 242 -3080448969280808936
130 243 5817608656182688665
130 244 -3531765895603771434
130 245 -8297457501781498370
130 246 -7273207140101955212
130 247 -1247959802831389428
130 248 3712405622608461701
130 249 -1882075691045531999
130 250 7563841642069809149
130 251 3148247689897539971
130 252 6147558607777427274
130 253 2965483043404713980
130 254 -4537907583143757045
130 255 6520926520880484321
130 256 -5157121003017788705
130 257 -8786606897950950027
130 258 -595593371978132581
130 259 1028081060930827441
130 260 3696186020014622892
130 261 4351894971609760193
130 262 -6330274591223687120
130 263 7497884068225048793
130 264 1223926930252655112
130 265 8515854606781173085
130 266 5274844072942941861
130 267 -1157457306505346242
130 268 3230231362169216848
130 269 -3414780258445330573
130 270 3648547951285925271
130 271 -1254021217593536334
130 272 3783461396502075085
130 273 -6875552512628783395
130 274 2017885061212233854
130 275 -6504634612684551046
130 276 8014781166346276027
130 277 -8745964887018277933
130 278 3857504831647612172
130 279 -5445488721968688287
130 280 6886658097047924481
130 281 -7980051955843724329
130 282 -524149641940678212
130 283 -3896250151895117745
130 284 1483478258186355510
130 285 -4762327654337611581
130 286 -5071828420930176591
130 287 -6052282771806653182
130 288 4710537168820002736
130 289 5550492435181141433
130 290 -3585309493286485627
130 291 -3626546469432628028
130 292 -6115948824804265116
130 293 -1663817579775821727
130 294 -6271827568601778640
130 295 -3722146593709591617
130 296 -7253983084483069377
130 297 -3224848051895980156
130 298 -8331104267291581733
130 299 -2796548508049899426
130 300 1344305553576027315
130 301 598123087421288452
130 302 7409233112059165083
130 303 5939209733347357670
130 304 8242415451077879970
130 305 -4728305980214035992
130 306 215483603041886447
130 307 8211135424568886854
130 308 6834560701929952301
130 309 693511004635439724
130 310 -1780827904926278393
130 311 -868864239810344115
130 312 -457134094533159000
130 313 -7000765075009364778
130 314 7633617783100157764
130 315 2146476682633924750
130 316 -6455265227677792963
130 317 -4684746051346785531
130 318 -8674763704698411642
130 319 5975765559341555137
130 320 3314587719627756926
130 321 -6703852890402388467
130 322 -4691063133112255622
130 323 7224038293701959570
130 324 2851296073121994688
130 325 -6147174498975890097
130 326 -4400504448780117677
130 327 -4005632968738786667
130 328 -6623464020523891530
130 329 3142321408407962081
130 330 -8282612424870782388
130 331 -4307580457900097300
130 332 -721722654778890543
130 333 7139715781551839799
130 334 5042147592137012485
130 335 -4917060221365605369
130 336 -3362886110919817405
130 337 5681035455532130079
130 338 1980457744776130323
130 339 -919597798365677570
130 340 5710691378339859483
130 341 -3430613196725359881
130 342 -2058258407764071600
130 343 -2579639309199387168
130 344 -6428769980810151594
130 345 238104232837222938
130 346 -8998066482371663136
130 347 976530539803962574
130 348 2748032555707134786
130 349 1844660058240705817
130 350 -1210537213880045682
130 351 -8688061964303553667
130 352 -5455342672225396149
130 353 -3938498707518758890
130 354 5735940758510132660
130 355 386745005980883606
130 356 -7610430348936603798
130 357 -6535661204680580383
130 358 4767032721641637793
130 359 -3713044043195725461
130 360 -2546451944713032563
130 361 3990473614169325005
130 362 7934126352058181232
130 363 6053417250072504824
130 364 -7384542831317482576
130 365 7666801859820110874
130 366 -869300220666706229
130 367 5834580083181962148
130 368 -2044312936479900247
130 369 -1562420881935065450
130 370 1344017233581034130
130 371 -5133172812564358509
130 372 -7118063495251287028
130 373 1664667892720707609
130 374 -887236098931536142
130 375 2857853078580532926
130 376 3122408043028765986
130 377 3065836714201325834
130 378 1504976174667540044
130 379 -5672212320075740016
130 380 -3610687194471316359
130 381 -6584382091966945296
130 382 -8047681037168710015
130 383 8057278596170620309
130 384 -2898504321151103289
130 385 -375118050900671004
130 386 -141178142658269441
130 387 -6685430973006618882
130 388 1567680287770779394
130 389 7651037342471538684
130 390 -7020473505980880110
130 391 2012447248831401358
130 392 4325220124939772460
130 393 -6919370555513854207
130 394 8515357901147611677
130 395 7428858031232181575
130 396 7388460298229237066
130 397 -7952888059826903608
130 398 3441738180276763055
130 399 -7258260338167009403
131 0 -7486806481152942156
131 1 -1402522886763266779
131 2 -7054114719163271810
131 3 -8422700424627465618
131 4 5368714776443698012
131 5 6846967063957118867
131 6 7800144441292600560
131 7 5154184467251899364
131 8 4020640142734707816
131 9 -1379301012412446917
131 10 -1256181329255011735
131 11 8069527947973078995
131 12 -7905430267600106048
131 13 1394422131822004158
131 14 -6000440122745854076
131 15 -5926141592729340705
131 16 2765883754204213524
131 17 1603507530816746879
131 18 -3822689830513644934
131 19 -5788282415923905202
131 20 302333936581480086
131 21 1545573890447749607
131 22 2084369823006948802
131 23 -4734037803567600256
131 24 -9038734189292416679
131 25 -2529430626817589024
131 26 5733534692051927728
131 27 -3118518265108699718
131 28 6277168508019191024
131 29 -4050007059432286369
131 30 8431981415809813380
131 31 6707332609982803222
131 32 -6466714205189012744
131 33 1335558266702914751
131 34 -6087698597925341364
131 35 514687121943478296
131 36 7790536418365731822
131 37 428337840014109125
131 38 -6459128924007445668
131 39 -1291986448132198182
131 40 -7800597632575922899
131 41 8421266788137288236
131 42 973364656340979704
131 43 8920757057637722915
131 44 1773305137467123186
131 45 -8090012255581766269
131 46 -7856621394559686833
131 47 -4369629249086684473
131 48 -1658216325289245708
131 49 -8180462205241762991
131 50 1091334003959773058
131 51 -7013563559421661743
131 52 -146844061203808776
131 53 7938629881845736546
131 54 -4670494251727616997
131 55 -5496089980581697780
131 56 4152016987315247986
131 57 3807527756818156166
131 58 -661919351389436477
131 59 -7100714230071953213
131 60 -3445937088547767758
131 61 -4282018142696752426
131 62 -7458437781623764456
131 63 -7002812310173151927
131 64 -3440321783263692561
131 65 -2081023260431076229
131 66 -8835677448892515601
131 67 4731773194570283528
131 68 3010453947354919014
131 69 6704025419969601562
131 70 2261303614340952891
131 71 -5813080241851614416
131 72 -7851952005868194296
131 73 3128466222293511030
131 74 -5636920359308643321
131 75 -5328550319611839455
131 76 6485544336479760069
131 77 -950970598534550166
131 78 -5107115843972865750
131 79 525069958865741623
131 80 1212217391046043307
131 81 5511681223116349310
131 82 5447804914818960512
131 83 -3010483048005486425
131 84 -2344696800177241743
131 85 6037143637032531163
131 86 1023116862329162954
131 87 5950676608655866354
131 88 -3823524808154059448
131 89 -3662843496768822239
131 90 9119914196119470326
131 91 -3218229443260922136
131 92 -866100616720762711
131 93 1264875828909805099
131 94 -4506635348403244195
131 95 5341275769758479545
131 96 -243013222384326852
131 97 698041897832602907
131 98 -960452974550730586
131 99 -7332929756798552270
131 100 4287049369246551678
131 101 -698777362304935675
131 102 5748125006746177638
131 103 6052803174907216421
131 104 -8505979171819018357
131 105 7107327307638004848
131 106 5489339240915383773
131 107 444961647648394394
131 108 -7178742267075307521
131 109 -7154434054728573532
131 110 4998245356233609501
131 111 -7924719598896880159
131 112 -3491269550754032358
131 113 -8757590203506289518
131 114 7219632917244416935
131 115 2174010579100985308
131 116 -8864537612210217792
131 117 -448982932320896573
131 118 -6733667173552905620
131 119 3203792382285724992
131 120 -6385215274584138084
131 121 8228854058467564309
131 122 6039973315046145018
131 123 1440846393834708322
131 124 -519571594709242469
131 125 7394237624894264615
131 126 -7217253648032755700
131 127 2169250288889045967
131 128 6245095400758519508
131 129 6273720321618400506
131 130 8946845673478147752
131 131 -7618211262426040367
131 132 2546470738065852809
131 133 6305330378065414185
131 134 -9005240373030877905
131 135 -1020764457931843451
131 136 4946726141784177431
131 137 -8188054385051263061
131 138 -8403267623842089394
131 139 1507168410276552168
131 140 2876887266273614270
131 141 3508361448337499921
131 142 -6999445135335183996
131 143 5084349025017996045
131 144 -1146744629930732305
131 145 6544347669350144698
131 146 -7386733896190949526
131 147 -2484544521210349325
131 148 2060232181483403353
131 149 73507124135673601
131 150 -4647941776121712100
131 151 -6094351686958914881
131 152 7076684827272025295
131 153 -5979659260191601732
131 154 6824075194656076114
131 155 192716276464793958
131 156 -2275663555171359084
131 157 -5594528871748841467
131 158 -8278056690775497307
131 159 8090686790929384480
131 160 3940548007309821085
131 161 -4648074810644158188
131 162 8488423182318143836
131 163 4079417788807965384
131 164 -2801848263880433372
131 165 248443411753630131
131 166 -8990655189799212587
131 167 1522832080320705359
131 168 -3390607041655161457
131 169 1352293055307110751
131 170 6615284684119646522
131 171 -9019409410812993041
131 172 1189936711358651197
131 173 -8753898962913906668
131 174 -157895838321348524
131 175 3641629430357492958
131 176 -7974773298291341573
131 177 -6308821404621065072
131 178 -5668775430276076046
131 179 5840067595436267544
131 180 6566786852066723500
131 181 -8611380624404246526
131 182 5791204672329317649
131 183 8981512659410149438
131 184 2461105769027933572
131 185 -7961126112776307273
131 186 -6848964250938625290
131 187 -5757173084349532092
131 188 -7907680049800856825
131 189 -5498078882877106321
131 190 -2265921740981332300
131 191 -3036153619523474419
131 192 -8775622908567038885
131 193 3933646196911736088
131 194 -3309237264354575790
131 195 -6169378823849462620
131 196 8869359988689878990
131 197 7314434549859876750
131 198 -6367958297688168619
131 199 7251801913291443312
131 200 -433457147417515159
131 201 -163119817024180807
131 202 -2412140329523916480
131 203 39387029053677524
131 204 -6229568507304345797
131 205 -1306685107012879979
131 206 -4180888053086293245
131 207 -9215601328872458214
131 208 6493097748349424660
131 209 -581829657516725209
131 210 -1048709064724774212
131 211 6956438374683514833
131 212 -309375412061794022
131 213 3702665331268034582
131 214 7386651503888483184
131 215 -927039842782671910
131 216 -275458158945385439
131 217 -210400655763661744
131 218 4814641464102606640
131 219 9187444314200074829
131 220 5148800345203553798
131 221 2745552996153320230
131 222 429048362984017400
131 223 -2708342824186339349
131 224 5081890394081916353
131 225 -4340525920396604245
131 226 1927805846843591482
131 227 210938063782189563
131 228 -806580215047598859
131 229 8601329165440326151
131 230 1466818473671964084
131 231 -2129503038812011452
131 232 5277634898988543367
131 233 -2642285706083279814
131 234 -3517401716045478122
131 235 1751236837528129378
131 236 195442468264351639
131 237 9027638138895084016
131 238 -153833407337262538
131 239 -7195721100593811394
131 240 -5019568263907341604
131 241 1797995027997469387
131 242 8628687334829018991
131 243 6268879013590045040
131 244 -1090968762338420731
131 245 -3835200402628538913
131 246 -4695846673922393512
131 247 -1525217984895766507
131 248 -3149089126651225129
131 249 1996739240517136967
131 250 -1649784227790085116
131 251 5390351032541260224
131 252 6570903837783639398
131 253 6865937088948269683
131 254 1889808061737565779
131 255 -8208314689542790221
131 256 6176677335192562789
131 257 -9215574788986211576
131 258 5510110024196652291
131 259 -8150939335617172118
131 260 -8240823427096733617
131 261 5090032980103758972
131 262 2073433146530648222
131 263 -1498821453709769237
131 264 -4258024722004591510
131 265 -7215095561655211920
131 266 -1728610156523382780
131 267 -4195213659572994249
131 268 -5871797470478727370
131 269 524169610882822207
131 270 5511272504873207524
131 271 2753227820547340367
131 272 1630170370640216384
131 273 -8073637660043814173
131 274 5038858916377022037
131 275 -8956321575658942674
131 276 1807132187802842137
131 277 8588068848434150296
131 278 3075146718034851213
131 279 -5601269877905799818
131 280 -8231563442662126263
131 281 4053930756534300801
131 282 -1808906643282432659
131 283 -3193338588803308502
131 284 7792336442187846912
131 285 813748301608370007
131 286 5637327695356858563
131 287 2341609631870487640
131 288 -3203544557977257583
131 289 -4036036600127658989
131 290 -6016881643538119986
131 291 -8392575051442090969
131 292 523320474398960228
131 293 -5234524700693186049
131 294 230193150002529306
131 295 5825329028844827176
131 296 5973209411971245807
131 297 -6904320375396713704
131 298 4882575317611454618
131 299 1703851863576717582
131 300 9063455499336705146
131 301 -8516160399388466779
131 302 7250367346893353161
131 303 -9186931704410304276
131 304 5187277461240302264
131 305 1828149970295097649
131 306 -2460778952023734656
131 307 -670546565186382983
131 308 -7059479572956234314
131 309 39451397785580385
131 310 -6547162865428681240
131 311 3220941547358773004
131 312 -2051962518938837549
131 313 6352735943413325893
131 314 -2229332232611184479
131 315 8074868644134768780
131 316 -7773436591209351008
131 317 7786053245569455105
131 318 3622360161391378752
131 319 7105011982339266492
131 320 -8837222288848346687
131 321 -7572652187736346364
131 322 6415633001102133679
131 323 -396657731205256989
131 324 -2655095976297587979
131 325 8320884995258594417
131 326 8031236489823027222
131 327 -1131597421609576367
131 328 -3400187979240315584
131 329 -6772386051952159130
131 330 8403726299781804016
131 331 7888514206687734947
131 332 -4715700891238670939
131 333 4107425181951842872
131 334 -4975872851216799158
131 335 -2856722581767647385
131 336 -6766204178979561118
131 337 1983494202902143048
131 338 -1149499737912066628
131 339 6691724261726694188
131 340 -2043195825124762227
131 341 -1503645124498553533
131 342 -8635812317361264899
131 343 -272164408113119559
131 344 3381018686240355590
131 345 -4286741313713463767
131 346 7807434212642531218
131 347 6695436956572022031
131 348 6170200354402876644
131 349 -2773622905515643661
131 350 -1752622678447975058
131 351 8270373979684402646
131 352 2737544519924377631
131 353 7774175049244224455
131 354 7814301119600200892
131 355 -5916208248043359879
131 356 4522579466046427686
131 357 -5625113698134687807
131 358 8797186919036040981
131 359 1105928529071560209
131 360 655626975990106530
131 361 5258638494590332642
131 362 6652353054948040471
131 363 8991678407499621743
131 364 -6015177198671575446
131 365 -5212160590166096991
131 366 6061665609198144181
131 367 -3461362519818818811
131 368 -8378427173315194471
131 369 -2398130539793640626
131 370 3799334338663132740
131 371 8085010094030563487
131 372 -5663646342284115731
131 373 2200840283346971523
131 374 -375117716424273592
131 375 -8770594247828845965
131 376 -3696028796608949516
131 377 3904184834924292955
131 378 6996153889777512105
131 379 -2323276976420035616
131 380 8907550415927795704
131 381 840756965507606647
131 382 2667079885488960123
131 383 -4385329339465772467
131 384 -1605882085396281945
131 385 6506152461010361472
131 386 3050327622640450252
131 387 8333214168990287036
131 388 -1634848870654339188
131 389 289568342476017368
131 390 3574607136685452521
131 391 -4533400647142318837
131 392 -5672275624263416490
131 393 1813240529634940989
131 394 -8474852925054116730
131 395 -2880352482569032783
131 396 -8993232025019662737
131 397 4570580069828339248
131 398 4556830797114174833
131 399 -5765285008075756340
132 0 -7846558368562069303
132 1 5178013227110771577
132 2 -9111793628622168229
132 3 -1015810861396968223
132 4 -7952647715650843365
132 5 -2002442825180124555
132 6 -1450038051296907465
132 7 -2661842936411430653
132 8 -1943895443648351299
132 9 -9218426346983368383
132 10 8712785631283757400
132 11 6773990062329995960
132 12 1222988812854364611
132 13 7217503164400664517
132 14 9068901619692908152
132 15 -2520656810899870444
132 16 -8138623812938323282
132 17 6750090137896287167
132 18 -6118579254298474596
132 19 -7591764974347287710
132 20 5925868992429259312
132 21 4086612766239840788
132 22 -9116495538992164763
132 23 -2889450981214624370
132 24 7793241988181155731
132 25 6788106983631512566
132 26 1361074319594172658
132 27 3488503020616493866
132 28 1933616917412669135
132 29 7960915919361987813
132 30 -3484575099375515184
132 31 3987129740473201209
132 32 2120864982434947909
132 33 -3931442496988513058
132 34 -2720946151999692857
132 35 -5967358811527607815
132 36 5429999725106628506
132 37 7935249641530479419
132 38 -6543499930620846278
132 39 -3168315936780400574
132 40 -6572692326566441508
132 41 -6117467416051303706
132 42 -2502046449477665173
132 43 3265027400386769503
132 44 5293891265585421284
132 45 -5903800853599947094
132 46 1856912352439500043
132 47 -3444466791155627094
132 48 4890487914922435696
132 49 -3112677479812004181
132 50 -9122809992914000804
132 51 5179900029391043932
132 52 -7001546494810205315
132 53 202179750412186810
132 54 7199206684528991243
132 55 -2301725737242421181
132 56 2650782782968569259
132 57 -4084340987029128498
132 58 1200566457693342697
132 59 6010529935827040307
132 60 -3347641682159442290
132 61 -2748710120984309859
132 62 3689549821445397587
132 63 8486770457262227501
132 64 7390652146750344468
132 65 1635481480019836757
132 66 -2945599536646090664
132 67 311189030055385563
132 68 -5368000091676801300
132 69 5850275532695475967
132 70 -4956610542878162982
132 71 -5324530603839912989
132 72 -490885044209492415
132 73 -7967788898849785923
132 74 8451219257739744654
132 75 -1465571207443629796
132 76 -5893547755623761632
132 77 1365285569734233366
132 78 7532882490451744213
132 79 5247972369938625480
132 80 -6373777318258577223
132 81 594535042404185992
132 82 -9213179866899614741
132 83 -6827212232478833282
132 84 275981235616669839
132 85 -2932573745651358672
132 86 6335684356597727885
132 87 -152305455006830083
132 88 -34054783236572218
132 89 -4705740243908999499
132 90 1461867768993464224
132 91 -7154615838281595404
132 92 709537190951943205
132 93 4320095030413487764
132 94 667419715217318245
132 95 -928574949437314312
132 96 7129468166053011757
132 97 -3177791774101167943
132 98 4579955755437412649
132 99 -8058154609807118442
132 100 -2156109715265820459
132 101 4345675029518709567
132 102 -5603734169823457978
132 103 -5732986732179671506
132 104 155071626701875307
132 105 -78109358141701876
132 106 -4323917928923673529
132 107 -7968772104089749217
132 108 -4881855388969816097
132 109 1389292578411853592
132 110 -4750750121467338275
132 111 -3610125529076936045
132 112 -6506575944162850291
132 113 -2651971678681113576
132 114 -1555709912287901637
132 115 -2427732096137381529
132 116 7103276716056118820
132 117 2665449556665990478
132 118 8856457938524506854
132 119 3514246062818892543
132 120 4389455015618372578
132 121 1973049311373495264
132 122 1743023497284648319
132 123 1569292989943611497
132 124 3206287383054172122
132 125 -6306771213379788775
132 126 3298927770180322211
132 127 -1151205202147763004
132 128 7063265489160636208
132 129 -6895584116981107836
132 130 -3943267720336326910
132 131 -4032118220211783158
132 132 -8825457464143775667
132 133 -7196583075207471972
132 134 781713544178581397
132 135 -2696087449630034958
132 136 5007468590025013801
132 137 -6658074168284780538
132 138 -690936271983909202
132 139 2856467447692630517
132 140 -4716497437079369025
132 141 5669044864964749872
132 142 7058554781652296083
132 143 -6175688713073277895
132 144 -1567613849146382024
132 145 3873489680583931707
132 146 1694815703245041285
132 147 3428340765362682989
132 148 6093176362072410897
132 149 -3669302363523777171
132 150 -2473424370874654349
132 151 2287411931116553375
132 152 1141388630133786933
132 153 -3870027149668090524
132 154 6121810220105014509
132 155 4991190142893563105
132 156 -6958845606259534851
132 157 8420503963428588640
132 158 -9032933055687044210
132 159 -8978778468619329917
132 160 -6604181991303593975
132 161 -6611689751647166938
132 162 2538310993068032755
132 163 1720631019700591148
132 164 2449808684860280469
132 165 7261102156516465150
132 166 8573425658512211654
132 167 -7083979252808845211
132 168 -7659586522710009983
132 169 -4549192045419826466
132 170 416051056812153708
132 171 8356302645030291369
132 172 -7044699627449721133
132 173 -3794157978011990100
132 174 -2199698714835632849
132 175 -9109319967192976211
132 176 7834224408675477476
132 177 -2768533365543437409
132 178 4646490559496647248
132 179 -4506743409148241634
132 180 5170747152505164777
132 181 -6092900698088698613
132 182 8151805380684121837
132 183 -57888839257941011
132 184 6979808803050572466
132 185 2518099422951543035
132 186 483055977643718398
132 187 -7026470133481619458
132 188 -7550787662684982022
132 189 7342717498397385324
132 190 -2335144039870089236
132 191 -6172398397756060582
132 192 4001888861090057024
132 193 2825034474085046898
132 194 -400703048556768350
132 195 -5425709785653865302
132 196 666237412872542814
132 197 1664257474345774241
132 198 -4399983339081263412
132 199 5602365607526239865
132 200 5006637502909028637
132 201 2575155382721205661
132 202 -6479155147842812573
132 203 -1205544487539151899
132 204 7267042022324855021
132 205 -8389213628956897896
132 206 6541911093993185452
132 207 4460638440070660182
132 208 431380332096058874
132 209 5207466189450041648
132 210 3887726459356983510
132 211 -7877089141140762859
132 212 -8799491598121339462
132 213 8918560651194334954
132 214 -7818732431646261907
132 215 -6993088616118165722
132 216 -8440278377855609804
132 217 -3455729465215640018
132 218 -5472600370651916845
132 219 1612051989764997989
132 220 5169993192606478072
132 221 -2965677112131861640
132 222 7953864447057807032
132 223 5081084535296564177
132 224 -8830131566306143930
132 225 1404144122907361506
132 226 2467837312295628771
132 227 5863773313613456664
132 228 5819018057217717321
132 229 -4964718367795740513
132 230 -1796827958118692681
132 231 5503759857023489272
132 232 -3969622029269410608
132 233 8324881209314437855
132 234 -6916467295190385104
132 235 -2596253666086942559
132 236 1605180808544525806
132 237 9147458051254223099
132 238 -2565780017090159984
132 239 9200873052358425001
132 240 -19952914747405618
132 241 4801530473519936205
132 242 2691974910756101103
132 243 1691309830760255254
132 244 -5607428748923980432
132 245 931140146192193485
132 246 -3007321983216826824
132 247 4116661070401599586
132 248 1613732963199936777
132 249 -4908369144388918801
132 250 1901931064043349375
132 251 6743970968625813290
132 252 1719051158850922771
132 253 -5529223049113411949
132 254 -4048132994904665669
132 255 -3028017584122231354
132 256 5509678443928579344
132 257 -5667379347651944903
132 258 -9040200096218878318
132 259 5122179740819454180
132 260 1472982513336587046
132 261 -4121495412266926391
132 262 -8319119117776970202
132 263 5181302631696531370
132 264 -3175774679298341041
132 265 4645707042573738476
132 266 1637480410007958807
132 267 -7756396651005351994
132 268 3758816219174160609
132 269 -8541043667570239629
132 270 269086759471955856
132 271 -4082762159860363766
132 272 -8139322701800254957
132 273 -8106739894931008731
132 274 -7932072973520668343
132 275 -4916205780732431700
132 276 6673812257426222975
132 277 7444414707847640184
132 278 2145550873423140802
132 279 -9073641243951351257
132 280 -3227310324005714511
132 281 6202031995563786021
132 282 -5300639405261626092
132 283 -8192390996041939496
132 284 -8832034794986708298
132 285 -5688008038686149246
132 286 232963900370159381
132 287 6365393855274844510
132 288 8192548035086064285
132 289 -7467767036472464953
132 290 4035886717417304666
132 291 -5344243456098627591
132 292 5343162869943256871
132 293 3293903083969681743
132 294 -5900580722625048614
132 295 5081139758333634287
132 296 313669432572388688
132 297 4003285746141765600
132 298 -7597307477884503911
132 299 -6841923753220684757
132 300 -7173817695889974791
132 301 -5526029808828738713
132 302 -8013530840290169355
132 303 -7769207542093526250
132 304 7320491339554590439
132 305 -3577338322876461637
132 306 2433350712220919028
132 307 -5906383605514335809
132 308 -6107209893754501903
132 309 -276406971737248411
132 310 -2610823955368619742
132 311 -8752411371003948459
132 312 -4250832322783944770
132 313 5086829272966585062
132 314 -5011107320442102213
132 315 -4174123600641608450
132 316 7924387683505031070
132 317 -5003650777650681994
132 318 -6431307481918044135
132 319 7550653775756805782
132 320 -7324474667616050077
132 321 2225138078994079103
132 322 -1188746465638431573
132 323 4636923828562780907
132 324 1883532780288787752
132 325 -1951609799383770115
132 326 3741546007875039314
132 327 8315062079269535
132 328 5651301976752113417
132 329 286727626781440146
132 330 -4804338782071662288
132 331 828050146181406934
132 332 -6341877464907206708
132 333 -3446410740881657050
132 334 6143208985743501001
132 335 2542464565609725247
132 336 -3219656318874778510
132 337 690972786839605238
132 338 549458605446195699
132 339 1282364985314957308
132 340 -7084121922134289132
132 341 -4159089712780036877
132 342 -3848740644236378082
132 343 -2962498611871316526
132 344 8481918687040747474
132 345 811213986871907470
132 346 8441378297850321961
132 347 -6516501985707220074
132 348 -4855336925206881493
132 349 -8406640649762878295
132 350 -1462354804396199019
132 351 -9045757696712593841
132 352 -5115345758598252315
132 353 -9197317641358624358
132 354 3649032563290370474
132 355 4446569315886525155
132 356 5054101019953684579
132 357 2616706061669313229
132 358 -8471386431869647370
132 359 2806916606410781063
132 360 3996048582286757681
132 361 -5882776484456285684
132 362 -8069045749868511022
132 363 3527146564311166506
132 364 3815352271827510060
132 365 4975229263713737587
132 366 -2762886581634925225
132 367 -6965972012354917196
132 368 7232874345299504246
132 369 3735666899146767385
132 370 -6038103635791355823
132 371 591024010975705935
132 372 -5811989277113916473
132 373 -2822132404488132444
132 374 3013106541724406416
132 375 -5281667813328774728
132 376 6678072275961623339
132 377 8045845492646610674
132 378 -3582059491443179669
132 379 3083531350942116071
132 380 -3855994571378701562
132 381 -7514320590976506856
132 382 2661494059316156803
132 383 -6580123648393006604
132 384 -7332493174451161525
132 385 -7679056260347110568
132 386 -546205098619369527
132 387 -631542958021346330
132 388 -1141199149788858661
132 389 -2984882632972442804
132 390 1110786790856662656
132 391 1804524485810982122
132 392 3240886784517066030
132 393 5279717664521567435
132 394 5597413566849687468
132 395 -2904246056696377971
132 396 -439101882799431879
132 397 6835883239291332994
132 398 -684316655744273508
132 399 3716980682259030489
133 0 -4382990219518571282
133 1 -1038970767162283285
133 2 -796339720405463756
133 3 3764599419792025942
133 4 1085975971102308032
133 5 -4186712964982023234
133 6 8360786261187169391
133 7 -1523218082037191040
133 8 4336900649747205564
133 9 1071416335394497030
133 10 -7478924045153201870
133 11 4665513874361843641
133 12 -6631518721052592160
133 13 -8679178931615380710
133 14 7443011631153741752
133 15 1913549347148405451
133 16 -5278234302298374085
133 17 6894676713764383114
133 18 -4149430730765010670
133 19 2831797985812441174
133 20 -530417733616527082
133 21 -5434550090299430527
133 22 -6326778727156241608
133 23 -8201219303197043063
133 24 7646243571124940278
133 25 4984729454357688111
133 26 -666400532258358170
133 27 -6428151302857847339
133 28 7107685619499073751
133 29 3496322080885271543
133 30 -2110607167445315975
133 31 -4348803417114926011
133 32 -4274187104055423881
133 33 -8572012711466733839
133 34 7951322774163694433
133 35 2773883541549452732
133 36 -561551060058823919
133 37 -5789546164950398048
133 38 -8006198659589985984
133 39 3864355888890862890
133 40 -1038103423782147584
133 41 7225872831144055249
133 42 -2651580037124774146
133 43 3158753983077749040
133 44 -7959782072356421101
133 45 659549583762735013
133 46 1739921284595639934
133 47 2242057527809172803
133 48 -7730605802370824396
133 49 8593373609850724015
133 50 7690195487881994877
133 51 -5943880148579355587
133 52 -2658036246545688333
133 53 7159076454191891843
133 54 3998402733780527800
133 55 -8489568563433093108
133 56 1008441492722130602
133 57 1888366809328152078
133 58 8446301810076716987
133 59 -7365579306809117243
133 60 5291085718587519981
133 61 1981677864066313361
133 62 -1937728093409730908
133 63 788905503981869649
133 64 2057166029107848793
133 65 -298997571966275359
133 66 2559887529175032484
133 67 9204723045103195624
133 68 7816027680740258933
133 69 -833949066428203165
133 70 5844963239537767777
133 71 -1819091258226385451
133 72 -2521277946939080733
133 73 3570460573231521549
133 74 2151741721093121891
133 75 8486967286237847970
133 76 5337560254391320118
133 77 5084676514113060294
133 78 -3327613043378903028
133 79 -5406588414572600741
133 80 8761338197957948414
133 81 -6025396155394621799
133 82 -76774952683844387
133 83 4315367311447087785
133 84 -4493018449712021580
133 85 6316288927945670100
133 86 -4631974268600073783
133 87 -364857213305599351
133 88 -3923316598506973334
133 89 8437203014807760743
133 90 3119146676824330363
133 91 -8944983198020915932
133 92 4723795456084217424
133 93 -1783613362446958022
133 94 -2108752885742317283
133 95 5972690140690290391
133 96 -3311033727640222079
133 97 916596571186274409
133 98 -7099587007954958309
133 99 -2201271525867023780
133 100 -2418432969100991582
133 101 3879606601369784085
133 102 9036404036809964663
133 103 -4685461290436405153
133 104 -5730282414390100747
133 105 8910469816858005983
133 106 -5486642581610536277
133 107 -5115511082985423816
133 108 7671464847463144050
133 109 -3532692636212613109
133 110 -4591379536549322884
133 111 5841585659679894710
133 112 2086606546289204520
133 113 1281808328771743106
133 114 -7137231289210457319
133 115 -3464761132102361087
133 116 -8060142245669640604
133 117 -4388328696386329042
133 118 7637160038954557323
133 119 -8528104950453116398
133 120 7916986017375016765
133 121 -6280567834539236049
133 122 7904008571301629887
133 123 6301458642870038830
133 124 -4569902048590196379
133 125 -7118397853159221837
133 126 7936780522594250323
133 127 -4597004208294968585
133 128 -8008379385791258979
133 129 6256175754827654998
133 130 -3528001763361356990
133 131 -8461785248652950245
133 132 3961247278984205979
133 133 5682126985813013379
133 134 6384417855635003929
133 135 6912957760198369310
133 136 -6262397029017795664
133 137 6162454923295399178
133 138 -2761700746236516748
133 139 3341316944508241732
133 140 -8631829329266352987
133 141 -1080774932783320561
133 142 -2596307902543069153
133 143 -4435480142519289764
133 144 -7412931988070810285
133 145 694887575406012884
133 146 2465286532287400505
133 147 -1757557527097671055
133 148 4072582213568809003
133 149 -1470255565022621497
133 150 7960969994275231427
133 151 -389882029566617175
133 152 -6909199766544024555
133 153 -6346200055259796535
133 154 7452229113117622855
133 155 -2827140785163141285
133 156 -4702895531570285741
133 157 8633586864453390787
133 158 4414574573695117606
133 159 -2378907861925392216
133 160 3313926220201937984
133 161 -1184560512165697315
133 162 -6654265030465726311
133 163 -3845585575555159361
133 164 -6180826054077841695
133 165 -2859483823207048774
133 166 -4765006173080927291
133 167 -523076298338485275
133 168 4563298235086079722
133 169 -5246815407321519314
133 170 -6104772453157950800
133 171 -4675514167902310212
133 172 -5759583776197725879
133 173 831600647917438198
133 174 -9129838096479225841
133 175 -7347279192045997909
133 176 1507283808165978002
133 177 319161183981448325
133 178 4106759018923940123
133 179 -7643860518065645524
133 180 6990587586554949213
133 181 6972688778380911095
133 182 5246056873615399574
133 183 -8637192717672604709
133 184 9211151481845652727
133 185 2920959662756980906
133 186 5510491456644865628
133 187 -8568058273126612127
133 188 -8745944438322372420
133 189 -2433358932493482728
133 190 8661594719703575027
133 191 -6532785149888761639
133 192 -7899626691343678628
133 193 81030931957667331
133 194 -3246413632550669143
133 195 8697253074201167973
133 196 7700739767228630542
133 197 -6548067602260104319
133 198 4644213033398356239
133 199 2207354611891302285
133 200 263669902136567779
133 201 -3898643519674235651
133 202 -3980892734436633005
133 203 5831891586017801146
133 204 2273604433045571874
133 205 -859594765209924798
133 206 8650658643758827698
133 207 -5821989199843216698
133 208 760628331185778323
133 209 8789893006769281323
133 210 -3146335363127733218
133 211 -530759545374492905
133 212 -7833017578519852882
133 213 1207325655484396292
133 214 -5199119432027019610
133 215 4577950283755979290
133 216 7571380568104150098
133 217 6221405594038750783
133 218 -697744621545734889
133 219 4233157031635179976
133 220 -2892783782162498466
133 221 4811900676317448340
133 222 -5620292440634942211
133 223 580084290474434430
133 224 -7823085538801401219
133 225 -8393580615346518800
133 226 -5578307130832681723
133 227 3972653418875849922
133 228 3928317185152721422
133 229 7267135597037099493
133 230 -5642555807647403241
133 231 -4181323939669762072
133 232 -4976650935002663444
133 233 -3342290372420295155
133 234 -8115458019228902849
133 235 -2558277833506336242
133 236 -5495857611431721578
133 237 7716625998524590554
133 238 -1724548103871931817
133 239 3250246283951296951
133 240 5194600605470607158
133 241 -3696869384445350177
133 242 6270946174595987684
133 243 5608391481798608840
133 244 -5018285730359071206
133 245 -6317854357932517276
133 246 -7065373189991966972
133 247 -4169290446915898653
133 248 9204215357985862839
133 249 5420155290819048401
133 250 -1109165402042965632
133 251 -3761120283249221771
133 252 -3157463171364014505
133 253 -9081621070252501664
133 254 4786338878182177529
133 255 3792055242377402345
133 256 1886514316527913019
133 257 -5266100667330272723
133 258 -7706664310553067475
133 259 -4624739693050666525
133 260 7160579064643543540
133 261 7766585398034847738
133 262 -7052680774785522220
133 263 7496953280411662801
133 264 259626933260254424
133 265 5273691337454178141
133 266 3186458868746306515
133 267 8485969563655582455
133 268 6312380222330792549
133 269 -46580939192232101
133 270 -6126561737126994814
133 271 7075096073321009079
133 272 -1037866593342973771
133 273 8836424452946284515
133 274 4955406990701471090
133 275 -6236408671810395670
133 276 2040949600791612275
133 277 -5093015730860613008
133 278 5401727592139520070
133 279 3421054908099699896
133 280 -4093946082928427353
133 281 -2399875466803867100
133 282 -8491838746091471958
133 283 -6104524305699531733
133 284 4617046929096201511
133 285 -6925906279898241196
133 286 7480493636591161987
133 287 -737513361913375452
133 288 -8723936716074673557
133 289 -3763543430176841455
133 290 -771668281818621583
133 291 740948847755624354
133 292 -7444579416597021031
133 293 5695572251083920040
133 294 -8585784656286931407
133 295 -2002053833602194545
133 296 -7334707281399528137
133 297 -2451502173608698596
133 298 -2177117742784802415
133 299 -1814998118364815509
133 300 6398046632420844971
133 301 -4416800836389233816
133 302 -5129620621693151447
133 303 3456238864544462178
133 304 -4265176051203260042
133 305 -7057366414662871197
133 306 83534692835771137
133 307 -4773783201245951446
133 308 -8539643082088086446
133 309 4182734772061483428
133 310 -5863552756530102944
133 311 988263709015161966
133 312 -8434726340514943157
133 313 -3140777214240178029
133 314 -3379040367867590762
133 315 2345157998487445715
133 316 6540681503040646631
133 317 -87072497273432215
133 318 -9147501781255770854
133 319 -1673888052732575965
133 320 5657819666918726268
133 321 7967927601985565161
133 322 2660114980801984344
133 323 8717838321521812483
133 324 -3637349852732360900
133 325 5199602020776773505
133 326 -6550164014973614328
133 327 -3217046239950925363
133 328 7519288255073288994
133 329 -6077914157039016658
133 330 2028585199955459063
133 331 -2073702380408339397
133 332 6485722152074756815
133 333 6503055446361245832
133 334 8812702045131392510
133 335 -7885151705083479111
133 336 4590063536288487438
133 337 5820115013911325215
133 338 -6807002215156046074
133 339 6884195185238615666
133 340 -2349707245249979801
133 341 -8512555279684856404
133 342 -1557804526732674276
133 343 8042393950818364417
133 344 7835906633437508322
133 345 5058930782747954199
133 346 -3067561927691806685
133 347 4408815095828726460
133 348 -3314103509700187575
133 349 4919272551853490808
133 350 1846456050520567184
133 351 1356868710772614613
133 352 8724265347200120458
133 353 -5451444928427450320
133 354 9213216471603221619
133 355 -3161807247090263896
133 356 7906099262134228034
133 357 8012061767557589402
133 358 2957473662465410202
133 359 5255623607278875998
133 360 -8271986414510864090
133 361 -5663750504420004217
133 362 3814634587614118390
133 363 216754932777574293
133 364 -872283829940587994
133 365 -8206677341840425859
133 366 -8242550495606937414
133 367 -3974928553435774599
133 368 -1873691154160848481
133 369 -5941100237039985989
133 370 1475350357337419073
133 371 271123669319402841
133 372 -770375375864173586
133 373 -8237640177167192780
133 374 3918568006679286306
133 375 7208925664641393223
133 376 4841378613386005056
133 377 6502436079211326894
133 378 -2338563699495729500
133 379 2793683283342470776
133 380 -5662754533870111895
133 381 7019955853064763972
133 382 1828095668932410442
133 383 -786910696157024703
133 384 4213958883024541318
133 385 -5736622061375208301
133 386 327040064869367211
133 387 -8968627814317053990
133 388 1059130714832809099
133 389 1146645625737857982
133 390 -4730951866113872228
133 391 1177007974150892461
133 392 6594542269174562836
133 393 -309006478896751878
133 394 2619670947263978393
133 395 5554018726261521369
133 396 209698398886937110
133 397 -1037901943692145554
133 398 -1913869259675196868
133 399 -7565489784613761437
134 0 5142957253149939185
134 1 1448036974864794360
134 2 4965328647918435860
134 3 -6699916995746427241
134 4 -4891873074433281076
134 5 -2522565423288905329
134 6 2650278675109539988
134 7 -7234158770015472361
134 8 519127794297670953
134 9 -4261382793908614042
134 10 8149142254535997371
134 11 -2737276447945336923
134 12 -429134281534338204
134 13 7778727109163206879
134 14 2738093683116399262
134 15 7696549503967657710
134 16 -2803115724787803800
134 17 -5420164530743379811
134 18 7477439856609754788
134 19 5223224007295092831
134 20 -5466126125895078991
134 21 -711041102113284470
134 22 412039453688806778
134 23 -692376204742384861
134 24 7066895328965814026
134 25 -9084508983369522953
134 26 -4784450620937900841
134 27 -360959099256867642
134 28 3627721249086435983
134 29 435802394665670612
134 30 858357849069566967
134 31 -4263445587231029718
134 32 -1366093257242203785
134 33 6071057636961593336
134 34 -3558852255944442281
134 35 -8089350855952034622
134 36 -312619398376995086
134 37 -4884046287099563019
134 38 -4893356766565803886
134 39 4190348246580055592
134 40 2016689579405548280
134 41 -3966821854692583886
134 42 3400360574122834271
134 43 7575352055794765705
134 44 7409314195156067874
134 45 1395619620570004118
134 46 -8003263069139764095
134 47 6713003030597284842
134 48 1255898346565987427
134 49 -4373355492812912212
134 50 4648227493744285789
134 51 -6186571025949876570
134 52 7826832162982842342
134 53 6082386512522344809
134 54 -3198920032710313710
134 55 -1956514839744639973
134 56 -7407021515523325657
134 57 -7052226402173821187
134 58 -132898288501104278
134 59 -1185690040804464098
134 60 980720215441323
134 61 -9040827644844770089
134 62 6402106505613963138
134 63 7355836250901990804
134 64 8334739544050740610
134 65 -3749370689560145165
134 66 8069174604251759722
134 67 -2183426861247403577
134 68 5757820244117376322
134 69 -718979869674374784
134 70 -7123893080523381596
134 71 -2176465240254426087
134 72 -5931504794861760634
134 73 5994494097631349254
134 74 8837634045740615
134 75 -6086886354844156188
134 76 7195428199779149590
134 77 -3691441686669058820
134 78 1920063470795651597
134 79 4685178662846682232
134 80 2729932474473824096
134 81 3064213034940356781
134 82 -3208105033738106749
134 83 2004479695128415072
134 84 1273877769157636527
134 85 -8421266333788057204
134 86 5232585938797185918
134 87 5095241676870294358
134 88 -1407855214886528226
134 89 -3626464031111617295
134 90 -4608689618175286984
134 91 -6480535458804915213
134 92 5951898424297443297
134 93 -6319490765410825395
134 94 2151863412968243070
134 95 5751026942588927918
134 96 2839425247413879410
134 97 6982146828163701100
134 98 -1257301123525958551
134 99 5939867111540639261
134 100 -7589477092688740837
134 101 -7842660008766597003
134 102 5942107321315936288
134 103 3356971534194876122
134 104 4219913678534577609
134 105 5046035237472861851
134 106 3620031897096210423
134 107 3505772319340825612
134 108 -2656607822899858752
134 109 -4556214532635472748
134 110 -476365004191153156
134 111 -2350695550110973481
134 112 -8006607044244491153
134 113 -5667206651969536444
134 114 3507125360910951411
134 115 7182480884777921073
134 116 -1824027806174348490
134 117 -3732388578939472620
134 118 8611472109464263631
134 119 -4838660834066899912
134 120 -971781064863208940
134 121 5923177984026230127
134 122 5683111063507394043
134 123 3928270010112750173
134 124 4707571809440822812
134 125 5679273948345214459
134 126 -2318902382403310605
134 127 8574444331514279025
134 128 -232440836442791014
134 129 7908105875485973392
134 130 5624378949192528936
134 131 -6468977918656113791
134 132 -2081199708483642243
134 133 -8745766608142565732
134 134 56513425667203404
134 135 -77542280130022121
134 136 -5664271991323613065
134 137 8326456362795065491
134 138 -2602080136595024636
134 139 -7860615279617307977
134 140 8851057290716568465
134 141 -8351126320626523461
134 142 -812302855877945198
134 143 -3555342961654588897
134 144 8069447567238094748
134 145 717264852393816591
134 146 4827980730705007168
134 147 2247921417603090758
134 148 -4786758290542869555
134 149 -2299137495552778350
134 150 4692804978382199354
134 151 -3204106145239021372
134 152 7989698219946118133
134 153 -1341384875380188351
134 154 -7492240534933664408
134 155 -1352801408408851250
134 156 3632981328095972940
134 157 5502735910289314311
134 158 -2074829432078924306
134 159 -2767432175145691182
134 160 -2040741545399783027
134 161 -4274493164200500545
134 162 -9049898913586155686
134 163 -5621183829366303510
134 164 8665882973622478769
134 165 7657232695721355943
134 166 -2904582540946553001
134 167 -2762270144710426966
134 168 3871086006428108923
134 169 8280998141095635278
134 170 -4254605838009541447
134 171 333781033755176589
134 172 3952287841543370720
134 173 -8077372184417372154
134 174 -6334205958058700568
134 175 7977039396832900594
134 176 -1034119251564364956
134 177 -1462316560676520299
134 178 -841473216067203371
134 179 -1399475685908454036
134 180 4382165304637721844
134 181 4338393128686078777
134 182 8943861303875180544
134 183 -4580117288958497172
134 184 -102463153528975330
134 185 4703305308578992211
134 186 1862306720510755658
134 187 -7949424129352414900
134 188 5641337234800866538
134 189 9199307312126427588
134 190 -3928309547673972439
134 191 311298485156852662
134 192 5701845120937735371
134 193 -1474101516417947363
134 194 791246843449058030
134 195 -2710378282028415090
134 196 9171479774045420991
134 197 8976869435216692869
134 198 -2006209977137738298
134 199 -2820608625439462596
134 200 1410173846464880804
134 201 -5073053642253942666
134 202 4838722872973055253
134 203 2121860788470546317
134 204 -8806462739895753804
134 205 -4086561720905916811
134 206 -4708642208273540272
134 207 -7285811807722684432
134 208 -3779744144922881837
134 209 4680188577190428201
134 210 -4741197178913900044
134 211 -3288963889602938554
134 212 -971421329183283373
134 213 -4434205375891072615
134 214 -8404346058641619029
134 215 6632808765756851386
134 216 2676441265565872327
134 217 8379490457082045355
134 218 -2111467053812190609
134 219 7367835993746302444
134 220 3750544992919006912
134 221 -7874968727051011744
134 222 4243071301986568882
134 223 -4704787823476220731
134 224 964166141886515462
134 225 -6283733585151024958
134 226 -4837794745238817393
134 227 1665877990206534152
134 228 6502313526179426682
134 229 -8373968693202236686
134 230 8248262340803783757
134 231 -3258980978496718524
134 232 7664215570942416369
134 233 -509103566178497083
134 234 7061974220170123967
134 235 -6256607096159717258
134 236 1428171013699413121
134 237 370209651644269065
134 238 -6773536846573149394
134 239 5441715470028629835
134 240 -2057272155133176760
134 241 1602322910990726984
134 242 -1554409483723367658
134 243 -5991621990730910742
134 244 9100827736355114649
134 245 1088824868186943490
134 246 -7519353218321670146
134 247 4965381127413904848
134 248 3586067373431436861
134 249 -826344246681698343
134 250 -5747388186477142731
134 251 5433860011677978488
134 252 1918042614125366938
134 253 -329978693633317044
134 254 -539031974661368511
134 255 4574084491964701932
134 256 8501995783078107511
134 257 -1294578066269589514
134 258 3214535362368327399
134 259 -6254462096216794036
134 260 7971807865738434399
134 261 -9137522150285105755
134 262 7877697848741072151
134 263 3177210538361405320
134 264 -8034747797804180611
134 265 195594190266976560
134 266 8232054237775328875
134 267 -6158223651988525642
134 268 1769302317962686555
134 269 3105602767637583542
134 270 -3684932039257816287
134 271 -6153687256326880389
134 272 -230431603730699211
134 273 -6899201153439857178
134 274 6362360651561261019
134 275 4400200409645099246
134 276 -3149293166475359157
134 277 2282189072863329375
134 278 5386678241314650591
134 279 1662711042687816380
134 280 -2817739016842016643
134 281 -6381817560598000297
134 282 3615878548394467382
134 283 2293417657005039951
134 284 -4811531886354548671
134 285 5163493122011146359
134 286 3648804549402188265
134 287 -4256611542988398066
134 288 -6551272528233945806
134 289 -2400540386405278538
134 290 4714214227834796014
134 291 -6281268334731768970
134 292 3900250809426170188
134 293 -3473898804278622690
134 294 -3286056066282427451
134 295 -7114572801990527703
134 296 4582244615386039328
134 297 -4326830088945272829
134 298 -1835426303197842739
134 299 2418426312989812610
134 300 -4225944613526197606
134 301 343383735426500813
134 302 -4734893928352607664
134 303 1955123961759133600
134 304 5815645800377290630
134 305 8181733230918054344
134 306 4442152678243912051
134 307 -1647362526656111437
134 308 -9210117638085747885
134 309 1778472992772141662
134 310 2151830336879736949
134 311 8532891801048307711
134 312 3466710753948611528
134 313 4996740493620927615
134 314 5627494475953269505
134 315 -8239840905954073990
134 316 -3022918494187817453
134 317 -8378760689594198420
134 318 -2014997903940101232
134 319 98502272958190954
134 320 6551576882387728902
134 321 -6012968343785750089
134 322 -5383253742504065617
134 323 -8560401700100351247
134 324 -4345682169209584460
134 325 -4510972921032474949
134 326 201388988746517633
134 327 3669565855444423626
134 328 6822779261382945093
134 329 -3160773312638722907
134 330 -1381116782148132947
134 331 -7022073802638323335
134 332 2547735321271309294
134 333 3263419005514368641
134 334 7994508650031112766
134 335 -7689555995409943042
134 336 8186813310284629158
134 337 4938900638274898532
134 338 6836326670630242151
134 339 8823927012836101903
134 340 -527577497930506223
134 341 -3224354945217120285
134 342 -5876250226175102538
134 343 -3892135644119710925
134 344 -8285611048444597535
134 345 -6692104649185245875
134 346 -3057829050012984831
134 347 -4461071004225822524
134 348 -7629100299587743996
134 349 2424940389705601750
134 350 2864376337703121360
134 351 3262039048736161543
134 352 -4692821482507535152
134 353 6376686668506532885
134 354 8776045001627172234
134 355 8388967469049280599
134 356 -5742339940215703758
134 357 -8979099542740190723
134 358 7532713294542090791
134 359 5241602512037840328
134 360 -7194592395722156723
134 361 6650872236180960507
134 362 -999473982787183828
134 363 -300831345757753774
134 364 2918562195824091149
134 365 -3330624320436276405
134 366 3014032729580728669
134 367 -8327866051106216171
134 368 6100798318247141718
134 369 -5180130468217364282
134 370 203997810136446917
134 371 -7553704956767753661
134 372 2382924132228990621
134 373 3678140907627696568
134 374 -8577416730418562064
134 375 7783992571932120706
134 376 -2050690105276209117
134 377 4071054990761630588
134 378 -1396976016558538425
134 379 -2303775292874570637
134 380 7597905860341698713
134 381 259172162167535347
134 382 -4390238069356323722
134 383 9004761796127181731
134 384 2605824973500566451
134 385 -3255307756789084355
134 386 -7709717468997625196
134 387 5739934412634110905
134 388 -4718770576890355802
134 389 1206825581764858812
134 390 7693375052146936365
134 391 -7102413444639088888
134 392 7464198335529212334
134 393 5738982245015898203
134 394 -5921236155767090712
134 395 -5958030030557335334
134 396 -7889367420141834815
134 397 4842008701310778040
134 398 -5697624790298419677
134 399 -8420507167017871230
135 0 5565871155785722070
135 1 8175861418974361686
135 2 -2378255770078567941
135 3 -5828392434607126194
135 4 6463090391670650120
135 5 -8018662909271776995
135 6 7917534799852854056
135 7 -5248694935855567472
135 8 7509033431281766775
135 9 -6493874028884310882
135 10 6615760843100313584
135 11 -3519744387770181697
135 12 5330491438664896142
135 13 8362057725400894344
135 14 -171221890364196935
135 15 -918220705305518377
135 16 8556834965158153471
135 17 383688484927882636
135 18 2502645416592283166
135 19 2854482084412879995
135 20 -2574266162054104628
135 21 -9151713776320986469
135 22 2531424526193468944
135 23 8885514906061519734
135 24 7711440987713146690
135 25 5221697222164023130
135 26 3898777466051833214
135 27 -3999389530945912404
135 28 5320708386314088517
135 29 1414204484588789208
135 30 -6179191741449939278
135 31 3489413156421073656
135 32 -4751805137758864807
135 33 -4016741261065188041
135 34 -2256959562946432408
135 35 448367671689735134
135 36 -5332610613171947745
135 37 7965334982807012935
135 38 -7236051869740113864
135 39 8457301505106396023
135 40 -8237179348077923108
135 41 -9116791922164806816
135 42 3368395231077425095
135 43 -4620975081494304389
135 44 -8619074449713601132
135 45 4640432538974590743
135 46 3394915962503325752
135 47 -6813874788427312769
135 48 6346908880000630917
135 49 4843398347538177302
135 50 -5907206645577980817
135 51 -134737032606069472
135 52 -1259702710822071164
135 53 -7976372933810483521
135 54 3758309726081034417
135 55 -6904722621808756497
135 56 6459655191804289519
135 57 -4777318268125592644
135 58 9135820168254992353
135 59 -4005749873872336540
135 60 2084316665955255594
135 61 -479138834518472014
135 62 -611488833153057349
135 63 7071603793319423020
135 64 1692304099346439867
135 65 -9117166127817477389
135 66 7958100593223966680
135 67 4445495568983751488
135 68 -7760508563115226227
135 69 -2210631533956769161
135 70 8605158341704867042
135 71 464769704098367656
135 72 1773853093975429509
135 73 -7104240796129191281
135 74 -5384068547165664510
135 75 -5117687293609247370
135 76 -7396149009400762000
135 77 138947144450281849
135 78 3833244837631826557
135 79 4555465880580666907
135 80 1306621263444634164
135 81 -4451299090965355330
135 82 1369355797275559667
135 83 4339878668102792313
135 84 -4006377435875947934
135 85 -8886228313698543671
135 86 -308107126624592405
135 87 -7994598700294185995
135 88 604530719713557687
135 89 3344702308643882717
135 90 6083616768318180843
135 91 -3826346534383671413
135 92 4200383539556291631
135 93 -3589723845970869148
135 94 7117129600105172322
135 95 -7447447151853191339
135 96 684624943514179626
135 97 -880826804590241437
135 98 -9027313879249402824
135 99 -7732686917285880887
135 100 -1240776900106953723
135 101 -8833270701715796355
135 102 -428444302509876975
135 103 -1472271536523800048
135 104 8606973816460780524
135 105 -4699767175930040230
135 106 4699214389670428345
135 107 -6120223702682010792
135 108 4039532841245712812
135 109 -7969288157812487593
135 110 518072494794854639
135 111 -8619154557320346688
135 112 -2564631786969405735
135 113 -3514551097852600595
135 114 5458315864629386735
135 115 -4660947440979337897
135 116 -4236973391749465766
135 117 -8143454859030488256
135 118 7515673089415819667
135 119 6851615141387881195
135 120 -2437933548521986945
135 121 6353384592706890161
135 122 4543862311585175414
135 123 -2461520878068872163
135 124 -4649085283479035038
135 125 3855752171328720850
135 126 3131188362788302055
135 127 5938028140693766496
135 128 5433069487701145335
135 129 -4711666154212282267
135 130 117969038314685185
135 131 7086821207035694577
135 132 318197465553553911
135 133 2303580620084848660
135 134 9016809770524110363
135 135 -7141162399247221331
135 136 1598137134944398082
135 137 6275766804235782699
135 138 8374811291694189724
135 139 9171394033766186877
135 140 4543964706865225428
135 141 -8762247070556696672
135 142 -1188274475307132108
135 143 -2956627850580184930
135 144 -5904861106030693892
135 145 -3995773867076860112
135 146 5920202768366235787
135 147 -7771114096011777375
135 148 5386010385311707500
135 149 -2562437527983494229
135 150 -125161282587025071
135 151 3202651438802893546
135 152 6739946533019216730
135 153 8662090401800122373
135 154 7590521794664753941
135 155 9128246925656005235
135 156 -2913455125997860741
135 157 7904613963910534898
135 158 4287619680888950716
135 159 -6457692458690262043
135 160 -3650891906302048594
135 161 7655901142932103047
135 162 -5993654607377493625
135 163 3572793819950922133
135 164 4466043820105848306
135 165 -4019993136667899541
135 166 5966773429366308046
135 167 -1339443628875161081
135 168 6743378884845883182
135 169 6393893847837247637
135 170 -4454618586264076624
135 171 7970886021901786396
135 172 -8230722138612173034
135 173 -688978917068798879
135 174 4518329451695544544
135 175 -1483905510954355381
135 176 -912674535533582446
135 177 -8621957872779559824
135 178 -3257685306032606638
135 179 -3198954856385203447
135 180 1992715302320292203
135 181 -5845519752862835786
135 182 -7976116479708524922
135 183 -6577262052537398388
135 184 8876099488752073823
135 185 -2932432331012585982
135 186 -107038225854432034
135 187 608935677294983052
135 188 273006003072837370
135 189 -6474423963575722518
135 190 7900838702976331619
135 191 5327182040002780551
135 192 7671403411551041786
135 193 7270134694423728313
135 194 -6055949995465411919
135 195 2531147109035585838
135 196 -6279534786754330294
135 197 6011395348225051765
135 198 8836391181738066904
135 199 -1188804334248350693
135 200 2237346338354726158
135 201 -8741862531158593138
135 202 1086181914540799089
135 203 -2728653928847829308
135 204 -1379015067995893906
135 205 -8925420866254978923
135 206 -56518050300493570
135 207 906730580491747306
135 208 -7395256092926552042
135 209 2343114241434905150
135 210 -6042255275986046093
135 211 5183753203310124526
135 212 -1414899623317042572
135 213 762854128159451694
135 214 8409722766982508568
135 215 -4854879560591895231
135 216 283705801960284527
135 217 -3385586974426864906
135 218 4478202421880146673
135 219 1733454435347640871
135 220 -7956563826989988006
135 221 -188925754417614252
135 222 -3887842914558951351
135 223 7720106919306405858
135 224 7081231190510160184
135 225 -325035544751335781
135 226 -9079516434442166831
135 227 3075668795786090523
135 228 -934045475553564831
135 229 8114729928758109399
135 230 -5065565912753032801
135 231 -2372828188230568330
135 232 -4311909083247891240
135 233 -3658907840099563323
135 234 9064609186438904376
135 235 8643434949533443565
135 236 3011481043551234205
135 237 1132326164108080301
135 238 -355663598560990268
135 239 -8921896232363712751
135 240 2618682747390251210
135 241 -5612258236189274473
135 242 -5256397267169948122
135 243 -741244175126216583
135 244 -6853079561106814199
135 245 8496194018278966866
135 246 -5308998188019480100
135 247 3504374634872279032
135 248 -3659309649466790659
135 249 4463041325043496217
135 250 -5439958390508745104
135 251 -5705354566259638040
135 252 -5518643774313076347
135 253 -7126955719931061423
135 254 1329846252822998992
135 255 -1427459813767107053
135 256 -6911038401163085284
135 257 -3739470481502795979
135 258 -4763346566012679142
135 259 6909986214563548379
135 260 -841983422086724086
135 261 647269525054682654
135 262 8730210112704470572
135 263 3197224033868277433
135 264 -168420580187005424
135 265 1160067753055060301
135 266 -7533174071869119655
135 267 6822972233861091821
135 268 -838510511093277018
135 269 8964552238829412717
135 270 -6658772932164202685
135 271 5020732294507571885
135 272 -7945031143955596215
135 273 -1649301917440679263
135 274 -4499980443034770241
135 275 7086240664596234339
135 276 -6554889150262395561
135 277 -1953187173975065900
135 278 -5499719787100500196
135 279 -4665825573434652924
135 280 5647625475623327782
135 281 8148953377765798675
135 282 -5909022623495725817
135 283 -67966497870636972
135 284 -7594041511282354989
135 285 -7872927012153133139
135 286 3481691534523000513
135 287 -6115681047602113818
135 288 6787980095487720895
135 289 -9671986883373928
135 290 7486220353224352674
135 291 -3711357392940528523
135 292 -2524646019786609446
135 293 -6601124625225851836
135 294 8048521776820493073
135 295 -689821065736535098
135 296 -2651164881405962746
135 297 1499546436567704520
135 298 -733529359825754382
135 299 6807294170956715751
135 300 -8192173063509581114
135 301 1880056123164608973
135 302 -5721173089431266657
135 303 410339719510283011
135 304 8105960244725858918
135 305 -3832697844147264381
135 306 -3622874934912733554
135 307 7901975660613600087
135 308 -9068683492418043127
135 309 -9203657369301388167
135 310 2617918609389672918
135 311 5916557945547136886
135 312 -8534380360080706262
135 313 7274147275602906510
135 314 -9155656950028814355
135 315 -1560106621676882221
135 316 -8814554048223544708
135 317 2248624585439032702
135 318 8134749899946978270
135 319 -1344365102650220687
135 320 -1905217715208556041
135 321 -7057370194845478132
135 322 -1441780133624349253
135 323 4023406554905382959
135 324 3556991463706897327
135 325 2369505370069553895
135 326 -4920714650497787878
135 327 -3775248558505450493
135 328 -2132151487614412708
135 329 1756605532811467579
135 330 4376815927152759210
135 331 5336767500055401992
135 332 4452310027694740431
135 333 786387725762687922
135 334 -5494569929667673907
135 335 6878133692129422797
135 336 5865665448886770660
135 337 7478146957117556554
135 338 2772459297102836625
135 339 3342126334192821546
135 340 -7412021149887144240
135 341 5176464726121357009
135 342 -7924195346577957776
135 343 -5007127178210504502
135 344 1110932347027361076
135 345 -4281118529460034756
135 346 6664658511519725078
135 347 -3068812761285829582
135 348 -2899106985157561010
135 349 4902879299544942438
135 350 -818302780936903077
135 351 154794873458991545
135 352 -8839587368891736150
135 353 7664180023867010441
135 354 1596072307948812704
135 355 9095115850834347522
135 356 -4538615374584349262
135 357 -2741626034403383176
135 358 5276178310648128053
135 359 6930515281435157649
135 360 1591644303310806964
135 361 -7010836098077814113
135 362 -5781195789346090801
135 363 1526119500769739406
135 364 692627877032021753
135 365 -2782244095961996655
135 366 -6765395105282485365
135 367 -5874490320207334352
135 368 -5589365968885283145
135 369 -1689726202743935578
135 370 6202198706208585865
135 371 3848072250328140477
135 372 -1179151657023472631
135 373 9197569909738795812
135 374 4368698697103000154
135 375 -5285841385800731936
135 376 -8269180030307595686
135 377 6495292375731542278
135 378 8248911741663646283
135 379 3485911807294581258
135 380 8943742906373076666
135 381 8815374763926129875
135 382 6175379999449871862
135 383 -6974414805665552099
135 384 -3872984860589918671
135 385 219749067273565768
135 386 7474103878881030215
135 387 5715375273384419445
135 388 7261666829511946830
135 389 3694147946780635259
135 390 -1760935781449289449
135 391 4104908533035853534
135 392 -1512489478353708487
135 393 -1875795537373804409
135 394 7784310202800558440
135 395 -2079979100726182007
135 396 4190817674721186868
135 397 3091500646563678404
135 398 1393601659424051825
135 399 -1158670473294309530
136 0 -8766313750649488233
136 1 -8450240133068016071
136 2 519504589211915146
136 3 -3472466038514641213
136 4 3953804609665910922
136 5 8231344338272076151
136 6 -3453423269942244729
136 7 946736101990267698
136 8 3687619499651960707
136 9 -8373619201370248786
136 10 -8284673968963521638
136 11 -876264129774416395
136 12 8730048671721254279
136 13 -5139656906326858412
136 14 8505339552671578297
136 15 -1042721913579760469
136 16 7048381873969327743
136 17 -6759678588426615375
136 18 2334160423518502466
136 19 8966086884737541283
136 20 4637110180172244019
136 21 4648751149508806544
136 22 -2293642478200467689
136 23 -6028367805868023381
136 24 -7378122719846286578
136 25 -5306217590769238908
136 26 -2926309519789051614
136 27 5914033622947103062
136 28 -78778586967783683
136 29 -5624188998584733151
136 30 5431404157705055150
136 31 8800342554656582556
136 32 -39312703808160781
136 33 -1158320863370235481
136 34 1701512285912683315
136 35 -1882701571661293562
136 36 -6409379154559048833
136 37 -6774413505329956488
136 38 -7716060904015738074
136 39 -203806287388891326
136 40 7495785899448898141
136 41 1254569667164298960
136 42 8504724625263082515
136 43 -550925579262466416
136 44 7625624831736948861
136 45 8431877367725809598
136 46 -1086479773224081527
136 47 4602543674648206541
136 48 -3324678873180335571
136 49 2147444696259724269
136 50 -4013930387024980915
136 51 4649543814472698898
136 52 740175983875473801
136 53 -824655803791445162
136 54 3476418376561701945
136 55 403286272008311274
136 56 3749301340422226553
136 57 3130648746350474860
136 58 -2852991879828921121
136 59 -5922867042580242965
136 60 914220376078566177
136 61 117423220426648340
136 62 1224947363823335028
136 63 -4095942171888617084
136 64 -7660186548926497686
136 65 -6321272530366775218
136 66 5482310961705826464
136 67 6652280949489369473
136 68 -3917559849714383421
136 69 6464331971189933249
136 70 2741573785328276432
136 71 4936253268441152126
136 72 2585923647062231911
136 73 8158873866771224139
136 74 3980972256299375407
136 75 -6335307603276614970
136 76 -6388287296496232316
136 77 -2986477392084726270
136 78 -7828304715316232310
136 79 -5753409854686280382
136 80 8772477603205843000
136 81 6019466480416234518
136 82 -4735827581360321851
136 83 8458382942618253520
136 84 2219142406064230538
136 85 -5512677312004396832
136 86 -1567855756252432629
136 87 3915525972051836533
136 88 -8969534554617953115
136 89 1916384296045168019
136 90 -4633405458971278691
136 91 -7702158643821594913
136 92 -3088642956167226485
136 93 5913394205135192907
136 94 -4712084911373008948
136 95 -3854498074196953238
136 96 4783176446844720549
136 97 5505201418717391046
136 98 -5405828001370745578
136 99 2926645532524154208
136 100 3579165139902911120
136 101 716311755043973331
136 102 -9079345214596555209
136 103 3078137147859699002
136 104 -4010473749148991217
136 105 -1791809289401405518
136 106 -5219161855267323795
136 107 3036640104073006214
136 108 -366632359293506158
136 109 -4629884540968264460
136 110 -5831800604225414217
136 111 -1940935175173771267
136 112 3056547783772859894
136 113 -1581486053341924021
136 114 -7741365080656991977
136 115 8891346263778848231
136 116 2562931950478404916
136 117 4759071815499630042
136 118 -5765892330512305184
136 119 6625654136913099037
136 120 3157017838724602034
136 121 4555949035543523153
136 122 -2353880677714181986
136 123 5033935764493094905
136 124 -8535263584678148935
136 125 -2391496160010318998
136 126 -7797408992405938154
136 127 2646433732553627243
136 128 -2802525631905996534
136 129 6925667865064954404
136 130 8235755736243070703
136 131 768369426122062927
136 132 3667238270914862668
136 133 -6622492761010661326
136 134 1761388060526148119
136 135 2663440923301506222
136 136 4885605694777414118
136 137 -265806697441700972
136 138 -5533687053277310453
136 139 3918534069245441881
136 140 3084336347764207995
136 141 -155846441509401808
136 142 3849007445985235263
136 143 -522997763961324692
136 144 3220965422048137946
136 145 -44693580781834305
136 146 277776844448081843
136 147 -3266133666386423978
136 148 239097237665525243
136 149 -7473021712406300617
136 150 3452386805586316516
136 151 8367093169232974291
136 152 8470179952928571185
136 153 5278944541295078208
136 154 -3414403122744038514
136 155 -1472444300038673670
136 156 3428669776304355205
136 157 7335096967996511495
136 158 -6243688909201953961
136 159 4145865490330076154
136 160 -3219006390816755601
136 161 -5492924801966136703
136 162 5728303133067756939
136 163 217231601849537564
136 164 4472973692988701056
136 165 -2317794829702668695
136 166 4990352554712935856
136 167 5233227244557632249
136 168 -7050560506871163050
136 169 -1044451250718411040
136 170 5259083635964976734
136 171 8850186628643421107
136 172 -2255733705940480123
136 173 6722814248986081871
136 174 8118206221536952094
136 175 4106371627525219359
136 176 6106988451770678513
136 177 -957686089570765352
136 178 6797217612918266073
136 179 2695996404602757831
136 180 8186443968225359882
136 181 7078770758918894662
136 182 1016363125149069631
136 183 -1140210114104223578
136 184 150097464303965463
136 185 4954337298945848150
136 186 1704325296016790060
136 187 5733142169025792939
136 188 638541678837177957
136 189 -1559391049569523342
136 190 -7406611107464221124
136 191 3502795224339523726
136 192 -6256227305253268735
136 193 -5631083840122623146
136 194 8916268310158518139
136 195 -9162558788767770219
136 196 -1219985897192269052
136 197 -1792400700588726253
136 198 3737222036894863678
136 199 -4215183724771924939
136 200 -6188507258829201764
136 201 -5136510063738924286
136 202 7142105188660486713
136 203 3339307909110176117
136 204 -6535565848278699944
136 205 468445667439780236
136 206 4177598920140418450
136 207 8649547478834995578
136 208 8193983956907761297
136 209 -4008877052447409528
136 210 7113847476851239360
136 211 -1261358317152971731
136 212 -6292360332980591218
136 213 7509287912191760535
136 214 6380668764085512718
136 215 -474580968361444603
136 216 6264573357240934916
136 217 3480274318148529359
136 218 2434315136359492478
136 219 64234155028898707
136 220 6403549620517834355
136 221 -2558478546248299554
136 222 -5541872852844191315
136 223 -1510922352701382832
136 224 4845495056520516035
136 225 7638350488891233749
136 226 -2250834810725892176
136 227 -7785687953995368416
136 228 -7867094336343802152
136 229 -8544527072887891015
136 230 156620275268765891
136 231 1609875274581893588
136 232 -7529213850066790470
136 233 -3999670679530655231
136 234 6394683378255810902
136 235 3790535177224498207
136 236 5332886810095297713
136 237 -2738468026894860831
136 238 8367799530247020429
136 239 -30025453573923171
136 240 5675301412074789730
136 241 -8645411246684977063
136 242 -1732682704082604455
136 243 8984990905355552071
136 244 7577807831393436686
136 245 -1596910047413492761
136 246 6857534342853989944
136 247 1788656046789729648
136 248 5164306259994576273
136 249 -2063330639227912533
136 250 -72583500315919755
136 251 2667537135817952463
136 252 -3048679498246113205
136 253 5477434668752322861
136 254 -5648847255184762399
136 255 -8795320035512346466
136 256 448919746272919037
136 257 -9154663898083269253
136 258 -6282349322133003483
136 259 -15888789984082746
136 260 -2274744879249143519
136 261 8085756878582121460
136 262 7254950484026777946
136 263 7176297908192413059
136 264 -2417310225541924360
136 265 -4404293947308682325
136 266 -6075260788989441865
136 267 1095700492925079822
136 268 -178527071236528679
136 269 -5337721623652441117
136 270 8090558100665761725
136 271 5271995783065932808
136 272 1902673426821485090
136 273 -3766115457374477263
136 274 -854222540295827959
136 275 -1413061548610078820
136 276 4529600895007996851
136 277 780496845381298903
136 278 -4586565134248014930
136 279 2175430382843842630
136 280 337154520013682835
136 281 -2913806763609406820
136 282 7869320312781067036
136 283 -8740870644064677953
136 284 6365385289302874102
136 285 5599168873389823365
136 286 6863321925392960267
136 287 820780269547423613
136 288 8055252881328057952
136 289 2821657898637519577
136 290 6837402782440274465
136 291 3727260174496614905
136 292 -6406323345273189382
136 293 369585611594949859
136 294 -7013505845877126829
136 295 -2491187063542008862
136 296 -4630782822808200271
136 297 -3015458705062236890
136 298 -8180128666061676824
136 299 -2144228155471769486
136 300 -6652677092645112991
136 301 8409491610262210210
136 302 -1192485125808691457
136 303 6735493929257613076
136 304 -4083949255239733655
136 305 2025237937055016141
136 306 4411639897985705812
136 307 7499629052361332506
136 308 -8459277112633260834
136 309 8274463332714329634
136 310 -7609152656298226188
136 311 642519660051535104
136 312 6643379407754453558
136 313 3496199403378638076
136 314 1863968178583423115
136 315 7924951519852084012
136 316 5954148485928296807
136 317 -1545383763724908792
136 318 132000725541548339
136 319 -428546618867935026
136 320 2793596321451711432
136 321 -4362476252486629508
136 322 4982367084720619149
136 323 8616594442703461969
136 324 8646290379616216113
136 325 -8050323739924445812
136 326 4033069909567386954
136 327 5090964704733057529
136 328 9116106864159653285
136 329 -4694353470881195422
136 330 7887204888343673537
136 331 -6882766998499968054
136 332 -8880336312905674881
136 333 8119307727064744430
136 334 -2209094952089422486
136 335 -480750551559953569
136 336 -2865108288827549290
136 337 2699839399396144794
136 338 2433188442905442701
136 339 -3924771847153543561
136 340 4368243157107767439
136 341 5881511239047458204
136 342 -1512770662833433032
136 343 1500456253946402282
136 344 7939485315857913525
136 345 2018553833131929903
136 346 -1535142614837113482
136 347 6686433565529622834
136 348 -1237811636762145682
136 349 -1076576992011334367
136 350 7871579705054482416
136 351 1473709155970565983
136 352 -6322666462295601497
136 353 -7853068023347436493
136 354 6138306054307441680
136 355 1731381472533075092
136 356 -747298131208259436
136 357 1414729065267211409
136 358 -554188012931534199
136 359 -6770351140590184183
136 360 3542199807819399573
136 361 -7784114530361754756
136 362 -5623579065584234274
136 363 211555127646233829
136 364 5798202100914885201
136 365 -3389927581421186
136 366 6533466176751974605
136 367 819419625017999710
136 368 7813087214287839830
136 369 -1605192215112284781
136 370 -6518317439742385540
136 371 -6709758661486649868
136 372 -5951790418390252156
136 373 3418827524006703619
136 374 221753765041796181
136 375 6273113705296884696
136 376 -8801088893091850985
136 377 -7756297075331085801
136 378 -8688355431312332148
136 379 -8864611529511372203
136 380 2361085952965689048
136 381 5977043022274613545
136 382 5564186658114858160
136 383 -2831485701576297761
136 384 -8590199886664828906
136 385 6391839722902512795
136 386 -8946573118404175847
136 387 -7183818213729653037
136 388 5458198439121751818
136 389 8527349901968382090
136 390 2534891581672875660
136 391 3835807226585992769
136 392 6706117812768724272
136 393 -7797501062539787921
136 394 2749763517874018602
136 395 4383514509322322510
136 396 -7815345784317349722
136 397 9177441971847297620
136 398 -6534107237591715289
136 399 -3840545562260961595
137 0 -7087238900324518728
137 1 7513885754917955570
137 2 1201593926954780704
137 3 -3982873975576977909
137 4 -7832599530678705705
137 5 -5739146599547605785
137 6 -5446048718367106982
137 7 2146550306613988324
137 8 -1438049732543207435
137 9 -525935482278198809
137 10 3573694504706540796
137 11 4837640932655563327
137 12 7742072209135442079
137 13 6800707192300160733
137 14 -4642820688906141584
137 15 2727986906180805164
137 16 -8903395737223366684
137 17 -8113139859589327709
137 18 -4508298980760404772
137 19 -5972285699667489341
137 20 5588812710858344460
137 21 -3892566894851960171
137 22 648978239902599390
137 23 4241036146636592813
137 24 -4595864588522455862
137 25 7717470929729197116
137 26 -7113627039176880231
137 27 -8257958776873662956
137 28 -3769611834170600735
137 29 -1960481129096832880
137 30 -7918652047119224792
137 31 -8843639213899411921
137 32 -978000461310568320
137 33 8778592151439170005
137 34 7038706948445744966
137 35 4491092868986735837
137 36 5115441399053288871
137 37 4163380633617807723
137 38 8993862034966789565
137 39 1517737282780176608
137 40 -5858784116901411356
137 41 8974832078060771837
137 42 2580480423913801489
137 43 -7904973772011313562
137 44 -2369786066332216818
137 45 -8017578644312638745
137 46 1215673016022717026
137 47 9177878855726766799
137 48 -835629819978195227
137 49 3250414431369898684
137 50 -4094177962888122083
137 51 -1806261264923180048
137 52 4002461681717152501
137 53 -7016734000489149724
137 54 -8156232321380459931
137 55 8252118227475744162
137 56 4054200176285045491
137 57 -2350206631713398092
137 58 2735004013153721713
137 59 1171925353099858259
137 60 -2466150815007657445
137 61 6648007866036813651
137 62 -6833512264136551720
137 63 1410405180216889286
137 64 -7229360345957749756
137 65 7311733117960427225
137 66 169351802955907313
137 67 4279139561660893694
137 68 4865678151741263994
137 69 -6775879164708401292
137 70 -2421596417478578060
137 71 -7116823982230037927
137 72 5463213035167633188
137 73 5435862696179487887
137 74 -6916591728465308954
137 75 1450772759119486779
137 76 1260752897651564804
137 77 3194866481538071642
137 78 -2402792634426867384
137 79 8319913482266194708
137 80 8190501328575870722
137 81 -8979881789171153035
137 82 7957471578472850456
137 83 -1725771432500721887
137 84 -4249731692425068144
137 85 -7727461873019296101
137 86 1560615831640508647
137 87 7857126191047206524
137 88 -6722435020406233576
137 89 7966797219881223667
137 90 3835123120034226575
137 91 -3533244063104109546
137 92 -4000954142648983118
137 93 1858731850871071535
137 94 8270751414941437663
137 95 3465142697361853918
137 96 8617962843178026557
137 97 7824091097837744430
137 98 433928868839011475
137 99 -8328375632447338322
137 100 -7113353642914742677
137 101 -3406927204333284758
137 102 7537979294769911
137 103 -816077864846538366
137 104 -1537009519123540873
137 105 7132053052002560581
137 106 3948639450574302446
137 107 8679078674584331172
137 108 -904133979211859943
137 109 -6753514254037360974
137 110 -4236791256036431961
137 111 4320959946328775348
137 112 -1464114411725871457
137 113 -8341435638632421097
137 114 -3455298280380138916
137 115 7672406736689186221
137 116 -978783212129991191
137 117 -7319869496703348815
137 118 3525082215883548017
137 119 -796087823188546671
137 120 -7012455988864549609
137 121 2217455969575102887
137 122 -5086152196124259908
137 123 -4995926721935360142
137 124 -8906551266742981465
137 125 3755520084746353922
137 126 6663544032833529769
137 127 6927490344415431965
137 128 2732177235212802625
137 129 -1557233924529816968
137 130 -8994674692382375276
137 131 -4394941178857040150
137 132 -9199259649551829872
137 133 5637339876782152973
137 134 -5826922296000837198
137 135 -4529577819114043168
137 136 1388604343243521721
137 137 -8083227933726317535
137 138 -325916853288954232
137 139 4640115274207621676
137 140 8211712953669890266
137 141 5898873770409880381
137 142 6565045556384801698
137 143 8057236339166603066
137 144 -8655284029427696751
137 145 -1257821651854431513
137 146 6510039307478038388
137 147 -1993804108467619875
137 148 4370070850032088448
137 149 -8000051438440592309
137 150 -8494154250371623592
137 151 327320139487333990
137 152 8189678001906697258
137 153 2386828988872513375
137 154 7429207952036474367
137 155 -5708419822539602186
137 156 -5779825723650075835
137 157 5623039145138100320
137 158 154350055293839202
137 159 7825594973052998334
137 160 3566878856536613285
137 161 -4164029921393705774
137 162 -5929872812625240577
137 163 -1532013161810259549
137 164 -7318313579983445130
137 165 8687588366976834993
137 166 -4699913573769316666
137 167 3920297478043957350
137 168 -6912540696791054483
137 169 3533169363783659030
137 170 -7586885700418810409
137 171 -4328316245908257934
137 172 4750581576798782821
137 173 -7070692005375011396
137 174 -5915649933209802712
137 175 7516001788573869809
137 176 2690698514574911249
137 177 -8415085245133017557
137 178 -2806549834951878544
137 179 1110403435044908708
137 180 -3869839029223933343
137 181 -487176717048916515
137 182 3147039015191162228
137 183 3163334904224347691
137 184 -5309042251724802714
137 185 -6205231970980197724
137 186 7410039610116334815
137 187 -8209083159675277067
137 188 4269984333434241701
137 189 4716483669847124013
137 190 -2100102070598290539
137 191 4651396763467228450
137 192 1569518701820745175
137 193 6055257453715850857
137 194 1125404005847447131
137 195 3840428728175404180
137 196 3764200685053404603
137 197 2532832482893414621
137 198 3353836462575422649
137 199 1289448301003016324
137 200 1386305420501903584
137 201 3533458105645874106
137 202 7274045331739939903
137 203 -6040641025245288585
137 204 -6738449769909333438
137 205 -8425804197920989814
137 206 -5738656986435677844
137 207 706616938806372302
137 208 -1745953650970040681
137 209 -3104157521156313936
137 210 -6800332557711878432
137 211 6589294133621546341
137 212 -4111663681962162894
137 213 2358711560325182409
137 214 -398393782282874353
137 215 -6249733915863065410
137 216 -946619602059747054
137 217 -5835456053054828572
137 218 -137113615808445117
137 219 8823736294828220814
137 220 -1169723371690056575
137 221 8524987890966663031
137 222 -2023536020862985529
137 223 8479924625522453629
137 224 -2959819601114818735
137 225 790189714624449235
137 226 7566531703666988812
137 227 1736319099045187595
137 228 6185760239296887440
137 229 -4600796959226814066
137 230 -5194403703771528869
137 231 -160663272003851171
137 232 -5031505183221481565
137 233 5542115583578762354
137 234 -8533259553759772364
137 235 -542087262382476821
137 236 -1929247640127480384
137 237 -5502341921527524458
137 238 -2293728013330096804
137 239 5116307381503375610
137 240 -2953211737380837977
137 241 1379624884574092169
137 242 3722267705459887807
137 243 7138090636355662057
137 244 -3593523737959102571
137 245 5000458696160392056
137 246 -4109193857471176393
137 247 4006551181540159952
137 248 -4437821685083709475
137 249 4653613431756061591
137 250 -3582286747751432055
137 251 2359826564480896417
137 252 5864706235271975487
137 253 6707479445104504590
137 254 7823871315402703264
137 255 2299751533927559772
137 256 -1641999351300280491
137 257 -6554953906796121980
137 258 6818721593896441917
137 259 -1769551758343955627
137 260 -6721652936709904652
137 261 1916555568684386604
137 262 -5527122606258837596
137 263 7251804510526369837
137 264 2424917796693330721
137 265 -8580217811731020533
137 266 -2075759465377933191
137 267 -2969360506841967019
137 268 -1424041481351014359
137 269 6473766380979124310
137 270 5712303730306736304
137 271 -1991508942999673407
137 272 -195592691855597429
137 273 -8686987599297318344
137 274 510590066960266283
137 275 3346262197391415617
137 276 -8377835730745325571
137 277 224557801513418437
137 278 2127255024781236174
137 279 -2859644480563172477
137 280 2040751064916909807
137 281 -3406251178234616574
137 282 1828510279229203781
137 283 -4212848408536860049
137 284 7972476745943261417
137 285 5741636561737453229
137 286 -5122755983948122213
137 287 7082159120215468869
137 288 1859399671321630877
137 289 3649158689426590038
137 290 -4740331271780887777
137 291 1820615946768513717
137 292 -3502391491041695652
137 293 -882127208983021749
137 294 -6775601003177183501
137 295 8525960982060100128
137 296 1025165601648624297
137 297 3693720100522909245
137 298 -7228803312056114359
137 299 -1691306558884279326
137 300 -538750825624780855
137 301 8475634124264504162
137 302 5729767287044840065
137 303 -1972149146116707568
137 304 -1764137427003183974
137 305 3631154230616492308
137 306 -7647978980188411680
137 307 887980451682888592
137 308 9021706847686509294
137 309 436945585516907797
137 310 5440817041432660934
137 311 -1140335967476381510
137 312 8863284990222799059
137 313 3342951125307558521
137 314 -5803116927598027521
137 315 4048494409185791756
137 316 3346235901665672736
137 317 -7915460911204210773
137 318 8310012036510009533
137 319 -46546474840262348
137 320 -2176262330623305413
137 321 8872345703759136904
137 322 5159851591580533767
137 323 5437190121771219985
137 324 2167418422975178210
137 325 -8000215395705094013
137 326 -831062231214519936
137 327 785878495181901568
137 328 -2844381647411307308
137 329 3584859448335504299
137 330 7780095369839285092
137 331 -1810994484613907035
137 332 213561731710639588
137 333 7651031926079503665
137 334 -4499320286071052181
137 335 4462453297551188661
137 336 6269439974000202890
137 337 7183022781124060305
137 338 -2394547655738553540
137 339 -7694158635571913220
137 340 4947051386264420380
137 341 -678174690926287642
137 342 1302688510592680223
137 343 -903042735716876336
137 344 918288671325383530
137 345 -7366013313526094007
137 346 -8170258305281427475
137 347 2051576600049557105
137 348 -2605365488823587281
137 349 1640468938990010606
137 350 -371336443011194543
137 351 7669817363754507785
137 352 6322157930152200558
137 353 4712154374582872508
137 354 4869163985925825729
137 355 -6626345238082345214
137 356 -5977785515220267168
137 357 5893700115709578887
137 358 4371326981766785783
137 359 8091799970268777260
137 360 6229392709920099160
137 361 7560020683806363856
137 362 5843195375893418847
137 363 4642813164188739260
137 364 -1800494695318694708
137 365 7833309883803908460
137 366 -3224665371811835396
137 367 -3333049541696169300
137 368 2483588714261244328
137 369 4702295384232913453
137 370 4017192219427864131
137 371 4760936626187518885
137 372 1609912628297696235
137 373 7385136778685042165
137 374 -8177354020007192940
137 375 -8095093626917853612
137 376 -538356212085890042
137 377 -3602019169644974224
137 378 -26700112746684835
137 379 -1208907490502805279
137 380 -5462246900374413441
137 381 4015180065546348572
137 382 2679311114435548708
137 383 -1149385484463053828
137 384 -4174004296703458033
137 385 4422746003767166108
137 386 -6510433510805104572
137 387 -6032097023715041192
137 388 -8124657005444574869
137 389 6861193669428267420
137 390 -1060575896476467267
137 391 -2202588625931185021
137 392 -3585949696341373854
137 393 -5113958624120046742
137 394 -914573675444425184
137 395 -5560185596369645237
137 396 -1116231185822457026
137 397 -5246907498562701012
137 398 960767656000267
137 399 -5265200259324285440
138 0 -1987563357802997936
138 1 -1285613944295011490
138 2 1639046694682055799
138 3 7553482862541303195
138 4 -388685537741043314
138 5 5968125887914551390
138 6 -8962069070547198555
138 7 -6111924510586985932
138 8 6661822629173758670
138 9 -21786496896526205
138 10 -6408306760344603792
138 11 56167425459854087
138 12 8010768026695996280
138 13 5038512072954902882
138 14 -4032315673985782765
138 15 6952008223535236251
138 16 2421265529142837691
138 17 -7661623908132196755
138 18 7988851873766477712
138 19 -1229055892121827178
138 20 -5638661625002632894
138 21 2267010089710378502
138 22 2955913388838083085
138 23 5744548141150793220
138 24 8283505840389019198
138 25 -1164384248039654814
138 26 -626164184070606891
138 27 2525459686626539757
138 28 4826040468346797824
138 29 4142827976655263250
138 30 4104809725560191127
138 31 -1073507478844983730
138 32 -6630436491328386273
138 33 1500111930528364385
138 34 -8652675672062630517
138 35 4143024485324822017
138 36 -3438364095888516156
138 37 -9082792958654384952
138 38 -7289895866034714291
138 39 8239575495566944431
138 40 -4533559848814965101
138 41 -7609073252229447121
138 42 -1986458798850262901
138 43 7786030971671152543
138 44 -8313509098205472904
138 45 -3980937508020683727
138 46 -6377716944086788797
138 47 103996955447686117
138 48 -1085524068250381349
138 49 4370859624382627851
138 50 -2122519926508321372
138 51 -1922277876006753377
138 52 8839307121499020812
138 53 -2827239711380055800
138 54 7726775446834204167
138 55 2046675664430374953
138 56 -7607157801919037996
138 57 4772367928409482720
138 58 8829180673948949237
138 59 -3196227888168302329
138 60 -3684371149597047403
138 61 1638230324858430248
138 62 7039234884230537254
138 63 -4343154948910530293
138 64 8622429650677300823
138 65 -8200176502135895642
138 66 -3175334128567776096
138 67 -3785615221742862922
138 68 -3870618448329269281
138 69 9012992685652864398
138 70 2497735275021063751
138 71 -2135253410584648578
138 72 -1759999979988899882
138 73 -7214004550023617987
138 74 7785374360164006349
138 75 4982251156569489237
138 76 69778544783313708
138 77 -9095342960675733255
138 78 1554166894048783292
138 79 -3766282628393273257
138 80 2883698288969952101
138 81 248745162627947400
138 82 -5751937304853384897
138 83 -137358490422220502
138 84 -8681272429038306397
138 85 -2716591725320842943
138 86 2738379784459154342
138 87 4187043962003788052
138 88 -5856219101815041016
138 89 2888348294655854264
138 90 4635909300247368169
138 91 2358648420530414757
138 92 5053204221285720547
138 93 7706219419728442449
138 94 -2923621905792120059
138 95 -8823963813120938740
138 96 -5468241642813101019
138 97 3052193528999681857
138 98 2693624177619862674
138 99 9000447658732906504
138 100 -5775394132587293911
138 101 4706408730558498538
138 102 -86932669988326132
138 103 7790461049353670694
138 104 1367812211872824010
138 105 -6907149899876390118
138 106 8670912608594593369
138 107 1393650384948288572
138 108 7219168466994038434
138 109 -1487272468147139794
138 110 1482012299377903919
138 111 -5128067065657954656
138 112 -6984752680330322536
138 113 -3311573556542836227
138 114 1055268386509266971
138 115 -6316803369738874748
138 116 8931254703233123135
138 117 6602470627888298312
138 118 -6871166566464275194
138 119 2807110055606538861
138 120 -2852398046179334934
138 121 -5037421335799006063
138 122 -6063582416629493250
138 123 -6701655742475885738
138 124 8215162009041875112
138 125 4753937704966144529
138 126 -4128062269799355714
138 127 -7694162064585077151
138 128 7507015956976697962
138 129 -5806400495124845409
138 130 -905571970782213447
138 131 8861629268190393252
138 132 -6781934317003996226
138 133 -8394953979925823036
138 134 1780701246588446014
138 135 5504717389818057566
138 136 -5550633184648905255
138 137 -2439489198158279285
138 138 3792765855598015941
138 139 396243003586554730
138 140 -905593619183857118
138 141 -7546223966173716193
138 142 7830201581821795881
138 143 -3765879289552519478
138 144 -7422948579935592991
138 145 2426355202844490394
138 146 1440858340601000758
138 147 -7386349048662459648
138 148 -8941087997878371668
138 149 -1102181685635642467
138 150 -5906373138091644530
138 151 -3558546637622601844
138 152 1807087889279453243
138 153 8738575344883427603
138 154 -4691645110994682267
138 155 -7324324725029690598
138 156 -5804642426521896296
138 157 -653402932777323625
138 158 1104767599097900923
138 159 7208314416648177038
138 160 6378215987337209352
138 161 7856324445447930638
138 162 4474680303906633978
138 163 3881521798442757876
138 164 -4939262804264393546
138 165 3491248311442009853
138 166 8626069746263463717
138 167 5767387094873464932
138 168 3806727453158009056
138 169 7088814970024074072
138 170 -811105986984255578
138 171 -1874553663674086742
138 172 -325201912825125579
138 173 4304308798597366912
138 174 -6907482210509724229
138 175 -83889809943139380
138 176 -2226374310510102769
138 177 4106076759931941430
138 178 -3334912649754556656
138 179 -2025860138398614989
138 180 -6698475470956818144
138 181 155538304609070056
138 182 -6588163631954696942
138 183 3049288438915536129
138 184 -4286410770170510489
138 185 -878441814149837904
138 186 4998519284005612004
138 187 3544013892961198482
138 188 -7033836818705344789
138 189 9103270608054114495
138 190 -7439550639137376372
138 191 -880791894849007579
138 192 7690744619196604789
138 193 5785158716240217601
138 194 5125056633998155147
138 195 -8448069347164232229
138 196 -2822908871646006433
138 197 3031339681987207051
138 198 -7501310849268101447
138 199 4073594367175575491
138 200 -5863189218629476220
138 201 -3936008462667325557
138 202 -2252053502318380332
138 203 2936119607362297340
138 204 1130585758861929426
138 205 7246614532026008347
138 206 -9145970858460849069
138 207 4424767598875631529
138 208 802874683547892559
138 209 -8530171389576084262
138 210 -2126921959853262511
138 211 -7004040267247236734
138 212 1859935845073959989
138 213 -4536240459399130011
138 214 1804296165130295848
138 215 2818322498181946873
138 216 6673546772568194666
138 217 -1399673336359831758
138 218 5756098460938048953
138 219 8347380894631646885
138 220 -9059554029935954546
138 221 7380804614656190891
138 222 4630272348708527916
138 223 906647645594867862
138 224 2474200280639493124
138 225 4093875979507170405
138 226 8731743194367381168
138 227 -4289189897276157138
138 228 3079850683805207148
138 229 -4049596858551098007
138 230 3402653978628795578
138 231 -3990251831205668894
138 232 -2850290112715138058
138 233 7925143947981622604
138 234 7802416463367561096
138 235 2795773402401831518
138 236 -8261388887590026717
138 237 8595144940426587933
138 238 5578127512706736641
138 239 3277895741294006
138 240 7946358462888811563
138 241 2336255934404354610
138 242 5925065810546232913
138 243 -1017600202516796422
138 244 6722576553653733114
138 245 -5073863675513579292
138 246 -7204251378884309401
138 247 -668560233830281545
138 248 538183239798668453
138 249 -8045403498648284963
138 250 -5352806431351939735
138 251 9023583779967714842
138 252 -450964415014613372
138 253 -8152005736845647253
138 254 1141444665898231149
138 255 4446784886213260101
138 256 7794601555236509645
138 257 -5371138260860882120
138 258 5265068717889735595
138 259 5275042684937031977
138 260 -7919685503564747705
138 261 3261299555390886542
138 262 -117612227075768946
138 263 6805103963620263017
138 264 -1528903991155992995
138 265 -6949517601017848197
138 266 -1231838593709028257
138 267 6568927990941956786
138 268 202199425319106051
138 269 6233899597567439058
138 270 -4417250270463692413
138 271 -6651214813808524386
138 272 2634539372945849583
138 273 338707044085960728
138 274 2419114544296590905
138 275 -4539792059199017915
138 276 -3449999556353901763
138 277 947193758585128205
138 278 -6779405221507114356
138 279 -1827640605666039622
138 280 1773907157411020510
138 281 4092786152789866454
138 282 238562218083916254
138 283 6650594385383855
138 284 8889116191935590846
138 285 -3811589417605576505
138 286 1221502158097565884
138 287 -6920823379532192275
138 288 4319805567480971926
138 289 3644591264415865015
138 290 6524524944955635369
138 291 -8031419491817794695
138 292 -8071861081719982880
138 293 7723522116362474449
138 294 -4031828444274939042
138 295 -4175274374896922705
138 296 1530072108525727602
138 297 4050462702107946245
138 298 -4473332483420847319
138 299 -1572655246841446238
138 300 -9180254000124234721
138 301 6705567121744449788
138 302 5708722009786713995
138 303 6702482669448240424
138 304 6298811029188084784
138 305 -4956590673149629361
138 306 -5532645521048148924
138 307 1664104029176714741
138 308 -7784896605922821258
138 309 -4402856827101616683
138 310 2268153048945309217
138 311 4452548710947693331
138 312 -4262178040868540049
138 313 7261303339181424194
138 314 4698417645484970444
138 315 -5236068627600881847
138 316 7071586360890838029
138 317 -4387880453019017112
138 318 5438643389240582152
138 319 7339596353294254828
138 320 8761654990948471688
138 321 7779094883602399338
138 322 -7206619785830322695
138 323 -5486515585022423190
138 324 1447629180602475022
138 325 -7758801616616293086
138 326 1960949650176175824
138 327 -948759874927073628
138 328 -271373793088737260
138 329 6615772817271196780
138 330 4708879068581081908
138 331 -1664872479886853830
138 332 -1613666830039979159
138 333 -6963053910520600897
138 334 1860943578378048573
138 335 6472152765701037486
138 336 7608446171973881282
138 337 4492243379590955354
138 338 -3892287673723656986
138 339 -5195448604560253876
138 340 -6500391936513042182
138 341 8323187545322602550
138 342 -7175385823098579749
138 343 -3512273870921688407
138 344 -6421951360818310945
138 345 -5474352121664725822
138 346 -6197916624805838951
138 347 -5747561874732688005
138 348 -972063964401070305
138 349 5452459607426813991
138 350 6844371208194577540
138 351 -8630807823175457149
138 352 4755985647739778457
138 353 -8380200125136937895
138 354 -3002613493563342531
138 355 4986242513149642572
138 356 -4462852298950524329
138 357 -8593876045804449926
138 358 3837319955884929894
138 359 7849026283174597301
138 360 3962729249250843533
138 361 -9029765844422877928
138 362 4701438213661784420
138 363 -6630154889400881451
138 364 4146167686520628412
138 365 8213020672677096083
138 366 -5177113409507787911
138 367 5274178255978249649
138 368 4877751728520300243
138 369 -4616326046266541078
138 370 38307562287996766
138 371 1765294635174387855
138 372 -134624559568054373
138 373 -8697717362311064667
138 374 8255707640110545922
138 375 7315340797126997763
138 376 6583526273481937022
138 377 7748225158693881050
138 378 8247327354247685271
138 379 -8037158597319474305
138 380 3940160057786912181
138 381 5895804979884499711
138 382 -3525166314119084486
138 383 1521025576671007794
138 384 3180627608801721580
138 385 -2658301660698642203
138 386 -3056777660223927525
138 387 -1246486463835238108
138 388 1612061491769238655
138 389 -3523450031788847808
138 390 5568969032832348078
138 391 1282728242640766130
138 392 -6141160028163140500
138 393 299089812551384622
138 394 -8341175672700099340
138 395 1441858434244185374
138 396 -2697337015100718420
138 397 -7461014476989566552
138 398 1143869402127726901
138 399 -7328444163725001992
139 0 2880827233748069858
139 1 -9006796555988385197
139 2 -7299335618005457848
139 3 2822369351102797124
139 4 -5610760854326598979
139 5 -3709576187311257058
139 6 7999150341230296369
139 7 -7797027633301435703
139 8 3697964248564914194
139 9 -2055784733441563898
139 10 6765404108584533331
139 11 -1532317083937255691
139 12 -2828955599296874120
139 13 6568227406317219166
139 14 4131158271630696285
139 15 -5561414917933167765
139 16 -2600532742523583012
139 17 5022169704796727178
139 18 -582373650807342906
139 19 -4259514636630042254
139 20 1160241613349803773
139 21 -8639797825835195073
139 22 -1470483474057718585
139 23 1949712987667762294
139 24 -5936119590155831107
139 25 -1617686717879264741
139 26 4699864388627447507
139 27 8755657213095273500
139 28 2229910979182859506
139 29 -8224134319117556829
139 30 1030252968716037850
139 31 -8067868502451394819
139 32 8791652901432170823
139 33 5361617028432334056
139 34 5538749241532788818
139 35 -218251497080362252
139 36 -9004529159831319962
139 37 -6615063038636498910
139 38 5252864319570294875
139 39 -1286171463728976965
139 40 -906361131391390046
139 41 -3679586942792794503
139 42 -341488265446202595
139 43 3731016402484405203
139 44 770318647469708601
139 45 -3744481035153341984
139 46 3991117815315580002
139 47 -7462906021507116416
139 48 -2219714010489179548
139 49 6908248276442815181
139 50 4992267496924043745
139 51 562787263649954515
139 52 -5600022284301048942
139 53 348517592801118272
139 54 990663185823786549
139 55 -1133385439473552724
139 56 -5751161058063243047
139 57 6276985676788989284
139 58 6320140864638560204
139 59 -5284864881481625924
139 60 9167836861113050254
139 61 -9186162236079039294
139 62 8882598725911925193
139 63 3850048766990822349
139 64 -6696226165089151337
139 65 2996512905886898219
139 66 -4100733203859878561
139 67 537529750224624487
139 68 6583442401464296795
139 69 6726973828725383256
139 70 9182892044876864525
139 71 2331536995344574354
139 72 -331513098450230669
139 73 448861821861806257
139 74 -2310167352656744131
139 75 8563211594452918942
139 76 -1245909662484435959
139 77 -1377800729403552453
139 78 -3763244107716212879
139 79 -32136905232469350
139 80 -8603156989292488335
139 81 7685126193521826283
139 82 -2710940874373789500
139 83 3376518303876590646
139 84 -4966700958458863536
139 85 6523214084960235343
139 86 6518070710439674987
139 87 -4584905612852088749
139 88 1395835963931605942
139 89 8870095215892283641
139 90 6190778379537881471
139 91 8485919113257951091
139 92 6355375817523290803
139 93 2332795934389166362
139 94 -1804073538720988211
139 95 -6149841645635279464
139 96 -2668077690457808429
139 97 4741050228262612346
139 98 -4299005411937312254
139 99 -4223351739721321373
139 100 -4754424603974271664
139 101 2784791735494100990
139 102 6538554070481117448
139 103 7789448985126561653
139 104 -9121140483380261062
139 105 2028984903104924678
139 106 -647938795410007671
139 107 4870009590276072912
139 108 -2059585939440522852
139 109 3713377440329422581
139 110 5513517390802820829
139 111 -5055934407867371053
139 112 694830346351357472
139 113 3534294661384096478
139 114 361243960862438460
139 115 -554232467124470765
139 116 2687946247657497908
139 117 -2258192496575331261
139 118 2141458664197518282
139 119 -6032503195977545277
139 120 -585552691804083852
139 121 2567716438484163613
139 122 -236369663418826150
139 123 -4265980141101447883
139 124 7892146938379875743
139 125 -663603034030835807
139 126 6631174513327689134
139 127 8394305365070941470
139 128 -8395360393800018675
139 129 5289309173456624491
139 130 -8902112515586332783
139 131 -2767972845565913184
139 132 -6724803270262237474
139 133 6643686593561286111
139 134 5162289690913953404
139 135 751610398544710842
139 136 4184760809517593327
139 137 -4789769653502018264
139 138 -2698100271147280790
139 139 -2383663254467710018
139 140 -4986266252734309203
139 141 -5782915736352198283
139 142 5771765971528883948
139 143 -1824913037742030704
139 144 -1453392488653397326
139 145 -8892196901233583808
139 146 4496663205558333727
139 147 -4677351894928357430
139 148 3000599125148158379
139 149 7256920119947160232
139 150 8228382936799356115
139 151 5309777409447678137
139 152 -1774529714047557067
139 153 -6033079657892364659
139 154 -7229735671804890677
139 155 7958331323124345775
139 156 -3403554440328559930
139 157 1443413613739516682
139 158 -7359505855899547057
139 159 -5955426085093642352
139 160 1801923150738294503
139 161 -7992963664578492706
139 162 -882241866579435217
139 163 -5665734352685862193
139 164 -1080390539013705202
139 165 6145752833510322953
139 166 -158854486205913018
139 167 1421460619115720041
139 168 -5066759701512768782
139 169 8672722215589868565
139 170 -7382366961530105165
139 171 2044294280429053258
139 172 1881567052312684426
139 173 -3564689941468715022
139 174 8736242977900354506
139 175 1056065101295782182
139 176 8602762084390175114
139 177 -1689762634568722970
139 178 5093693549549590732
139 179 4261611657956266095
139 180 6829016940308988885
139 181 613664058051269455
139 182 -9146923790999146156
139 183 5655705884015639924
139 184 89714615885302654
139 185 -8101451911219660084
139 186 4355658788206821616
139 187 1683484852861593445
139 188 1915223541604748421
139 189 6830415231394839852
139 190 7407441850738263267
139 191 3233657724917647276
139 192 -4475670281412834071
139 193 1014103948347745752
139 194 -7468640879067552545
139 195 -1249935977889032559
139 196 -826240437806503337
139 197 3266925955345300533
139 198 338191613869379567
139 199 5495703175434883987
139 200 1972986530299560860
139 201 2512896384005486104
139 202 6340082685414329647
139 203 5130550244461911053
139 204 9174151459321273798
139 205 -5835147553152056900
139 206 -2415143260578038249
139 207 8194368118451611715
139 208 579492929474460257
139 209 -7903409015684025895
139 210 8610603921777972950
139 211 2438044027301055932
139 212 -7728026736993698634
139 213 6588743694763753387
139 214 -8927029989634128454
139 215 3109771073250869740
139 216 -745770309988975565
139 217 8460471870947914458
139 218 2448744844153225306
139 219 -2959621080510220151
139 220 4374832438180019418
139 221 7878625437967196622
139 222 -2372262004462922761
139 223 1830937642948572164
139 224 -8843099858733190835
139 225 4788995286803949586
139 226 6601017154615970004
139 227 -5759451869515880563
139 228 -4792632684029971015
139 229 -4899420977569658079
139 230 -2190986602802616248
139 231 3323018924458909209
139 232 -1322794124560233436
139 233 7664092315122340150
139 234 -5422400874562451258
139 235 6839583555203433564
139 236 2795672406108652852
139 237 2783770305839208451
139 238 2831072971264645495
139 239 8721029901461710135
139 240 -7174187079577933507
139 241 -9128017733085040267
139 242 -4300951594742280
139 243 2593664980628511746
139 244 5886465873815929115
139 245 -3613825457027904392
139 246 -785013073882896927
139 247 7318340294747331896
139 248 -6447945617282158143
139 249 2023431456419285289
139 250 3273108163351151945
139 251 4076226248583380239
139 252 513255318108231852
139 253 5919196006292020116
139 254 1896392843548643509
139 255 -5374952513074726626
139 256 -2971910961722898711
139 257 2499480083822704643
139 258 -2634077775550253113
139 259 -4357172007126751770
139 260 -237827452618999184
139 261 -2073815492447670736
139 262 3498408532773167472
139 263 8127206959338444493
139 264 -2165908788827373099
139 265 -5181796186771321088
139 266 -7059404332153003919
139 267 -1736051960455636180
139 268 6858773739600452386
139 269 -4936995939766850987
139 270 4337538701083383939
139 271 -2465136096968087801
139 272 -3583473267259438279
139 273 5568830968505390769
139 274 6425348254319883030
139 275 499635668297745645
139 276 -3221554226107254771
139 277 -5741858726292256803
139 278 -2444789090448417065
139 279 5105865939235924068
139 280 -631403293377194650
139 281 3476080229717514367
139 282 -6131380891810318801
139 283 -7890061354932884445
139 284 5446197665564208431
139 285 -6970843013618529841
139 286 2862805250296913599
139 287 8165680557261627501
139 288 -8695879121136259314
139 289 -8016291825906354247
139 290 -7509703733873925634
139 291 6483997427538673776
139 292 -4687842242305795572
139 293 -6120489312996344475
139 294 -4110464198977865881
139 295 -243964418420916847
139 296 -8049282070244914158
139 297 -7643904384312630965
139 298 7564329823316699151
139 299 6786524261810884050
139 300 7394713581249595916
139 301 6613189543865468003
139 302 2242819211766052180
139 303 -2511097829550363174
139 304 7914113100926250504
139 305 -5547404387149347468
139 306 -4248399413323126279
139 307 -480029088019520355
139 308 -195647647306052303
139 309 143198524280276506
139 310 -8345724336599146930
139 311 -1483624789622954516
139 312 -7396958015357101269
139 313 9149220568340644775
139 314 3441260944065415552
139 315 3552830393230591700
139 316 -1689867207913082568
139 317 -8096683479919517991
139 318 -208005376497901186
139 319 6499340444676928573
139 320 2913310036745099077
139 321 -4993793599668597144
139 322 7383432441143120840
139 323 3844200282925713613
139 324 8274003902731191914
139 325 -1648718108919984901
139 326 -5003119375522072510
139 327 -32195746026469369
139 328 4054994050064946111
139 329 -5141468552645215867
139 330 6647243312371107795
139 331 7272567871262239538
139 332 4299968346936468760
139 333 1811162261636535579
139 334 8749417968990591056
139 335 -224584899790964443
139 336 2845907687242159757
139 337 4105281216740941298
139 338 -6361904844149297679
139 339 -8603575285401336560
139 340 -8732659115616339712
139 341 1219705096666324325
139 342 -892784174384377370
139 343 -610827520185102391
139 344 868397828696830509
139 345 9048196401602400466
139 346 4155958830411113854
139 347 6942435862853778824
139 348 -1363262395525716339
139 349 7969152245333326804
139 350 -5369808740091245104
139 351 3363146056172961657
139 352 -269024628976797507
139 353 5839174778780779406
139 354 2423373594359353427
139 355 -4694855767862938101
139 356 -3637982612964012450
139 357 -570085167894755298
139 358 -8181260026274754544
139 359 -7543907119534497523
139 360 -5945584777145302060
139 361 -4003473505873122605
139 362 2120524848849443616
139 363 6388573573030704006
139 364 3570778325087626206
139 365 -219520434386374206
139 366 1838207474871018114
139 367 1491434847591240647
139 368 8496975751699198519
139 369 3238523592762054391
139 370 2146460370771193087
139 371 -4873611715052071248
139 372 -2938787823492697343
139 373 1449830709230276338
139 374 2510161806597082932
139 375 6941976880929795772
139 376 1321406777262332567
139 377 8726617145617550814
139 378 -2096471125832835216
139 379 4711955129533088182
139 380 3810355369105619812
139 381 5127928900308011976
139 382 2006716855142454231
139 383 1517695002817751953
139 384 -3378182181612656080
139 385 8639126162506145861
139 386 -5080795345971079967
139 387 -5294951316159403662
139 388 -1163154063175623235
139 389 -1744123617056435115
139 390 -1379729364825566882
139 391 -2795187412492724732
139 392 -7254295565492563212
139 393 1956410121013153658
139 394 -7291049822184818975
139 395 -7365234601255340083
139 396 55859403616185180
139 397 1153864341440724458
139 398 -3927584115594901126
139 399 7444779946544884438
140 0 -6907926089782933138
140 1 1431902376366036355
140 2 -2477738585115410374
140 3 6179000940664153277
140 4 -8502097323991036915
140 5 8267894266678694183
140 6 3968424652379749321
140 7 7783015858499458706
140 8 -4373674395861512848
140 9 -6892569758301065534
140 10 5141789119629476869
140 11 7372822510778846378
140 12 8315579422127128773
140 13 2335489228838969573
140 14 -7515966700790722986
140 15 5544963451727714023
140 16 6917213782489602928
140 17 7641369346403953764
140 18 8041547190117335529
140 19 5533966238826163735
140 20 6306350733194842061
140 21 -6142989153368931808
140 22 1121915581028341084
140 23 5444565980042186479
140 24 5656633057695991470
140 25 802709430673433271
140 26 -4334675591549085449
140 27 -2074965622385035017
140 28 5400447803758254095
140 29 4598902213700563765
140 30 1397741015720593817
140 31 3231924353940056195
140 32 -6918329387628002252
140 33 -4061478044076051751
140 34 8667512753040357331
140 35 -1104427464888288187
140 36 -4545398611305632217
140 37 -4226078678620051010
140 38 3780734480191748125
140 39 -6957539134015740444
140 40 -2193450671274349724
140 41 3042536750757755498
140 42 3993305547953860827
140 43 9065316218799598308
140 44 -7716494712943698745
140 45 4240273745637691007
140 46 5688870469417050005
140 47 8928263426482599477
140 48 -2664747987020563541
140 49 -5555605205727128920
140 50 -5041723170061380543
140 51 7290557072762601972
140 52 -2395309889227632430
140 53 2724163225009476763
140 54 1211036367573668475
140 55 -6833997990723590575
140 56 1254857950143030986
140 57 2341031829872585337
140 58 8399940978580472523
140 59 -2662595661819951359
140 60 8285029051321203450
140 61 277049954996825248
140 62 2558517607969191048
140 63 -3366996914250682324
140 64 -2977714624278149206
140 65 -8713975572648335832
140 66 -9064660333725255282
140 67 -4449531207954214580
140 68 3138191183237000422
140 69 -742524007812748268
140 70 -3959529713122806842
140 71 8803248779848361634
140 72 956468260089734455
140 73 -3809646932101146827
140 74 8162463350516320493
140 75 -523816052792714258
140 76 -363645580498193765
140 77 5073661731222380879
140 78 -5356313167957882817
140 79 -27046329608132891
140 80 -9194485587836250545
140 81 6969003676923512499
140 82 6115222867631009762
140 83 8127690950558311356
140 84 3918446832429446063
140 85 875946046423312378
140 86 -7850585443820517699
140 87 -2242922335345545757
140 88 -128187685526500667
140 89 8583758445048734570
140 90 -6626465173606431008
140 91 908782485774090628
140 92 4723600419477164824
140 93 -2671319821235738610
140 94 2706997713905675529
140 95 3418341225603754273
140 96 6335537965251938172
140 97 6524400465219872586
140 98 3548210618758697472
140 99 -3507765112224839954
140 100 3040960980630431912
140 101 -6228850997127761064
140 102 3081126030197926296
140 103 -5854353849666713153
140 104 2859580516962072530
140 105 -2261906272699806979
140 106 5178335461456621293
140 107 -5848310087639373074
140 108 845149147723994995
140 109 2318935115552145651
140 110 8905545927700392945
140 111 8733413385123838143
140 112 -4145670518925368233
140 113 -6240840911802853188
140 114 -8515176322097738140
140 115 189997242754453040
140 116 -6257668176881397465
140 117 5179401439128186933
140 118 34186529501746047
140 119 7225853512007495129
140 120 2118534367973792319
140 121 8246292435647696510
140 122 -7027758192675355162
140 123 -4544891724244667272
140 124 -416729561248157703
140 125 -7628552804112921260
140 126 -6646783249458714343
140 127 1492863618283717626
140 128 -814797963263885544
140 129 -264708397976629519
140 130 4224359406628625433
140 131 -4512574714398412010
140 132 1290119431104129447
140 133 -5391843318055902961
140 134 -6310323426383333131
140 135 -1820872766545087493
140 136 -4358434519768940191
140 137 -715246223250658857
140 138 -3052541579569728957
140 139 -6509205609933245181
140 140 4371551101287486072
140 141 -4215768979095461885
140 142 2504544612825607393
140 143 -1696483671788766600
140 144 -599693301348059542
140 145 4726128027631938399
140 146 -6420159007240809222
140 147 -2300542551246721370
140 148 9217418803382625285
140 149 6851916133317903100
140 150 -6019373736803392169
140 151 -34406057600351993
140 152 -2254490406086288494
140 153 656597318744093250
140 154 -5681780578490671434
140 155 5960076212121080313
140 156 7588785931232908369
140 157 -6897393420139536535
140 158 8534384995990051510
140 159 88229615064133292
140 160 -9070267735057288180
140 161 -9117180682775919032
140 162 -6066810484785392391
140 163 -531980071091856953
140 164 -3238889597422718200
140 165 8672405347641713102
140 166 -5219663568975882006
140 167 2809396457872935034
140 168 5598083869017762399
140 169 -6136970359881976406
140 170 -8533913601384840177
140 171 -6601831573813102902
140 172 -2935641700991911418
140 173 -2490914850958196668
140 174 -4107262395383988826
140 175 -1643957372934330860
140 176 1051657749866368420
140 177 1539246672136549180
140 178 -8912203582930850996
140 179 -6303908588263841749
140 180 7588255085833157727
140 181 -2035626790393837963
140 182 -7643110078707121504
140 183 -2950963873356395721
140 184 -1804952958341666567
140 185 4637966249594691013
140 186 -401857020808968830
140 187 1906124992866507078
140 188 2987006120478448499
140 189 -2546979822260915930
140 190 1419540494816491302
140 191 -3518400575095691755
140 192 3200542909696116466
140 193 -7283101259002538464
140 194 8456510268652373217
140 195 -8839865456457347423
140 196 -3649578983607257758
140 197 6848372680748487965
140 198 1295998691476381793
140 199 -3138414556995437273
140 200 5962411110623573370
140 201 4221094467641666418
140 202 -3228660298129269840
140 203 -2078531241822414484
140 204 7199198654201000336
140 205 -4332787380198298789
140 206 2087467241383950682
140 207 -4252017648619545420
140 208 -6285890451623883224
140 209 7914054392272676059
140 210 790893882755021877
140 211 834685618514236271
140 212 1023027433771689317
140 213 -7454924902531320541
140 214 -6524114259673181529
140 215 -4626631080014454657
140 216 -7270718829993518920
140 217 3835099494073670227
140 218 895196649267060739
140 219 -1333138145678702355
140 220 -3943026301583899456
140 221 8520128356580747997
140 222 -4772231028282690919
140 223 -5252540069661370847
140 224 844791787020343742
140 225 -7980852048556964498
140 226 1321424446330475824
140 227 2088415565761454316
140 228 -37860257386722416
140 229 697508733196776969
140 230 9122864284634535860
140 231 -4691026177623205513
140 232 3292893758165977753
140 233 1492303861924930875
140 234 6844177540653320894
140 235 -2918820795481503967
140 236 -3823136134703372360
140 237 -8486871121871281972
140 238 -757305695378050950
140 239 4717098766277423788
140 240 3529070881411829561
140 241 -3731969721543000047
140 242 -4470802459475542677
140 243 3861351501083968963
140 244 -1729716644815329770
140 245 859178975416965567
140 246 -3797478866446847546
140 247 -8172841006686444995
140 248 -8269173202507612073
140 249 -7810853143609231784
140 250 -936591712444175174
140 251 3604197018149166691
140 252 -2784237904623631171
140 253 -4969094200343063240
140 254 4316714781829454501
140 255 -7429058037781768736
140 256 -4052863018456834716
140 257 -4898164685886937876
140 258 2442581827735395769
140 259 2245107030096883084
140 260 -1429150159145056379
140 261 -7506158035779000287
140 262 8366823408741442665
140 263 8629496963906640336
140 264 5114901026796207773
140 265 7337837844985086253
140 266 -899467515004291154
140 267 -5698192682643489210
140 268 -654425891934707161
140 269 6170892494381742348
140 270 -6251687920990815106
140 271 -8364045296292616281
140 272 -8417286209730834901
140 273 535160129447915302
140 274 -7806634908332691601
140 275 9003109400658587259
140 276 7509468958292404139
140 277 5796996187844250677
140 278 -5842675889376282069
140 279 7028596776233435053
140 280 3840425402420570687
140 281 1446737171348397125
140 282 3029281875122882749
140 283 8389635299335277962
140 284 -7670889696288616950
140 285 6654741538701329641
140 286 998442105637286195
140 287 -1281497157829135130
140 288 3824011595772784136
140 289 -2925978229816925741
140 290 4873659037903650803
140 291 8098252523138812044
140 292 3265960171508438208
140 293 -9068689860723407611
140 294 8280987685159434951
140 295 -2901511057850441789
140 296 -5423668835194550847
140 297 8074385167879934038
140 298 -170669278627452440
140 299 -4953576396573867621
140 300 -8760681245677929378
140 301 -1112590150445942263
140 302 -6698793274775239356
140 303 -1784616785287316695
140 304 -360053282658503005
140 305 -3720577495550754272
140 306 5195990137563235104
140 307 2025023426616368018
140 308 2279256039668442916
140 309 1120895224745605266
140 310 -812430581190479611
140 311 6828110385348508484
140 312 -2498206192373768550
140 313 2587217632371284590
140 314 -5732680440301856499
140 315 -6732580610181254925
140 316 -1624368640595778716
140 317 8616967196490455233
140 318 5898007800687616583
140 319 7265041311245371725
140 320 7917292187154333274
140 321 -2890834650994136178
140 322 4970815814651173174
140 323 -7387768647334152211
140 324 -4579585652891753703
140 325 9221589954304840962
140 326 6427126771071886698
140 327 2291805157668178260
140 328 4500840553429429460
140 329 4653029616011695505
140 330 5162563875222710878
140 331 -6305903044528638252
140 332 -3189134065898068178
140 333 -6799477431323414756
140 334 624291589856334869
140 335 2068122089890368300
140 336 -7700744859207686348
140 337 -8980860076787762895
140 338 1732520676936799259
140 339 2657439457841832842
140 340 2739936588272231719
140 341 -1804350220073559260
140 342 -4586898003055691184
140 343 -6714208001354274248
140 344 4426277174290849227
140 345 -1699951785647484029
140 346 1663522736656682078
140 347 -209947052881979745
140 348 8420673369161450641
140 349 4256645358236113000
140 350 4845914971408250127
140 351 1730748411256992930
140 352 -5477395221290797518
140 353 2940645109932328635
140 354 -4088623400009039828
140 355 260084323056674510
140 356 -3734646682684032213
140 357 -8608293667366033451
140 358 264941281981398530
140 359 7169521692054650826
140 360 2148427786695388654
140 361 7282093363649917539
140 362 8636045489969257787
140 363 -1394134545351146374
140 364 -1190608281653584618
140 365 -7214370395034982982
140 366 -4046323521090614597
140 367 -8499690540914823672
140 368 -6139385360907667437
140 369 6885338659823291533
140 370 -3914282515428222589
140 371 37196365755335827
140 372 4747382990616403216
140 373 -5695789247777628570
140 374 6213723989023444535
140 375 3931506247386090537
140 376 8663279992819420249
140 377 1004348377354787
140 378 5928260731848801804
140 379 -2887629861425698416
140 380 -564035168901832668
140 381 2751051206530073622
140 382 5692154837274433975
140 383 -2283073313903028428
140 384 -9204957346453888885
140 385 -8602825234372665709
140 386 -2811713154265083725
140 387 -6243275600428087599
140 388 6912212154056781776
140 389 8174002475675105238
140 390 -5665028863857548358
140 391 -7406871145937967182
140 392 4190364305365237916
140 393 7894578747287747272
140 394 5847953299759130713
140 395 1142147162836055875
140 396 -1310247229528989716
140 397 -6126186029686176585
140 398 1864452960536587014
140 399 8157302970464608314
141 0 -3428077564410839281
141 1 -4791091726402870170
141 2 -3259291882072543938
141 3 5493900505104760696
141 4 -6275819683496343495
141 5 2911482703285492256
141 6 7164961551251990042
141 7 -4598882368945834052
141 8 -6890168828938690852
141 9 7733774762475813277
141 10 -4842188390805674141
141 11 -1726639431918979614
141 12 2046133532246448138
141 13 -6160905891219703061
141 14 -8733945818545883019
141 15 6383945575573965315
141 16 1796051894688471782
141 17 -4526425077799377374
141 18 -7660018145917351811
141 19 -2642037179252324294
141 20 -6028797740070165241
141 21 3377338228466084605
141 22 7265108593544721873
141 23 4278698703424404724
141 24 -2101942561399624650
141 25 -200747636818084532
141 26 1651044140734375474
141 27 -6743147589800346503
141 28 -1247667364919156399
141 29 3844214755139702215
141 30 2285976796297297639
141 31 2170778821795070610
141 32 1986940164106294226
141 33 -4012273326507212745
141 34 -851805861097847213
141 35 102739131766328872
141 36 -432992631694184654
141 37 -1557682161764298176
141 38 6288700188926869868
141 39 8090505610517368738
141 40 -180438406890681276
141 41 6352605113509023876
141 42 -7053829861790132742
141 43 -4784551472157683952
141 44 4059869447297432719
141 45 -283384608350729310
141 46 5627027659711457006
141 47 -6000376722718254021
141 48 -3576204132377528374
141 49 -2467147479073307108
141 50 2877325512669503427
141 51 -328315282935208173
141 52 2013532345476806710
141 53 -6895915442296457712
141 54 -6961898095282881103
141 55 -2638714311210732442
141 56 7919509568555310455
141 57 1926574789399962583
141 58 -4931531932611002699
141 59 -2568303069521691209
141 60 4234196367686170115
141 61 -7923911839617623163
141 62 340581855664302711
141 63 -8572122521869337543
141 64 1892157180480595363
141 65 -4596991939667819135
141 66 883683099997212931
141 67 841183315857219999
141 68 8255364576399718626
141 69 -4556725188401746847
141 70 5984291410832710016
141 71 5674870263081536734
141 72 8879157833148392556
141 73 -1004958246662517186
141 74 5634468333806875722
141 75 -7444100985676922548
141 76 4573823835363298194
141 77 -5986667447061270290
141 78 -1608227032704062724
141 79 -7635641610634435376
141 80 5647244132053152424
141 81 -7665275943045493418
141 82 5432100984151450637
141 83 -7981031636961684419
141 84 1652090445619138357
141 85 -7293050260023327311
141 86 -6553047107516140002
141 87 -6903158144375039127
141 88 4157563237066713045
141 89 4687671574850538812
141 90 3144368640359910811
141 91 -3719646671707905180
141 92 154930790605443163
141 93 5542350007703757605
141 94 -8923931801190388511
141 95 1605335989893841069
141 96 3088344933589072720
141 97 -3687797268597536814
141 98 4132164152346389319
141 99 8161748927255783052
141 100 -4481431749807443393
141 101 -7818242012636135153
141 102 -8393330517347520817
141 103 4682443526650991618
141 104 -5690784607112933004
141 105 2266432170031645933
141 106 -86867729970406054
141 107 6681842318438780324
141 108 -815728968894154323
141 109 5878025287938128739
141 110 -6529008255487129243
141 111 5288751269458393239
141 112 -4591654923237381267
141 113 3757445711971614164
141 114 -5310036710600909612
141 115 8081463487596412601
141 116 4414179167555874888
141 117 -3786900619735726378
141 118 5306632842706237790
141 119 5920738064853344433
141 120 3542402299961530701
141 121 -6196817453151149189
141 122 -7082613961113692630
141 123 1158645005091434197
141 124 -7673414023164063364
141 125 6431083147978336468
141 126 7026413187817597002
141 127 6606864022486012540
141 128 5530805670486963785
141 129 5040123330650970968
141 130 1956516502597463410
141 131 -159905113162882070
141 132 1769884235602188413
141 133 -5528865191674168943
141 134 -5178996082759822618
141 135 5815015722657563631
141 136 -1873765920872393937
141 137 -9200909923960126018
141 138 -2505791285123260325
141 139 -2938279200255420567
141 140 -2466763038056653808
141 141 -399422716663391726
141 142 1011597822028085553
141 143 7147134940959945342
141 144 4565598675240152523
141 145 -5188126218433857993
141 146 -2278888918575866730
141 147 -8158818096224743846
141 148 -2563204220153842762
141 149 -738152153096141866
141 150 -9117508869813218042
141 151 3842641024027961120
141 152 -6783625152793584375
141 153 180863617341476984
141 154 -5245460033164058605
141 155 4509460674587736733
141 156 -5925744222199387051
141 157 2237973118767313785
141 158 6528023222844447224
141 159 -6265296425584257117
141 160 6199791060611170096
141 161 -7289144781468136917
141 162 -8265101788631609527
141 163 953016892023110291
141 164 3564712010590195002
141 165 9222180564779967379
141 166 4094147744853709770
141 167 4619498059664063704
141 168 -4897558113227407061
141 169 -1639135543156064316
141 170 3132937148382562966
141 171 8665667061740070965
141 172 8926883838496282036
141 173 -6861612941542864071
141 174 -4581708081558739298
141 175 7143156911577279489
141 176 -1124475187284104684
141 177 -450127969379481830
141 178 4806452276789633225
141 179 -3770655490625784499
141 180 1572662803215394664
141 181 4765624779124543866
141 182 2195166569381021737
141 183 -4589123695171018568
141 184 2820093461836620161
141 185 -6589088746775718625
141 186 1787085258155697736
141 187 -4209352042820415894
141 188 8884418433799062696
141 189 -8603576061485217087
141 190 8145734000703713078
141 191 8387103520945772478
141 192 3831754503285854617
141 193 9015562475650546835
141 194 4557901278121553038
141 195 -1189171995055158735
141 196 1449704738452508119
141 197 -4866834066583141244
141 198 -1507885290660574837
141 199 2454612915360776263
141 200 2524720770569254771
141 201 -5466420740331665765
141 202 -5277103580718436784
141 203 8630666621172306050
141 204 6151863206518758497
141 205 -6610059302174551680
141 206 2063619039967638657
141 207 -4328756376541618452
141 208 8303824517276236439
141 209 3806560401657999809
141 210 8262831155913232878
141 211 8357936052573916640
141 212 4281816379733003490
141 213 -2321558216076483241
141 214 -3381782885593950974
141 215 -4618509656791991664
141 216 3203268566274276226
141 217 -3344656996993364259
141 218 1299568914678242928
141 219 8129063566922438646
141 220 2179413060561528079
141 221 3695003188373497908
141 222 -4054834086575295103
141 223 8311475898587891
141 224 -1332057900067017110
141 225 -984982105648762534
141 226 -7442649317750206980
141 227 -6678735041683018390
141 228 212158437616680953
141 229 -6654819852583092195
141 230 -9178472682471757156
141 231 -9212457962686037579
141 232 5640822828839830846
141 233 -2773719684347006693
141 234 -4971102626320837373
141 235 6129000336766133291
141 236 7105596292510590011
141 237 -7063530297449604530
141 238 4350578929100678808
141 239 -106278131112341065
141 240 5945989643075914905
141 241 8924225635819508911
141 242 -946630944130622530
141 243 -4484802831810495532
141 244 -7187232241032456468
141 245 6777633985883979080
141 246 -2772702963126463555
141 247 -3588812768988465972
141 248 -7710659044613522804
141 249 8929505397823310711
141 250 -6088774150325272927
141 251 7657768353539484988
141 252 -6841464954004577432
141 253 -6198211706638063959
141 254 -3463665380672206928
141 255 -3473051135708948102
141 256 -7880738650737331545
141 257 -1980229417441740170
141 258 -1599497693124413134
141 259 7059246389224353395
141 260 170566848326539282
141 261 -6553626672544437598
141 262 4053702055374133363
141 263 4181844673143532408
141 264 4823779110057388652
141 265 5061706758231189356
141 266 -1697339380219455014
141 267 -515986971767881029
141 268 1914122622359285843
141 269 1668012341699089993
141 270 -6990525809003697272
141 271 721815678407569709
141 272 -1201110797422949211
141 273 8640941696437944206
141 274 1475056087829224541
141 275 3236129533036248733
141 276 1050702049689121268
141 277 8610776798453995942
141 278 5177933384745467640
141 279 7757397895038760608
141 280 -1527778564868658849
141 281 5963935397903336122
141 282 2218022268757428184
141 283 -678974860595725825
141 284 3949901764138195842
141 285 -6621350148311571866
141 286 2798688519865374600
141 287 829722559346383885
141 288 -1675865919048341876
141 289 -6211182052176260275
141 290 6218453157095328202
141 291 -6295349801465935520
141 292 -8920639996339806009
141 293 -1341616099641148552
141 294 250117060314785262
141 295 819843304182768595
141 296 -6649849387892286060
141 297 -1143297469557170380
141 298 2421807838239865977
141 299 -3884877975583897817
141 300 8006326686519353302
141 301 -2174055237181581141
141 302 1555627523422505776
141 303 4874297472204467813
141 304 6954935082353307846
141 305 1697250090133705694
141 306 5292558210456930019
141 307 -8055269814854000315
141 308 4384325049398752982
141 309 6890835668067911977
141 310 -5716959659155211136
141 311 -5479331115849076849
141 312 8843760701146757058
141 313 -1297474191713334686
141 314 -3270964841757757930
141 315 4438958894071306164
141 316 2298202922093475222
141 317 -6449254541611248831
141 318 -4402256377708221602
141 319 -5710361808070656581
141 320 8891599976031191182
141 321 -6755395765042743057
141 322 -5052219871672955273
141 323 4923276668947430815
141 324 -466983367370236314
141 325 5092603312385743826
141 326 2843874939482728832
141 327 111311702018490744
141 328 2471346291068354183
141 329 5889624255858787214
141 330 547617333194956652
141 331 8706712515913030970
141 332 8006816572569392941
141 333 5255416195229161993
141 334 4554444544011927901
141 335 1279422656042836872
141 336 6259043959194854922
141 337 -4655785367006803815
141 338 2442071469508000675
141 339 1236938614071876553
141 340 5694715543165022840
141 341 3082557534291053621
141 342 8782078388649865515
141 343 4198839461370193264
141 344 -4447569895000377457
141 345 -368171749635527946
141 346 1253696451071897440
141 347 3780878157114544709
141 348 1674506750213602993
141 349 3607485559346761637
141 350 -4897466314962216145
141 351 3136236118390074981
141 352 -4422092783231716846
141 353 -3784893640133451780
141 354 8453671846295928278
141 355 -7600106878405884566
141 356 7709250077152945522
141 357 -350898969749490625
141 358 -7179436403243067595
141 359 5852734524442804355
141 360 8967257428337521350
141 361 8562989956816791895
141 362 8261094454778439223
141 363 -565713543826807631
141 364 -6394182910125055220
141 365 -9038466998404699512
141 366 -7705711417964837139
141 367 3997775445708364245
141 368 -7672328735352305748
141 369 5985202036674553531
141 370 5731048158776206582
141 371 13222647206272298
141 372 -6333280103578295553
141 373 8459865459115010963
141 374 3049361579743493715
141 375 8283268457968966733
141 376 3996082119749256961
141 377 -7243440179924566934
141 378 -6562843055410542217
141 379 5273635540094748446
141 380 -2919841034629085531
141 381 5160100857811160400
141 382 7716179194977299430
141 383 -1633686517504629525
141 384 7065130389922841185
141 385 2195542643896725950
141 386 -9056402595326848511
141 387 4446581832873530765
141 388 4255304021496415256
141 389 -3272221155346586258
141 390 -759663282975021972
141 391 7958951125894343058
141 392 -1139279217586179585
141 393 8672856057763364150
141 394 -7475554759188821621
141 395 -4735603327173859220
141 396 -7850382006467039664
141 397 -7528564085130459599
141 398 3284960356318422011
141 399 3094316715085362241
142 0 -3930981076954352646
142 1 -2678310022117795172
142 2 -3959539433233430520
142 3 7918259258476738366
142 4 2561322249096298583
142 5 -2767204715944565291
142 6 -989340968242957811
142 7 -1252194195188122371
142 8 -8334723751881656383
142 9 -2364421913666605630
142 10 7996229307967077569
142 11 -8868187391209531671
142 12 3871002412647689315
142 13 3107923711457336121
142 14 -1819942132685572182
142 15 1679799224220301522
142 16 2237023976978287711
142 17 5372262512278887783
142 18 668062855068826582
142 19 7855426433402158503
142 20 -5646928071404537359
142 21 2041163608848184512
142 22 -7572656247735788577
142 23 8244661323341630625
142 24 263329986455918048
142 25 2290704054593198598
142 26 421029993763552333
142 27 6081249369548513635
142 28 9081111662001237951
142 29 1392793679095832199
142 30 8269125615361678494
142 31 7369539016174225772
142 32 -4609236912862788553
142 33 1237646028665506028
142 34 540606317677850626
142 35 4330896186142301778
142 36 -2502756586241954974
142 37 5088493038620057760
142 38 -6528130058174722368
142 39 -5195272593689193095
142 40 7514424454973980591
142 41 -1526115631313093011
142 42 -155045769363950823
142 43 834516200031740707
142 44 7282954945639263975
142 45 7677153276572078489
142 46 2494405838944946502
142 47 6444659057860698588
142 48 6498628479170432002
142 49 6839928815923719681
142 50 620404792027383596
142 51 -3172830066034267763
142 52 -5617081748365485876
142 53 -746399785062936175
142 54 833715424910443895
142 55 -7210429272533170661
142 56 -3493050123463683881
142 57 1815848399214660077
142 58 -3577392812246196822
142 59 -4519680161850623011
142 60 -1604138149620530470
142 61 2028649090528989631
142 62 -6853239464816970234
142 63 -7679623084206294388
142 64 -1944112644069494501
142 65 3556271755536301519
142 66 5828413128757583073
142 67 4087157140011593055
142 68 -4662131357170789651
142 69 -1655530830788125548
142 70 -4778824268161145601
142 71 -1143611711448822201
142 72 3690427234218604093
142 73 -72991000888506696
142 74 753402761748023169
142 75 -1275862830951234606
142 76 -7841162426838195065
142 77 3734953965269290709
142 78 -3899976971602491423
142 79 -9139943578642307050
142 80 6791413778708414201
142 81 -3720830195715799244
142 82 9104003337165579422
142 83 -3714922779626564827
142 84 -7421637079339301286
142 85 5548186557146988682
142 86 -5418533664864178312
142 87 -7652878985165259291
142 88 -2872915702670850469
142 89 3898211870979312336
142 90 432287479252628591
142 91 5382377095148422106
142 92 -7018065939774488416
142 93 -2249663658929266534
142 94 -7495294677254183023
142 95 3805402207417519502
142 96 -8220922770567249300
142 97 -571239898863963933
142 98 9074839232999090742
142 99 2836300226314888560
142 100 -3455683017986115022
142 101 -7044847312227488700
142 102 -5296380377798755011
142 103 5075243834065154791
142 104 -5430075037752183730
142 105 1534573205921886164
142 106 -1361923559402884687
142 107 6904280335563757572
142 108 -4018455020679559507
142 109 -402346868707307124
142 110 -7144063208653846973
142 111 -1475130200092659964
142 112 5672773877442597145
142 113 -426980772232033860
142 114 6717653704506181319
142 115 6242367735858999557
142 116 -8102015077658586279
142 117 -7561146961789723310
142 118 2369831778231453871
142 119 8433009587638828757
142 120 3305401159766564959
142 121 8123960111036733657
142 122 -3345604715030323417
142 123 648431306704775078
142 124 -1791901972400413299
142 125 -8470238454156766381
142 126 2951329543204280071
142 127 1512853892626038428
142 128 -4341277496070863394
142 129 2965315764385739270
142 130 7038182779971026259
142 131 -7954435257444492027
142 132 3042735261431654840
142 133 -617500761986849130
142 134 -7070333857468321136
142 135 -8500499834706089717
142 136 8632016684533635684
142 137 -3096256996895057559
142 138 -6663451967984540609
142 139 -7732825744153356689
142 140 -126554003082268504
142 141 3334501670961055132
142 142 -4568038270378181274
142 143 -691428253980467097
142 144 -1431544656667513236
142 145 -2606201602585955600
142 146 9043582172335109340
142 147 7598181397994840784
142 148 2279821063914887575
142 149 6450394449235730432
142 150 8809448816059622007
142 151 7556417662927435794
142 152 5290769458473074172
142 153 -4221877599776845695
142 154 8320411918237906721
142 155 6552118421384591681
142 156 -1562508002579538472
142 157 3248396381270162612
142 158 631385693650116931
142 159 -7139151788447145688
142 160 -5158672392805731478
142 161 -1068679843974357212
142 162 7187281059521685316
142 163 2214618030616074975
142 164 -7858716524224502747
142 165 -8655414361148198300
142 166 1376393136392324406
142 167 519940263782811292
142 168 -788851371442337439
142 169 1605799189044371499
142 170 3354401121134446274
142 171 -4605677124878031796
142 172 -15628538526208463
142 173 6479498364934826355
142 174 -7555473342660520731
142 175 1049562397729114561
142 176 -1237186851176857146
142 177 -5184313385998947605
142 178 -4695745787443757732
142 179 -5848717500927942167
142 180 -2692027984195399842
142 181 -998872981936159682
142 182 1752560060611002532
142 183 1498681066906456245
142 184 8776557131159631424
142 185 -5570496790262531219
142 186 -3266760606627916015
142 187 -1788911021097237009
142 188 -3075200426419018195
142 189 143636321160506549
142 190 2804226668742301342
142 191 -3004158404173760022
142 192 -8216290229548184138
142 193 5425496632294222499
142 194 8812144566870014416
142 195 4577441468560028221
142 196 -837271819413591954
142 197 807326067432649982
142 198 -1320632032063403984
142 199 -6097709256054166393
142 200 6337709574988386076
142 201 4530121034682865351
142 202 -5604702176195909376
142 203 3257837191388225539
142 204 2604136222466403386
142 205 4121858160660141981
142 206 -2793386502873012834
142 207 5639872744667856250
142 208 2230153146662327151
142 209 3863923258996233199
142 210 3469628813292303594
142 211 -7825643929869113341
142 212 -6337668939247045017
142 213 4072338535533464471
142 214 -8068795230803303229
142 215 7941979528482363588
142 216 5741869725146804749
142 217 6610957344540012849
142 218 4383219142536622540
142 219 -5250529199164033140
142 220 3352342952856925929
142 221 4454307297150737646
142 222 -6774604513390063076
142 223 -2045033853659410469
142 224 1727503628445662384
142 225 7915262682874205392
142 226 -2563517720440486885
142 227 -842519506006545791
142 228 -7419161218478408121
142 229 5557676995403810049
142 230 -8447441017197846162
142 231 -3279115945772196409
142 232 -111613412749264668
142 233 4546419958372888561
142 234 -7542794892341884517
142 235 -6262021748234131287
142 236 -2893564869223352779
142 237 -3334245381356460129
142 238 -7070633376547328925
142 239 -5822576372011657775
142 240 -4335865525424409528
142 241 9045847789725152396
142 242 -3040830726715402622
142 243 -7307073814656221962
142 244 1812389599760336731
142 245 -2459713555519570852
142 246 -8796446562139590098
142 247 -5098745593367290814
142 248 4868151922046806676
142 249 3757842659944520193
142 250 -8311599606657457282
142 251 8060785376266149111
142 252 -2729124154166290375
142 253 1560413758923794773
142 254 -6589615540329538073
142 255 -6577640364879514183
142 256 2155064416718330120
142 257 -7246755636669978941
142 258 -8141615042108844993
142 259 4375213785552153487
142 260 4273408018022267467
142 261 1268512640170935843
142 262 -5275243994180662327
142 263 2337177269472297346
142 264 957567331123498181
142 265 5587516338047567081
142 266 -3304943058695934979
142 267 2846088598726882118
142 268 319487381709661630
142 269 4624745449765723832
142 270 -1659476606183309157
142 271 1431821547966432127
142 272 5325395945404978540
142 273 5364510508931256698
142 274 -2723219981173102041
142 275 5440347184198199563
142 276 3538976368282629586
142 277 4031378767255721819
142 278 2473310195165541783
142 279 5493725305442190431
142 280 -7479708297578634422
142 281 -6009533373207291982
142 282 5205008542463915567
142 283 -3171397592703255542
142 284 896864319435258767
142 285 -5282096712609188955
142 286 -6396321814337331711
142 287 -4778563569407967862
142 288 -5034890261610142422
142 289 6100042142213592655
142 290 4787093614327110828
142 291 -2553860853745654749
142 292 6037756212939622461
142 293 9056215157438916018
142 294 -7624749188821683804
142 295 -7006826304408730139
142 296 -3732019331187348252
142 297 137605063707825449
142 298 -6756611738311856502
142 299 8382893900978966057
142 300 -7890897835262408505
142 301 5317311674204369793
142 302 -8139279487066769572
142 303 5155790505060367845
142 304 2818731125547027451
142 305 5775372358128184706
142 306 -7736827970871541096
142 307 -6595311652958822522
142 308 -6198259453351021152
142 309 8749506263299781440
142 310 -2761839903074326990
142 311 -6884019972172598762
142 312 -3385035263673746056
142 313 -3369733732417289513
142 314 2246200184559848625
142 315 -1181480760193769084
142 316 -3627309356187249083
142 317 8549388181842187336
142 318 -5759707060350010672
142 319 -6767995166693246051
142 320 3142644066273280870
142 321 3147328843909022978
142 322 3970899190956597138
142 323 -8595965432651043840
142 324 5775827535552742242
142 325 7504805549669199275
142 326 -6746276331184013255
142 327 2301623972588362379
142 328 8743651097918186428
142 329 -2310373908965372954
142 330 -6194820085625940764
142 331 4041897539988671476
142 332 7974904855751845958
142 333 -7415028066080072868
142 334 1745390942819618192
142 335 3356620138856377022
142 336 3586736369988936198
142 337 2325825881556689701
142 338 6647412122877160949
142 339 -4974751935417173868
142 340 516932513599684408
142 341 -2096027163248239022
142 342 3148506074335679361
142 343 -3730110700447173102
142 344 1432356347051870992
142 345 -8062373262921583268
142 346 -8334175983210623721
142 347 -2412404945743724478
142 348 -6401001566612705600
142 349 2374716396353380598
142 350 -3717391957643865177
142 351 433943073546847308
142 352 5274902849831731803
142 353 -1572463948034013979
142 354 -2244263685477782745
142 355 9056685823391333137
142 356 -608610956269207908
142 357 -2778322197521794745
142 358 1641234107815310432
142 359 5916598718978792975
142 360 -4179796231657697561
142 361 -3049112893808892001
142 362 7211058282839089389
142 363 3423195649797611445
142 364 -814486244463968546
142 365 -6747787129144419525
142 366 1484346040266069021
142 367 -5088496897990580267
142 368 7450229477146907418
142 369 -8745496905703017227
142 370 7860425485925549755
142 371 2433776719874048154
142 372 2369984449709420502
142 373 3367333080715652430
142 374 1015446236920912480
142 375 -8652856528258375269
142 376 -7002684284641229576
142 377 3632338128203549729
142 378 -6885072334561022587
142 379 -850150823156570374
142 380 6740637028895911553
142 381 8319231606006198625
142 382 8933303900458527659
142 383 -4603247097554851699
142 384 -5354817863108150966
142 385 8406316689619734240
142 386 -5288811303449904905
142 387 7577499300572315749
142 388 -4438584624272714868
142 389 1840546436262878448
142 390 -8978797108946041369
142 391 -33979768065779239
142 392 3908069078286495225
142 393 -9157310039452580900
142 394 7281773078847486645
142 395 -8301505833006969967
142 396 -4425412251117644132
142 397 9131292269556612464
142 398 -4009913025446362275
142 399 -6742572890995919792
143 0 6581779550163198117
143 1 8406972980090596054
143 2 -6851505264276348124
143 3 7957031471405070085
143 4 157991211805679215
143 5 1066544576767959592
143 6 -1459965507439745078
143 7 -8839739118343320990
143 8 6534550604718156158
143 9 5549831614647279820
143 10 -3481297423943494044
143 11 8440587715492856279
143 12 -8812006857812193891
143 13 6361106786932590878
143 14 -8898550951744713328
143 15 3731621105756634974
143 16 -4575872056893257850
143 17 7220371051023759454
143 18 4829727366973952540
143 19 -3683613423843921054
143 20 3474091854999084877
143 21 6840344657627560731
143 22 611918943709325906
143 23 -6728580645132140819
143 24 -5252096757933896046
143 25 7805277314826131882
143 26 3295339594724674669
143 27 -2222804943465600259
143 28 -744977627299802543
143 29 1095851248727083546
143 30 5333203770622422926
143 31 -2185091392263310039
143 32 4031476893366087779
143 33 -1792008122185495964
143 34 -8555608811817851800
143 35 -7441824225987736517
143 36 -7024199389639876761
143 37 3884874149960726869
143 38 -66354813983197389
143 39 8608344835726663963
143 40 4917016688479316768
143 41 6577382430581572692
143 42 -419989647815493987
143 43 1209746896880710359
143 44 -1649608286627654956
143 45 -7499571511395460918
143 46 1931821971796181492
143 47 -626053618073579254
143 48 9020194900653901843
143 49 6590508858624588514
143 50 -2494877549171821117
143 51 -2748115593929648915
143 52 -2408399908437550985
143 53 -5648047183303470611
143 54 7477761496774107629
143 55 245185526858133989
143 56 -8534299903884848475
143 57 4009428836347788615
143 58 -1187860008096278219
143 59 -8639165360381747098
143 60 -7697389586489081288
143 61 -6172838233415344362
143 62 1724949774776861118
143 63 -2046461028072068525
143 64 -6663585390015891933
143 65 -8942261846779905752
143 66 5286582018978270111
143 67 -6212488389752269919
143 68 4482827534011012640
143 69 8032589606982487778
143 70 -8912496785226787740
143 71 7577087303869781635
143 72 4209144501946915414
143 73 -172119638675789653
143 74 -7315599758113910808
143 75 -3566552039106193761
143 76 4328971506587384275
143 77 -1706265129341756295
143 78 -5760645532064735883
143 79 2934878517693483172
143 80 -943542867851542572
143 81 3590285150210590331
143 82 -5989859058241886633
143 83 714513233912613298
143 84 2003111942148167577
143 85 -8815544346762738514
143 86 -4647759263726441088
143 87 6319911465081108401
143 88 -4405493597327967419
143 89 -2318870159338480196
143 90 -8251783542059637425
143 91 2002349081223976924
143 92 -8062518717031461242
143 93 1286278514698242143
143 94 -610422232788368463
143 95 676464737704657635
143 96 3852724981123033371
143 97 -8025708818899147798
143 98 -2479284697511609308
143 99 7486794914681994294
143 100 8686334031742935796
143 101 173632839362208328
143 102 6837555839809262475
143 103 8654221165043011676
143 104 198180353489694951
143 105 -2307752672665666263
143 106 -7911666118962395194
143 107 -7583380644998511803
143 108 -6023374823302518596
143 109 3437055068835997726
143 110 -6279531283523801775
143 111 901431069376034787
143 112 5724083067538884949
143 113 -6599152749279890533
143 114 3031744476101709265
143 115 -2926660903912999890
143 116 388295470468268199
143 117 4378200748841540039
143 118 -2740694674104968911
143 119 6832454755247280899
143 120 3118664973938602016
143 121 -7119302862648810151
143 122 2497675449174185954
143 123 -6421432528872856040
143 124 7998710706191332215
143 125 6157700452058012905
143 126 -8648432049968774461
143 127 7448464099871162975
143 128 1156263484808666127
143 129 -5534236034661981082
143 130 -8907301394254923997
143 131 531567211599821406
143 132 -6107286368647434511
143 133 4992320780061783175
143 134 7056652636372084517
143 135 5919126447119307733
143 136 -3738791888280265478
143 137 5965247192478182844
143 138 -7230282587600365449
143 139 -6012133893931997025
143 140 4906110634009732335
143 141 -1878808343662306678
143 142 -3970308708637878969
143 143 -5823652990428870528
143 144 -4558060274179541122
143 145 -7795880453102375318
143 146 -3535384542219101275
143 147 -5378137135604759766
143 148 6112725142698150190
143 149 7135916861852542442
143 150 -6692017520827758681
143 151 -4449496775436679337
143 152 -5186805467379227781
143 153 1342051454482011600
143 154 2014731458920609017
143 155 5945529644196419702
143 156 8153470922255517516
143 157 4461874613789589847
143 158 -7982957213312591878
143 159 1627735923578336566
143 160 2090696982086401322
143 161 5720292663035558943
143 162 -8816102630101290295
143 163 -2985677825942013590
143 164 -2363064702941275517
143 165 8673523742858973862
143 166 -7722256106097052163
143 167 6597611333860548148
143 168 -1659020328611037953
143 169 7487788628014375211
143 170 -4628019265020535114
143 171 -7432915680125304360
143 172 -2398315576362904366
143 173 3090086568651806941
143 174 -6267759076592675236
143 175 3901587268089508979
143 176 -6678587470087826907
143 177 8968812009751089816
143 178 487553312489081100
143 179 5055174608085419020
143 180 249868121591263996
143 181 4963829380761662769
143 182 3757972123370435540
143 183 658501250566486984
143 184 6263409359520095557
143 185 -8844935838809609209
143 186 -1356811100380942009
143 187 -7212895000097102299
143 188 5936208417220712127
143 189 7982067865654768455
143 190 -9041480059556007688
143 191 -4568794960984495001
143 192 -4208967213590710933
143 193 5715805959466108083
143 194 1857523325048648329
143 195 -7751663699602839966
143 196 -5723557470634978005
143 197 -920219493073188528
143 198 -9128409766844879594
143 199 -4191784090871353611
143 200 -5303630070507620002
143 201 -4059442057881830251
143 202 -8668282337737255137
143 203 237199311389284482
143 204 7122054015181074000
143 205 -2134540844699889911
143 206 -2372876865912172493
143 207 -1165143994465040728
143 208 -6799483500552856806
143 209 -7156456688715099053
143 210 6991035501015659666
143 211 -9122619000982451007
143 212 -7867985425178972500
143 213 -5370465108145205060
143 214 -2558205963533466653
143 215 4292808771174790392
143 216 -2279421431736249341
143 217 4065378186692460067
143 218 4693546943875157047
143 219 7921034634218617915
143 220 -4297087097461193389
143 221 -5544573125410600383
143 222 -8986004595886530042
143 223 -2650027076867486765
143 224 4850384072488882672
143 225 184335480948328464
143 226 -5860259096892546568
143 227 5062234802985537801
143 228 3811641095782146786
143 229 -4776004535047168172
143 230 -6059056468777619910
143 231 -1473188892993689650
143 232 5395285391271949616
143 233 8704316754211599469
143 234 -2066917605420415585
143 235 -1734960615992799909
143 236 3764422638872043094
143 237 -5442451828826860661
143 238 353963197338939837
143 239 -4748445612164142384
143 240 -4057705785070590061
143 241 6726403450294137563
143 242 -4808247661531922093
143 243 -4016840571870495648
143 244 -2211307853197459802
143 245 -1608684075463083025
143 246 -7235551381830702199
143 247 2551778586964045442
143 248 -2152903840436487014
143 249 129340504401640352
143 250 -8862230989571768646
143 251 5145999166703212880
143 252 -6043355288081178911
143 253 6645617587122336355
143 254 4861050106400330655
143 255 7383480383354479478
143 256 2948496443165119719
143 257 -1019219738443867093
143 258 2101396064389539434
143 259 1641038009935083879
143 260 1855859081343178183
143 261 8928057568574227744
143 262 -1073467799040559101
143 263 6861091301380485271
143 264 2610609163489510255
143 265 -6690491700337465768
143 266 -3646466325473546394
143 267 811234559698675109
143 268 -771848756475669604
143 269 -481038388068661716
143 270 3108238269823231180
143 271 808475598441419229
143 272 -4975762309803783575
143 273 7732548322102089681
143 274 5007079467919458334
143 275 2961930108536269186
143 276 -564686660682859803
143 277 2421157300134754935
143 278 8432095861533945798
143 279 -5527295547348525928
143 280 -2625711960135225115
143 281 4787347139119087657
143 282 -5326464811243378624
143 283 -6622976850519853539
143 284 -5255089507463201454
143 285 4321391489321297471
143 286 8199187145670779338
143 287 -2458155621082478133
143 288 -6989824400630031189
143 289 -6182975864727669168
143 290 -4553782735701706700
143 291 -1178252651335034641
143 292 -5638897351330069141
143 293 4431975244070923614
143 294 8021138643009032620
143 295 7524154938927594837
143 296 103373321063874625
143 297 -9027072892862813928
143 298 -292824542968094149
143 299 736890951123801652
143 300 -9004307377131328369
143 301 -8625127897355846325
143 302 6113695865825614421
143 303 -1693780500302711372
143 304 -8810244073113420811
143 305 5371564018008382672
143 306 2496405587622887269
143 307 -5387468906443975365
143 308 -197827141377252104
143 309 -8433455740427391117
143 310 4465182992123878199
143 311 5464912714468754437
143 312 6641437218843725607
143 313 -976541868349187157
143 314 8660992531396957876
143 315 -5152548406397244263
143 316 -8365760834431095624
143 317 1394605361142871544
143 318 -6122103145280788041
143 319 7927173177877747259
143 320 4444317044991717799
143 321 -6880229020732382467
143 322 7898739790568744979
143 323 524776915114821778
143 324 -3146982180464608523
143 325 7605701643979678379
143 326 3835099404548167326
143 327 3415263818445653598
143 328 -7739935076764594215
143 329 -7332189032418016751
143 330 -8572980106866154729
143 331 -598076310899464687
143 332 4277719497998405839
143 333 -121202114907602544
143 334 -952603744428882917
143 335 -2921207632489537380
143 336 3747207425781668399
143 337 -4993069932082328457
143 338 2301589684947532385
143 339 -2079352077728000743
143 340 -8830078000636907291
143 341 4198253949759443644
143 342 -3473642213299862857
143 343 6999210856100168736
143 344 -7492154073428662963
143 345 6375308481978523234
143 346 7209007024438343694
143 347 3220423463352600066
143 348 7597896929766690434
143 349 1405665886759004849
143 350 -649882166218711177
143 351 8702757318393679970
143 352 4151052128289750910
143 353 8150564227266891019
143 354 -3623366334159327183
143 355 2943004734813210877
143 356 -72794145407564403
143 357 2792765300027084847
143 358 8306989323376876338
143 359 2193677481287048373
143 360 6940271176020002365
143 361 2271106588245688007
143 362 -326649196483863697
143 363 -1253268513347098728
143 364 6388070802488430580
143 365 125783588089866492
143 366 8965210372100302070
143 367 -9181194666089971578
143 368 -4817342374346539070
143 369 -1199365926561993219
143 370 3482633081687075401
143 371 4934090989646747444
143 372 5291616188983853456
143 373 9033281988911424833
143 374 6965000870199825456
143 375 9194330015722408479
143 376 -4876963111509655879
143 377 -1882767726833609501
143 378 -4757568340208325142
143 379 -4046068591224524514
143 380 -271907210974260842
143 381 -1251518340310463276
143 382 -6693845262544916480
143 383 -6203691877569192122
143 384 2203810710011994026
143 385 8521989559257512253
143 386 1865236700460109834
143 387 6025742262910149129
143 388 8734133073767155554
143 389 -3584848912676428612
143 390 434500772985039381
143 391 -7874400166469590683
143 392 8771898709586547008
143 393 2848967932101393502
143 394 8690028781213104530
143 395 -8908085441409433848
143 396 -6579728391244062324
143 397 -990858172394321895
143 398 8050388622016988838
143 399 6303837828376253809
144 0 7424840789711705127
144 1 -4688734406978513851
144 2 6881340233777068017
144 3 4510127772219581132
144 4 3384376005867577906
144 5 -7323414974657142237
144 6 -6309832270498900967
144 7 5961849454700127618
144 8 5299158756126616532
144 9 -7154540085304266534
144 10 5525778042597098438
144 11 -134302814887678323
144 12 6615521641963979635
144 13 -3845709704548399260
144 14 2188018477165546177
144 15 -1178059809229294092
144 16 4579309142375286937
144 17 -6565028034103529263
144 18 1591583804594951263
144 19 -53711249626146502
144 20 7736478801121888511
144 21 -7709463360727416659
144 22 -1157448427159083811
144 23 1559889597354835674
144 24 -7686330674674623409
144 25 -3267325341972030994
144 26 1789446664896720638
144 27 7953815778141117245
144 28 -1229231861912535374
144 29 4014084490265144488
144 30 -3046049951320770303
144 31 -8752388591518130842
144 32 6018711142702577892
144 33 4776521672179596951
144 34 2794471487964845586
144 35 -5189165795431875376
144 36 7780305568571024953
144 37 -5573284742016605074
144 38 8053745440909433457
144 39 1999378791360319140
144 40 5439579838050391214
144 41 -3754131293921111010
144 42 6281291519006030955
144 43 -7632503383269816998
144 44 -6851132827261052604
144 45 3461087548503101870
144 46 -1464013192597202753
144 47 -9076023426399275736
144 48 392174738456486938
144 49 -1647461195496868291
144 50 -4567900525168549761
144 51 -7143745812586691936
144 52 -7668141929808688758
144 53 -8894009487314084499
144 54 4188659470401962469
144 55 5709606902550842770
144 56 -2524690253781146585
144 57 -5735871059471497973
144 58 -5134574944038156983
144 59 -8709569781762562786
144 60 -7524243763795295999
144 61 -1063278057380100030
144 62 -6190337154554037543
144 63 -5133672417304403267
144 64 7805685931545995678
144 65 3795503853300438390
144 66 1363495039478349107
144 67 4939273583013918030
144 68 8585886477301902937
144 69 4675078517688048513
144 70 -300478742856022689
144 71 8861262713720056533
144 72 -2965183572217346750
144 73 3762435136987406305
144 74 979268037886929842
144 75 -63847080702691181
144 76 8521698958554977786
144 77 8881493876034284096
144 78 7638665792443136808
144 79 -6380048642568611249
144 80 -2660848921564678697
144 81 -6687015042774259474
144 82 -491518196477553332
144 83 -2145732809718429468
144 84 -3786142083865511421
144 85 2832572655454808662
144 86 -4337746694032423186
144 87 2727088866646971013
144 88 -9042329249282919640
144 89 -6671277705913063935
144 90 -1590012614679642884
144 91 3993958536570665949
144 92 5466695887833299759
144 93 5594736715586495268
144 94 -3335137463639291566
144 95 5231068309603519693
144 96 300972849615410728
144 97 -6694310760467085466
144 98 9195056148310102977
144 99 -3497992320982405733
144 100 3145734263835128207
144 101 314875007239950430
144 102 -4553612045295899369
144 103 1663861451248304910
144 104 -202963634858912680
144 105 6502037514070836940
144 106 -2492479951591540350
144 107 6584166568495748985
144 108 6412219600630257353
144 109 -7250811053701612400
144 110 1849124760130820574
144 111 342771947023618464
144 112 2433935146790979400
144 113 -7537785355154406084
144 114 -2215199950250898056
144 115 345147789343504257
144 116 -399106883441831776
144 117 7395717557878685784
144 118 -7431768914033502275
144 119 8235849055475853428
144 120 7645618706547721887
144 121 -5494988697851673974
144 122 5139645238356658406
144 123 1545168105641967899
144 124 -7855085743937402270
144 125 -3654010410014007451
144 126 -7572912555640083535
144 127 -2323069409211066217
144 128 -8189083610963330602
144 129 3499254327240028584
144 130 -218775730377676998
144 131 -1438600690025429474
144 132 4994533198054972394
144 133 1955647080781502556
144 134 -1177620016798024178
144 135 7696263108266616566
144 136 2956721741958075673
144 137 -7832511652784392258
144 138 3728866250671839634
144 139 -9002776476682117150
144 140 -749311754797092263
144 141 -954265288365884005
144 142 8555213967464638811
144 143 -1038267089391216253
144 144 -7906769308608905710
144 145 -2569928097715991683
144 146 -7202342688975176575
144 147 5473779968605698539
144 148 -4857586953388657078
144 149 2385925637481090992
144 150 -8123099638607930487
144 151 2013775461790133224
144 152 686114264823406525
144 153 5755137612771061068
144 154 -5709857194499596121
144 155 5549945536797128286
144 156 -1744484647884514805
144 157 -6605689157499264245
144 158 2030114419225111104
144 159 -4165621453889645354
144 160 8447388902620228086
144 161 5636869284219665781
144 162 -6900845633299956756
144 163 -4576285952521439688
144 164 519610249270705435
144 165 1661110360847681854
144 166 -7327245135640825463
144 167 -795554173166512044
144 168 -5282017451034816078
144 169 -1276217663401051096
144 170 -2268100867744051771
144 171 5923586052081332466
144 172 7775170483591941275
144 173 -7374957026911737
144 174 2878523072227029227
144 175 6732915421358162517
144 176 -486017952456494842
144 177 -89496643292452478
144 178 -4621041303219255195
144 179 7524175341249258196
144 180 919518292995880442
144 181 -2800701136495318385
144 182 343690995634223726
144 183 -9092009865280864293
144 184 -330038173056450923
144 185 -1889805752748325436
144 186 4327798162349584248
144 187 -4807849575479945172
144 188 -5560277348897773083
144 189 5101558033226353453
144 190 -4341461760487973036
144 191 -6589913750206909178
144 192 2226897321576668243
144 193 6909868154132191666
144 194 -6106437949431498703
144 195 -982706570941427349
144 196 -1610313189766582997
144 197 1914083864932587498
144 198 1088661751786286186
144 199 -6907775835978360317
144 200 -6285223653329889859
144 201 -7230569487304147634
144 202 1365710259907371495
144 203 6184434208464422149
144 204 -364942542786173594
144 205 6898743946123395019
144 206 9005984358466776237
144 207 -3111705395171097782
144 208 -9013478989552726255
144 209 1099175034400220994
144 210 697009430641196912
144 211 -6295898086577805703
144 212 2201139400978666197
144 213 8355489994889738928
144 214 7860305727457770688
144 215 6273808672695438627
144 216 1269988176893807
144 217 -2174066520283248215
144 218 2461529596605889434
144 219 -6178058292246459945
144 220 8437694648980645617
144 221 3826288392233677361
144 222 9050355011306501185
144 223 4705702216742795494
144 224 -8866732207024650491
144 225 8062186704696561351
144 226 -6168518728615139297
144 227 -3903024481374268892
144 228 -495191065249708962
144 229 -654348335011113096
144 230 -3326176839313968157
144 231 3132744416890198429
144 232 2330083579414490747
144 233 4896918094019564245
144 234 -439251319299360857
144 235 -3712512115605833857
144 236 5435921836507147612
144 237 915382754046652340
144 238 3419197295093823675
144 239 -1240572162866724780
144 240 -1470069203452014555
144 241 -6121118279571259755
144 242 6339641991355140165
144 243 -253667138302126276
144 244 -3377668296270293462
144 245 732326805232531397
144 246 2265920195102009196
144 247 7012069349165525149
144 248 9063699954492377410
144 249 -8100743697680510781
144 250 -8473265553177471803
144 251 4192611056905314868
144 252 8160645642886053991
144 253 -3398849868935384089
144 254 7474067798366660095
144 255 -6544612642998894005
144 256 2669609198377922821
144 257 -8148592526308009239
144 258 -4691185883774379219
144 259 -5922875322407358339
144 260 -762750708005761699
144 261 -8200999182908185597
144 262 3079223471210082612
144 263 8829388038496762583
144 264 7121378913261224827
144 265 -6351260030395167426
144 266 -4084339761169146323
144 267 -7890257723577577399
144 268 4312776006668135143
144 269 -7601979478219324559
144 270 3685977724024894660
144 271 1782052848429782813
144 272 2375199642519965572
144 273 -2287772247804572036
144 274 4742009672311104708
144 275 -3672499913735591999
144 276 -815307980298890914
144 277 5129881318067252989
144 278 6354679497377656434
144 279 3382590252006922566
144 280 -1708968599353426856
144 281 4268383189445273871
144 282 -1645470552206254188
144 283 -9223150353043560236
144 284 -5530408419275555216
144 285 -360082296386859035
144 286 -8113166895140271962
144 287 -8007527257845313573
144 288 -7393264407349538555
144 289 -4994108848810454091
144 290 508022613129853168
144 291 -2892812103910435581
144 292 -51591775795907708
144 293 4877730796113663669
144 294 -3204232986516665663
144 295 -7512629726731941528
144 296 -9007763336589772714
144 297 8709849073254795903
144 298 -2668192003148175070
144 299 -4716834890521525169
144 300 -6200638832463286474
144 301 -7823237995116473128
144 302 4463644682320555428
144 303 3799180324196743389
144 304 -2346300014813682611
144 305 -7774060071166574519
144 306 -4143339776048951712
144 307 1423019223390598806
144 308 -1228932893898079977
144 309 8117408799330134381
144 310 3690423193695928436
144 311 -409488433253536300
144 312 9005008066477620408
144 313 -709178586981018753
144 314 -2916565953909140324
144 315 -9201422126207971922
144 316 1905067964039385975
144 317 3319778632661344727
144 318 9190929526378575006
144 319 3680856802722486951
144 320 -3532537248698556026
144 321 1031568901161321585
144 322 384815045531639514
144 323 6943178969359176801
144 324 -316447151534220283
144 325 -6338101188083694462
144 326 -8746606919140747794
144 327 3977162859664392323
144 328 -7359534722931434269
144 329 422067676938550144
144 330 -4021367189936021992
144 331 -7673678980798006209
144 332 -6535765416780362018
144 333 5922500385516963485
144 334 2848717203539029200
144 335 5172396870174110028
144 336 166202297863921269
144 337 2941682136923028931
144 338 -6896214892491848532
144 339 -5180956457940396265
144 340 -8305788800752798632
144 341 -2863945026031561256
144 342 6442325861260994920
144 343 -3371276338949346774
144 344 3976501784508731362
144 345 -8526796313991655271
144 346 2900658327779535515
144 347 6906662253717779465
144 348 3492358036256365250
144 349 8324082668466674983
144 350 6500648011249634518
144 351 -6657477369649783922
144 352 -2889555748393863363
144 353 -89418168914566477
144 354 5619912234642166627
144 355 7052382856311308882
144 356 6854834480383661957
144 357 8782975972431334682
144 358 -7019980305301313743
144 359 4118746935055393667
144 360 7157673073023696014
144 361 8906774365161965662
144 362 7939367591749110745
144 363 4208035176859267414
144 364 -8119260537052801055
144 365 2868059660490089368
144 366 7594446995405932808
144 367 2316864685878885830
144 368 -5838763252173180725
144 369 -8363235335045519021
144 370 -1609970870639815860
144 371 5160357115074551654
144 372 -6177060634742313715
144 373 155060956037326727
144 374 -1503930323922612098
144 375 9177278205875849070
144 376 -5831043817688454263
144 377 4778920193640894598
144 378 -1781130789700203488
144 379 934027511723102801
144 380 -8455122928407753942
144 381 1252561319643522604
144 382 8203124181123606918
144 383 3431461354081588230
144 384 7334682247086325810
144 385 -4757487670919510838
144 386 4249355126873633325
144 387 -3302283483519372671
144 388 4029559574365310818
144 389 -902628564526084938
144 390 6445658548732211153
144 391 5457913371287010182
144 392 -168422141433647959
144 393 1330354780614501406
144 394 515018323449898933
144 395 247882183312946367
144 396 5885981604844966625
144 397 6023469787930355251
144 398 -4208367423520669448
144 399 -3916432508481209381
145 0 -8146095609584115935
145 1 -1284649807562114993
145 2 -2326357875350638608
145 3 -1157587894159643516
145 4 8377191503447491668
145 5 2491922883161734944
145 6 -2086999313535774888
145 7 -2182794942582483138
145 8 1143753539367392015
145 9 -5803700690271256999
145 10 3893403041659152562
145 11 8647054481317438516
145 12 -6932555676575684676
145 13 -8092104567943077404
145 14 -2041182495404512727
145 15 -4235567215456468693
145 16 6052113056521533953
145 17 7914359755308272470
145 18 -1523696954371844386
145 19 -6065136302773545485
145 20 -622039399372962628
145 21 -6202864468155533780
145 22 2912166863734020071
145 23 -3192896508271416366
145 24 1504623019998531568
145 25 -2009492711042211688
145 26 -8843254969817708357
145 27 5964664812698291582
145 28 -8129500438646711314
145 29 5247966602571212792
145 30 -6402573105640725323
145 31 -4187562309246547272
145 32 -709419323877768314
145 33 -1203016396072111060
145 34 -6651412288051079597
145 35 4551665576384597779
145 36 -7841295324068534317
145 37 2954925728049648683
145 38 5959025956816611863
145 39 7300342613838802778
145 40 6601006433601898521
145 41 -3508218508314024453
145 42 6963326901637422898
145 43 -903531662427850435
145 44 7830697113551885238
145 45 5321194220606114316
145 46 -4619254207520394927
145 47 3670440763666071008
145 48 -7325466544727140398
145 49 7209621358275307008
145 50 -1510744651165194674
145 51 589916002725545809
145 52 3033387966820734867
145 53 -3675788756587569896
145 54 7825108589752029937
145 55 4919621820583214913
145 56 2258185220638565251
145 57 7186525040734561367
145 58 2509453054940004295
145 59 6647735849725753251
145 60 35285617242515175
145 61 5369836603512783678
145 62 -6556714334568894254
145 63 6858369821065528161
145 64 32753855598991142
145 65 -8581183818067460012
145 66 3992769977108630408
145 67 -1425005418285867788
145 68 -5699128044642579288
145 69 -2393445400092641763
145 70 -8897101313538477562
145 71 5086278445230161437
145 72 -5916782319543838596
145 73 8108057632897364058
145 74 8183890478271625702
145 75 6300998606070515846
145 76 -8340141502041042408
145 77 -1056985034902134225
145 78 -1389545153480043187
145 79 3406514578884036936
145 80 -5344420329142514986
145 81 -3809422965663154993
145 82 5729239299887272599
145 83 -4559470271075724703
145 84 -3912213382402070607
145 85 4662649491048573095
145 86 5542315425333405187
145 87 2477803144169838024
145 88 8474653855199545571
145 89 -6232615512096522356
145 90 1423569772901553022
145 91 5634333141535443327
145 92 -5028952555313481273
145 93 1931902066006088330
145 94 707287072366202715
145 95 5891498982629904079
145 96 1830027036666888121
145 97 8655282626941683269
145 98 8657964840481887943
145 99 -8137657537003701003
145 100 3251351804026780337
145 101 -7396235608435775688
145 102 2955608038865765527
145 103 5087966709790338169
145 104 7407622887167696156
145 105 -8268099696687355572
145 106 -5989518425317664191
145 107 20643370913141503
145 108 -8562172024408884577
145 109 7617662706525276331
145 110 3114153600469679508
145 111 8664510896198650796
145 112 7271668388175903901
145 113 3569783951941849034
145 114 -6733667922119458882
145 115 -4010396351886471416
145 116 -6786621915600784230
145 117 -7297039797194971906
145 118 2973965912369841558
145 119 -3665667463311813575
145 120 -3114241387491200460
145 121 1777667799478219521
145 122 1346544728857590132
145 123 -9147382549363002736
145 124 -7771758537917273930
145 125 8133399063918067659
145 126 6232857722336302383
145 127 7370638174830675296
145 128 -2098340067313981463
145 129 -388013485241373472
145 130 -3012053415678243653
145 131 -1842824369373601405
145 132 9131140799932154355
145 133 -8493655555964424986
145 134 5815224159710133791
145 135 7302089149362446950
145 136 6682091128768645523
145 137 -3771569082269121620
145 138 -3544351053457899209
145 139 171782139473297099
145 140 -7581137054996794469
145 141 7267698666079740930
145 142 -7038781620570740250
145 143 660992394654174951
145 144 9084803107779780185
145 145 3833948472633751146
145 146 -3905177911019007704
145 147 -6437151218903639148
145 148 -1448574878327964458
145 149 5776596708777599342
145 150 8054260980452010580
145 151 98011541265956179
145 152 -1602802633975518170
145 153 2390398716092112658
145 154 2905776291120156219
145 155 -5053017872507053492
145 156 -4457223689409163530
145 157 -9112045248955874839
145 158 -4484808996411282605
145 159 -8819427147105810358
145 160 -510302898314386252
145 161 6627505643108085087
145 162 584691744495912846
145 163 3263260880789979442
145 164 3047176128030453994
145 165 5554287762457355973
145 166 3747831230066421371
145 167 -6702156821342780319
145 168 1965048278853230752
145 169 7299606609477510479
145 170 8689200879187878789
145 171 4351714180761460789
145 172 -7525976311327141482
145 173 7047609178818879314
145 174 -4156953517445099851
145 175 1762381528494323048
145 176 -626419982757345248
145 177 2361333498363461791
145 178 -8327595387171882304
145 179 -3993720541688213899
145 180 3063074155561090514
145 181 -8303985349040043901
145 182 5080108643776980847
145 183 3929564956177405710
145 184 7303846993281100633
145 185 2477068560145694058
145 186 -1936443040791695414
145 187 9061477896657811752
145 188 6643763689991982808
145 189 -2339947226779835508
145 190 4432903196686639847
145 191 4641696961662411794
145 192 -2770286567263415996
145 193 -557971060716081414
145 194 -7477129502700867479
145 195 -1204896447220571702
145 196 6572584577775744350
145 197 1017599622824950617
145 198 -7840118763921377655
145 199 -3554717036948345824
145 200 1635035502745313392
145 201 -2748177787185582371
145 202 6713669571991170032
145 203 -8106254183358743466
145 204 2137521660693683910
145 205 6345108031071422121
145 206 9153773633615462177
145 207 -5775312337092131471
145 208 -273056874756879644
145 209 8435455775662858717
145 210 -9119058978728786509
145 211 -4273581843468004383
145 212 1145552084917449393
145 213 8100249394805063343
145 214 -5451632645226291611
145 215 5285876743943856462
145 216 3232836949105387119
145 217 -2415130645404348513
145 218 -2626597896721267601
145 219 6582888384374781067
145 220 141817020299138129
145 221 -8750023677895270129
145 222 2677325432754535331
145 223 -7692350968675273802
145 224 -5449133543975708279
145 225 -1956444927549282439
145 226 4703243212248791373
145 227 -6627748069895273331
145 228 5919728566000982860
145 229 -7959450479052894460
145 230 -5784017197099767002
145 231 8327486624519449128
145 232 -5446371802832298097
145 233 560853898708193725
145 234 365921610630770444
145 235 1691314332047319215
145 236 7316728416173259892
145 237 1612047987531517144
145 238 3745855078854423351
145 239 5439684950165120271
145 240 8182573568730774177
145 241 7116957572095575919
145 242 -5100214485886487275
145 243 8759513491734093923
145 244 -8369282305640987976
145 245 -1856276615474368877
145 246 -702414803223600375
145 247 -7716070955069941695
145 248 3548495107068045090
145 249 2418930088203167300
145 250 -3894189331826112822
145 251 8676080593583547868
145 252 4403730791396380637
145 253 -1051300327268686756
145 254 -1125568357214098631
145 255 3437582668843687024
145 256 9128864926878856718
145 257 -3015551413439856705
145 258 -5243254732801108033
145 259 -531445315664334857
145 260 4579467343757115285
145 261 -5662195424699079957
145 262 -2586839915233127018
145 263 789600675042189734
145 264 -772179853036729603
145 265 6254080280820753065
145 266 -1981724350750064110
145 267 4555046463367062534
145 268 -5480864019100710938
145 269 -1590421688701700796
145 270 7175476994378057657
145 271 -2500333159705966368
145 272 8782253549351279865
145 273 -7391478700046683774
145 274 -9079322322612388809
145 275 6476939203786105359
145 276 -4271145321271996615
145 277 -1210898375739893702
145 278 3968424782516932043
145 279 3135530951104848781
145 280 -6545094615459667497
145 281 6680291126727532650
145 282 5366182007819072750
145 283 5139428819209788410
145 284 -9201329329574285226
145 285 -4419392930617068054
145 286 1797464999580319668
145 287 186825673605830486
145 288 2566768664109061566
145 289 4229574222935361251
145 290 -542780391242314550
145 291 3820165695373192489
145 292 9182384855441713697
145 293 -6794161285938719243
145 294 3803601822963637760
145 295 -8712554345633363565
145 296 -6393655954154417491
145 297 -4054035227770561739
145 298 -5395631689275745937
145 299 6557669856453980996
145 300 2626623187779558554
145 301 4073397990461277892
145 302 6810583399768681795
145 303 4301442635977334024
145 304 -6014062359322416861
145 305 -4824628992159081245
145 306 7603615523698954447
145 307 -5361005207141984405
145 308 -2654330223935032322
145 309 4337627552666829027
145 310 -8908448496612341820
145 311 8762077375240599794
145 312 -3745572035562275619
145 313 -6611416053844258676
145 314 -3458314134411717493
145 315 5576557965079660455
145 316 2836216667955283913
145 317 -8336976507672296808
145 318 8517140607793949662
145 319 2369578930502673503
145 320 6206108988703180167
145 321 4127232177205350661
145 322 -1639767327515133718
145 323 -3201835483382064008
145 324 -4748129842853689360
145 325 -5816621131671948503
145 326 -4490545874768999099
145 327 -5067133338515792732
145 328 -1365231983663997989
145 329 1136838893594745789
145 330 1003360900618200863
145 331 -3490680358508275781
145 332 8627099028647996547
145 333 -3804527606664331126
145 334 -174022837204715657
145 335 -3314588761288374534
145 336 -6256115525924174782
145 337 -7754959120368276208
145 338 654961788235305623
145 339 -7807924662479343057
145 340 3614867140698615454
145 341 -2910382028931302833
145 342 6557411561305349603
145 343 496733030153988040
145 344 -4571327268756106211
145 345 -6168978599425270144
145 346 -9059053800516255597
145 347 773334540194650049
145 348 -861752181564968776
145 349 4707380482112658202
145 350 -2479739419736693282
145 351 -220032505404550494
145 352 5051025983100007274
145 353 -4736287451442167754
145 354 -337846430775457195
145 355 -5394718398637231062
145 356 5804274292282099409
145 357 -8056137462397592662
145 358 -3712244066381251941
145 359 -971156216159269463
145 360 -6093774622226679301
145 361 -751106327327239504
145 362 -4055845249016197847
145 363 -8196184258011758531
145 364 -8119399181969920127
145 365 -3470535272245144386
145 366 7876239217600272818
145 367 -9068362651964051784
145 368 -2158512027205023509
145 369 5660877435008149842
145 370 -4328369973766276197
145 371 -5522724015274447996
145 372 -2201335839332234775
145 373 9081706607969084148
145 374 -5428183801129967306
145 375 -6511544559930613258
145 376 -8374791496319462023
145 377 -4053712623158280033
145 378 7789480363434996522
145 379 -5301364231413016599
145 380 -2608487348482056475
145 381 -4900309357986543439
145 382 -6254530908387804815
145 383 -373678793642271682
145 384 -3160850195866475651
145 385 7713785696161523704
145 386 1093622407653796365
145 387 436919416058611182
145 388 -870175184231941444
145 389 -248497886337080687
145 390 -1659714207218411587
145 391 -1239093294790785961
145 392 -7324791929436834784
145 393 7168668259572604926
145 394 -4098969130158476965
145 395 25584063117217608
145 396 1150097536964915350
145 397 -8198495996251839864
145 398 -5994833198287708746
145 399 -7691875978433807253
146 0 7080677102071720247
146 1 3890801273897019265
146 2 -1992757527322703173
146 3 8620298187911154388
146 4 9054394130904186506
146 5 9106685650642514633
146 6 -71443268743632106
146 7 -7253508240734531571
146 8 -1871138461590078956
146 9 -5935901740153415680
146 10 -5270555280306838786
146 11 3671891350235563427
146 12 515623490539398387
146 13 3211764893910666064
146 14 913131826804235658
146 15 3671916400431900939
146 16 -3149705061421486917
146 17 -7830120017315662174
146 18 3471285533344367827
146 19 8474046250677241739
146 20 -1527719588985025533
146 21 2671645103827922491
146 22 815977352125101906
146 23 -8860149535006734699
146 24 -8802194549766482101
146 25 -8953347741206214396
146 26 3489702380599418436
146 27 8435503753848906602
146 28 5333562846489847597
146 29 -2088046138130429046
146 30 -5818667926678519381
146 31 -8272278677448680464
146 32 599419297163607547
146 33 3434922453286218314
146 34 -8501929467768151531
146 35 78396877824513071
146 36 -262884371008237118
146 37 5710220982863130832
146 38 -2145159946965365846
146 39 -5025462463691043312
146 40 2715521872155440055
146 41 -7015772902520355008
146 42 3419692903542883969
146 43 4079432469722602203
146 44 8125471778148486374
146 45 8676950297499378426
146 46 -4903059507311787888
146 47 -5110989656669475188
146 48 -8894061076122190856
146 49 1367074673886722513
146 50 7090772545937293727
146 51 1870860605990155449
146 52 -6109602224249898937
146 53 -6655421354532178809
146 54 1872029121837546550
146 55 3859690882517757699
146 56 4681675355437226808
146 57 7308416494745950570
146 58 2629836804997147193
146 59 -1106547191218301809
146 60 6752354038145380430
146 61 -1266048259275022100
146 62 -2384685930210224264
146 63 -6631072249892716682
146 64 3349707035449262248
146 65 -4655225792555107791
146 66 -3753658888114520777
146 67 1064914797227628928
146 68 136874391778811143
146 69 -9077396940143916330
146 70 422571307408991460
146 71 -9034710438849256503
146 72 3756126058920442888
146 73 644695847486010302
146 74 1911950107559963454
146 75 -6719732528154133327
146 76 4593987090904701376
146 77 -642256212353912704
146 78 -8739398323366716868
146 79 -4543644078177283388
146 80 -1881250784943579869
146 81 -8146989976023322284
146 82 1432105747998140258
146 83 8573695843827083424
146 84 6453368807092903969
146 85 4701627838323304639
146 86 1498641648726843546
146 87 7524886156634671628
146 88 -720558587769655639
146 89 5925763919127627243
146 90 -7278375437796424247
146 91 257562985305800819
146 92 4670383842714783932
146 93 6613402446216013026
146 94 -586924550752104119
146 95 197125333424088006
146 96 -151321254557522115
146 97 6231122926060878782
146 98 9101162782082978413
146 99 -8244057324176386310
146 100 -7374839719782375389
146 101 -3181124288343890425
146 102 5696171005520396430
146 103 5664462180789594575
146 104 3592027592282695801
146 105 -1015332214749413497
146 106 4416926339615703018
146 107 83126474088012401
146 108 8474254085191839044
146 109 -4728362510058626245
146 110 -4945778825840704459
146 111 3903192964277365384
146 112 -4248947555527037283
146 113 890116936301814176
146 114 1887011005007090881
146 115 4121878300835265486
146 116 158969481427831171
146 117 -574522807236411031
146 118 4395221987629736722
146 119 -776181656685105888
146 120 -1853300937184721821
146 121 3219459549871836668
146 122 6347143345285674328
146 123 7457524962926629406
146 124 -1820772816580441298
146 125 7665857397016366771
146 126 5705111269954508302
146 127 -1267244988837602579
146 128 -8589256551664904447
146 129 5719106480403031917
146 130 -3906597277257178259
146 131 825458585940998344
146 132 -6765485124556894055
146 133 -3005533669255732926
146 134 1012940337132781352
146 135 -6872828279031236640
146 136 -6382005087980249194
146 137 4799686521949365315
146 138 -4331651652949815867
146 139 7182056054581760739
146 140 1000276955956051275
146 141 6622760745976504534
146 142 167928080063599739
146 143 1212901850379488301
146 144 -28553979674967150
146 145 2646767911396575577
146 146 3632346378309952867
146 147 796606508895715344
146 148 -8464889113687314525
146 149 7147884787625409673
146 150 -6073023954737272386
146 151 -2764246342983716284
146 152 -6161888230828924401
146 153 -5580845804368455039
146 154 -838569193736963986
146 155 -1283082139762178183
146 156 3698788892076023936
146 157 -7893345596338343579
146 158 4468418784301323867
146 159 -7936785321607432357
146 160 -5087140033537319259
146 161 -6266817413239767629
146 162 -7222149151258958765
146 163 -1572628679058413069
146 164 4636108393415767363
146 165 3794749268289579057
146 166 -4852147634335757608
146 167 9183358100582421588
146 168 -6469422262957943041
146 169 5117269828110050941
146 170 2837816984039215120
146 171 6372756591527745539
146 172 6169193802798191376
146 173 -7926274156949317687
146 174 4123581706342940613
146 175 -6445981652814378127
146 176 -3056988857478657237
146 177 4447766324998485474
146 178 -2660033190139959657
146 179 4580582296051113200
146 180 -8982649959238480013
146 181 -6433521423890412389
146 182 1498077226545183372
146 183 -4708438942130186204
146 184 -347977703530109140
146 185 -3116178517284405574
146 186 -997451448348970232
146 187 8539740729843920470
146 188 -3389949466158272170
146 189 2227880330466115906
146 190 -224297078548525561
146 191 3320175054126329401
146 192 8675379823756963240
146 193 3485641935102157847
146 194 -6083259127930917753
146 195 -7080352367456501919
146 196 4169597012789880448
146 197 -4324664943123612610
146 198 6281821037923934449
146 199 957540921900134572
146 200 7592618665049645415
146 201 3139899431911926143
146 202 -5512646611055389708
146 203 -957619877285926957
146 204 3012929207329450296
146 205 -5782777849771118902
146 206 666353052532293629
146 207 1390713409460075073
146 208 -8955612260776084126
146 209 1816355869855120706
146 210 -8787247060225516362
146 211 1643870344843361213
146 212 2455957844092423881
146 213 -6332698639654554700
146 214 -6054288029125091865
146 215 7955952891575362343
146 216 1067679046731071956
146 217 -8244530376192399035
146 218 4168831168759887456
146 219 4548114679263469002
146 220 5964523380452687569
146 221 -7559017182691820454
146 222 -3847859071678437910
146 223 -6135577453616177941
146 224 -594360786503647666
146 225 3851708486614846352
146 226 -7721564149946433087
146 227 -4965791896464595840
146 228 1298524111284153794
146 229 1422431065568742955
146 230 -837867446977073366
146 231 5639247154297511656
146 232 -1739800727343502954
146 233 3401708818702427944
146 234 106632847441965259
146 235 -423869087412427632
146 236 -3201832306512636173
146 237 -7429190216955943192
146 238 2205622111475647672
146 239 709673041896380089
146 240 2948608193812732457
146 241 1493771924239440130
146 242 -8328293142335726251
146 243 6335740017754577659
146 244 -7176702918738508743
146 245 6752260836328889360
146 246 -8372447955254093986
146 247 -5915609569117863467
146 248 7632624080302007288
146 249 2780851567822747346
146 250 8202156996379313388
146 251 -3415969171698130031
146 252 8084940315622502752
146 253 -8514270185768120311
146 254 4578184049395557970
146 255 6968635128853253211
146 256 2957073611387953358
146 257 3221830736759398223
146 258 -4710323912653335062
146 259 5589782142323828266
146 260 -6757157675060781072
146 261 8797632157571591062
146 262 2853573910909279684
146 263 4645794548842759232
146 264 -9169909057199487498
146 265 2219104028550831369
146 266 -1587122757138089363
146 267 6631121032411933821
146 268 -4519702805599538703
146 269 2650247758645703178
146 270 8409887512710918759
146 271 -6256520316321693643
146 272 8197979901069952663
146 273 4038589791351624862
146 274 -7468891564643186534
146 275 -5162525410694414989
146 276 8681568692638117295
146 277 7602299595875440820
146 278 8105077261694493145
146 279 -7958479830834633610
146 280 1762201270094822292
146 281 6634220984112015426
146 282 1924397764270842106
146 283 -9015633036980620656
146 284 -5602507248287469245
146 285 5395575569813316133
146 286 -6390866328718207137
146 287 -5301966755345369052
146 288 -4962582492893466752
146 289 -6918886175680634977
146 290 6194214915715318713
146 291 9114583240148900220
146 292 -7141082343986188426
146 293 5433063206061248187
146 294 -8853855730401364262
146 295 -6281622807780851404
146 296 -8809413296587027575
146 297 2350659091104486665
146 298 -3805974687144564728
146 299 -308612413928967698
146 300 -7682103627430732999
146 301 -5674295771779734499
146 302 6263103936683421216
146 303 327368535707550491
146 304 6853421535038814093
146 305 5814970859982302489
146 306 8851214725119767745
146 307 -1893339409348817590
146 308 -6933166470581959901
146 309 -8281387502203685533
146 310 -7666994698659652324
146 311 4531433276956635083
146 312 4481310623869888545
146 313 -3823849301409718785
146 314 6518710229109727787
146 315 3534642651157850624
146 316 1487207981512060542
146 317 -6503183001643115846
146 318 -5965735007088511139
146 319 -7644524488321641657
146 320 8364792894512107077
146 321 -8878845187072618202
146 322 5617977645126690287
146 323 -790966856090757246
146 324 8695084768706089121
146 325 -2314718711206586720
146 326 -1686444742888302925
146 327 -172009916060651746
146 328 9047373708280533432
146 329 3192112811403740517
146 330 1905619545169602753
146 331 187289448089687855
146 332 73319362835444645
146 333 5091689240216249406
146 334 -5154679413104062368
146 335 -6260720713400220424
146 336 6938304291423441310
146 337 4350871420928083643
146 338 2684435620645191044
146 339 4410797846616152388
146 340 3082627252916067430
146 341 8938291840539421420
146 342 -8138528071616226765
146 343 5443811435793829840
146 344 3094485283686686626
146 345 9062118438983310750
146 346 -8534106227412936049
146 347 -2390986879295694320
146 348 -5930709926959847044
146 349 2981531016921759089
146 350 213341911504724783
146 351 4808417913865797054
146 352 -1751395139842528408
146 353 -7648362176426976747
146 354 -4888739207664388130
146 355 -4107974286475446094
146 356 8372974725247893584
146 357 -7037161839819083175
146 358 -7867352285697600645
146 359 -5442838015718847936
146 360 -3274690394393867774
146 361 3078305719592795663
146 362 -4363513253137069945
146 363 -1818232210518328907
146 364 -5507864440562029157
146 365 135152573845341692
146 366 6919001259388065823
146 367 -3563183949597183480
146 368 -7771605631885438381
146 369 -6460296494343521024
146 370 -2535707471008699610
146 371 1841506676076141632
146 372 -3178116420936060410
146 373 -8130166637011892935
146 374 3190185173710895506
146 375 -7613761735749082762
146 376 -3647605681785936358
146 377 -2529427077938955624
146 378 1075811963971383469
146 379 -7653381566756516985
146 380 1177526649515825051
146 381 8556469013614468517
146 382 8721620223727121066
146 383 -4121307852523493017
146 384 -4454239019940077681
146 385 -2672077521075896271
146 386 -146448453777792088
146 387 -5095696216481847402
146 388 2918102464758198852
146 389 6886632715427334572
146 390 982393170168082320
146 391 -8030234461278957302
146 392 -8671697026718211430
146 393 -2708304610713067382
146 394 -2038017283731758307
146 395 -6357663643702628065
146 396 -7145943395761178480
146 397 1129697805675334854
146 398 -983397690756802597
146 399 5686382201107388105
147 0 -1933308035315959689
147 1 -2053274933852610087
147 2 -6205788255237908981
147 3 1216078123581614182
147 4 4200619072594326975
147 5 -2703924590665381551
147 6 -5141100326540426748
147 7 -167471652573437545
147 8 3047917233302506138
147 9 310688263063894977
147 10 -8475595883835671230
147 11 -6880745752831679105
147 12 -3167705202649423774
147 13 4327979458565586139
147 14 -4691090404733557392
147 15 -719675324809343165
147 16 -5558166155217848446
147 17 545669930136523454
147 18 233829326910799681
147 19 8405846392629978602
147 20 -6054213916673502779
147 21 -3560674513582895181
147 22 804471925489356753
147 23 -6590695630755342393
147 24 3956385974280369015
147 25 4492467260964119818
147 26 7561544746950711724
147 27 -4828234670507504898
147 28 -5709402082854256708
147 29 8317595686595988925
147 30 6349179612676142681
147 31 931772116913142908
147 32 -8518635718250828985
147 33 -5100590806028235886
147 34 6715114984482367763
147 35 -7945205895614429744
147 36 5207739085663656767
147 37 3042346382116461178
147 38 3218177914989146689
147 39 -7720962781282451544
147 40 3502132150708119880
147 41 -2727627436172037631
147 42 -5692398129018243800
147 43 4535419465422667131
147 44 -6986425501458508935
147 45 -4994006865797712164
147 46 1874108535772442278
147 47 5686045589985842708
147 48 -5788474306557276175
147 49 6009450540557094937
147 50 -319875285500387404
147 51 5914435606280458166
147 52 -6583528317946516
147 53 9108586779649169141
147 54 277977021286281155
147 55 2282430331367016179
147 56 4403490085786981335
147 57 1839965988968364597
147 58 5209158291732506727
147 59 1189551191122351238
147 60 9201555373153504626
147 61 -3815523837614756358
147 62 4955879898796445726
147 63 -4899423023414974733
147 64 -4690091367321658508
147 65 5021447508303849956
147 66 -3301609973669807016
147 67 -6147685929209636155
147 68 -5559748090480845272
147 69 57141701443577568
147 70 -1601387333446814262
147 71 5983344794505580462
147 72 -3161993044319710665
147 73 -5528683369277878955
147 74 5491696540871892370
147 75 -9165967033437556092
147 76 5819086372492874751
147 77 -5186374036716242488
147 78 5826016089667717912
147 79 7984942444587226400
147 80 7002550884109795586
147 81 -5794740340946016923
147 82 -4624152080735552915
147 83 1887451124111038255
147 84 5335969275059366942
147 85 -3576076298327520273
147 86 4171794715957017511
147 87 587230171335805251
147 88 -6131600214133956003
147 89 -6592105378748501062
147 90 -1003643591987911989
147 91 5774267174581153995
147 92 7937481864790899106
147 93 -4249914732698462239
147 94 4999116344116537494
147 95 7246249621414812313
147 96 -7763539991862806453
147 97 -187986460828658435
147 98 -481796044009981232
147 99 7184561951324343707
147 100 4305193265978931280
147 101 -7339381900000508632
147 102 -9007916739239495537
147 103 -6265911908061013483
147 104 3674710637869617480
147 105 1122649711420860980
147 106 2713177363231863878
147 107 -8325179710576777222
147 108 343382725772661619
147 109 -6797994663843348756
147 110 -3377856409474170804
147 111 8858905963192319302
147 112 8221597028368878165
147 113 -8394625509301076400
147 114 8776207301172470027
147 115 3185640040307442264
147 116 -7604650325409167270
147 117 -6182907215362433491
147 118 7963937033897539821
147 119 -2750734661535464944
147 120 1947165032296867753
147 121 2121053093776725292
147 122 -731973999889363840
147 123 3699322595644460168
147 124 -6421315377253535262
147 125 1329505280451106
147 126 -5423120567399157638
147 127 6057202065783775578
147 128 -8583872540758831362
147 129 3080054446848756456
147 130 -5643706409153324865
147 131 -1272950370864333921
147 132 8979845339197770088
147 133 -8105759627206427846
147 134 -4055327147677613893
147 135 -3018630140076912859
147 136 6133963609193820824
147 137 6414823742680220554
147 138 1617919049797566214
147 139 -7732813483023188175
147 140 5295776022648619796
147 141 6673197159203468859
147 142 -6948709816449059090
147 143 6940195275808334144
147 144 6612824512807791760
147 145 1032327712933393331
147 146 -6119766002013490215
147 147 -196409967335858749
147 148 7811966511944793351
147 149 4690671523555643082
147 150 273346100363791211
147 151 150125282560958502
147 152 -3371241661869614231
147 153 -1442084257729815242
147 154 3600988986243539429
147 155 -6258623821107047568
147 156 7679686686217432700
147 157 8944489189980748677
147 158 6876914934901814242
147 159 -3677343865413999841
147 160 -6063014371836214180
147 161 -960453540513062331
147 162 888282819972144403
147 163 -6653843973852319176
147 164 2451091902086580159
147 165 -6576212849552085783
147 166 7847338903169281919
147 167 -4727833975506276238
147 168 -2338593707657297682
147 169 -7531320904787664068
147 170 -3928820851364017969
147 171 -1787256717117764068
147 172 4786480737142221159
147 173 6867926950003801102
147 174 -8683655447190934321
147 175 1046889661964246596
147 176 -4149849170394160616
147 177 -5414101021729510088
147 178 7259406572960178108
147 179 7589081452756720094
147 180 8858263527857837115
147 181 -8594998895725240058
147 182 -7236175829219603860
147 183 6808311789828539539
147 184 8855510958657159488
147 185 -1580721711878564115
147 186 2355850243711248110
147 187 2693386889304765018
147 188 -5210366981945403138
147 189 8409702806025965805
147 190 -4332173080586970244
147 191 -5028991230951723801
147 192 4973262427345730352
147 193 8387601194296585511
147 194 -2333332024886661212
147 195 -7104335390320580810
147 196 -3409154435433605783
147 197 5439132602587555001
147 198 -3615009792702096725
147 199 6083514783766213175
147 200 -181249931590330759
147 201 1414849643461050981
147 202 -4315905663970888408
147 203 7003471548008064171
147 204 -3406204295120766043
147 205 -6907754747927032721
147 206 741488099327383772
147 207 5006468442414621674
147 208 -1979501832531221155
147 209 -3602206606100123804
147 210 6218859282646242362
147 211 8425391808918326186
147 212 6290890883750157477
147 213 6098350026928764714
147 214 8491640675303469519
147 215 -6847936010669014252
147 216 6489840946143167534
147 217 -3320092063354183070
147 218 431446991559139952
147 219 7023329769913389608
147 220 5174559305558563463
147 221 -3830064250024064382
147 222 7854808471969878078
147 223 -8086626799216769195
147 224 -8712950719839614738
147 225 -7111856430226140881
147 226 7134005350727588478
147 227 -5769321772330999019
147 228 7310768091553451570
147 229 855842952616793279
147 230 -2277419717396288358
147 231 8677742670040769608
147 232 5480534931668573113
147 233 -3338901908020903393
147 234 -8957301193808546346
147 235 -143328802313317987
147 236 -7111425132830575615
147 237 -2904252961110936862
147 238 1439933827858622136
147 239 -4689113681727172679
147 240 3585380215871502284
147 241 2961691251183258786
147 242 5070268093909045502
147 243 8111239448877233579
147 244 -8558224836584570812
147 245 5787595837667725979
147 246 -5217399832912646348
147 247 8967618868337619335
147 248 3824834382483649748
147 249 -2379077726118588371
147 250 2928198743564941962
147 251 -8478534395263888155
147 252 -2780930381191900820
147 253 6821575196749322356
147 254 -7003489687033482536
147 255 7118219495119380518
147 256 -1690326635870600952
147 257 860725856296788055
147 258 2834703935538141817
147 259 -5356610854323375030
147 260 -9136298072117240809
147 261 -1799431666609926648
147 262 5116764846420716560
147 263 -8259877677048904479
147 264 4437040345092310164
147 265 -4297103784757177741
147 266 -2825334657371371218
147 267 -834005144708013391
147 268 -1578956932267661575
147 269 2744623976461130465
147 270 -4514777653534279129
147 271 6306598450794696676
147 272 7858599983019434571
147 273 1660063872089572323
147 274 2166415907924362771
147 275 2233986177101419285
147 276 -5916010686374308921
147 277 -35199814248227651
147 278 -8304136114359133615
147 279 7978512437409888143
147 280 -5222720886916135306
147 281 3601846667948149835
147 282 4654872106112173591
147 283 4585210265975854176
147 284 5909113499546990758
147 285 1628295296183127944
147 286 -6223858495158258319
147 287 -7568284115941255220
147 288 -8345516944007465028
147 289 3196581559660088918
147 290 7892728813460418085
147 291 -8208460991965543668
147 292 -8263913299894643291
147 293 -7852683770441285142
147 294 -6161349012673534187
147 295 -5982877598340209677
147 296 4432998559993184590
147 297 -4701045190244471477
147 298 -4531253441453016668
147 299 2637189350775971995
147 300 1422385507109284661
147 301 -605480549473614673
147 302 -3107107682259857117
147 303 5736367324975649241
147 304 363909945394451058
147 305 7030141644337038337
147 306 8824042750645504917
147 307 546979897526965431
147 308 2002156064878130779
147 309 8534209464604144807
147 310 -4464075243334714843
147 311 7440466857870663365
147 312 -8584099490496242413
147 313 -178497780586125489
147 314 -4912468939448186250
147 315 3097140865955535191
147 316 -8918847949636787137
147 317 4077320536440095545
147 318 8460042043683222198
147 319 7545765073079690201
147 320 8461742216691051907
147 321 1792615776484327780
147 322 351675768557693016
147 323 5328879063484463015
147 324 -263342058984041418
147 325 -547469222656704565
147 326 2127945620953317320
147 327 4428512193121995665
147 328 -7108553897560301865
147 329 -1622717000514222211
147 330 8265027635780950380
147 331 -3097160408900375427
147 332 3473660405308735366
147 333 4432033571751621543
147 334 1791823161505415447
147 335 842808970103278132
147 336 -2961776433000144806
147 337 -721834158381291871
147 338 3840239665963541197
147 339 -2001113206537478470
147 340 -2647297397571402844
147 341 520545368207754230
147 342 6338108002322105515
147 343 8216569492809010764
147 344 62735047073610671
147 345 225885406743519754
147 346 854421469566217098
147 347 4941902570518608360
147 348 1116562463248582945
147 349 6084660343279749665
147 350 1044311032459287584
147 351 -2233473544973974713
147 352 2645016301866703843
147 353 5242856358304733565
147 354 1061264954858284838
147 355 -4358398993970279760
147 356 -8921545320423739760
147 357 -79300813476083014
147 358 6994867246291861023
147 359 -3170354384412536637
147 360 -2175085486905691764
147 361 4940639710798078769
147 362 -4259205678630064832
147 363 7525082321674560763
147 364 3045863837274889762
147 365 -6930181368210526505
147 366 -8555185974663496884
147 367 9198933666856942842
147 368 -8412740978451650412
147 369 -8188762228351459204
147 370 -753654685326314565
147 371 -1054478062113436228
147 372 4277533398359352721
147 373 -6788757604315674755
147 374 5810584892809755704
147 375 -5860914776806651206
147 376 -6676848483268432337
147 377 -6474185191383093819
147 378 142866928075549364
147 379 8928070667673771581
147 380 -3549261336942200436
147 381 4892756622285722518
147 382 6280689239736259084
147 383 -7618656915728699680
147 384 -8721506105628873831
147 385 -2516413816365793665
147 386 -866407637027291025
147 387 -597449034988964035
147 388 -5118473301756911748
147 389 -1888107893660552919
147 390 -8606838030312350573
147 391 104320756926863252
147 392 -86210416216319801
147 393 5147099906196803097
147 394 579236468752709097
147 395 -8573252522347041471
147 396 -6520367549637520653
147 397 -6497750374822807615
147 398 6663546984220407957
147 399 4470192362852326157
148 0 932135218570667516
148 1 -8501984380300112391
148 2 -8564702631897615176
148 3 -6091272419162625329
148 4 -1284083518950148047
148 5 4107240769025584377
148 6 -2464581681864367570
148 7 -5120715384012826219
148 8 -7423536401243619277
148 9 1127373346474100819
148 10 -2581637579941295592
148 11 3336432558923002719
148 12 6914434326155745719
148 13 7525076765088676436
148 14 -7532930154250045499
148 15 -4216789810194433633
148 16 1550443679718473099
148 17 -4339312600829461396
148 18 -4049756091802995414
148 19 5956071654167396979
148 20 -1509829052347581827
148 21 5487397527098969504
148 22 -556412140363979258
148 23 -7277769309207919591
148 24 5146302797090325626
148 25 8896173476124640691
148 26 6910091471250376643
148 27 -6989056850562185519
148 28 -7391680628132452013
148 29 -6770667836323812045
148 30 5449583411709531445
148 31 -3042712356927540678
148 32 -133439396902390833
148 33 7429506204928968441
148 34 595551489600450473
148 35 2228730031893428089
148 36 6307606482799088568
148 37 -6855601420113478987
148 38 2127674758943193658
148 39 -421644495531847432
148 40 8398054602971380561
148 41 3141658151279075726
148 42 -7524377967966131946
148 43 1680367154123331055
148 44 -3503518509513077691
148 45 -3989159404684243498
148 46 2890059251905653390
148 47 6634169981085347653
148 48 880144076095876195
148 49 -1392742780111168178
148 50 6679905862100334039
148 51 2817116933654890439
148 52 -5183551938337543181
148 53 -798330865380825200
148 54 -2344495811900740302
148 55 -1282757960589986262
148 56 7351048294580122360
148 57 -8028987119100068463
148 58 -3483630696437941387
148 59 364950426585462866
148 60 -347245312775434434
148 61 353931982888879454
148 62 -214300010761608253
148 63 3690824092712887940
148 64 1406420031022404204
148 65 3574419672455865835
148 66 67672049118928933
148 67 -3015822298164845172
148 68 -3365444667978749213
148 69 3441199419497913713
148 70 -3851010625828969907
148 71 7756413895930204241
148 72 430088350917598250
148 73 -6899183192897122839
148 74 -3336293196865782709
148 75 -7706632837672897575
148 76 8052123341302982109
148 77 4693563814069490296
148 78 -4703550206158892745
148 79 8903206000381000666
148 80 -5221281090499294017
148 81 -2763593919351639550
148 82 -4101329435534343815
148 83 -4167490636361785909
148 84 -4551021115767254207
148 85 4418577409277458756
148 86 3529274424871289063
148 87 4997101908088813724
148 88 -6761317430550441197
148 89 566955522654144782
148 90 -3504400282691047304
148 91 9082594560489128804
148 92 2878948795035992457
148 93 2098706453087439204
148 94 8568262769444955889
148 95 -9157503689007978220
148 96 -9208106129294415899
148 97 -8061228179207653223
148 98 3663702947884723121
148 99 7477982903579953678
148 100 7065134148613314750
148 101 -7142373330368466958
148 102 -6489874595266700879
148 103 -8281644239490383230
148 104 -8061994670964072651
148 105 7989198397264789650
148 106 4757123726177096708
148 107 4950368427551536167
148 108 -8186999577312624382
148 109 6535112073430751874
148 110 8823858024769424208
148 111 7809006336380974021
148 112 7095729273270254575
148 113 3260601114170122104
148 114 -6171213998130497749
148 115 1345109076779391464
148 116 -4530239500281039978
148 117 9087897414675468777
148 118 7837284916744598554
148 119 7748208460704225052
148 120 7236614469560873216
148 121 -4633503420088651184
148 122 -2051861328506242885
148 123 -8345796277845752192
148 124 905903825484084142
148 125 -1477372173528263552
148 126 -2184213102883478763
148 127 4526183465915048881
148 128 7554266666447896751
148 129 -6272101462176092300
148 130 6770419750731733125
148 131 6484152795021909150
148 132 -3959268023738231576
148 133 2871436022029891126
148 134 -3877701790145460331
148 135 5555171786438594569
148 136 9069144920069758555
148 137 -5017692073650177154
148 138 2089251569492549602
148 139 5411730982417731874
148 140 -5280781245970204243
148 141 -8340187663522407816
148 142 7651607781772758442
148 143 -1369607812114990585
148 144 7189744223121135646
148 145 6271691250647550464
148 146 7071876120174878329
148 147 3109815088899565581
148 148 -1255069964851503730
148 149 -8653052093541230130
148 150 -7616030180248484681
148 151 -3220578951563941334
148 152 -2071789965776338442
148 153 4601917824902489302
148 154 5831673621201745261
148 155 5570173048012712038
148 156 -3818632844969598767
148 157 -1158827080089172698
148 158 -4031794642372972123
148 159 -20744537223547346
148 160 3623133072840200740
148 161 8904946673872274622
148 162 425707291948095330
148 163 4093037473928494572
148 164 6881616341341705845
148 165 -4342172266908343568
148 166 -2098783055268687339
148 167 -4251101850126230718
148 168 -1290470680727220595
148 169 -664170940725563580
148 170 -476961362061699764
148 171 4145951655553027733
148 172 1338060380815268489
148 173 -8026246587379691833
148 174 -1607615081180001829
148 175 7897625858304392212
148 176 -1666531148615783058
148 177 8078351042473670362
148 178 -4716252827908412625
148 179 -7292789214303516363
148 180 8321941707737950447
148 181 3931560918504717286
148 182 2744059076123615278
148 183 5243049350443736713
148 184 4121680217086251983
148 185 6965831581840241079
148 186 8565623968069037941
148 187 526191849857244552
148 188 -2645829534469238087
148 189 2049260726365675270
148 190 9090310280550771978
148 191 5875526050122134338
148 192 -6151999709673650287
148 193 -8623918548115134957
148 194 -7644205140687170205
148 195 -3371128669740546661
148 196 2825782065094992394
148 197 -3762014057823867263
148 198 909239136416626396
148 199 7952040344730035537
148 200 -183866303509153590
148 201 4494319301974333595
148 202 6515230543172121331
148 203 -3030972253895603663
148 204 5104845925538692339
148 205 -8185439931116730974
148 206 -6177099777911663497
148 207 740467423483393503
148 208 -1261943861256529403
148 209 6679680601293791242
148 210 8684786035002599923
148 211 -1269608287240405621
148 212 3098969051115742883
148 213 -6168025353337124166
148 214 8303009725515216518
148 215 -2949265030057518582
148 216 -2537961474019894593
148 217 8664717690710710599
148 218 3545028635139432563
148 219 -7358095086062695718
148 220 3078164875259601612
148 221 6309665995172122354
148 222 -6144982970040204628
148 223 5185294696763783105
148 224 1106456274705566724
148 225 1101523141495724077
148 226 7166319139746957113
148 227 -1815709055814369282
148 228 2292432535186729392
148 229 -593815666211188099
148 230 -4419341733356871178
148 231 4014969824773796064
148 232 -9060855825558634016
148 233 433180927355666202
148 234 -6379106371455022430
148 235 737675288692718914
148 236 -7502217352571610460
148 237 6600904712149808668
148 238 -8088504484617536929
148 239 -2613804835163169042
148 240 8964512684178167316
148 241 -6624345670253974328
148 242 -1197152287273744975
148 243 422486963975334937
148 244 -1482120487989351528
148 245 6988502437337882853
148 246 -7475488875030032026
148 247 -701965093045578036
148 248 -5823911547862677091
148 249 1077975607131842363
148 250 -3801017296627457577
148 251 -3001522792096136425
148 252 -5290278673235814041
148 253 428818035940221223
148 254 -2171005611185205354
148 255 -2848822414010602584
148 256 -3629417045604313936
148 257 7605313920582646574
148 258 1583798899970995335
148 259 -6805041392437804852
148 260 -6577499683803919645
148 261 -3618016227200197568
148 262 7966123628538958446
148 263 4504571028487127662
148 264 1942689869802879463
148 265 -3602827334759862241
148 266 8636870726623815431
148 267 4703458542013045654
148 268 1486165588948306577
148 269 -6666302766299862529
148 270 -4544158660921048619
148 271 5744641758635004197
148 272 -5496883340605947993
148 273 -7982872221271137347
148 274 3723780433386756635
148 275 -7894423111523960035
148 276 -8665723010190606341
148 277 502354552603472009
148 278 8752670198616245908
148 279 7336745118288162321
148 280 6064663704396579967
148 281 2335674821186322477
148 282 6071661973132139304
148 283 -5859170334151690165
148 284 -797335864046772818
148 285 5027996967092411392
148 286 -1715387749403777424
148 287 5908427688394098279
148 288 -3270794560557511619
148 289 4819162724075387080
148 290 -2323622432148872559
148 291 6150391100667022311
148 292 3896171408890008903
148 293 6142664089442803711
148 294 6509569023393462642
148 295 -3522465214835491757
148 296 3715143501519398272
148 297 -7276154742758806460
148 298 -4461302161969723218
148 299 -3129516264682202947
148 300 742110540770939124
148 301 8497941205802536463
148 302 1792419289054767852
148 303 -3656544200559650052
148 304 8891066068038104850
148 305 6092104546083733940
148 306 -8174100724956842313
148 307 5442323191455878835
148 308 3263926722387506445
148 309 3666022163153069020
148 310 2081245739206639843
148 311 -2719061915002248166
148 312 3361015822879805871
148 313 -5781266342234911971
148 314 8564608467071414546
148 315 -6322570446532401619
148 316 1105751878415145414
148 317 8252781170208016906
148 318 -874701728696820810
148 319 5665558467516251819
148 320 5509775516432831697
148 321 -5945879858588273800
148 322 -4975340424158017091
148 323 4217448897964387002
148 324 8516568439423987626
148 325 -861712061972526491
148 326 7503044206439871732
148 327 2869213790083593495
148 328 -8745194606598321925
148 329 -4838677665271908377
148 330 2429463712574917343
148 331 -5711492195949640601
148 332 -956579352272925063
148 333 -1071978718592191801
148 334 385114631945503288
148 335 -7575185640373409332
148 336 2878430899593214082
148 337 7111194247500699083
148 338 6397882935794802412
148 339 -2663704747514641024
148 340 1116453007809681590
148 341 3327117689212229317
148 342 -4644812047733090109
148 343 1952888318824247227
148 344 6162414291971605466
148 345 -5818850156749596057
148 346 -7771272611247196905
148 347 -8540054930577702820
148 348 -3736155442894082075
148 349 5483914441100790655
148 350 1082191919844045896
148 351 6426028441896589062
148 352 -1082014078538117758
148 353 3126700088532062299
148 354 6431229246133433716
148 355 4716372121714718721
148 356 -2200790050660148635
148 357 -5808176028802298065
148 358 -5117396227692595667
148 359 -5402804250628480798
148 360 1261182218179922531
148 361 6403671633553494175
148 362 5546135135190248350
148 363 5334783364826970485
148 364 -773720331558928685
148 365 6898357162433747570
148 366 -4968010665057238406
148 367 51289046836468266
148 368 9072937573991870588
148 369 -8975389531693234088
148 370 -1823213998448863206
148 371 4271330972045810019
148 372 5409754301714010764
148 373 -778664336153662430
148 374 3032375955740812381
148 375 5307457291974752483
148 376 3196415326375476041
148 377 -4725066750148982306
148 378 4918047139813648295
148 379 7759937432482177832
148 380 -246940635450654164
148 381 3668076042175000887
148 382 2535933874052452822
148 383 6189598607788305423
148 384 -3954787926542425461
148 385 -2011830571832146102
148 386 -245578640032016766
148 387 5309853947777158356
148 388 1679861735764835466
148 389 -1719161909903911568
148 390 6423891646900627835
148 391 8103581797317416786
148 392 -4710173986497015539
148 393 2208799463561701545
148 394 3574166771492057383
148 395 -5075928136916659021
148 396 3651433878941037418
148 397 3448283306484946875
148 398 7617094112597104360
148 399 4333818052902423610
149 0 6903008831503373208
149 1 1549752061609217816
149 2 -412503227487412497
149 3 3915668216797968651
149 4 -2808600525705770462
149 5 -1742094461251673185
149 6 4718238812004072863
149 7 -4886080249540075550
149 8 -2044824807530580686
149 9 5492742580414854721
149 10 6482630165228759333
149 11 2708584116015204611
149 12 7204038355117758700
149 13 5874190784319371519
149 14 5519377759094929719
149 15 -6989306209185191154
149 16 752549267824197078
149 17 -4688052092898247746
149 18 -4965956587956326473
149 19 -3514892130756125831
149 20 -7208385204792418133
149 21 -8699987824980960157
149 22 9132989916113179077
149 23 6957942050103921345
149 24 6506191469683155053
149 25 -4862993819366323807
149 26 1814419233410958268
149 27 -4237915420011250236
149 28 6387558113467009092
149 29 -9075225383576320835
149 30 2471116434146339618
149 31 -110417920440358007
149 32 -4177993626781058245
149 33 3576154930492027208
149 34 7318108534312842269
149 35 -3197145848654351152
149 36 6095535160705257110
149 37 2021926907965284627
149 38 4177413396095440086
149 39 5205172021158863745
149 40 -8579753150123771924
149 41 -4375576083867751242
149 42 8153980591807557710
149 43 9215767939394324102
149 44 -5208834913470541899
149 45 6181083527727794276
149 46 6072495368673793495
149 47 1545133408511466298
149 48 6987035719318663711
149 49 -3049157451946480702
149 50 3198122087514163804
149 51 2476441512247977905
149 52 4605768586750811423
149 53 -4199044366049313668
149 54 -3382462135734084178
149 55 -3452010435925488278
149 56 -7467571385435875095
149 57 -7006300064590950752
149 58 8065357029696713156
149 59 -8910993388116061917
149 60 -1910612406819105104
149 61 8318907309584480035
149 62 -2067647402756717998
149 63 5724208755343457468
149 64 2788187875857082033
149 65 -566527132200199912
149 66 6513325240524282629
149 67 4559862012103856319
149 68 -4845487294663961761
149 69 5746781509959281768
149 70 2653614917498706975
149 71 474210171758929624
149 72 -3398486083125819152
149 73 -220866488677003523
149 74 4783031172963288637
149 75 -363873775702178161
149 76 2374148255923982264
149 77 -7114252163972385816
149 78 4960920344717176775
149 79 -4295508381988734157
149 80 8748636813837327138
149 81 -8112791407009807166
149 82 -7924992120516147690
149 83 -1389780713037257940
149 84 -8745548746303436661
149 85 -3192457259442184433
149 86 8723243672465489067
149 87 -5590939345547292724
149 88 -3814403034619795863
149 89 -2735296814697902665
149 90 2556913762408901274
149 91 4756785733854038258
149 92 7793601750578141723
149 93 686498799930239202
149 94 -2244235602280333224
149 95 5891748507724071542
149 96 -4570614377959193329
149 97 -6162229904854774317
149 98 1970598649359869194
149 99 -6933806866950738419
149 100 7030061705721358397
149 101 584651704846100503
149 102 3014655648804941881
149 103 4648703237950726859
149 104 5665747769501510807
149 105 946985336318794464
149 106 -2417369141386413251
149 107 4213334174877792682
149 108 7549627758862498230
149 109 -323299177118687434
149 110 1295949791827140317
149 111 -7978844625159788116
149 112 -1296361655503707760
149 113 1730978371914720967
149 114 8207031021998057178
149 115 4437130335745645672
149 116 2697625311314492181
149 117 -7746938802323610261
149 118 8615661207804171337
149 119 -5397436220442802851
149 120 -6847239428959939208
149 121 -6507910605505163471
149 122 5099039562539816326
149 123 1663943178525481668
149 124 -4119573343006939269
149 125 8895640006302698852
149 126 3535826651166754178
149 127 -5522319237688674939
149 128 8384352139690491813
149 129 3580924758895572553
149 130 7225427864928606896
149 131 -1399795475207723912
149 132 2273298799639899149
149 133 7695540240756261638
149 134 9195001006388220567
149 135 2705236739829199076
149 136 6981716498452370127
149 137 5355967299954588205
149 138 -9050051588570256326
149 139 -4979350329328513950
149 140 -3216999538876185381
149 141 1365462667432294271
149 142 -2623365653502151803
149 143 7949342487638915803
149 144 371289353058638599
149 145 -6290606735957815516
149 146 4958408816856282381
149 147 2749771093420020292
149 148 -5530181789736967840
149 149 2112549397769560520
149 150 -6864567280727200671
149 151 2289582480784729466
149 152 3951012726096593915
149 153 -6447066364734825791
149 154 2361177843862506173
149 155 -4408040866736065006
149 156 9141644133878697813
149 157 2794437079298792836
149 158 -3743672746607079808
149 159 4272646835550291801
149 160 833607106154951081
149 161 -2755773985688995029
149 162 1101570132797125555
149 163 -5881138105993709074
149 164 -7819790343878184272
149 165 1258220087901674998
149 166 -6914507550894632742
149 167 -5685297626200403323
149 168 1791952209247852488
149 169 6674272457284172906
149 170 1935964288912335853
149 171 -3954853512163268797
149 172 -5890903918662174624
149 173 9163533816278319204
149 174 -4067421970299978049
149 175 965174524640128212
149 176 7513972888078374485
149 177 2753625569485775565
149 178 -1543046984277857835
149 179 -8065477786223519325
149 180 4628438376583636449
149 181 -6695765679767136065
149 182 6407317691205676517
149 183 2571786588127138362
149 184 -4314165996706788619
149 185 -3146306005379687737
149 186 4456422226884801311
149 187 -6360281208501236646
149 188 6223746540963826452
149 189 7771997047238603299
149 190 -3697095793951004647
149 191 3601337090577136224
149 192 -984973727463742555
149 193 5349176208083778459
149 194 9031763402022623885
149 195 3312580771870205732
149 196 -6730853800341938257
149 197 7831524448162169246
149 198 -3094153811169884366
149 199 5630433099827365738
149 200 -2424287787546286916
149 201 3387592285357120809
149 202 -4041521949752023426
149 203 -7247145878619106760
149 204 -360003983718257356
149 205 -2103627080642093112
149 206 -8218328419385151922
149 207 -7622858123967909859
149 208 8529237440433245619
149 209 9016306640857303695
149 210 -2243496233809982844
149 211 4549609378216915284
149 212 -3979653450824688709
149 213 -6904716190104853817
149 214 9124937376257498177
149 215 -4600845674725493544
149 216 5914360962827231610
149 217 -877566889351203030
149 218 -1351115893915440684
149 219 -4187235551943101453
149 220 6022350137276030792
149 221 358066569687792994
149 222 2853548984973322405
149 223 1237036762700635313
149 224 3036097628903864083
149 225 3601246620034988190
149 226 -1722419712514116856
149 227 -5918398447624387457
149 228 9120828759061588523
149 229 138118867491740621
149 230 5789364050552911117
149 231 1577029094301743494
149 232 -5152179176716180670
149 233 -6461319402216383836
149 234 -4286751611145799983
149 235 1841390155589000118
149 236 -4786909165463196403
149 237 7995995431200847328
149 238 3324701150591007680
149 239 3652311149612946958
149 240 430963631178176651
149 241 -9049714423801062679
149 242 575253930703536986
149 243 4212065268627911666
149 244 -8686427308285569711
149 245 7395889300948411255
149 246 -2545901879310705549
149 247 -160845198096977556
149 248 7971521046489195015
149 249 8340259918586573951
149 250 648733644656056357
149 251 -2379322261730911210
149 252 -5774073322411678424
149 253 -6081434700561035036
149 254 2872867339520976133
149 255 -3021651242435017939
149 256 3434009437425658718
149 257 -6855764202677013796
149 258 6431766730886422513
149 259 -4278229740197615438
149 260 8743852896118663190
149 261 4456720921169866460
149 262 -4670997783114373369
149 263 8931732580657206168
149 264 -2889832337617067488
149 265 3326967759552829310
149 266 3185049065756252211
149 267 5773392476320582269
149 268 -146689307644140000
149 269 3678204900348205023
149 270 9004727986638864465
149 271 960561206794995823
149 272 -3775608545094677553
149 273 4258405229644451262
149 274 -8681108681478782260
149 275 2902316049177115416
149 276 2065595174518034110
149 277 -3091132466228837988
149 278 -3787963794402430536
149 279 -2944179416632803775
149 280 945627340340463307
149 281 -8068985770743167627
149 282 9021834986162416566
149 283 -2662243539277687608
149 284 -1333073152271601943
149 285 1427198887524331690
149 286 -1948828046913545940
149 287 1312620417951912080
149 288 6693766960124196869
149 289 9187054503261110172
149 290 -7340878136983103308
149 291 -3632088940303951007
149 292 6458179097547391827
149 293 -8586670328585108786
149 294 -8158546882956625718
149 295 6054689180821152096
149 296 -3252985899150597989
149 297 -634278694267680376
149 298 -8318545596320241251
149 299 3370561827498952545
149 300 -4573212962767854675
149 301 5558941952310274587
149 302 -1199445104587370549
149 303 -3677975126727103275
149 304 -8434981354439161429
149 305 891900942995893564
149 306 -1195253745925862833
149 307 7592840378614905523
149 308 -3471095288151109866
149 309 7519021182908849805
149 310 -4758392567952195379
149 311 -4273382513421924092
149 312 -8167530699177343987
149 313 1589073619229737172
149 314 -5511496091815418573
149 315 -1749490315421653077
149 316 -8005487697157652277
149 317 -1039592548311573022
149 318 5772515098241924277
149 319 -5135403517153577209
149 320 7858941854128950364
149 321 -8923418712687395182
149 322 -2230096188812723194
149 323 -3941312629974643745
149 324 949527114187624557
149 325 -1798076992427267348
149 326 827187150713203041
149 327 8788438000900492295
149 328 -4483692483023588456
149 329 -7680095999719946702
149 330 -7135037259103409856
149 331 -5860396421202951555
149 332 -2620421921474965068
149 333 5033399115698490477
149 334 8725658436145957595
149 335 -6206180260681219528
149 336 108641641697456706
149 337 4187995884737272092
149 338 -263233133733901918
149 339 -7262386171582401954
149 340 -7617098954931737947
149 341 220407262222824779
149 342 -3300023512672745892
149 343 -1464888074607529786
149 344 -6337802844238663018
149 345 7108448887876475579
149 346 -612038863044065668
149 347 -4041402049678505876
149 348 -1470389124662576909
149 349 -8095700570119666781
149 350 -7093288070939608481
149 351 7527332911235037702
149 352 7296904038156382788
149 353 6847783324292156811
149 354 4153393257606748877
149 355 -3383295571391766091
149 356 -7460141002211076949
149 357 2477968562846454221
149 358 -4445295299497297915
149 359 1896762449844364191
149 360 -465939387668649788
149 361 -2757335033955912630
149 362 2003010679607802421
149 363 6125838695456876690
149 364 2141187095030334984
149 365 6854106398472730267
149 366 7579223815049482647
149 367 4786555540834227799
149 368 -5175880940842891110
149 369 6395760976715956600
149 370 -10065774957525768
149 371 -6657810466057260632
149 372 -4834220580165240794
149 373 -8060515541117905817
149 374 2897369013496459654
149 375 298184085098082577
149 376 8053362136401621408
149 377 8783719295328834188
149 378 6394168700024183471
149 379 8181530011736415623
149 380 2043187224947491389
149 381 821769817138527479
149 382 3681076988852540413
149 383 611213053569430772
149 384 7932947910582567777
149 385 -1998377152937672106
149 386 -7091065120440500918
149 387 -1902817294556320367
149 388 -1950525874912679351
149 389 3360179763337864716
149 390 -4625238783310941467
149 391 -6708968193467357065
149 392 6694858113041206211
149 393 2793357877464243819
149 394 -5781688749329104745
149 395 -4913531802943943308
149 396 6374084041355888288
149 397 -917638367016376459
149 398 -2647924945854179163
149 399 3948378668487749553
Tempo de execução: 0.0438107 segundos 
