400 400
150 0 -8802094057455862828
150 1 -6037900881960325661
150 2 1045708226269579232
150 3 5552379842454434202
150 4 -6755156152541856631
150 5 -5567152794057720740
150 6 -2463893511729953899
150 7 109407596221828514
150 8 -9158076504865980210
150 9 -6626657840387406642
150 10 2937253322806851959
150 11 7486661611551817868
150 12 -5660497092634884571
150 13 -384560454207721103
150 14 -6152161225900461353
150 15 5073178843645487280
150 16 -2146959974574360529
150 17 2161180350251066878
150 18 -1085735529169504874
150 19 8760113386191455311
150 20 3027279241879352747
150 21 6219365110179581026
150 22 -6130326781992520894
150 23 -5272319633523908608
150 24 2483649486794777263
150 25 5741800493637747622
150 26 2152755289254468122
150 27 7512606969699371474
150 28 -2559060580315085759
150 29 3316213463635029169
150 30 -8959036256931737280
150 31 4879708767343121090
150 32 -7573143640652444565
150 33 -952519654933979453
150 34 -310199909883872577
150 35 -7103663539299882488
150 36 9075874418534260553
150 37 -5702942698381263692
150 38 6317133507625574320
150 39 1928986321141748899
150 40 706422192995195332
150 41 -7402592709944134329
150 42 6041839430352330124
150 43 -3934967079633786150
150 44 8920055730679991486
150 45 7141443196063082032
150 46 4505767564178584991
150 47 2528856546551485897
150 48 7160327863147824242
150 49 2946418640167092019
150 50 455203709977026569
150 51 5177303852476869366
150 52 4729826049808908338
150 53 -5356898235334499641
150 54 -3935291390527543333
150 55 7324219330911356064
150 56 -4170277138573213034
150 57 -6506903890578958077
150 58 1621648515955964631
150 59 -6288592546558592511
150 60 -2651527091390088924
150 61 3004795639113620790
150 62 3845685461129887424
150 63 -1333002044197813661
150 64 -4950465825983676596
150 65 4591433862532561219
150 66 -1601874769304549357
150 67 -6321903430138942835
150 68 1668575624624684218
150 69 3369487605378979300
150 70 5545418867297132766
150 71 2123052591993026198
150 72 1985379187598362040
150 73 -7667871433488228349
150 74 4828752785285342769
150 75 -5836678519597298134
150 76 -8301223370719199656
150 77 -4860688138680590751
150 78 -7990018510232718479
150 79 6717300755375794484
150 80 6910334793178144424
150 81 -8347615765394643104
150 82 5252455314436487689
150 83 5094375408708948871
150 84 6650376923024945661
150 85 3470044179319685708
150 86 -3910781624613811954
150 87 8929436225536003132
150 88 3827191574385626647
150 89 8529702993546489647
150 90 6105401599056458191
150 91 715622541286237799
150 92 -5869222548686995453
150 93 7990429186485704658
150 94 3135822269280437586
150 95 1846901457204226662
150 96 -2965924464899886724
150 97 -3351052474664282872
150 98 2753379791770922438
150 99 -4541562018499935569
150 100 -8276370189849311362
150 101 -6930322682501491034
150 102 -7917538629797298639
150 103 8299766648842437820
150 104 -6695985467420781728
150 105 -6281281698296001655
150 106 6117738662090202694
150 107 5876564858440876467
150 108 -3319764547293583110
150 109 4986865518539531284
150 110 7978687023252059709
150 111 5607849741572643542
150 112 -443382455966889855
150 113 -6017031267805796889
150 114 -6078425186096031935
150 115 4074901489997987343
150 116 -989394322392163875
150 117 -5655248616390593194
150 118 3034662921408414762
150 119 -4297025453601155534
150 120 1248849215691111034
150 121 7757478183049811754
150 122 868434057071989197
150 123 -3127364205820055163
150 124 2424222537791026422
150 125 -9012804111076366305
150 126 4014314276128515732
150 127 -8004239791981302487
150 128 -5992573646256334793
150 129 -1094690413061491299
150 130 -2667917900314484008
150 131 -2465319964091790314
150 132 891470380847835836
150 133 3846301282159195443
150 134 301281036903964925
150 135 -8460266176213333210
150 136 7769396945052689282
150 137 605064731350275229
150 138 -2331741501143608855
150 139 -7378793557607035059
150 140 -1345112964161219900
150 141 8855360713831786069
150 142 -7084393095098722386
150 143 -6714142963291708744
150 144 8877639326710085504
150 145 -8252712911378953041
150 146 -1876393608880293730
150 147 2339722602388124540
150 148 8489208990808619654
150 149 4656238138991558950
150 150 6638179161944993658
150 151 8381598936784090598
150 152 -435834167939934203
150 153 8574765015591131014
150 154 -2282362199643504487
150 155 -3657279144835282235
150 156 2586601569544192176
150 157 4198174165255277403
150 158 3190956058433946866
150 159 8386270495676243056
150 160 -4548873309128392805
150 161 -5493576410115612884
150 162 8818731102596942334
150 163 -6850376928637665240
150 164 4694649344751057452
150 165 3123714568009124389
150 166 7800799977205597524
150 167 6968434938563351917
150 168 8984991250726153426
150 169 7414583852610023185
150 170 -2703287695941110749
150 171 -2244148057691545377
150 172 -7333012670016099503
150 173 5490266664391962822
150 174 7538848130654806390
150 175 8470975900127079148
150 176 -7501564182352529276
150 177 -598642396560222284
150 178 -2955321098120358108
150 179 -399701098532135689
150 180 -8823274329107379896
150 181 -964225911777132578
150 182 -6910855715780953164
150 183 -665536421666773683
150 184 175170441460671945
150 185 -4382128871831485111
150 186 8392575443122219363
150 187 -6135104933771310050
150 188 -4787709880834718408
150 189 -2434637608847498639
150 190 -4607889654331444969
150 191 8458783170766353271
150 192 6153769029511622828
150 193 8844779126511051628
150 194 -2176999655646124468
150 195 6977659137276862830
150 196 4030504371659379162
150 197 1852090046847491320
150 198 6298148152961418266
150 199 8649650412310833398
150 200 8677442234149283847
150 201 -6059414564074093854
150 202 -3768649665737295258
150 203 -5507527845961153706
150 204 7805344310389431462
150 205 -52746242230011829
150 206 -1813714315946749710
150 207 8271640297828699139
150 208 29471139347425951
150 209 -3126469228983665018
150 210 2897579199578331087
150 211 -3659121596344877955
150 212 2836189147267555886
150 213 6245578573675403708
150 214 -304890184493790423
150 215 8346673362634854397
150 216 6971460542567883884
150 217 3377916085454428549
150 218 9072996704590610186
150 219 -7411868820621763554
150 220 -5693566424018735211
150 221 5189195755017594942
150 222 -3518138512371760437
150 223 7050299086753902371
150 224 -97451837409214271
150 225 1943357463588509271
150 226 -7808036936947141360
150 227 -6548084030367494472
150 228 -5365660091230518058
150 229 -5683383480018507640
150 230 3375411321597123557
150 231 7911592415859995642
150 232 3247213839045727699
150 233 4930459024805465804
150 234 3106741454960841842
150 235 -7762647211657561134
150 236 -1786904008371068667
150 237 -3159163612958024630
150 238 7798910002875780648
150 239 -319741285559390204
150 240 7355540270783779925
150 241 2241439973402414113
150 242 7320593909262903622
150 243 5649538632727265167
150 244 3174416083920164615
150 245 872198282408739165
150 246 6632294986273274415
150 247 -6754750241748057862
150 248 1685539510007218119
150 249 4423760846662505741
150 250 -5559968405082656441
150 251 -5864436738646469724
150 252 -6272287344877794062
150 253 -5917330700855223784
150 254 967467355577871389
150 255 -3958871881218222535
150 256 8865928109441037718
150 257 577881084602792071
150 258 -2727786356174027248
150 259 -8135185438469688694
150 260 -1244480943845572086
150 261 -223123913106569776
150 262 8370281593965914562
150 263 6362829190725978408
150 264 -6006435934570916529
150 265 8657141804996232184
150 266 -5413747173390376410
150 267 1659000829860590751
150 268 -7872579501490267144
150 269 -5559096966920958951
150 270 -7163149398997337546
150 271 -5006599836312518580
150 272 2163400186439009760
150 273 -8202023548339618346
150 274 -8425199386478909687
150 275 -8697618328265671464
150 276 6550961695020085053
150 277 267284603436669247
150 278 4099499234115221815
150 279 -7519944541245214190
150 280 17983010319717856
150 281 7316896997361166270
150 282 -3827336612189572869
150 283 -5522286962724579259
150 284 5584294087591525782
150 285 8293025447889960433
150 286 2593634335521969130
150 287 -158369263912567665
150 288 6006494701008298361
150 289 -5276562359327222720
150 290 4832540655832842073
150 291 450288362747387350
150 292 -7760654454060383354
150 293 -5218644220158202810
150 294 9046501417749237267
150 295 8727808829061925440
150 296 6097774143114182435
150 297 -6344703463242054003
150 298 -9023696710601664360
150 299 -3121557468039024667
150 300 -176156460506130633
150 301 6391376556132684060
150 302 1962573280503959365
150 303 -226380994133444100
150 304 -6082994045706136047
150 305 -4079793359111292007
150 306 7037205577260937305
150 307 -5715521795041452935
150 308 7439451561549876643
150 309 7209789813891932606
150 310 427997788886014323
150 311 5326762210892594835
150 312 2090866461791981956
150 313 7919231983225435283
150 314 -7684528639675940627
150 315 535931020650571817
150 316 -1690772602086729603
150 317 8169713421433281043
150 318 -2137509919339849340
150 319 6947335509371032699
150 320 -3129448836038093237
150 321 5586872306862642161
150 322 -8503884033630184895
150 323 5804837206531188245
150 324 -5545827769074476229
150 325 6094314657359532946
150 326 -4200213793237695259
150 327 4848346660131198117
150 328 -4425597559117044057
150 329 -997110063582402372
150 330 -244705622898856958
150 331 6910732504238437677
150 332 -5498052715901750861
150 333 -672774121667389033
150 334 -7627623643431162923
150 335 -6359503766041472762
150 336 -3363992917914806292
150 337 -5042947641129210141
150 338 -6599540102650890698
150 339 170158014007851223
150 340 7743704766558340976
150 341 -1772212928788893414
150 342 4273998758105879796
150 343 -7462953503244557213
150 344 -8420840051979168736
150 345 4811123588834982272
150 346 2471170434298422542
150 347 235712785537594621
150 348 827645087042249621
150 349 -1336822566267854011
150 350 2143563251110990791
150 351 -1153132417095434834
150 352 2596350043097821863
150 353 -7950465793260363279
150 354 -9086032825464818275
150 355 -8535709425219859397
150 356 -8954791910404843005
150 357 -3615794497083374713
150 358 6224631312165316495
150 359 6781799975311297183
150 360 -1692432059720687036
150 361 8803448842363763554
150 362 7838727075442113537
150 363 7404007705311110878
150 364 9113683923240026999
150 365 -4493196962912232046
150 366 3387189975462707319
150 367 200897078527216558
150 368 -2023861871944599505
150 369 -6921087364589072556
150 370 4377228312811087855
150 371 4867064686030780716
150 372 -2015475091342715896
150 373 -35173056733697739
150 374 7316257212524669005
150 375 9073088185983032450
150 376 -7568420652547329426
150 377 -5302727060235917844
150 378 237607996968778133
150 379 1537736260136232020
150 380 2219197347036946414
150 381 -3243434473051747346
150 382 -1716284396029237773
150 383 2730602918809957931
150 384 -8435046827322133203
150 385 -2047698379114763319
150 386 -2697425029817333152
150 387 1254218286867693351
150 388 -3454786958088153435
150 389 503032146110627863
150 390 8407582387197037387
150 391 -6928732145989170248
150 392 -983584738373586212
150 393 3350280349162004931
150 394 6444361252335288540
150 395 3508786565594286963
150 396 -4168362668104699053
150 397 -5260724606044650677
150 398 7506531763584797705
150 399 2544904731463922328
151 0 2138707866879370978
151 1 -9173981468027133203
151 2 3895600511959103424
151 3 8441110240089149538
151 4 -4369662818684148688
151 5 2110077652039558398
151 6 -6503660184203795751
151 7 -7544968698572525642
151 8 -62595523867301427
151 9 -8788484358788645493
151 10 -6635451463619723038
151 11 -4948700280777595979
151 12 -5937491900768422886
151 13 4653607158636647382
151 14 4978030166852132932
151 15 -6592088101579115878
151 16 -8042591048273643765
151 17 -3140534954409260601
151 18 -787973768450011063
151 19 979741299531388032
151 20 -6569965466301820831
151 21 -6930756152698654301
151 22 -4558844497004103864
151 23 -6228167252899541864
151 24 -6920316105909989571
151 25 -1882025989620323024
151 26 -5333343341044378407
151 27 -4035339276911905925
151 28 7985020877217969761
151 29 -2144897152217175939
151 30 8945819846398206536
151 31 6231492220410388580
151 32 1077269248558588153
151 33 6761971209486343262
151 34 -600327075431864999
151 35 3288702841828316999
151 36 29895524410638952
151 37 -5540111183410427849
151 38 2407886219669689122
151 39 -5259226449968902491
151 40 -4197320502954661358
151 41 -4578924956841082301
151 42 -4550607161891675377
151 43 678745124121770640
151 44 -4323504899324527083
151 45 -9184078718321574841
151 46 4436036034589121292
151 47 -7888717415529166342
151 48 99525789898027408
151 49 -7049963319908164848
151 50 -57935691205341370
151 51 -5810782364927266790
151 52 -6283834728582724836
151 53 -3675811100902114268
151 54 -1272755493116395092
151 55 -4937182345407551449
151 56 8248686134893351334
151 57 6886871645753915909
151 58 4430787831004771619
151 59 3537754731201478397
151 60 1710043965257751555
151 61 -2761144396776462676
151 62 -1319463216591577631
151 63 -8997557298858303908
151 64 -7735952307411581582
151 65 -6875314747558484026
151 66 3837302656341200817
151 67 -5912669832872322261
151 68 -1265935711257663272
151 69 4844630477129945175
151 70 1902223759043676045
151 71 154215259288918684
151 72 -6897518556061385144
151 73 -6966029555934634735
151 74 7637440254909812099
151 75 5258939503218565307
151 76 7700269560429627411
151 77 -37224274027203001
151 78 8846080771934228162
151 79 -9197362637659002054
151 80 3459402522660482132
151 81 8393560076251632129
151 82 1007635015386662662
151 83 -9051984297690863950
151 84 -3901531629711088458
151 85 5261586766823363092
151 86 -3463432593401120297
151 87 2281199942414548827
151 88 7640610636966913294
151 89 2638439974755881882
151 90 -1687397322968573639
151 91 4272399545114726679
151 92 -4656613034721011923
151 93 117823362873650398
151 94 4973751950925804205
151 95 -7185046971240787835
151 96 -5609773829630662860
151 97 -1938064079515487950
151 98 7984465658263024109
151 99 5105008502604679793
151 100 -3315052678733787517
151 101 807153031397054791
151 102 -6056278717184087486
151 103 -4064981901479984203
151 104 9162860953481612145
151 105 6308665754307054560
151 106 836173443950148250
151 107 -7265648263762831795
151 108 934516216439293474
151 109 5960645061629239543
151 110 8207874705060406128
151 111 -3182492340547915432
151 112 -8989253117169131317
151 113 -4433778052820799672
151 114 5853216781865387779
151 115 -1718129523038448972
151 116 -2687152239439771440
151 117 306574644394735370
151 118 8289197692404215313
151 119 2548476427658689495
151 120 6644836604163504518
151 121 6927216450594884309
151 122 -1787327994814531817
151 123 7778629249368770098
151 124 -8025770537951206654
151 125 5762710508077812260
151 126 9132901808483763388
151 127 2365325201028680510
151 128 -8012231624428645492
151 129 -3652903555502724586
151 130 6720115391912060592
151 131 -1915008243061036585
151 132 -8088042755830358412
151 133 -1447114038492811483
151 134 -7084804375682844187
151 135 -5461655254815211285
151 136 8617522459715469639
151 137 -2204618925157105223
151 138 3927563509469419982
151 139 -4161953248293510231
151 140 -5128430134446166658
151 141 2387497988830539363
151 142 -7669037410174580646
151 143 -2588337845924987300
151 144 5983562014766878996
151 145 9053863326740205530
151 146 -3792006393788964554
151 147 4889403882384915374
151 148 -8538901444864338127
151 149 6742547878453021059
151 150 2133418272826566293
151 151 -2211986316107101782
151 152 -8953321249293150838
151 153 6314111816212642759
151 154 3347934579567029240
151 155 6598923589277940338
151 156 1892229865608409265
151 157 -5039519214544849557
151 158 -5116509751566625929
151 159 3358155501704862116
151 160 -7909575412092293854
151 161 7220957652599498185
151 162 8384735003588371948
151 163 -2151273527656005313
151 164 8684845352682484360
151 165 8217440492138875509
151 166 -8930074130697040529
151 167 -117129026141479392
151 168 -131301552790869090
151 169 7239748045535665216
151 170 -2472810154890818834
151 171 -2697374483347157522
151 172 -6216381289207387346
151 173 -4674425237811791222
151 174 6843472347268082752
151 175 -8698392014841510190
151 176 -8465939070044938569
151 177 2318770568628454463
151 178 -2368565830491485217
151 179 5279416373706789801
151 180 5229904218549180093
151 181 -1498832697295245915
151 182 8236459401497770444
151 183 -8720280845213485038
151 184 8878121466509526108
151 185 2924443786732170147
151 186 -6176957510942784262
151 187 -5535950955712565933
151 188 7893939439587221983
151 189 8993695659291368092
151 190 3748757352880014334
151 191 8870299056748325823
151 192 4326466591198365384
151 193 795805940414688587
151 194 -1136484567975116230
151 195 -4686054671025266311
151 196 -6259342975101605673
151 197 -2656363074334326491
151 198 4279231600250801282
151 199 -4401011729519059539
151 200 -6194343443806310443
151 201 -301775855719253403
151 202 1821193027524910395
151 203 -3361327916573914654
151 204 -2959054092783633341
151 205 750266928691104623
151 206 -6317613169483148480
151 207 -4771476406665207286
151 208 2005997484465546437
151 209 -6573066562881321675
151 210 -8366088264621354085
151 211 -6478333847426831317
151 212 -1085143608106412402
151 213 -8747686048816743730
151 214 -3669884885091286308
151 215 -7167692991206420060
151 216 -5901664322351743029
151 217 5216680291331641539
151 218 -8505670069185057098
151 219 4670324610833442593
151 220 -7500754432016620123
151 221 -7766370485489413320
151 222 935162259641525511
151 223 -8809126823911429189
151 224 3103215415981844087
151 225 2021355417314078958
151 226 -1604319384184081722
151 227 -3539895015533526806
151 228 1997498757112031017
151 229 -7997896526123900988
151 230 -3174880117987889612
151 231 -7549915149290753452
151 232 -7472141301032710936
151 233 5236808110043270125
151 234 -7502247304845373610
151 235 3952007718446438558
151 236 -647533952959781453
151 237 -4241346026153595341
151 238 -3739507241685107278
151 239 6813796282707108802
151 240 2602351061817707338
151 241 -7203222077694323944
151 242 -4998822636921030145
151 243 -1588331445517033122
151 244 -6473446931472358566
151 245 5433454123733128235
151 246 4839776849655083788
151 247 3193462149755509921
151 248 -1124431325856981356
151 249 -3115125260951370735
151 250 -2150235930691219941
151 251 6615972164998050560
151 252 -1497239115072690404
151 253 2625550121000989657
151 254 -2797022523864430074
151 255 3342676564969764019
151 256 -1035762925238579778
151 257 4868339346812330621
151 258 1437312301516705219
151 259 138081690636372130
151 260 8713994848052780857
151 261 7162667942727818198
151 262 -2298084073567564719
151 263 3194622304508957839
151 264 6354774612299792886
151 265 4942955461457115412
151 266 -4840918063680568688
151 267 -1956542238264710898
151 268 -4432475395842603815
151 269 -4966135223804487692
151 270 -8326086013956359578
151 271 -9211472904278174339
151 272 -8461281563881370756
151 273 3798508871489539672
151 274 -6622995331776338350
151 275 -6705568856072539164
151 276 -6375741315171825353
151 277 -8785707254722623289
151 278 8907272121869997503
151 279 8777254571921975055
151 280 1130075562445291524
151 281 -3436333479368642818
151 282 6660769725363612008
151 283 -1737839337486660495
151 284 1601989483240604556
151 285 7442284439068235656
151 286 -2626587704603245652
151 287 599613792923679633
151 288 -4657361314452017887
151 289 3347673841072839204
151 290 2525170305685446959
151 291 -4231287706900306216
151 292 32476918349542400
151 293 -2674628329743033501
151 294 3567966595039423630
151 295 -8684275307919831399
151 296 5237930155424787052
151 297 2125116086508654407
151 298 960493685295695606
151 299 6901513811286545196
151 300 5324049968994425522
151 301 427619472630504865
151 302 6825711668175513037
151 303 3763580982430820877
151 304 7007487393288793832
151 305 -6234128664961475040
151 306 7783527381663715733
151 307 7642116131981569548
151 308 -3657124741916200111
151 309 2399487559564633283
151 310 8397904061120901148
151 311 -5252488170127124403
151 312 -2957513988471761228
151 313 8143162978435729800
151 314 7329420990607674366
151 315 8253773077245549406
151 316 -2633287221623192794
151 317 8620681054109530540
151 318 5699223332504315164
151 319 4199132491996658072
151 320 -401725494802143757
151 321 3736783509004341993
151 322 3480952926545975848
151 323 7873878891562970346
151 324 -5009230272804358665
151 325 7026179061114347219
151 326 -5140308062249099384
151 327 -8361573348342307190
151 328 6069712299816896997
151 329 6268143659821173388
151 330 7822747297333265974
151 331 -9152964702817522608
151 332 -3429630126502845903
151 333 1235446766359619545
151 334 3639307177285717828
151 335 4190980615654995680
151 336 6711539299118257523
151 337 4299001425649858116
151 338 3620699016467543351
151 339 -1237581658257591026
151 340 9037490808181768034
151 341 -8443364440213952599
151 342 -445796995686601445
151 343 3043592338424748288
151 344 3026323061509005736
151 345 -2237908553625668238
151 346 898855870513685815
151 347 -5366299112438253986
151 348 1429933512056752704
151 349 -4124318948581289838
151 350 -7285209398861833104
151 351 1930263199240643762
151 352 1783731898265758247
151 353 -3826696787086492280
151 354 -774105945577663491
151 355 3753147580592921067
151 356 4577976864211235853
151 357 -7275814133048258230
151 358 -6681682678475413081
151 359 -9180081542193458638
151 360 -6513068437587280809
151 361 -4082280353745011971
151 362 9062334574317084793
151 363 -8398589391778293368
151 364 8822754876737717296
151 365 5096241020031892811
151 366 2212219653012957295
151 367 -462906542304923288
151 368 -6902497445870043725
151 369 -7585083739549283825
151 370 3598711758504712322
151 371 3187563418763054505
151 372 4000097521878590428
151 373 -894885559255819341
151 374 1869378679672240164
151 375 -3060469581702386831
151 376 1957294195775982662
151 377 1207759792065912805
151 378 -2836533039952298426
151 379 -1007775870111955250
151 380 -34090834786391005
151 381 -7115193357982812636
151 382 7199754176266259510
151 383 -4531991756759130756
151 384 -7883611879901066994
151 385 -3690966288167713362
151 386 -7492009937220507274
151 387 5553304682355241397
151 388 2127459695119753443
151 389 6145602963467589740
151 390 9189786217668720386
151 391 4592490207413984911
151 392 -9040174300706533804
151 393 -1226049330531732513
151 394 -3923571020896713029
151 395 185139082635727717
151 396 -2598667940517902616
151 397 -1768944867364178642
151 398 4484304092844796540
151 399 829410219618524878
152 0 -4996012326619628702
152 1 -4273479001781754141
152 2 5082078901541084654
152 3 -8828603406638489838
152 4 -4107250606216340150
152 5 -1568328026924717733
152 6 -3883703479969140421
152 7 6562735646033881616
152 8 7199077931871189848
152 9 2965190248397796760
152 10 9013642356746460688
152 11 -3694992332655861599
152 12 -938898810867612886
152 13 -7927653491435532884
152 14 -5897825965733370922
152 15 -8807676167136105192
152 16 -4504236362695444900
152 17 -7108018607262332265
152 18 7237858354325700415
152 19 -532234354179264847
152 20 3088262940441954544
152 21 4016082518702128300
152 22 5532081095883501578
152 23 -8894817439397946535
152 24 5343742813982213575
152 25 6514174803353884514
152 26 -9196973557082683620
152 27 -2851495640990567080
152 28 1287994215928020218
152 29 6347574870295005721
152 30 6910800946805058520
152 31 110478464745112284
152 32 -8757351501024557301
152 33 -2846002398771523303
152 34 -5305105493056145173
152 35 727179606877899822
152 36 4194624671041510390
152 37 -6913281492878271731
152 38 1901821777859450712
152 39 -3957718952264031573
152 40 7705031126549921489
152 41 8492712459451877026
152 42 -4185386317086347913
152 43 -956605166651921754
152 44 7291817734884477353
152 45 -4844669366949662
152 46 6290103230766047343
152 47 -5494203459484764052
152 48 -2081098438559674198
152 49 -8243465460727140999
152 50 502214107624008400
152 51 55126731459940325
152 52 -4850523791476701064
152 53 883362950585459736
152 54 8072974849327986694
152 55 9196674655645940718
152 56 2283306402696099349
152 57 -4047691260375871646
152 58 -4810563976820139898
152 59 -5777305121077853167
152 60 2089186575238988724
152 61 90485526928458420
152 62 -6299615088294676967
152 63 -2960451107248453299
152 64 4258446915160985329
152 65 2423226243871664409
152 66 4026105634066734720
152 67 -7316680442708806366
152 68 3802426349988361204
152 69 -8006798612456165730
152 70 8820841036688527818
152 71 -8467579487570964703
152 72 -2505375045702712539
152 73 -1601761035447313274
152 74 87033615590991130
152 75 -3016093880177458772
152 76 -4004018825711389416
152 77 -1435611453473106276
152 78 4957708058558348532
152 79 -7221374786116868148
152 80 8231913202541356030
152 81 -1816111041685074970
152 82 -5615812521367578957
152 83 -4801521686478574923
152 84 -3414137957886997583
152 85 8408028393359262835
152 86 -853897385102155763
152 87 7811059786170242178
152 88 -7519432236292852855
152 89 5856589750222378714
152 90 7303275598816261537
152 91 4841565226422566925
152 92 8970751439581301874
152 93 1643662691684728278
152 94 -2857158378420469631
152 95 95768233553927048
152 96 4441380205257513800
152 97 -7181490941600970732
152 98 -7346169165800166265
152 99 -7721281234148744548
152 100 4350183758901490494
152 101 7499579279477150037
152 102 8569173877884724290
152 103 -7715651730274262264
152 104 -5996984928209431740
152 105 5099787953133587934
152 106 6961361667305746697
152 107 7001464432886122454
152 108 -5696442867534742278
152 109 3528967283641667733
152 110 6905657794373543874
152 111 -3599052743907116861
152 112 -8944200854440873185
152 113 6923998299713598147
152 114 1126191373357489311
152 115 -1215406469148133509
152 116 -3150452407456304995
152 117 1174486353642947925
152 118 2504867316133033980
152 119 -190409985712971827
152 120 5487106461657659767
152 121 -9201733631930856084
152 122 -3883744271711844618
152 123 -1646437966098796162
152 124 3249408441226950868
152 125 9074491873925401717
152 126 5936106508321544666
152 127 -640734648378273524
152 128 -8567972869463652588
152 129 -3981852760842902835
152 130 -6625057508379047287
152 131 9148682246477041994
152 132 -3779380161616310639
152 133 3638693824974204582
152 134 8043042615064540802
152 135 3005020882581773681
152 136 2218478591658598917
152 137 -8814342855588682847
152 138 -7040056467645166539
152 139 -1170703133989401145
152 140 2073739517366962067
152 141 842898035012267198
152 142 6237844164094290706
152 143 2223184048577146769
152 144 4695053599653080851
152 145 -647834251555383824
152 146 -756168652926305573
152 147 -3158546255474146564
152 148 -800036535683681979
152 149 8786261141310976396
152 150 1017322718861820901
152 151 -5567499174495636126
152 152 6205754521480869901
152 153 1500045640694818844
152 154 -4354666133496000823
152 155 1961981512145546044
152 156 -1946520161413934689
152 157 -7029929031016098518
152 158 1099592263934607061
152 159 -3756726322041156532
152 160 -3654376346749595111
152 161 -6783159838639200493
152 162 4588043367439741815
152 163 -9057579004026447256
152 164 1214385109296095681
152 165 4319436715673600245
152 166 -1813808507440297732
152 167 6341476184412334360
152 168 7742215099131440843
152 169 5835072584291050627
152 170 6451217592717539017
152 171 860536795762978258
152 172 2424376795374724084
152 173 -1764786881784808688
152 174 6842915156941278776
152 175 -1396126103065789941
152 176 -6609523362063971314
152 177 -811967864898859624
152 178 -8447349493663365043
152 179 -1357319698683095415
152 180 -4127817205550321861
152 181 5053312638345639930
152 182 -3571173162407504627
152 183 -2200085729480418820
152 184 8882766888668306739
152 185 -6185063104424200018
152 186 1771356900200748917
152 187 4375981431619896585
152 188 7581285627300008214
152 189 4606007467146308540
152 190 -7527257385702918260
152 191 -7135736176982865190
152 192 -5971056209913067889
152 193 -421331735986924622
152 194 3185354540638846033
152 195 7037700832847698730
152 196 2722425303994741355
152 197 -3591413178201675721
152 198 -9057379334994359776
152 199 -3197748155872860549
152 200 -4773731150137991817
152 201 -2581766396493345690
152 202 -3928406074838759439
152 203 -7726755399496679152
152 204 -2248461377763743435
152 205 -7234944064970838847
152 206 -4199201102078187856
152 207 8163403463696279028
152 208 -6735873617583925688
152 209 2139409026347937463
152 210 6431169342805576340
152 211 8580523072023294253
152 212 -441584856544755209
152 213 4085968314311841027
152 214 1527522478213504839
152 215 7655826668552980230
152 216 -5296297636440272713
152 217 -6314720940184843503
152 218 -3951178499426712573
152 219 1413384780855789125
152 220 -170574179728427045
152 221 4689083505549780771
152 222 2030846632941439994
152 223 -7268066726785831098
152 224 -708341111097902712
152 225 -7895956980257905800
152 226 -8411378254463843896
152 227 -4471371330403424259
152 228 4472721226845571174
152 229 7992671172276106882
152 230 -5984927066899068109
152 231 8453319997620129972
152 232 8207886179841950663
152 233 3359542634376247255
152 234 7701762695354117757
152 235 -5755687484681894653
152 236 -7064844578862783362
152 237 4230741651913219527
152 238 5389009633431775969
152 239 2541233063337637270
152 240 -5502318475478297346
152 241 3135492713217163900
152 242 -5882086669063739808
152 243 2082312675706999649
152 244 -5969057763422721599
152 245 -2665355526932611722
152 246 8593798828090571585
152 247 -2608572390940858867
152 248 1925756478403231625
152 249 1912157686174033498
152 250 7399200754120064528
152 251 4157077764167203394
152 252 -1841896009259429954
152 253 8720599392173234298
152 254 -3823724014279090358
152 255 6650258926716974229
152 256 -1877525154972177290
152 257 -446262616009607588
152 258 7379440647561062289
152 259 3697801199663619845
152 260 -6795583292967949278
152 261 8910627010162804037
152 262 6397981671030343160
152 263 -3065182821834033047
152 264 3659520962368243038
152 265 -7459908925799522636
152 266 -4520703475805012108
152 267 -452579075848824040
152 268 -7339136024599349273
152 269 2401949434775821485
152 270 7260241078114204609
152 271 -2460227112305222450
152 272 -309915047874616163
152 273 -2149925507343728330
152 274 8519685743032996611
152 275 -4388766424283710934
152 276 -8744557255148948333
152 277 7938296952322505102
152 278 1279826114820429763
152 279 5036617107884432454
152 280 9106017392133329568
152 281 8230859027797920008
152 282 -956028548924397200
152 283 -4530516923682611306
152 284 4504310618456594578
152 285 5723848880959988156
152 286 2872340702902523328
152 287 2285067262957449579
152 288 424541077524111049
152 289 4871654667462722829
152 290 -692149757813371816
152 291 1900992253181595670
152 292 5098083173855522934
152 293 270210282568936974
152 294 -4305287377993885137
152 295 4979438413657245667
152 296 -9086523445531912767
152 297 1364446383168763372
152 298 4047478414123904178
152 299 -2219033042046114064
152 300 -6213473946122739186
152 301 -4474147477326501351
152 302 -6251907924055053468
152 303 -1049463010010563199
152 304 1001888127248058480
152 305 5414315989114314266
152 306 3200972129816393432
152 307 55490192672622272
152 308 6993403250023486742
152 309 693463088605816136
152 310 871331233631090521
152 311 366693687147414010
152 312 7961565180689854252
152 313 -1807107920552449540
152 314 -4464231222148960526
152 315 -5890481201667908379
152 316 7600610193304648455
152 317 7748219669871852115
152 318 -431531671164652085
152 319 5809472496690792878
152 320 2526473023510774434
152 321 -4975300076774615050
152 322 -4455108491416271321
152 323 1242405673573012490
152 324 -5881824270814939677
152 325 2223973428012741649
152 326 412569431225613610
152 327 -4924056602741456963
152 328 -2806752529685093793
152 329 5719994597334157236
152 330 3123872596970419974
152 331 8857404296147070128
152 332 7979267795436338547
152 333 -1740195066241161432
152 334 184775290983363623
152 335 4162962019628571463
152 336 1726962875183894035
152 337 5602615915138528502
152 338 4363212976723619058
152 339 -1576803812866074291
152 340 2925713347369964051
152 341 -6330685312478454574
152 342 5438364828855254549
152 343 -5038049836357679527
152 344 9840329045413390
152 345 3633271760528706379
152 346 7352345635715947918
152 347 -3683644316232296055
152 348 -8847167066667303724
152 349 -2646785545073533493
152 350 -2658227681550193061
152 351 8646947537840913714
152 352 -8815806407861475571
152 353 -1459436136587930624
152 354 -5275888643012939261
152 355 -2916901262941226373
152 356 8152865019333259805
152 357 -3090655253317558667
152 358 -8060435824367235234
152 359 5162093661479445445
152 360 -7146176781662213515
152 361 8577512605221841521
152 362 6386175579276883321
152 363 -793669995756426949
152 364 -6701433465968609681
152 365 -8890615585407188207
152 366 4604312260787690241
152 367 -6099919302873039820
152 368 7076692979936865980
152 369 -8469510196371399849
152 370 -6623381342797228546
152 371 -4917262235715488995
152 372 -2767164683213302017
152 373 -7873964305961990327
152 374 4907290682948298093
152 375 4558258394443179078
152 376 -1690691658618672613
152 377 -6491767451421674091
152 378 -5579385253519650849
152 379 -9010842906806187075
152 380 -7423834639528703002
152 381 629141722868485458
152 382 -4737142149016146787
152 383 -5432299075993466225
152 384 2525512467921853339
152 385 5397315904857473019
152 386 -3594575029549626570
152 387 1479816460474918953
152 388 -3224051649842650065
152 389 -187276687053242042
152 390 -5426804921770642830
152 391 5984648429513122961
152 392 -6589226719822713186
152 393 2497540100002910265
152 394 5721511503672995731
152 395 -6611801868509938081
152 396 -8187525887566386717
152 397 8902588799654562845
152 398 6212312007190995235
152 399 -5824859124911449113
153 0 8051900781208520148
153 1 -2961751073662323142
153 2 -9156371142838586949
153 3 -3444899615475229851
153 4 8679760818406763559
153 5 3575491423259904135
153 6 2996352280323237754
153 7 2943657334670066205
153 8 1625786544545024797
153 9 2883377636369298994
153 10 -7385063028520537168
153 11 -3534788915753993958
153 12 4241938175033309453
153 13 -7696883034350741241
153 14 -3800369191345319050
153 15 5539326176532604379
153 16 5831893738857987690
153 17 8934508803945460800
153 18 -2180618466624412964
153 19 8084595382602552245
153 20 6816433141790396325
153 21 546483644318674137
153 22 -3870919230117016279
153 23 4783652129929366193
153 24 1642020279778762003
153 25 -5440660438311662381
153 26 -5821769162749038053
153 27 8427896910113225764
153 28 -2402030053731478351
153 29 1543924191535314382
153 30 2547143552868820941
153 31 7255740627884011170
153 32 3624026880087744903
153 33 -6211245297201114499
153 34 8426920574334759174
153 35 -2825477739799524763
153 36 -9181564363027880766
153 37 -5007720611290048360
153 38 -7199745040095299192
153 39 -6171710257858244115
153 40 -8893536205899316792
153 41 2773272341441188513
153 42 -195046221302242156
153 43 -7563991820184088795
153 44 -277599211731724951
153 45 5120317524882197950
153 46 -8016741109323125340
153 47 -4835091298394752801
153 48 -175293706695201745
153 49 2950163805552075924
153 50 527942106130446865
153 51 1074283788315027002
153 52 -8328637040630679572
153 53 -7163019865409356611
153 54 -2509653846611660653
153 55 5175560682499802479
153 56 -7238402826287986832
153 57 -8185177072224502959
153 58 2364698962932314489
153 59 7778906768846976375
153 60 -3341471458916258806
153 61 -560138997278926877
153 62 -391692325371127189
153 63 2590385809741699682
153 64 -31064625307399541
153 65 -709825543602301082
153 66 4632260653365835918
153 67 8046843565642738425
153 68 2683130249512106135
153 69 -8222652004998270358
153 70 1789846792231497839
153 71 -7366734925766379764
153 72 4079499658830297717
153 73 -4344782486915322063
153 74 463885744444068340
153 75 -5391993038550610206
153 76 -1521317533917412390
153 77 -522940593682179554
153 78 -7560346070635142228
153 79 409949729259979780
153 80 -1180094266433908843
153 81 2602505036896045163
153 82 4519221174615519047
153 83 -8946444295943391557
153 84 -4126726516102979482
153 85 2929064515268636437
153 86 5713907383247472790
153 87 9103917330993185904
153 88 7062652152577020366
153 89 3494375935910108592
153 90 114636339355427801
153 91 -958290233924429263
153 92 1227446847346815112
153 93 -7857862678583218301
153 94 8923322340823150485
153 95 4248531431540192755
153 96 -4782386835763337267
153 97 4872270466230978541
153 98 7637460235548192825
153 99 4863449584086738687
153 100 -1069735849702738052
153 101 4338587674378928381
153 102 -2794655052386873487
153 103 -5562383822848978905
153 104 -3864801357974728645
153 105 652595667092924156
153 106 2871954639827096483
153 107 2760439150502789003
153 108 5151074634081544245
153 109 591119860201881923
153 110 -6806485657176851872
153 111 1742752355718504503
153 112 -1614243392990577485
153 113 3660426251725684788
153 114 3137290652391001635
153 115 -4495994188601933411
153 116 -6763438856427110581
153 117 -6169502245959812068
153 118 3208477116580380768
153 119 3413342794681996424
153 120 -7940355700081205206
153 121 5837001880498085820
153 122 811249576162262345
153 123 6732566662831322093
153 124 3713232860143649171
153 125 3092415862504137353
153 126 98362095876002979
153 127 -7793519851296999300
153 128 -6041292201878203416
153 129 8841648146914786888
153 130 -960987623257709995
153 131 -5749211115278460203
153 132 4426464228815932146
153 133 5581612412455018309
153 134 4383363467082162863
153 135 -924912030999377746
153 136 -1427367348150138607
153 137 -4758838509311311214
153 138 -277081875576119766
153 139 -6586271750447454728
153 140 6246749489567714187
153 141 7284090020089678542
153 142 7503838837800708455
153 143 -3304656791866947747
153 144 -1531040566578733874
153 145 -8314601775543262442
153 146 -8568672374997434160
153 147 1637041988642129778
153 148 5739395719708775929
153 149 -8858674343409865550
153 150 -5029956330153992335
153 151 -3258499941019211227
153 152 9214772242796548941
153 153 -5381223509630240257
153 154 -1220740813944393358
153 155 -7651573207396375832
153 156 8730748519483591057
153 157 -7047165966388446915
153 158 -1798574207392939729
153 159 -333090606151578979
153 160 7287355111187179010
153 161 -1311660526279085465
153 162 6622498855200547187
153 163 5129479011496068817
153 164 2366944324713057057
153 165 -6235814508926849115
153 166 -8021062140556946629
153 167 5059336679125429416
153 168 -8366805712487394146
153 169 3975788441313422136
153 170 7855898490432646152
153 171 8250584872772076320
153 172 -5651527795754144356
153 173 -664315932178936490
153 174 3621059600978068653
153 175 -7089617745409083605
153 176 6522364943659033645
153 177 -3204840612235286299
153 178 -7773496886725331384
153 179 2944874194031201351
153 180 -1967014227143504638
153 181 7447540442625924795
153 182 -380256109024829523
153 183 6279081559075344883
153 184 827966607103774771
153 185 1601964967790003888
153 186 -1440699322562970309
153 187 4353029896321533753
153 188 137315160071854316
153 189 8071643282598285856
153 190 3527615515125564621
153 191 -3714224818759211722
153 192 -2750938740229330081
153 193 4257477835673913656
153 194 -6475996381191489344
153 195 7328460395197458885
153 196 -4482015304505363926
153 197 5396975248287003492
153 198 -7301835457083232050
153 199 -7607962939743703138
153 200 -3674799432910853285
153 201 3758107760938127077
153 202 -6476442551058930885
153 203 -3418592427710057972
153 204 7892419161978317614
153 205 3236470360338976006
153 206 -5464955014264084217
153 207 -2286894542184360891
153 208 5278910245127936779
153 209 -2974406598441914507
153 210 1173442989755674111
153 211 4452300322673329453
153 212 8201299963343103457
153 213 7537386096532355335
153 214 -3640271230732070953
153 215 5688550275206579917
153 216 -5691626660339813336
153 217 7424555732257181010
153 218 6155765414220104320
153 219 5752021310658609884
153 220 7242002844561967296
153 221 -3411856605302789086
153 222 -6715955336537320596
153 223 -4019200266846219814
153 224 7579987754595946112
153 225 1822394439762268457
153 226 -4907033821299029222
153 227 7773226226199929388
153 228 7607912472388157720
153 229 -8211807265114909635
153 230 -422716009792310431
153 231 5593173158429556753
153 232 749532036126334821
153 233 -1413155408475950331
153 234 -8558267481545582808
153 235 -4125177985918421773
153 236 -8290898963644857170
153 237 -4946110275053750032
153 238 3544239311777813839
153 239 2085437302792688165
153 240 -4706453402663515672
153 241 341664076931243256
153 242 -1087624350780599983
153 243 -5425656190697843930
153 244 8161293093798749519
153 245 5728015849632232007
153 246 -7320632756086949720
153 247 6649318925017271172
153 248 -7145541691612262914
153 249 -1715474948230959812
153 250 -3176746593572244931
153 251 1256848424580352956
153 252 -2989306288599297858
153 253 2700504742224439372
153 254 -3482605651703827861
153 255 -5632530210967328476
153 256 -2604321646246903184
153 257 -490265272042733803
153 258 8924154478050079315
153 259 -5950274149418343972
153 260 2415301036679421059
153 261 -77231577736312500
153 262 1893069338666821930
153 263 -8892279125165413519
153 264 -5562231917446082547
153 265 -7010717969946769685
153 266 -6830794485424396156
153 267 -5670639179624642210
153 268 -6226639989812207565
153 269 -1978809123426940297
153 270 6712099495216823100
153 271 1454691340695540240
153 272 3571465567949431872
153 273 4247954363061056079
153 274 580441899928818017
153 275 4213953594275724537
153 276 -546556985446863469
153 277 -1319761218226909167
153 278 -1354989368487910532
153 279 -3290802602874054906
153 280 -7067563898407592233
153 281 2964873099924322021
153 282 -6563076426277525011
153 283 3612112821808982497
153 284 4594055380053185700
153 285 -3524443240243365200
153 286 891907117440065515
153 287 -2226827441896423201
153 288 8270844712582825072
153 289 -2594662102885652177
153 290 2057989864207186461
153 291 -1205181448067512767
153 292 -7848180594835583098
153 293 -7294615476011130129
153 294 4386111140625402840
153 295 6568977797731120824
153 296 6785390989961635055
153 297 1093938805000572171
153 298 -2565384165195676430
153 299 7896313122918615401
153 300 -3804232910160584059
153 301 -4827177494591034826
153 302 -6177016698082477529
153 303 5278080508084837305
153 304 -5765990455991237569
153 305 5965056523665963020
153 306 -3931410994364402349
153 307 -6208393376783523638
153 308 -804520866292113951
153 309 147200319777692631
153 310 -914812280552910932
153 311 -1321405636335273191
153 312 -8929859829449024385
153 313 9098919526569949483
153 314 6041887570368233867
153 315 -7202085536669231380
153 316 -8170288754686494869
153 317 -4999296936075621591
153 318 2800559533688459699
153 319 1618606290254443907
153 320 3056908283421845322
153 321 1292245724863444802
153 322 -2907446018947561316
153 323 -3142966269657960771
153 324 1597157684849676317
153 325 637918404618658942
153 326 -7632765127648990370
153 327 -8797355101607039978
153 328 8467757795732804670
153 329 -6351579916311267734
153 330 6686044043154528230
153 331 3483391222546775752
153 332 -4632821453187136316
153 333 -343006433351118986
153 334 -905501826715285829
153 335 -7901660514132765815
153 336 -5467246587323472835
153 337 -6227472665758260584
153 338 -3198051722584259036
153 339 -1971083824584254294
153 340 -4906792688913196448
153 341 -5971879435090353406
153 342 -9176030174186879009
153 343 7545259995172274415
153 344 -8750820713162701365
153 345 -6758689553486514553
153 346 -5457052942661297075
153 347 4501360120376106068
153 348 3958026149261698488
153 349 449735870551804849
153 350 5692952784913269553
153 351 -2462891593642949322
153 352 2943096657859137633
153 353 -1527205151081044058
153 354 -7978175486639962587
153 355 5772588052853964302
153 356 -180937098409277801
153 357 -8201641747107008742
153 358 -211886354079631757
153 359 -2096150779953959967
153 360 -7039885648683614659
153 361 -5597052657867913147
153 362 -202278788274277856
153 363 -7840511661257686501
153 364 4638838701798379767
153 365 -7967705133025948843
153 366 4169518551478837600
153 367 4820508253936476914
153 368 3851934306382574137
153 369 -2199902895037463222
153 370 -704689658656764246
153 371 492642596564792600
153 372 -8113707870035232041
153 373 5837353928178743581
153 374 -4758384967096484250
153 375 904938848688109788
153 376 -3213310836011315778
153 377 2066650647042527302
153 378 -325265811900924453
153 379 8517613561611947159
153 380 6574894303384374200
153 381 3286380841893647330
153 382 6996188665274943407
153 383 -1531919025600663397
153 384 6648206757366308459
153 385 -2314160466844616553
153 386 1539938025557116324
153 387 -3960973105110929698
153 388 -9197517702917904580
153 389 1856689951769312336
153 390 6612660557697671209
153 391 7208875416665827002
153 392 -906812328629256329
153 393 7443770726344371294
153 394 2464813432178144687
153 395 577707675299488174
153 396 -1182679374715619707
153 397 -3027343120718165285
153 398 7225567876069529883
153 399 4921543787540522691
154 0 1161448700382926570
154 1 -9133289604300058724
154 2 2499225924511256403
154 3 7177139974622134773
154 4 -4742087907421022031
154 5 -6031970889012570211
154 6 -8666960008342967199
154 7 -9151050919488201202
154 8 254171719970163600
154 9 538365265201732445
154 10 8526089127671523795
154 11 984496340125233889
154 12 -360148410216510207
154 13 5735070663060802408
154 14 4158032080448096657
154 15 -7226535420873298385
154 16 -8503354177456269746
154 17 -2276814977201964419
154 18 -1717611077403331687
154 19 -4905760295276868341
154 20 -1068957511215984700
154 21 -8163564335024130022
154 22 -6150310415723435760
154 23 -6574489835064085251
154 24 9167941437569954193
154 25 6253731609586985467
154 26 -6965621262193449305
154 27 7946649838582477586
154 28 7374163410506665232
154 29 -316481173773246346
154 30 4700700484942826808
154 31 -5264915386543335645
154 32 5518239820832356174
154 33 7897683272542937053
154 34 -3850726426006837316
154 35 -2847914164866563695
154 36 1778183244038433424
154 37 6004368251132987126
154 38 3959141437017627745
154 39 -5255485869283368001
154 40 4805617361446963396
154 41 -8568492611481839525
154 42 -4834070258879875869
154 43 -2329442739439566369
154 44 -2660115480516488633
154 45 6963371332254021974
154 46 65679109670866816
154 47 7415074658914044602
154 48 6340140099375908207
154 49 -4834464995181036509
154 50 1063363380868329879
154 51 -8411212223526078941
154 52 1812690937673143002
154 53 3094417094771203847
154 54 4838172694507263066
154 55 -4096134221870159102
154 56 5835089593909016728
154 57 -5298245737929026832
154 58 7449762161854576121
154 59 8395850810592055013
154 60 1694833635681641723
154 61 -2071523700933096928
154 62 1201309561489212612
154 63 -7749261754148851357
154 64 8809469650743309669
154 65 1527244344252874311
154 66 -384500401624576710
154 67 -3742149204508681924
154 68 2999343180524638511
154 69 -299863192709061716
154 70 -381922281807895006
154 71 -8149400231633224767
154 72 2330834912622389543
154 73 -2858064629012036705
154 74 -5513532853408655805
154 75 2991745802231680240
154 76 928009808471352585
154 77 6125004187178315994
154 78 4670418723154403369
154 79 2888554613128088978
154 80 8638505021965587124
154 81 -7598119798393711230
154 82 -645752457332779562
154 83 -4271823405037620492
154 84 -724138065043404787
154 85 -6081884485268043074
154 86 6654685485089353376
154 87 3803615008045468736
154 88 4956851864092989442
154 89 -4870622732430996071
154 90 -1087932616678036707
154 91 6056335731471256793
154 92 3722954613879124722
154 93 7169604582180315226
154 94 -2685846846221207565
154 95 4791336515122363169
154 96 -428231109884649488
154 97 -782276596620074629
154 98 5819621091226426569
154 99 -586734470087245146
154 100 -7166013588202805597
154 101 -6689965810289566116
154 102 -121213975527872168
154 103 -2380937079953775659
154 104 392688936740172637
154 105 8201627888131159702
154 106 -1682147298374386949
154 107 2957272298497293417
154 108 -7938924800555048126
154 109 8341706201725970365
154 110 2880937986333165153
154 111 -4137669414221233981
154 112 -7056142973077681415
154 113 -5397101418583016436
154 114 -4890353325308810469
154 115 -6685842308510829738
154 116 -2481671394299501179
154 117 -4421821714661603289
154 118 -982172978262718081
154 119 -4723780161989749644
154 120 -2303710902690455278
154 121 2858442964565701585
154 122 -4272000713301983346
154 123 3331918669930916551
154 124 -3176383242083800898
154 125 -4117054120881649939
154 126 -5585899578290670518
154 127 8623234614064632519
154 128 -5618351176678339222
154 129 9019457970691925587
154 130 -5826284588318501580
154 131 3443888681199218666
154 132 8058212306264805980
154 133 -7629818739461947474
154 134 -1614297010550047262
154 135 6879742585194540981
154 136 8826623773602658820
154 137 -3374212812324541830
154 138 5087134551621725783
154 139 -1895140324066318337
154 140 -8726507842223792833
154 141 7495573182924039705
154 142 3477897292033738779
154 143 7484574698880712180
154 144 -7125272065905475615
154 145 7420956978411281714
154 146 7653643147947291204
154 147 7338163450900680588
154 148 -3551509498467125577
154 149 7602100582567861824
154 150 -5134203921559146846
154 151 -4627301900307119648
154 152 8803145850606967327
154 153 5330283374368437548
154 154 9028797714966310725
154 155 -533986599657220858
154 156 5962079973736343906
154 157 -6528360769674030672
154 158 -318217504594131882
154 159 6070475825510018078
154 160 915756501533889031
154 161 4852296036914692066
154 162 2085436542483926981
154 163 1233539268159656760
154 164 -1004261814775503683
154 165 4676777054578127743
154 166 -4684958024851790833
154 167 -659216870518138621
154 168 -5560269630129904133
154 169 -4126904311814584494
154 170 6005179935272621160
154 171 4280437232950490003
154 172 6826319731062766373
154 173 -3501286746499031822
154 174 213270888825942627
154 175 4563558255633067017
154 176 -6852403032926631723
154 177 3629125888674000004
154 178 -5688247881156614061
154 179 7863301821080210827
154 180 825886965716554851
154 181 -2987200847432715503
154 182 -1282033747888915843
154 183 4847670565370472248
154 184 1794580150252210213
154 185 6427976223428800881
154 186 9102823746492768277
154 187 -5535551191210513737
154 188 -3998807843901993056
154 189 -2841537677181645701
154 190 3870805397401973717
154 191 -1403595965769243493
154 192 -6151210754702370372
154 193 3561550379000249725
154 194 -6033257087708967966
154 195 -7189065841353272315
154 196 7372799972602979894
154 197 -2547779463340087991
154 198 -6797783027047295961
154 199 -2829028047985595969
154 200 -4801168313387793891
154 201 -6227225375586520410
154 202 -7454471713805822222
154 203 8139624030980649202
154 204 1685251604898657989
154 205 40912770505590184
154 206 6232544985004521779
154 207 -1073051872254865081
154 208 -6683252362489454316
154 209 2089715400898262743
154 210 -5883441806132274506
154 211 5720041907826868174
154 212 9219701013065426942
154 213 -3518106989066519204
154 214 3037833846768756539
154 215 588614527709885962
154 216 2385647617166854144
154 217 -8800872307951673374
154 218 -2052197637042924135
154 219 4575189588966643715
154 220 -7089637894885442242
154 221 4588696549338240176
154 222 -8224001662020856513
154 223 -1730359014472345242
154 224 -8500134939756338638
154 225 2090323654036306583
154 226 -1591417488546400676
154 227 -8665795802671384939
154 228 -636314486245702710
154 229 -8410179456799952547
154 230 -3785572364627946496
154 231 6335549368575482718
154 232 6859309495502390323
154 233 -3338423435242515445
154 234 2421045742096286296
154 235 -3065991148105830186
154 236 -1502661306408180257
154 237 -1070714607293172131
154 238 -1372186913058062054
154 239 9187283767935987393
154 240 -8509192761377974007
154 241 -8220679179908325679
154 242 2304432936314349478
154 243 7740453739705954674
154 244 1823331032512349574
154 245 -7581136353118758850
154 246 -5918490580039876707
154 247 1215400507885803714
154 248 -6179944582274939761
154 249 -736696612913665289
154 250 947333881325999183
154 251 -4651523500663166222
154 252 6833484770666774335
154 253 8905688294930984316
154 254 6831880720380954303
154 255 617595115440824716
154 256 2106678825968135116
154 257 6145301216781274270
154 258 1251472471213929006
154 259 3846372912763310994
154 260 177870934198667477
154 261 1653738829475553107
154 262 -5248792053974721341
154 263 -6361765178756385159
154 264 -1676613949366327299
154 265 2705795812478603508
154 266 -8549583694844677345
154 267 8527625705331866013
154 268 -5509924269077266862
154 269 6797358956363078668
154 270 8994882418719583355
154 271 -831674228844924499
154 272 -6462972704371101051
154 273 -7576922352270921854
154 274 -4079849576189806968
154 275 -210290643034274389
154 276 2306291038440380508
154 277 4334220944395734171
154 278 -7846380224649066198
154 279 4184880791129419750
154 280 -2832266365596561056
154 281 -6939806753680107815
154 282 869923335031110995
154 283 -2723108409586174924
154 284 -1606172690508928660
154 285 -6431215174779926984
154 286 1158822821761927090
154 287 2112957681146482864
154 288 631323758759641831
154 289 -6234544076366048203
154 290 84941380854777241
154 291 4912093332401252626
154 292 8716306350194727360
154 293 -4484250192722056760
154 294 9108506234031608435
154 295 5096045652556306767
154 296 -4839524505576176537
154 297 -6076883326066026683
154 298 -3806696478176861887
154 299 6289921110974218215
154 300 -9086427890737623560
154 301 -3147647671509872857
154 302 8754651504819937677
154 303 8432869886133095744
154 304 2663135734644344240
154 305 -7897349994347178355
154 306 7871611869891639657
154 307 -8547653179277417656
154 308 6278326611112736987
154 309 6216098389712967083
154 310 4876331825412841720
154 311 6947000529188864522
154 312 5568928784820562688
154 313 8293776031042848803
154 314 6319910729690072848
154 315 -3961008502619115236
154 316 8480682877574429203
154 317 7467057543573812790
154 318 -8762823696175906914
154 319 -1825149008543588054
154 320 -3476801979102532095
154 321 6754857035313283798
154 322 1907012484886527646
154 323 -5616004054553042920
154 324 9078841705314482497
154 325 -5969321784274430500
154 326 -3405008548758702235
154 327 -6489111247944870015
154 328 2531519881247718495
154 329 -9099022863740591654
154 330 -8550138877413077877
154 331 1695575287549343256
154 332 -8052493604459751169
154 333 -572703519172790383
154 334 -3427238655450283696
154 335 7034382296995055149
154 336 -128880437284379132
154 337 -7093069047294039305
154 338 -1947092523116437189
154 339 -6620294481063851614
154 340 4817904116878329731
154 341 6540104553056510469
154 342 -4183553014049461271
154 343 4527249131032733691
154 344 -3425247658389671210
154 345 -5550248170814794923
154 346 7203207924231262678
154 347 2340951147227443495
154 348 7882351837217682532
154 349 -928973679218375989
154 350 4098880999131568232
154 351 8804451166744848439
154 352 -5079980122233215237
154 353 643527434770156039
154 354 -4984120469047879488
154 355 -3484278296521400389
154 356 -7918237443687630137
154 357 -3782712623203977373
154 358 3347180549949948462
154 359 -7734336046583175537
154 360 2538707621264772480
154 361 2211176032202640734
154 362 8478425298651956353
154 363 -8055166778432092323
154 364 4876301482494149370
154 365 -8368159711508456129
154 366 -3891175318580006687
154 367 6810150770626215060
154 368 4217176486881336670
154 369 7126906000635798298
154 370 6044065322265676832
154 371 -5083903229127753991
154 372 -4712684300541597872
154 373 2947973971863663077
154 374 -1977814814622723548
154 375 2480012776598738552
154 376 7312774485052527644
154 377 884627418199524935
154 378 -1110314761829410723
154 379 -4263702040552131936
154 380 4129925496264725168
154 381 2202690354663690077
154 382 -5758460853915802644
154 383 -3305453108689038749
154 384 -168170294294592021
154 385 -7871459623992868245
154 386 2807767917455926911
154 387 6214637753917864470
154 388 -7512386199458456869
154 389 -5075815211214956621
154 390 -9197640721340528330
154 391 5461664037327163725
154 392 -1666037392129721181
154 393 -4846811291121075288
154 394 1152327978879728960
154 395 -7626926393382584552
154 396 7095343528144856815
154 397 -4276245473364650444
154 398 1249487441851614025
154 399 811168669833232113
155 0 -3248812659336033357
155 1 -3594956889956096875
155 2 -4752818153243880385
155 3 6538971496010969915
155 4 -1668408373128048186
155 5 4166366408676572516
155 6 3035855193261566762
155 7 -8925389404327903087
155 8 7147886916882625338
155 9 -4559528772164703144
155 10 2219559600387354454
155 11 -7844154774293196527
155 12 -8064170440713105083
155 13 6094458467843061919
155 14 8562553325373337256
155 15 1117848777150259057
155 16 -8474348914376163438
155 17 -8633906734923722946
155 18 4718868862616658374
155 19 8560150386505864660
155 20 4451632770381067673
155 21 2724101772277888738
155 22 -3468424815711002275
155 23 3672017597960540463
155 24 -7122840308062728952
155 25 -3391442586026889211
155 26 -7678738920673856326
155 27 -6853345100357105428
155 28 6322075398945019876
155 29 -8240005358756138554
155 30 -7728884781593103194
155 31 3694369666437479795
155 32 4615267520142694864
155 33 -4556339957315205156
155 34 -5408418090504397075
155 35 -3770565871071409604
155 36 8728490171572497072
155 37 -5158078513682791302
155 38 8474997990994061205
155 39 -4852761288871784950
155 40 8384029985715021086
155 41 4974540853470460219
155 42 3192042943161945535
155 43 -8262693377054725444
155 44 -1720304316466557760
155 45 -7481551964850559456
155 46 -6125516839739410521
155 47 -3248489116143442625
155 48 -9068291317041757696
155 49 -1819725504337008740
155 50 8030284733466242363
155 51 3284337256899297106
155 52 1272989389834168909
155 53 6833976499381452137
155 54 -3985759353311675439
155 55 -2420234742864806823
155 56 -5379209572131805562
155 57 -3152429836208265224
155 58 -607360931639111123
155 59 -2738617725209563717
155 60 5167820205424761944
155 61 7925373093485225819
155 62 9096671391386819981
155 63 3158364754952024194
155 64 5243989615252960609
155 65 4549761870411332377
155 66 -308563649080169040
155 67 -7384687234248345791
155 68 -6924787011052871960
155 69 8901436912048008566
155 70 -9183911353557062258
155 71 -8313266078011615114
155 72 9100480173459491685
155 73 994062523924354956
155 74 7473716372603813383
155 75 4422393701026015830
155 76 879195858469722783
155 77 -8445954379899056901
155 78 -8623779881901386769
155 79 5814403504227597198
155 80 3996503578573158634
155 81 -6404418337196110247
155 82 -6202649737320658404
155 83 7985930210303631269
155 84 -2036764832896108664
155 85 -9115854589315003458
155 86 3367155958572112191
155 87 -5872634835202115373
155 88 9166150346081833704
155 89 5695193831190049610
155 90 -756560670986328486
155 91 -8700998857229716441
155 92 3542072510955555568
155 93 -957156427652243590
155 94 6610003118025763177
155 95 8087021433732072265
155 96 7413699729158681004
155 97 3834390853459768376
155 98 -9061216907393031332
155 99 6117556647143083087
155 100 1270437900705415151
155 101 -8795055236220477860
155 102 -301367785581859111
155 103 1958516719462353860
155 104 -5725639434747039913
155 105 3429985343213769168
155 106 -6586010799666284430
155 107 427373234982672894
155 108 3021418871544344234
155 109 4049990777795748185
155 110 7529176566004150242
155 111 6053663869708252471
155 112 -2554837859313487029
155 113 -9153421364724254145
155 114 -9066645161326509059
155 115 -8771088129499668493
155 116 -9089580332091713618
155 117 4562748440360155398
155 118 -1513689042088625257
155 119 2323071454557721154
155 120 -6130141417462791459
155 121 4923310633730458727
155 122 -857270341580011660
155 123 -8859960046572878674
155 124 -3423565978522402193
155 125 -1239170378606440689
155 126 -7430231785890347905
155 127 -842970553142939081
155 128 -3031974241545385336
155 129 -5095057866306578287
155 130 -5919685902623399367
155 131 2556679186660924447
155 132 8437789395196840221
155 133 38004955979332038
155 134 1506270263699196690
155 135 -5988959990499717041
155 136 -2693389206749320634
155 137 6946162442181974779
155 138 5835770750708841708
155 139 483758511498945970
155 140 5403517033258566281
155 141 -8852167556415819823
155 142 -735877077229457634
155 143 -1702024476627199612
155 144 59379191955679301
155 145 -8471268875487899469
155 146 2217241072149957929
155 147 -9129717114742818426
155 148 -2114955804007705662
155 149 -5328654765965793970
155 150 6137329111774855525
155 151 4184400596779019506
155 152 8330684091045592928
155 153 -258320075482634546
155 154 -3789273835692083470
155 155 -2943371340369032193
155 156 5963837236368325601
155 157 5307030011041304901
155 158 1502678298765593488
155 159 2952125463313702155
155 160 -7214278112777999153
155 161 -3313826299857431702
155 162 6529671788831622994
155 163 9095738745306049569
155 164 5188569097275385775
155 165 8815167935300812948
155 166 6701761846006529368
155 167 6589874304231167503
155 168 -3994182268125848826
155 169 5308816407006357604
155 170 5785925637853197991
155 171 -829269161340012407
155 172 156255105806390162
155 173 -626248801982857477
155 174 8575428441336389136
155 175 -3024342153030408037
155 176 -6420467474900936742
155 177 7886138552870370896
155 178 -1972200842046693799
155 179 8281028491529224431
155 180 849585060385025380
155 181 5057856427725881994
155 182 4429065681679910856
155 183 -7353788210551963932
155 184 -7592412472037113774
155 185 -940737659696373468
155 186 -8559596501632154985
155 187 4936097371636974536
155 188 6961504525397731431
155 189 -4137933103188910646
155 190 -1874247820883762897
155 191 512156132049448880
155 192 6843113573424850144
155 193 6948268730776750481
155 194 -7159524407755286603
155 195 -4328594420566177302
155 196 -6952168686126107380
155 197 658304933319775348
155 198 -3896715567457274078
155 199 -249141296063734773
155 200 7783025052680708474
155 201 6126847422505102226
155 202 -2817488533637108572
155 203 -879384741501001562
155 204 6821432667491369712
155 205 -698633503140051523
155 206 6945894012165883685
155 207 -5946669474309112602
155 208 1142624707795815698
155 209 8261722816052204618
155 210 -7001064230347282043
155 211 157736918726534551
155 212 -196618273913014432
155 213 -2566946642629341684
155 214 -455275861109577515
155 215 893602339472527140
155 216 6146447612041834650
155 217 5021564642476237976
155 218 4878138687886421656
155 219 -3022508317439772146
155 220 -8957494532849097670
155 221 3888098617637544083
155 222 -1784186128485259811
155 223 -1541120019849095109
155 224 5037476565926098980
155 225 -348180671260772410
155 226 -207610732646088054
155 227 92510101354137759
155 228 -7702099223482948347
155 229 -7975972001019869209
155 230 -2426325454654832072
155 231 1313843890030113934
155 232 -8923767542388251139
155 233 7514801921883525919
155 234 -8369066515800335702
155 235 -5328381794870110319
155 236 -1863808299791963102
155 237 7060206131911861800
155 238 -5379153831850336398
155 239 -4873125169423696144
155 240 8856233846905613653
155 241 9211694817033627863
155 242 -2087599546093639694
155 243 951734177895551716
155 244 -7627775756671481215
155 245 -2347379893578166395
155 246 1472094679430306779
155 247 3018910375120051476
155 248 -9217848829971160687
155 249 -6155212951475828996
155 250 2968511602801081455
155 251 -8327323208635665329
155 252 -2188963738112343861
155 253 -4976859038383816193
155 254 -1975330830866473336
155 255 1964541277031915423
155 256 2615243943733907396
155 257 -3470787624871878007
155 258 2066861287477062341
155 259 1113505087789732210
155 260 1583616264088700139
155 261 -2965987542749822625
155 262 -681911096297489316
155 263 3518330206402232880
155 264 -719097301735833762
155 265 -1032167027669607044
155 266 9087685173580732064
155 267 8326967658032391940
155 268 3879323737222802950
155 269 817238133464689189
155 270 -4081619825093026339
155 271 4810838949249788285
155 272 7131099322998703311
155 273 5858869956033266571
155 274 7039632722410924490
155 275 7560001936575638628
155 276 -2015923728716292603
155 277 6214806760986961231
155 278 8126453790060520196
155 279 3715853596294208610
155 280 -4363215921403088467
155 281 -1189137167481550742
155 282 -4496914568305843300
155 283 6766594066675907308
155 284 6025899791283498924
155 285 7090173219707676988
155 286 -5443356047589191309
155 287 -7901750628504189045
155 288 -2970937068513338251
155 289 -2381022317778413857
155 290 614161510671618673
155 291 -7291876826656697567
155 292 2752582652104915478
155 293 7150862271831533760
155 294 7028680326401874598
155 295 -5235389973543438791
155 296 -5775253000145356923
155 297 -643586722010413061
155 298 4369861603012564152
155 299 -8248930731612456353
155 300 7235993698026116667
155 301 969145380243558695
155 302 1760383809631407673
155 303 3702535553087101465
155 304 7392279682339710303
155 305 -2453969345285726972
155 306 2511913379404171769
155 307 2559287611667644699
155 308 1140690609051078106
155 309 4444574236995302479
155 310 1114647250884584019
155 311 -7779482150406682796
155 312 9158806984480825083
155 313 9050919276289274821
155 314 -566511352158612235
155 315 3250523191962854507
155 316 6308388195599607827
155 317 8823997396512628178
155 318 -7730045252516962151
155 319 -4373616361552588703
155 320 -7260165548306252253
155 321 8933449908520587357
155 322 9008380232176230713
155 323 -7686363964517915072
155 324 6523884003718947451
155 325 -2114385551419460366
155 326 -183525138660752300
155 327 -7862185513190618840
155 328 9046774431063916114
155 329 -1018233926634093136
155 330 -3003572128037933766
155 331 -2084984389128748484
155 332 1751114838021987355
155 333 -7029389470287073813
155 334 8490885470584668483
155 335 4981358113134760529
155 336 2259999230031296370
155 337 -1053348513259648769
155 338 -7059721392500524906
155 339 8674735527646901381
155 340 -6746619562635137860
155 341 -8803852915029332099
155 342 -298519690936632725
155 343 3400064764632116106
155 344 8405053126408147405
155 345 -9020755638120071816
155 346 -3189582668954224704
155 347 -6317997083511370166
155 348 -3324678596944942080
155 349 -2016296179959657429
155 350 -7520653969516296909
155 351 -1212687220797350617
155 352 3883115251978475104
155 353 -1570372353847275820
155 354 -1414764938596893682
155 355 -3485289109888615038
155 356 2407289256466100496
155 357 -5949452176792905159
155 358 -1064587514662591408
155 359 -1764924585299728530
155 360 3321196166704478144
155 361 2356665051032990397
155 362 8552574751289276415
155 363 6378000307171795780
155 364 -4728340327498446721
155 365 3337128568062523847
155 366 6644579011130369713
155 367 -6086835544062643561
155 368 5525559356404625429
155 369 -5828772549407849475
155 370 2574151972225346031
155 371 2499198181956186995
155 372 952392506241556259
155 373 6751339800929848519
155 374 -4887423737418717911
155 375 8335542764314662018
155 376 3156435305786916790
155 377 6980132861945408738
155 378 -970353956985146315
155 379 3028110791330304759
155 380 1067901036177034101
155 381 4942632367098180199
155 382 -302042565613142226
155 383 3104470491548971655
155 384 -3102996957255958431
155 385 -3142261227683033217
155 386 3418913028804082208
155 387 -1748005644052745293
155 388 -759204345394336080
155 389 -4975152925140596655
155 390 8390915058778982991
155 391 8638920724006042645
155 392 -4518031139459793834
155 393 5732381870952748674
155 394 -1359685485370787970
155 395 -7869127088955571414
155 396 4809781688086489167
155 397 -1289389212712361344
155 398 5118895897261310114
155 399 9204665213600374680
156 0 1699233739068314284
156 1 6172764344026311575
156 2 -3018989303872678825
156 3 631060992524926038
156 4 4109423479759812242
156 5 -1630678915082457046
156 6 -2654800227990601805
156 7 5357524846159192900
156 8 -116088443930116593
156 9 -1058438683146016980
156 10 -588484905074519791
156 11 1667869424894691853
156 12 -3742153657043814951
156 13 -3563182947796110494
156 14 -747590712955647819
156 15 1682338915193530228
156 16 3822757136174368330
156 17 5820721074499734589
156 18 -8624316050744520404
156 19 -2953115690149761991
156 20 -8056151241645829732
156 21 -2774271590620865947
156 22 8051915739975045781
156 23 -3893077647163109714
156 24 1807830035459597042
156 25 -814226860520005102
156 26 -7677236574785430177
156 27 1124270231063415162
156 28 4339766681113026049
156 29 -2118028248529090750
156 30 -2899762897947886105
156 31 -1493093595529055475
156 32 -746937806975784948
156 33 6365217261738913065
156 34 -6265847292831647488
156 35 -5665485924502308508
156 36 -4845839161888179805
156 37 -268855808637162779
156 38 -454207677159146867
156 39 6656604809533186458
156 40 -2378924456224401420
156 41 -5993486134864433919
156 42 -3022295455491804233
156 43 3436317104613118545
156 44 -5268854410632700198
156 45 1247238163360360009
156 46 -2866697064840811138
156 47 -3652507865328949690
156 48 2801825119325420962
156 49 -7952265638333136929
156 50 3993845504277335595
156 51 -5859346778969293426
156 52 7558504646464188560
156 53 1350653332570832737
156 54 4938486249337961307
156 55 -3144455670733450245
156 56 5829614469389158648
156 57 -8745171486385912523
156 58 -1377897234566968012
156 59 792473431239233578
156 60 -1072481244310231900
156 61 -1401187189491334170
156 62 6615680984107897469
156 63 -5644705288767505993
156 64 -3630573726938076527
156 65 -7548567344662709252
156 66 -3063569559378366911
156 67 -6597959044973968240
156 68 543047333567433388
156 69 -8837951222116164696
156 70 -8971855783390506684
156 71 -7476622372802847464
156 72 -6584684382975806060
156 73 -2070980160806323556
156 74 2546458114879618895
156 75 -6456481378065932183
156 76 -5338070917233557063
156 77 7517591483999457617
156 78 41926711900363932
156 79 -4583720917987537740
156 80 8830942582929263342
156 81 3962578755513456258
156 82 -7602427203758850762
156 83 -4535307930019703023
156 84 2434439086008597124
156 85 -2229807740379960747
156 86 4465414124732947666
156 87 6268085789594637713
156 88 -5461257301946728752
156 89 2425924527305396678
156 90 4652366712220120544
156 91 2298377562071390321
156 92 394110361387591000
156 93 -2073535458411178057
156 94 4791174797538191215
156 95 8919790468008927999
156 96 -3197410624090770171
156 97 -4336257888091209250
156 98 3335333936479852718
156 99 -6852115687486466805
156 100 7632592161209207378
156 101 -8104300336716041689
156 102 -4226264076413251269
156 103 -8020005421010346746
156 104 -6049193844172793079
156 105 2783846630718403151
156 106 2229940309476236153
156 107 1586329369235466458
156 108 -2623691223838352701
156 109 -2185129796025108210
156 110 5863546203609871215
156 111 -4120297050249000987
156 112 -8715991444466390485
156 113 -2354488257248816860
156 114 -4756206376921619910
156 115 -4896882740281314828
156 116 -2235794920991863704
156 117 3770110130362960005
156 118 -1736315689027853245
156 119 381917109995560889
156 120 3803359778111224133
156 121 -7712918129240807124
156 122 -5683548944901814085
156 123 -8275916483282714253
156 124 2495715995233754878
156 125 -8976043173171602734
156 126 -1041605762682806310
156 127 -8741686432102195110
156 128 -2033477799032582960
156 129 -518711956063132365
156 130 1713524031396502677
156 131 3410417733577547637
156 132 2527883913721179683
156 133 -3709158411765664061
156 134 -7117850329447373190
156 135 3475867659964854882
156 136 5007166545248755766
156 137 5088644496548574094
156 138 -8523072408406039333
156 139 3004151938666691059
156 140 -3731869639026805804
156 141 1885080295411768161
156 142 -6589180533009160298
156 143 -3993468151360155698
156 144 4416614285355560574
156 145 -5711815473553066048
156 146 7486141519888682342
156 147 2270439479319615232
156 148 8316865575824002504
156 149 1471562414047589283
156 150 1820898915135840653
156 151 -4821332704776986322
156 152 5053034251317156765
156 153 3700120882811449616
156 154 -4530574126797517437
156 155 -2724765024124246957
156 156 5810891075007631991
156 157 -7509163777367424704
156 158 4764523500739265479
156 159 2660992346615129464
156 160 4505980772804980337
156 161 -3781720368514643987
156 162 762149045804996236
156 163 -4199159302048391438
156 164 -4056978452579285631
156 165 -222069499527888719
156 166 -8840378178209606183
156 167 8413131681880015748
156 168 3214484864735279519
156 169 -1641680874049850742
156 170 -648185805661498992
156 171 -8678078599309210793
156 172 -9044865436277547672
156 173 6523651291227383162
156 174 4979299765600562618
156 175 -7103816010049473544
156 176 -53082341389021404
156 177 -3108815652279604811
156 178 8843458458630661266
156 179 5567362620183947905
156 180 -6387971859881815770
156 181 -6855895918627674981
156 182 8258374881198073774
156 183 7288176655236018420
156 184 -8835848658502683748
156 185 6347053791892290700
156 186 2594264206653264044
156 187 -8180414416003690097
156 188 2107465409553541087
156 189 1963629260575961629
156 190 7792661655709645514
156 191 -6978326453569844145
156 192 -7854609138534203566
156 193 3661880337472125313
156 194 -1278853555581051617
156 195 3681893177119346218
156 196 8626883511715687577
156 197 3798816982346349899
156 198 5535220618770146329
156 199 -2270044811412969697
156 200 7624014485505152118
156 201 5511308425548858285
156 202 150606658631606521
156 203 1827856554461416693
156 204 547898327010413092
156 205 -302988873521933812
156 206 -5554690630033213296
156 207 -7081829436339665089
156 208 1495412464692509354
156 209 4350306146177224342
156 210 759703829041497527
156 211 -7144155331755339186
156 212 -364153023469502744
156 213 -7571681585778824195
156 214 1151476609536534006
156 215 -3404414157585377578
156 216 7032207991195922866
156 217 2652903872936875645
156 218 7643800029434852955
156 219 -4525751995307443783
156 220 4268570283972423622
156 221 -3265110766059267198
156 222 -6851524560297603737
156 223 9103182262790435675
156 224 -1359379104635165668
156 225 -4911098341455180592
156 226 -5391894606812973630
156 227 -1492967802315652411
156 228 -5537426523056579422
156 229 -4920273525849891015
156 230 -3437837755417380678
156 231 -340750605886193006
156 232 3821103575265005634
156 233 8064702719668787368
156 234 1666022620593160370
156 235 -2714013126501449141
156 236 -7028161682486993838
156 237 -1295798009919826038
156 238 2425461075381779108
156 239 907669827315347482
156 240 7017942852977669666
156 241 -6177918110408149355
156 242 -6768473824857776403
156 243 -6311131423396500855
156 244 2930804027022806901
156 245 2159675990110570363
156 246 6605220087947208928
156 247 -6237708088359631341
156 248 5109188687878795113
156 249 -7358627650426178225
156 250 -6311485356616915423
156 251 -3981787806487811586
156 252 -3877246712396554499
156 253 9127425045708612426
156 254 -852854590548615527
156 255 4938090089038179233
156 256 2433995059699086097
156 257 -7356336944355079232
156 258 5559251171584594878
156 259 5501799757410875987
156 260 2555118808394325063
156 261 4370396480682254013
156 262 7669921112303904494
156 263 2808226759791514152
156 264 -885168859814435877
156 265 5735864581111686198
156 266 -6525078328163834315
156 267 7195414471876530296
156 268 9127457608294302849
156 269 -7138176076684525829
156 270 6346700857877309064
156 271 5249719345794171278
156 272 -7759772742056209776
156 273 -5095881706429870208
156 274 10420731295208106
156 275 1397335916286900183
156 276 -7872563595905817655
156 277 -5601713385800200228
156 278 -1824981581930581636
156 279 4256179325975415538
156 280 -639138557954888211
156 281 -6558385140527647025
156 282 -8887726829439268746
156 283 -7074798766588674190
156 284 -8145355338563029868
156 285 6406922104427921089
156 286 1575638477358196873
156 287 1386059211889779753
156 288 -4528845167427930480
156 289 -2966417227869292273
156 290 8978536395136600135
156 291 -2103272410960262512
156 292 747930089224852902
156 293 8211388295858581641
156 294 -1610292946220675884
156 295 4897465242572249780
156 296 3514322933953160508
156 297 -657483398036141631
156 298 -1767673563901640475
156 299 -3363302423890721514
156 300 568247082482800195
156 301 1132192727431836452
156 302 -4878185255292575927
156 303 -7329922096914646827
156 304 1033431618335311116
156 305 7767855191222998021
156 306 -781633483110990507
156 307 -4493421278119738699
156 308 6775143504893142836
156 309 -4933634542143762831
156 310 -1570561907310026997
156 311 293661482991513789
156 312 102295972298208333
156 313 -8670572480958095192
156 314 5939294205126267315
156 315 2475191626622149049
156 316 -5989234863989309984
156 317 -8849386418047485856
156 318 -555830472869285203
156 319 -2492329582842426056
156 320 -2306590174916304249
156 321 8829689143025724522
156 322 -1945853878321695295
156 323 2238929594639071926
156 324 7366288731963662277
156 325 3015824002629015397
156 326 -7223883963964312336
156 327 -8852471692046712804
156 328 -4722952558942295686
156 329 -7383890586950806786
156 330 6418783630828690018
156 331 -5272756462925761416
156 332 -7517575277166417469
156 333 -1889527677347132343
156 334 -4817746048875886978
156 335 698492255321592625
156 336 5287254511451819190
156 337 2380663352082021637
156 338 7897252395037409259
156 339 -687442926333263128
156 340 -6590326854872510744
156 341 -8488655058817026640
156 342 -9034076588338075814
156 343 -5837186110776231643
156 344 9088930664069082987
156 345 8780555739611427348
156 346 3908613619246734516
156 347 -4533789147942668276
156 348 -8970025323242187640
156 349 8719302571818685279
156 350 -226178453703477481
156 351 -6173642054901702704
156 352 957176957971210993
156 353 2351072368316932425
156 354 -8060000990473606213
156 355 -4206611338564696345
156 356 8475904490338467253
156 357 7261690038764561362
156 358 2933554327641686254
156 359 -1646901310917552071
156 360 -3451361520502961804
156 361 5245849933339964468
156 362 1422601310307340255
156 363 4076662711900502255
156 364 2189350266949461597
156 365 -6707477488036354236
156 366 1385223677007941562
156 367 -4231939650529048028
156 368 993045297951530035
156 369 988232636393133974
156 370 1617219323018006926
156 371 -106068530072010888
156 372 8194729887112339869
156 373 -3848995190396966398
156 374 4567783727905439075
156 375 6911679143428365935
156 376 -6569865209727791015
156 377 -5429048379015778356
156 378 2373799305623577576
156 379 4865598889979007612
156 380 4519459982644710525
156 381 -2717706844231557911
156 382 1285512092772395966
156 383 -6185443502683730326
156 384 5610277326329783337
156 385 2338315653355236827
156 386 -6446758302299435253
156 387 -2808121822349204882
156 388 -5534277891262402855
156 389 3754624489752490211
156 390 -1751699038736227135
156 391 3666250871412872258
156 392 -6505177528157989030
156 393 7407171208967197785
156 394 -8811931808297463990
156 395 -9177385474084296536
156 396 8493641342287014504
156 397 4805426578140883481
156 398 7553761207843795861
156 399 -4006001484000817736
157 0 -6209403682120138022
157 1 8544791908079516803
157 2 -3086175388939765669
157 3 7173186422454353995
157 4 9012228762207593603
157 5 8049231561443534465
157 6 8446103233905490691
157 7 2330027928186198346
157 8 5903152491345020190
157 9 1980295151248091489
157 10 -8618495084455120262
157 11 -290904359227754012
157 12 873906741313424032
157 13 -3568043712878492118
157 14 1589510420916211
157 15 -7142559063117985441
157 16 -7946949507651962023
157 17 8635302557767273085
157 18 2335969165005713027
157 19 -4189055340588487273
157 20 -851197717955470931
157 21 927665046516227597
157 22 1668193462008140976
157 23 3249299348813368929
157 24 -5483621242554042769
157 25 101327176221785682
157 26 -3914930603844156307
157 27 -6524272162166822803
157 28 6238737962672426414
157 29 5822156002613444929
157 30 -2265004453006357206
157 31 1521971004292742027
157 32 7451140008474361151
157 33 -6970254194532396059
157 34 -8147040693249196835
157 35 -2045899996993680201
157 36 8112898369476886474
157 37 -1806649885394943347
157 38 -8955563114935752291
157 39 709048825154512390
157 40 3359101506960562429
157 41 -1657437634078480156
157 42 7336550742189557899
157 43 6522751797772026345
157 44 619757486814797400
157 45 815403067323317628
157 46 7701995274701587126
157 47 8203156676899315916
157 48 -6558322884360172550
157 49 4639259899868561490
157 50 4411092791560940294
157 51 -4698924213801650958
157 52 -53925753859452001
157 53 -3766192464849714885
157 54 -9081964369637020574
157 55 -8622362992063429372
157 56 -7512999853152705927
157 57 4230005590154487491
157 58 -1808612972096152752
157 59 7688875584219035090
157 60 -2422019291531819711
157 61 199010569700667763
157 62 -7654535065966600056
157 63 8554832987618219816
157 64 3595786484442623703
157 65 -9116190592154072904
157 66 -379053778752638771
157 67 6003485173969604850
157 68 3159859598536166324
157 69 -1941479013676742207
157 70 4618023557497958950
157 71 8280212570507290854
157 72 7810564956588060135
157 73 -4005940126325697040
157 74 3515116302108358355
157 75 1429219870933960786
157 76 -7784259486296533076
157 77 8413665720912975144
157 78 -4796751402324731241
157 79 1004039121598392343
157 80 1864793587167503821
157 81 -6435702343348091197
157 82 -7019257767929959319
157 83 -6718248859188687278
157 84 -3749310916483453828
157 85 5217362888411945842
157 86 7100074164386838717
157 87 -2002311906314681762
157 88 -6316848903980670214
157 89 6113993192713887805
157 90 7468643154995574187
157 91 -626143318983266296
157 92 7436957428434404659
157 93 6686886741499180746
157 94 -3308238752457149600
157 95 4715240642350598646
157 96 -4566483257594333583
157 97 6187314484512649232
157 98 5480384669167603904
157 99 2965363705075120287
157 100 -674962922730183231
157 101 6965163974484313564
157 102 -2689239795921169510
157 103 3090062201903424200
157 104 -8594487799973077211
157 105 -1934047683264285191
157 106 5855078691911399221
157 107 -667105672785848989
157 108 2001107311167564892
157 109 8590599630058060365
157 110 -6928365937162130437
157 111 7932702922779672604
157 112 -754412635534993926
157 113 4281270208176402728
157 114 -7192650861161436174
157 115 2364717574613908264
157 116 -5879650179545084216
157 117 6966340081768587632
157 118 -3867756372153965959
157 119 -1042228790929158854
157 120 2990793745128441451
157 121 803183213088377021
157 122 1636877273957622982
157 123 -5973218804432724160
157 124 1130516030225494677
157 125 -5194670657045032374
157 126 -8376360546233752953
157 127 5090202886592409819
157 128 -9124154988288117130
157 129 -4436434471402552642
157 130 -2997335047660333654
157 131 1272108842478511722
157 132 -467612634376223776
157 133 3044734727823548702
157 134 -6991133610645995469
157 135 -1408492376371319353
157 136 -1403262284197148833
157 137 -8224191300267610712
157 138 -378098756084414043
157 139 1131337389538659670
157 140 5264675662399444571
157 141 4960347155422254685
157 142 9002367644478352349
157 143 5017066299469531430
157 144 -1937199920708311901
157 145 290610412060098862
157 146 -7473727033489733436
157 147 1977086970707773080
157 148 8135147468578907129
157 149 6622760987507708889
157 150 4980494347637766404
157 151 -657291870983792480
157 152 8439349551578226030
157 153 1653154366798424504
157 154 8425892684808472139
157 155 4377192644397693994
157 156 -7062023578561400267
157 157 4425949862177434379
157 158 -2540334786922941287
157 159 -2619247838762743499
157 160 4414013251760471452
157 161 -3880975038087958703
157 162 122826960160266238
157 163 8764553769893650040
157 164 2882267186091992930
157 165 4811205515937954399
157 166 2284877740927077924
157 167 1480984229130604302
157 168 1450009007411501318
157 169 -1871842227165148712
157 170 6457096479703535423
157 171 9069753427989966101
157 172 -1013369076432764193
157 173 -8194922595498257779
157 174 -3693028906603095949
157 175 -5925064822197555964
157 176 -6466546598880013414
157 177 -3722601511173060997
157 178 1107170493430650576
157 179 5608944115222622496
157 180 5873271240360028542
157 181 -9073087220296511267
157 182 -4801719522306052404
157 183 -5018793258688740088
157 184 2670143459352624199
157 185 1959897299295342969
157 186 -4852950503933540624
157 187 -6500022197105366192
157 188 -6728112888450045932
157 189 -5138762460499431123
157 190 3607555519278575667
157 191 -417381082609839603
157 192 6362316079995932174
157 193 -1122329333660434168
157 194 -1563326192370891258
157 195 -5458364779129341085
157 196 7262543112251611645
157 197 7170071904388565864
157 198 8968400386639530483
157 199 -2489078015005543908
157 200 1847649306193830549
157 201 -777482698645387767
157 202 -8355276866197995418
157 203 7534313935914429365
157 204 -5756240988562460936
157 205 4335501988697610663
157 206 -7243935863527488090
157 207 -5475957922189747
157 208 5358810517897524667
157 209 -3714848311101186714
157 210 5141750365404403686
157 211 6086588512944616207
157 212 6579817333379888619
157 213 -9011299174939237583
157 214 5525246636248438148
157 215 -8464607166396889583
157 216 2245051703667103309
157 217 -8690978894768088379
157 218 3094235927832775140
157 219 -9197132205191432304
157 220 7963365531119449227
157 221 -7140575200439342917
157 222 -198730522410587791
157 223 5420909628190029886
157 224 -3869740405651153921
157 225 977257710507661531
157 226 -4118076994349596249
157 227 -4897511480406694750
157 228 -4778264345953946240
157 229 -2509937681101544730
157 230 -2258548536447651867
157 231 -8162903227841749039
157 232 -6873047761530047126
157 233 8084213670987979324
157 234 8533576284034836524
157 235 -5931880936942104397
157 236 -7185036283644676553
157 237 8482856115649296669
157 238 6782710095059769572
157 239 4546762513584872318
157 240 6873807006318043242
157 241 8750685171895637059
157 242 4526734866203101782
157 243 3354408495894698163
157 244 -8835375091331053568
157 245 4863086287943462393
157 246 -1113663851182028065
157 247 -8002112093669042067
157 248 7600874508314793231
157 249 7865084998314107769
157 250 8231264114715423968
157 251 4740150241119138292
157 252 5689626003509171021
157 253 -6144074915277585070
157 254 -1954452097012064565
157 255 -5664836785438485970
157 256 392823627628749629
157 257 5804628457814613109
157 258 -6851021173499670111
157 259 1021151987670716476
157 260 4727981052415536311
157 261 -496213534369029333
157 262 4138260397265910723
157 263 -6246819203003236013
157 264 -3962531596850072576
157 265 -6359158431717801446
157 266 1191315142684064545
157 267 2845407737165329672
157 268 -7723932192085382418
157 269 -2693505892083654983
157 270 -383950468918517705
157 271 4242723532639843394
157 272 -8716332558256992928
157 273 -1122995749946806661
157 274 -7868444961769375848
157 275 8914447259736261611
157 276 -7065697070258712643
157 277 5697592478528109151
157 278 -3382140329883069888
157 279 6407299653627160740
157 280 -8426607417751836667
157 281 3507183383725975733
157 282 -6162051761403992940
157 283 5859509560541583058
157 284 6323796722978041714
157 285 -6162410423288662912
157 286 6333920548194409795
157 287 7614447041575407145
157 288 4546088967516803503
157 289 4708843070559495880
157 290 8007913694493361433
157 291 1203866923372145549
157 292 -441095880273907080
157 293 -5052330964687796921
157 294 -7494773987956208792
157 295 7181119306782126608
157 296 -1820104578533269905
157 297 197456542611048008
157 298 -8278294446773353267
157 299 4769535305290090483
157 300 -239551154317604463
157 301 -9211762605634185619
157 302 4044121770229709260
157 303 6243161427264745497
157 304 5335745625073069704
157 305 -8186876528129289487
157 306 -3251959216515254644
157 307 8631998502249841631
157 308 -849288353684232770
157 309 -8736512713961536098
157 310 1941941547587328103
157 311 7745513408990703360
157 312 5377733900783384036
157 313 8690566662159534296
157 314 -3612573700837411997
157 315 -4351055302640576194
157 316 -66120342363730497
157 317 6830093631115989196
157 318 -1462505995299203616
157 319 -3331270361279595977
157 320 2324561317629412249
157 321 -1184485115898357767
157 322 2542963348302759764
157 323 -1305757030520102663
157 324 -7656084811800823726
157 325 7806000853710770621
157 326 960957421085359865
157 327 5038976824800749963
157 328 -1511612430022718616
157 329 1545055999055999781
157 330 -2695387651049087670
157 331 5458680317472815459
157 332 7883431598367655663
157 333 -3365447618814684047
157 334 282346867678600584
157 335 5600690863972826960
157 336 -3371841755994664657
157 337 -4561234197816621656
157 338 1594529633900835421
157 339 -5677759190093948096
157 340 2132290575717158905
157 341 -4129066267425236743
157 342 -5364647590075500708
157 343 -7137062904173303910
157 344 6437157633650642991
157 345 1745642419160436488
157 346 7597459429608849894
157 347 3622318314566672642
157 348 3583247541633595641
157 349 -7670204309312896383
157 350 9138049019953534561
157 351 3483631815701704826
157 352 -5384670407793035022
157 353 9065300214204090820
157 354 -3048535857556576666
157 355 2558396044267786525
157 356 5403162399650821750
157 357 -4521737076232434994
157 358 7450041987935111107
157 359 -2124450558562649646
157 360 7175670883557697970
157 361 -3038218202310810746
157 362 -5411036632284496477
157 363 -6754040087357556852
157 364 -5074577556801756607
157 365 877158529585188237
157 366 -3739146495750679136
157 367 5858883700839192429
157 368 -2514254421422110526
157 369 6684851261435592245
157 370 1432309479515077961
157 371 -8981622512997640285
157 372 8956001007871882587
157 373 -6896602236644168411
157 374 -3230457097045411223
157 375 172803034179527447
157 376 -3623410246204549644
157 377 -3711252932742448687
157 378 -2705389903517905672
157 379 -1435578907995434064
157 380 -6070367641995209358
157 381 -6597356631273216978
157 382 2629908498620068937
157 383 5110968590761913361
157 384 3858930178733439654
157 385 3684226573708179904
157 386 -2696732159213361704
157 387 -2120749510297052395
157 388 -8078993557892965961
157 389 7334718152287087611
157 390 -610245794834182764
157 391 5924582216857256349
157 392 -6103767339521798619
157 393 -2958456700613852055
157 394 4377880441932968213
157 395 -1356439205051017922
157 396 -6115996785343377302
157 397 -724983358812854198
157 398 6320504866046555403
157 399 -6792862943910903440
158 0 8891417923742661522
158 1 190018711350440572
158 2 -1488760381070869827
158 3 -6373013411599615393
158 4 4011445561629599482
158 5 8311598444457198044
158 6 -7856308519214452168
158 7 155241682788818407
158 8 3021431616877515561
158 9 -427082882769623271
158 10 5352297505296988589
158 11 -6568978782469076190
158 12 3163697956069948492
158 13 -549125917050779014
158 14 4499009569678849987
158 15 2423718659932251653
158 16 -8141257295387961682
158 17 -2155413997358518343
158 18 -4795399717149992234
158 19 1302158777016155785
158 20 -6117306792854522621
158 21 -6662002066038413275
158 22 -2854656628186447939
158 23 -8663237772917766005
158 24 3606484796883300515
158 25 -7726493656210315526
158 26 -6201208495646348395
158 27 -6190026994284638918
158 28 3896723099954282212
158 29 -2615984489458780301
158 30 5251623506259873967
158 31 3894529217120758430
158 32 6264868616476262342
158 33 8934944827051885327
158 34 -7740243055748674744
158 35 -3681887885174621171
158 36 -4558817617856902330
158 37 5501401338954323555
158 38 -2260388158447623559
158 39 -7333342998879118114
158 40 8959798971032180985
158 41 -4801213591924618489
158 42 2401640674988927225
158 43 -8072652661175975158
158 44 -1568275385266808737
158 45 -5860934834813043264
158 46 -2076129729116382309
158 47 4032912918120081918
158 48 7656361129957611648
158 49 555942729063989085
158 50 172324150785605468
158 51 -1927280153763456356
158 52 -243368268623247964
158 53 -8132155003060140293
158 54 2264654661869314647
158 55 8192274241757268402
158 56 3682090382892767186
158 57 -7499572763467146274
158 58 -4090346848326073971
158 59 6603796838809224431
158 60 -4396965051095834425
158 61 385292433981497214
158 62 7704107926248559402
158 63 -6610132747743568106
158 64 -3267345905095631252
158 65 138925021982478823
158 66 -5360028246134845016
158 67 5764538367184668364
158 68 6099414014491755740
158 69 4436905238892068796
158 70 7368176336872016438
158 71 -1228539922055257498
158 72 -4104875867388790206
158 73 -146303774641941193
158 74 -4454396633448622130
158 75 -2386746341105253491
158 76 -1742193384527626001
158 77 5623242090456135720
158 78 -6822716611790494531
158 79 -7929639323796061952
158 80 8491453110386918710
158 81 845880830274727688
158 82 2280400837720943698
158 83 -4417720775512247394
158 84 -3920967511718842766
158 85 -149919039493777101
158 86 -1947383795004879881
158 87 -3030626876918164538
158 88 -2484754684782602327
158 89 6064811023622719728
158 90 -1234893216244349174
158 91 6084147462369835030
158 92 4540731018848792136
158 93 1085409003342041764
158 94 7156448183883465548
158 95 -1357934828096731200
158 96 -580130063921325319
158 97 -2653102646203372540
158 98 645476121681375770
158 99 -1247932092017691306
158 100 -6017195983243391664
158 101 -4883197457205035072
158 102 9000645008181355777
158 103 -6989403286227473722
158 104 -3359654821692609142
158 105 8801882351486168834
158 106 7229192518081735648
158 107 -6159879425140729288
158 108 3273920633436731482
158 109 436442488683323438
158 110 1715842642828084677
158 111 -1286934978533443355
158 112 -7205797929081163717
158 113 -6497979556362237619
158 114 8264918430114140579
158 115 2635955016626685820
158 116 -4044640475768023788
158 117 8177716953763379007
158 118 -7349185306952409568
158 119 -1310863376577918782
158 120 7836323408500800930
158 121 672231183575730343
158 122 139587262298332957
158 123 -2165840978813012102
158 124 2462295500971746328
158 125 1963259581055471845
158 126 -4646490153629638826
158 127 7058265945995765532
158 128 -8942592711816271698
158 129 5876665356122660387
158 130 5595868012626201043
158 131 1385318190600812665
158 132 -8942609400801600944
158 133 -8865813130409189904
158 134 -1479610111762360794
158 135 -3460499232549637506
158 136 6738743916067666254
158 137 418928631924980412
158 138 3768464908213387386
158 139 -7920958266708033005
158 140 -6316588500941496431
158 141 -2953037301371582857
158 142 8544654933461848014
158 143 -6801315647947883664
158 144 848440642894124564
158 145 8175950710412761688
158 146 4794095427287926989
158 147 -8041263869406391106
158 148 6659591296937569259
158 149 572634328854111162
158 150 8127282206814875225
158 151 5612647591592947545
158 152 4202944542826174646
158 153 -1982336164955401025
158 154 -1582961321461811326
158 155 8703214312925397024
158 156 -5133357493589288795
158 157 -3967207084700204561
158 158 -4768491208247047356
158 159 -8585963820708396375
158 160 1840025751423768868
158 161 8128550492117887272
158 162 2476840015364417156
158 163 -8042356108926611011
158 164 -4167229377444184342
158 165 -6696024240881424690
158 166 4058393365496528164
158 167 -862713498581308588
158 168 5465856314317504322
158 169 8958395455086237473
158 170 588012514443861313
158 171 1722671682642245319
158 172 3843539785277718208
158 173 6253827756944546009
158 174 -7807928097889888808
158 175 4742430305814074149
158 176 -2215750620445986132
158 177 7049218243700812210
158 178 -2102773472221226071
158 179 -1061364652111796068
158 180 -1863746122215193712
158 181 -1531333321436728463
158 182 3519127211668587058
158 183 -3884464204325001452
158 184 -7055539589665839198
158 185 6444648405954221913
158 186 -1091390115498810751
158 187 255822314505211685
158 188 1355337241727535117
158 189 1127599056399952277
158 190 3470318608805550364
158 191 2432354478104774949
158 192 -2563355660895738256
158 193 -449868464474997608
158 194 6104235914748743985
158 195 2832177598165517170
158 196 -2152042150033992772
158 197 -2293040602384267755
158 198 -3459989363049622941
158 199 -2744482132401818625
158 200 6318810249279907186
158 201 -2877411568042746068
158 202 -7881267684079495235
158 203 -3664602606111093456
158 204 6391410528824955913
158 205 -555915517584779470
158 206 597047146348035349
158 207 -7860029487155016207
158 208 -5315283942073829573
158 209 1914830192208167794
158 210 -6116470843451013646
158 211 -4173760707214796202
158 212 2700177106770726426
158 213 7024821776799670549
158 214 2495340481348842237
158 215 -1164743519664259137
158 216 -6311762480512937686
158 217 7755271174371480645
158 218 2979908547337040556
158 219 8882180269250940461
158 220 -2266313284978594401
158 221 6283041203054744261
158 222 -404992233572215381
158 223 6978418744619971842
158 224 -6693045513049242336
158 225 8255656964997189623
158 226 -7083634406529501563
158 227 -6623960598555708386
158 228 -3768525421104938677
158 229 8303839030351191695
158 230 -2268833706986440808
158 231 -8361474777370837420
158 232 316077373467140952
158 233 -2745015239640858611
158 234 194804453818468963
158 235 -4298241175062046383
158 236 -6840986863630767747
158 237 2448416066398364962
158 238 -5144558746054496071
158 239 -3439446687544695171
158 240 -1580497021136648403
158 241 -6820723472254897815
158 242 -8522381929788521356
158 243 4457128967763058184
158 244 5721699572327522182
158 245 54942730391401249
158 246 -3227487627116419731
158 247 -9149659544060530516
158 248 7433597847198574950
158 249 -4518705960920050935
158 250 -4340863428846910723
158 251 4308692179627770120
158 252 278632810316959313
158 253 1669291401336409158
158 254 -2451229251519863
158 255 -5617721194686924183
158 256 -3215324967303156472
158 257 3105103045794473575
158 258 -2689878637080222768
158 259 3758733135839245224
158 260 24082591704355782
158 261 -6574159752671800381
158 262 -7487244709859499819
158 263 4668422707736337878
158 264 4169420928545890331
158 265 -9106120733869583115
158 266 -7909594133055288842
158 267 2955647137508379502
158 268 -266921179088213802
158 269 -5576728241327072873
158 270 9027498727945275616
158 271 -8941559121619584205
158 272 -965798206709903509
158 273 -3092979005081194711
158 274 5637843976204853928
158 275 -8073427528321640745
158 276 4680763308059208105
158 277 2720490788193764282
158 278 -4807798517355472910
158 279 7128341459286779374
158 280 5700287592605832756
158 281 4368690695361097387
158 282 -923273058321912902
158 283 -907081738958435
158 284 5925009100406414840
158 285 2976509675155862350
158 286 -5050002626865762399
158 287 -91560316086874210
158 288 2405455927718355600
158 289 -6357125210045491004
158 290 1006731934302437556
158 291 -726427006053898515
158 292 -279944063427559785
158 293 -2005486498633306346
158 294 4011871995760068672
158 295 1059115447451355513
158 296 -9023679441805629607
158 297 -1456921141129778563
158 298 -1186779039104405058
158 299 2929829610693451121
158 300 8622668407739925681
158 301 7056958670354757024
158 302 5076969112343606998
158 303 -1737057940378463108
158 304 7458070009125857463
158 305 -88740580561211942
158 306 -8585994744107158001
158 307 617456544750510108
158 308 7730776753011466697
158 309 -3660320682380587732
158 310 1464978185729625266
158 311 6928702796055298535
158 312 3174407792095723787
158 313 -4232737906294243609
158 314 -4510530853539004457
158 315 3678092405870034871
158 316 5510225232573647026
158 317 4174718482665764936
158 318 6039007054928222015
158 319 -3132599923100317140
158 320 -8453129526734586133
158 321 6149814149743496194
158 322 -7798895515701990465
158 323 5825022805780831580
158 324 4699416613867690615
158 325 -6763222152905672188
158 326 -3789962167444797062
158 327 2393635431837818996
158 328 -7898269552739912705
158 329 7079518865548020479
158 330 3397098556014379265
158 331 -3520562068814803006
158 332 4359344694763506725
158 333 -4990735897309559313
158 334 3637681308741918677
158 335 988297708786856391
158 336 4058178552028796039
158 337 6013698471123914847
158 338 -5187549633377838115
158 339 -5231855678625799485
158 340 -8729686908034807804
158 341 -8842534709706353035
158 342 8568295626135750997
158 343 -3408395562253344618
158 344 6067411755786689776
158 345 2860341131105647299
158 346 -7425300870727980870
158 347 3064872602920358099
158 348 6788740145431633804
158 349 6963123703591578338
158 350 -88311889015028110
158 351 4279824323947198024
158 352 -8621228579234324478
158 353 -7425083707707142380
158 354 4078368087492917188
158 355 -5233486048637441616
158 356 -5029566733188872010
158 357 -4872340037417719364
158 358 6621677951268017202
158 359 8461802387233873955
158 360 -2188237130889082287
158 361 6860512462134410317
158 362 -593413398830703971
158 363 -597855368969648986
158 364 9032341923048502866
158 365 3036614680383296761
158 366 7455955266853023330
158 367 -4729376539871734470
158 368 -326476920119154259
158 369 841850036065606324
158 370 -641155317403171960
158 371 2075078063192290474
158 372 5626217894977630100
158 373 -8939335744029751183
158 374 415352503077476
158 375 3640535165997553502
158 376 4952811705803469155
158 377 -1205433622618882885
158 378 542067887856822997
158 379 905356068811997481
158 380 -8766127078867434992
158 381 801601219652184171
158 382 -7237408984188925762
158 383 -1911117739151336757
158 384 3783724052247750908
158 385 5094498164973713819
158 386 5642802226485695339
158 387 -2268429572925580917
158 388 -3683232716698271577
158 389 -7047996207208639335
158 390 6021052885766099361
158 391 -7964002806081122272
158 392 -4641956257437342966
158 393 -5164460826203591110
158 394 3131934465337167298
158 395 1885589269790170470
158 396 -7236807951368430122
158 397 8258243737250538833
158 398 2658360257111980587
158 399 8335413105680875655
159 0 -5170313342985203408
159 1 4632759958007495652
159 2 -2851852374609857388
159 3 -4144801247712707931
159 4 4157202966551466471
159 5 -5434605592247761285
159 6 -4546643697395451815
159 7 1034266770994532879
159 8 -8857935801427762654
159 9 -3494866544626912338
159 10 8864741500962741672
159 11 6951503545148034803
159 12 2530429526880539823
159 13 7585580902109571618
159 14 -5060073671791987593
159 15 -4503992582797701508
159 16 9085307934199394488
159 17 5552660901781950474
159 18 -327452265659827475
159 19 -525562776365211654
159 20 4071175771072898435
159 21 -3607255415035960181
159 22 -3852202270433031524
159 23 7377229636108749552
159 24 -8703784726093597282
159 25 7496922078399150205
159 26 -465292592533067022
159 27 683476964464220572
159 28 -1445240428401113785
159 29 3505048928238090292
159 30 8335916114527233720
159 31 2745084672265169227
159 32 1884556806337373147
159 33 7687742197055611456
159 34 -6868357005846786498
159 35 4577114495771762244
159 36 -1626529568156863394
159 37 7587025636962554074
159 38 -6179150997547747174
159 39 -4418373377858006148
159 40 8330243610273753910
159 41 3545440954336176531
159 42 -2920141549875407914
159 43 -190480214795514427
159 44 -45649275894816273
159 45 -170964158264387819
159 46 -309372532083893487
159 47 935701101927113587
159 48 -1976396344249837271
159 49 4132407274987421769
159 50 -5959406408556510141
159 51 -8681154590350295041
159 52 5801083723640281004
159 53 3284740526288144413
159 54 -2313055889883591210
159 55 -8193572030999689698
159 56 -2768352610474242018
159 57 -2968610420894063992
159 58 982635297973979917
159 59 1630657532137874328
159 60 -3745444363619833159
159 61 -6819206291645971657
159 62 -1062734639226148931
159 63 -8222359465362532176
159 64 -9089761733123980116
159 65 -1579087573275985021
159 66 -4115142499017281014
159 67 2657893738231885346
159 68 -2477321322522359456
159 69 -7622451036838058715
159 70 -3065076284833877839
159 71 -5466876463220343870
159 72 4377751434167343521
159 73 3156241840470470907
159 74 1868253472567244932
159 75 -14974647542418476
159 76 7831982349976773867
159 77 -1539079556917633035
159 78 3377721083594814484
159 79 -7756063875650857833
159 80 -8617548427982713100
159 81 -5988302532778718523
159 82 -2837229241805559101
159 83 4005117872080318343
159 84 882011322973870631
159 85 -1934203385030472279
159 86 -1035173531110715755
159 87 -9144169785387869949
159 88 -4124257590664699020
159 89 2984328372257279749
159 90 4392258649213697481
159 91 5923605725645697675
159 92 -3036868581145590877
159 93 7310059501108639433
159 94 4645791248429624687
159 95 -8306979631444446670
159 96 3201178930348566356
159 97 -5794556411136586956
159 98 7206272101544992138
159 99 518416188485365711
159 100 1654433155023595063
159 101 919749908724093628
159 102 -1854281853401655535
159 103 842506031823331058
159 104 7640588716117859547
159 105 3715094999304377326
159 106 -1680126831399440944
159 107 7143011543530720736
159 108 3149438310072789667
159 109 3785892180828556825
159 110 7742397643064863313
159 111 -8486363647339439159
159 112 1003496859307208543
159 113 8259903000916391474
159 114 988239098981979098
159 115 -2815914664627608426
159 116 -9026015415935149308
159 117 8691682491532361383
159 118 2523762696075506803
159 119 6729363230643986161
159 120 -7437789965413670963
159 121 3253884576850367955
159 122 609934583451806660
159 123 7920032348254853323
159 124 2660391777364605757
159 125 -6672226914362832221
159 126 1057607943577621486
159 127 -5983319438070848587
159 128 4638678496129584820
159 129 -4460469083401111506
159 130 1289945341712828387
159 131 7255923212347340551
159 132 6811152179638480997
159 133 -9170707149600278327
159 134 -5277037117285277463
159 135 -904672868254893657
159 136 4066304980552536575
159 137 -5527508680935531703
159 138 -3528030947437347427
159 139 6534834837675110253
159 140 -5483252795034959983
159 141 -7925969603304886084
159 142 3276886782515985076
159 143 3670973808736175667
159 144 3383377393451435544
159 145 -3988449762603582026
159 146 8334493760952989525
159 147 7607773538433600078
159 148 3044380645350434464
159 149 -2989266050042813930
159 150 929555807724106173
159 151 3614811194379847341
159 152 -6031715338383496173
159 153 -7799180845917211683
159 154 -3752769960518727634
159 155 -5659105082835141925
159 156 6362018344180101864
159 157 -2819100930456734530
159 158 -2013382413978367151
159 159 899298853349180374
159 160 6610256458768019684
159 161 6672947575112374806
159 162 7500286659736449609
159 163 4180322718869793617
159 164 -8545218802061490601
159 165 7237319145157024326
159 166 7200222448460401138
159 167 -640520732015815746
159 168 -8945504081654275486
159 169 -3011789189771341131
159 170 7923178214699201802
159 171 4298628062708747491
159 172 882912579456316711
159 173 2558353521490158046
159 174 8817571647000813525
159 175 6064195228432479398
159 176 -8909863045476774876
159 177 5863498437068632531
159 178 -3367359030727669269
159 179 -4751101086502623601
159 180 1883902224571561428
159 181 -838138026806500108
159 182 -7675958831566789620
159 183 6733326204408005419
159 184 6404476896473529320
159 185 430962628171822758
159 186 3096401102756812402
159 187 -4012314745098184146
159 188 -3837953670815536426
159 189 6587098416319136312
159 190 -7496169049947467671
159 191 -5180323157084805049
159 192 -1185237727088030073
159 193 -3909285776242624567
159 194 8553134551615367663
159 195 -5066855264702336247
159 196 2087534694842177637
159 197 648080727450863287
159 198 -6913105996795214846
159 199 -2384241825993812360
159 200 -2386509280381668190
159 201 -8337307441275959597
159 202 -2375107883886667983
159 203 -3844568616093716501
159 204 4396178808856181021
159 205 -2047061879783895100
159 206 -167212442573532035
159 207 732148555861063989
159 208 2950250034015259851
159 209 -6888639178414313134
159 210 -5905433952114561272
159 211 -1656083153283880809
159 212 970763960088417146
159 213 6462855464749217148
159 214 -8249502794690558720
159 215 5262515822349633389
159 216 266520430867891215
159 217 -2466687861974862859
159 218 -1535620390848545115
159 219 5385866012703236732
159 220 -2452147974244264703
159 221 9054086899145622728
159 222 7788587261989707539
159 223 627412562326084251
159 224 -307184824188354951
159 225 6690214169930646604
159 226 -3992867442948262623
159 227 -1999619516063401584
159 228 -7889925184252460873
159 229 -5260670189494827643
159 230 5862409679613084183
159 231 -4243211914812824151
159 232 8485783861990147157
159 233 6390759542519879137
159 234 5929483498906710273
159 235 -7594585966258790679
159 236 7236324656068417786
159 237 8360005242875686694
159 238 7187796460245791339
159 239 3579374819702469553
159 240 -8932949575555826271
159 241 -7600342525592926916
159 242 -6067436269813316012
159 243 3356873725525376562
159 244 4153365442896664844
159 245 8244260815697300044
159 246 6055790296948393859
159 247 123539172771828129
159 248 6842973106222962495
159 249 8128530506135381161
159 250 7581317998100555696
159 251 -6040354757280049485
159 252 -7707464572389640337
159 253 -6765944481316942318
159 254 -3471033313894056076
159 255 5926137227433686835
159 256 -4269898838991998908
159 257 2971081567306513531
159 258 -1208752583766777097
159 259 -3632149422630317534
159 260 1886120884462241094
159 261 -1827671696248073251
159 262 -3110930534061094377
159 263 -3300270297808870670
159 264 -1266277245570152329
159 265 7562819310861568577
159 266 -6705366005844353526
159 267 3009963876835168809
159 268 5025879129105276190
159 269 1447617540072444883
159 270 7946223133465011504
159 271 -4496898864107682151
159 272 -227740139075019281
159 273 5944195688056957468
159 274 -6388784028669498726
159 275 -5859370403999801851
159 276 -5270543848211651290
159 277 -863360638293987926
159 278 5179705642990134285
159 279 -3032767254990092314
159 280 7170063991143793004
159 281 -2292684482552041118
159 282 65059841011653978
159 283 8187320900462051829
159 284 -8276336886955505262
159 285 6611447788983990202
159 286 1618742162882911631
159 287 -8148816806201512999
159 288 6678622458172016392
159 289 -549962434639352996
159 290 2187198130204607442
159 291 -7667664147162213126
159 292 1123617261004567510
159 293 2302339878366300106
159 294 1859333034148794081
159 295 7377396924128566796
159 296 2237973253742508727
159 297 5344159779369098239
159 298 -8406898966686353166
159 299 -5610773244075916042
159 300 -6274591195778168851
159 301 5802334660099777340
159 302 -6152771944975470615
159 303 9151033145537899696
159 304 5857635642277762745
159 305 5737563502247335633
159 306 8577702455199831044
159 307 -310832158870874013
159 308 8268806395467455531
159 309 8574632464700729243
159 310 -1997107518401108490
159 311 983036168746526928
159 312 1734080157498087243
159 313 1566358343662192951
159 314 5368675498227947586
159 315 -8604119080469652532
159 316 -9085292717503891704
159 317 -3659259199489423843
159 318 -6481110912325458964
159 319 -7095877152091585342
159 320 -478399460207640433
159 321 -2627685481844979402
159 322 -929914130996766319
159 323 -9086503390481835324
159 324 -646048279091202618
159 325 -7631249577308821928
159 326 -1915845307753583290
159 327 4826475426901045503
159 328 -3596154209376584431
159 329 -5858233797160910609
159 330 -1907788284872733612
159 331 -3616030277560399538
159 332 1000996341111067397
159 333 3756253487850577756
159 334 -7783049858451292006
159 335 -1987456266715660444
159 336 1010416690447348711
159 337 -5459186146557235093
159 338 4733050695755912579
159 339 1206040411678658223
159 340 -1910287915900199206
159 341 -5652751478621178873
159 342 -6691619758322130617
159 343 784486440198944769
159 344 1025500194287895464
159 345 -6290748400575301157
159 346 3474575446316545205
159 347 8746423479692618423
159 348 -1661888663106322898
159 349 -874863526832955445
159 350 -7031050370003340875
159 351 -1893088082002645336
159 352 -1202445114624165481
159 353 -5941210635800644148
159 354 -1730442734135436337
159 355 5221940028733116244
159 356 -6814194107707868533
159 357 2864457094087524491
159 358 -6959115718632829520
159 359 2594674318469648853
159 360 8727153347791975044
159 361 -4829936713030946947
159 362 -124504135082375468
159 363 2317445032706625425
159 364 9106428288220041401
159 365 -7159244762628256226
159 366 -1002148512710301137
159 367 6052561778204924068
159 368 -3075086611672917374
159 369 -980453677870685127
159 370 -5469692240714912042
159 371 -8092768802498434858
159 372 -7184860417982037007
159 373 -215455709191026603
159 374 -8671910149877451647
159 375 7023998803734302450
159 376 4695113726859107533
159 377 2925154358369189292
159 378 8595553548031153507
159 379 -8822003117212436714
159 380 -6428974696761553060
159 381 2552856253413463834
159 382 -2756289641253843552
159 383 8451491751597744122
159 384 -6800384347277642900
159 385 6022318509116091631
159 386 7071312848496756455
159 387 -636433016114754097
159 388 -5846652289754112344
159 389 -3712411339200130438
159 390 -7259647485344086650
159 391 7376681045249899159
159 392 -161565705021525981
159 393 -8351169459748448606
159 394 1381180807036769388
159 395 -8757287948779284993
159 396 -3443627773196826364
159 397 756558257604451976
159 398 -3097268445127907428
159 399 -3069561382445936525
160 0 2644468526832831647
160 1 -2808094014892114084
160 2 7651171102678238374
160 3 3392152478605314703
160 4 -1428182798051161484
160 5 -2147272091432537095
160 6 -2945053268061603792
160 7 -8588059701703555345
160 8 -9003858722232493717
160 9 4166642042941422854
160 10 2029614073880126912
160 11 -8090779371678735349
160 12 -7164776422721658283
160 13 1873109710023712963
160 14 5443989870770876945
160 15 -7134838077946140429
160 16 8648276972161571331
160 17 -2414505167630852978
160 18 -4144679569663571251
160 19 -5065965729483837721
160 20 492777330363799852
160 21 -2851633558735992078
160 22 9164311644558099683
160 23 6492987729825483643
160 24 -1671231442563059825
160 25 309249966533070924
160 26 -1848484203473932247
160 27 -8704297972306444467
160 28 -92579059211361046
160 29 -7989984422340162549
160 30 -6244673571228473563
160 31 671618443039401510
160 32 2834435604171341401
160 33 3742033981718125731
160 34 -5472415025599672103
160 35 6269781381434550421
160 36 -8490075697111469568
160 37 -6651266009882503312
160 38 5110507947159739719
160 39 3959038456051952820
160 40 -3049087864067211606
160 41 -4245138129390865457
160 42 -2236616485604677393
160 43 1489611741739571227
160 44 -359037115245617765
160 45 8188389507927973330
160 46 -1147451462395173448
160 47 8842157544412407064
160 48 2929844854947437245
160 49 7245510410882359935
160 50 2563623500222585072
160 51 8658953256453336870
160 52 -6153046713042862975
160 53 810697476207531064
160 54 -5958573202689173471
160 55 8136660574398777410
160 56 -273249894892914749
160 57 -7928910728542159509
160 58 3562780717610339634
160 59 5313004174006178133
160 60 -1423699524285803359
160 61 4506490411778860003
160 62 -5485286060746052236
160 63 -1162655345605419611
160 64 6398483978900858228
160 65 551214117573600189
160 66 -7044652747093140540
160 67 1249366967227788840
160 68 -5533496252057106870
160 69 -8148576783139656899
160 70 1336383430470100148
160 71 -8901112752660780818
160 72 -1396854223789793230
160 73 -7310094501516642379
160 74 4894008247585066111
160 75 -6929492075933879517
160 76 8511174537316909709
160 77 -901465285836598151
160 78 -7982050000903957713
160 79 4679218248739432508
160 80 4017968942292657259
160 81 -4722927821826862692
160 82 -7359973398371882917
160 83 -5857352956962802800
160 84 7542136898614655607
160 85 1029723279136985523
160 86 8678403155732199478
160 87 5410195878956807754
160 88 4590855905642304651
160 89 -4841130747879439303
160 90 -6716263367865141492
160 91 -6070342134036480790
160 92 -7439574151996126722
160 93 2453773699154928463
160 94 3977795412460068746
160 95 6348837052784479629
160 96 -8609338453476164528
160 97 5651202254789242868
160 98 -5918357903222205800
160 99 -3246154298255387210
160 100 -7575674168838004967
160 101 7533643938780961241
160 102 -2258055774288495680
160 103 -4767298744021018587
160 104 -1375814290450889750
160 105 -684929064080611910
160 106 -7309849613196606981
160 107 -2218323156617700989
160 108 1615127800655636222
160 109 -8408893740547884827
160 110 -3668581144654698524
160 111 -6932066133325799625
160 112 2283729765177425363
160 113 -2620461908046132941
160 114 2593289454142559827
160 115 -1436996872952927726
160 116 2031988882222085823
160 117 -7890511387047516642
160 118 -4972828484615057487
160 119 -7169482478252464322
160 120 3884378141735655819
160 121 2924665638262982191
160 122 -1626501921506660441
160 123 8181531269197680325
160 124 1592425196708569034
160 125 3473358249943368828
160 126 4930855069590130356
160 127 1514420309331006929
160 128 2668311364615488260
160 129 -585362025162998281
160 130 -707565986166742444
160 131 -4700700832743577333
160 132 -7017104027699036590
160 133 5727528022193027533
160 134 -8336117247489392395
160 135 -1800083522602932013
160 136 3909558571718386504
160 137 6043026473998377069
160 138 -2580122076155317804
160 139 2765409299015169505
160 140 -3731987621038121024
160 141 -770956432333156348
160 142 6487984485758354963
160 143 -4359704074898761792
160 144 -473629523891736519
160 145 -2915248812492232140
160 146 -5842147463214742259
160 147 -7028350670545607512
160 148 5884934718633117383
160 149 1083573302210694193
160 150 6136776535394425776
160 151 6945852354742099931
160 152 3329671176899842864
160 153 8050659103777265532
160 154 -8650517680573998951
160 155 6321924425797438596
160 156 -2471828420209218509
160 157 -3702488836814139276
160 158 -7257051523153539960
160 159 -8153302662145513249
160 160 -6106104025137289979
160 161 -1515018623124092075
160 162 -5013708951843785980
160 163 5215944955077975300
160 164 4258561165818717367
160 165 6465017459619931785
160 166 4484541447992355870
160 167 -4102143864006910250
160 168 7809960726070504180
160 169 -4617576675643301617
160 170 -1438638141550894184
160 171 -2993854569253151151
160 172 -1006287261155293143
160 173 6927593294294352110
160 174 7323577695111723163
160 175 4321068262247370053
160 176 43113111977186207
160 177 -433031529922161963
160 178 -955034965966691222
160 179 8233388205213923021
160 180 -4802273607853676011
160 181 -8981641511093701930
160 182 3109028315837402044
160 183 8484741583707650926
160 184 1004858806831954785
160 185 5473460121273838912
160 186 7017202312121536179
160 187 30051369056946876
160 188 8080977899159623635
160 189 -7179455167412258921
160 190 -4520213716199196398
160 191 -2678253128471034365
160 192 -5195133719084687377
160 193 7714651429562725312
160 194 -8905089936710448983
160 195 6564516919408786824
160 196 -6988167978842948421
160 197 314884315887419087
160 198 8154688230911651572
160 199 -6144472349857540817
160 200 1313564258923470779
160 201 6358973796568016221
160 202 -8382818691646979333
160 203 -8067164845363580558
160 204 -4450136770593656104
160 205 -7196634754307613801
160 206 -1681003079242011057
160 207 -867998496922463046
160 208 8394267069234748047
160 209 -6565172024713160317
160 210 1373768980933672472
160 211 1355094419334423938
160 212 -8805390440755935408
160 213 6137143777153725506
160 214 6277497762416852576
160 215 -1567549274843232947
160 216 -8510043049054534613
160 217 -3211408734321045655
160 218 -1527859289552922328
160 219 -8113262892074220287
160 220 9170298668392233595
160 221 2780116646089384132
160 222 -4342323471738644267
160 223 -8562132757393945249
160 224 5329217043589884806
160 225 4821427477845642453
160 226 7381808140833624342
160 227 -7360825979937256315
160 228 2906594244536789725
160 229 3289787869337001152
160 230 -5172672232521033702
160 231 -3384240358350255238
160 232 -7931613295466720697
160 233 5883181054772244523
160 234 9153220263518525858
160 235 -6391717257388322776
160 236 269869675931937801
160 237 -7361904577416228240
160 238 -4291675448876736393
160 239 181214728520414860
160 240 -8566722976746266014
160 241 -4976661032984393927
160 242 584666249948407026
160 243 7267428020601414308
160 244 -4437514028947783970
160 245 -5631670826585638913
160 246 5510606595449383980
160 247 7051062558491729701
160 248 -3072636563641690412
160 249 5268882449986830390
160 250 -2179381770644427383
160 251 2608296390054606113
160 252 -5878186898525540259
160 253 1768463298607874601
160 254 -2378212618415851909
160 255 -9098377322828326912
160 256 9130439318036923364
160 257 5559835288961507960
160 258 -5099000583810723544
160 259 5136452292685636761
160 260 -5409546360176802068
160 261 7649078479907546987
160 262 6247170770387383134
160 263 -3585799916601084322
160 264 -8183401650043924672
160 265 -3808167600097656571
160 266 -1311935864060346796
160 267 -7766994965274765902
160 268 -3281007754327880803
160 269 -7103957662133155834
160 270 5635279442552977847
160 271 -9133577420182310208
160 272 -5761839070499645245
160 273 -7508439542060188255
160 274 -8681186392040867871
160 275 694017770531497381
160 276 7917770024944530427
160 277 -6037319424446603443
160 278 9072615487156441349
160 279 -5866240014489702783
160 280 -8922182487485883970
160 281 -3858029685646926397
160 282 -8004455846873356092
160 283 -7596467367265422747
160 284 8968658018688387351
160 285 75999143829396604
160 286 9014004740849112359
160 287 3564386262809245538
160 288 16700038934976089
160 289 -3648216889557445155
160 290 -2414053172340459085
160 291 7628424532764961860
160 292 -3501871425734090890
160 293 -8502963271057863472
160 294 40911112118108842
160 295 516545147734858401
160 296 289723455439420914
160 297 -7364127618251456280
160 298 -6951119446880206559
160 299 -8997182420948056897
160 300 3515541248231763823
160 301 541415859264284012
160 302 3670096038035624038
160 303 -2062648421277386393
160 304 -5697718959173011907
160 305 2432006493517498712
160 306 8775608115512989848
160 307 1178054983417175648
160 308 433005356247866516
160 309 -8274190451375797265
160 310 -2060401289601805688
160 311 -403737456093935434
160 312 8658382150240333598
160 313 515132955819830990
160 314 -2888245456701818585
160 315 1636700746311155503
160 316 -3555812194557030068
160 317 -2031488312072227555
160 318 267009737977249094
160 319 8388210308888579509
160 320 1513887942939128889
160 321 9130705621970851302
160 322 8607245480986507383
160 323 -5050722702388924804
160 324 -7705931233055715061
160 325 7455720006475077939
160 326 -6864159075329076134
160 327 -5415694135693605220
160 328 -6034849111302130532
160 329 4863695036022462035
160 330 7986080800244202262
160 331 -4184588092085828127
160 332 -1072713981902879209
160 333 -6272143271404985527
160 334 -6518867834876772700
160 335 -3639483586102518862
160 336 3938231800388688186
160 337 -550574937890700282
160 338 8413753333961887904
160 339 768962558636488249
160 340 -1345637651459210351
160 341 5100844920102917614
160 342 -6163131865416489430
160 343 7836236245918061325
160 344 -925382466114839512
160 345 -4594927172299248705
160 346 5882888341845135733
160 347 -3912643536357733429
160 348 -2604306132366688649
160 349 2737353147513542683
160 350 1085050726125460176
160 351 -7981892832051414103
160 352 -2542373045818168435
160 353 -6880766709144121814
160 354 4924222255849648650
160 355 1434426744613084874
160 356 5347500445456116211
160 357 -3824067076962924232
160 358 4659450616055296213
160 359 8635078249625299106
160 360 6182284295180841579
160 361 -1541463562839383642
160 362 6953004631876169602
160 363 607862834261961859
160 364 -2815451063314101270
160 365 2565332020749551158
160 366 -1656502668976982260
160 367 -3178928307853329613
160 368 -14574733456879788
160 369 5903603483567569000
160 370 -3703637189812956231
160 371 549716480660039577
160 372 -4037360260316565729
160 373 3319891064512848650
160 374 2060539562930080479
160 375 6531693748062713084
160 376 1636243884219669965
160 377 6300611325480135077
160 378 217823679284411541
160 379 -3827672600762549962
160 380 -3337041489605284121
160 381 -1431977326765450192
160 382 -1040330860499115811
160 383 7286012877962257072
160 384 2390228809255870924
160 385 -3755805608566602461
160 386 2378104425099769710
160 387 4644144076915782047
160 388 3115381253296925459
160 389 -4096341767036720187
160 390 -231099935056270584
160 391 -5514614081161770485
160 392 1671752820480736885
160 393 6947699974734519261
160 394 9023423771548157750
160 395 -2558969077549728902
160 396 -6179670441566056754
160 397 -8319969299098808364
160 398 7150855064472003387
160 399 -1839434645681231155
161 0 5428539743412362425
161 1 948007035187511399
161 2 -466193412692449140
161 3 8902280262247937950
161 4 -1047582276801545241
161 5 2796493641010890239
161 6 4533873932454977594
161 7 -7357346329866957262
161 8 3855311999088510266
161 9 -5860579525242077647
161 10 5535937158633253150
161 11 1674891406460351008
161 12 8415659051278727468
161 13 -2832261281748436665
161 14 -4389285176351574593
161 15 2263464040085506687
161 16 6410605030991589639
161 17 7194807761733282298
161 18 2837645653809897038
161 19 5259818838537106829
161 20 4092308156201996977
161 21 7524955080250688253
161 22 8364188438453428471
161 23 5849186173957162202
161 24 1512492958603371629
161 25 -6992114319058153437
161 26 6010112569795665312
161 27 -4662842144634910799
161 28 6745875649143298179
161 29 7197741810333779888
161 30 7710480466601347395
161 31 5751057121475860308
161 32 -237068080132551439
161 33 6591927462281588831
161 34 -8165194812071114925
161 35 -6913242874007754146
161 36 -752090907554809522
161 37 -6724815606875065416
161 38 -6186278518503374482
161 39 -1218283677574868182
161 40 -8681772959694309815
161 41 5773487992866590632
161 42 -8385555708614324823
161 43 -1287982246726740671
161 44 -8801985622172291715
161 45 -6722871772973361399
161 46 88214742464632263
161 47 -2380325860371284993
161 48 -283796112729254660
161 49 -2199769915372720752
161 50 7819885019422661661
161 51 -5886701404342042134
161 52 7197962223455110459
161 53 8053475045507873276
161 54 -6037721277764473593
161 55 -7881096318896461462
161 56 -8715504696168380521
161 57 -3987096837527899852
161 58 1813132529010862150
161 59 1989973383285247953
161 60 2210977164576210732
161 61 -8990385407277685877
161 62 7987349483290700835
161 63 5696109960043644312
161 64 5599893252800032867
161 65 8482267043870093478
161 66 -6314710254727725394
161 67 304220581250891752
161 68 6864943363015569632
161 69 3765464152143511597
161 70 -2255355116559413443
161 71 -5295666487843176864
161 72 5789079830941130605
161 73 1978303529933625775
161 74 -3211679916454555796
161 75 -637372558468972721
161 76 489727455708884971
161 77 -8094811866545925438
161 78 -8100756434909414149
161 79 2610003689807244272
161 80 -2290383004347579036
161 81 -2924512668011865312
161 82 9107677624899252466
161 83 -8088170224567480105
161 84 -7503155011359518083
161 85 898030228255441567
161 86 2363501950262290261
161 87 4941624274752454993
161 88 -1392495133339201159
161 89 8092360222603449910
161 90 -4410884091442243105
161 91 -3048923179234220843
161 92 8928474965214252914
161 93 872345340778154083
161 94 -85392477761499844
161 95 -6406267691181128962
161 96 -1830310402340214610
161 97 1695149691542291135
161 98 8150607082615972387
161 99 6733848014802299680
161 100 -1325035280227237710
161 101 -7527976912156392493
161 102 -7166462159625403171
161 103 -94831352547707088
161 104 896529005353516484
161 105 -3573666953068351945
161 106 5998921508406754193
161 107 5189263046952668345
161 108 298798238270058947
161 109 -5763506909403679658
161 110 4832918263814710545
161 111 7228070076297433649
161 112 6050676355072951831
161 113 3131858011514609232
161 114 -3144721276688720492
161 115 -3645151318986868406
161 116 2580711126708676716
161 117 6085181881050531798
161 118 -4501351000831528858
161 119 -990260719013825697
161 120 4695872815308357890
161 121 -1573496784223781484
161 122 -6306907984582254621
161 123 -3902371836125211603
161 124 -2013716747437531029
161 125 -8983109784239293953
161 126 -6713544831727418052
161 127 -2551496721508423376
161 128 5200371361827655704
161 129 -374252989086348740
161 130 1675646231380298917
161 131 -8135834840924003454
161 132 -8142901364801541376
161 133 -3686210006965544778
161 134 1839381658003185538
161 135 2473105895218606662
161 136 1481406315213148841
161 137 -7638228421759158418
161 138 -5144862940867290394
161 139 6051446335224174386
161 140 -3131184867886725666
161 141 2006734877978591347
161 142 -3550280644983321392
161 143 -7868542033941220413
161 144 -1640914943177254714
161 145 -5875463576773468496
161 146 -6157120842082205199
161 147 5019026995109525346
161 148 -815357785597132527
161 149 -7314322968120556381
161 150 -2031962640000797759
161 151 3946934219642100360
161 152 -1566740656647035036
161 153 7529524563402393357
161 154 4563362735745072315
161 155 -7396424629502570691
161 156 5013223851300767139
161 157 6655450542628956488
161 158 -2960124312291086956
161 159 9113882574576646884
161 160 5493241129199408929
161 161 -1761120533084464957
161 162 -7544426103481607994
161 163 -3740950970567866012
161 164 3676107609896194168
161 165 -8556946442362751825
161 166 -977561563040440397
161 167 201922202336928595
161 168 2242803164616924287
161 169 8206264831772390583
161 170 -9071820410093130042
161 171 3657209024212902968
161 172 2909768628178618560
161 173 -6961892444798854646
161 174 7963505310341843296
161 175 -6694397059817935654
161 176 7352392231672015672
161 177 108622589173147392
161 178 5447546048029958223
161 179 -672389052077535675
161 180 -1869944956403904088
161 181 8598339118602936786
161 182 5653641100251776036
161 183 1602903923888492588
161 184 -2615311939872903784
161 185 -8784542753993324831
161 186 -2772331975743218023
161 187 1234879612206445237
161 188 2679470765057795602
161 189 -2285918816522354123
161 190 -99353177505016691
161 191 3978141198805621915
161 192 1445787789899127337
161 193 8008314147981730673
161 194 -3149400418798223779
161 195 4688134737324235737
161 196 6372256403345536138
161 197 1138314756806382286
161 198 -8119595545278139845
161 199 1317670521337435395
161 200 -8334860461882239208
161 201 2077052965454221087
161 202 -7038564679216982955
161 203 -837929490633357337
161 204 8839087348898477417
161 205 -1802732878771108503
161 206 -7551294861149749682
161 207 -2315591140181875521
161 208 -113313358207206976
161 209 -7202711732511731285
161 210 8603340420762066170
161 211 8102341281834167164
161 212 -7802628155325056824
161 213 -8323729156597165008
161 214 -6881224653735970895
161 215 -4836831171348693494
161 216 7944098346054546141
161 217 3950999505446968283
161 218 2165494726922564542
161 219 -6012253736152519520
161 220 9033548743172158010
161 221 4749023533508767986
161 222 4214644070444212791
161 223 1624737372672403302
161 224 -5101599779186579433
161 225 6643511179328720143
161 226 2245140660850098071
161 227 -5914982969020750322
161 228 6952339230684351209
161 229 -1669912665457665965
161 230 -5885967771822742997
161 231 -739760553833340009
161 232 3505529062900821526
161 233 -6580393284616222060
161 234 -7427889765772966828
161 235 -8556283368773995031
161 236 3695263950286860446
161 237 -5031570748560376467
161 238 1991178023089083061
161 239 -200185407942330342
161 240 -8468685424775052145
161 241 8016276030825934262
161 242 4713622984258112972
161 243 2655741474789763150
161 244 693495654327564389
161 245 742335391234913391
161 246 -1415040760631379762
161 247 -1637248506746907256
161 248 2059782515977333013
161 249 4218264771540663137
161 250 143653138682017647
161 251 3860588648369792151
161 252 -3429070288839722529
161 253 -7430862786801736033
161 254 3993826766028598941
161 255 -3604846081315533476
161 256 6610677697213726776
161 257 -825928870944533640
161 258 -4724708950367759711
161 259 372002379397492835
161 260 -8224189956409589188
161 261 3904799765655964998
161 262 -497432739793679554
161 263 -8978318448438913255
161 264 -8573936697774983733
161 265 -860620144479675904
161 266 -8037705681885101526
161 267 4825331379592339872
161 268 6339364538395346210
161 269 -2244959595628446719
161 270 -3761932875482627750
161 271 3033534404637946602
161 272 1329549646078848049
161 273 3139639641626135808
161 274 8365235249381605101
161 275 -5557568281961248624
161 276 -7568843402457776399
161 277 2772040668278957288
161 278 -7871821681157010583
161 279 -8113550694092629393
161 280 1330409257410099428
161 281 69425242067501252
161 282 -8755633714626075175
161 283 -6819507087834195016
161 284 -6333620981364479076
161 285 8626342153777363815
161 286 -974109914866242438
161 287 6044788419654072093
161 288 -4022300641374626395
161 289 9008985515807064147
161 290 -7509397426874460497
161 291 -1731058190790191012
161 292 6143962924119646244
161 293 2849778993281921549
161 294 -1160193397488610847
161 295 7148160757559886286
161 296 6339234797420599993
161 297 -3432056996268771196
161 298 2907033919337410271
161 299 7972112206209268463
161 300 -1580310111532667983
161 301 -8124850084717870067
161 302 5354432363701074120
161 303 -1746967051629324721
161 304 6322772626420115007
161 305 -7079618853319862674
161 306 2689095329286255662
161 307 -8056140676633458165
161 308 -8064193445152438857
161 309 -3118809778830828100
161 310 2758614020627657689
161 311 843307654001321772
161 312 -4830315063238933291
161 313 273515276678321463
161 314 1338781907135899321
161 315 7627275046881039886
161 316 -6659774458581948421
161 317 -5619812230331993542
161 318 -8974732179835299006
161 319 1193252031385408685
161 320 4178495991155786875
161 321 3516469556809139856
161 322 6902001018139172584
161 323 6801664907521122171
161 324 -2252672748958488222
161 325 -5237667619093152167
161 326 -8627359881948247299
161 327 4492220033375499406
161 328 8905116059253073067
161 329 -1259515106212215314
161 330 1393554091962980409
161 331 2934309649329926293
161 332 -2172264668560740195
161 333 4107896094940851488
161 334 6096257127341591099
161 335 1100648678136383815
161 336 -485891347891990191
161 337 -6364498373495890631
161 338 -5198831579710642993
161 339 3029708398057510396
161 340 1708065710573293369
161 341 6613645277469658196
161 342 -6917987032364076276
161 343 -7549147832672019850
161 344 -8716092143184458156
161 345 3329640497889759241
161 346 -9123834192588921723
161 347 3399889791320737765
161 348 -4971635624908294151
161 349 -995136080953596839
161 350 -7604713425358596015
161 351 397550584765773696
161 352 8454569117778922793
161 353 7926496655088700322
161 354 7883010699531619787
161 355 3292719451761782572
161 356 -7735000908148452036
161 357 6768278144404166311
161 358 -8818997226719192831
161 359 -3730253780850045480
161 360 -1614199113637181416
161 361 -3596527352483675620
161 362 8479137779858421233
161 363 4049503895023272545
161 364 4903463786970894591
161 365 8241460161157408809
161 366 4813523328033961414
161 367 2716914744579042602
161 368 6166435672551517384
161 369 7383541030543551473
161 370 -8679174974284481846
161 371 -7651373834583932280
161 372 1999579892720674860
161 373 -7217611990723098786
161 374 -7999795185139014390
161 375 2545559714607760357
161 376 1738969971005700242
161 377 7038356248389925915
161 378 -7328322597451617181
161 379 -4996033062903683355
161 380 -3434515659615245013
161 381 -3341350474504463008
161 382 3734144424151083365
161 383 5464418041977952870
161 384 700074593937470416
161 385 6607906417072409922
161 386 -4606502813816260225
161 387 -5918268613835922294
161 388 6822205800415194958
161 389 5250468957879072963
161 390 -5684499078973133959
161 391 1333119878381833306
161 392 -6478257886077802993
161 393 -1411513716494783013
161 394 3041620254013184367
161 395 8887093337783489688
161 396 -3821121059239430767
161 397 4828808925539499724
161 398 559367390192883769
161 399 8400123910608423850
162 0 -2174446264699422194
162 1 7869074609463113778
162 2 -2002574787118433390
162 3 8353601122129624223
162 4 -2578697588879783668
162 5 2903504193107614058
162 6 -4233175225151971705
162 7 -7602475540891010884
162 8 -2515370317895672714
162 9 7339730323524386654
162 10 -1729724161218914006
162 11 -3590588491574586014
162 12 -5586500991444473827
162 13 7307550645628245839
162 14 -8043854655534817656
162 15 -5443110774550360236
162 16 -9220960085129704523
162 17 3309041031740811811
162 18 2977749897036901259
162 19 5645517812046669727
162 20 3944028093095035998
162 21 -4685291520486500048
162 22 -9070969741353854663
162 23 -3300815018287184235
162 24 -6891769620727196078
162 25 499395619973726251
162 26 3004640133909801843
162 27 -2250195453126425944
162 28 -607941811158967365
162 29 -445953642555223233
162 30 1689244106151244549
162 31 -2369690179371354998
162 32 -4034327126205411862
162 33 2618035868751674774
162 34 8453902931764889588
162 35 -3927850976208890092
162 36 -3912479195222809285
162 37 -6615900699654197591
162 38 -7609940801307299480
162 39 5882972443893137320
162 40 7485902224212300483
162 41 6137510343643999114
162 42 2527453114575102811
162 43 8925047980770159346
162 44 485490156037100233
162 45 -7073519275933936115
162 46 -7340398789096816545
162 47 5414685830866192483
162 48 -2362475034810199221
162 49 9179811783351497409
162 50 6070562459817579755
162 51 1045619871818279714
162 52 -6313258482822795822
162 53 -4834488392070000294
162 54 -505545037325479671
162 55 7345778647694078727
162 56 3509343087670001166
162 57 -1696319911045850742
162 58 8096828757138724093
162 59 8059106541201356513
162 60 -4155625061104241812
162 61 6533268347418430013
162 62 5565973162842153342
162 63 6365914396688892504
162 64 -5600880105521915851
162 65 6886391940255969453
162 66 -8611665665308256922
162 67 -1272172549643757142
162 68 5028241227769809330
162 69 -4797647581377902266
162 70 105754290150184613
162 71 -269669005035204687
162 72 -8462822796499620304
162 73 7899238976710811861
162 74 3657164250744065732
162 75 -2598280980530320840
162 76 463752376009030935
162 77 813935649199419635
162 78 -2336712803731360346
162 79 1870477378197973581
162 80 6847790514371070743
162 81 -5370942327869098810
162 82 -3645563522953794734
162 83 -7779762062098613400
162 84 -120802229162575736
162 85 961805574196875040
162 86 3439431241752862702
162 87 -669930762738753729
162 88 -3783859650991259211
162 89 5503070849212201926
162 90 8488926384682356904
162 91 -4250670994054729539
162 92 6142140833905464376
162 93 2527527364036563645
162 94 -2503263571722266204
162 95 -5518155498863840752
162 96 6170866348046816594
162 97 7524693935715416351
162 98 6641827737475867281
162 99 6178337531802151947
162 100 5419906405976274519
162 101 -7946526303424340892
162 102 3909984061780055082
162 103 3044286162631683552
162 104 1898286768363592375
162 105 3051062737040947354
162 106 -6099497631302550871
162 107 -8967271964856465174
162 108 -605632668921216149
162 109 6577471794723717471
162 110 190057865935172356
162 111 7383373049732433894
162 112 -7629207895327655077
162 113 2583176909340699963
162 114 -4044126106717954867
162 115 3841118971719789866
162 116 -1796570903049192115
162 117 -8858593229581667022
162 118 8459308736960432041
162 119 8619033449585904778
162 120 -9157829806072838088
162 121 7802587468470262100
162 122 5067522810345443341
162 123 3263044888752934960
162 124 406338616565846262
162 125 -1375869870425142981
162 126 7015900377321465009
162 127 -4949420768800014134
162 128 -6585064881795589837
162 129 -100969974763350005
162 130 2436586269996834952
162 131 7597811583005952806
162 132 7266007107804334940
162 133 -8063885331745306564
162 134 -5844215211401282559
162 135 5751887156342781218
162 136 2212987482334431355
162 137 -1462084728220398705
162 138 4141030221390140744
162 139 8369163673467866308
162 140 4844202914284652302
162 141 7451795800349591716
162 142 -5584147785769574173
162 143 8438727012964702632
162 144 -639098616026460836
162 145 7376578476238391362
162 146 -4658277993085841240
162 147 -3395343485403618873
162 148 -7464052941642653107
162 149 -6897181433413740612
162 150 1161274830208961064
162 151 -8420665413758112261
162 152 2947327828388334392
162 153 -1617983310467158252
162 154 -1014510045432486921
162 155 3956119672989774126
162 156 -3100775604831544897
162 157 1722869912971197959
162 158 -2129782533518232632
162 159 2519540386524898990
162 160 3593537158445833641
162 161 6611044998869946753
162 162 6428846729121185593
162 163 628896779432277794
162 164 1871458926590612596
162 165 9099253193952298289
162 166 -2903202033244591213
162 167 -3149148924128578371
162 168 6517224306624350768
162 169 2307325433492167722
162 170 1118734607830632372
162 171 -8138738351964336210
162 172 -6312143572747324163
162 173 7457249283268206982
162 174 7326306178567246367
162 175 6344220524969030428
162 176 6102136056565491171
162 177 5078632137252401756
162 178 -6492778131209675763
162 179 8857297716715652198
162 180 8148533064713654564
162 181 -3527371510858210794
162 182 2262009815978205489
162 183 1137024588031896199
162 184 8181992344625998588
162 185 -8165032887400277130
162 186 3398354278498024876
162 187 5575353622699773782
162 188 -4335556625975516882
162 189 3638393519290256467
162 190 -6719487061846843158
162 191 -4149160541326461660
162 192 6184659467381133462
162 193 2315797768149915087
162 194 -4735538648565843046
162 195 321574418463138458
162 196 2153525005341819620
162 197 -174900652215810828
162 198 1372833140222943581
162 199 -3955548502518854384
162 200 -3831921776789669887
162 201 2827895018509696983
162 202 -4597535976719393406
162 203 -8808192893463666108
162 204 -3901850230069313923
162 205 -1046174790435456244
162 206 8830336657866273656
162 207 -6158665313022452319
162 208 3690061045422758633
162 209 -2771291617939261662
162 210 -175074333594751388
162 211 97087498348976592
162 212 1874179969140009047
162 213 -5433125023034306079
162 214 -8704571189079330864
162 215 -7528959872257287688
162 216 -2255033243311143706
162 217 -8371455141428487413
162 218 7270748758646285679
162 219 1812229460231069734
162 220 -1296143799220780448
162 221 -9156741459232284681
162 222 -6752021774398031790
162 223 3028715505755015572
162 224 -9117663587701786212
162 225 -1281815179343580982
162 226 4652852476181190231
162 227 1425188300758643735
162 228 -4358115405849302695
162 229 3216947758346007513
162 230 1835588791343431299
162 231 -3364635266097367811
162 232 11700670662832159
162 233 348410697356345224
162 234 -4542503842995140101
162 235 8402151483072865145
162 236 -6006250982899687025
162 237 -7782368618383705578
162 238 -6526399993468681926
162 239 -8080499401608208892
162 240 1375726100652335678
162 241 -6023605045309531362
162 242 -8996538404274416084
162 243 -3520265320539984180
162 244 3498383111651197554
162 245 -8407954190570478815
162 246 -4358071494443531317
162 247 -5362669566347094870
162 248 -1545207576773063866
162 249 -7555403027259390007
162 250 -4868302819476652871
162 251 6467965749540121501
162 252 6663477145311665817
162 253 5159822034553448619
162 254 9158548355887139924
162 255 6933501167790309683
162 256 8545324885427717572
162 257 -3304954104446381436
162 258 -1230900645750954153
162 259 6885285293358222076
162 260 8552082433250504155
162 261 -2795164098050715311
162 262 -2935654717623333381
162 263 7121106418555888274
162 264 4871124881007120329
162 265 2535413219196547397
162 266 -22004455104844694
162 267 -2685313332234176645
162 268 5477851244027118901
162 269 351393145152223330
162 270 5757548764432512929
162 271 3481138104155579743
162 272 -2521138575821479175
162 273 6802139233392250545
162 274 -696056231789183891
162 275 -6029976643371075834
162 276 1381386115758268673
162 277 7945760822273246966
162 278 -8610629740878794337
162 279 -4293429822439455536
162 280 -547528668082063990
162 281 2781136411279433680
162 282 -1943705133598573148
162 283 5822420211546040725
162 284 -6703202962498167635
162 285 -2959984957631758181
162 286 -201142127835976400
162 287 -8264286012072155648
162 288 2392232545309594377
162 289 -9075327832238693893
162 290 -6096042254743365765
162 291 -6152745715759612032
162 292 1534768058683412284
162 293 996683553157126567
162 294 6649044448565431446
162 295 -3525448703080400817
162 296 7096039498372130611
162 297 -7118272304505160340
162 298 -7988325415769287980
162 299 -4808984518533157179
162 300 -8149666637743301264
162 301 1468563262775909170
162 302 5282555093716461609
162 303 -3132468557742024326
162 304 -6970886083677985209
162 305 -4019906431656766180
162 306 -4793515147097394004
162 307 -5095590907156615875
162 308 1849826125569281481
162 309 -4734525068062442277
162 310 -50195582088498885
162 311 -6023039194293323784
162 312 -6675493642052968922
162 313 -541030072859351362
162 314 -1189471852667543661
162 315 1870570440367326974
162 316 8701224003751842310
162 317 5249393368862953421
162 318 2096578191587768817
162 319 2275778912324751662
162 320 -5290502846389364401
162 321 8432616819905180267
162 322 -738114615426284356
162 323 3403946642859835445
162 324 32355747177392632
162 325 3595095176637950799
162 326 -3120462817855220964
162 327 4061368932972246371
162 328 3364455202939910187
162 329 396355205120462157
162 330 7096136150857969370
162 331 5676106419733667613
162 332 2107402320970228962
162 333 -6850710161648855349
162 334 -310743902657543632
162 335 4856599780625193997
162 336 2637943697764571136
162 337 -3559593877171217782
162 338 -6459046082829225058
162 339 8997759119782777778
162 340 -1768409312431809911
162 341 -8039247562109855957
162 342 996694275094147429
162 343 -2894447624974849319
162 344 4003553717091198195
162 345 1263420209483022795
162 346 -4707824869668584617
162 347 -6218224793708773307
162 348 -8047204747555221911
162 349 -7854696399468589372
162 350 2704291028384977734
162 351 -4990574106509587296
162 352 -865031515765012442
162 353 6588419514343385724
162 354 -891024067889541986
162 355 296662177807059831
162 356 -2974240620393312937
162 357 5745875901505794755
162 358 -4061938756890513499
162 359 9212601018682407259
162 360 5529629809242566616
162 361 5787335678778922286
162 362 -4879610139020510398
162 363 8289304939201383267
162 364 -1239863746236626409
162 365 8723732010552714516
162 366 -2024476455501946112
162 367 2540608078198819022
162 368 649819281051992605
162 369 8883482555610340182
162 370 2080754790605949074
162 371 -7602486852648497381
162 372 -8246833008480303491
162 373 7678918522844730019
162 374 -1398628541074503526
162 375 3916624687426126505
162 376 1388610748545394235
162 377 7532358922209645142
162 378 -3788880778098279858
162 379 -859006890258001424
162 380 -7967394345184328559
162 381 -4639885662514722975
162 382 6906885500989373445
162 383 -3852570654021195606
162 384 2744593105152523229
162 385 -3416642800350857585
162 386 -3795756394937618306
162 387 -8593998937519196939
162 388 -6070810012044054204
162 389 -3533900973250498619
162 390 -2230398670903558133
162 391 2393419585198261355
162 392 -3593139454144048742
162 393 -7123571348143305446
162 394 -8104504036673671705
162 395 -4538234819322280244
162 396 -2015675227118560444
162 397 -2120131767916780719
162 398 -8062858729949402137
162 399 -2976183792874614032
163 0 -233005928930052850
163 1 -1979519848166563333
163 2 268504663151411541
163 3 4211450469720849784
163 4 5014048854302212965
163 5 6838130243326492775
163 6 -6727882403946058613
163 7 2094536559649308469
163 8 1526756031696224404
163 9 -8260773618640723225
163 10 8746347488413906405
163 11 972583891779399793
163 12 -7856927196533033371
163 13 -7914270262829083402
163 14 -6589348954782526518
163 15 852959607389309129
163 16 -3599658258962997786
163 17 7285934245715167395
163 18 4890436959863915303
163 19 -7381956796255846899
163 20 -4302651864853452631
163 21 -8574262015438469761
163 22 3841905265909050565
163 23 672804671084917074
163 24 -7899010430903622961
163 25 2965156653791905691
163 26 6346386163760762105
163 27 -1566020543327816384
163 28 6110354929506758825
163 29 -9094342433284722742
163 30 -3201330046866440416
163 31 226884353140637811
163 32 909504799825246065
163 33 4132251385579655130
163 34 5555328017422463254
163 35 1795504890081797698
163 36 4201390546412702973
163 37 -3902899206714952303
163 38 4324521795324596812
163 39 -4031940842083507576
163 40 2550979151668947634
163 41 -3676851488083561456
163 42 9159502098760731914
163 43 -2196798894268066475
163 44 -7680749265886615669
163 45 185889820750269798
163 46 -8983432008398308740
163 47 23065721335645920
163 48 -8465499837555730499
163 49 -8750421164590248637
163 50 -1515124384382361336
163 51 -7413212913520874197
163 52 3465700292976910914
163 53 -513133714079723316
163 54 9147913570241024671
163 55 7487396562334661296
163 56 630279965991903457
163 57 4935236070716804300
163 58 -8945142058196517102
163 59 -2822270743431924091
163 60 8978313680991455430
163 61 5159094639057240007
163 62 -2252241803061727692
163 63 1412316077476667444
163 64 -5485557768447627242
163 65 7673062603335738081
163 66 2985468541325568104
163 67 -2427482047415464796
163 68 -8033968182349055772
163 69 -8757539673193937505
163 70 8558586059074647677
163 71 -4508140860817878985
163 72 -6245886853269265190
163 73 -2335689050603461086
163 74 8947452835691563600
163 75 7056895848797941120
163 76 3988915373263031887
163 77 -1529583202944409191
163 78 6305690750174095290
163 79 1254671307210959406
163 80 -8048769217603962225
163 81 366946454396773967
163 82 3629357054422579712
163 83 -7659365109238072635
163 84 8496140382721079400
163 85 -4324452399983733132
163 86 -6503264494787694075
163 87 -2832680893701824365
163 88 2524348837233323433
163 89 -985676980551840277
163 90 5524003740100739173
163 91 -2018572492123602899
163 92 -8245891114222029022
163 93 3379053672808208290
163 94 -6941275985472448937
163 95 -6422379183901021285
163 96 -433704798004251528
163 97 6444192667983811304
163 98 731448358237139055
163 99 -3624017985079403613
163 100 -3461875692210002862
163 101 8980140628450871531
163 102 -2277206815030281971
163 103 -1173330775505508187
163 104 1655253200067133575
163 105 5220444082926490852
163 106 5325702608741273052
163 107 9155744308146391055
163 108 4211911490703463212
163 109 -5671721803009247430
163 110 -9184710362574383825
163 111 -5393940910829231696
163 112 -4065849444719183972
163 113 -828886565855944179
163 114 -7196490869740709441
163 115 5601528748532080470
163 116 823760938460766577
163 117 989631107556795673
163 118 4340260926492629535
163 119 1158808178567103320
163 120 3575844795009908970
163 121 -6806117524990555044
163 122 -1975908395103228808
163 123 -2546614164261412061
163 124 1737552326822264614
163 125 -5919245431126576058
163 126 4523758774779291234
163 127 -6048328574091448026
163 128 -5092667145368991080
163 129 1416077212220239951
163 130 -8664136296976836325
163 131 -173021096796608542
163 132 -8630194549531385196
163 133 4348786081707181761
163 134 -7235186274954276998
163 135 -4811811725232372722
163 136 2219842413697119199
163 137 -6944845271325810363
163 138 -4710282916799439224
163 139 -1799092427067822604
163 140 4699743107394388838
163 141 -441434704696326651
163 142 -8571506185021750711
163 143 -8723094068944001556
163 144 3413873433845536347
163 145 5710359138540647672
163 146 -645199511008855153
163 147 6015443580644012265
163 148 -8459684109771744695
163 149 -3583080231760013428
163 150 3958799063147991105
163 151 -5965993188409165013
163 152 2035634855633312283
163 153 9162188405599740131
163 154 3844701910560642711
163 155 -3078102919067571819
163 156 -6579162682622420214
163 157 8809913452117746246
163 158 -8895686996986041178
163 159 -5411604721699440097
163 160 6540292291219279873
163 161 5110694369157372123
163 162 -1533917976536320012
163 163 699586587275816997
163 164 6848024385692572136
163 165 -6468708066218354879
163 166 -5685925405288900327
163 167 -8383130818771795362
163 168 684306751881558326
163 169 -5911669769262033170
163 170 2336883194973776997
163 171 6269014917651058038
163 172 -2552262528904788314
163 173 6762332380627488308
163 174 3660744460098836982
163 175 6419165025710741318
163 176 3852146318141956250
163 177 -8816810459491294661
163 178 1084251641653704562
163 179 3554888702339607528
163 180 788738710844381104
163 181 -4566205140329583740
163 182 -1023094575248635846
163 183 -2009971861780483975
163 184 2212171371120098717
163 185 -7820819730008984777
163 186 5531761475700230192
163 187 -6720801988507496089
163 188 -6404904845722354347
163 189 1121862499253695396
163 190 8428588894839301614
163 191 3831357622715185676
163 192 6415037440484781196
163 193 8959499761611892010
163 194 504603547498793932
163 195 -1122073024942954685
163 196 8632710021840536871
163 197 5781104044308052053
163 198 4336250043922672889
163 199 716261596473736338
163 200 -3022394810785994342
163 201 -1602030277182036744
163 202 -7345641332190949287
163 203 5215802822041196397
163 204 -2686637232557219378
163 205 -3703490444803934841
163 206 7362061451617185015
163 207 -8151449707801631603
163 208 -4616827564753230708
163 209 5775297110535600697
163 210 673108097170887191
163 211 8904329033338119225
163 212 3362116981283892617
163 213 20444113164194661
163 214 -3281947123908136938
163 215 -7948187241705042111
163 216 9144202820295334118
163 217 1838160192260246212
163 218 -5034505021789889112
163 219 -8162725437315141219
163 220 8276137684104915920
163 221 8670648075525497221
163 222 1059874014800554062
163 223 -6150351081707427589
163 224 3775317347766268821
163 225 6020520379401259067
163 226 -3745151048419594617
163 227 -4976928321335641867
163 228 -7796446078782572931
163 229 -209218658788921333
163 230 -5168399611818790158
163 231 2552671469612660835
163 232 -4018421749673233083
163 233 -3792256193235206930
163 234 7430859055556995010
163 235 1203563062567465233
163 236 3102486922698510186
163 237 4878441252815110719
163 238 -3348825932734483927
163 239 2054293813350351051
163 240 6202352396673182552
163 241 8152470136767716522
163 242 -2461574410532023698
163 243 4059287837410411996
163 244 -910638383338033981
163 245 6235729407815788762
163 246 -9062279657960618642
163 247 2673186138537178412
163 248 -2354987507138689424
163 249 5600670254969033624
163 250 -3037229692119464198
163 251 -8337325743155545384
163 252 -1672916243408457556
163 253 -8496536248008657197
163 254 8711253749379601366
163 255 -8617602447333721812
163 256 -3559355099427847892
163 257 1244772566053014378
163 258 8553082680487231461
163 259 6384489890505305763
163 260 -7561107409604391506
163 261 -7174218685374504379
163 262 5385530160820207988
163 263 -7181833990142582215
163 264 2202130084357921007
163 265 -3512531261022465661
163 266 294572538331028414
163 267 4658485085628253753
163 268 -4496142125377162852
163 269 3984699182919309947
163 270 2652464697190734038
163 271 -6110289395334192815
163 272 -5403480173776596609
163 273 -8482016241116766397
163 274 -9043621905204004547
163 275 7684946681810602680
163 276 565632276113716551
163 277 -5674907626782151683
163 278 569691399673980928
163 279 6948807081089065410
163 280 -2847092700414084736
163 281 -6189972199745622960
163 282 7206910958560102764
163 283 9075659782115330490
163 284 -5948707992867809147
163 285 -4818613849227687205
163 286 6769050621795718514
163 287 -5011783619310903284
163 288 -1924703452283259620
163 289 -8050018866856287730
163 290 7637085411924278737
163 291 5504711734699689134
163 292 -2254873053702798641
163 293 -3448109001306800159
163 294 -2095834819238658722
163 295 -8517400829750794947
163 296 -3814241901457502849
163 297 -6547072355452567100
163 298 2720794250016534910
163 299 -4706098449463478811
163 300 8839702443476447747
163 301 6794924412877113379
163 302 2040076345191348881
163 303 -3309783645873613968
163 304 -5290176306756054037
163 305 7219697551286109961
163 306 -7836080926893369586
163 307 -4980763927619696258
163 308 -3283700200930383296
163 309 1741792154304820724
163 310 -7051678789565103916
163 311 2224753765478159997
163 312 -5563922738654812806
163 313 -8199824258663563905
163 314 -1960125829267298073
163 315 3663964145293031154
163 316 7863367904668539528
163 317 8194056717387803400
163 318 -3510753728784490892
163 319 -2981557137453420061
163 320 -8129700767733060828
163 321 7732821619141642101
163 322 100374016622054154
163 323 -1527442154701926778
163 324 206995555448654620
163 325 8174306486360571600
163 326 5101371121111080261
163 327 1069932158324768850
163 328 -2074300506162140199
163 329 -3267245183377074123
163 330 -7676124967209091935
163 331 4053537749984497655
163 332 -5290044452159460616
163 333 -2942036949072253201
163 334 8352691390972962731
163 335 -6452540802811304338
163 336 -8112009467925263153
163 337 6135000405033269991
163 338 -7886711482662654823
163 339 2269797270373904791
163 340 -1988494647639937379
163 341 -3688597325337455099
163 342 -3179992792115599456
163 343 -4022274647845869463
163 344 1583056371907294823
163 345 3039515865056652703
163 346 3259776668875068215
163 347 2850314307862743585
163 348 2539011891633302712
163 349 3835730046381861572
163 350 259287400498253671
163 351 4935659202509251345
163 352 6544491301569678063
163 353 -9179009110084497559
163 354 2760645609205006576
163 355 8779098261883857790
163 356 7995103517759659379
163 357 1256784924429996250
163 358 -8069487190595592513
163 359 -4711164696526657633
163 360 5632261468793732341
163 361 -3315423125106805141
163 362 -356446179132820503
163 363 1694496182278716636
163 364 2606088930862439538
163 365 4063775582247657860
163 366 -3612404389006795766
163 367 4283070785448228574
163 368 3688235153926330275
163 369 -863787040968255112
163 370 6986916817231918166
163 371 -470320613708762035
163 372 -1792741441223790493
163 373 -3262436075174453080
163 374 4839432831947498381
163 375 -7698874541161514460
163 376 6868445310366521437
163 377 -577509451777324577
163 378 2709844174266544256
163 379 5428860763472290299
163 380 -1212984147802225014
163 381 8435346366726015925
163 382 -333021836912546349
163 383 -5333108216343458160
163 384 -5987845947222454863
163 385 -992373274634406609
163 386 2075288983074469577
163 387 -6530077429623278327
163 388 1720369644880624782
163 389 -1774615746101209684
163 390 2824481846328918397
163 391 -7000705870380345734
163 392 -7490503778818165025
163 393 7621184033020194753
163 394 4593232775831788061
163 395 6686801330804144512
163 396 -1311599676047708724
163 397 2599532206335236374
163 398 -7564484480889075171
163 399 -4801073831931257491
164 0 8051513494848865356
164 1 6588542988546731083
164 2 -1958581908876250880
164 3 5873944199616629791
164 4 -792677936458122150
164 5 -3827333417152471532
164 6 -2294704190266104518
164 7 8431128815910321436
164 8 2853406226810198621
164 9 2812862375141315408
164 10 4973555200408042316
164 11 5541770000986101121
164 12 1112348104153478593
164 13 4768616066434608632
164 14 1571644772718103536
164 15 -2370300723288219538
164 16 1315935103573530812
164 17 -6040310160686031312
164 18 2576276112972935670
164 19 -2235305209306320208
164 20 -6610343847514477369
164 21 -6011983364724548670
164 22 242329513741122430
164 23 6761942134712006086
164 24 4532999482559382731
164 25 -4361653119068943586
164 26 -8146219403209061124
164 27 2121917681081502866
164 28 2579414437893155158
164 29 3814717395567466221
164 30 -4130472838968157340
164 31 -2142872795607749149
164 32 2222346915843956752
164 33 2893356212900996109
164 34 -1577749223628014707
164 35 4013594719468249371
164 36 2612236435622071479
164 37 9101404368521762582
164 38 -497123186395390291
164 39 -955994803892950978
164 40 3344064117487510160
164 41 213403813875633933
164 42 -8039830034503830063
164 43 1036921827637806810
164 44 -8909510183231693515
164 45 7052907016627709339
164 46 2778675003351304976
164 47 -7905641022115266884
164 48 -4784538370091740361
164 49 -2886805168964952469
164 50 450479391848160797
164 51 5170721683804858397
164 52 -7032589502569871084
164 53 6459320634086690164
164 54 5204340174653061324
164 55 -4272655756371062309
164 56 2596638302745941083
164 57 1901747330436325116
164 58 9112372067199528436
164 59 5586626796365095129
164 60 5537285750248244060
164 61 -4891540792300488990
164 62 -6423443138491429713
164 63 4385238028113849222
164 64 -4465261908001470468
164 65 674763175839452160
164 66 -3044948554416189726
164 67 4455840216898171766
164 68 -8605587771420727679
164 69 -3011143062764712292
164 70 -136723848253097454
164 71 -7066041123950392619
164 72 -1095288428171551285
164 73 -1059446872902122363
164 74 -4370933426259927481
164 75 8353306293453887438
164 76 1606113325039867449
164 77 6205653319608339226
164 78 -5554407352347876610
164 79 -7382111586105844918
164 80 -3186214925558358792
164 81 4411995767474605206
164 82 -2124020412842563102
164 83 -8113563374597232893
164 84 -2648991828903509175
164 85 -8665946725201693221
164 86 -8029985689522751101
164 87 -6641908397090391460
164 88 7252411417793745947
164 89 4854544180800379707
164 90 1189317740571186404
164 91 345634678694279509
164 92 -3177656441666558237
164 93 -5842743148966301054
164 94 -7838783293171152478
164 95 -1081609599363748012
164 96 -7187119342248985545
164 97 3004276774442953400
164 98 -7729871656783679831
164 99 -8468560417378777267
164 100 2907999090339110945
164 101 -8571957296407134016
164 102 4538999291807000746
164 103 3258328260887265796
164 104 5928156566462598029
164 105 3732634961914508567
164 106 -8518485266738857745
164 107 3274162985296602425
164 108 3114795331717886346
164 109 1657654511613755949
164 110 4253419903571393210
164 111 -4787289390295240900
164 112 6037484204013013155
164 113 -8638480002851114894
164 114 390699359859086821
164 115 4356381047552291023
164 116 8436582906585459302
164 117 -6600441881500777131
164 118 -3221283552399142423
164 119 8101732551343777722
164 120 -6026086432912601769
164 121 4104414941827255159
164 122 3158767419379621374
164 123 -3954991340841211423
164 124 -2866292526954348807
164 125 5614030576416056151
164 126 -1097135469394521542
164 127 -3414391475390150299
164 128 -6249778191320744863
164 129 5977363029216263684
164 130 9016453557644154378
164 131 -761365197508639421
164 132 2285408538626375581
164 133 -1439274931534182077
164 134 -2026360912191449329
164 135 6561016231321437581
164 136 -1299219016745782669
164 137 9139782953280507324
164 138 866243604019564052
164 139 102194579684182059
164 140 -6266255856094607067
164 141 -822253507845085448
164 142 -2497918695775896311
164 143 461654024586390973
164 144 2825480156983885360
164 145 -3966571669493894303
164 146 -523254529290694830
164 147 -4352906929931776585
164 148 -7415885792224118475
164 149 8769727400542881900
164 150 6990841096103228517
164 151 -3026969237731286302
164 152 -5075852684467329073
164 153 6473282704407497284
164 154 1247284306601403515
164 155 3852970784192792705
164 156 -1957163811982984633
164 157 -8790139863538401102
164 158 -8296440971792753695
164 159 8289785334294716855
164 160 3226633634861195432
164 161 -4658312630485849442
164 162 7975425886517045240
164 163 -937514898445848463
164 164 -3090961814223682265
164 165 9653109164657657
164 166 8895772359752238006
164 167 6735082729265224905
164 168 -1797966075706773039
164 169 4453904790869950547
164 170 -8883437113175008911
164 171 2349133039884500417
164 172 2952412694832950606
164 173 -251573917748027766
164 174 -3554060600122211516
164 175 5850824025593191252
164 176 4371885586501325773
164 177 -729456911913873616
164 178 9006033362940499543
164 179 -6626292148361148479
164 180 -4032537286479387455
164 181 -7922263695468824345
164 182 -7849070098967216057
164 183 -6234017738499277701
164 184 5312643673083316154
164 185 -7415364337352932047
164 186 4974561344010929551
164 187 -4732205909464285943
164 188 4230104854134876125
164 189 -4001740805881855518
164 190 2318571065245907109
164 191 45692580444794690
164 192 -6756516187662163325
164 193 -562964457146558687
164 194 -1474214088330248043
164 195 -8182982053132433584
164 196 -160070021048462218
164 197 4973984168340069529
164 198 3791473898496126083
164 199 1181070462749064437
164 200 5995975582560085180
164 201 2212200601687618255
164 202 -6655898484099429349
164 203 -714074268729759241
164 204 -993847302198714073
164 205 -8668252625071120916
164 206 1184699805619843384
164 207 -7550016931116570298
164 208 -7040373916408761484
164 209 8321439332657864055
164 210 265104354877790362
164 211 -1778485189268317062
164 212 6688544008230152588
164 213 2776487439139053575
164 214 -2551332900150250256
164 215 1743666385785692450
164 216 8574873970322692511
164 217 3483358652557320625
164 218 3434915661509426646
164 219 -8299827245826077715
164 220 1614036798512565837
164 221 5730542737667130357
164 222 -7449628743289892212
164 223 4313516200789506616
164 224 -869086677771122013
164 225 -4937100128491394714
164 226 2873919962780398031
164 227 -5963464700496487233
164 228 52917874346311138
164 229 804127156974679968
164 230 6381651859043435593
164 231 -5040394617421001328
164 232 7059261596374892137
164 233 4830937173645023161
164 234 7417416721194963900
164 235 -2693108035074176128
164 236 2709911325669681755
164 237 -4955487843345905687
164 238 5199702713611166245
164 239 9201101300606364994
164 240 -5414365431612087439
164 241 163979010903994161
164 242 -6745179677140030997
164 243 -4266145660750961461
164 244 4584357400778339851
164 245 -8806426052164453707
164 246 103072937866357918
164 247 6136192420341873812
164 248 5878871504030603619
164 249 -885434636423990458
164 250 -1367260204860464194
164 251 -7062096987672041636
164 252 -7455657862666260198
164 253 9044840575150325727
164 254 -7030157783522450463
164 255 -2444988675304188063
164 256 -8356600910358842852
164 257 2215877777762321727
164 258 2467216847942076873
164 259 7318005096991973097
164 260 4672917354503267504
164 261 -4163791185346964296
164 262 -2846917976830411017
164 263 7415179485692790582
164 264 -2815725764448754732
164 265 -4995393081350190668
164 266 2359789218856373258
164 267 -3710527735015827013
164 268 1062375129413372511
164 269 -2876455390017524366
164 270 5442223199317712974
164 271 -7470167004035423277
164 272 3446769710270919947
164 273 -4984657502716774384
164 274 -7745513113359593577
164 275 3786743811232827665
164 276 -4654115232891973537
164 277 7412169650079051572
164 278 1431078226979879265
164 279 7752809603624015066
164 280 8286287680472876647
164 281 6133679830566186195
164 282 6746881317256651892
164 283 -1856502118660911414
164 284 -2267498006777369474
164 285 -7510354074639069246
164 286 -8435018863434765294
164 287 -3972784311036220055
164 288 3162849183721210050
164 289 -1604425145031583539
164 290 -4144881839124026097
164 291 -3390778005050907697
164 292 -3289182872544459617
164 293 5711240264342115133
164 294 223151016463429303
164 295 5229452237363839912
164 296 5284682281750791056
164 297 1308230194544276823
164 298 585130726148671806
164 299 -8110451338725671050
164 300 9140067946806453601
164 301 -3590147579424552189
164 302 4081737290032626092
164 303 8254682785425102814
164 304 -8589460972508147095
164 305 -1704636094217634392
164 306 -6773662610299261788
164 307 -1151486815516203915
164 308 2182058766693512541
164 309 707683771567561404
164 310 1028027886587087323
164 311 -2767837623528312204
164 312 -2638129385361104901
164 313 8147760491917707826
164 314 7570752361853672145
164 315 3067695587142929764
164 316 8721905714944198922
164 317 5724013643082186394
164 318 7687455850207570419
164 319 -4634858358933476978
164 320 2667654431085499418
164 321 -6976475953256078068
164 322 8181983730823291112
164 323 -8888563438943074607
164 324 1678297514732678915
164 325 -8645646443723807083
164 326 4760499518786184306
164 327 1474236068048741407
164 328 -6209841172339361669
164 329 -3419399805383785502
164 330 -6489295282676224776
164 331 8149738944107673083
164 332 3177535681019358912
164 333 2025802378395866349
164 334 -1172597125675283313
164 335 -4459131489856852115
164 336 7094689251735079086
164 337 -8478054392984815677
164 338 8064027758974591390
164 339 -2939320659288302395
164 340 3165212715724924156
164 341 3649266687101202757
164 342 6806226364293639014
164 343 -2520693981075318941
164 344 -361650746403456734
164 345 -8111016927305942785
164 346 638669119740826894
164 347 -9006869287222201270
164 348 -920125553773373640
164 349 6965318100467351464
164 350 -7916507488414808533
164 351 4549546880960876305
164 352 -6694093513343860757
164 353 -7164845739636534772
164 354 5645296333893194635
164 355 7941247127725077538
164 356 -6777170475057490542
164 357 -6867260246678342458
164 358 -3219774000135560395
164 359 -2575025383668430847
164 360 8793469123169873993
164 361 2075043975349362150
164 362 124480453923413848
164 363 -3750668798498500333
164 364 -8547914556682218360
164 365 5510452265776096879
164 366 -6965882708262204803
164 367 3662902736324855603
164 368 1107443020886418112
164 369 3282848046348845020
164 370 -6944720211053148686
164 371 9196814030726657621
164 372 -8711734759720073569
164 373 8120473619360589893
164 374 1150588321501634543
164 375 -88242689111319554
164 376 7604663108504107946
164 377 5550575029144512867
164 378 -3560615161824323601
164 379 638479098077887493
164 380 4940268709053116638
164 381 -4683540605507930136
164 382 -3637338897337266444
164 383 -4600013526225710329
164 384 -5306592699755987013
164 385 7981493063425148502
164 386 8843124574291545018
164 387 -7627307567175722271
164 388 6836190453518458285
164 389 88869988418267848
164 390 -3782272057309894744
164 391 3880487140768363167
164 392 -5039804598243132348
164 393 5555075605415316057
164 394 -5174317773449796161
164 395 3151655248626004761
164 396 2844234373256189936
164 397 -1155002548356633503
164 398 -4458178036168381677
164 399 8279975208859618432
165 0 3358843082263164492
165 1 6116033204805566573
165 2 118332611361660930
165 3 288443392247303539
165 4 6292982942282630966
165 5 -5978200374229003223
165 6 -6332458137580130336
165 7 1344935997053831175
165 8 8625691009523303199
165 9 -1684681924900479985
165 10 -971017667186259824
165 11 6458465135848007202
165 12 375358766010924903
165 13 -2245826445891564663
165 14 4623112014180937853
165 15 385522731558458699
165 16 1086213902480514359
165 17 3840887821208579423
165 18 -1104976523348749703
165 19 8706460221818651987
165 20 -1390927057136055738
165 21 2310749038636882949
165 22 3753587879645119471
165 23 -376723846448395341
165 24 7943336682469316584
165 25 2267789081729506054
165 26 -3953003021354215095
165 27 822983948129512957
165 28 -8444939039570488324
165 29 395234568268262915
165 30 7591492891628176373
165 31 -8699232066638148163
165 32 -2757297061523292792
165 33 -2828821849124168009
165 34 -6354529906229175128
165 35 6276326530166558679
165 36 -1814727538897564248
165 37 4140127252119058977
165 38 7952600997034441311
165 39 6642567957967105442
165 40 -4725576400242185788
165 41 -7140344170934547446
165 42 3467722416749633027
165 43 5745361641012375367
165 44 -4409688256516986982
165 45 -459279777839019898
165 46 4726982085982280112
165 47 989166110494299675
165 48 -2076416008538472013
165 49 -8226551358599096326
165 50 -8035865046061025213
165 51 4254846586069458725
165 52 -7041310765015230667
165 53 -3753642229286410338
165 54 5015155191638307832
165 55 -4531568531106923907
165 56 -7408091830590624186
165 57 -1824854065177861232
165 58 -2641916821365380679
165 59 -9019542241067214869
165 60 2925036427454918946
165 61 8562768912244322571
165 62 -4644622536779446708
165 63 6155884170888523909
165 64 1857949174306071171
165 65 -2952733273733311948
165 66 4207742777732386946
165 67 8607970669947173551
165 68 -8856142948896266410
165 69 -877089836216730281
165 70 2358655730428738465
165 71 -180552506976366605
165 72 6935917352260127165
165 73 822010428761660786
165 74 -5792645238839675402
165 75 -6877596519620413474
165 76 8917543084709769279
165 77 -784997432073448021
165 78 7314481944176332128
165 79 7831119249026970694
165 80 3916583583777518391
165 81 -5280819681651670066
165 82 2928746027582440402
165 83 106870600989247139
165 84 -3879282454708646967
165 85 1556506503880627603
165 86 695905082261681685
165 87 -1066822861807066629
165 88 7270203605317283622
165 89 3996350388066455571
165 90 -8069145466901319694
165 91 -2958630497837031140
165 92 5477852112800572002
165 93 -7356318658995532006
165 94 -74991080385298064
165 95 3714256556688531794
165 96 -5650362672482791300
165 97 -2268997318613614459
165 98 -1704386733876846243
165 99 -2275550182833199559
165 100 2818565054808828370
165 101 3045356068750973468
165 102 -4319390895132564151
165 103 8113564035598847915
165 104 -7157078885474419792
165 105 -2376750383202195472
165 106 -8251386813810922227
165 107 -4170765081546659147
165 108 -4588745189699806573
165 109 -3596319021147437711
165 110 1521233903998340248
165 111 -3991949006718868673
165 112 8807207963984749566
165 113 -2171196009540281226
165 114 -1541077733758100599
165 115 1144665684072760109
165 116 -359952850342624790
165 117 -1227456823630893905
165 118 -5849721436119482586
165 119 -5471040246809685369
165 120 -7597826238518344810
165 121 -3516971015028393578
165 122 -2636342002343787319
165 123 1965986729393980466
165 124 8435945689616702797
165 125 3223456213376938269
165 126 5544158299808725883
165 127 4773990118616196995
165 128 8651239631480795842
165 129 -4991984080932125969
165 130 6795905537451079170
165 131 5044119823094604996
165 132 -7046007815385252527
165 133 8232847240475900191
165 134 1979321200367826843
165 135 4299780026096841444
165 136 -3672383790719170925
165 137 -4804960785480516067
165 138 3369593638994612839
165 139 -2291891116723636113
165 140 -8279263379863335040
165 141 -5498227799471920654
165 142 -8489985052457681538
165 143 -2627680069275454973
165 144 2734554665720602763
165 145 6282901098772821357
165 146 3173013729126370281
165 147 -4567633515205759344
165 148 1674516257283631249
165 149 3631222205994150106
165 150 2517251779904178494
165 151 -3004027054822466038
165 152 -3228725495764234891
165 153 -9109147611539150443
165 154 -3362874932543998150
165 155 -7236420481373221865
165 156 5160900135086133005
165 157 1110604873277650705
165 158 9038548612191604589
165 159 -6923917489890844037
165 160 -116789408631954882
165 161 -8346728479707264283
165 162 -219880988254536678
165 163 -5286870866179185095
165 164 -5051447557267353136
165 165 -5232026789114621922
165 166 4627567777929560308
165 167 4403397349550297417
165 168 -3985653341093754566
165 169 45198514455286289
165 170 -8985447015286913547
165 171 4909494876737771727
165 172 -4565093785885644179
165 173 -7532670901148358097
165 174 -6384497026608085697
165 175 -6497832159999615244
165 176 -767748816613018317
165 177 -7389828786657809501
165 178 -8260955493669063918
165 179 346401691124060093
165 180 -6256330104238618681
165 181 4075291415640044750
165 182 -1730524077994718259
165 183 2305273702558243324
165 184 -5617538733122226436
165 185 8549078084760038534
165 186 -1402768774536579615
165 187 -7775359046043216657
165 188 4799993268765522791
165 189 6194814586613582926
165 190 7462746842313386040
165 191 -7447874515301002202
165 192 -7672930420018984965
165 193 7793596905787149905
165 194 2492134080959662007
165 195 7250436626816497350
165 196 1799228478005550458
165 197 -8099889644126207735
165 198 8572221471122331631
165 199 6777114253731378698
165 200 6966247333006841044
165 201 -6434835403473508928
165 202 9181339002836963791
165 203 3925002063842554532
165 204 7760213068508583124
165 205 -3190556508986504574
165 206 -4620479956707973459
165 207 -2719098930706753363
165 208 5908745704682442951
165 209 4992845372618698799
165 210 2583597785363646572
165 211 -3953147223698977362
165 212 5206859551494690990
165 213 -5128498793793082038
165 214 -8846720659688107531
165 215 -3469877374328343031
165 216 -4056647693572090960
165 217 6878796606776339802
165 218 -7270749646537841628
165 219 1044007987292135303
165 220 3642306466157261906
165 221 4235280665831766078
165 222 -8343949370873187128
165 223 1623080137400372723
165 224 -7243385268723091541
165 225 -8454782565161330143
165 226 6128660531284375681
165 227 -7822122904904608035
165 228 4618485480023559159
165 229 5925121921901298253
165 230 -8941837929676069040
165 231 -8947555330300176479
165 232 7545923871222407390
165 233 -1959794526403685956
165 234 6386082137790182231
165 235 2506521653117882572
165 236 -3110355938340998888
165 237 -7615578897985833719
165 238 -6301849856025812248
165 239 7641382371181669411
165 240 -4252668128609669318
165 241 -7766626592118359959
165 242 -7693973155433831268
165 243 6771240993413910787
165 244 8200817341010060874
165 245 2711935375841901111
165 246 1384717633652493864
165 247 6007696872389473731
165 248 2142296928306673037
165 249 -2491235251349278284
165 250 982521128758310362
165 251 8946104158077566543
165 252 -4691823811399249692
165 253 2608044915099450486
165 254 2853890811780923669
165 255 8615578418565078700
165 256 -4019523681169955694
165 257 -1934000304581133282
165 258 -6399754396503936980
165 259 1830660818750207788
165 260 -1109869293680304029
165 261 -5668913841618669992
165 262 8130556313062484113
165 263 679442637302598744
165 264 -4184652027509092191
165 265 -2250986271672305276
165 266 3601199688954096954
165 267 -252599077963390842
165 268 1710273505222989439
165 269 -8944687618975269120
165 270 8843378316736635751
165 271 -7537696352229251482
165 272 -8507629185326120023
165 273 -5408364405116972296
165 274 4668820713852924417
165 275 -2973815228027501697
165 276 -5596416205497585472
165 277 7725946660069151268
165 278 1153081133786905584
165 279 2413879691291966362
165 280 -344049066322438536
165 281 7231594317521984539
165 282 -5953533568680176807
165 283 4454505803912989066
165 284 -4515464027738685775
165 285 -2511382731321313479
165 286 -1646854445856671981
165 287 5612883955014284942
165 288 -6583390674683246176
165 289 1631732201979843548
165 290 -1531172627194200461
165 291 8148667794250114503
165 292 -4588561760511669324
165 293 -1413643965740395376
165 294 6361503900866841086
165 295 4623526441876237170
165 296 4442687250953192296
165 297 4000522652807964117
165 298 -734392559222445474
165 299 -2399210438978725752
165 300 -5453755884822657960
165 301 3645287697871052389
165 302 -8050248492834941807
165 303 3082023406579030300
165 304 3046901866402399814
165 305 -5941448234789107276
165 306 -4220942983831410433
165 307 -5031930602340250711
165 308 4448887940241441683
165 309 -2449790696959757120
165 310 -7090123814733200210
165 311 173789133731854653
165 312 4863826298237820377
165 313 5140655809621632742
165 314 -3784276419370238427
165 315 -9158199740488876290
165 316 -4232996739645929262
165 317 -8239369593367535857
165 318 6806148721366157813
165 319 -1857518936314545797
165 320 -5731495374514441168
165 321 -1227298072340886870
165 322 -8786711406792924849
165 323 -2859296323061020303
165 324 -7498592322643195240
165 325 1966530298709975310
165 326 7973523785001248916
165 327 7266032237403162062
165 328 1351869681300038212
165 329 -1930152962414941324
165 330 4979920177931541212
165 331 5883764539021939437
165 332 -3018638290912567969
165 333 -1646985900314330873
165 334 -5430716510358839690
165 335 -4318035405654965339
165 336 -7227849178653054984
165 337 -2101221801873840779
165 338 5809248649501738531
165 339 2136485548615076639
165 340 -2398751097117191152
165 341 7883146863957222954
165 342 3831955176510196975
165 343 6221108308241811709
165 344 6072825271392610383
165 345 -3579765200001224847
165 346 4995100056421567731
165 347 -8312988863335563154
165 348 -8664758669226923580
165 349 -804035281129871154
165 350 -6559499006409682230
165 351 -6846103202763009252
165 352 -3047903664673931632
165 353 -7635825948005257157
165 354 -7051115250106976349
165 355 3478903902058674839
165 356 7623124092578982893
165 357 -9005018315013723495
165 358 5608697086604185390
165 359 -9073297792194235198
165 360 1516544727318174513
165 361 1138144304082407551
165 362 -8800577318896944141
165 363 5335135418029460985
165 364 -8851394990698896653
165 365 -3691986595954383165
165 366 3140060505315425669
165 367 -3076201888822996553
165 368 -7105402742879248101
165 369 3086836735154037465
165 370 -7502777732074144709
165 371 1053939465047023635
165 372 -2624010747970525698
165 373 -2692483857370670237
165 374 -3301549182339548063
165 375 -2163895935481410457
165 376 5702529802477593572
165 377 8140650861807604124
165 378 -8207071658250846401
165 379 -499866694899663212
165 380 3169209742751393976
165 381 -9139277754198006942
165 382 -5258929799042549988
165 383 -1130931900066176914
165 384 570237874439395279
165 385 -8066769256054756432
165 386 -4474562115738952893
165 387 -8877054172419681279
165 388 612408382966019488
165 389 3143586581899796150
165 390 -7388647163193785879
165 391 -2319517872419936017
165 392 2868928304917776584
165 393 498725388112463720
165 394 -7389042233815316466
165 395 4149298859638189929
165 396 -2948331931085861722
165 397 -4875637191437255404
165 398 -1551408981098610529
165 399 -8865467901618434224
166 0 5565516619740491831
166 1 -7670607411898757982
166 2 -1369328721713653690
166 3 -4861427673697023773
166 4 7701476200178535811
166 5 -435749233177405523
166 6 4526166056317125656
166 7 -8805391476891950834
166 8 5144333719287177671
166 9 -4498629565043308103
166 10 -1333694313922262216
166 11 -3636915435961234566
166 12 5700184646594124848
166 13 -5358758882257805928
166 14 1044781766177682356
166 15 -3087443669329260333
166 16 7690329271630509113
166 17 5160461985111991318
166 18 -7285397466781829172
166 19 -3030096158537755787
166 20 4444828572485750654
166 21 2763119045160601529
166 22 -6946031582271697442
166 23 2729368465183411354
166 24 -7829442937671285964
166 25 -1815108295599091724
166 26 -6299711032074364720
166 27 -8654080254208701739
166 28 -6742278298665340586
166 29 6598036136481646149
166 30 2462519150944331702
166 31 -4207559900835158050
166 32 8869155013322652628
166 33 -2444775534331513740
166 34 -2252837786165808414
166 35 8816096112795233673
166 36 4873122437397872758
166 37 1650138136614007305
166 38 -7900386068395704551
166 39 4847352865830243467
166 40 1846752190615787649
166 41 8803386709536086826
166 42 4183418147905829309
166 43 -638619431999658831
166 44 8218102419024366483
166 45 -4246012506091126063
166 46 -4619440021143031090
166 47 -7850804839383936213
166 48 110398308694206676
166 49 -2624699099333916683
166 50 -5280663816682931127
166 51 2002463256574552123
166 52 4917129390567720487
166 53 -4641656719657499979
166 54 -4478485607404084727
166 55 6760379942918502899
166 56 3424497980953733614
166 57 -6413133988655744068
166 58 -4525540242249579684
166 59 -3430510757185082917
166 60 -3897196699689308893
166 61 -3761513530052182821
166 62 2343797461301575463
166 63 8268560308417636555
166 64 8399353191869631062
166 65 -6252153671227379014
166 66 -2113642462932911570
166 67 -5739854473057374361
166 68 -4367542461306532610
166 69 -3058988135181889783
166 70 -2897287748832418222
166 71 -5738750731913341043
166 72 2077420195081807837
166 73 -8057148621017078446
166 74 1502254574128560037
166 75 -6226686502649486362
166 76 4016547607540269317
166 77 6829342090354851347
166 78 7498589271457252008
166 79 6334465299169950360
166 80 8317020484527240098
166 81 5386083882828574372
166 82 -2415436388048777528
166 83 566765109915040235
166 84 6678551163005775951
166 85 -1938464017333724368
166 86 -4668997489694549960
166 87 -3437692002021947694
166 88 -5655725367645287197
166 89 229475433044633386
166 90 -7839405275943974128
166 91 -8412203278056611290
166 92 4230584519868427033
166 93 4896784092007249643
166 94 1691419613318007615
166 95 1097239277776900146
166 96 9102883451601423633
166 97 2187761572274024582
166 98 9039640097638780297
166 99 -4060994247533843675
166 100 -2127078504426167961
166 101 7502828686272697845
166 102 6555466928708977700
166 103 -5318332406766005054
166 104 5866280412871543857
166 105 -8108884394253911306
166 106 -8870079602402098514
166 107 3067020797797381973
166 108 711783596225457896
166 109 -4816053341287859291
166 110 5655217732413026411
166 111 -9132792222827266346
166 112 -9114366495205013478
166 113 -634194594374616544
166 114 -1298678442875315217
166 115 -863604174776853461
166 116 1895129994008846829
166 117 6801976119295954754
166 118 969324782061572597
166 119 6322022678864268263
166 120 -6223774522803622537
166 121 2182204222611850052
166 122 -7779923450396500148
166 123 -6237558272005645762
166 124 -2985541546686626365
166 125 -651846904273995629
166 126 -9028261483140254661
166 127 3295398244850237148
166 128 -1445699693226131643
166 129 6811759501246128639
166 130 -5614986956015207641
166 131 8812788353444092489
166 132 -698061082648439226
166 133 -8439756093509441425
166 134 7868064427689694485
166 135 -4414243064140141586
166 136 8918140039633453524
166 137 4083850281649901063
166 138 4547436134489712351
166 139 7477526196492600916
166 140 5848345402449301408
166 141 5952429792392587582
166 142 6379244450783241086
166 143 -5831838297448771628
166 144 2321602532810437289
166 145 -2267688360514086835
166 146 -9100904890051143047
166 147 -6055193473580834192
166 148 2835641527739193274
166 149 4387862876420163978
166 150 -4767920933530675464
166 151 -2049398362292417673
166 152 -212780180204088843
166 153 -1489916115760365321
166 154 7389159809115707695
166 155 -104556417378385790
166 156 -8342448219599024184
166 157 -5491607028938961621
166 158 -274790949016343019
166 159 2897855609441257557
166 160 -3276665816896334017
166 161 1475609807784494260
166 162 -4396550240789096904
166 163 -4052925429059884792
166 164 -8534341323876082117
166 165 -1619043877063730470
166 166 -1636459707565631933
166 167 -4097245086031975292
166 168 -4728407574125202323
166 169 8001338577545702647
166 170 288321914654803516
166 171 -1878839114877581342
166 172 -7737140289922149886
166 173 3097803848169365289
166 174 -5999852555622655841
166 175 1730579720119662968
166 176 3249546898140143949
166 177 1386631234778020829
166 178 5045485602923600204
166 179 7144644612018446449
166 180 -1758558663676404696
166 181 -163877819649846130
166 182 7805177294255047606
166 183 -200403005942399169
166 184 -2737390195036500000
166 185 -4898053001716340639
166 186 7435474241520549599
166 187 3290345002307494903
166 188 5527960548045125840
166 189 -3342287013514127189
166 190 -1752513753340215183
166 191 904993983156776535
166 192 2626387701672951364
166 193 815818105757690817
166 194 -8817964755029304741
166 195 7122666761987008059
166 196 -1480593740844725045
166 197 -8358778228636975798
166 198 2969201202818680047
166 199 -6736542035061099882
166 200 875468383915933029
166 201 6658594952371937543
166 202 -3901629489703435481
166 203 -1534402691655894396
166 204 6663619498529456577
166 205 -8163805720144680795
166 206 8284093366764166435
166 207 6576866582372506775
166 208 -1836155239459036181
166 209 3586946405324692820
166 210 -727849863809044442
166 211 -5679206244561087746
166 212 -1474396125256228105
166 213 -7276942276250088670
166 214 1220139929498045042
166 215 -6289093913903271378
166 216 7895651733626993503
166 217 -6984106459044124038
166 218 6137339762675859069
166 219 3014124709217368493
166 220 -9055505997268483601
166 221 -344143752326171995
166 222 -2552706444578883522
166 223 -2431005435163020743
166 224 4060175096121928337
166 225 279723058329805946
166 226 -6314964105940841606
166 227 -8458546558336393929
166 228 8036063952870894433
166 229 -5337849399716170983
166 230 -6707408076445555389
166 231 -482660409093185864
166 232 5994467654948363211
166 233 7446335509844213503
166 234 6174150091967534971
166 235 -2560778823444511484
166 236 221729359358298824
166 237 -4234404481863804492
166 238 -7343537098929066156
166 239 -4658826555360933093
166 240 -1710978875574682314
166 241 907650577439127506
166 242 -2232282370205800549
166 243 5404331557296613819
166 244 -1583730986932487614
166 245 -2236911503327969026
166 246 8435561432212147287
166 247 -6763609223539971816
166 248 -1597506310804196841
166 249 -3225352213286875974
166 250 5518633149597924821
166 251 6215857398468614323
166 252 -5298094294258892304
166 253 -3239563621639591397
166 254 6908779187627749401
166 255 6405828804803236534
166 256 8122412678470503281
166 257 2399863869476752275
166 258 2310053464415957185
166 259 3350757146112941782
166 260 2608256711718898151
166 261 -5039505476043424695
166 262 171746420065945777
166 263 4039591050646771348
166 264 -965339897310473566
166 265 -2805046543850400156
166 266 2581219452402049638
166 267 -6767494687131959830
166 268 -461679902511205533
166 269 -326980277284555313
166 270 -3765939378065523125
166 271 -8472326568598085682
166 272 5769820882803876027
166 273 8279765502590328704
166 274 -3493132460929563716
166 275 705155407239528064
166 276 -5357928525740891834
166 277 -2709671350517674349
166 278 1414429999499625186
166 279 4290306111717256704
166 280 7964643881202920490
166 281 -1867290431539205800
166 282 7466569698358260548
166 283 8136576405026222948
166 284 -5292457371769970285
166 285 5867519358594395155
166 286 -6938052874169740089
166 287 2941694144106638582
166 288 5512768755558470606
166 289 -5957687432876628602
166 290 -9176797979642032725
166 291 -4328203232402330337
166 292 3262237289997513221
166 293 -4596766475851318040
166 294 3810704657451762548
166 295 -7424633917418234876
166 296 -1283151619508235419
166 297 -4140592459749209706
166 298 -8359026741481543374
166 299 -5960988700254912139
166 300 4488678487475632047
166 301 -2664921266374293719
166 302 -1218133620819602632
166 303 -1872493801069324812
166 304 6173910592138629357
166 305 -4812303466524556247
166 306 4165600682417030009
166 307 4030244801416770029
166 308 4430551242583312603
166 309 -4131205457935452103
166 310 -5631531544233804414
166 311 1492689541130681126
166 312 895582375468381936
166 313 -1263749938912732786
166 314 -608061650327167638
166 315 -3498165910774754848
166 316 2168114729280788585
166 317 48767092626217286
166 318 -6138546752291166852
166 319 -7467502617698819628
166 320 -4293780316995512214
166 321 6454857424162841558
166 322 -2286088690793760134
166 323 -3453507861291514444
166 324 -6208124423908253957
166 325 7401321762604756111
166 326 7358352320633773679
166 327 -2386800602773525294
166 328 -3106981829150382176
166 329 -5254560775563609920
166 330 -1076430980337686155
166 331 7836261346099838309
166 332 -5614285070037703354
166 333 6532038329837894161
166 334 -8485049186126844271
166 335 3776902999867961763
166 336 7670968619154208680
166 337 7461197539520766614
166 338 -9038245358199927707
166 339 -7771547782278528983
166 340 6070878295646601133
166 341 3824375126060047908
166 342 5719727847190772250
166 343 1443053115472732983
166 344 8267156029482522102
166 345 2501010799429967780
166 346 -5589807310813912339
166 347 141777210486322689
166 348 1891447945556118817
166 349 6196853035473038859
166 350 -8638365644066661271
166 351 -7684797986719548542
166 352 -5805513061577135253
166 353 5471860238847327188
166 354 -4179828137934528585
166 355 -634003641547414390
166 356 -7172431605394553207
166 357 -6859981691103767850
166 358 2206050006906555733
166 359 3294350717654239008
166 360 -9160564329136265541
166 361 -718472943841159605
166 362 8682385758754325123
166 363 -5594492131340419316
166 364 -5359886084130087739
166 365 3472050077108125508
166 366 -6247709474604062656
166 367 -3529423825485117204
166 368 4796650577284183819
166 369 -7050624462133257272
166 370 -3084273882766203921
166 371 -7760249434460658882
166 372 -6307649038409605748
166 373 5773356260048498235
166 374 7528682491882861569
166 375 6887302310576686233
166 376 5629800634077108380
166 377 2438029445121410297
166 378 4308773672043665747
166 379 -8186304080418016823
166 380 520849027122967444
166 381 -7362911717127741690
166 382 -3385365641493075993
166 383 -7045896881125671477
166 384 -2895594841862472356
166 385 5016259843125760897
166 386 6178350420129849989
166 387 -2445077506775550641
166 388 803160179887832865
166 389 7089132215503707077
166 390 -5517376067119668628
166 391 9089066180869964856
166 392 -3478341158193474321
166 393 -8016033301667298644
166 394 6782379967414643002
166 395 -1543946884266509855
166 396 8836436616146883448
166 397 3332577617430930640
166 398 -289434484881631676
166 399 2447744889828309946
167 0 -2885744415686051748
167 1 8641008813132237149
167 2 2160958763013764952
167 3 7756821494063614553
167 4 1724845059832991682
167 5 -6921352907969615021
167 6 9170484519452415927
167 7 5929359611420936520
167 8 1177845038163929194
167 9 -3620225194537344690
167 10 -6316575075047863630
167 11 -6404529767249622981
167 12 6152771316812182243
167 13 2486308109802107983
167 14 -4920479549828348923
167 15 5866144820625291721
167 16 7870382517922160564
167 17 399968139376159192
167 18 2731311089208878261
167 19 7196812432805776836
167 20 5749138382419615376
167 21 8301304994850089911
167 22 -4576094340816393025
167 23 3015606231852261111
167 24 6452449433877060209
167 25 7936466238984143143
167 26 7116939397871633354
167 27 4727634596989589033
167 28 4098693406559861122
167 29 4495446063999458132
167 30 -7632702798130648000
167 31 -269463284294523079
167 32 -7930897573278856083
167 33 6770006313899947812
167 34 5069822755031359492
167 35 8738005605236733610
167 36 2552819605790145592
167 37 4789850141900203818
167 38 3852010118378162986
167 39 -2973736852355672397
167 40 8386284942639294863
167 41 -3275447818929236420
167 42 -9204712805249543097
167 43 45385621470852057
167 44 3782461283730398994
167 45 5974417241922035877
167 46 -1770606837167442246
167 47 -7146804132705158118
167 48 -9198129687226915730
167 49 2573271073309849015
167 50 -6022463495155299924
167 51 9218307901644344600
167 52 -2640759092631364365
167 53 -90420807516350715
167 54 -4089692881958178597
167 55 3413530628662233409
167 56 1209935205496697595
167 57 -132253286155026940
167 58 -8865952957867827819
167 59 204645734971553653
167 60 1190854911707938584
167 61 -3982126546412816770
167 62 -1123198609132713226
167 63 878483354251376485
167 64 -2750265466745296304
167 65 7588834789305970776
167 66 -922123212733335505
167 67 1331608629681625213
167 68 -1894583228596895689
167 69 2132014760861290068
167 70 -1412857747090766222
167 71 4163470501295082766
167 72 7714620367314400893
167 73 7664457847161800872
167 74 -5807373541864963634
167 75 -291749823250189552
167 76 2537655778128882966
167 77 -7038020776278541211
167 78 3262248072729131730
167 79 -7185575058643430731
167 80 -4497904651553075166
167 81 -7699051410806291395
167 82 260657438943103920
167 83 7059829466649423467
167 84 241409456106092596
167 85 3683574606377905212
167 86 -2827133224180439380
167 87 -6482456565793564726
167 88 -7139293998957054636
167 89 1679660478588484625
167 90 8312159315614302738
167 91 7742243869336473698
167 92 6089392385010045886
167 93 7789253419110288648
167 94 8247584401499749295
167 95 3672505147233825840
167 96 -2580864305165628801
167 97 -7464080009814060901
167 98 710914225594658486
167 99 6106524142395849919
167 100 -7006180359216172384
167 101 2525103618499839860
167 102 -7522540345610345258
167 103 4211187971633045022
167 104 4610778482154103228
167 105 -1091131411026808753
167 106 1324445247571038638
167 107 -729801705459805211
167 108 -4233552733405728568
167 109 4809881871920149161
167 110 4990097735134833492
167 111 3830412934083314123
167 112 -4572178273825911885
167 113 1240315671043187489
167 114 7242204618305594167
167 115 -3474709240903646532
167 116 -7987277016442489053
167 117 -1033819299082797216
167 118 -6124870006515720320
167 119 2501892799215156505
167 120 -4823488180382989354
167 121 -3971129176547224907
167 122 -3620089618886134695
167 123 -723657199312261416
167 124 -3437347182552615440
167 125 -7138256285197424393
167 126 -5121668632857406944
167 127 6631071549923060997
167 128 4355953351751625988
167 129 -343954114640329068
167 130 5681001433966027389
167 131 -8427393146010181043
167 132 5072944877843227039
167 133 -2322363500098252745
167 134 -5434978506651356236
167 135 -5366824258168533007
167 136 -6413003524830500422
167 137 97692998876965966
167 138 125372864651450943
167 139 7554180876428767186
167 140 1703910749742825644
167 141 4877816199858923114
167 142 -6831613733733670375
167 143 960689737428844080
167 144 -4940300723796716507
167 145 2024826307324148152
167 146 -1953379234861048668
167 147 8739179124528914006
167 148 -3785086185747019878
167 149 5511163972656460874
167 150 7205450419349675139
167 151 -7950371392676016080
167 152 -7478125164144786315
167 153 -7163738310506553824
167 154 -5939530719325178765
167 155 -1805301998698282978
167 156 718805075292071982
167 157 7153283497752141528
167 158 2853987561569051928
167 159 -7002427709216711529
167 160 -815051850979465622
167 161 7636931935903139496
167 162 3892889879906019650
167 163 -5073823728232020762
167 164 -37971541898128421
167 165 -2562205338348329409
167 166 -4630069589736930993
167 167 -3308109184328841632
167 168 7426932069541845848
167 169 -7243127274831015267
167 170 -1705857656881007413
167 171 -1633393543059199382
167 172 -5638403722622880215
167 173 6214817542861642691
167 174 6482599963820084133
167 175 7097549690328009393
167 176 -8549397288068789883
167 177 -4225353043672996679
167 178 6023505610440394615
167 179 1652738742889312230
167 180 -5310470746414920490
167 181 1307822714345504912
167 182 -6000787683292711765
167 183 5873242251274617420
167 184 2125593913037229583
167 185 2660891015987749205
167 186 -5771235446119555098
167 187 3423920791213481654
167 188 6834332551376743710
167 189 -5147654895344345882
167 190 1934136297153900474
167 191 -6695787475504155055
167 192 3262242566312389345
167 193 4495501349522054163
167 194 -8206848300975028816
167 195 4428884370219285704
167 196 5077901995431625946
167 197 8170638200881078568
167 198 -1484521240896537479
167 199 -2210541660709092417
167 200 -6036185122602202946
167 201 2078780293683437329
167 202 5945989538192725827
167 203 5571479981347132215
167 204 784271933464211380
167 205 3641631192359945952
167 206 6410594128393075432
167 207 3538102847297302417
167 208 8250771065321544121
167 209 -3063966663513232023
167 210 -5736271638072996869
167 211 -4479705323070930623
167 212 -2397819024498255890
167 213 5827939989588193676
167 214 -8501028063411823199
167 215 -7541543130220709168
167 216 -779287426375151216
167 217 7040825468706613827
167 218 -7664188137477565299
167 219 -8673340895811358348
167 220 1932344876952120073
167 221 -9171349115085253605
167 222 -2995408607591383585
167 223 -3487833234292952854
167 224 6173553976399756219
167 225 -3796159482088721576
167 226 6441219182494888253
167 227 -8624373489972943885
167 228 -1299365384748847999
167 229 3947905149206430171
167 230 995985786811088918
167 231 -3735366760424034766
167 232 -4938064818553723806
167 233 2872186138196901021
167 234 8749371093080781466
167 235 3540188387116146990
167 236 -4433111662362276024
167 237 1984027280004880423
167 238 -5423941110867416049
167 239 5523133050136009026
167 240 7849510851643208463
167 241 -3189531702411946243
167 242 -556303273107120576
167 243 -6822100094229696018
167 244 -8299587310720912427
167 245 2776725376743929487
167 246 -4364905482921802556
167 247 -2241052832673297106
167 248 -7840458752346748594
167 249 -888183089704563347
167 250 -6269956590284701291
167 251 6184211411171951421
167 252 -383339172914492215
167 253 -5148774545907562760
167 254 1591623588572300526
167 255 2102636476137991998
167 256 -2147595929585746193
167 257 8365632883341482736
167 258 -2914590955922115752
167 259 4482108964585744788
167 260 7096375213962225776
167 261 4899273288767704843
167 262 -6399669021762630733
167 263 4172388744853413269
167 264 -6550478929540131029
167 265 -5575007255488063949
167 266 -7704883686843515278
167 267 6543746306510251347
167 268 -380848208073288653
167 269 -6668990909723829924
167 270 -2851929188881352995
167 271 768233919434065223
167 272 -5808031872748112285
167 273 7470253639784445492
167 274 -7444869957065389217
167 275 -2226709262565521476
167 276 -473140658058425499
167 277 7421570136018285717
167 278 -9068904070942853180
167 279 -3645935401579921459
167 280 -5485007834768728607
167 281 798057874876474751
167 282 -192775798033935239
167 283 -4065062480694308349
167 284 5412672789850414690
167 285 3931697082429714710
167 286 5430489610294841943
167 287 -3816353192376456389
167 288 -8224881779112215194
167 289 6381722855208820823
167 290 468962982496758406
167 291 4530125575679954318
167 292 7114188162183444090
167 293 6272496122781426101
167 294 -8522589699793169955
167 295 7726276209134182545
167 296 -6928026496161780228
167 297 -5080626903194615768
167 298 -4311157962616957835
167 299 -2379727416811024093
167 300 -6487796758040238424
167 301 3366240730035009550
167 302 -155566847732625687
167 303 -8140447667063936876
167 304 1066416727759742263
167 305 3308450535864295047
167 306 8910593510582664295
167 307 5990257088203997312
167 308 6397975668953977218
167 309 274334067594040060
167 310 8769036371741830518
167 311 -2852482229965871022
167 312 6361965354596488019
167 313 9136919147916684944
167 314 2827220425099746776
167 315 -4494243578114854734
167 316 5057288014333340603
167 317 -5969945675316905032
167 318 5958508386886312622
167 319 -5760158349525390921
167 320 -4889466618142193467
167 321 4323183975523413918
167 322 -1346874999587851497
167 323 5655334134737043313
167 324 8306995040775798036
167 325 -4464042765075600996
167 326 8885159394141331194
167 327 -6457499182239475879
167 328 1913054242171671754
167 329 737396345490309449
167 330 -6762205299174307134
167 331 -3123441711989506021
167 332 -263230825591591635
167 333 -7061395873141915240
167 334 -6564545213494151547
167 335 -1676234467326490305
167 336 -559544786273224122
167 337 4220209667403316552
167 338 -7926125623326347515
167 339 -7863091940028260440
167 340 -4961912498194162698
167 341 -6786840480710545692
167 342 1767823664550289579
167 343 3540679752129608529
167 344 6289962358145369031
167 345 -7745371370562463103
167 346 6256580916036408068
167 347 -6488150291049397588
167 348 -8748326859404506556
167 349 3481841306881451896
167 350 8304049301606511442
167 351 2410745361855243193
167 352 6132420513867497496
167 353 1244780440662684319
167 354 167719888028990908
167 355 1986867219914923846
167 356 -7400016161788922430
167 357 5416305920195538088
167 358 -3271873902146434290
167 359 3977262189065673013
167 360 2629445410704552203
167 361 6182729039826633440
167 362 -4241992882105458045
167 363 994708155289105039
167 364 6194065397589109404
167 365 7952982290928769754
167 366 -7349667963873012923
167 367 -835211840755787455
167 368 2617705618739327190
167 369 -5848880835838474381
167 370 -5353334326409809055
167 371 -4755629714111067815
167 372 -2051397554367267804
167 373 -1732341114371695998
167 374 6743420002754982197
167 375 -2624964066059106755
167 376 -8693939828844592639
167 377 -123319578643405116
167 378 -7714012741096420260
167 379 -7448424413394665468
167 380 8047109344412543320
167 381 2739432424143060021
167 382 -9046446608993697573
167 383 5387368010847212446
167 384 6450119043624557226
167 385 7199561703118549971
167 386 -5932343507418968916
167 387 928422539292914100
167 388 -8823161834162409959
167 389 -1019641016923775784
167 390 -9129539834593994495
167 391 -2130552390005221017
167 392 -1158549201325518359
167 393 -1838034611427102191
167 394 5418386746181659887
167 395 -3118095945305750138
167 396 -6673736685597039849
167 397 7237555187412823186
167 398 -3959097845286288310
167 399 -4180323922777107609
168 0 -8936692232103060455
168 1 -539633501559116757
168 2 -796849775393019915
168 3 1420550162961879127
168 4 -9160740850794024714
168 5 3281345419771388811
168 6 3603259944387746699
168 7 8552025854319509855
168 8 5680102557508904603
168 9 5415857943982202467
168 10 -321506614559259514
168 11 6981528169931264379
168 12 156860544408547600
168 13 6362065888540966149
168 14 5793268396096602991
168 15 -9034803963516068165
168 16 6399065430072531168
168 17 -1222003782582016201
168 18 1632612500992214232
168 19 -1146441097982145150
168 20 -7575325596715472841
168 21 3851885710583278906
168 22 -996236196460677221
168 23 -2658771224592933269
168 24 -3957506823524855457
168 25 -2142740246827752134
168 26 4303345826699779519
168 27 3667225969069630823
168 28 913693848017302361
168 29 -3405201151580236567
168 30 -5207803656947638045
168 31 -2550583545491395589
168 32 652510857636996949
168 33 4435509167126305000
168 34 2666421275188831759
168 35 -6830503374025538723
168 36 8514929080673715799
168 37 -6528060992154420676
168 38 7965551919331499007
168 39 8968814821437478053
168 40 -2882385184904915046
168 41 1724324668995331825
168 42 8179783563621911405
168 43 -5721551379812625270
168 44 5146904220213293037
168 45 -7188370177536296750
168 46 -9028132852038195888
168 47 2092857125645191950
168 48 -807005085821832378
168 49 -822966709121663744
168 50 -3151257183053752989
168 51 4733482090183122046
168 52 2141039863332841041
168 53 -7204178249751718999
168 54 -6482186144859771352
168 55 -4323767273625719197
168 56 3811949606198142446
168 57 -8859417591354041071
168 58 2561281167171632279
168 59 -2776951522686984445
168 60 -2167469556707954593
168 61 -497933182864430117
168 62 -3792000919259723038
168 63 6211615432959104881
168 64 -3401612708441458239
168 65 1189316750518599941
168 66 126638718173706732
168 67 7912046722932222573
168 68 2853701889252970059
168 69 7837853505432133502
168 70 4876482829618106228
168 71 -1089805636092409028
168 72 -3706412823106373175
168 73 2418030501401607056
168 74 -3200508773969719318
168 75 -6370780828508805919
168 76 -7208990236473478189
168 77 -6362884530136083265
168 78 -7051845981320137072
168 79 -144336191459218784
168 80 3096039820277447932
168 81 -6786004398381362932
168 82 6353252239961112286
168 83 2649642838362237667
168 84 -5485252700548827412
168 85 -5920918473796206368
168 86 -801027033016040392
168 87 7774907117357145581
168 88 8185043991513326594
168 89 -7976397115389110028
168 90 1926198253331195096
168 91 1578173050598259496
168 92 -5319678578963126544
168 93 -6580023734873788323
168 94 -1875786839056785853
168 95 -2596147376876938372
168 96 -3765579034799855008
168 97 -2583896420988488021
168 98 -866858656029479060
168 99 6420593542832401198
168 100 -6676282966857229210
168 101 329500589506944268
168 102 9116154141330704610
168 103 1862671943859914994
168 104 -3004331036529970398
168 105 7612750705265533786
168 106 3041172040872773756
168 107 4817124927332478650
168 108 -3618485203893927084
168 109 8521976190217480524
168 110 95788933239442862
168 111 2180038418692326153
168 112 -7714009959290839530
168 113 6333788455628840290
168 114 -6406199088486890150
168 115 -6501029733656296417
168 116 -9062090706601150339
168 117 8515937286007345388
168 118 2170869020902660366
168 119 -4167126247158805613
168 120 -5466730274764168030
168 121 -1475529157276793117
168 122 -4641429804242471330
168 123 -5261984226857339683
168 124 -3787652012924936947
168 125 -8274761454819182004
168 126 -5147494593233324362
168 127 -8758046359787543174
168 128 -8467618807537798630
168 129 -111388837162583397
168 130 -703306477654998226
168 131 336802770670510034
168 132 7242090609938837057
168 133 -6979138651257290919
168 134 -3738400349659663199
168 135 -1498194172652172084
168 136 4409260535536459884
168 137 3897348084878297545
168 138 4571289474062105544
168 139 5891519621943949757
168 140 -4778328073835026421
168 141 -467085102537406901
168 142 658529367569954479
168 143 4858564376950036454
168 144 5499102873233402832
168 145 -4795203247906366316
168 146 -3703710944677821284
168 147 4958692625660854168
168 148 -428713456216054772
168 149 -2156128918479253613
168 150 1271565402496756935
168 151 -738544501137271346
168 152 -886313377944442013
168 153 -5956808089663091582
168 154 5252880680321879883
168 155 8937096416187901930
168 156 -2971548211882504677
168 157 -2120592663952977029
168 158 1894629727689481803
168 159 8542738756776666225
168 160 -8459103157772669275
168 161 -8285579409881346023
168 162 8272928310542813374
168 163 -4151902017626249668
168 164 -546613284380333924
168 165 2838276427189822747
168 166 -3127629104278588362
168 167 -8963296977990678420
168 168 2792802159749232566
168 169 9117609208794985122
168 170 -5111371218436141336
168 171 -2181078849564170936
168 172 9212150549543291399
168 173 -4535063901160800654
168 174 -2973527727161895340
168 175 -5092369206009605727
168 176 7512652905992217080
168 177 2514228319203922218
168 178 3216946178294633549
168 179 -2534469301293540364
168 180 6321482813920686408
168 181 4124584866812300792
168 182 -3227212272081765472
168 183 -8898042898763119276
168 184 -4312393632184692310
168 185 907808573825534060
168 186 6029417992232426674
168 187 4288007538078096598
168 188 1063921305352936732
168 189 -4279849677157172860
168 190 4263314428764207614
168 191 2730029838171957428
168 192 -7959295362473037171
168 193 333771303705179911
168 194 2774484960775655766
168 195 305918801722547340
168 196 5840281836691425235
168 197 1609160119649668539
168 198 996452250316593614
168 199 2132056154760854688
168 200 -4440466901841692501
168 201 -7992614804829100956
168 202 -9199093089132554629
168 203 -7765439467358573958
168 204 8983721209442987053
168 205 -5591150563443297925
168 206 7502176335899940595
168 207 4060587843140466939
168 208 -4357419064064214825
168 209 -5853551722046598085
168 210 3979433785500719182
168 211 598135319252800048
168 212 -6002146155730330516
168 213 4064551976010423419
168 214 -8480642730110163236
168 215 -9147298377357803370
168 216 9033567673561393719
168 217 -7743803854403689693
168 218 -727568385460610805
168 219 3755198222908493171
168 220 -4692110134373918665
168 221 7900144014872646352
168 222 312249505803046141
168 223 -2238616675397950129
168 224 -4617982935575685721
168 225 3472185546334112504
168 226 6342336934828097856
168 227 -2014518822991714912
168 228 588813485106017251
168 229 2504602908465514554
168 230 5456450094785115012
168 231 -5968295247944278559
168 232 1987358725143345751
168 233 -2546095434544098484
168 234 -4815531418570279464
168 235 2081810126434108673
168 236 -706788766695722536
168 237 7002177151570850747
168 238 -7805522496256626954
168 239 -3071986256341158990
168 240 2093772590908393242
168 241 -3447498220260993579
168 242 -1573406347926512604
168 243 4577824073833349835
168 244 -2877691414839798816
168 245 -1946971156990128939
168 246 -2649289100666268350
168 247 -3770424912318744211
168 248 -7283429439285077833
168 249 8070596895157524848
168 250 -6863194292884225350
168 251 2102398686998459342
168 252 5835410158281645503
168 253 7864881133838984414
168 254 3138571188349166777
168 255 8542818779801999985
168 256 -6921731956828061887
168 257 7210037931247488347
168 258 1523705194789058552
168 259 4172011690607009857
168 260 -4585695279693283362
168 261 8372707184378864692
168 262 -9102519581703601031
168 263 -6406410264695889719
168 264 -2891983626793021902
168 265 -1487113493938520670
168 266 8898476892258614631
168 267 -3263512619586502310
168 268 8370504733032126007
168 269 -3345191026436681042
168 270 3906095212647574937
168 271 -1169999213903853918
168 272 -5933635845287422497
168 273 8390939210889706550
168 274 -1452976292110445309
168 275 -1322366004497490810
168 276 9172696818497200919
168 277 -2738390396526887451
168 278 -7412647355947073022
168 279 9104213437102109912
168 280 2824710051566815972
168 281 652290425034654401
168 282 6738692738007610472
168 283 1167753059353975032
168 284 -3670404265797191983
168 285 6631714776617556757
168 286 -2233292737997658267
168 287 -5761508311833180714
168 288 8666596250307817729
168 289 -3611615489688183539
168 290 -697611184124156964
168 291 -5212948941823894725
168 292 -9203066810663402227
168 293 5584951800380179597
168 294 -4536599526026630580
168 295 2692477922310794914
168 296 -6076773516472123733
168 297 -183196091340966296
168 298 7372450231692248723
168 299 8227874311631023385
168 300 -489807120752416682
168 301 -6991860544676477343
168 302 8847594866272986673
168 303 5081483501902454266
168 304 -1929845683669892660
168 305 5414383498702966618
168 306 2091745088715810548
168 307 677130525382787821
168 308 407803036498174177
168 309 8751995471722238064
168 310 -5864649765111607455
168 311 3995128504766449989
168 312 623548205109867382
168 313 4001668871249135902
168 314 2791955480220341791
168 315 8260991254615057741
168 316 -7895243555076975810
168 317 7960519486342236346
168 318 -5855544669397963453
168 319 8609643503768949008
168 320 346000358572003239
168 321 4980682377207882272
168 322 5244066248454379947
168 323 -6742907021813209496
168 324 -7318084322437023686
168 325 9075672622340660126
168 326 -1793122128757692405
168 327 -4672927705824312015
168 328 -4850056600887326818
168 329 867162311238476212
168 330 6322578231780687064
168 331 -7106433056628735049
168 332 7785856922386913722
168 333 -5657065526413893649
168 334 -1692612732342331678
168 335 -719462658679125271
168 336 -2174712067205356717
168 337 -5759410835352287478
168 338 7451700891300990935
168 339 -1645894774310263818
168 340 2039636725100379144
168 341 4799140713020896614
168 342 6875426269687062206
168 343 -1826045209301393991
168 344 1176690807388903058
168 345 -8069643460952229264
168 346 -2438955950135006684
168 347 -8795821845941883817
168 348 -4866705815028764970
168 349 -5922631809146609701
168 350 -966199370981016248
168 351 5497982144110240125
168 352 7059756179016455605
168 353 4235535546730914838
168 354 -4623424509500060759
168 355 -2655715948322621486
168 356 -4937450473626437018
168 357 6839096127953212451
168 358 -3141280782845822133
168 359 5449861241418763885
168 360 -4341747452275381214
168 361 -7786520172202669366
168 362 402254070618756383
168 363 3043431885044898224
168 364 8264745592419135558
168 365 -9050315955907719452
168 366 -2691376620397601713
168 367 -896445714353096802
168 368 7582482812301716283
168 369 4281685757333386766
168 370 6839507416332770251
168 371 -990460618465070683
168 372 -2994785353618334109
168 373 -2872870031710950216
168 374 6778328690055884090
168 375 -5264386319351253819
168 376 7390591713594554138
168 377 3107406533915895821
168 378 -515694332943859927
168 379 -3306793062428180474
168 380 -3756076300177868545
168 381 -1281544426969480519
168 382 -5393111905060245583
168 383 1324129286612241746
168 384 6261447761739859270
168 385 824547282241120544
168 386 7031118692936278028
168 387 -6752167816256942833
168 388 6508729955211383784
168 389 6526859357255593619
168 390 -6275574111866802712
168 391 -6685808645128710062
168 392 6963519037471237067
168 393 8523102692954573807
168 394 2184649306321677080
168 395 -4019006803052038172
168 396 -3340092610993198439
168 397 8362050241801839411
168 398 8069974665122203234
168 399 -6926907377177193759
169 0 8837860424209696324
169 1 -393814924283206525
169 2 2532587402346657601
169 3 -9014963747695030965
169 4 2007198939768437509
169 5 1075327153811749762
169 6 4473489619569243157
169 7 6350418590994518608
169 8 -1462387212352500114
169 9 -3509329118878884684
169 10 -6490971093632372213
169 11 -810300293590476224
169 12 -8502916986752509942
169 13 2829022902894780960
169 14 -6213962307084795880
169 15 3984981664275099504
169 16 -3889297933719233892
169 17 -2589469039372205085
169 18 -2410815199372019530
169 19 6642991034549013125
169 20 9174416319386675174
169 21 885555598201649544
169 22 -2505708769036414231
169 23 8686322326019178573
169 24 2970524272160362760
169 25 -6272656086531834090
169 26 -7336766357308879826
169 27 5044175851017939766
169 28 -6018295779721867682
169 29 670877378927380934
169 30 7717269375726864539
169 31 -1643179406261008987
169 32 -8707599599651090743
169 33 -8308514125774686320
169 34 -6372411059011029749
169 35 -1710300124120527346
169 36 -846769673167089875
169 37 7192548254350110009
169 38 -3979434878535735458
169 39 1158320991833689073
169 40 3783511783647565079
169 41 2223361603450757037
169 42 -2783377501618522538
169 43 -3592220997090471452
169 44 1158331051327589955
169 45 3345105115402748669
169 46 -276011380066359333
169 47 4865312708744686437
169 48 2871874895411323635
169 49 -1302743628720742672
169 50 -801193795768562595
169 51 -1638756512103198725
169 52 7993597603981903805
169 53 -7884398285442528718
169 54 -1739971013926297717
169 55 3494988586474880379
169 56 -2187887808384680511
169 57 5104017088769748109
169 58 6691831105817522043
169 59 4452558240685442526
169 60 -2372286501977816431
169 61 2442392698205781180
169 62 2738186465060090965
169 63 1053222764542877524
169 64 -4866215033316364076
169 65 1571969411160489802
169 66 -1035141009978965811
169 67 2085316693995973269
169 68 2167763634739339494
169 69 492586741202974752
169 70 -5435788214510386283
169 71 -5613855082666389933
169 72 5552791555007155945
169 73 -8618851290112981948
169 74 2201343217536841887
169 75 3266691930584880560
169 76 429459001854559721
169 77 -8174026648338935927
169 78 -8526833387618988257
169 79 -4964414016712877022
169 80 -4107533728450420920
169 81 -8830168061600475013
169 82 8297404503649486339
169 83 7856661675109329850
169 84 -3496098360294040180
169 85 -7405745678574370487
169 86 -1397101432575721878
169 87 -2658716054115151143
169 88 -2372713717419963990
169 89 3898406619174552710
169 90 -2119631988589005595
169 91 -8117916040244352695
169 92 852088972241428688
169 93 6527275928657211272
169 94 1229523293706903485
169 95 3692119401274027578
169 96 4534558168534462800
169 97 -3297273917709035753
169 98 -9072587123150731761
169 99 1099195922320395282
169 100 7914166750087499427
169 101 -3075178933915117247
169 102 27714062960049442
169 103 7290088254465584306
169 104 7906622470773277093
169 105 -5427427719114517039
169 106 -3537675519368109364
169 107 8874157515609117768
169 108 -1300898334523638006
169 109 1006284493976900928
169 110 -5055695385565564329
169 111 -3214103132256026910
169 112 -6631985267203230591
169 113 -3391600486260916969
169 114 -2776954737383426775
169 115 100320621392025938
169 116 -3508975890619216670
169 117 -4794026177337121251
169 118 3965662274211339176
169 119 1691455117318500142
169 120 2563732682177203749
169 121 -8743083299832155255
169 122 5282872486789446226
169 123 -896964387491375201
169 124 701448887435761950
169 125 7842299387835497008
169 126 6480207787597468177
169 127 -7064031350423158670
169 128 262307593513078107
169 129 2754183323457403660
169 130 2812389289635449994
169 131 2941549737503905693
169 132 -1422895432837918683
169 133 235745044848234566
169 134 3613122612050821643
169 135 -8880150209754836175
169 136 7817113512946180258
169 137 7814818295222246174
169 138 -5380791581036899840
169 139 -886915553771981405
169 140 5858441692040207752
169 141 -992348419307469422
169 142 -5164600554937901310
169 143 -7312346451011776318
169 144 -7330376525982582913
169 145 -8356354315093276011
169 146 691273177323799581
169 147 8728723171949514150
169 148 6401516967063965071
169 149 -2224312739757576682
169 150 7040241133195989793
169 151 -8939105276681201782
169 152 7606010500084096923
169 153 3108657903426233772
169 154 7515274705317740019
169 155 -8133955122071051966
169 156 4388877613890973500
169 157 849154068128686778
169 158 -3703752808428555430
169 159 3616092353678967926
169 160 -3425106190758256606
169 161 -3957136442495564005
169 162 -3680396731387577730
169 163 6966874892237420560
169 164 -5404298099672504621
169 165 968494254005744635
169 166 1794714187802057514
169 167 -2107520845307052464
169 168 -8784375660095594950
169 169 4582184257090710303
169 170 385608452984767003
169 171 -78482194193223038
169 172 -5672040330224229180
169 173 -6563074534554454915
169 174 9021229865625927570
169 175 -490552704061951767
169 176 6309839686017555154
169 177 334086135862235551
169 178 -3925424226852342512
169 179 2822583283184442115
169 180 1604101131427175498
169 181 -2285444494997314696
169 182 -5943288554063084837
169 183 -5409855596592395326
169 184 -387540830015447681
169 185 -21371460016653732
169 186 8434520483300286056
169 187 8366302986944345698
169 188 2081190198744651032
169 189 1320878520147041183
169 190 -3156156924100887321
169 191 -6583427478102790816
169 192 8996279481186730019
169 193 -2551670990673407025
169 194 -4163402578064809784
169 195 6185744632231997942
169 196 7810072828005597436
169 197 2994169162336496013
169 198 6853201360528480650
169 199 -3119282397489911426
169 200 4904237364264927469
169 201 -6709905832226313292
169 202 -2980566820732079986
169 203 9205806051339986836
169 204 7416106468332380130
169 205 8222424944201235112
169 206 -936913269741106462
169 207 5734337296113120655
169 208 2149406986147120503
169 209 3746477338962296018
169 210 1160376882594117044
169 211 -3987815943973244636
169 212 1675121251188881919
169 213 -7651373781624585314
169 214 -2344531802427096412
169 215 -3902052331731049579
169 216 3981331718208134596
169 217 -2978634758335552482
169 218 1904947581082781515
169 219 -252878296408318016
169 220 6076595490521072729
169 221 5244336838582803352
169 222 5557498865058814831
169 223 -4875438099770412334
169 224 8719630715074082017
169 225 -4504486006805850250
169 226 9151322100396770820
169 227 1146451204036265484
169 228 -4559668503119426486
169 229 -8031709330171042958
169 230 -6850814643739295233
169 231 -7555796235719546565
169 232 -4528625109146946338
169 233 -9185448200089872961
169 234 -2692656748726375659
169 235 -3022023569152010808
169 236 -7671485129539356852
169 237 -4616036404486196601
169 238 -4962110962284077270
169 239 -2251647544284786608
169 240 -2355263431464866370
169 241 9153320880174055902
169 242 6898879962871216450
169 243 -9095267074781217766
169 244 2981862978876772251
169 245 -8495974193945178870
169 246 545762656943546989
169 247 -5236432778783680831
169 248 -5445484130567747184
169 249 -8387164069946272966
169 250 -376525099743665755
169 251 -8903043758194757968
169 252 9050310146650202561
169 253 -6183176108067836875
169 254 1777203553374525371
169 255 -3917636732330038589
169 256 -5818160827410518481
169 257 -7454769925008354350
169 258 -8057623561868285727
169 259 6828258992512931652
169 260 -2419084848820925257
169 261 -2036301468688707421
169 262 1236380243769183036
169 263 8316072948545172987
169 264 3633466851863303236
169 265 -2079782314387650905
169 266 -1372471553270889612
169 267 9085215208492590621
169 268 -2041676652254587915
169 269 -3955277026876374399
169 270 7155243201357693785
169 271 187791056128702167
169 272 -2577074270137706493
169 273 -8031979782253700126
169 274 680107998568736737
169 275 -735474007433542690
169 276 -3606071341588568894
169 277 -5518211944324405069
169 278 7308087358348305737
169 279 -847098992183021996
169 280 -936484253297211512
169 281 1826541612809543601
169 282 -2768174884109315085
169 283 -7334256048676255736
169 284 3278315538823754546
169 285 -7278886964411325658
169 286 -6284434727744232067
169 287 3444359331804775628
169 288 -8913261876243936848
169 289 -2599882144404704956
169 290 5347638437047893681
169 291 -5503493530151082256
169 292 7999120049149760443
169 293 -4690452717686362962
169 294 9146330839744931740
169 295 1878931616339788534
169 296 -157645352789568927
169 297 1092321802327052650
169 298 1836614796842221714
169 299 -785562492870677782
169 300 3319985238999643737
169 301 4679916355341732491
169 302 2712767707624525225
169 303 -1351432070246217892
169 304 -3236093116873003170
169 305 1622743366811868526
169 306 8571533731614004502
169 307 -8189955679707276370
169 308 2183203509382115593
169 309 -5937539305444901627
169 310 -731180437225115848
169 311 -3939572694413691869
169 312 6318517238891897
169 313 -4315870431373875920
169 314 -2172425643580863642
169 315 4053492003982999467
169 316 -2094913505451537255
169 317 2191633062585219
169 318 -8267404159302609086
169 319 8273243735894735732
169 320 4344964995474844665
169 321 -4206065095115505050
169 322 -2677550910637496281
169 323 8978380271855307488
169 324 -4829166326298144776
169 325 -3854861257799891565
169 326 -1527584671151356009
169 327 9211853617433636055
169 328 5243929858159280980
169 329 7652161522244270001
169 330 -3713143912412848144
169 331 -2576776724736312965
169 332 -8305719540538196457
169 333 8718586504476645482
169 334 6488499883013762407
169 335 -3299673935761669442
169 336 -8609506138774299540
169 337 44667084504933278
169 338 8954774123654616964
169 339 3429919443995928133
169 340 8974145574182775767
169 341 -8906726169723710612
169 342 -6606033950167619205
169 343 1217946010155364861
169 344 -9197998855578619110
169 345 -7059665324718006643
169 346 -4433176428227201336
169 347 3413889983561496324
169 348 -3040581112895262480
169 349 -8378943238426715533
169 350 -62110001551641115
169 351 -1032049717652518330
169 352 5685864677374844258
169 353 -8339263631841317548
169 354 4495879228350590384
169 355 3524560281274201659
169 356 6230776992381653184
169 357 8113199503172083917
169 358 -4069959817491813577
169 359 -6917935523479131376
169 360 -9110772285999758779
169 361 748719901296377138
169 362 891757430865036630
169 363 -381250584984430235
169 364 -7680654141457434167
169 365 -6832139219054059200
169 366 -3638505401604489353
169 367 9201185431029633253
169 368 -8921373148265429890
169 369 -4143681056773689137
169 370 -4326454521739165077
169 371 413205394219634478
169 372 -1191342698189348270
169 373 4945435649997177360
169 374 3895801330444828007
169 375 -7814995659533759175
169 376 2646507428740321590
169 377 -1093067372979471660
169 378 -3734499769425104190
169 379 8299093496203937945
169 380 -8737125630562937840
169 381 -2804690572149577800
169 382 8723266575710813010
169 383 -1015151515646997210
169 384 4328688000560766399
169 385 -4255128520360077354
169 386 -3446984470871423894
169 387 -8451715329827413153
169 388 -5215264443686017920
169 389 -8700425956679849628
169 390 -6602392011959592352
169 391 270717830765582216
169 392 2767654579284867845
169 393 7523883343941142675
169 394 -4199204731845711644
169 395 -4174711019747576236
169 396 -1144999153729327996
169 397 -4071985099326696581
169 398 4485445418099443665
169 399 -5540558233483519766
170 0 -720397932515465404
170 1 -9059838680296184614
170 2 -1920960952839093852
170 3 5493594664616290490
170 4 -7167280270528425990
170 5 3612714564859520481
170 6 6030657836963486425
170 7 -6256227689828788149
170 8 -4750665046848220722
170 9 -7709867780709308070
170 10 6242188766612117622
170 11 3452324296067898310
170 12 6106714806843825725
170 13 -4419335598362347533
170 14 -1913393171600846565
170 15 -5546673403203913908
170 16 -600250839594045476
170 17 986274786552686106
170 18 -2578986136178318096
170 19 -900496595580406132
170 20 8182526285589303244
170 21 7557297816623405638
170 22 2730538157931107847
170 23 2381156736362072831
170 24 6753557697227539530
170 25 -475364394671904788
170 26 3248612294658152900
170 27 2855511935547358395
170 28 -6273888214709973089
170 29 8936067418761065083
170 30 -5851471011243482211
170 31 -8334454208247243882
170 32 8666666938614833875
170 33 8807022588983811970
170 34 899843809878826614
170 35 -8559310581633915532
170 36 -8747682085925312592
170 37 2493390903425776381
170 38 4615042900719215453
170 39 8745981931340953165
170 40 -1588838304907985999
170 41 3163773461624798194
170 42 8448950975431555425
170 43 3723765506244654284
170 44 4878914479367503318
170 45 8016445717050793280
170 46 5917645661031538510
170 47 -442407910854267424
170 48 -1983365293748889046
170 49 -975636443757094038
170 50 2209651331924551170
170 51 7162950707237484902
170 52 -9204648296877689282
170 53 -4772013744242010147
170 54 3343808543834699683
170 55 -6112852902040426378
170 56 -9163557039857166296
170 57 -6096983495659577946
170 58 7989618386449860923
170 59 -1828176680287580805
170 60 5845225864385331653
170 61 3982781368113333714
170 62 -5376875341853834475
170 63 -5238762916334514489
170 64 567198179789679325
170 65 7894598692883128082
170 66 -8018630112633880483
170 67 8066656916366657553
170 68 -5540858875837533912
170 69 7726445396826353337
170 70 6008813713362770619
170 71 3121351089570722649
170 72 621103610834809719
170 73 5152587710907031704
170 74 -8610548209719763497
170 75 -1710894120862916851
170 76 8610631841353087110
170 77 6924229759050972695
170 78 -5568676469060676357
170 79 -2713508663730615719
170 80 -4837382442237057140
170 81 4306155559670766322
170 82 254233095810482960
170 83 9195966781495559443
170 84 3834055892995129725
170 85 -2567350563838821272
170 86 -4178870106892855391
170 87 3147703007500303248
170 88 -4324409822591938372
170 89 -6713558388934080047
170 90 -933899581282174721
170 91 5460097705213427758
170 92 -1705547081851533922
170 93 -8495933150894566
170 94 4229512716096330916
170 95 -1120600037622175142
170 96 3120373536617772435
170 97 2122976663737967356
170 98 788709122644967826
170 99 1161042473120207253
170 100 4765748593784375031
170 101 -2705939458449862149
170 102 -2324098729770578098
170 103 5670070663846779041
170 104 -3053553110352979853
170 105 303476093668788359
170 106 5769344445046065074
170 107 -4536390661865406164
170 108 6824112401146262481
170 109 -7977505382085705417
170 110 -8294144044873809283
170 111 4867453710610366889
170 112 7754583715721804447
170 113 -604799421637296240
170 114 2063094046065249976
170 115 5021588694572528841
170 116 3140350257138651260
170 117 -2363343087330675453
170 118 -2109875300010606532
170 119 7800355284464931110
170 120 -1040444463798471217
170 121 -8779647548381239394
170 122 -258627776289171078
170 123 -3608541488034844735
170 124 -1963392822318298303
170 125 -8666973309523279194
170 126 7789803461015090899
170 127 1295394274724548627
170 128 7052773149958360251
170 129 -39365992299675927
170 130 2820115446508427777
170 131 -4510133137305676591
170 132 2673298699063904479
170 133 -2886072597598093557
170 134 5003229244424636884
170 135 -291868940384121575
170 136 8355097986778755401
170 137 1306431375998808005
170 138 8044480014382681285
170 139 -4770475498706828118
170 140 5988080563656053088
170 141 -4202504496052058056
170 142 -7166059265570394742
170 143 -3971588340343185455
170 144 -326102588045271677
170 145 -8656337932900027629
170 146 7813297132794050713
170 147 -1245255808182420052
170 148 7617825302248153702
170 149 4533341410693314946
170 150 -32563792650973815
170 151 8310047366743793164
170 152 5434243655483085009
170 153 6046951335190636964
170 154 -2754628983904558391
170 155 6503860007339127165
170 156 1686094199627242063
170 157 1901046256512467176
170 158 -1107899181772324553
170 159 -3379889057374935604
170 160 1124309114734565130
170 161 5942229869219600785
170 162 707818832652996522
170 163 813808565651557531
170 164 7566387355915795102
170 165 -2753863634349155318
170 166 9040446033786945074
170 167 4566949549022183591
170 168 -5853940406978640043
170 169 -324568687498112970
170 170 3698178263605581202
170 171 6249425167234276260
170 172 2639040827696250379
170 173 7755451053691154555
170 174 65874427532956158
170 175 -5651662804475597532
170 176 -6829333023298869614
170 177 -8908328680800730115
170 178 -8345832283961433827
170 179 -1745332996596794209
170 180 4412476931763506416
170 181 8093697245587977189
170 182 4288961374122488792
170 183 -9192991818398621015
170 184 7637291474251631705
170 185 5838971311393164862
170 186 6971478441659207423
170 187 1600694019035527266
170 188 6505050216663719840
170 189 -9173689466356806858
170 190 8849763268480042854
170 191 6049402715952486734
170 192 -24064477636247971
170 193 5927551224544086501
170 194 3962016371304415406
170 195 5151446469433827337
170 196 -3121721463397806015
170 197 2901171179497437831
170 198 4153845040667721362
170 199 -2431993857363418194
170 200 25618905347573465
170 201 -3909995397803027806
170 202 1568632233793057064
170 203 6950650951851600496
170 204 -5566102355435347349
170 205 1399587220221588463
170 206 8318695553976638410
170 207 -9198718213771791599
170 208 4114258861964426970
170 209 7759582811788259015
170 210 7115643253042677288
170 211 -446555933419361426
170 212 -549572091605946469
170 213 6632942017791404224
170 214 4846626655976945714
170 215 3986281744250325907
170 216 -6101811606789178318
170 217 -8410874792600355984
170 218 -4431518638789408489
170 219 8112853488728785164
170 220 -7565379241500206619
170 221 -6054059773810250552
170 222 -6002652355037850402
170 223 1694057215801285105
170 224 8433408220257191080
170 225 -288702243141603694
170 226 -6103368936838931910
170 227 7585255671313309604
170 228 -1744184972303371421
170 229 5025038200535606727
170 230 2044266314653909604
170 231 -4292145396676850245
170 232 7712433052165431499
170 233 -2581574397240911060
170 234 2194401064823611499
170 235 -2996802235532170697
170 236 2859978914332028616
170 237 -3116046308329891508
170 238 -2546964151445358439
170 239 1719591945026354934
170 240 3716246670371613338
170 241 -3985242781143228785
170 242 -3526746060766338076
170 243 7649018352416271231
170 244 783719617220380132
170 245 -6197189674370206489
170 246 -3759969636881457482
170 247 8817372247467786383
170 248 3496784240809209880
170 249 3694771416872628356
170 250 5154515815105482512
170 251 7467412893561572464
170 252 -370628505306165799
170 253 -2989744425967377939
170 254 -852709638921295340
170 255 -7292044499749683123
170 256 468173333015807322
170 257 -7449935744040147116
170 258 -2143233928735026219
170 259 1336074074649256382
170 260 -6187181055445180119
170 261 -9007724690913101201
170 262 8321525591623761966
170 263 6078715463832713694
170 264 -7584913389663576495
170 265 -7605256110276233122
170 266 -1147519946816337931
170 267 2786040457788066829
170 268 6732567105959152257
170 269 8077878394339504150
170 270 -7976455774675231540
170 271 -3485197734360567849
170 272 895695729314482963
170 273 4108865990270442674
170 274 -7909064640189161419
170 275 -3913480482287540050
170 276 1075984675316519519
170 277 -8793724053834435243
170 278 -1609333715268232088
170 279 8056199666873375829
170 280 -6613019714656265083
170 281 4990413508866490456
170 282 -4739895374371088770
170 283 8933950142466918383
170 284 -2234647134726114746
170 285 -1927413113531053485
170 286 -7861637404743238294
170 287 8644024330962542392
170 288 556903008268186758
170 289 -6517614097340005008
170 290 2761396821387135787
170 291 -6097540063681270223
170 292 3427542059076033885
170 293 -4489514818672236296
170 294 3669067803452805503
170 295 3495335234993002737
170 296 -4772916452390403004
170 297 4709796301819803266
170 298 7043197081100321179
170 299 8049228951846684894
170 300 4901595590537349432
170 301 7255694331423007901
170 302 5516251671832713196
170 303 -5114377630831594285
170 304 6990920794756412701
170 305 246284705958612297
170 306 -6380966719531556272
170 307 3669962001245146367
170 308 -946631127026532806
170 309 -3983523656440938387
170 310 -828276335115348078
170 311 8600046736551378219
170 312 4623424993666817785
170 313 1868649850589732545
170 314 5740357355289209459
170 315 2609089811530275531
170 316 -4483064696500770527
170 317 -7131081632347288305
170 318 1248176653243057641
170 319 -3417322003978880980
170 320 -1494215316120190890
170 321 2456383278242420621
170 322 -755783327385841049
170 323 -8600354685970754841
170 324 -6571221692438041396
170 325 -7367682049967325640
170 326 -6919971875539242011
170 327 -5578966638236934635
170 328 -6806174302582351657
170 329 -3099142380349984643
170 330 8052370049150419666
170 331 -7688089303046541032
170 332 -6967930466812689589
170 333 7496133721435337510
170 334 1449894628968818617
170 335 7498111126737709945
170 336 -8812442775179984603
170 337 -6483270218811827854
170 338 -8306608368456570099
170 339 4650457778513793106
170 340 -5780959748996276136
170 341 8552265662504020954
170 342 -4272347413015598578
170 343 -6533513729617765557
170 344 -6191469116349857083
170 345 -3550621655834921713
170 346 -6010221571357457781
170 347 497351842071190949
170 348 7312460702975078534
170 349 4303101606967275735
170 350 -2787678521086233461
170 351 8320327406491674724
170 352 4268468926217568661
170 353 -9051650466627059432
170 354 -3663747474853500344
170 355 -8685041169515713785
170 356 7048773534132764537
170 357 -3710410703778481649
170 358 -146658192576125674
170 359 -213007585915821235
170 360 -6831559042501985308
170 361 -2686908578317535017
170 362 -7748458380096868089
170 363 -4106477704979195279
170 364 -4332897211937692068
170 365 -7301049428559571074
170 366 8439807752048079454
170 367 7502447375859317635
170 368 3603223119316721220
170 369 -5391918789014657230
170 370 4126107718966933469
170 371 4889989843612186357
170 372 -8206340461110305453
170 373 -8415263491642729297
170 374 -8782332166265389971
170 375 -2016699116484124554
170 376 -5593329045855347264
170 377 9217474719830972357
170 378 -7270607576765736669
170 379 -7642036303845182609
170 380 2828329154987363730
170 381 -2773836351082171659
170 382 -3745587251823249833
170 383 -37614251760003826
170 384 -5511653086207800022
170 385 4861276386933544418
170 386 -4352056837203457751
170 387 -1307522406617165720
170 388 8865455265888453219
170 389 -8854246322813610448
170 390 2844911276429008746
170 391 -1907931044546941268
170 392 2528456467853857965
170 393 7276623009808010810
170 394 288914820890949222
170 395 2909972956724143626
170 396 -6973251327624430619
170 397 4641607275483418730
170 398 6366746675715323591
170 399 -6945803050446152923
171 0 -5635875683297665746
171 1 2973204418135038798
171 2 -7978323785248391585
171 3 4486888696378761046
171 4 1742387676287797166
171 5 -3136700309872748399
171 6 -2948882276054585664
171 7 5053719557809855562
171 8 -7238679413907872599
171 9 4093906960744340067
171 10 3989854240446771887
171 11 -7335574250795697089
171 12 -5426981248859706691
171 13 -3260627481266588926
171 14 -7036186864245490919
171 15 6678300190040273699
171 16 666527334268075723
171 17 7280261835217865513
171 18 -7149380460780776560
171 19 1510883841182818998
171 20 -3140721572826812027
171 21 6878622530401590372
171 22 -2649540735679886347
171 23 6061212374156619021
171 24 8914949501678198771
171 25 -3526996827501679497
171 26 -8320026713215986890
171 27 4857954826061107525
171 28 -66742191465466527
171 29 -6494671677216373868
171 30 1672881549647216214
171 31 1949998919505261385
171 32 1425881556610892125
171 33 1137746012993886044
171 34 2954981128841683605
171 35 -2443302849765927101
171 36 7713126271345789604
171 37 1380405894513074523
171 38 4515435703103834830
171 39 -9205843158049203060
171 40 6820907932464263037
171 41 -6780787754912089967
171 42 -8680396725713823864
171 43 -2815180296630019797
171 44 -176510193995371116
171 45 4140057949582301584
171 46 7243674430327245413
171 47 -5362061496597385795
171 48 5457775127402018249
171 49 7656428578540596360
171 50 8216604984776043687
171 51 -2045653688474961929
171 52 2073647907530774440
171 53 -1969133405850908586
171 54 -3465785758699626379
171 55 -3643920957173723497
171 56 2351982367019653006
171 57 -62514597865545257
171 58 -2139563880356789069
171 59 4777011966734938424
171 60 -75611701812903593
171 61 -8606201870126895652
171 62 -8035563626259688758
171 63 5531627235876850718
171 64 6379173460686261581
171 65 -8529966999158806953
171 66 6902273319874276968
171 67 283483382962818432
171 68 -3927545647882932086
171 69 4433786416929733226
171 70 4485325319074370538
171 71 -5100133167750810017
171 72 -1074830562452027586
171 73 -1786310183614610606
171 74 2798067346939011951
171 75 -1072281908374274851
171 76 -5292146650585279037
171 77 7060062280683488723
171 78 -1301252335960160944
171 79 5769747712067149641
171 80 6321972932684235975
171 81 -6633321881436721348
171 82 -8382052288387598707
171 83 1524837177952765060
171 84 3124777953714721540
171 85 8862805192968973976
171 86 1276439617026580407
171 87 788682960006431972
171 88 -6655099062989461983
171 89 7262102216873769739
171 90 6037619431504813212
171 91 -2311606219399062067
171 92 -4674480410534909769
171 93 5156027427304363895
171 94 -3447916636368757924
171 95 3227790490199105628
171 96 2226960049850387708
171 97 -3939837349991497488
171 98 5005780945838353518
171 99 -1856122305086858367
171 100 6233379651279230725
171 101 8457050363142531449
171 102 4302914739548921123
171 103 5943653005689620341
171 104 6109713335336654729
171 105 -6984271604763250771
171 106 2367941048037355352
171 107 8236565836626854973
171 108 633705861088114978
171 109 7521318869036554777
171 110 568871384954673625
171 111 -7110480285883143945
171 112 8409997206151183496
171 113 -6436516089242344529
171 114 3531909752507557801
171 115 -84292582062728024
171 116 1987444369348908509
171 117 -8601806977639598898
171 118 -3521233356461323445
171 119 -362147506957314515
171 120 -7938683394087464369
171 121 -4601216164453263504
171 122 -5382418964485922887
171 123 -5076762227986189517
171 124 6957840574382239023
171 125 1986968477112853023
171 126 7450034198204529848
171 127 3038308530844475074
171 128 -748145421991176909
171 129 -6133609682612030095
171 130 -667882965328323042
171 131 520851597958725556
171 132 6363569824670635145
171 133 6652992563207040847
171 134 -3891653615470978152
171 135 -5883724855770287533
171 136 5423123297553326271
171 137 -1631536987934547788
171 138 8249804529683080621
171 139 -2515814314728056689
171 140 8834083083254940973
171 141 -4939173508675066550
171 142 -3355140867747210493
171 143 -23063992008293522
171 144 -6582374766522959363
171 145 6457064472521554787
171 146 -1542208701293401045
171 147 -7818180352761157764
171 148 221809146426436893
171 149 -7383259038141567497
171 150 -4756514018995554585
171 151 7348458882900634842
171 152 6485335495886461846
171 153 -3213681033971670702
171 154 3351916296714107400
171 155 5658932408874679392
171 156 -6649433598186268623
171 157 1908412137882742769
171 158 -8767487560286180483
171 159 -787968867157228645
171 160 262823857564969142
171 161 -8158568708410853512
171 162 847462755577767960
171 163 -8325475303292794051
171 164 2103461923112067141
171 165 -4321339605088075605
171 166 5984980188408257107
171 167 8347604330514052805
171 168 -6989757744212856488
171 169 -1246345086595421446
171 170 -2322534436503596758
171 171 -857769212980777264
171 172 -2342274712493431204
171 173 -710110573716483448
171 174 -7951613913210026678
171 175 1536261923878514479
171 176 -2452480913605108947
171 177 8674605365195266043
171 178 -6120455306681490798
171 179 3857929124687979394
171 180 9137319429941318949
171 181 1066780213649489363
171 182 2437855150874867003
171 183 -9019098160467649268
171 184 -8775139049626765095
171 185 7039726758610815055
171 186 4662667868856107179
171 187 -493644217373299707
171 188 4868830974974690881
171 189 8733486833633784027
171 190 -868029631611231496
171 191 -7989143302191916767
171 192 2932794076103151871
171 193 -2906440687161379253
171 194 -2950697922637102981
171 195 -4203279182822027146
171 196 -3806575811130502270
171 197 2763692544975010317
171 198 -8292572381817116635
171 199 -676919587302347499
171 200 1491030624461202175
171 201 7862655708646988299
171 202 6670534198949485155
171 203 -4328918545001023718
171 204 7833298896427003240
171 205 8703992048829055242
171 206 3459377455108583697
171 207 3568066395854594644
171 208 3353409798770964880
171 209 -4574765738317143301
171 210 1486461832077658366
171 211 -2908525992228554097
171 212 7950625039492675068
171 213 7376244332830435542
171 214 -7971961344506545042
171 215 -7870845919858165933
171 216 -7387803570782219031
171 217 -710977396743623171
171 218 -997929987203615297
171 219 6290101009640147038
171 220 4950477885983215174
171 221 -9011821226009964490
171 222 -8628228845274405202
171 223 7756165575715179525
171 224 -6670123632635836790
171 225 -7411784987795430676
171 226 -6132865917855372089
171 227 741420473089503016
171 228 6168258845163362009
171 229 -6242202344963570476
171 230 -5289887782023027246
171 231 -5056015091653324563
171 232 -363882883437298680
171 233 4430212487120505833
171 234 -8015327149868545992
171 235 9105637203770855917
171 236 183529784947903275
171 237 -2558470217954879435
171 238 5025999818577352359
171 239 4714479080979380030
171 240 -1149432811254178529
171 241 -8536824422065483860
171 242 3787223661068406725
171 243 -8276646691007595603
171 244 -8005477358671024671
171 245 -6534947950780285429
171 246 -2395155491012498782
171 247 6678688072710510747
171 248 6458421955739649877
171 249 2923772061812138504
171 250 -1366778601772645238
171 251 -12415364196411224
171 252 -8375002316843080509
171 253 -114045760262257301
171 254 214526711563407525
171 255 -348223151156969330
171 256 7431134894036079921
171 257 -4800323940093547609
171 258 -1343317123599716925
171 259 -6052921262430047605
171 260 217842152660571289
171 261 1235415293772119295
171 262 -94492633615638034
171 263 -3501897323624793747
171 264 -2312824492428866810
171 265 -6942806089629206975
171 266 -8634430442993963270
171 267 717446748781062308
171 268 7750466105121644675
171 269 -649173987455515861
171 270 -4920990665194797479
171 271 7226435320478594322
171 272 6759460658565954101
171 273 -1703754230202029000
171 274 -2497828926089504283
171 275 6438160440808866284
171 276 -6322524891461505414
171 277 -8923216511188537788
171 278 8139535200559967983
171 279 2000960869063241222
171 280 -2139883623746938045
171 281 1777909937711525708
171 282 -4666438039579999083
171 283 -5006446183987449529
171 284 -6115423599793344602
171 285 6829090296466897718
171 286 6303707629477438063
171 287 4315232750887895370
171 288 3859356068973009921
171 289 8514435928466918461
171 290 -2105989072438277499
171 291 -9117963125485964320
171 292 -4463888515622056253
171 293 -2739509477543162547
171 294 -5838793068472004864
171 295 -1342682108106978137
171 296 -4897777609510320318
171 297 2253081692876611011
171 298 -383444860393654313
171 299 7612030227280685336
171 300 7802594046302192816
171 301 2503644588516714990
171 302 -5428420622330183979
171 303 2439271807221965549
171 304 -3469842470509430545
171 305 8849886241348133210
171 306 -4518153177693399181
171 307 5874395247905462971
171 308 1315837834576206872
171 309 -9112827158344296050
171 310 1746329680313332746
171 311 -4987331710912905098
171 312 -8963244281926838605
171 313 2888390948348893113
171 314 -6565387328371597490
171 315 -5651710281134694490
171 316 1182160150664964811
171 317 3760966603452111073
171 318 -961529151556100639
171 319 -4637413784510756057
171 320 721459312540991095
171 321 -8782208070724510276
171 322 -6898877347761243985
171 323 4359223374206126807
171 324 -4210092480978709631
171 325 6879314282849079946
171 326 -8316078776164719646
171 327 5308255847237281287
171 328 -6034866640012326682
171 329 7228855619344707686
171 330 8253840583336485643
171 331 7436060826823211760
171 332 6666397973671478250
171 333 -8696147893535273873
171 334 -4218193322988367235
171 335 -8269507370730915411
171 336 7321137300035468334
171 337 742843046854525722
171 338 4133169575564317214
171 339 986127394418716073
171 340 878930726783798727
171 341 512337924388781317
171 342 -119158960186823629
171 343 7419899226881433676
171 344 2566983352572477537
171 345 2916622373035760662
171 346 -2357283977274730561
171 347 7488778824360276874
171 348 8899105056700994641
171 349 -7670182221109757695
171 350 1535019143764496207
171 351 -4421526780582341937
171 352 6990469035849878799
171 353 8333594710450846545
171 354 -2525208329235823058
171 355 -1219450664744044053
171 356 -278828048224688310
171 357 8244804487699353606
171 358 -4067960922411561294
171 359 6917938334365100573
171 360 -5987868929327794452
171 361 284019891994591629
171 362 3133387828314347630
171 363 -2561708025976367567
171 364 193614673119222141
171 365 -1310959612176553250
171 366 -2148286727407103151
171 367 6007348794683122094
171 368 -8891549506017704350
171 369 -5100999242764466660
171 370 4889340069643745249
171 371 -8625883942974735176
171 372 -404045985384165410
171 373 8442909234630104008
171 374 7541010922388755976
171 375 -1045921824499339036
171 376 -4157548334049219837
171 377 -3893743193157143072
171 378 968390348723396996
171 379 3562901897813520083
171 380 -4895907382068529133
171 381 4193840504264720417
171 382 -3163651816909160510
171 383 2114969840748785241
171 384 -554165198032529313
171 385 9097818075679992316
171 386 -3621565817832457748
171 387 -8869789685889865079
171 388 2334364521565163708
171 389 -4379394502365822928
171 390 80315127672975025
171 391 6654858716691755088
171 392 -4371983414952214322
171 393 -6723262951382706693
171 394 -2517467400953881725
171 395 7128924057843042826
171 396 2307941717053021876
171 397 8478344641139434917
171 398 -1552292070984715341
171 399 -4202864810221800624
172 0 -3798625061202033735
172 1 7192562169178033976
172 2 -1234755122831879708
172 3 2541106717827613692
172 4 2370554506654289378
172 5 6649192611700830157
172 6 -2401949513233270971
172 7 6200407137605351709
172 8 6137585369539702193
172 9 -6099422569670622698
172 10 -3199790468637938929
172 11 8395321884228184261
172 12 -4780776303831845229
172 13 -5340565925438682757
172 14 6529082602934840782
172 15 4112944272614283171
172 16 8706088573174725857
172 17 -1337941017242329388
172 18 -4552817217718469576
172 19 -6476000153763665312
172 20 3053933110526435403
172 21 1061256818957719566
172 22 3477325898626670010
172 23 71557345645041115
172 24 -7125846171634123497
172 25 1238818843336778106
172 26 -6670670421402917161
172 27 -7758146788827256533
172 28 -8886539557553919277
172 29 -1853695586871366714
172 30 7765007366020934900
172 31 716192605591862944
172 32 -4952799930977025069
172 33 7202461666367021570
172 34 -2091292684901725131
172 35 -6774856436367802794
172 36 -6060274246722765233
172 37 -1075373128349508689
172 38 -4141808081494155097
172 39 -8889212784824672976
172 40 -1433461961192876556
172 41 5163378836777099555
172 42 4868367217958446840
172 43 -4264184210029398983
172 44 6575907108383677988
172 45 1061506363879165905
172 46 7684737965162764729
172 47 6094034324426089623
172 48 -4173127116425964552
172 49 7505417813727823699
172 50 3932219096543872782
172 51 -2374374717870571319
172 52 5790074425679453749
172 53 -3622029000656984049
172 54 -633882707850175168
172 55 7979466587641600461
172 56 1137734193777514584
172 57 3020882658704479658
172 58 7487577199499561017
172 59 -399842700472379490
172 60 2562285670563969881
172 61 5727847807484987358
172 62 984386654477374812
172 63 -4840501394482491851
172 64 -4035372056606723854
172 65 4979742082733799769
172 66 207774217480183330
172 67 -8783143978909353197
172 68 -6170805611900995900
172 69 2528167627267583529
172 70 1988972560322570075
172 71 -7300197824984991220
172 72 -1805036510730555181
172 73 -5858108272165706294
172 74 6557305179162510458
172 75 3122784739058692316
172 76 5486140400250775140
172 77 5328157664776912176
172 78 2107465757451378035
172 79 3304533953752844016
172 80 -7278614379450652475
172 81 -3624107014335162312
172 82 -4111772883891487439
172 83 -4430368617051187230
172 84 -4627024127933960315
172 85 -6848253160633682276
172 86 -6680915418320016310
172 87 -5706682700391224786
172 88 -5450373700938656288
172 89 7684217379452198465
172 90 -1786835225066909136
172 91 5356232031295392348
172 92 1872679021781023810
172 93 -4633813456229713917
172 94 -6274339794348003088
172 95 -5046754903146223728
172 96 6582158364499421615
172 97 3595119096392652073
172 98 -1701349312569266509
172 99 -8433431874290690655
172 100 100493056262666154
172 101 -3414005565835722801
172 102 -3214049516650736371
172 103 -6329768455179226838
172 104 -9102458678567189356
172 105 -7749327667565143097
172 106 7358859382737658390
172 107 -3480423125362516246
172 108 7616783785011131018
172 109 2052668053794870978
172 110 9026096702532672227
172 111 337213045403220725
172 112 -1040370647010454901
172 113 -5148557761182604320
172 114 4914096195391615400
172 115 -682668864165184686
172 116 3839241597213175338
172 117 6773889072585216849
172 118 -7771527866210192923
172 119 -7618135310742505188
172 120 2882491433208730441
172 121 2578084222883101607
172 122 3518629931435646376
172 123 2385552021290321317
172 124 6488692173192510114
172 125 -5416369394310085779
172 126 -8796111077609261355
172 127 -3125046132713422938
172 128 8253910082120106804
172 129 -4959667961040151008
172 130 3059331655545201957
172 131 -8605521900087383953
172 132 -1082246390407451593
172 133 -4763016024025452912
172 134 -3636110689828382595
172 135 -5468953990507493011
172 136 -5357498863810366724
172 137 -8328831472550174579
172 138 -1155281543163743556
172 139 6374960925593149503
172 140 7988869346383078577
172 141 8851255568330478413
172 142 -7267228462561670168
172 143 -6873246763822959193
172 144 3146783209360513989
172 145 6798222452979906364
172 146 5897233045060155965
172 147 1944478884167644274
172 148 4862928671856730777
172 149 5468035248160820818
172 150 3535866362292581756
172 151 -697821302162407062
172 152 -342009392190388719
172 153 480695305280240984
172 154 -9212328968491952851
172 155 -2019265623041624563
172 156 2447151909189861304
172 157 -632060257389234334
172 158 6439809940974091094
172 159 1754971635581139123
172 160 -6155557379251368778
172 161 -8220234942969424226
172 162 2249821139498711565
172 163 -3440439238199482389
172 164 5339779982632038919
172 165 -8865398175050813277
172 166 4489914177399547750
172 167 2906100648370534452
172 168 -7504504587286385483
172 169 7861274810345733573
172 170 4718013015709851894
172 171 -678857795205340757
172 172 6336351293224912110
172 173 3168574354486562794
172 174 3619993132086165055
172 175 6738825495379009039
172 176 7220961737267691614
172 177 2272035789373112310
172 178 -8235863358938425015
172 179 -8475704899165439694
172 180 1049168604396771332
172 181 6343019176220688416
172 182 -7668236383977093172
172 183 -6218625223289953551
172 184 7457292719300814521
172 185 3585948421122493616
172 186 -1454791713434151343
172 187 387042242871611713
172 188 -6583699105461898984
172 189 7539715796813266712
172 190 -4997598079013336442
172 191 -6819856888657940743
172 192 -2809596761102447369
172 193 5094918712450971984
172 194 -5971069277279840765
172 195 -1539443397115100184
172 196 3610503481464785606
172 197 -1050768137759355439
172 198 8017941961685356822
172 199 -1705972390661952835
172 200 -8223899440743236217
172 201 5101873038469638420
172 202 -595036325970151495
172 203 -4034658714469253513
172 204 -76756871968464497
172 205 -9091909296349050189
172 206 4483193925831136609
172 207 -1970309269571841522
172 208 8624284644464640674
172 209 2392275303994097960
172 210 -605379179330101858
172 211 -8403756846096809404
172 212 2625419847198639720
172 213 -3038509015934020092
172 214 -7122878070842476707
172 215 -3439415371556801296
172 216 2079386642814684928
172 217 1507406023900045111
172 218 7831396682383260971
172 219 8002581456440778996
172 220 -5867273810566565154
172 221 6584900216253519577
172 222 -5977278620678231297
172 223 -4797812795709288619
172 224 -3174550232427136768
172 225 -2634342350590510499
172 226 -8596573079028964219
172 227 -3197130143200913748
172 228 -5602432436046955088
172 229 -4012013326520435929
172 230 -8497895538079663290
172 231 4891046032190004696
172 232 -1927994348147972632
172 233 4020456584683871987
172 234 4699869133944603502
172 235 -3809609161548108893
172 236 8742102017763284202
172 237 -8657565763453689373
172 238 -3489208193464350001
172 239 2168334787018584093
172 240 2611202085076788120
172 241 7110118417187148089
172 242 -4007316030025318516
172 243 -7786205844609196158
172 244 7934986403901992421
172 245 -2150169075372120304
172 246 8025377672383976020
172 247 697333912370407988
172 248 -2483433570635684751
172 249 9148744783235023627
172 250 8758899338228622964
172 251 -3334853608022702432
172 252 1430701447300238931
172 253 880363221927742700
172 254 -2504211546542709229
172 255 -1445474032775048091
172 256 4382023471005618415
172 257 8255340549942966539
172 258 -1741202564888572381
172 259 -1837738077866455471
172 260 3914956942641392478
172 261 -1513680626693538140
172 262 3440920611386584722
172 263 3371805285818974317
172 264 3237843058666557717
172 265 -7894188163499183595
172 266 1436708844167612163
172 267 3671701538842430024
172 268 7262841458032297429
172 269 -3848676252842959646
172 270 392974215173579377
172 271 2332022809547322459
172 272 -6783150437181185347
172 273 -7010288037990769733
172 274 3190503911254418955
172 275 -4645405125562790081
172 276 2347869375986039528
172 277 41746813233099285
172 278 -5289762731795958221
172 279 7828388526244513046
172 280 -2682013593818795432
172 281 4553958018237153390
172 282 -8214812399958124544
172 283 -231362281068246297
172 284 9007815128203190533
172 285 -4375145831739453070
172 286 8268302903991226091
172 287 5582954626716331921
172 288 -4314253263331485252
172 289 -5628194605881958277
172 290 -351304226054022935
172 291 -3493078172946715194
172 292 -2313561959385278304
172 293 49689824758608592
172 294 5482076805714171121
172 295 -4046869317254392388
172 296 -6688274433644823197
172 297 -8719611830682534701
172 298 1855919371315976619
172 299 -509164310996543050
172 300 7915790249489363660
172 301 1819142674955941383
172 302 2973633065469753740
172 303 7154154337087502889
172 304 -3773915417612699475
172 305 7786881229893122061
172 306 4423711642388842882
172 307 1569022021372168993
172 308 -5502718861480330422
172 309 1818729338828109840
172 310 -3259101967130300567
172 311 3318036212521167918
172 312 -2575291514649283146
172 313 -360003860522209750
172 314 -486148894733807080
172 315 5714729639284631403
172 316 -1813820408250768810
172 317 4403547465479968272
172 318 34996571838738191
172 319 -1057957572326486026
172 320 -3622991049490128392
172 321 622476529986059376
172 322 -6074413414833180855
172 323 2837472230009731748
172 324 -2619139619162520441
172 325 -594353397406947724
172 326 4949160312739709392
172 327 -5453006995936297867
172 328 -5874340379935922857
172 329 -6899069970813810846
172 330 8550485532557663934
172 331 7450153326460964679
172 332 -6324497448948135025
172 333 -696580662658347184
172 334 -7482988255458796506
172 335 3026237281688499964
172 336 6324194843518905873
172 337 8084611576622727808
172 338 -8710655586640322495
172 339 -4120213767956251520
172 340 1027651500884893605
172 341 -4264683746556208496
172 342 -926877849060443340
172 343 -8023565516112211309
172 344 -3302209642123037249
172 345 6652930757638456193
172 346 242989340213031437
172 347 1203853303481538499
172 348 -8117329102659338577
172 349 -2318219702351217103
172 350 -771353272105773165
172 351 7616947466210443821
172 352 528548361569343435
172 353 -5889545757575426962
172 354 -8430092805699965271
172 355 4133704313348519684
172 356 8375972993649935018
172 357 -5005336900247756736
172 358 2743673327170509374
172 359 613580324099794011
172 360 4239463650217971838
172 361 -4178595012122094262
172 362 -1355943324973237132
172 363 -534183342170324801
172 364 2543685587431674908
172 365 8045384254019029147
172 366 -6259211428710679842
172 367 7711510670389392054
172 368 -9084296085295929286
172 369 -2703644295961237436
172 370 8134708448288481356
172 371 1233165207751177399
172 372 -6245085655081978824
172 373 8591407475416121121
172 374 1037407637140308181
172 375 -7762131125136247761
172 376 -121045830505571730
172 377 -886807642997852673
172 378 6681586030948514288
172 379 7332053651977025620
172 380 -4744444180382817255
172 381 8585804741048123512
172 382 7360131552098759170
172 383 4133233070005255731
172 384 -1217178940049658667
172 385 -5835494922422558441
172 386 -4740221296229678511
172 387 605843201914851910
172 388 4008161014123183981
172 389 4080477152152708763
172 390 -5919192491617572226
172 391 4068201010373525455
172 392 7283022337812442754
172 393 -2566537304493664358
172 394 8334169174201085225
172 395 6687183469929607736
172 396 262296825557858340
172 397 -8922723082593575658
172 398 -6032453201235142675
172 399 -7537035204943510825
173 0 3154981935024730901
173 1 -9207403287007582300
173 2 4384759698836448041
173 3 7386321895017337383
173 4 -8118124009250209381
173 5 6928570754685924916
173 6 4507433724356527230
173 7 -2671773045153217022
173 8 1398342934287134183
173 9 -7368781565142158160
173 10 7253357586671609830
173 11 547449523640595703
173 12 -1167352664512199191
173 13 -1971381630909613972
173 14 -1280133373275464998
173 15 7298649669246952780
173 16 -2501106061261517438
173 17 162437163999940234
173 18 -5744015797636587131
173 19 8783624424391099444
173 20 -3159829592902554084
173 21 -8868386169675241898
173 22 -4513506181877417883
173 23 6123905497813677776
173 24 -5343544078484974968
173 25 -4821720157464034544
173 26 -6316564942843657029
173 27 838044232793692525
173 28 6170017476958688129
173 29 8631288259578785644
173 30 -1169076977834949912
173 31 -8131207787819446711
173 32 1198108450512181084
173 33 -2417096509795350428
173 34 8227094723148020904
173 35 -2380283316339735384
173 36 -2357486592791572641
173 37 5707369064867241093
173 38 6225187340614857374
173 39 998994255500571080
173 40 7695707089633341302
173 41 -8051579352236016371
173 42 5297970442047380276
173 43 -1162792297617833303
173 44 7457435846635909266
173 45 -7025355330312578287
173 46 -7571374485140826358
173 47 325407936040701496
173 48 5570872563519852670
173 49 -5582820012626819336
173 50 4079147107228460084
173 51 3942174649593694710
173 52 -621226916823595711
173 53 4456367172729048681
173 54 113109949562533245
173 55 -3262094678337601111
173 56 -816029847222683586
173 57 -2815615962872122067
173 58 -725417201176139814
173 59 3992982654983338256
173 60 -2068333701645231828
173 61 6784370413671150796
173 62 -7075164616758318347
173 63 -5858355738019758749
173 64 1839157169289378830
173 65 -4419808826422150448
173 66 -572747135883369622
173 67 4637417925684753713
173 68 -7374479514524925334
173 69 4598376565370817952
173 70 7073741173320293320
173 71 -6919138860367150516
173 72 -4467700817668228325
173 73 -275307754599140702
173 74 3066530696256350604
173 75 7874680267099133726
173 76 -7355504678251441804
173 77 532607424481496646
173 78 7946450986240025558
173 79 5165312799752100599
173 80 5793700730756118978
173 81 -1781651349075229206
173 82 7614057012898780624
173 83 3448520229002690748
173 84 -1690639380011909823
173 85 5566066164712322941
173 86 -1090640654069164870
173 87 8208649757374471572
173 88 -1792431768816314825
173 89 8024708060666559366
173 90 5629553296500084555
173 91 -8382958907460059847
173 92 7271264579016484981
173 93 79508513785999121
173 94 7893999464851017876
173 95 -4130261830367482846
173 96 -1983724538521137891
173 97 -4487352024388622934
173 98 -129515195204263214
173 99 -5231092373742986549
173 100 2354142729901205232
173 101 4094226273527303366
173 102 2775770199834754628
173 103 3079004281039801426
173 104 -7413896858031279138
173 105 -1018195123617993350
173 106 5875414415932516164
173 107 -3902654962854653793
173 108 179770547606930115
173 109 2404497843630570070
173 110 1703724369981501144
173 111 -7437316002045425599
173 112 -8762112369613951172
173 113 5273790714440712370
173 114 7670786702036114977
173 115 680179495522928480
173 116 -3537579759254942264
173 117 -8966450759834734265
173 118 -7672644465122346505
173 119 4981075084108805750
173 120 -939385206829477351
173 121 460493794393017048
173 122 4116940851220671972
173 123 -3745327871816984940
173 124 -8093162295920063427
173 125 -4582290856766086538
173 126 8147937825237172601
173 127 -838021064504334007
173 128 -5953096677069161563
173 129 3192958194528921145
173 130 430253231418970053
173 131 -1222053130595255279
173 132 487370706298860121
173 133 -1950497262514045810
173 134 -6795436259434446834
173 135 2795778498116896337
173 136 7915557005569300275
173 137 3697490908098875757
173 138 -5682859899829869697
173 139 -8269931611444209965
173 140 -6415396008277120111
173 141 -6956882062369431004
173 142 -4987825087327223057
173 143 -7251491109177883248
173 144 8463004105006253973
173 145 -2551388243231497914
173 146 5583047069777959282
173 147 6047959634713806367
173 148 -7120249880543607944
173 149 8880354093913567292
173 150 -8082809390802744969
173 151 -90764997481320474
173 152 -6840117980215309782
173 153 -8825160171946759226
173 154 6125087245688518084
173 155 -1497404989714968549
173 156 7661579958088764278
173 157 -2866271278379603833
173 158 -2695754105852724053
173 159 -7500647946173117675
173 160 891513449942958267
173 161 -3126143546579351294
173 162 3256288081171590185
173 163 -7123648799059308896
173 164 3469098773893179099
173 165 -8539478520334009500
173 166 417856072532476157
173 167 -4883621294493570260
173 168 -8725101885261489320
173 169 4058193090505953515
173 170 -8119081569100281294
173 171 2303660837578956719
173 172 7087580926007503801
173 173 6093918032082298369
173 174 5838795294163397462
173 175 8579542306329095746
173 176 2084064406388470488
173 177 5243075817808410608
173 178 -7366827893410988921
173 179 -7690610348756508744
173 180 -7790816753755266669
173 181 -7678905352236589719
173 182 2266227353578117596
173 183 -7867366680034412643
173 184 -7901990887807673409
173 185 7823862589362446781
173 186 -8478172509944657472
173 187 3143366230177768182
173 188 -775129990808949185
173 189 8325360339750530467
173 190 8816704482261732447
173 191 285495213351253386
173 192 -1650591070987401154
173 193 3125600354272312954
173 194 252009810588829533
173 195 -9121107457960469648
173 196 8748574080288523172
173 197 6505841293087535407
173 198 -6667429063730309841
173 199 7386873643481470136
173 200 1050305331418014863
173 201 3004384332638977409
173 202 8494121055102958221
173 203 -2069398224932911688
173 204 -8674815290194715644
173 205 1245067336691415531
173 206 202162077891452930
173 207 5386502728426681453
173 208 5786294372372384728
173 209 4798795407427137218
173 210 -6996561946129924021
173 211 9090873663991839072
173 212 2024998109878677629
173 213 6202909291420705712
173 214 9187125522529076928
173 215 -3220773482430652730
173 216 8467236621923173981
173 217 -4379171750336240103
173 218 -9046927738569523191
173 219 5975948920395718033
173 220 4499524208793438229
173 221 7170484388834636036
173 222 1708484243424172046
173 223 5500184473593016942
173 224 6267989081816482542
173 225 -7611422374500191555
173 226 1042901108628115404
173 227 -3666076965254201738
173 228 7241160427277139813
173 229 7909653035828226466
173 230 -627720678042869724
173 231 7498459891650295940
173 232 7187049138769714598
173 233 4957372006898241613
173 234 7226760694715872790
173 235 1969251525843428348
173 236 -4248459018529711294
173 237 6629406268256509654
173 238 9169715327819442903
173 239 -8089123410033227835
173 240 7302820909132505846
173 241 1060349036626336985
173 242 7418498138828424432
173 243 8509500279545258647
173 244 7640164516606938833
173 245 -5762044171691632335
173 246 -2714740031713536284
173 247 6795902868666300038
173 248 -1103288843189234439
173 249 1023203624774450567
173 250 -1404226776205529882
173 251 8656050389115502000
173 252 -6974679076151913609
173 253 5142993301065891704
173 254 6751644590291340252
173 255 7093006815301028639
173 256 2551123584486484240
173 257 -7910314675812770583
173 258 -2661857239063753954
173 259 -6270263160093374880
173 260 -242935058619172618
173 261 85804130717066906
173 262 6414661386067548955
173 263 -8242107146356470750
173 264 466161726586030492
173 265 3641184710426565874
173 266 6501346360390091282
173 267 8532925782473325517
173 268 6458237725915755432
173 269 -3358066390535836708
173 270 4821107460599264067
173 271 -7832773116464840445
173 272 -776187159954820683
173 273 -4161419229375052820
173 274 1321279488433368155
173 275 -6210316834313559428
173 276 -7431982448333299779
173 277 -1608517409737317546
173 278 -7952278547786811697
173 279 4521279876925216393
173 280 5845160962727142124
173 281 2159759579078205596
173 282 4975322214949175535
173 283 7559490309371688164
173 284 -3605479659836177259
173 285 -4372071721371451866
173 286 -592251497294362628
173 287 -1681614274709610168
173 288 8393652626017899273
173 289 6489376171336774741
173 290 7359297306349096507
173 291 -9062069375317005344
173 292 -3464289336314150592
173 293 -8485594982279046447
173 294 -3451548371492948344
173 295 1546567219269376787
173 296 -2932353770090793133
173 297 8968738871235259594
173 298 -414436992031932285
173 299 -6226039367776372316
173 300 4577690884486873644
173 301 3162998927769649207
173 302 6856314810599194997
173 303 3342396678565056206
173 304 3153129551674293496
173 305 -4406993414614401819
173 306 4208192056033531826
173 307 8764816214429489913
173 308 -2899144747215955098
173 309 418657880279109850
173 310 3159766353129310783
173 311 -8920435697563365855
173 312 -3548872907911674368
173 313 -1059214127748410619
173 314 -1914642989095599182
173 315 -8576838003254416170
173 316 6794595545159656805
173 317 -6785229459288387836
173 318 -3831038991074373500
173 319 -3988931841844623854
173 320 -7255578924427661152
173 321 -6621941663452977087
173 322 6724128822289337048
173 323 9198160315662889539
173 324 8583082927206548096
173 325 5541952224093669930
173 326 5716341649092934814
173 327 -4579074169072856461
173 328 3067011555780499214
173 329 -7028780153021697933
173 330 -499663408939154805
173 331 -6752683412370813905
173 332 5656476379614783003
173 333 6863476495398174380
173 334 7708708044270859614
173 335 -4034871322145928105
173 336 -3055097714837812138
173 337 -127479384191819821
173 338 4520263295497107603
173 339 133060541417195188
173 340 2201669011422690857
173 341 -627983261217886251
173 342 -7647527270801017636
173 343 3146063704574426331
173 344 327329860039115131
173 345 2704823477913761953
173 346 521303541228219459
173 347 -4332900484636323288
173 348 -2729020412933807584
173 349 -2434033482569507390
173 350 6511649659637689853
173 351 7546707483450664356
173 352 3022248591517548466
173 353 1263438389191036434
173 354 -101238170049635133
173 355 6019868793442781221
173 356 -8162932978729861724
173 357 -2794154505363363642
173 358 -1380844207018847664
173 359 8529971019803552402
173 360 -4885613272516718677
173 361 -392099664858802940
173 362 188148212863281999
173 363 -7307534377744296807
173 364 5681654231797166886
173 365 -8806354023126242041
173 366 -8286352691403434220
173 367 5075160085735929092
173 368 -9182834678636625038
173 369 -2546788125066565368
173 370 -4352582181699173039
173 371 2123025300852972448
173 372 -8679445376357222046
173 373 -7655505059264012170
173 374 -3985582703018109792
173 375 1709221229885827408
173 376 8710680473072966207
173 377 -2115516272703205852
173 378 -2227929340181747109
173 379 4655565605924592045
173 380 8293603147983835617
173 381 -9198194712435914480
173 382 -6913125956657121406
173 383 -193385309327686741
173 384 -7557781097333068628
173 385 -6741052921310664125
173 386 486099493583410271
173 387 -4542810248114173377
173 388 1405549245507869974
173 389 8616581590347892120
173 390 -3490970473354503808
173 391 8886290434802375871
173 392 9112569272521879335
173 393 -8495312358152370664
173 394 7823724575250482201
173 395 -1334153004993040140
173 396 3700874511236883666
173 397 392652354312207003
173 398 -2235847822620142682
173 399 -1576483014956408529
174 0 -175310649623646621
174 1 5248413925791929822
174 2 -6239314162504545733
174 3 -5885479886527158722
174 4 4475070670926598077
174 5 8174292061495454106
174 6 -8132058904144888711
174 7 -7264385237593566762
174 8 1067429755270307549
174 9 -5234365429202494398
174 10 8721791695819073753
174 11 -3517699102868346470
174 12 1610047492064782052
174 13 125665895127050354
174 14 -7329016723295231125
174 15 -5507641729020728057
174 16 -3407207793990149495
174 17 -3099903465061563688
174 18 6478394405905731119
174 19 2521937354031835709
174 20 7232946824190582662
174 21 -2058528420931016427
174 22 -2805954271393874504
174 23 -4420060781415014128
174 24 -5752020798649394609
174 25 -1621451021021470987
174 26 -5733704618299021008
174 27 -7492710680492336528
174 28 1023989099535497489
174 29 8365064169251772419
174 30 6952940123023483811
174 31 3837917786142457826
174 32 -4171480555531875306
174 33 306101262468611513
174 34 360629700831688604
174 35 -697900338419709547
174 36 2051124728835113033
174 37 -6429729474344433336
174 38 -2981173545098085255
174 39 8072655943267287038
174 40 2895625286283946734
174 41 5845370466852673869
174 42 -6669073200496823334
174 43 6302762406434900486
174 44 -4374967355081911543
174 45 3152880118786332615
174 46 4766103272600862320
174 47 5568627198991766593
174 48 -6110024336156460990
174 49 6683186067055993907
174 50 -1290015353717256126
174 51 6662715826250929426
174 52 -8170131756718078722
174 53 -3903918667610738678
174 54 828420802525359627
174 55 -6944709400708532873
174 56 9005286884412012602
174 57 7041367595503089489
174 58 -1722941695525643320
174 59 -7059369608179113599
174 60 -1180768665790876935
174 61 1242920613359473276
174 62 -6925532944885329592
174 63 -768408892343698067
174 64 -6321720404081499105
174 65 2015723914758492852
174 66 -7611903557911249504
174 67 8027028342070351143
174 68 2887622184106683103
174 69 -362110387933067341
174 70 6661991461968626579
174 71 6714345394787674643
174 72 -1365409418363291729
174 73 3455820170657989521
174 74 -8863254436009073417
174 75 1759527690279850962
174 76 8480201934896165976
174 77 -3460941051695410916
174 78 1209442874543044787
174 79 -1752072479374688211
174 80 3550322327732067421
174 81 5641946251990402741
174 82 260724868910041620
174 83 1241233833413176878
174 84 -8874083334636580168
174 85 608002381531655879
174 86 5439545259552329447
174 87 3452282054228497578
174 88 -6085132125574648631
174 89 -1475146926113674021
174 90 -3338680561111691740
174 91 -2998718108367686235
174 92 6124561493169279380
174 93 5902050530044621889
174 94 1457278112933111679
174 95 8991688183688693297
174 96 -7292233572859837489
174 97 -3549156816391347282
174 98 9145208532365024469
174 99 -9051391268395065821
174 100 -3623215490078609916
174 101 -3293726745478030219
174 102 -786910442157548425
174 103 -1208314638690571142
174 104 4079413349777274066
174 105 -5750582073831356422
174 106 -6813278893763344282
174 107 6572250462378032592
174 108 -236885334134995019
174 109 4612829423990500086
174 110 153145571072012865
174 111 9050208071604949607
174 112 4193117526515832561
174 113 133360798559162745
174 114 -6659983189385384124
174 115 5081837832665696991
174 116 4676656315878522127
174 117 9016374137748903988
174 118 -2069298095643773869
174 119 -7079880191294391544
174 120 -4878192187832827653
174 121 2967567036944923015
174 122 -6341792878466742668
174 123 -292382260852706430
174 124 7761467380803217450
174 125 -3973684327145480196
174 126 -1520595359434003501
174 127 495399787202181615
174 128 -8526158068449191824
174 129 -1021556988002405237
174 130 5193836896629694484
174 131 -2479506541351930499
174 132 5703222012144115383
174 133 3062197547469542155
174 134 -3494038674824836108
174 135 1035497191523818196
174 136 -2642037410184031628
174 137 -1064065468487026309
174 138 5311095338291309900
174 139 483990970044289046
174 140 -8646449428526199529
174 141 2384674201332644422
174 142 -8989801082802306651
174 143 -8059598952494587806
174 144 -3717258425779499427
174 145 6179887567881959292
174 146 456776228762584638
174 147 -3991426562338456424
174 148 1705873466478495506
174 149 -8472679169659502732
174 150 -7726790498803606326
174 151 -2720846166831916742
174 152 -549754784488312371
174 153 5824462915207957433
174 154 -2183297429925767123
174 155 3678463556347533793
174 156 -8264063807811483292
174 157 1738299977731774374
174 158 -5902625085627929969
174 159 -729323107051552451
174 160 -1812713547891088097
174 161 2757685023831647648
174 162 3441971721376397321
174 163 2891358517452407222
174 164 -7241062547810298046
174 165 7527585449249693113
174 166 811698811293522581
174 167 270842102572036547
174 168 7925997454716374968
174 169 -1729478717674207486
174 170 -7915986823258067169
174 171 -5242416683160785358
174 172 8752722672427849137
174 173 4873239593819862228
174 174 5594111071668757080
174 175 -4015710581272849567
174 176 -8425113997560687571
174 177 -1194144155328213521
174 178 5147635883120133927
174 179 2599584421412683417
174 180 6735493629608594333
174 181 2628867313480956880
174 182 4250217553385534596
174 183 6977053987203290123
174 184 6294792461629449973
174 185 -4369243164087068449
174 186 2000595801847508454
174 187 8050820543706358756
174 188 -4883826286969482259
174 189 2714637849888395353
174 190 -6933689256342822894
174 191 -7389717694120246516
174 192 -700567062669711222
174 193 2582708041669934672
174 194 -4116660868364088771
174 195 -7707638125827383580
174 196 -1637826003768405745
174 197 8095560983200262928
174 198 -7263695130495034106
174 199 6356162775267229364
174 200 2077026939673760357
174 201 -9044372863699738973
174 202 1226758249595933946
174 203 -4721107073632680430
174 204 -6225503451440763983
174 205 4558544445235865969
174 206 2691646473614071640
174 207 788721573729945902
174 208 -2028964478521014783
174 209 -8145846022650154405
174 210 1884578618663984543
174 211 6129379996170483598
174 212 2990600189953298766
174 213 -6012032319068099368
174 214 -5263592723903832872
174 215 3958763158639722462
174 216 5663317644945552455
174 217 5739796399082024008
174 218 4499489550490590153
174 219 -1105785494967433024
174 220 -3692272891014471131
174 221 1370327365279022390
174 222 -2813834013626878132
174 223 -5360481308425568352
174 224 601238244395329061
174 225 -7846697309759159137
174 226 -3537332640024867203
174 227 9141713206392272435
174 228 -2606100916106617136
174 229 -6394497935251515260
174 230 -4087155572444518577
174 231 6846501312357977487
174 232 -2206502766554284778
174 233 -999294737881858665
174 234 7911417190568145255
174 235 -9079142922088628209
174 236 -8880541265266032410
174 237 -7368409261840510506
174 238 2511372439577669283
174 239 -3202475130366747920
174 240 -7465444849762471467
174 241 5059045733008842931
174 242 8739702674338987697
174 243 3937233796469358706
174 244 6368959768868878484
174 245 -2525479833747936287
174 246 -6739938630727122456
174 247 -1785713395204380830
174 248 7552184522294813976
174 249 6067685954428977166
174 250 -1965939404670022204
174 251 3026231751949492326
174 252 6812018720280314516
174 253 -5997175347407624553
174 254 -2287746802672227272
174 255 -9098258445942908366
174 256 4726338758818867092
174 257 4177853945143047450
174 258 8711075929732785280
174 259 -4886326720778341412
174 260 -8421304212785763328
174 261 8159921632995114061
174 262 -4678780846908059919
174 263 -565329488896562330
174 264 4816041997584518018
174 265 7620774172737677845
174 266 8659924721210368690
174 267 -6151273798528631803
174 268 -2666679834156618871
174 269 -1273615890643135143
174 270 3033697938349147420
174 271 -5825338150943043805
174 272 2000672101938490429
174 273 3426908267528383328
174 274 -5774811407196798424
174 275 -5361754785415559799
174 276 -2477638388235860681
174 277 -7986327405579701415
174 278 -5199305857330452304
174 279 -1191960770576038201
174 280 -6858390554275965544
174 281 -6560770163736353885
174 282 4578036044707430752
174 283 6418813001108522842
174 284 -8920560352309932238
174 285 -2024494519443530444
174 286 278418215139699962
174 287 3889003525375656434
174 288 -6091166633821323365
174 289 -3285512284211058085
174 290 -7860738023782504599
174 291 -8705206675970577542
174 292 4648196317924121704
174 293 -6725953921270473506
174 294 6111605167018423231
174 295 449791667736201253
174 296 8349889093652391415
174 297 -8210174177526117556
174 298 6230184723097447352
174 299 1106168711238578120
174 300 8654449347688087357
174 301 -9216490832846332424
174 302 686057125922280181
174 303 6234383260218160467
174 304 1897337346787525939
174 305 8580133429434220143
174 306 -7794080245773662214
174 307 8732360090227535279
174 308 27968730659385434
174 309 -1804642870477319265
174 310 -1177010295680454459
174 311 -372862826265242005
174 312 -4089339049182581202
174 313 7869943406732094008
174 314 407169346671049778
174 315 6093055390494440040
174 316 6404139648155901152
174 317 2993920783430749880
174 318 -6261047341580201370
174 319 -2814134519399333138
174 320 2220785559061161881
174 321 6147485064286076331
174 322 -3736343730663190689
174 323 -7126161793999489400
174 324 2714378473405480802
174 325 7377098980365602068
174 326 9011122126695579688
174 327 6134140289526632819
174 328 -1486517431240518235
174 329 -1756417041968060686
174 330 6611668354657582162
174 331 -6527892876030807911
174 332 -9115403781627304075
174 333 -2785824274042680643
174 334 2243900137716575499
174 335 7329072703609725638
174 336 5938158694842146274
174 337 101900929540026859
174 338 5935973624011336627
174 339 4002730201688879907
174 340 3162995241822822971
174 341 1527469558623864393
174 342 -6237854222572606283
174 343 6246010267215567713
174 344 5965756814885232076
174 345 -7775610489269627660
174 346 7252641484154374186
174 347 -9150756846690247752
174 348 6719580220546453038
174 349 8788379604576106784
174 350 1013601977426784166
174 351 8530296359868659276
174 352 -3642385274178662772
174 353 -2390338243362975392
174 354 -5821828260359958162
174 355 -199829807473722206
174 356 -6597753620458938142
174 357 -5137020383621404260
174 358 7901217301634528583
174 359 -8381989746851752771
174 360 -5787329424322408770
174 361 4627734892344079778
174 362 -3778937707180302082
174 363 8301459218658779406
174 364 3432946258338299890
174 365 1436716084414155014
174 366 -5885782474552395868
174 367 -1799516258445829108
174 368 7149868706756464930
174 369 1223162577576120616
174 370 -9052214338768393582
174 371 -1665686004172361053
174 372 2435771636548645478
174 373 2698539866516968069
174 374 -3650881009576302513
174 375 3515673989730339573
174 376 -8373868881233640394
174 377 3299716852431409626
174 378 -8656607468727200950
174 379 -7954708618563695309
174 380 -1984715201235876118
174 381 -4905122670497043045
174 382 6638321790116195007
174 383 7107544389835732523
174 384 3947833807774962043
174 385 -6461354991468427397
174 386 -3432757576753947561
174 387 3582669744255736548
174 388 4455969220430672645
174 389 -2617177715041712880
174 390 7958973797551785407
174 391 3160750436202367625
174 392 -7441492648514948611
174 393 4470899744620102912
174 394 4992440537466039195
174 395 2816591550792994895
174 396 8894548084224195592
174 397 -3431233390358317663
174 398 966953571066456347
174 399 -7486630339144157000
175 0 3604221481072296400
175 1 -965115494033287180
175 2 -1284302554494380146
175 3 4360752881978344315
175 4 -651512137120505816
175 5 9204676441245479086
175 6 4422674837894078854
175 7 4394290571306404786
175 8 -9075511235436315299
175 9 7166487126725669120
175 10 651403113088215177
175 11 -2523502876418398717
175 12 8518411904958489471
175 13 6233007339853117748
175 14 3880541839211152404
175 15 -7329273039261162474
175 16 5430678537007654172
175 17 -5795446633040235380
175 18 -4010632140751165720
175 19 9167061361798192150
175 20 -8782183059687922823
175 21 -5232450325103387588
175 22 -2854351692279387276
175 23 8592784001667609434
175 24 -2855741000945776106
175 25 1456375664472996661
175 26 -5195350051797660291
175 27 5042925637188711978
175 28 -3035029375437767572
175 29 -3644653755722824665
175 30 3619814867343388993
175 31 2888184976873608305
175 32 -7306028373955680727
175 33 -333309809203279307
175 34 7455619239715673602
175 35 6870195767486717874
175 36 6689233781907605023
175 37 8064830662185940484
175 38 6462159213743626427
175 39 -186127502481520289
175 40 -466317998764204390
175 41 -7083796611090068872
175 42 3661001029146690338
175 43 -5096132030595783056
175 44 2579636758456983221
175 45 6077052266656469603
175 46 -1781333730878512656
175 47 -1634369271201557203
175 48 2792532386861207544
175 49 -5431756005737451956
175 50 -7578677182134828262
175 51 -7139896288089343028
175 52 -6550602465762761583
175 53 -2098908854404007258
175 54 -7127853418489675590
175 55 6597971525044770377
175 56 6719384286881689725
175 57 -1472383648189987874
175 58 -3672228942940521833
175 59 -4755097476305225714
175 60 -8686440683704195111
175 61 7133599887612948983
175 62 6383367043239033326
175 63 3619609624728179113
175 64 -2798460624562402692
175 65 8109320483038307148
175 66 -8142008517269015339
175 67 1574267011459543283
175 68 7705832439621765389
175 69 -7144840113173664445
175 70 2089363308375381159
175 71 -512682301435629535
175 72 -1363894247050564670
175 73 -2463932751273045907
175 74 8573637673644993961
175 75 5138617874353437682
175 76 7377948203601133086
175 77 9206101666641073662
175 78 4049467357242690068
175 79 -7742908947291406304
175 80 -7388783227774223500
175 81 5071783764321331047
175 82 -8495067909074746896
175 83 -1880845673441992021
175 84 -7186467442452810401
175 85 -4232965141138947855
175 86 -7430600855911283052
175 87 6587721976365200652
175 88 -8559838025344132709
175 89 -4884938248975672164
175 90 -2487783694054080770
175 91 -6932654343004382042
175 92 1566016739573060482
175 93 -4333458643388093674
175 94 -5148624911115105305
175 95 952103962350697459
175 96 1280443540233388343
175 97 -8917264726317941240
175 98 3859735007229924468
175 99 7319980269363576320
175 100 -7469015649311004904
175 101 9106129292953798795
175 102 -2868928317394954182
175 103 -6921300008762965049
175 104 5747391443065394870
175 105 3309206970681689217
175 106 7373925626387084407
175 107 -6765253328076386
175 108 1983203971875263994
175 109 -4327322841711595718
175 110 7123032007842426256
175 111 -1650544816649236496
175 112 511867331311127029
175 113 2138803127358151794
175 114 -2236824108046222167
175 115 -3135395279447010650
175 116 -8538850324149018474
175 117 -4437925639058394618
175 118 -9101906355264106275
175 119 5903440496466290646
175 120 -637900049694292994
175 121 -473403027387594757
175 122 -9003650225769435547
175 123 -4153868781061718403
175 124 6051621447999721432
175 125 -8803285869568708457
175 126 -4072141639644251412
175 127 -4946931437721779101
175 128 1158059115285153029
175 129 4635979431292729257
175 130 4370410562983984021
175 131 -5117746339381304741
175 132 7312427482378935238
175 133 -4072172245756513813
175 134 -1570760306693275542
175 135 -2117791278598244856
175 136 7564845888659266891
175 137 -7721755671856709926
175 138 -2552198568496730754
175 139 -2633521971987682964
175 140 3718708503314302849
175 141 -6545713443760999166
175 142 -8466289499294623813
175 143 5783050088451702730
175 144 2435316146973901385
175 145 -2269957154760179323
175 146 4847084387489284852
175 147 8714666101036647716
175 148 5833908801127961309
175 149 2233530604052431591
175 150 6568753337023112063
175 151 -8676953863772787909
175 152 8923542887563348096
175 153 -3055392334076817180
175 154 6002773239855587497
175 155 -5657820219364771626
175 156 -7351794780718437845
175 157 1008831578090127828
175 158 5818923779667207499
175 159 7975682595776836710
175 160 5244758081104039712
175 161 -47510062497043165
175 162 8971475925288758275
175 163 -8034067711716627673
175 164 -1139420369605614726
175 165 -7057534359047290858
175 166 -5907732098168563343
175 167 6711449923569299965
175 168 -2025151070350134307
175 169 -7630612026024990389
175 170 -4170069256758605659
175 171 -7358102090919693511
175 172 -5647135624112609933
175 173 -1251488943498103697
175 174 -7694692614492594775
175 175 -8223329895627265590
175 176 -479117913873577984
175 177 -2344680820516499768
175 178 9027634132672090914
175 179 7468164470635969419
175 180 2607723114353439544
175 181 8651500320646441687
175 182 -3951716590267164132
175 183 7642725506263398420
175 184 -753271554433609171
175 185 6279669739761762278
175 186 -8948129509809010439
175 187 -1949878084729196032
175 188 2134160523887091808
175 189 8364622226798813807
175 190 -122592546786468483
175 191 3608515481882343133
175 192 -8701186764347085359
175 193 442291841883339374
175 194 -1652078843064124512
175 195 1171740429295325458
175 196 -3847610840524941879
175 197 -155936909760384311
175 198 4482914550836738396
175 199 8987800086424440421
175 200 -2684259229789986700
175 201 -2524970459113007378
175 202 3533419648373108820
175 203 -4309867730394725690
175 204 7049106975028041070
175 205 233909976572968963
175 206 250784007779619347
175 207 -8320244951323362764
175 208 -5786728591146976353
175 209 3612072590649369570
175 210 6632742022478816074
175 211 7747777812530763993
175 212 -3479444238694601319
175 213 5091389786812031876
175 214 9157543229822022884
175 215 3656380982340589977
175 216 96996075067120872
175 217 -2595724196992166567
175 218 -5636546599811127911
175 219 4650129646933048244
175 220 -7017376125565797366
175 221 -2589622854493651174
175 222 -6116844580665714694
175 223 2884753265929987168
175 224 -3648325170680299012
175 225 -2258659395009907978
175 226 8045681268871130047
175 227 5428764030596927717
175 228 335953638170945935
175 229 -214499548851985504
175 230 6623590195362593942
175 231 8609768247251586209
175 232 -1988284716256508877
175 233 -2159140557533727451
175 234 479902859195272522
175 235 -5971810898868196027
175 236 2383314945760478813
175 237 6118912315056691393
175 238 5500899330520526162
175 239 7134122179288573285
175 240 -3343825796411744103
175 241 -4900412771420108735
175 242 -8117477617393781636
175 243 -6194985219743226985
175 244 -2918086163615064674
175 245 -1096226944299089390
175 246 -4120969988657816176
175 247 6805072043615867485
175 248 355699980791215662
175 249 -8160116223611927443
175 250 2349935652278231415
175 251 6060419505798497793
175 252 -5630903995066260516
175 253 5938780237692726856
175 254 -4749204384895204552
175 255 -451792035234576892
175 256 5654148995956699808
175 257 -7763861586974238152
175 258 -8651124627772655220
175 259 823772315568923496
175 260 7795780165577306385
175 261 8898025676385064049
175 262 7939501853584341499
175 263 -5978230914064225703
175 264 -6044595188563888940
175 265 -808214310826051009
175 266 -4216681769509190052
175 267 5928668997128407073
175 268 1955665972090728032
175 269 -5609945201414183607
175 270 -2730213030847325219
175 271 -8104706686455998094
175 272 -853085567669534508
175 273 2915720604580156453
175 274 8947474230898266993
175 275 -4488376971579260180
175 276 -4281553203815291476
175 277 6768303815272528597
175 278 -6793899994719149514
175 279 -8641692757047283
175 280 -3175380021826703276
175 281 2796236240742656750
175 282 579971250513737629
175 283 7849088322638764989
175 284 7530546345323406034
175 285 -7929591015372987808
175 286 -1730891276458873890
175 287 -8968367482569053420
175 288 4981569271523980176
175 289 7736760862000727538
175 290 -6227547258131481634
175 291 8377611479848392091
175 292 112653802591061011
175 293 -2540853598418960539
175 294 3783369137713818105
175 295 -5011734033860514583
175 296 532172632402141232
175 297 1479325257352144064
175 298 -3491279409587987353
175 299 6078868812235672489
175 300 757830128971627582
175 301 1488034320928394858
175 302 -8750990091339547237
175 303 -2716448069403804438
175 304 -3011749388975841895
175 305 -3676125844387671053
175 306 803692073931804510
175 307 -3297227303829893032
175 308 3327596925708320815
175 309 -4134627701361553460
175 310 -636033386759626518
175 311 7331768118695296311
175 312 -9217237799425927467
175 313 5490897325624755003
175 314 -3457801875520967939
175 315 -821718821276250124
175 316 -3135658655371562132
175 317 -2054287458773423838
175 318 4915755200285933303
175 319 5474252007762710802
175 320 -1786552614073279279
175 321 3585164834244789232
175 322 6846859617413024630
175 323 -5421433816607617052
175 324 -1310064883521431853
175 325 -3924432467127871013
175 326 4247031264277431886
175 327 -7631296078273188958
175 328 8925914839553586872
175 329 7148211722506340285
175 330 -4721037685115851568
175 331 6184996066417353703
175 332 -8292390008808636996
175 333 1215325428788447042
175 334 -4366566949191453220
175 335 8412462607336259680
175 336 -4560709925435313499
175 337 4444982896721577049
175 338 6471268197535143700
175 339 7393674126632767667
175 340 3376677580607355069
175 341 -2521371807580498956
175 342 -8088258498634808755
175 343 2209130012259809821
175 344 8656138557258988764
175 345 4755337517475595373
175 346 -863094928579544490
175 347 1032879141458348215
175 348 7054073490857660112
175 349 -7638097247155885910
175 350 3907557978685537855
175 351 1217927417901509953
175 352 -8352680330427389230
175 353 -5848188920507269502
175 354 -6573488166511664244
175 355 3298490674679340771
175 356 -4690632267492043591
175 357 4926156385814425989
175 358 -5774744296201806674
175 359 -7331407538574214517
175 360 9165010727272958892
175 361 -2155963530249273634
175 362 8182363216937740873
175 363 -8585575642940716074
175 364 -7175974772797638297
175 365 8804970040543493047
175 366 3354150748488577171
175 367 -5723368977622801498
175 368 6459454788162424761
175 369 -8870644224980404767
175 370 -2073456954822941116
175 371 -568805092307918601
175 372 -701223644937115650
175 373 -331184451988626220
175 374 5557075103085684561
175 375 -2057544169060386691
175 376 5478479230011390050
175 377 -6548709955771583770
175 378 -5510458491576339700
175 379 306195508579733546
175 380 3816739793428878276
175 381 -2574598809015483236
175 382 -2422109517909077840
175 383 -1539141943382402369
175 384 3344126746876120046
175 385 -8212848858639664694
175 386 7906447292099193680
175 387 653414421075453031
175 388 -6047180119070042188
175 389 -2785161696801468584
175 390 1688887338103114867
175 391 4277863961925414008
175 392 -3348556536509607042
175 393 -3117136568465100959
175 394 -2432005293580000538
175 395 -2961464318606628658
175 396 6860314466084242745
175 397 -4911769976026126113
175 398 -3371169329829246122
175 399 8043534525062804521
176 0 6026657579176526601
176 1 -762235773297112645
176 2 5826622289132853183
176 3 -6795932077498651353
176 4 -3419500079092380296
176 5 2231732616945011298
176 6 -6237917490307617885
176 7 -2062898228664466614
176 8 1089673189088165061
176 9 -3062567480504014137
176 10 7937568576246540634
176 11 562274434167856414
176 12 -5965469472556939800
176 13 -7941897455322518261
176 14 1756129821517560721
176 15 4448194418858634491
176 16 6010251860723293402
176 17 -700347049902629181
176 18 1117331263389894046
176 19 3946351839242739747
176 20 -7399551768763618943
176 21 -4323851834322542821
176 22 8096092299345743479
176 23 -1592210036803058699
176 24 -5792167167798459464
176 25 -739470055945089042
176 26 -3263846240669630225
176 27 -980492640190216655
176 28 -8619969445344247422
176 29 -3214563756749828661
176 30 -7730337968236635519
176 31 -8193454089870729788
176 32 -8197370815323137025
176 33 -6237720306334733215
176 34 -8197334825634217233
176 35 -8489315588397790976
176 36 -3926604375387031644
176 37 -2639385087539396468
176 38 -8691544442210859552
176 39 5245043824074284038
176 40 -4003266629291706737
176 41 -5653275356490567379
176 42 -1582300207914584703
176 43 -3695708203291967281
176 44 -4008337341702528624
176 45 -3802017571784350577
176 46 -4566607055572913546
176 47 949414325332247398
176 48 -754537657935363540
176 49 1438241243950715517
176 50 39709171764215799
176 51 -3377297393120541644
176 52 7085503346787355915
176 53 -3764901964755244980
176 54 -2471792494092508252
176 55 4694379059704821759
176 56 -7864451311020415532
176 57 8043525603439641068
176 58 -1360495383741699763
176 59 -4849973121710527370
176 60 -7955659506897892969
176 61 -1751786930743207078
176 62 6035984844416909910
176 63 6570339443408366423
176 64 8364561133210872177
176 65 -8992204911035429417
176 66 3595681656967729062
176 67 8009363152796785901
176 68 -7720905062821576149
176 69 2245205903724516888
176 70 -5755676279825950658
176 71 7593962525296155268
176 72 -6770837078703207998
176 73 1398034199593223404
176 74 8262088490180098024
176 75 -4417289864325085187
176 76 2051786383129755652
176 77 1852985445746596829
176 78 -8603456934137572934
176 79 -5824368895306600547
176 80 -4935488641441355180
176 81 -4160998332996997512
176 82 3810656666255286054
176 83 -7614628314547473489
176 84 8596157597935199065
176 85 -2427758031003759935
176 86 -270629691347791927
176 87 5829045007453000136
176 88 2645695957010893233
176 89 3996868841813628984
176 90 7441150696125712615
176 91 6928885120206406863
176 92 -2951727494769648662
176 93 -4653159455090636150
176 94 -6717017032402705703
176 95 -1330483859074604822
176 96 7887690747243496308
176 97 228468568665373598
176 98 8483330905650333795
176 99 8609479064832678111
176 100 3865233247111970527
176 101 -1044933728579870862
176 102 1698371146732088534
176 103 4032727178811295382
176 104 -2064454105641189352
176 105 -7124711397185393905
176 106 6354512123153126094
176 107 1449923005241651684
176 108 765740207468827004
176 109 -3675407070436857413
176 110 -3280878330037132304
176 111 7132056988990145135
176 112 -282816429033728390
176 113 8469808797867448353
176 114 -2497362234750983454
176 115 4362196369401830752
176 116 7268673880912373400
176 117 1282468237302507299
176 118 1901475510713826025
176 119 -4126774062169825177
176 120 3534105577217520021
176 121 4222891815286931072
176 122 5478817418608016458
176 123 -6140329643135659042
176 124 -8328525113562227744
176 125 4954389080550818452
176 126 7792869991838918828
176 127 6505116140007383295
176 128 2156968956823115508
176 129 6119535261762806769
176 130 7757494000933045128
176 131 5302186099868383522
176 132 5899915635191264685
176 133 -2107076722475332885
176 134 884277653679236218
176 135 -5317844779582691695
176 136 3029960156221133394
176 137 -588505098960819149
176 138 -8575110758344471961
176 139 1578325971411418558
176 140 8961611034266265307
176 141 -7343011353221819427
176 142 -4137260458500494939
176 143 4438363156914175471
176 144 -8160606377044650194
176 145 6979439126823885124
176 146 1016085522907610096
176 147 8295502490369823264
176 148 -7836984543221350857
176 149 1782649797984788657
176 150 -1286132210788453525
176 151 -7400071284610042675
176 152 7101108808017323935
176 153 -8278402222127071785
176 154 2672101834008637490
176 155 3758811975784662893
176 156 -6419460567678570700
176 157 5064110495971352523
176 158 2458347723261704487
176 159 -5147441233049007517
176 160 6033756976967878709
176 161 -8853162480644610746
176 162 3824077589769813761
176 163 5732172870983995238
176 164 2409524856932480516
176 165 -577166933651637428
176 166 -6109988248953304149
176 167 -8660088707252282815
176 168 992058976303264698
176 169 1956131975020595767
176 170 8304986425458096295
176 171 4301849069175836137
176 172 -5709766905694247745
176 173 8101707194298210862
176 174 -383814291708307536
176 175 456103278155388162
176 176 -3957093845646833479
176 177 8226443285855397630
176 178 4495607264518197270
176 179 -1172176859353721322
176 180 -6189234272618119524
176 181 8397601655082783775
176 182 7634443305056969080
176 183 7133036550834975035
176 184 7918004915824156520
176 185 -1270611912426499500
176 186 -2636622279756393900
176 187 2399891547189785519
176 188 -5688777205948104568
176 189 7999742497491515072
176 190 -4626401666842963665
176 191 -3504979984927543305
176 192 -5005909395826689652
176 193 4852476817490287351
176 194 -4194716620567510356
176 195 1197489850209399658
176 196 -466463327552826490
176 197 1919724842012292328
176 198 -7511822332554446018
176 199 5458835981648600565
176 200 -5602464638047476560
176 201 -4520757311637598296
176 202 4567277937443980321
176 203 537737774469887632
176 204 -845551275174958030
176 205 -7959962005567801910
176 206 2343569384462415055
176 207 3288354892789864620
176 208 6854090767609043060
176 209 6456531266728667650
176 210 -6702158086246241142
176 211 -3911375483547064228
176 212 -1547592217223855771
176 213 -3094018593675911694
176 214 -8296670570044577795
176 215 -5730117572808485543
176 216 3424443188514631791
176 217 3415790491905260680
176 218 -1464609981425331709
176 219 -2860627006647195667
176 220 -5438858707628888913
176 221 -7184860623813011037
176 222 -8986160205527613029
176 223 8569610747558058195
176 224 -6640905837899617051
176 225 -7161618866430102405
176 226 -5778516192428316024
176 227 3666987549844515249
176 228 -1097116573585899264
176 229 -776808365019372695
176 230 -4374949544455849610
176 231 -6811713210210998062
176 232 7699704639369203185
176 233 -5551781700637409802
176 234 -6783674048929679298
176 235 6909608996381543487
176 236 7709086545937497761
176 237 8542414155915876511
176 238 -1378055167733787508
176 239 6003565444569962161
176 240 -6411076302138509913
176 241 3720538554881215293
176 242 4881988293313231798
176 243 5099066868506463940
176 244 4274205582010967344
176 245 575225293613552354
176 246 -7407809027332779927
176 247 2474402716680636206
176 248 -3934262584016909919
176 249 48685229169212175
176 250 3130456480511979883
176 251 1318440865166793835
176 252 -4783675618058144005
176 253 5241902997196335608
176 254 1451863446530213930
176 255 3360659437396885011
176 256 -726289589888340750
176 257 -6273497431435361450
176 258 7851708485832916795
176 259 5916677292516476450
176 260 -1517831208566193605
176 261 1111574988869028948
176 262 2442922326263901910
176 263 -281103544719035315
176 264 -8355347738550933288
176 265 -2692399571516071066
176 266 -1140231639772996480
176 267 3612889374758553344
176 268 3445752044000180484
176 269 -7392205748347205100
176 270 5744565873684090322
176 271 -4891380666423401725
176 272 -181824530351529277
176 273 -7000348818764052909
176 274 -1901957031669523651
176 275 -2660329800517515606
176 276 7493318206786583364
176 277 6766452301613513330
176 278 -1681652255440435431
176 279 -4484415677305816582
176 280 -2007711063093333809
176 281 -3612146397257857245
176 282 6588400484538711247
176 283 8903319041627215284
176 284 -5676899480610473451
176 285 4363798054297955910
176 286 8713842923720909554
176 287 -7560769142751484191
176 288 -2507069241417695136
176 289 -7005031941732551859
176 290 8180347564435669792
176 291 94671342922918238
176 292 2165692246022216815
176 293 -1255534890050475952
176 294 -1591283090060902914
176 295 -8646259918211752373
176 296 -6639787642241330701
176 297 -1376669840960394543
176 298 -1597111017580175620
176 299 7850713696122912216
176 300 -3805561510709534096
176 301 -8340977071888364505
176 302 -8955828420255894380
176 303 -4526807473055264853
176 304 9016016360986756123
176 305 83324176983796199
176 306 -2593625345149897952
176 307 -2639183663431224049
176 308 6650636696089426654
176 309 7006049331204662700
176 310 5101331229263570045
176 311 -4515001760343169968
176 312 -8434431286334708256
176 313 6637871754963685657
176 314 -2801069577665898308
176 315 -7251897737070899636
176 316 7409007758624782146
176 317 -7487308019250320559
176 318 7972708645994809063
176 319 298720430533740637
176 320 8247653577444805174
176 321 -3614880649786704459
176 322 8830099813392996265
176 323 -2347306388818280581
176 324 -7001574549411958406
176 325 983558278998270335
176 326 759836478127036641
176 327 6988177241996625717
176 328 -7251039934374113430
176 329 -3376889463455928615
176 330 7679816781287069802
176 331 -2907592737536571579
176 332 -7429137784001328887
176 333 3008236218374336346
176 334 5136209230855549879
176 335 -1624026900199360480
176 336 463231314012907908
176 337 -8300492168740789420
176 338 3320368737258334566
176 339 2103551354721613574
176 340 -4684966747998539273
176 341 -2807567492286843783
176 342 4316352378515544911
176 343 -3632832638344423944
176 344 1058599743022058638
176 345 5241458112299386603
176 346 -3476227848746276565
176 347 3792085890659016029
176 348 -2131694501857565317
176 349 8940883289992683912
176 350 -3051391005509416164
176 351 -5403376187247741939
176 352 -8865552817626404144
176 353 5395588717916234627
176 354 112820404691533916
176 355 674434931330208254
176 356 -8656640167500041704
176 357 3496836614125655177
176 358 -6856880687025379940
176 359 -5265532421643169910
176 360 7937407907390647951
176 361 742646239391635183
176 362 19696045155585011
176 363 4472667666128045499
176 364 2146794901566010226
176 365 583218338055827229
176 366 7727049556172922858
176 367 -6174269790887433902
176 368 -6880342492182014762
176 369 -8636160517354533206
176 370 2426455442832848834
176 371 1872941646748063216
176 372 7571726451788383180
176 373 7250951452784775533
176 374 6316375230217553065
176 375 5512865867770468297
176 376 236187175879352125
176 377 -4720952701556755374
176 378 -2721416086837754239
176 379 1064338203394164627
176 380 -1282193870896742479
176 381 -7120485018914117898
176 382 5312521678088465317
176 383 1979933106772383236
176 384 -8329958461032667420
176 385 -8020852285015757731
176 386 913710017418460025
176 387 -8751369827363996047
176 388 7174647984599794205
176 389 -1828159546517282811
176 390 -6940252407014768625
176 391 3548946440593869023
176 392 1809725529937401370
176 393 6194533531895699246
176 394 4318616612813368568
176 395 -3075839803961295505
176 396 -8183266960838576337
176 397 -5859797768876455208
176 398 1248102833157640866
176 399 7899262973033543574
177 0 -6339194680914845464
177 1 -8523213890071687962
177 2 -4175497149193856275
177 3 8996730965613901898
177 4 -5835191382191431524
177 5 3991906849663599713
177 6 2787857612363595566
177 7 5755851839542022360
177 8 5265952275146785002
177 9 -6123489397668135335
177 10 -6701873762616545915
177 11 8715449115555766787
177 12 -2516796701865253336
177 13 -4190883095119128562
177 14 -2788606495107509988
177 15 -6618206384536402109
177 16 7166470367777211547
177 17 2077521105933507980
177 18 -2997968531164026924
177 19 524410286410567738
177 20 -2673900887285195261
177 21 -7589584182400095498
177 22 -8451169450748896122
177 23 1427034294905892726
177 24 -7269273035388478478
177 25 -3888514031025629226
177 26 8956945888597779675
177 27 -4703386376799236153
177 28 -4767138193133806625
177 29 3115619169367252821
177 30 3614743138837372141
177 31 2176902159350390341
177 32 -4767591592580061140
177 33 6610752305800337151
177 34 7023197419163253681
177 35 8908082955573480506
177 36 8010711924924547820
177 37 3413753511216024366
177 38 8057443888864582769
177 39 -2716284794685939487
177 40 8993949472173393932
177 41 5694451283655064227
177 42 9125066976420920713
177 43 -8828602153796496787
177 44 8609101888040817686
177 45 6937778983574406789
177 46 5299861610899842600
177 47 4442212605786330680
177 48 -8709350524243471741
177 49 -2240906511072851673
177 50 -1982132199935619798
177 51 -1118669977945540618
177 52 6275514568153410074
177 53 8283815169962864913
177 54 -3762287079958620980
177 55 4908159120188026907
177 56 -1633780235087712076
177 57 -1590866371799353282
177 58 -7440442731505725607
177 59 -4235691834588857311
177 60 -8044941343379797588
177 61 -5767224091800828723
177 62 -3350016167109594961
177 63 -1308946664475635321
177 64 -760124643490053258
177 65 2830621567046286457
177 66 6399627648234066152
177 67 3581519693172595048
177 68 -5924043772827154752
177 69 -3331446014810437904
177 70 -2525246064366736502
177 71 -8344089267608195206
177 72 3480671145091337448
177 73 -3528959842572259590
177 74 -1706265912324259325
177 75 8016401810092667729
177 76 -2532195755555613699
177 77 1088230571268744035
177 78 -6142621809866532727
177 79 3071876089234204149
177 80 -8562518047674551069
177 81 7197202825454629299
177 82 4806677785756115020
177 83 8786204557596975077
177 84 -9159141336978411596
177 85 -8591255324044946021
177 86 -7342288956103792132
177 87 -7104826338311736717
177 88 -4792747204611877544
177 89 -2460225193675445816
177 90 -249915236126606847
177 91 -5405951496112349135
177 92 -5349054114506194105
177 93 7656766723901139019
177 94 -7052665348857395619
177 95 -6198947951073800064
177 96 -5956342713827788847
177 97 2192774205231363838
177 98 646614626458298919
177 99 -1766743180301565336
177 100 2664408313167554104
177 101 7875041948982506358
177 102 4818067277009292085
177 103 4698485937628145678
177 104 -3566618287932522626
177 105 7784984613541469946
177 106 2772313340840815719
177 107 8429270236331286105
177 108 7111216827317945973
177 109 -3785559667941810183
177 110 1675851609470449188
177 111 -7724076077124478816
177 112 1739509802537983437
177 113 -2622126244348577474
177 114 6219673568297598439
177 115 -7303069557248660885
177 116 1364611625556194051
177 117 1482594800264234343
177 118 6045649236299873326
177 119 -5935747297332995616
177 120 -5424849560335884894
177 121 -5945541251319869722
177 122 2109792904315553950
177 123 8485781027816718386
177 124 -3355940494081529099
177 125 -7710884730962039689
177 126 8172753383413999818
177 127 -1337961426044899639
177 128 -4164272869607112978
177 129 -5333084667241350592
177 130 -7204627115603702078
177 131 -7564478842382326130
177 132 4426477638091438063
177 133 4494797790073745900
177 134 7160250116305492789
177 135 7783983138309170967
177 136 2555087753470536416
177 137 6343451907265510280
177 138 -8447797320861426309
177 139 5797173844096945550
177 140 -1411860332705537825
177 141 -547144140594102955
177 142 4873101095205097054
177 143 2859651419319074822
177 144 -5298917819037384955
177 145 -2137768393476598497
177 146 2392526469109330909
177 147 1132878434273255785
177 148 3551721730882178578
177 149 -9156229561184508852
177 150 -3172226882928115559
177 151 -3202399685279081874
177 152 4513285757795098574
177 153 -8391322244316428550
177 154 -5055498059221142780
177 155 -7989195671192893971
177 156 -2607975246250490406
177 157 -2902600366230643727
177 158 2517457969417080285
177 159 1297263517480335015
177 160 -5617724773099242801
177 161 -5407443596948317382
177 162 6903693414844746700
177 163 -4930419590207901283
177 164 6150825472080008966
177 165 -6939904510666859635
177 166 -5235022728526052091
177 167 6710782337889023269
177 168 829724747064137592
177 169 -3501833874675094620
177 170 2151089981787590866
177 171 4071237349467388363
177 172 -4006865286998419259
177 173 5853681105839064215
177 174 -8014454403413169321
177 175 -1337397452587635032
177 176 6115301862949153180
177 177 -5920704580284771673
177 178 1888638008352128420
177 179 1614527846193865766
177 180 -6824838441970006168
177 181 -5868994828837802859
177 182 743886839235718647
177 183 -5944457093140268554
177 184 -2172876431323314526
177 185 -5716461821378591046
177 186 5487000436368780830
177 187 -4463186014881362338
177 188 5927943998272882996
177 189 -2060274679176455454
177 190 -5071471012623203969
177 191 819315090722622264
177 192 3606816275914767356
177 193 -4464982236452061756
177 194 1715592447480619289
177 195 -4870704895046650825
177 196 -1033617942617921655
177 197 8302870258711058621
177 198 3020175267872232238
177 199 6721958432154843520
177 200 -8665172068973572047
177 201 281216539030456760
177 202 -7868149446305669570
177 203 8325129502361362971
177 204 6281503952506863403
177 205 -3256117227867706643
177 206 8479656998613271450
177 207 -3425607396931169593
177 208 2879228204774903789
177 209 3404448191714647207
177 210 2042363416442005797
177 211 -4660401388569419335
177 212 -5528095880593550275
177 213 -693748671051726312
177 214 -525606688420741077
177 215 656764270301170413
177 216 -459379047978572498
177 217 2626876388222348804
177 218 -7142280492323831415
177 219 -4452876965137976284
177 220 -7652888744250014937
177 221 4100045814994414527
177 222 -6553049258020820762
177 223 6636745739509533763
177 224 -2179074106807924999
177 225 -3880822453774138585
177 226 -9022398419065071452
177 227 6594479425819802379
177 228 -8054121472352297846
177 229 -7808796102162392562
177 230 7601771164493248487
177 231 6372634158099195672
177 232 -6781511615368897975
177 233 -8457390528799856253
177 234 -9046954361257902228
177 235 -7540709857966545090
177 236 -6795825405999376841
177 237 -3767751910715975133
177 238 -2668259472178815187
177 239 -3564318384207577857
177 240 5695039408255507672
177 241 5288727246396550624
177 242 2978964327868025215
177 243 -1678617334504448886
177 244 8188476128339429010
177 245 4433170314013309653
177 246 2505668620129217200
177 247 7620914215619598772
177 248 4838635228791904935
177 249 5780645796034925315
177 250 3587229494351065211
177 251 -646469307942597052
177 252 -6560756228380460567
177 253 8710011725040974587
177 254 -2065222089929134174
177 255 -4442438228582431246
177 256 6503792499317922039
177 257 -4910273760195611095
177 258 3533064833068900287
177 259 -3987203342160739903
177 260 -6930769934603226846
177 261 -8285364848478614424
177 262 -3237976135567979546
177 263 -6727689835871396894
177 264 5707052643305115164
177 265 -2314398891409233172
177 266 6278329606443275279
177 267 7630349633004573657
177 268 9122489489753921294
177 269 -5446992741756046157
177 270 8334116632768333825
177 271 6925668107408962121
177 272 -3944388199406849585
177 273 -7366392365911991206
177 274 985547964694581032
177 275 -4923629063040891666
177 276 2949466070319954389
177 277 -8971732731791850818
177 278 5203944648473146934
177 279 -5836937390536451322
177 280 3570591465775683989
177 281 -6362983403220890908
177 282 8986714451435848054
177 283 -3623376894088662234
177 284 -4802698967483499378
177 285 -6263398011665351252
177 286 7769563671798958577
177 287 1964074091933594596
177 288 5936390710760636923
177 289 4325028847507137533
177 290 -4579214587511476434
177 291 4796478792964974070
177 292 -2884874855153848043
177 293 546050930413338737
177 294 6413542038285367692
177 295 8436159245786284075
177 296 5644938525174610734
177 297 -8534935489908556602
177 298 9157469231219404645
177 299 -4222062056522470743
177 300 2198597341842343096
177 301 1931706208863661711
177 302 7648127762592558244
177 303 5660139385221885959
177 304 -8007167566338692129
177 305 -5586061570600181328
177 306 7340461590981840861
177 307 -4520033248521209495
177 308 1295154939835125973
177 309 2919478798870335109
177 310 7834631994247299170
177 311 -4944187021854742464
177 312 2929669446062300178
177 313 -700920204720713979
177 314 -5176729481093200101
177 315 5050721034078222389
177 316 6663709703019486310
177 317 -7230031251983056396
177 318 5956908300251972340
177 319 -4440895778939996108
177 320 -3388373630945916526
177 321 1478273498561105509
177 322 8679761664990275010
177 323 -3150195095729822397
177 324 8414297674094471006
177 325 -6307851909158108971
177 326 6539891922418262092
177 327 -5997295488275320677
177 328 6562995220784313797
177 329 6176026595813694824
177 330 -3483182991245383204
177 331 -4530000123259868288
177 332 8548928925661252674
177 333 7858131581046309932
177 334 -4060780802784881943
177 335 -4220138658538550665
177 336 -8535883024746016865
177 337 -7662648134362612521
177 338 6882415744209899058
177 339 5705058323095843669
177 340 1713044763107804442
177 341 -6543854642991212835
177 342 5996055268606200366
177 343 -8008400568081053016
177 344 -45748850140555898
177 345 7284421099031801440
177 346 5077780963710455075
177 347 1223972567943112687
177 348 -3890520360592133440
177 349 -3854766764699800989
177 350 3751539656562945013
177 351 -3269452507286568964
177 352 3539911498873072125
177 353 5981055714784127336
177 354 1226205643966868835
177 355 -329063922746366594
177 356 205222689677208338
177 357 5917161923777493006
177 358 3874230712648116704
177 359 2071585529067632261
177 360 -8505882364000963273
177 361 4484314013229846833
177 362 4174667344847611934
177 363 -8630194761963688667
177 364 -2324895680868685859
177 365 7618318743656093871
177 366 -8363857493921870502
177 367 2946555035770279509
177 368 -5133117929113816983
177 369 5916836679415642793
177 370 -7771393965689497124
177 371 121750056436145585
177 372 1995585378431842779
177 373 2872687345720802575
177 374 265806014369652723
177 375 -7790656219317968950
177 376 -1496700242093230768
177 377 3739266649672905471
177 378 -7599954841092611731
177 379 -4014997484892835182
177 380 -6791784748158507337
177 381 -3501426423367870459
177 382 6856770604809213971
177 383 1189388847177469386
177 384 -6762601539093120821
177 385 -1137923274755932454
177 386 -7100581503333112521
177 387 4696293012305673172
177 388 6994667610915287324
177 389 6047420056252759900
177 390 -2950951188302457983
177 391 -8328241282928239833
177 392 2688453913880491739
177 393 -9012174326986414019
177 394 5365590652458296933
177 395 -8603197466749217329
177 396 5808240890454217021
177 397 -7368466915104325268
177 398 8381160018429038656
177 399 954973546030560764
178 0 -8751415713732320906
178 1 246812908411614272
178 2 1490283783714640211
178 3 8451083864679613977
178 4 7208521514881852420
178 5 -7538150177956565683
178 6 -4219673211707495740
178 7 8970197331500233666
178 8 -3778089496321800443
178 9 7379293089937707127
178 10 5937459247564934672
178 11 4392620262067223537
178 12 25064519843135877
178 13 -4168590130719404098
178 14 7803860028058652217
178 15 8964779200250745507
178 16 -372474089843577211
178 17 7458246898702143542
178 18 936095882753724423
178 19 -2888808917275167136
178 20 -1574573724283678956
178 21 -5096584488434133868
178 22 -4525906495061699462
178 23 -406685341838097872
178 24 4075788100931698504
178 25 -4832425389904392758
178 26 -7800307068089125166
178 27 7702536354491336324
178 28 -7969555530649073209
178 29 -5173251959847233294
178 30 3612094024499357335
178 31 -565286529029611415
178 32 -9063059127517464121
178 33 -5741060121342310948
178 34 2396223078893840918
178 35 -4986712000283931026
178 36 -5449013964861405280
178 37 -4344219595389202875
178 38 3519678601750753720
178 39 -5799913942237869797
178 40 -7738234861122074103
178 41 -2521432200705479890
178 42 2506931402838364505
178 43 -5543192330786451452
178 44 -7334041091027840036
178 45 333430836359429078
178 46 5819817301377317009
178 47 9118411378580505642
178 48 1224286778844318053
178 49 -7002993061256535597
178 50 -4752060003773916037
178 51 3660815781869150129
178 52 -2440021098762144946
178 53 4413606422542162025
178 54 7143142899916140838
178 55 7257179729117676408
178 56 7811876968553956103
178 57 222267033391937641
178 58 -7362796700754526002
178 59 -4301794978133316982
178 60 -6611347890678611310
178 61 6652389215319303600
178 62 2535654445551344132
178 63 5327793333646908191
178 64 -8704980993555819160
178 65 -3464539568843526642
178 66 -5156498312728797375
178 67 -3338955954883383405
178 68 4905405168545773702
178 69 2309402745509964422
178 70 1318982421602860953
178 71 -3161147966242966257
178 72 6104364204403643555
178 73 -4989032407304070510
178 74 3762056917720575856
178 75 8754636322417924128
178 76 69751937533098581
178 77 8403515594275155702
178 78 -4055805063554105016
178 79 -7578801455256876738
178 80 -5775949046141632772
178 81 3832069058352921468
178 82 -8555636854101083017
178 83 -5068485464359725771
178 84 3358436919364971721
178 85 -5038630586257793539
178 86 8685092360139252645
178 87 7379460976237083003
178 88 6162454863363687417
178 89 2073511528867191592
178 90 -3519931874452714278
178 91 956164782190007369
178 92 -4303462946073082748
178 93 8982344826349316188
178 94 84786747549860835
178 95 7634809252205980411
178 96 2326304760613611942
178 97 -6521749008733541037
178 98 719342727224756012
178 99 -8129635746847737438
178 100 909454155310269733
178 101 2702629468381891660
178 102 -9040423393353421407
178 103 6765693381769355995
178 104 -1538479126687878815
178 105 607343592892269027
178 106 7845670587091758422
178 107 2368245871870461993
178 108 8342143046836801835
178 109 8049883579837989440
178 110 1207440180474734895
178 111 -4538826428928478315
178 112 -7694728938491410836
178 113 -5491995382395316339
178 114 -8883426863988771936
178 115 6649569231899119744
178 116 419689635706611577
178 117 7549127190272047457
178 118 4763221997524300719
178 119 -7447838924482398737
178 120 7316215295825074308
178 121 -5976831873565641348
178 122 -6588811201291086847
178 123 2888918198125926714
178 124 1715835758288173888
178 125 -9053756924955193724
178 126 2537848985444804462
178 127 -930231380068815529
178 128 7663816921559204427
178 129 3700163574763271273
178 130 -7918226076165496904
178 131 5699603460144416690
178 132 -6233801470697808814
178 133 7724912202857194834
178 134 -4753386259905203377
178 135 2805750576471782498
178 136 -5748446721748562877
178 137 4499845174940214241
178 138 -1479079192636906651
178 139 4986498178595118436
178 140 -2847292578352878539
178 141 3409882355883793753
178 142 -258846778593376614
178 143 -2621470339630609180
178 144 -3450342876630593513
178 145 2902314470436127597
178 146 -2173502529516784554
178 147 -2609993411711449050
178 148 8902163098012657863
178 149 -816635576612649608
178 150 -5725797882053532055
178 151 5440546980593510790
178 152 6639075099636655643
178 153 7960567395051946747
178 154 -5104104757342687879
178 155 -248153897078319291
178 156 6504873113757861745
178 157 6334046287854857644
178 158 -1481443901182386954
178 159 1223439154931124778
178 160 -5582326690256807223
178 161 5553563567818604209
178 162 6501085706256644395
178 163 8461247771395250250
178 164 6930984827568681529
178 165 2420727149871901645
178 166 4854486665350756126
178 167 -5156551380115260575
178 168 9206167884086765596
178 169 -8933574916221880293
178 170 776517379258729781
178 171 2506649396953998258
178 172 -1278801238958400298
178 173 -5935396718145541946
178 174 2042678624369972570
178 175 -4467753728743305280
178 176 -1698586981004030524
178 177 4969393354439806416
178 178 4170508784696473406
178 179 3323739965875690537
178 180 2912877125775185038
178 181 8672220601249696549
178 182 1955693449670636411
178 183 -4717661730611768462
178 184 -6935267163421143894
178 185 -4424161601001784939
178 186 -3070381193296501763
178 187 -3789840486499110925
178 188 -5504255792959223037
178 189 -3558628438443627286
178 190 -8175190663782524736
178 191 2977050008613962990
178 192 5736776869849182870
178 193 -2888805298482933037
178 194 1266517336874990965
178 195 9075106891436670660
178 196 -4652142541080832607
178 197 -3777788659731266827
178 198 -2039959578139751139
178 199 5724972534958169735
178 200 -6760779675428164722
178 201 -6696042078876983671
178 202 -7252973659924260772
178 203 -9051557486776026670
178 204 -610849127789955178
178 205 3117175018073893069
178 206 2191428759371595963
178 207 -7056930693737133483
178 208 -1353979994169512384
178 209 4308621609961380904
178 210 4983437040120765828
178 211 -8519891718805566771
178 212 -6348313922990836768
178 213 4300321283783862351
178 214 6646848820341712965
178 215 7952972852166976169
178 216 6338237570854424719
178 217 1390150605152990488
178 218 -1974161854693620120
178 219 -6488139815985073867
178 220 -3877280252776650550
178 221 -4734190195857356859
178 222 5701933976178577160
178 223 2512048501808447174
178 224 -346787916491526418
178 225 6519082227628746283
178 226 -2963971474329175616
178 227 5298567065733407593
178 228 -9112713319308080007
178 229 -6203716047805256173
178 230 -8168409235015087279
178 231 1899059451777038817
178 232 -4941209858492686193
178 233 -9085109277995361063
178 234 5127788070531937587
178 235 583965223439817078
178 236 4331172863115928621
178 237 -7741928270435005606
178 238 -6307638328698499028
178 239 -3379287250128924099
178 240 -1714576420128947046
178 241 -3433492459558517048
178 242 324725791308643227
178 243 -875702302260080449
178 244 -2785695286335061863
178 245 -155688331761899791
178 246 -4548873987854623341
178 247 7063534072073858399
178 248 1553677551522171400
178 249 -466115212044098118
178 250 7035809778123540293
178 251 -6293699445836873182
178 252 -3909832776888048945
178 253 593810780863783437
178 254 8783950448692306173
178 255 -8584767133914762283
178 256 4064191704790504115
178 257 -191547530651265200
178 258 -1999715086670641110
178 259 -1877565331131882887
178 260 3321385900339062099
178 261 -8162360874374921946
178 262 -6098099506684640895
178 263 -5308878926442433185
178 264 4788152981826127281
178 265 7668497980303535753
178 266 -772925664014666893
178 267 426568497120234492
178 268 2654839201637523229
178 269 -658660188305987491
178 270 -1294040537363993296
178 271 -2585986717477467658
178 272 -2661069988715523982
178 273 7549882524227679056
178 274 -8937651170722699365
178 275 -1451953106750486255
178 276 -4681795920049420819
178 277 -7810460274337444163
178 278 8629015780522490156
178 279 5646402383528694719
178 280 7856735562383682801
178 281 4889314975361241304
178 282 2083886968949754003
178 283 -3730240421931326897
178 284 -7299059493200384308
178 285 1536979381728177109
178 286 -2534096575791295658
178 287 -6064874532433212504
178 288 -4149316357427691632
178 289 1011712045712059395
178 290 -6543830815124974041
178 291 5672911248964329150
178 292 9035416179242528416
178 293 291458809381030926
178 294 4645216004108207628
178 295 -2758437292077926434
178 296 611869897367638543
178 297 -383046293397115722
178 298 -8885492306279836574
178 299 3013195308059505969
178 300 -1165620380440933070
178 301 1306116261650045876
178 302 8399951571979640188
178 303 4465639821119260461
178 304 -2200793397030646235
178 305 -5310324806993263557
178 306 -875648309048574735
178 307 4130500832377079891
178 308 -4465016197082225855
178 309 4053648745124148509
178 310 5078915004249129278
178 311 -2424845512920546191
178 312 -3595111319792386417
178 313 5376627866068300193
178 314 -4460537429649907399
178 315 -1584846882353424783
178 316 2822859007082111142
178 317 8290742396681840245
178 318 -7134893227944440005
178 319 4139515543374013377
178 320 7573237534908185805
178 321 1600479222128785820
178 322 -4992546882389800544
178 323 -1856312043004629288
178 324 7895775517362615317
178 325 -5205571409436507774
178 326 3903973235789677608
178 327 1325574612352842328
178 328 266787110687194127
178 329 -6336308291663583167
178 330 -3707447949882132670
178 331 -8268584795125232971
178 332 -174464993103546552
178 333 -3182840354318046371
178 334 5391185961346339814
178 335 -9171091404847136972
178 336 6935262394164022699
178 337 -5813655773738036023
178 338 -1372705580377071510
178 339 -6358041012852142671
178 340 -373744125743564155
178 341 -7670924816018394810
178 342 -5402656555895949763
178 343 7148294762107254606
178 344 -8314926853714921081
178 345 -8458332297921717133
178 346 -5119172155236173159
178 347 -4012747917880619911
178 348 2142417255397859417
178 349 1877409774269422397
178 350 3471201472535923254
178 351 -3832739084242904839
178 352 3168445498173788707
178 353 8669669145508903684
178 354 -7424991194817054766
178 355 -2348200482196433986
178 356 -4981295628466345655
178 357 -5438754176814699296
178 358 628032050577379387
178 359 -8256921226231428613
178 360 3354254431291006214
178 361 9059104087223603891
178 362 -8861246717387213289
178 363 7156654404400891098
178 364 3872823661916095857
178 365 -9207256382505228907
178 366 -1482555232450301788
178 367 5607540371953376710
178 368 8457886066491307319
178 369 1141107146843872596
178 370 6859091219605711838
178 371 4244048743336251247
178 372 -7527056746496284897
178 373 -2053119469879091075
178 374 -7822193208514345983
178 375 2939866820903709878
178 376 7199841181336143388
178 377 -4393762132421216638
178 378 2644442412175250486
178 379 872885702864564685
178 380 1319536577220385428
178 381 -6662612886440221228
178 382 8976454459488261531
178 383 3170120191628251113
178 384 -1550130079215234120
178 385 -380231550272476111
178 386 -4455600767621430703
178 387 -3717273574710861273
178 388 1449190025601513254
178 389 8887369552441070352
178 390 -4653842443058940631
178 391 1201115052955726360
178 392 -978409513753437960
178 393 -9013815220680968323
178 394 5444178607774266005
178 395 3787705847431368913
178 396 -9115756633736841303
178 397 -9040824684401854193
178 398 -3597550808489085582
178 399 1862044057092266265
179 0 159891889842761741
179 1 6464049763117275817
179 2 3394583823021791138
179 3 5231087110706513807
179 4 -8093769719894571108
179 5 1671338094319312019
179 6 -4719914583063318578
179 7 -3477020395124312401
179 8 -8649556144203662565
179 9 7328886216164632773
179 10 -8084136206457462156
179 11 7500713953131745998
179 12 -8713404711308308075
179 13 -3731760488186973685
179 14 6036670951575936835
179 15 -3934474233045637173
179 16 -3143990825287122033
179 17 -2100672301821049451
179 18 2392698513456219942
179 19 1255101930185687716
179 20 7856701279565394431
179 21 -5301477756862398943
179 22 -2799484532856034021
179 23 2726831529635745027
179 24 -248832608693684434
179 25 -378142042852826872
179 26 -3872634901769865760
179 27 -3513874088814917130
179 28 -8496572603741033629
179 29 -1794644255223933630
179 30 405244636341454909
179 31 -3402907638274943991
179 32 -7965037156109603404
179 33 -2699183303728668808
179 34 -5582054508168257647
179 35 -5434688287322579902
179 36 519728617108655688
179 37 6504809217343344733
179 38 1230234643003226858
179 39 5233737210266350608
179 40 -6029725134963068180
179 41 6286339755302743558
179 42 426309177745196599
179 43 6185534776041150049
179 44 -2918767147551916427
179 45 -8798048014521447268
179 46 1822984985797480338
179 47 4241526820393738139
179 48 -1809691142725264689
179 49 -1905336241810268725
179 50 -1097495068506585346
179 51 -2849981112435721231
179 52 2912393573617452315
179 53 4015614493822750955
179 54 -3550700104635834804
179 55 8358956275883582042
179 56 -508263218144468998
179 57 3428923641635642863
179 58 -3406242077269461874
179 59 -6143469816375823716
179 60 -3723545510282529201
179 61 334369868183987705
179 62 9128842502708885523
179 63 -3674816397591515261
179 64 2357703063808265894
179 65 81215818312696446
179 66 -5023686265209227805
179 67 -8685694146655705969
179 68 6299432650857315440
179 69 -3822836151593742671
179 70 5115174197200485213
179 71 5795421201458171591
179 72 7179157836445181765
179 73 1902602422944109467
179 74 -2216042354966081355
179 75 -6273562936103717534
179 76 8271029489631026330
179 77 4004876553620404027
179 78 4007344302767736202
179 79 -2718297326250072931
179 80 -1169343847858843810
179 81 -7667946237782672709
179 82 8148314760911792242
179 83 4033036845722440764
179 84 2492520711050501994
179 85 3237732644231542086
179 86 -6452375022321645913
179 87 -8252614538317076075
179 88 -7489434606627660396
179 89 -761979412014764593
179 90 2795872619267550808
179 91 3345788653520562917
179 92 -2014651806450264181
179 93 -3953049786231518450
179 94 -6592157166503802265
179 95 -7891458608806406017
179 96 3208953566056318640
179 97 -6499602433518221687
179 98 -5824498253330923941
179 99 -7212162117782869714
179 100 -3047597754575384972
179 101 5875831408061584357
179 102 1086061279365067670
179 103 -6341877727528980221
179 104 -2412560721551669138
179 105 3437769204815804111
179 106 -6003492242559508901
179 107 1412351477727324647
179 108 -385958948012088022
179 109 -2572588504299468896
179 110 8311391299609669308
179 111 2051950886504644099
179 112 -3916107604167005107
179 113 -8886299424221239429
179 114 -2319637877439047468
179 115 -103100014833655114
179 116 -7602062041791493092
179 117 -7599711099574444604
179 118 112082248173124726
179 119 -94822851978028973
179 120 371380649890613974
179 121 81521007830628502
179 122 8379163450201667613
179 123 7326394106523355611
179 124 -1503884000534390092
179 125 -2040992590552838433
179 126 -7982862385876211071
179 127 918228816416995112
179 128 -6983383596716257438
179 129 5243413749833167261
179 130 -2171639437972914059
179 131 -5681432374806282908
179 132 -1557246844760018639
179 133 943476159236567018
179 134 3944678154400674567
179 135 78258570955167661
179 136 4954940693054644198
179 137 4911862253140207549
179 138 -3207701976875400764
179 139 7061437678018266476
179 140 6557458391401461445
179 141 -2629537978436198008
179 142 -8323743174936047365
179 143 333243847357353843
179 144 -3604156085637075357
179 145 1490753147277189079
179 146 5503939094352486859
179 147 -295774811279273350
179 148 -2863112886909039521
179 149 -1607407151442419548
179 150 9013802329590093802
179 151 1050343700814253016
179 152 -3577343138725130695
179 153 -3020569764748771938
179 154 7254733032516516017
179 155 -2859725819191481719
179 156 5522738835955368597
179 157 -1370154016612557211
179 158 -2348354966251852038
179 159 5841204200768957428
179 160 5829401470777635721
179 161 5082519944026805246
179 162 7410749017772854053
179 163 -7410240919685706360
179 164 -2919677271777340309
179 165 2887367248124785837
179 166 -4911622418917056507
179 167 3592012045424624666
179 168 -7236815015876026500
179 169 7382830135012627461
179 170 5266980461079092236
179 171 -5148056604759574180
179 172 1046997458328368023
179 173 8660072918066613960
179 174 -5149871457857699396
179 175 -2537723227460868789
179 176 -5889811793155935570
179 177 -5225377082951170977
179 178 1975152129073223226
179 179 8234423751688537562
179 180 -7052673353791394789
179 181 645530875745645234
179 182 3211181197344282329
179 183 117473262496782471
179 184 -1326673151461777909
179 185 -8123964731152805128
179 186 -2221694170450774731
179 187 -2453161755494382843
179 188 -7475080941288544466
179 189 3135617598707099459
179 190 -7504562985913672787
179 191 110219166297543642
179 192 4729183297943120379
179 193 1611613372495792997
179 194 5506374719420284108
179 195 -3091045600711657844
179 196 -2227731781745945871
179 197 2531343839947139583
179 198 3158795338792504216
179 199 -8629492130032458599
179 200 617380147959709098
179 201 -5969830287796122900
179 202 6665004597779478424
179 203 1349333543710239158
179 204 9222777257800107151
179 205 3143848187330316999
179 206 8386061103177427235
179 207 -2898985190765303176
179 208 7101806973943846392
179 209 -5120336052912496879
179 210 -3251735244129518190
179 211 2840369199818386510
179 212 7581457593925314684
179 213 3852755273696147296
179 214 -8917801874602753815
179 215 9123912691269657151
179 216 2590933327124667885
179 217 -2812518927509701657
179 218 8375023470086905212
179 219 -2509515277744592852
179 220 1270624906682455038
179 221 -6742628894487982098
179 222 -9192809011309573161
179 223 5632100450734060265
179 224 8753836750322149315
179 225 -2026689426896054221
179 226 1649368974483928305
179 227 -4845228446063040668
179 228 -388626565712934381
179 229 4724562781358829307
179 230 4784963304130363217
179 231 -1451648411107442663
179 232 3719544042412565346
179 233 5380409924749304017
179 234 6500608033418259830
179 235 -6457684939481126324
179 236 -6074764754603203993
179 237 7543223756855600081
179 238 7165709463805919327
179 239 2729151834341001259
179 240 -101131245820946294
179 241 2381183271201497765
179 242 8235164837920600191
179 243 6564525723813600900
179 244 -6246705414164327598
179 245 3509737117031476894
179 246 8177439238894279223
179 247 -6364581245291578277
179 248 -8478897183806763778
179 249 2318581424356058997
179 250 -2706573820895691395
179 251 -6416232817838937208
179 252 8402166804514041819
179 253 2526000435136988157
179 254 6993728133609041828
179 255 7701931275238958801
179 256 2444350749586295746
179 257 4740765167517826259
179 258 6464888544057124045
179 259 138226972053829609
179 260 -6901993016650299289
179 261 4829089594590127087
179 262 -295059798632126828
179 263 -177211631804286878
179 264 7519762416513999418
179 265 1145369538341693384
179 266 -1263241652083057245
179 267 8710007401665184005
179 268 -5149454706072245692
179 269 -4193573935975237573
179 270 -2926311401914319540
179 271 5973994140356758861
179 272 -5832617715767857913
179 273 4778912832323357522
179 274 4517016936859671507
179 275 7621767758090948784
179 276 6746133570903802787
179 277 2429308789759246830
179 278 8883720430915976959
179 279 6920554335913655569
179 280 -5958374617652929019
179 281 8196004650100742744
179 282 -3185556304533699955
179 283 7825128581225933253
179 284 2262851211878088231
179 285 4779928691575043951
179 286 -819015831089038584
179 287 3733150018750895488
179 288 -3778502019398091255
179 289 4594614603071896854
179 290 5104703343706253574
179 291 4890130098980595360
179 292 -5894805730933508630
179 293 3877062175889110287
179 294 -4171055528887713765
179 295 3586219743952088648
179 296 -4541895712897540813
179 297 4400793374231034488
179 298 -8954964530078139521
179 299 -4186874307491320616
179 300 6876863183465748205
179 301 -8661337675379386184
179 302 -3128694810208507893
179 303 -2470891884588566352
179 304 -4847718426334009823
179 305 5978608145643733620
179 306 -5345992857929138848
179 307 5961157838449959189
179 308 3994959967190450686
179 309 7104872798163597856
179 310 -8729089678840708503
179 311 -8925182290011254255
179 312 -2569114640899025437
179 313 4459209870692702094
179 314 336878437929479452
179 315 -8581157977904279179
179 316 2436205542805987909
179 317 4515127988941181592
179 318 4281873324223607503
179 319 2934728807088820380
179 320 -3847043308947933068
179 321 9152848589376549686
179 322 -1353500487771151042
179 323 -6874949216306081075
179 324 -5567250893860449954
179 325 985941295580236343
179 326 3977206480348334616
179 327 -2716080515515983707
179 328 8416895258661169292
179 329 -5425353409840087828
179 330 4666976684206907976
179 331 -2666608561003321652
179 332 7762848960500468658
179 333 -1390565624268987867
179 334 -9034275695100746004
179 335 -8810119137323132586
179 336 6918966399674241870
179 337 -728312877405297086
179 338 -2134499776450903874
179 339 7269209805053630703
179 340 3976148398429357848
179 341 -8648189274678458980
179 342 1252881482355451126
179 343 -1965901184849329562
179 344 6560299658905860185
179 345 -3842921462323580503
179 346 -1654349536796226934
179 347 -5121646320191897715
179 348 -3224885124499186826
179 349 -6163674644829000900
179 350 -4036745855151104746
179 351 8184700995218871279
179 352 -2306935197783739638
179 353 2166720775667136374
179 354 6313389157683984737
179 355 7784581351774270388
179 356 5252969010815728069
179 357 1431175112907322116
179 358 60797341220490136
179 359 -5786616328810187886
179 360 7360575734036658800
179 361 -8830067456385624425
179 362 -28479867815526047
179 363 -5979255398667949176
179 364 -5732950935316136191
179 365 4836315508870301765
179 366 -7589174763287977863
179 367 2982333202861321204
179 368 -4107756782585228431
179 369 7743108812136123067
179 370 7342207940218884174
179 371 -5891601001868931243
179 372 5162717784387443910
179 373 1918846021792499038
179 374 -2367065451286274420
179 375 2353382978843371291
179 376 5861575937452486237
179 377 -7507202997446598015
179 378 -6069873814164645597
179 379 513922869481511711
179 380 2944928933864010823
179 381 5185298188443154118
179 382 5387085935053939668
179 383 -6538018125123616385
179 384 -418343506674671345
179 385 945590509197229724
179 386 621021657896824778
179 387 -483705902955281751
179 388 4574907749779279647
179 389 169824731301700272
179 390 -2837770187623864687
179 391 4154239475735988811
179 392 -7380542835220460630
179 393 -7235555518838549023
179 394 -2355368368071825792
179 395 -7888627997863260996
179 396 -3390529285354598236
179 397 -1594180445390509905
179 398 -5515113521576295194
179 399 5046041241083826020
180 0 -7827250050704111384
180 1 8895086040286487236
180 2 -7381985968066934604
180 3 3469658800758462052
180 4 -3619466867918681748
180 5 -5354907409113214453
180 6 -3774852494482756553
180 7 -5799214562798391510
180 8 -3996504335312280902
180 9 -3407426783814849669
180 10 -2239930214032624086
180 11 -2216459073565233769
180 12 1247852797619585406
180 13 8280981393330644142
180 14 -4224171662365053129
180 15 -2935305508840035352
180 16 5814679380293435930
180 17 -315349605895154004
180 18 1447955733032214615
180 19 678003721769802291
180 20 6554397422376162673
180 21 2982500425704218597
180 22 3128698014837072754
180 23 -5723783619588745702
180 24 -6582333051963960123
180 25 1719746018603631742
180 26 -6046878960018492174
180 27 -3265587586047567169
180 28 764456334010386002
180 29 -4611527474827880518
180 30 -5986560044603908083
180 31 -3255997966706599658
180 32 8812172936092396718
180 33 170851424606962456
180 34 -9123868206500730474
180 35 -59383538636028301
180 36 -3147130096105383076
180 37 3743588183709147573
180 38 -8609464147990533371
180 39 -8847148346532419910
180 40 -8295426035004383448
180 41 7045271608021761934
180 42 1279028286350459736
180 43 -2034665848743983946
180 44 -5232651610399320124
180 45 5292049275874103689
180 46 551824589974750135
180 47 -3689581403898942255
180 48 -5267925677673864490
180 49 1677635281434259823
180 50 6904140747459525303
180 51 8822779542207688067
180 52 1114243445384209768
180 53 -6145902894988697164
180 54 -6301190201772068473
180 55 -8112067808573662961
180 56 -874275963059100399
180 57 -5861633540981648463
180 58 2135740702865459726
180 59 -5333926703707077626
180 60 -1943565751653078127
180 61 -3543734748868559955
180 62 1171521589549026426
180 63 2616769432291921885
180 64 437224050810179484
180 65 3128023215495231772
180 66 62529657257516118
180 67 -6309108003762735282
180 68 -3667054091290831553
180 69 1174979650676777876
180 70 -7089885509344453538
180 71 -1150793451596245505
180 72 -4871210723026140860
180 73 -7471125979094238123
180 74 2309646600998501243
180 75 -5892939612233284003
180 76 3677873702074945895
180 77 5407527112191687986
180 78 -1616564072408346636
180 79 -1691545154539390346
180 80 -6402960820412832506
180 81 4512702072394849128
180 82 -7137560923121454444
180 83 -3073256117344115542
180 84 7004364053197553224
180 85 8057293144063207035
180 86 -302516108864605963
180 87 -4847885203646813305
180 88 619352541031797586
180 89 -1755020372144253816
180 90 6464273032248107137
180 91 -921557043801301823
180 92 -954261791175107724
180 93 1965198430161565595
180 94 6703464161144014473
180 95 -9044611544391277389
180 96 -4005840995896984701
180 97 -5034264549186923238
180 98 6971600670284985069
180 99 2033501503462759777
180 100 4630518643065590011
180 101 714686854514627729
180 102 5572855651163196248
180 103 -849774842492341744
180 104 5968642757005790431
180 105 -4604675705743344702
180 106 8857949110360897149
180 107 -6110915259547786360
180 108 4676251815492260960
180 109 998966334222158719
180 110 -51306166080078060
180 111 560597806366820880
180 112 785310529255592431
180 113 -1674652070226789437
180 114 -602188808176607928
180 115 1417217143066686719
180 116 8494469512916687496
180 117 2115248190304425650
180 118 6281051824927201688
180 119 3155037251591001044
180 120 -4527422441187468817
180 121 6984743475796591045
180 122 4397340134363784401
180 123 7118681547711481463
180 124 -8373325415968201054
180 125 -1022674740300555093
180 126 3231045421248803973
180 127 3319770531199917263
180 128 7536355057519360563
180 129 -7413412736660592770
180 130 -8360521078616417779
180 131 5921711721677193519
180 132 8268303942661668470
180 133 2759751960043445006
180 134 -2309245375836971743
180 135 -7220153933907234322
180 136 671747884688461504
180 137 2839060633138380598
180 138 -8192038107294516554
180 139 -1430828478089909289
180 140 -6899797470604131698
180 141 5226644308423162684
180 142 3590180206649330148
180 143 -2760511066638332767
180 144 3394123633554095482
180 145 -3262354139914858955
180 146 2926215049992872152
180 147 1004901677063788775
180 148 6847714271674108400
180 149 230274652036830833
180 150 -1198573154270363190
180 151 -871701762085547837
180 152 3860235323302757377
180 153 1947896834791626857
180 154 4161435124975121121
180 155 6370602364201122464
180 156 9090482361519080614
180 157 -9011769066600181437
180 158 -9212846735258956508
180 159 -1543123563207674369
180 160 8426736354231709894
180 161 3116110648364634684
180 162 -5484655926368085184
180 163 328609658746820474
180 164 5161277886115327440
180 165 -1440896814372258459
180 166 4086370840391123202
180 167 -6261880716383491616
180 168 -2801696511107239336
180 169 7700059596295558859
180 170 -8363635923413694364
180 171 549505395128272900
180 172 2134332389606859834
180 173 -1929535905300030688
180 174 414101953242713533
180 175 -1335314139086346035
180 176 1853948056831334751
180 177 -3325313859986346977
180 178 3656441215033834759
180 179 1448743529894455128
180 180 -3488675923029084177
180 181 6504590090595466362
180 182 8811977969416307318
180 183 -8550666460183301763
180 184 4743607830969167508
180 185 6567564022192647046
180 186 -3101382000944711119
180 187 -3211341831897641876
180 188 8454015512458290860
180 189 -2012278869010601950
180 190 6971292909755178657
180 191 8112118111355973947
180 192 5166616088883447193
180 193 4886191042316329842
180 194 1726298110044926744
180 195 7045600310337511881
180 196 1529588948707894580
180 197 5330426058730481845
180 198 978240712072348781
180 199 2548034441617745860
180 200 6506491860246847747
180 201 -7730550317252932166
180 202 6867794430902111105
180 203 -1070537863208513293
180 204 -5471655723237189303
180 205 2529221959454006983
180 206 5642135107658967619
180 207 -5037758766306495274
180 208 -8749653879987070596
180 209 5053753051556197904
180 210 -198101378298669829
180 211 -8239525059270021249
180 212 956181562022360510
180 213 -6633736420266655430
180 214 -1263861830273751184
180 215 -4795473707359205571
180 216 2320845993691392545
180 217 3609678460685507877
180 218 7190853567639061242
180 219 546285880106296057
180 220 6540307732562178438
180 221 -8685087348964587906
180 222 7932124182495639972
180 223 669980116360472474
180 224 -5553660921542689435
180 225 5455277249019630230
180 226 7547986077794532701
180 227 -2801737107014019841
180 228 -6921441349109829142
180 229 -5284304032958206939
180 230 -1552593814694500935
180 231 4202605638936117999
180 232 2921724502986968682
180 233 9197850605463242837
180 234 1233379818857825804
180 235 -8386643703318882234
180 236 3475059762639554112
180 237 6596071649386681408
180 238 -8690845652357233801
180 239 -1835741204922926284
180 240 2642099476862504202
180 241 -7254268488536145802
180 242 4056645070052072979
180 243 1564331215215090936
180 244 -5564298310149136948
180 245 7170302741485453600
180 246 -6437495569021198935
180 247 -5261643918151981681
180 248 -2523813923483256874
180 249 674603523458612405
180 250 7857836585995889307
180 251 -7370893533727527265
180 252 372405675618927662
180 253 -991840261896864895
180 254 -1639381301843448366
180 255 -7376208833675462255
180 256 6544330511157179517
180 257 5466390060399461421
180 258 2150348221620702704
180 259 -5372544882713603274
180 260 -3070615178406854172
180 261 197061905129209396
180 262 252854184098818939
180 263 6887658674214800344
180 264 -3378817850413445193
180 265 3046963888891394220
180 266 -3567558994973651846
180 267 5881014478829126814
180 268 -6269792842321448107
180 269 832935107440808257
180 270 3611341694747117132
180 271 40044212561346969
180 272 8009678276047072606
180 273 7744225847754962890
180 274 2323382222762818291
180 275 7283870536078965698
180 276 236622267615774685
180 277 -3165810176988501967
180 278 -576550549641501802
180 279 69355635900045618
180 280 228104374993510486
180 281 8753721349577488341
180 282 1068553843556482257
180 283 -1319406190772060049
180 284 -4777990105180271176
180 285 8833836039256661702
180 286 1326249822317078696
180 287 6387093412084936177
180 288 -6091819943732111446
180 289 -5669105962965278436
180 290 -8552778137694185957
180 291 -7629534614557709214
180 292 5280204493242016298
180 293 4081072607780701363
180 294 -4884688944822554641
180 295 4598503650507413033
180 296 -8319689828328550625
180 297 -4542590679746675651
180 298 4333542024026402222
180 299 -5747515709234167958
180 300 -6631697514742109435
180 301 4674543400533517671
180 302 -8328776859746043453
180 303 -1735907816421432433
180 304 -7368535737937060995
180 305 -3681503341896553489
180 306 6879856825350607453
180 307 3901422769491015372
180 308 -2961644794301216068
180 309 -2285494398155584104
180 310 -3981851857792922211
180 311 6062553339417726943
180 312 -8634750483567928785
180 313 1810801675870881420
180 314 -4780913170562847537
180 315 6573739334571653083
180 316 8105645123917971680
180 317 1989338751987132266
180 318 594069633365848976
180 319 -3658376473148009880
180 320 -3250786303661386103
180 321 -8980219833788908750
180 322 -1101296690028836261
180 323 -397019357421523591
180 324 2313201691081390004
180 325 -5455902150153086066
180 326 8982451170767196031
180 327 -7527145613592797354
180 328 4755971870430781002
180 329 -1952382913174606754
180 330 4406946495100730218
180 331 2471265896633289801
180 332 -1352739132743046408
180 333 -5949166127394427314
180 334 -275291517252322905
180 335 -8011710035761889798
180 336 -1810604554567801941
180 337 3616022803670530092
180 338 63285625731074109
180 339 -3116417841069367558
180 340 -8765189636627089638
180 341 1116141320660221092
180 342 715967591364063676
180 343 1373758737307897437
180 344 -879701003492850298
180 345 6533947980790309451
180 346 5595413193959152517
180 347 7936562252181489311
180 348 -5638238388221370258
180 349 -2796951043602975061
180 350 4140217467371316351
180 351 -3561271700332106690
180 352 8733806635464295126
180 353 3183328869766897407
180 354 670500874658771571
180 355 723436639569427002
180 356 -2090448053793849824
180 357 -1161686992005059703
180 358 835879915714069136
180 359 3472214974796563054
180 360 2646121007977253038
180 361 -3137471717984605443
180 362 442657086246230057
180 363 -18133386785080877
180 364 3286618097044726227
180 365 -6177585808699064283
180 366 7414090318024539393
180 367 4556907676771850982
180 368 -1559140765429939115
180 369 -6775617896139392673
180 370 -2801199573983843929
180 371 8939427666599532154
180 372 -6997807675759966490
180 373 5764058194232317520
180 374 -367298146612541856
180 375 -5878142748434457582
180 376 -3694108062844250166
180 377 3531048688124646155
180 378 5535165027248196896
180 379 4488206789739971269
180 380 7087475962271754634
180 381 2822654913114901250
180 382 7533034367650193976
180 383 -6964770056860519526
180 384 -6548273109680293360
180 385 -7425457838075461501
180 386 -8218461895286656806
180 387 3566818932789237742
180 388 -2004037066677648486
180 389 -4664973715727897101
180 390 -3149716069651166318
180 391 2932457161853298367
180 392 -5223661190849467352
180 393 2451989623762734655
180 394 5200803515629673230
180 395 -9165619535951687948
180 396 -2103308219841846699
180 397 -8275955686140033298
180 398 6022265747575615263
180 399 8226735285548579459
181 0 -1204529630307804599
181 1 -7346327931998783521
181 2 8778258450847626894
181 3 -3228815463527259635
181 4 -3865792090594067252
181 5 7923153272204454062
181 6 -2424784672918391381
181 7 4475752247438851544
181 8 -7311355805920817728
181 9 9187076386011853261
181 10 6393142088039152052
181 11 5873517449415930275
181 12 2315474966859311757
181 13 -7155784959631679727
181 14 2509445807169545402
181 15 4877703643453265934
181 16 4208397910236022958
181 17 -3036565197855641789
181 18 6005601303449617042
181 19 -178273087222542134
181 20 9099832087241830969
181 21 -4144400806521162807
181 22 8097957255625453778
181 23 6866959068971926046
181 24 -3000851516631285230
181 25 887850497697543904
181 26 -5233485579545776414
181 27 -6945851194650590759
181 28 1132127544034323001
181 29 -8130590012526943457
181 30 -7550219127904933622
181 31 -1529058002992648958
181 32 -175452977908291542
181 33 2433711970148144034
181 34 4124132101450141509
181 35 -4202321983902817033
181 36 8352749590212652689
181 37 8422015093262829795
181 38 -4041085079018469463
181 39 -5527960043072854154
181 40 6262080774083689575
181 41 1598248238511273525
181 42 8125669651665856812
181 43 -6946983335673408498
181 44 4478785180050035452
181 45 -7845293090163698487
181 46 7671027705230027386
181 47 -6139801049839546421
181 48 -6029186393804029863
181 49 8913033207760847641
181 50 -6249191602768748778
181 51 -8096236447065658380
181 52 -518850068099552340
181 53 1540857556123379124
181 54 -1179925353916032655
181 55 1774493871242623337
181 56 -3188629070110441427
181 57 387250720449056735
181 58 -5097639758435288996
181 59 8424027984191609440
181 60 1783675816005020927
181 61 -6578278432771832545
181 62 -634365286552927004
181 63 4085825140371302007
181 64 -3677781956015446537
181 65 1575580862831974279
181 66 963870841902958527
181 67 -2623539116023383268
181 68 -1204493867137312015
181 69 -4721206868162618016
181 70 -1756669526387625051
181 71 8946654810395363829
181 72 1393925526934168851
181 73 3392531546388754716
181 74 1748963703954816615
181 75 4654953787081425115
181 76 7210944587046836109
181 77 -7534113587435246683
181 78 -9097763373435913733
181 79 -5164976262299996113
181 80 3320614047101382056
181 81 -8918289925676519694
181 82 -878297758464943015
181 83 -3528471300131946617
181 84 -9103005139456162832
181 85 5585915043216477835
181 86 -8110965045164452545
181 87 1203644355333707418
181 88 -7267313588626332248
181 89 -6428986239922935863
181 90 4492913399763547569
181 91 8734638390991792773
181 92 6233786829550590105
181 93 2890172955084472928
181 94 -8722756271196393111
181 95 1846422665661042863
181 96 -1154312010276721452
181 97 -8313589436180433636
181 98 -7988067753167567679
181 99 923049716003173436
181 100 -3520911013265641521
181 101 3187101324828658715
181 102 -9086647594046801912
181 103 -2268041749361713001
181 104 392510713426993721
181 105 4455183437275817430
181 106 3159183849545918827
181 107 -7141305831226449459
181 108 -7902811779657713546
181 109 -2935706509864327464
181 110 6580054664222938204
181 111 8489581066255934140
181 112 9165445810998122562
181 113 -5124948377012790454
181 114 3307178489377834145
181 115 -5488353417334331966
181 116 695228284428278604
181 117 -9122191976828781771
181 118 2497430756694689763
181 119 8299432065167882914
181 120 -5843028427508914893
181 121 -3214783006270391661
181 122 -467155680716904572
181 123 -8833454318442781938
181 124 5697044261196634525
181 125 8888826742526734378
181 126 -1722529369639076881
181 127 -6857905695903721072
181 128 6952867619783723472
181 129 1158646805008682963
181 130 7233289643809606847
181 131 -8012757161966267702
181 132 -3169075495026367848
181 133 4287268333785207078
181 134 -5196987588729015
181 135 -2380799512576190818
181 136 -111021771210347792
181 137 -2476519342801814038
181 138 -1554714041074741339
181 139 2491465672560449511
181 140 -7532729737418746794
181 141 -938069075611367212
181 142 5596085822248673916
181 143 -2038354965948852423
181 144 -4923338058978634450
181 145 -8871003662881878607
181 146 7538044633467189007
181 147 1018029404602745175
181 148 8936974584527565016
181 149 -4790386766390286664
181 150 -6830689005599772076
181 151 -9092096194385473940
181 152 -3681355544457271928
181 153 3997888395816737112
181 154 5632596761633144092
181 155 -2903777098782708586
181 156 -4806351675535805850
181 157 -4331486648640515400
181 158 7432768490462435019
181 159 1237082241519502654
181 160 449013558232398959
181 161 -6428568677510973236
181 162 -5566627816345695007
181 163 -6791192743063942876
181 164 591481812231607984
181 165 4997739254100291503
181 166 -3562186820145978893
181 167 8293922889241233045
181 168 8735731565424998976
181 169 6489913561814106940
181 170 -3812593909171625388
181 171 4515829941721855888
181 172 3087978266391990950
181 173 -1832215291114390414
181 174 -6076056507928636469
181 175 3022679852203369177
181 176 1438615920548998465
181 177 2508135329385652466
181 178 6795907730051030743
181 179 -4888985668617294854
181 180 2870316606418257802
181 181 6005769870846024460
181 182 2268134170520738449
181 183 -7634363011480352296
181 184 -7938492708842210867
181 185 -5493235825089888898
181 186 3212681071770616224
181 187 7093758576174115024
181 188 4355836027821816354
181 189 6581123881536303367
181 190 -839422954941479056
181 191 -7225671509330914856
181 192 667232029783665369
181 193 8517013100336336816
181 194 -6788478544738435528
181 195 8371830064302247681
181 196 3080581791135841322
181 197 -3257195795783832273
181 198 -1877846587891959899
181 199 5406496185036446805
181 200 -7001625415180860875
181 201 7111418247685000774
181 202 -405374144193061369
181 203 -3269340076313332886
181 204 -9074980710798457209
181 205 -9202587266067682228
181 206 -7762240393477750341
181 207 -4030145300370104366
181 208 -8120751077060096463
181 209 6913230743574732465
181 210 8451720922052781101
181 211 -351529171209482548
181 212 1229740870568764134
181 213 -3733576904828033191
181 214 9017125121125913352
181 215 7936420791477544755
181 216 194464302592589962
181 217 -4070876693866071996
181 218 -2938350379481478777
181 219 -2879482937013004457
181 220 4488669827069956789
181 221 -4262776297504467742
181 222 -850792128697663860
181 223 7863805865953251409
181 224 -4215752051300568572
181 225 -278863005645192404
181 226 7701429424556508183
181 227 -1007802697740147758
181 228 -6958176085311296620
181 229 4578789446703489005
181 230 4732597322300702835
181 231 4861317105923945877
181 232 -2853046477637117884
181 233 9099068865638057664
181 234 -5674879822947312777
181 235 7042948187758820818
181 236 8664703058039663586
181 237 -4553364829232705537
181 238 821441110530272342
181 239 -5771184313929709440
181 240 6731010035166818307
181 241 -5402901381279189488
181 242 -4284422701528994418
181 243 -7616348227504981348
181 244 886013450384684638
181 245 2007159245763086484
181 246 5780432729854451632
181 247 1134025033613678307
181 248 -715879736221367672
181 249 4486841755293914220
181 250 5323785163831048724
181 251 6234545900270722344
181 252 4233389777230054151
181 253 7227439430463772665
181 254 7371920079435021839
181 255 4608362983199919220
181 256 -1548069667465076126
181 257 -5465087978974772891
181 258 -151931834042346914
181 259 -2859503442643778719
181 260 6982877296160645423
181 261 2963129245800992404
181 262 -1027094113001224652
181 263 -6915487618624595068
181 264 -4507723769977556470
181 265 -1978127411403569685
181 266 9207144696826857539
181 267 -6062388272467753948
181 268 -6467369159276328942
181 269 -4783686154070091669
181 270 5999020618726230130
181 271 -3958201072383951788
181 272 362994168276924928
181 273 -1885550034872813156
181 274 -1310075885474385069
181 275 -3907077752758437021
181 276 -83964056364507128
181 277 4176581071036118706
181 278 -4253441058732116882
181 279 -8891032609942240628
181 280 8487949765968635801
181 281 -769839665511429649
181 282 978893564705111090
181 283 3572354353402020396
181 284 -6192245572522091756
181 285 -7506391634338651043
181 286 5997253617531652597
181 287 128238177885213669
181 288 -7693742540562009132
181 289 -9183727111543241189
181 290 -7982319307699667250
181 291 -7749400174417314674
181 292 8493549046756772901
181 293 961023356976423747
181 294 8021418619780983089
181 295 4916755924670227360
181 296 8579083569348117028
181 297 5819730874767116324
181 298 -7117264643065293005
181 299 6285117864861261810
181 300 6919120700085796408
181 301 517899906416304060
181 302 7828225088336450535
181 303 722301164859284751
181 304 3588144970873308308
181 305 8494026663035052665
181 306 -9043331293464136286
181 307 1217509602404607408
181 308 9016325696324116501
181 309 -34256248608192060
181 310 275497886837470340
181 311 -6526351568466658430
181 312 2855556691531802758
181 313 -5262799559625365850
181 314 6306535718038355180
181 315 2944263388833158841
181 316 -4255661961982299016
181 317 662264609037834250
181 318 -8089137113334660680
181 319 -3429686060953102431
181 320 -187829293089816698
181 321 -7238634892894268907
181 322 -9129054406388536762
181 323 -8587758685152998671
181 324 -1947607160288096243
181 325 -3218160094582936297
181 326 -4227783261275460514
181 327 -5508885132246295518
181 328 -3762670006791198495
181 329 8661062132542542695
181 330 -9069942751656962959
181 331 -581361113186355607
181 332 -8194866482190157607
181 333 -2972966836852830892
181 334 -7795343650041544427
181 335 -7820050756007535358
181 336 4508708586061473901
181 337 5314273576401092983
181 338 1768380065572905873
181 339 7348703089452346862
181 340 -6002566658719116752
181 341 587858982738306085
181 342 -4694518003570844387
181 343 6934914094029845387
181 344 -5315860286982847224
181 345 -3488049902391824937
181 346 -414571775118540508
181 347 3151485140536529083
181 348 6127479487876120809
181 349 5698363425803976620
181 350 7859734424322808626
181 351 -2869407230703386265
181 352 9043289378853142308
181 353 6088654808499238519
181 354 -3989463294750107235
181 355 496342698590019077
181 356 -2271437077288488828
181 357 -4754214841903252338
181 358 -4544508191692713465
181 359 -6170276258996813930
181 360 -2887639079574120989
181 361 670598563591946449
181 362 -4299432786506379998
181 363 4291514884906233119
181 364 6337840261389409803
181 365 8233720074569044469
181 366 5159247599409490293
181 367 593854242743024883
181 368 -3781395673295044719
181 369 6277998149724753905
181 370 -7773558131465006284
181 371 41237384529659309
181 372 7929533339156034101
181 373 1234117881469683237
181 374 -7181210460866877983
181 375 -1361579500969072676
181 376 776529487733104263
181 377 -4715844471833223443
181 378 -722633749135432207
181 379 -4577678653269354170
181 380 -7909000985699535912
181 381 -1112006628975838792
181 382 -1105046435263599733
181 383 -7224049935304781868
181 384 -160257867035098129
181 385 -4275761439110040537
181 386 -8988509506926213129
181 387 3665407327289199687
181 388 -2518438325776753915
181 389 -8450156084705740719
181 390 -1238207872256227376
181 391 -4412568438588078543
181 392 1638178724410763666
181 393 6073235569890901208
181 394 5024190630975079614
181 395 4742711325743532636
181 396 7408008245016823724
181 397 -4833732818411095390
181 398 2471748260747329822
181 399 -3253381523070190223
182 0 514224870041946996
182 1 -2309980643040887336
182 2 5982758831170567755
182 3 -6777840670295822654
182 4 -2950102026838040635
182 5 -2221521602700736903
182 6 3003530347454724490
182 7 3246320535699063668
182 8 -1238241415160064794
182 9 6218258940494821490
182 10 -4863555039255005917
182 11 -3938872963889762826
182 12 -7544402883897087019
182 13 -3899088369704431435
182 14 -1697253034370333798
182 15 -5959973944752505338
182 16 6366954202719238305
182 17 5062598909002837718
182 18 6115718456507369751
182 19 -611839039079394277
182 20 594844896848030018
182 21 -7184941278320592402
182 22 -1039048957081681838
182 23 2554521107472167245
182 24 6733654615003613185
182 25 -4084073329050964459
182 26 -7237930821350130634
182 27 6717727634472094833
182 28 -4717850074892245559
182 29 -3185495308304676009
182 30 8145228236606667594
182 31 3528156468881350171
182 32 -1652463043373936668
182 33 1033496890353675035
182 34 -5823246385258696012
182 35 -4927747835102001513
182 36 8684053350811535784
182 37 2001914831560249406
182 38 -4401639076576434818
182 39 7124496960485154136
182 40 -7740442361900476695
182 41 6021865653967984350
182 42 -6535987000586377354
182 43 5107162213018680141
182 44 5734318378002732277
182 45 -6147268147148576404
182 46 899724820804134636
182 47 5170752343407258750
182 48 -3711528351564972641
182 49 -4485732551386383251
182 50 -8037558794310878239
182 51 1799493866474000691
182 52 -4907935280108432837
182 53 -1125551172332470710
182 54 -8303642860207490797
182 55 -1481745780578081345
182 56 -9119103607683728254
182 57 6289665451105035534
182 58 2955514279936033200
182 59 213440909656889394
182 60 -6878123240099378991
182 61 -7038647107097995683
182 62 6749100152605628013
182 63 9177037191234343478
182 64 6092615935503918575
182 65 2296219425382605224
182 66 5652468363574766903
182 67 1481314765075755160
182 68 -5359613702556208661
182 69 -8082364413983309125
182 70 4386735824219464387
182 71 -5696808606383631074
182 72 -3801810871579467012
182 73 4758582847556852858
182 74 -9209551816747652213
182 75 -4635426687042120995
182 76 -2561638012738204241
182 77 2522793523527159320
182 78 -4115762171090076576
182 79 -538374744721934803
182 80 7073906979499387002
182 81 8662827510761895598
182 82 6826077219686653058
182 83 2679416626819311544
182 84 -8804156171156687892
182 85 7383386278973862183
182 86 -1774941009828568447
182 87 -6171397615533931873
182 88 5970316239007511717
182 89 5400310622352895753
182 90 4133694246729449963
182 91 -5514084621142972592
182 92 -6199205117701554766
182 93 3115838188545298052
182 94 -3718904259641348413
182 95 3379582978920399339
182 96 -9061349824348474051
182 97 -4688504780492555333
182 98 -7892580522029250925
182 99 3881748271565551199
182 100 -9202280193715477127
182 101 5261485417447058202
182 102 5423769613448247465
182 103 3964509388773690444
182 104 837116771412391366
182 105 -3723519360050122146
182 106 -2646239552239816736
182 107 -4415175268585881660
182 108 -6892550280477388782
182 109 -7975671797878347140
182 110 7268399784628069395
182 111 -8297182593731458768
182 112 -8105545637805765342
182 113 -7158454935802405545
182 114 -7889769586080082401
182 115 -292958707167814236
182 116 -5060523378398089953
182 117 1006561874326176640
182 118 -1417645365557760150
182 119 -6816845311417637969
182 120 8086242197306224507
182 121 -562308436490149046
182 122 7434722658726174577
182 123 8691169933115645455
182 124 5746878970432548791
182 125 7491194622595672516
182 126 6324496167345777149
182 127 5143255555630566160
182 128 7643455251760453942
182 129 -1546383101782816182
182 130 2503502359412568993
182 131 -6571420039931531485
182 132 -8357501050848028257
182 133 -985520002003988079
182 134 -1196642492774233136
182 135 4609004388014106517
182 136 4340039254750029441
182 137 -4955215698898209089
182 138 -3891180321188952050
182 139 -129404823623662400
182 140 7926380797868192318
182 141 2751641645596168778
182 142 -8754112877801609129
182 143 -8728577309262083403
182 144 8337865617400132302
182 145 8864261764082236312
182 146 -4451951212752192716
182 147 -4615296618670060191
182 148 -2764839046748884108
182 149 -842724883019706317
182 150 -2494586941660742235
182 151 6403712656183439551
182 152 5157388333811977420
182 153 4339094349151599887
182 154 9082451947906812018
182 155 8879936579391718318
182 156 1530390359328853213
182 157 3709308179701769434
182 158 3118084689030978257
182 159 -8291885746978621527
182 160 -5289310588533745585
182 161 1317477757740746024
182 162 8226709903644554557
182 163 -5649750729394430312
182 164 -4230647637149266137
182 165 1393245048749443761
182 166 -3902734877865945285
182 167 7699603928665234539
182 168 372848439721116573
182 169 5995034827775325265
182 170 -9097667119895303766
182 171 -8231993837471067620
182 172 -1441135402218315090
182 173 -4808467359601190802
182 174 1106656869924221589
182 175 -7495168707035933543
182 176 -970523348030522799
182 177 299750109022804430
182 178 5334128698535623186
182 179 5754793943978498857
182 180 2665836925092787896
182 181 -6979551226510282879
182 182 -1374486836152369150
182 183 -4224439148618226560
182 184 1798346807996181031
182 185 5148785045683188767
182 186 9193975428694338687
182 187 -9120480577201455368
182 188 4246951952665366080
182 189 -7243317399940627242
182 190 -4413228914600082342
182 191 4044764010541849836
182 192 5521061671004305683
182 193 -9088014408136819854
182 194 7497350630330610668
182 195 1256971869326961873
182 196 7906362747556694977
182 197 -479484523541131396
182 198 4811708607978403617
182 199 7602828052264455061
182 200 1170436117396649414
182 201 626262144354155236
182 202 -8942331042535417230
182 203 8898865935127863599
182 204 -1265901597534474261
182 205 -1681179348789203351
182 206 8161073154257751909
182 207 60434905399618804
182 208 7485239946926180508
182 209 6215203639198121600
182 210 -3832556366559579030
182 211 -6333901134240872637
182 212 9078225033805955760
182 213 -8802428631953590257
182 214 -4777815086102432038
182 215 3770282490933383541
182 216 3645195256825710961
182 217 -4083428803175058338
182 218 -3160643466166671194
182 219 -2289515108044088542
182 220 1313058403944365530
182 221 -5248109850516552434
182 222 1760836354060514555
182 223 -8638026128511553882
182 224 -3524070310263090437
182 225 9183712634292373388
182 226 -3237479461661981506
182 227 -1310194555356491015
182 228 -7532611829122180421
182 229 -2993914858492394642
182 230 -7275599239651549172
182 231 8550490559207036699
182 232 -89493706831782394
182 233 4866043028199295259
182 234 5556215736362052489
182 235 -5058086274284935241
182 236 -9047934783287551985
182 237 -7409024503201408229
182 238 2410993927234713255
182 239 6264470082306993125
182 240 -7208401467206201413
182 241 7640272166379574042
182 242 8088761952062194262
182 243 -5562933112586752489
182 244 -8818599021128637326
182 245 -4579781288773846354
182 246 -5695690900691184358
182 247 3936781089708084275
182 248 2499165527722913906
182 249 5353296557160840528
182 250 -3552715868537347052
182 251 -6004836564342208825
182 252 -6326203623053839498
182 253 1022672414043875467
182 254 6915364329733089261
182 255 -3935673105943816680
182 256 -7958586370063187361
182 257 -1344671213381638285
182 258 -647471729732974101
182 259 154127746048781699
182 260 5538553876857108993
182 261 3934211194793001658
182 262 -3115631530608989272
182 263 -4972844539284305857
182 264 -1500641442609632574
182 265 8871310543053277961
182 266 159681427037084100
182 267 1464223512749476936
182 268 -4587751428848964115
182 269 -5762005260552972501
182 270 3664137394497178453
182 271 -6738055014887598135
182 272 1315906380827258607
182 273 -7144454843621543038
182 274 -5314791891989420380
182 275 7551665154002159680
182 276 -7036801297142926626
182 277 6882070724569569905
182 278 -6180228738666051626
182 279 1169364634474994357
182 280 5232271874016268180
182 281 3026150360146713922
182 282 7329004743497202239
182 283 -4451304710021869843
182 284 -8041454987301213783
182 285 -1226651150101866874
182 286 3303192754025813391
182 287 8929880552166657301
182 288 1095719095020096471
182 289 8117508137514936639
182 290 -1829635776222204950
182 291 -4416444845840228819
182 292 -8429551586308544067
182 293 -1750214698612642617
182 294 -9021899361526193990
182 295 6748430759792233680
182 296 5389339214385570183
182 297 8133834557604324326
182 298 -5415972338459167896
182 299 -5650592153454570646
182 300 9107825115687245693
182 301 6204774230758906074
182 302 -8093532628649373940
182 303 4218792811570526547
182 304 -3114885934470959607
182 305 -7007152534066150640
182 306 -6784467634846649974
182 307 3077895785057882468
182 308 -6995382262014793270
182 309 6405996816088513370
182 310 5293074789672160440
182 311 -16131998275517331
182 312 4668012935260165047
182 313 -1314502867394625328
182 314 2279566212643926581
182 315 -1038680024623295343
182 316 8580870220419515764
182 317 -6411455814547691321
182 318 8728497973898610343
182 319 8280422342846982910
182 320 6829866878307613061
182 321 -3844796594919575467
182 322 -9146999723793572395
182 323 3891379752997757426
182 324 -6346846154229965151
182 325 5549427658440257208
182 326 -7131801378545296184
182 327 -2343341491671320729
182 328 4910146687794147165
182 329 -3552573348638400594
182 330 9157290952527721450
182 331 6797330842454563824
182 332 -337193910610088288
182 333 -7124303990483612747
182 334 5527008950249943778
182 335 7373431991965075026
182 336 9094085288650012819
182 337 -4513978242527182349
182 338 -4048308463354216221
182 339 -5071227378990385582
182 340 -8710666704279504532
182 341 -7203190062237169734
182 342 4439358184982938241
182 343 2589232965113297758
182 344 4794465299839213848
182 345 2638909284473237285
182 346 -5225954279670661471
182 347 8454232427981131789
182 348 1295217739043568040
182 349 -335366459882662620
182 350 -2221145524060985891
182 351 399703045044079071
182 352 8047740093184124291
182 353 -5873965700711826096
182 354 7668666658611721285
182 355 7020539045922984054
182 356 8723190941267478882
182 357 -1825029644944494104
182 358 -296477560354222514
182 359 -2836571026400396465
182 360 -3233690355308601678
182 361 7377745983642920497
182 362 5457927371144064949
182 363 -8714268544042316355
182 364 3732875375234533993
182 365 -4269335740076682172
182 366 2302158942608056808
182 367 8091979510726921577
182 368 -110409716493733932
182 369 -6031124859912463578
182 370 824387992900884595
182 371 4534968073318340928
182 372 -984808883388273107
182 373 -3033998982319115351
182 374 6268039124605968202
182 375 6261845970460689908
182 376 -3044108260117112249
182 377 7697851207914424326
182 378 -6247750148767584862
182 379 1084273855178457669
182 380 -1403414419520668902
182 381 -1015439341069959248
182 382 -121231607947069402
182 383 3557052621317064331
182 384 4359705230428685611
182 385 -6239941549336693980
182 386 -5874870629321076716
182 387 -1111839939625898942
182 388 2813225125957857981
182 389 4160794706465990002
182 390 -6772099398373966549
182 391 1181191591613094585
182 392 -849872934581238041
182 393 -1061212586057686867
182 394 4792541939301467169
182 395 -4151293533654861136
182 396 4948299044140098047
182 397 -1998109337544683133
182 398 8538235305299508861
182 399 5635519727625032855
183 0 -3114727730512025848
183 1 -169207717603312057
183 2 -473717165484416628
183 3 -6351955583301713466
183 4 2364301538168237259
183 5 -5817301154569480182
183 6 6437727227709833488
183 7 6535326001355867504
183 8 -6200567861285005901
183 9 -6101402698424295926
183 10 607558211917315442
183 11 4724212532294169036
183 12 9210923093566859312
183 13 3710640081312739099
183 14 -1236634579472012332
183 15 -1181239056414042576
183 16 6351794831528946047
183 17 -897635083043692155
183 18 6857360864717964357
183 19 -8440697682573061388
183 20 1721549966831622419
183 21 6865897811403677325
183 22 -7900943216515997739
183 23 -8210144789848826317
183 24 8850980145231998880
183 25 809631379609296130
183 26 -5197473602338914488
183 27 6292736560771278952
183 28 5930310859853617362
183 29 5566123058018923526
183 30 -4744648383800420463
183 31 -5102348537517376080
183 32 4742850239773946315
183 33 -1058738741183928842
183 34 7045003898664218792
183 35 -2169492011297724756
183 36 -5712510586735009618
183 37 -1544624069554668789
183 38 -2537857032812953507
183 39 -6167805344517601824
183 40 -8954422247700164124
183 41 5500080805768298764
183 42 6358038246731106504
183 43 -2980244328522227395
183 44 1170869005901098994
183 45 -4369263061711359677
183 46 2998014452929123450
183 47 -7297473756711619900
183 48 -7223249803539642586
183 49 8050446399018408452
183 50 -5536723565515708372
183 51 4375180302890052488
183 52 -2234418031579027843
183 53 5238755779235756666
183 54 -7679718798967415542
183 55 2610338607063720454
183 56 -2542081433255536404
183 57 6726293437360017381
183 58 4111886877991153795
183 59 -6982463070103087722
183 60 4358343274765969703
183 61 7835649642861347991
183 62 1595006470164789490
183 63 1465892435466528608
183 64 6430013458551962693
183 65 -10762852795626796
183 66 -1968716600183083487
183 67 -1584060798263919666
183 68 9216625608826175300
183 69 -4773368894260964591
183 70 4013589604084129248
183 71 -4747109967110846614
183 72 7719975062806254346
183 73 -7397656689534939711
183 74 8020016154852606388
183 75 -4906092973326517631
183 76 8598848301820035296
183 77 -5863844286131272155
183 78 -3860496078089483441
183 79 1999449551354546355
183 80 2129848161158352907
183 81 5613493399019509459
183 82 -6368085620741044977
183 83 4882111443010846292
183 84 -3356956645526830223
183 85 -4135393158454842916
183 86 -2104350347309901049
183 87 -7747928434585840871
183 88 3855752458231664999
183 89 -892131013651735008
183 90 2197315496791183283
183 91 -7338513086050771008
183 92 -3666594897014330453
183 93 4484485076661346897
183 94 -8024947016347906371
183 95 109084299759730856
183 96 8779360264614649377
183 97 5274350239195046407
183 98 8087655726399536025
183 99 -8393892837741078966
183 100 498237304310294191
183 101 -8595110373619593184
183 102 7407622288152007323
183 103 -2949038943818046847
183 104 -699556035811167593
183 105 889768207019312580
183 106 -1130350446241828320
183 107 8609632357905151423
183 108 4169347562445999129
183 109 1673695437122468193
183 110 -3669173264759640494
183 111 7178907584806178553
183 112 -5204363912835739905
183 113 3548464608555347967
183 114 -805115307858360936
183 115 3361064558321917826
183 116 5102880141817422820
183 117 3393236117290238877
183 118 4853479009722090991
183 119 -3934779043461460141
183 120 -4872658666726017202
183 121 6230467790948412348
183 122 -5060256516139923132
183 123 -954195875568764480
183 124 5076073303849816382
183 125 -1326029830514310915
183 126 3283801152858890080
183 127 -1956849121453703672
183 128 4457925570379616098
183 129 -514741979379197534
183 130 -818058005222393847
183 131 6190840495686806022
183 132 -1275100771220017424
183 133 -2425017868870723419
183 134 8690967647373336477
183 135 -8853135781598247924
183 136 -7138113262807488299
183 137 7328139308514329921
183 138 4912763163352457594
183 139 -2485834315269996362
183 140 -3242166818252563074
183 141 -7523811086606749787
183 142 1494904924005238279
183 143 5102550334422584189
183 144 -6043591517441068871
183 145 -2585405921221741132
183 146 6931117048478919557
183 147 2479503672838507029
183 148 -4730256277065180062
183 149 7823280290639556324
183 150 -5652241586909035197
183 151 -6025873627652951326
183 152 -2059364684809473703
183 153 5762131224748133546
183 154 5432200226097618415
183 155 1785888214850402514
183 156 5356243431982616059
183 157 -8163868099519056042
183 158 -7729290051922020058
183 159 1864226692768285440
183 160 6006504166635205276
183 161 2544623087883631208
183 162 -524396475045094695
183 163 -5809695510447013164
183 164 7620911545003289688
183 165 -1801939163929143268
183 166 -4122051535512572829
183 167 -7129963769553429992
183 168 5871934970715771756
183 169 -7851537929632120011
183 170 -3731090637291956267
183 171 8382826065287861541
183 172 -6929381590700508226
183 173 -2666302581902322327
183 174 7828006808291917650
183 175 2722342289870988055
183 176 425156819358349143
183 177 786458344695963168
183 178 -5100705552382543589
183 179 -1372498025446086069
183 180 941131221127510390
183 181 6172302458632157589
183 182 -909682913782413329
183 183 -7656150508561508802
183 184 2755651762947267118
183 185 -2331408121355685531
183 186 8810870954729358119
183 187 -1973459940668811141
183 188 -4599633186710631446
183 189 4381778993291631306
183 190 -7466470539858498354
183 191 7184681767384414648
183 192 4672544894298666544
183 193 8758707145901023791
183 194 -1098384750835073379
183 195 7079036656823228715
183 196 -5218975469668487170
183 197 615688095631456877
183 198 5673471219188800559
183 199 -6568080098667856497
183 200 -1426744114037660056
183 201 5506454864000123549
183 202 3375933817646270427
183 203 8956223987707254284
183 204 -7895374531660978039
183 205 -609618313724389612
183 206 3812404448945887198
183 207 -8334243637532613872
183 208 2957758834281029508
183 209 3261171057496375588
183 210 -1110432988265153555
183 211 -868407569397677528
183 212 9031449841167721677
183 213 -8532342418525732533
183 214 -6755153947043680746
183 215 7771493798034072130
183 216 -4085631563407222877
183 217 -2897805892696059949
183 218 3327355935822408658
183 219 9003230424827068002
183 220 7659513069404733997
183 221 -1083338860295193175
183 222 -6252237109881924435
183 223 -395375930321914607
183 224 5682696020412856172
183 225 1489832993043662831
183 226 -3553821139768452239
183 227 1157553293922012856
183 228 8920310363789464756
183 229 -3013924838839532242
183 230 -8318603538953218449
183 231 -7095788924137030236
183 232 -5116566280248467599
183 233 -3204300776728518217
183 234 -4086864265802125216
183 235 -7408127453922385767
183 236 -8417112022962849537
183 237 -1012330151481093425
183 238 749579825215860183
183 239 4280398410357051338
183 240 -8557792968595965723
183 241 2457051624683628336
183 242 1625068948405790123
183 243 7359764991636275794
183 244 -2345950746396364784
183 245 -8998699887551690468
183 246 -8475493390439703114
183 247 -2906887786424233863
183 248 -6266417965057369419
183 249 1818558232664982323
183 250 -4124131720025132690
183 251 -5265285210989639507
183 252 7495924063217929877
183 253 2910851953611514738
183 254 -4831259500614859031
183 255 3725639931801836463
183 256 5278591370476495601
183 257 5496757914669102129
183 258 -2174604102700730363
183 259 8712474398952668487
183 260 -8589107853016281356
183 261 -783950429039363369
183 262 -120956593356130282
183 263 -2402243433023843010
183 264 -1939297135213285372
183 265 -6974684550443266174
183 266 6592084097475898904
183 267 -5034599038434464000
183 268 2144916347264679307
183 269 -2173285577847367468
183 270 1484626955573152236
183 271 -8942478486625798972
183 272 -80300739165046233
183 273 -8011040414826698130
183 274 6206020059716384331
183 275 -953227237587176716
183 276 -5201963744177444158
183 277 -7520362121149441140
183 278 919282004805170582
183 279 -3714202656673570057
183 280 2086768613480392975
183 281 -4573255410687596616
183 282 1358626281079159897
183 283 -6248977003679091076
183 284 6410215709773515107
183 285 5320334150929027351
183 286 -1404510292483261445
183 287 3331447506067114656
183 288 2896673345417415915
183 289 7055985352001916107
183 290 -2200440236605756022
183 291 -7895044054152491830
183 292 -7007533214975948097
183 293 -5731214095373449605
183 294 -5202710415066240191
183 295 -2406596685967524411
183 296 -118819196904105559
183 297 5739804978453991670
183 298 -8406639571562354830
183 299 7925665838822668827
183 300 -8793070285090188661
183 301 773835619155662817
183 302 -2627713494182059965
183 303 -2410823148746734513
183 304 -3829474157574419691
183 305 6072186391057239141
183 306 -6294474629643349047
183 307 8536323982258098533
183 308 3457355149804801537
183 309 -8375096398791601256
183 310 1732788873200590228
183 311 433723757617046908
183 312 -8989496010233244026
183 313 6358620873116847221
183 314 -2242912220881906515
183 315 795466985238631304
183 316 -3437931901520884435
183 317 7313470172630161464
183 318 -6642971686916009860
183 319 753639159641159863
183 320 -5191986473156705450
183 321 -4771887780136046303
183 322 -6720179738370485995
183 323 -2062797180837740371
183 324 -6728934361154957961
183 325 -3916844487306615875
183 326 676017447390774412
183 327 -465045492505851805
183 328 -5010619002217743521
183 329 -4502031015166782707
183 330 8399282286611755588
183 331 -7946832396865162633
183 332 -5174182222171247539
183 333 4761759815649450380
183 334 -3822364298446286259
183 335 3059892195154373319
183 336 -2184086940755151588
183 337 -4707305552570868702
183 338 -8562236571260547179
183 339 -4229630261565224545
183 340 1247636007085517341
183 341 -7578926406548296838
183 342 -8253220014374003590
183 343 -7234873682073321373
183 344 1936150107525192881
183 345 8781982409332579869
183 346 1896815847218760368
183 347 6171272105912772161
183 348 4991498152142894588
183 349 6402794888112215710
183 350 8350018262637013479
183 351 3336228400046134874
183 352 6155088541898605189
183 353 5090608212516026594
183 354 6081978682768623005
183 355 8227777577405463563
183 356 -1221744605937004806
183 357 7677227281381708329
183 358 8145801024300108964
183 359 -2323634792479842886
183 360 2111933651388630448
183 361 -4352482515195532601
183 362 -6956401348310924946
183 363 8052371518199580226
183 364 -8103025331154119702
183 365 -6765972567958389367
183 366 -6874388239792395291
183 367 -5225102416889410212
183 368 -508873195645330850
183 369 -1315574175093012070
183 370 -7684424750801071652
183 371 2724410334330422781
183 372 -3418892662541683247
183 373 5149692053528102279
183 374 -6506925589201698715
183 375 -95497887560957129
183 376 -1810748162984425194
183 377 750535692488135793
183 378 8125879468080188615
183 379 428473343486723816
183 380 7290383485394481621
183 381 8793205756990864762
183 382 -1030891797508738613
183 383 4803489873102985988
183 384 -5356012994781092027
183 385 408071530240363292
183 386 -9060825942607452201
183 387 4962917061361034068
183 388 858650206250740630
183 389 1675484341436017238
183 390 5999377968830834420
183 391 -4144072130925296117
183 392 -2763991489511642163
183 393 -1599874426217814572
183 394 1625697100235170433
183 395 -584387131354142556
183 396 5510904727533489522
183 397 5833521629802376980
183 398 -7636508544609624896
183 399 -1817560742902264741
184 0 -201978581442999562
184 1 1016711440285847113
184 2 -6537095499900740296
184 3 -6257779732528143345
184 4 -2798934024644263602
184 5 2848199872182767713
184 6 -3641685792004255025
184 7 7453718763084996632
184 8 -5103576470240384103
184 9 8186519996365188035
184 10 -1235551835548553489
184 11 919679203114356480
184 12 2917249313279044175
184 13 -4173446173835126454
184 14 1511065251017802330
184 15 -3273362639627506661
184 16 -1473715197138971820
184 17 1520781444624922328
184 18 -17862261059749573
184 19 3011726683899282339
184 20 5933451892307198458
184 21 -4498961324130634234
184 22 2698451941154159156
184 23 7379171875580204792
184 24 9095891987221799124
184 25 1479621418239243945
184 26 7370780988858865277
184 27 -603675916108036179
184 28 480693959035149635
184 29 3196522044964032590
184 30 6452601239942635774
184 31 2652627993766144821
184 32 1634810656382012735
184 33 -7490417198053383960
184 34 2996935263190302077
184 35 -6921294918688479165
184 36 5113614138887724314
184 37 -3070055846573803186
184 38 2423411456539405455
184 39 -8203923983451390626
184 40 -7226104012982946128
184 41 2784875012243787329
184 42 458810585378521417
184 43 9837888977309748
184 44 -7134822162341747995
184 45 7869464807875451217
184 46 -3204665557989807936
184 47 5338794829288547033
184 48 2576926173248160295
184 49 -5510677712989655541
184 50 -973518568252917955
184 51 -8964031567001129936
184 52 -6560631266800532462
184 53 551415769804823584
184 54 -1795650311499596280
184 55 -3877736501744519763
184 56 -7956697204080667094
184 57 -6620038228771120875
184 58 -2086420120713858182
184 59 -6839428295928453332
184 60 8206076510120960358
184 61 2400285202594011076
184 62 -3847922860154113098
184 63 1759227431000304032
184 64 9193911680410968297
184 65 -3552463552222401006
184 66 -7420796770195053661
184 67 -2070451838488882108
184 68 5215969238450114066
184 69 3448287515390853172
184 70 -4568378011668987376
184 71 -4311534723830807145
184 72 4275632822410427832
184 73 -8363979493471796496
184 74 -5896447369776798913
184 75 1688520869128400677
184 76 3249209993386639699
184 77 -2535273281055228063
184 78 -1502843988219238165
184 79 7261912148678284414
184 80 -3510053323274977706
184 81 556696504505451830
184 82 -6699201244999948916
184 83 5340991387974915421
184 84 -7630458713416350341
184 85 -2979972072404242043
184 86 3638385207700186939
184 87 -3441931436994904820
184 88 -745010414784919818
184 89 878428373111769592
184 90 3266222552487386134
184 91 9134009177250296454
184 92 -5689925285084796421
184 93 -2022752251310626510
184 94 -7719303101255345690
184 95 -1569422294372116499
184 96 -6454453173204143314
184 97 -1743048437915444916
184 98 1216187659700221840
184 99 -6341899737544844967
184 100 -6156085408094724586
184 101 5395008436199914339
184 102 3074273453269776635
184 103 4622596315929534472
184 104 -6163734564598934000
184 105 -6319981326465293674
184 106 -1161653978585679065
184 107 6385811271295743247
184 108 -1827070788054747757
184 109 5639781604927598261
184 110 -6316938088576608726
184 111 744915090188261392
184 112 8298623570283093246
184 113 -5055167321405997055
184 114 -6193150171860867406
184 115 1540049040471234222
184 116 4451156857280579084
184 117 7822641551948633929
184 118 1088966156639681920
184 119 -8645697090092049696
184 120 3024060357199088900
184 121 9054278980462599334
184 122 -7346943379295486197
184 123 -7391067175698124505
184 124 -722324229914826603
184 125 -7806361421205538415
184 126 -4379356348446840673
184 127 3964134687304504900
184 128 6862074552713587005
184 129 2485375990125854824
184 130 -1488270870032008126
184 131 -9037162847178053919
184 132 -503745059941163557
184 133 -3710984008126833289
184 134 -3822162406184078054
184 135 8185215893551342081
184 136 -4520478805560776792
184 137 -5660463513922907508
184 138 -6785717238910546290
184 139 -10018533301391081
184 140 7900091745181299019
184 141 7506155552910949608
184 142 6866587284493682243
184 143 -1939428447284678981
184 144 -2570435772780402949
184 145 5445188512399771567
184 146 3770034783461251009
184 147 4252333260995790206
184 148 8828805512548862945
184 149 -2453138130773023716
184 150 101418815718398451
184 151 1012038680855747876
184 152 -8075546287680767023
184 153 -4290707570978924270
184 154 -2692887533173691395
184 155 -8797308358276203825
184 156 1294689243108847573
184 157 612717675595108595
184 158 -197903165990931426
184 159 944522660572524378
184 160 -5600599612682525593
184 161 6249612425308361842
184 162 -6990179495489424353
184 163 6077896541899929358
184 164 3310563398835166641
184 165 221144421360227961
184 166 3523227611712832164
184 167 -2475347802055296782
184 168 9148075758193021154
184 169 -1036575535056536727
184 170 -3022743538946653717
184 171 -4791268185232218017
184 172 -7899131425116549301
184 173 7691900868305549527
184 174 7248119626122607901
184 175 -8282315439753486303
184 176 4869170551128243058
184 177 3893795899776622136
184 178 8291337204295460981
184 179 -6695390046406572563
184 180 1770090619509184074
184 181 -6483276295617044205
184 182 -734104408034834957
184 183 66485147436095638
184 184 -6137156050680194099
184 185 4370211907696141767
184 186 1872218087634232709
184 187 -332264266451483688
184 188 -6904998159569968993
184 189 922690979407349872
184 190 4016193175680743278
184 191 5057441731451102377
184 192 3065450385760409253
184 193 -3236446117638804993
184 194 -20160676174621397
184 195 -2442393962290641707
184 196 4320294694068035394
184 197 -517379852108518173
184 198 3445555073705333213
184 199 6545709623771458194
184 200 2913957219528588547
184 201 -5452856430821377691
184 202 6222944705494422887
184 203 -7862774846383623157
184 204 -4247971680537839671
184 205 -7020959487633692679
184 206 9175214303017123794
184 207 2742683930278774692
184 208 -2835347429441611126
184 209 -2452385574887161926
184 210 -5157366297638567306
184 211 -6674789708620753224
184 212 6098475208912297153
184 213 5906394746108498213
184 214 -4034149944400289612
184 215 -1146968880370018511
184 216 -4183872309630294578
184 217 7272180878264060342
184 218 6236255680270493214
184 219 7117975945872761572
184 220 5389621890355890744
184 221 -4270541292103169350
184 222 -1617270945868745509
184 223 4581478643949208650
184 224 2498394010241886565
184 225 1194597827529112655
184 226 4987042218309513655
184 227 2024869158237997969
184 228 -7664564185701442444
184 229 5410281271875006615
184 230 786366455814772306
184 231 5674595765350034430
184 232 -3181621901818358056
184 233 7578738442999391416
184 234 -8589956096916970870
184 235 2772426604763088944
184 236 -5593209922894715132
184 237 -1122087647698909819
184 238 8419024387762801052
184 239 -7858243874898589427
184 240 1082918346664649572
184 241 3478633528042061232
184 242 -5346582786613921148
184 243 4917384017227560824
184 244 7970834374428809207
184 245 647917561528458113
184 246 8880427605567888923
184 247 -3227728772783546020
184 248 2986338510544883380
184 249 3981424604547269640
184 250 -2050466126418314312
184 251 -1575503870266750878
184 252 373193421315042972
184 253 -1357853353474662702
184 254 -6822284289240428688
184 255 -4561670921380519684
184 256 -583484609648226234
184 257 5860753359090836713
184 258 -6480447025979695191
184 259 449508011898973457
184 260 -7222096263475490082
184 261 -2957005277412287254
184 262 -3405721536893849099
184 263 300869227189849633
184 264 -3386557750217414029
184 265 6470051427000345193
184 266 7297491912941011920
184 267 -7161204000636429729
184 268 -4001556751533754499
184 269 -2860038266090200395
184 270 4299537846736506826
184 271 7778801832151365600
184 272 5289949827681672029
184 273 -3197541400610559547
184 274 -4072072393920235908
184 275 5517236139508049572
184 276 -4264485774107425517
184 277 -7462257018809959727
184 278 -5109891760912277261
184 279 3845064522826340600
184 280 -176872171804437904
184 281 8272556060620486018
184 282 732981035155337847
184 283 6108244989057667294
184 284 350593658473129778
184 285 -3130881265291980245
184 286 -915177973683654315
184 287 -858295371254984600
184 288 -8550216307054414763
184 289 7025491128465562384
184 290 -2972498806901691087
184 291 -2532585217579690359
184 292 -5015666843520335046
184 293 8708751659222457096
184 294 7219641865491224290
184 295 8284150879441918115
184 296 -7545222254022290834
184 297 -7685495575466722392
184 298 1227942682656153349
184 299 -6590495817220197045
184 300 2224171717005507761
184 301 7341290355978135612
184 302 -1476108317565451265
184 303 -4659414665194052342
184 304 -9129201444573806965
184 305 4500423689102149061
184 306 -8015381624967307032
184 307 -8223146809867009724
184 308 3358077412927867432
184 309 -2465662806921506516
184 310 5758565081334970083
184 311 -4673749938828217932
184 312 -2003365416130486808
184 313 -8422351350860338316
184 314 5601823427558255556
184 315 2457077142661185213
184 316 -5103303334396655931
184 317 3156050331384157916
184 318 -8228954338817055126
184 319 -7694877857934769703
184 320 6059896088022665403
184 321 1151272069511465926
184 322 -6637852073003122324
184 323 -4062127131321264205
184 324 3363420453799479294
184 325 2420365424193664240
184 326 316434115634197534
184 327 -5548046694420297119
184 328 -8523479919027707095
184 329 8679002247426610142
184 330 -7566037269622687343
184 331 -8110447115951375002
184 332 644175517870286865
184 333 6243795936188629044
184 334 7643905328914286550
184 335 5781164781282558954
184 336 -7040387053932542492
184 337 -4734378371998344829
184 338 5090351860000552323
184 339 -8595703187711392880
184 340 -6623329949382235981
184 341 -3766868421628824102
184 342 -2226365646808726586
184 343 3387107089346836070
184 344 1562546567779769220
184 345 -7704149442758257519
184 346 -5395418055099679298
184 347 5132063117316936303
184 348 8522654925769294974
184 349 7057249417061244509
184 350 2030484470486789208
184 351 -2623800386684295825
184 352 5077401965464305226
184 353 -358938016047701722
184 354 -4013348718747798249
184 355 8619742757425017060
184 356 -710431288220766251
184 357 -2128458869569760542
184 358 2741514573703296005
184 359 7862795694853097676
184 360 -8111283337782007065
184 361 7926527893923278844
184 362 -3469667671678201248
184 363 8543825265369961884
184 364 -7547350629575775975
184 365 9165441700243570980
184 366 -5117264211483366258
184 367 -2825696895944542025
184 368 3640492116341858387
184 369 -1115526489603434701
184 370 -7397762677272871877
184 371 6908020246176439186
184 372 -1794852735563112735
184 373 4524058007313655013
184 374 335756575521178662
184 375 1369044039192773678
184 376 -6798843913586887117
184 377 1606993603120270928
184 378 5926117159627462840
184 379 -4313061279826307316
184 380 5896428359870612754
184 381 1297238192385960292
184 382 -5447846693455041018
184 383 3304420300531176125
184 384 -7562446134209329995
184 385 -864610971004513383
184 386 -982329082656893387
184 387 -222672704352303460
184 388 -132788758077911927
184 389 -7802478802367633716
184 390 68044293024304665
184 391 7458504493190183585
184 392 1344964514044284547
184 393 -3070727292484189804
184 394 2895337405204722870
184 395 1635443818946301119
184 396 -4005463160541225378
184 397 5080004254860621198
184 398 2904393209932154451
184 399 -7795498994963725113
185 0 4827070360087536946
185 1 -9175456140627482836
185 2 1716416800032012441
185 3 5202274439860406750
185 4 -8504683591490931882
185 5 -3714124106374601213
185 6 2056078787844714901
185 7 4128020048929789282
185 8 8340888816296221296
185 9 3113700997607511044
185 10 4169711291334365126
185 11 4154554210675236355
185 12 4461582319338772077
185 13 5114688444781465518
185 14 7908558579211143571
185 15 3001669310716805968
185 16 -6838194404957355896
185 17 -9032990854521349911
185 18 -40094423819700180
185 19 -8891416187487320326
185 20 -7598139974411167374
185 21 -2855960616438882468
185 22 2049964558579417221
185 23 1458932592009162988
185 24 -7198188877048990554
185 25 6107254022182233624
185 26 6126717816382215792
185 27 6120926061130419027
185 28 -4827172607857390631
185 29 -1808834255880238389
185 30 -8892028619414896226
185 31 4271007767790709213
185 32 8227484428038136058
185 33 5692974596665661295
185 34 5993599060911379859
185 35 1855659354180666691
185 36 3622690145910235609
185 37 2092135809404389257
185 38 7264275132255438908
185 39 -4744243508465403112
185 40 1768259908351927348
185 41 7581275090378569208
185 42 -910688713056912185
185 43 -5052768864513873769
185 44 9021782305450912190
185 45 -8022018967717128870
185 46 -2516258542694779285
185 47 -6689989643805302978
185 48 4149631000927544305
185 49 7179893453469691956
185 50 -180301593614419465
185 51 -6303587949619437112
185 52 5185600914555653920
185 53 3451174935957117599
185 54 2069688253192562636
185 55 6723654132891909574
185 56 -5429638843349333837
185 57 447875141486838847
185 58 6636090127276874646
185 59 -8623057160474707430
185 60 5005185352492349848
185 61 -4607123167065764813
185 62 1539281083176571902
185 63 7346760579512617555
185 64 -4448733207274714182
185 65 -8191298994229900973
185 66 8017818191831523743
185 67 474104438617146738
185 68 -2103252821889622238
185 69 6055472438946115212
185 70 -2875493635214641905
185 71 -6802897563551825411
185 72 -6337507719749405294
185 73 -2227722151292963016
185 74 -1331062648779858695
185 75 1682564549293651606
185 76 -6623024547598561364
185 77 -6965111152118916612
185 78 6105080056486540112
185 79 7145992847698029371
185 80 7789354538716280600
185 81 6231343459343425763
185 82 -1601189546715917419
185 83 5505214955665144999
185 84 5326851747059809750
185 85 3988625428926441576
185 86 -93436402410565499
185 87 -8079253309765515457
185 88 4047251958230700569
185 89 -5409073236449559246
185 90 -3332086544274662682
185 91 3969461497510135875
185 92 960361229568655337
185 93 -6737834863432144527
185 94 -4273706284108550953
185 95 -6043035306089482761
185 96 -8974644229471673084
185 97 -8027711820389845747
185 98 5710310810597434770
185 99 9158970758181422659
185 100 532073114297551424
185 101 4722796449334577118
185 102 340079395976018645
185 103 5159708476914675137
185 104 6799873216121366711
185 105 8546448652107003937
185 106 -2699396881196248621
185 107 -1082172203219801488
185 108 8504266966246005657
185 109 -6150057860564941337
185 110 7689641090340105126
185 111 4187459108741665371
185 112 -8490224145468972844
185 113 574725429314379847
185 114 7597194500762826083
185 115 -3940232905490966314
185 116 -1015485488072685334
185 117 2044327091498157076
185 118 -5032388282129775403
185 119 6928707250846290802
185 120 -1668426521625009188
185 121 4019959273322189255
185 122 1111987222419220615
185 123 3039766073381622470
185 124 -4814093179128857944
185 125 1584249121636244724
185 126 1519587140539332570
185 127 -8627723388869932085
185 128 3221624215247006994
185 129 2561963686593820528
185 130 -4386582694548204782
185 131 -7096081592520116482
185 132 4886748889007424868
185 133 7192728713880354645
185 134 -7827703434172425601
185 135 7037045901219215989
185 136 -2680240808427410536
185 137 -6031794542474369479
185 138 8400506069269142413
185 139 -9177284773833368768
185 140 -620172190231049415
185 141 4572822656993230928
185 142 -2199997690532877008
185 143 4646323081713308255
185 144 -5197019838768582866
185 145 -7514956340371862452
185 146 -5066362169869879324
185 147 -7253498891490728306
185 148 4587948428233387748
185 149 2862051051598818190
185 150 -5878579836672248946
185 151 7308510209680566758
185 152 1840383532522708001
185 153 -4489404655089293356
185 154 -8517092437359984885
185 155 -5746972335192580203
185 156 -4244196941278501458
185 157 121736275993414025
185 158 -6486450306186706888
185 159 -2668084129344081486
185 160 -7026178710512684763
185 161 -5418992612103976295
185 162 5600841795308610755
185 163 -1660587049302725937
185 164 -5275778599069044955
185 165 -8620344348239376648
185 166 -2061813766321750560
185 167 -5450553639989573186
185 168 4560130811967883613
185 169 4643912637110097570
185 170 3359439674142641471
185 171 -6727826771114481065
185 172 7103982147092988415
185 173 -2883571118141305070
185 174 6958475351038154491
185 175 -1663166030481974632
185 176 6528428337195289930
185 177 8488631362242981492
185 178 -3147409240709310247
185 179 5553723752434238471
185 180 6547606199302397818
185 181 -5953155022470770806
185 182 -2197828631261429320
185 183 -1941096655080394484
185 184 -2796358854262366378
185 185 1926144582561575078
185 186 -7581101935979505527
185 187 7944826547749268000
185 188 709535677443276084
185 189 -4369384434922962600
185 190 -596490680229584385
185 191 -1329586102738211356
185 192 5118395365758903137
185 193 -3869337017471341215
185 194 -5229465374516382774
185 195 -6944157633568082539
185 196 8217054876975878104
185 197 -6682654391028831514
185 198 -6071863814368832393
185 199 6041476601726968107
185 200 1962212891312513227
185 201 402557186617555988
185 202 4667848904350551667
185 203 -6891985398638428531
185 204 7200555600610931722
185 205 1237662666426708531
185 206 -3985814784085164572
185 207 3181058585989085230
185 208 -4611763575118920608
185 209 70607332073725056
185 210 -5385249561095376336
185 211 83739347544871207
185 212 8059487823311599792
185 213 -3879739388340907346
185 214 -7311386165616395784
185 215 3472796175561072573
185 216 -1593242659451143369
185 217 -8076350712374310389
185 218 -4531450317871769431
185 219 -941270790874734896
185 220 4950868028712022719
185 221 -7125672855929966405
185 222 6668633557845440178
185 223 -3979803016291571760
185 224 1843337439536126542
185 225 3378720052086789754
185 226 82755164534497787
185 227 2476943525902670432
185 228 -1431675885690569591
185 229 -8935594184279068087
185 230 8537450986184019102
185 231 -3310814068329713366
185 232 4568109430356787684
185 233 -8802927678638467393
185 234 -3940507153313730063
185 235 -6141552445471202732
185 236 6378686610286663106
185 237 -5508374494493778133
185 238 -5984388758987242212
185 239 -1216346065999154452
185 240 5637939500084050036
185 241 4382625322124583653
185 242 7068973985920109809
185 243 -3216667733562862530
185 244 -385521815184013572
185 245 -6504972978506818250
185 246 -3004280233932500579
185 247 -4259950235380647092
185 248 -210207185235623666
185 249 8756812539338928435
185 250 103371545888721402
185 251 3736877250099640957
185 252 4357121308140431723
185 253 -6088368536205613306
185 254 6136335662060189750
185 255 5386863157688385245
185 256 -2201347966607535849
185 257 5003910035275909948
185 258 2623206755909965374
185 259 -7438243395766084922
185 260 -2376539242702093611
185 261 5064775962351940083
185 262 -9186138112578462354
185 263 -6844567749257994208
185 264 8393146297767028990
185 265 2368419566974647666
185 266 8159810290381884799
185 267 -8382912526170664659
185 268 -5713904064884244559
185 269 8515245159880922297
185 270 -6293830374928658938
185 271 -4197518540924639960
185 272 8961136585537685033
185 273 1093422374494714312
185 274 7174784521222198415
185 275 5263727391670173134
185 276 -113725187448588063
185 277 -1413145470294783116
185 278 -4935693045869459429
185 279 -3589815202318568951
185 280 6719013039912591531
185 281 -3055029801327477595
185 282 8276423255279047225
185 283 3736167711029510673
185 284 5148362943069676255
185 285 3387312840804189876
185 286 8504021605952422780
185 287 7755460339888884999
185 288 -3874881727921679369
185 289 265177246690704845
185 290 -4391540776618754602
185 291 1754542471953545064
185 292 6557301776336714798
185 293 -6531962692336369792
185 294 -4115046570080794404
185 295 -4706846681126878872
185 296 666476119826938684
185 297 -6380576387898875448
185 298 7054907773086431242
185 299 2725160939390567062
185 300 4577600819552963475
185 301 3757739663408970252
185 302 -1830612344644711013
185 303 1829079005774566989
185 304 4516832976284111426
185 305 -876025860806957454
185 306 -3077889188413754194
185 307 5110258764708889154
185 308 -7269951503059066129
185 309 5905003408326295130
185 310 -837183106018799928
185 311 7551410191614943859
185 312 1034119040799995048
185 313 -7219940799153175238
185 314 -651231610990712714
185 315 -8004137734001229716
185 316 3602387237704948767
185 317 -8171909315390245146
185 318 -5654095435282303442
185 319 8155681290077268925
185 320 5004753853386268132
185 321 -7326038110000823766
185 322 4650202952828530782
185 323 -2241894759814542319
185 324 -5237500410527469556
185 325 1741526679743789848
185 326 -1911383129570058878
185 327 -3244143163369059203
185 328 7483087728663063538
185 329 -7210438581931058831
185 330 -4593630843390214585
185 331 -1226617660490511896
185 332 -7924854048253273395
185 333 -4994313860054894242
185 334 6626814113168637451
185 335 8387341912055700395
185 336 -968427083826903307
185 337 557867416444894111
185 338 1110776421780102330
185 339 3583088497897337779
185 340 2654089070845315182
185 341 938069550033433343
185 342 -6626605563474648329
185 343 8212495213710824107
185 344 7987565301729399458
185 345 2139512934422004443
185 346 -9060413304443868296
185 347 -1922638768517138244
185 348 -2318693979689532422
185 349 -3512527529479577838
185 350 -460868574451316200
185 351 7982768471785695905
185 352 471660740301609625
185 353 -5250769512243752344
185 354 3049349298177345046
185 355 -740129312220062517
185 356 -3050376126560049501
185 357 -1061533441196153425
185 358 -8998235246746371939
185 359 7465829007763268369
185 360 -3341856089935804955
185 361 6098492748487964443
185 362 9171535763303737732
185 363 -840307538085202275
185 364 6672289562587720517
185 365 1858304005312292675
185 366 -8645922951281208606
185 367 1380995445123118190
185 368 4397072299301667296
185 369 -4851365403252645393
185 370 -6890196044003901949
185 371 -585530186664314087
185 372 -1423311627022797932
185 373 -4593850920180340594
185 374 -5169294487377005500
185 375 -3311260452295498546
185 376 -3807776779754068717
185 377 -4443791434263243094
185 378 -4682954306891938841
185 379 -368762173011962304
185 380 6914342453374138064
185 381 -4316046055549673956
185 382 -1729111868074114826
185 383 -4626631917010969812
185 384 4527273497007573028
185 385 4262715508257442874
185 386 1317138422978972781
185 387 8122780520925489918
185 388 15478475810670705
185 389 939265607277014065
185 390 -1529316865136546725
185 391 -7649301314457093686
185 392 -3426245608463414963
185 393 885650497356981073
185 394 6436600992577215744
185 395 2673883389832524821
185 396 1511719422308617383
185 397 -7572099295643163481
185 398 -8462196767673190607
185 399 -2643963572455175490
186 0 4470363633336531726
186 1 8336546640822649418
186 2 -6411620433631589807
186 3 -6022546158471074619
186 4 2979789814709005286
186 5 2435747028178021097
186 6 5223044511470222000
186 7 5313605206189411660
186 8 -4179739802282352520
186 9 8169336561517028532
186 10 -570948618281797061
186 11 8820334579673594790
186 12 -2138254289754694350
186 13 -3684861026049026910
186 14 -1581800297422405215
186 15 7884181807321388724
186 16 -5260584996339792700
186 17 -6522269373110204404
186 18 -6037275425646778896
186 19 -5212301345550417622
186 20 -4627367724429458550
186 21 3443786582491203640
186 22 8933575003920075065
186 23 -2859422754132029665
186 24 2858434080036889016
186 25 -2838843829321021342
186 26 -3619463880989729535
186 27 -4458569643600579031
186 28 -5957660090684432887
186 29 -2903772199148914042
186 30 -2983729948770545945
186 31 -4140166015188056371
186 32 -1823780803625267155
186 33 -8523417472515913591
186 34 9090293994291603631
186 35 -4553659420577552723
186 36 -3335400729323329568
186 37 7578526718117585216
186 38 -7438113529009531458
186 39 7831253410660140108
186 40 -653818938669511902
186 41 5244447185146929780
186 42 -867489929655165991
186 43 -3510927801570130453
186 44 7631506735774661193
186 45 -3981532138505792474
186 46 -4717741924548493281
186 47 -8899458319392331823
186 48 -7900548054957949149
186 49 -7398096013256922855
186 50 -2735383590892696120
186 51 809994234843118269
186 52 2882703475934108635
186 53 5876974169319189745
186 54 788558932063465881
186 55 -7130259095201833289
186 56 9142747387879427026
186 57 -2273968094127600980
186 58 -3389585531598999645
186 59 6852518279575560865
186 60 -8044309631142179598
186 61 609199448929010893
186 62 4405341451880471521
186 63 8080389219597998963
186 64 -235095323032857076
186 65 5355513886588648309
186 66 7365348089871288924
186 67 -5211681249501094349
186 68 -6791838648242953067
186 69 -166381456850509858
186 70 2687393377746031456
186 71 8240899783365228423
186 72 -3848748600585754096
186 73 6599784148832041150
186 74 -7370624712931289833
186 75 -4822884411159637426
186 76 363001797132886120
186 77 -8491401227597396928
186 78 -6249185060325036276
186 79 -693411147777150090
186 80 8129024530321528860
186 81 -5759543690662809062
186 82 -5074811124089980488
186 83 7684771512809062669
186 84 3944901096272230301
186 85 9209654903286307672
186 86 4823057789876875438
186 87 -5466524392911811363
186 88 -6517671085623451
186 89 -6844857280551638265
186 90 7166784036323757785
186 91 -9147175289923998430
186 92 -4064033399644201225
186 93 -2555176226199028961
186 94 -521418986066424812
186 95 -4021698791941244203
186 96 -7499086334654901194
186 97 -214254706250473856
186 98 -7720130507783861207
186 99 5096157497928457806
186 100 420877983613577678
186 101 -87813461737188666
186 102 4792194022518508861
186 103 7303424344347115612
186 104 -6424800212313418958
186 105 4058194564277445741
186 106 8987821225528182670
186 107 -4429243290068861642
186 108 -6360244613107005348
186 109 -5836944551191516899
186 110 -8554977534740008994
186 111 2273253956081654288
186 112 -3619113925749621407
186 113 8511898241325199756
186 114 -3108566197433195088
186 115 -1450880836130000454
186 116 3490984234375301291
186 117 -326677817669204930
186 118 -6530551014107111803
186 119 9165148207947172023
186 120 -5675703248612608022
186 121 541254633945546479
186 122 4533831902387563056
186 123 -274830219422131271
186 124 772272248383872334
186 125 4181623720818007380
186 126 -3541251141655502041
186 127 -1985090416138903001
186 128 2813449888369843451
186 129 2218690236715977878
186 130 2414278638515302416
186 131 -6002144243360428305
186 132 -2883103220354791080
186 133 1759057212624839342
186 134 -1825711337588560494
186 135 -3784604654393811554
186 136 -3710454917633778112
186 137 -2807643896647746549
186 138 7373197575262297508
186 139 7684346521570031985
186 140 -5241985187137463527
186 141 2051341160346565384
186 142 -3472946086331175398
186 143 -5701627432020929783
186 144 -5486621313533303374
186 145 7440178410515453827
186 146 -7935504376193792131
186 147 -6644760794055121938
186 148 5842877453570004414
186 149 -8340640256076514737
186 150 1421566940141665029
186 151 -5450193045789739089
186 152 -2953445804549140172
186 153 -5397092773134919616
186 154 4712896391037532321
186 155 6854718200692173374
186 156 5092576643224519684
186 157 -364324257469876642
186 158 -4380317533547869433
186 159 2850386535719461563
186 160 7622109119506369778
186 161 -8375679973067278541
186 162 -8264043766074586578
186 163 -773690700556116379
186 164 -499786329554808419
186 165 6893754640489070025
186 166 -3919802965193119468
186 167 -8302699846084129647
186 168 -2925807647532302733
186 169 3864353931127546329
186 170 -9178012617147215520
186 171 -6476366279572824102
186 172 -1245472556807366376
186 173 4678760927921506796
186 174 -1943911598631576200
186 175 -2920910314620043526
186 176 1347841217929038515
186 177 -3909100188971792538
186 178 -7666187535370288496
186 179 1166649747895318993
186 180 -5122027071570690196
186 181 6848923471299707159
186 182 8488491614209455171
186 183 -4911437743294842824
186 184 -7012498214652573778
186 185 -1257413799250569605
186 186 7725136879372651175
186 187 -5847454955463648270
186 188 -2082437072772080466
186 189 7879520608442231988
186 190 5184725949243001499
186 191 -9075897434327828452
186 192 -244570748304716390
186 193 -6685772372454985284
186 194 -7971787616222852064
186 195 8706112963947777581
186 196 -7450350597153163887
186 197 1611831406012408313
186 198 -5556552841355941956
186 199 -8159404965174803503
186 200 3801595786596793736
186 201 4884573245953346849
186 202 -5640987691725853783
186 203 -4401973634852981851
186 204 -1791865869308387567
186 205 -309472067911787569
186 206 -184676573993453197
186 207 -3243506120392245177
186 208 -7293172609619370240
186 209 4345986419931582726
186 210 1063997652818685749
186 211 7922861020647580449
186 212 2244795911277855291
186 213 232530064527290847
186 214 8494939768562183474
186 215 -2417028193406431573
186 216 -150983279377337645
186 217 -5699498637594453438
186 218 -4489667280848039689
186 219 6090413507981607240
186 220 108322845467636101
186 221 -5801066201410372739
186 222 -1857148888652601326
186 223 -7160984329715033068
186 224 6565876742352518119
186 225 -7513190788699143966
186 226 4800189528172769597
186 227 -424883679786329666
186 228 -5488172847911595198
186 229 -2150062092748160750
186 230 5389576460268265091
186 231 -3505425326319131446
186 232 4766778865362391134
186 233 6282177195115630527
186 234 2317976555515279392
186 235 -388840035959358554
186 236 -367542801285378591
186 237 3777106611414572906
186 238 -6118566058341521998
186 239 -5113967400578770343
186 240 -5260000262221535673
186 241 5553558639350321586
186 242 -5175101860934666261
186 243 -7492359418192301983
186 244 -734153861175320816
186 245 6757729473004633324
186 246 769425631533352677
186 247 8650778574210425639
186 248 4007379706462600575
186 249 4147406786479054716
186 250 952237378070474664
186 251 -724990103935585455
186 252 -168191159799672013
186 253 9070851328011557265
186 254 -4133478433298386178
186 255 2044410792204645596
186 256 5630414647640347951
186 257 -2774010741463968156
186 258 -2290053505186303478
186 259 -6850137518914538327
186 260 -6461478490915749678
186 261 -7822142815333293742
186 262 2454180869510891008
186 263 -5017937475011393293
186 264 7230174320315487933
186 265 822861678440433888
186 266 4150964114089945898
186 267 -7483362079610579359
186 268 -3701627791923898158
186 269 -1769699188268702027
186 270 401510459576103491
186 271 8748106894160893755
186 272 -1781060009418604336
186 273 -4294361788417828900
186 274 5587200450821640731
186 275 -8162332780356543185
186 276 -5242402303323970652
186 277 3441329221698946291
186 278 -4039847340070960968
186 279 3067202595591770391
186 280 498678656968688130
186 281 -1450839721203930540
186 282 -1656236428899981976
186 283 8678168298398490741
186 284 977417450916645222
186 285 -2069884957858173417
186 286 3193701511885771612
186 287 5407396510311569881
186 288 -6339473179552856038
186 289 -291044263010948017
186 290 -3020683322392565903
186 291 -1181135097695867811
186 292 -6009036674061655711
186 293 -8240801659550160664
186 294 -3966293732814548397
186 295 -4898874567718400639
186 296 7121844833816255375
186 297 -3994491811364339737
186 298 8443740002450471881
186 299 1834097017742175452
186 300 7996837136651480190
186 301 3786058627554818248
186 302 7528263603958083342
186 303 8151768793744393371
186 304 -7035223780688457165
186 305 -8622335305390902585
186 306 8262263017233892741
186 307 6326880431871247027
186 308 -5130674780545397007
186 309 4039063427836155467
186 310 -1369107719777777966
186 311 5901741573328141532
186 312 -3490168575690104852
186 313 -1718895562793695320
186 314 -2873025200203930809
186 315 -5641764640782419453
186 316 -2934929475509647905
186 317 -205594277513358907
186 318 -1172916666811437253
186 319 5055496939854813719
186 320 6000572829608105706
186 321 2934689009852092402
186 322 -1669805894981193682
186 323 -1917245761292687850
186 324 4970370038557263302
186 325 -7046715917899194666
186 326 -1542121742461671402
186 327 -4683971378814514131
186 328 2873486005480396388
186 329 -5747851822104598117
186 330 -3317708975891405954
186 331 7522015899997490541
186 332 9223046465899593016
186 333 8553216538267039101
186 334 -7358221683269881860
186 335 5317108648751782317
186 336 1117625004020801885
186 337 7344391033505726053
186 338 7353026216649031961
186 339 9076007800317158244
186 340 5947985150802269842
186 341 -3413069182006250729
186 342 -4804578366777697314
186 343 2140682093788239237
186 344 157310985782587268
186 345 4037802223312206605
186 346 -952522644007188381
186 347 -3925748845409595871
186 348 6689241367810722514
186 349 -2315518218949846407
186 350 -8425995909614496469
186 351 6446558146557257711
186 352 -3007894830714833311
186 353 -6569342159652406122
186 354 -3166172441190047576
186 355 -9210627000202391810
186 356 -3270923179669197954
186 357 -4418559361222417188
186 358 -950261853709073599
186 359 7389790705415372905
186 360 -6917986944056071519
186 361 9148140560084756563
186 362 8311153457307094628
186 363 2326715161378856776
186 364 -5136943126166607586
186 365 -5415003133189452201
186 366 -259001273366558327
186 367 -4540844451766676888
186 368 716668324969158782
186 369 -7181735170631194790
186 370 -3004046849391360706
186 371 2693079193523470256
186 372 4147980509111738451
186 373 633414224967467457
186 374 -5899191785405051964
186 375 -4832264054127043322
186 376 8920424618667479115
186 377 432627300047020403
186 378 -8547038052837139244
186 379 7143430261100669020
186 380 6115858373407389219
186 381 3767042178476464575
186 382 -8282164851797472651
186 383 8480195790773166801
186 384 8847706701024177857
186 385 2821988049099230874
186 386 -6616561295989940981
186 387 -5837587998032139635
186 388 -1040513580968152981
186 389 -4692225194168801928
186 390 4375065595390241883
186 391 -6596434214451951747
186 392 -4873677732888083445
186 393 5678022005304974542
186 394 7780596149688054227
186 395 -2401994465240470372
186 396 -7684215336440006841
186 397 849498933826777997
186 398 -3965687992216490976
186 399 -1523352896391243516
187 0 4556429198453734310
187 1 -5372396029523189381
187 2 -7409247888981850737
187 3 -4182245715092584087
187 4 8679381150924941397
187 5 8834674732259539468
187 6 -5203096966090578332
187 7 -3256906695840438481
187 8 7904378020391738373
187 9 -3757753097950311341
187 10 401586750782567041
187 11 -4797881619141889372
187 12 3392168451662849456
187 13 -115334537122996548
187 14 1632630863397858314
187 15 1878186134113562331
187 16 4188523834992200006
187 17 -1829396208263537814
187 18 -3408215714420779455
187 19 5020285862482290708
187 20 -7634038108812344062
187 21 -8750909903325991013
187 22 -5926835647739254742
187 23 -3476742806458632944
187 24 4846754184153187932
187 25 -3374765913538497870
187 26 -5138870276213908991
187 27 -708670098813926000
187 28 -5078368436392558638
187 29 -751225066684359944
187 30 -3764766574813250669
187 31 5628197812078846200
187 32 -7207810463036368594
187 33 2264116267715323381
187 34 8480282979707252740
187 35 2037716827345635512
187 36 -6729570593703168647
187 37 -8427315152359520100
187 38 -2478619118571228268
187 39 1435485183519674713
187 40 -751212234406052708
187 41 -2097269470612329921
187 42 -5228080711823419489
187 43 -1576757842407992722
187 44 -538571343039057886
187 45 6511657172742054108
187 46 -5905715942670128878
187 47 2180733747187266658
187 48 -7656451779954139549
187 49 -7420272873275485394
187 50 -7368465307193345478
187 51 -6583774864967801992
187 52 -2691227449364660478
187 53 -7877602770890422950
187 54 -5703888858291654550
187 55 -3645952018700726111
187 56 1538075485125392614
187 57 -5667798910923484697
187 58 -2749328553902378737
187 59 -2439376845240085722
187 60 -1465066905647543862
187 61 -7154123828499139314
187 62 8208149354171085891
187 63 -8525911236806327948
187 64 8347069762023598895
187 65 -6281228947115461176
187 66 -8845289906064972339
187 67 -7852566963117011969
187 68 -1375965949269068848
187 69 -3710398833206189990
187 70 -2459876787008786802
187 71 -1214121411351246433
187 72 -4980780568119478307
187 73 -8127629985169216373
187 74 8606681375596922188
187 75 3373970987197231669
187 76 -2377651249201983854
187 77 8311897311786302610
187 78 -8782194310799830826
187 79 -6479159876222910621
187 80 5381932541630942465
187 81 -8195910175657978820
187 82 -7957485006458207586
187 83 -5541616625011089915
187 84 8908630317642884176
187 85 -6664792078376675611
187 86 -6469832218464199841
187 87 -2834489803150748227
187 88 6880092276341455130
187 89 2081384364301748797
187 90 -3175281387270032278
187 91 5175539958161164208
187 92 -3166353249514870079
187 93 3182307745951517194
187 94 -4039244278370928039
187 95 -4639389804085986772
187 96 8264190856284347290
187 97 -1427342014759930928
187 98 2950994633780513435
187 99 3886831751124353106
187 100 2748904269879927966
187 101 5848757456926973844
187 102 -4274831332365705479
187 103 2269895799087921379
187 104 -7566184549810336818
187 105 -5638573187499909569
187 106 -8105472114917284338
187 107 -5007452982894958326
187 108 1534734315179157944
187 109 1217449785044468231
187 110 -2385268562128618490
187 111 -5621406724214894932
187 112 3605960381436780792
187 113 -1559585855965305567
187 114 -2623893143934159727
187 115 1883054645381675183
187 116 -7036184543350766172
187 117 8474386823744614722
187 118 -3639318969962404021
187 119 -9177116920730120213
187 120 5610841693027781212
187 121 1562484627343931276
187 122 5707407561383156317
187 123 -1281124401058639906
187 124 1211822045663596226
187 125 5466398207539656590
187 126 -1036944159407579875
187 127 3334610975482210358
187 128 4781003559173007233
187 129 -5977560877659336553
187 130 8700267402185910878
187 131 1493712070827266121
187 132 -620257660638737732
187 133 6154366550023414578
187 134 -4068760577830921494
187 135 7282851458227619537
187 136 4917931478821751628
187 137 -1529675345444218537
187 138 -1288120414323420122
187 139 -5575837522684981429
187 140 -2931895715591140454
187 141 -4486736844849347279
187 142 -7855154708476199552
187 143 -732478945024953020
187 144 -7520992494235709556
187 145 4094845896788591108
187 146 1721207974496001168
187 147 -3780114537993351896
187 148 7560122817771995951
187 149 8384164551610819229
187 150 -5274276363340910873
187 151 8579702338566553308
187 152 -7683009928086571256
187 153 -167111646751885654
187 154 -2927581188764518772
187 155 -5856769278414780724
187 156 -1597828075860852587
187 157 7077353916076782392
187 158 -2059278610242203272
187 159 1826258621616454670
187 160 -786333591263690150
187 161 -7151410532203857690
187 162 -7543930316907847894
187 163 -8103588361227556583
187 164 875469103926180639
187 165 -2597418813640374288
187 166 -7472157798936679304
187 167 6240929303209514029
187 168 -880705929937651054
187 169 -3959378991750795593
187 170 8188093373920729999
187 171 -6824536910131328355
187 172 -2529751332748516446
187 173 1321236785743703078
187 174 3757481128934139493
187 175 -6736582251262311272
187 176 7012952528611107641
187 177 -6829758614874090730
187 178 -7894359432843403983
187 179 -9080728254742268667
187 180 4941450605633856958
187 181 3940859158133702133
187 182 912186731625262778
187 183 -5050240775446596131
187 184 -6248819832976509513
187 185 7769636525888921044
187 186 4750802598825505556
187 187 6067822570463209416
187 188 5325054571671848907
187 189 -5542902358251675585
187 190 5023048825624222005
187 191 5307333510925524248
187 192 6065687901765829578
187 193 -417641776512804107
187 194 -1245347817970732725
187 195 1577058528388352802
187 196 270370241646160382
187 197 -2264563256006028182
187 198 -2309745215922362558
187 199 -7251719898125930660
187 200 6939668938444653203
187 201 -4286697347365921997
187 202 -807530284186777045
187 203 5050521384861487391
187 204 8320533547271227267
187 205 -5210985310813539085
187 206 4785747788023933367
187 207 4077344648740596940
187 208 -67053311231211011
187 209 -5142283400393697131
187 210 1349394448500789759
187 211 438425316780813815
187 212 -6071288021308653172
187 213 2422652032011008579
187 214 -2074928574957571388
187 215 -3487298805203433225
187 216 -1745421434096100298
187 217 3223425402159416930
187 218 -5966545602108427237
187 219 4372519533371342993
187 220 -1678047120166387926
187 221 5286595823508855928
187 222 1498703029766446676
187 223 2101722336625168302
187 224 4902121881685807355
187 225 -490380314426626273
187 226 3032537970431259190
187 227 8366539390274102130
187 228 -3158238789493815800
187 229 6918302721528570201
187 230 8163413067879492736
187 231 7760645035562637318
187 232 -5083115909301884093
187 233 7602941345227359235
187 234 -7289375898845059382
187 235 1353543728335967630
187 236 -2921857187806452354
187 237 1544716665626622834
187 238 -5657181440589538868
187 239 6135816696200997834
187 240 -7429093892172209855
187 241 8453366321826261269
187 242 4401485985146734682
187 243 5779113902754924586
187 244 5729425536597043998
187 245 -7040299985355538040
187 246 -7820602459025222686
187 247 -1074898015735187483
187 248 -6234859568996483362
187 249 2731451082304387778
187 250 7337142029275296797
187 251 -3385260407527092164
187 252 5798356140205891768
187 253 -5938615047887861632
187 254 -9106598475851748300
187 255 -2404013231714274925
187 256 7961518774062865333
187 257 -8177106663303866726
187 258 -85948015121339657
187 259 7883806508903977044
187 260 -4954802079194207194
187 261 172431989786472558
187 262 -5907137434974120904
187 263 6762183262740334241
187 264 -2016691338140661932
187 265 5651624471249574894
187 266 -8192125328766412155
187 267 -5552184866702977130
187 268 -4907630416887366641
187 269 -2188283633057704518
187 270 -957564542628855143
187 271 4665497098818114610
187 272 2913300819892024244
187 273 4701212523973693658
187 274 5051964604356339630
187 275 9218205638799011654
187 276 4756640028368730628
187 277 7896869208639198799
187 278 -7159066847805335315
187 279 5992473652748336577
187 280 3577571476392702389
187 281 -8272115934137668345
187 282 938055556351935705
187 283 3804100107237003810
187 284 1322302996586836433
187 285 -8763235141010617404
187 286 -5496442684438008018
187 287 7057165612203595206
187 288 -1965876067857756342
187 289 -6794808184442083384
187 290 8853453675050864
187 291 8512012940487365939
187 292 -5232103987772032561
187 293 -316825406044197697
187 294 -5617855726079250037
187 295 5206464283134243672
187 296 -3499615221459360601
187 297 -2810891622360265153
187 298 2143553442286032048
187 299 1367093358058134663
187 300 -8380853060412246231
187 301 -1800209520475551847
187 302 -3645577126103567513
187 303 4313106876941550674
187 304 5190511369155776705
187 305 1925570449695376466
187 306 -3724729960584661950
187 307 -389763690626406721
187 308 9205434104653820313
187 309 -2815239341546253717
187 310 -8664486335785404956
187 311 8135237141475544774
187 312 5636826942035660627
187 313 -914165958529929085
187 314 -5556761745225276131
187 315 -3890630302653269631
187 316 -4000388060873368457
187 317 6227070693618930801
187 318 -5864099026727596388
187 319 -827121736801800722
187 320 -1548146697325684634
187 321 9014321076203560048
187 322 -1818415995893386341
187 323 -4806006671349811875
187 324 -981475519566796482
187 325 -1054776404604857031
187 326 3266160527649806080
187 327 -5890172398134034794
187 328 7205965639909805362
187 329 675813365095164974
187 330 76303585708978944
187 331 2852420274264497040
187 332 97134120125171862
187 333 1938727594183858656
187 334 3540586914393209446
187 335 4303153713245958876
187 336 -8626822390521005067
187 337 4622739033843019898
187 338 4458077366806418991
187 339 -1262519238742579104
187 340 8099182192477498430
187 341 4302200786300540424
187 342 2516872572631811935
187 343 -4416772172635681110
187 344 4556346330397593900
187 345 3450504186096207409
187 346 665309464053896246
187 347 -9156744405024695486
187 348 1241595588603563524
187 349 1112920942529712757
187 350 -5995812993424979015
187 351 8363875907328429600
187 352 6522618133605425339
187 353 -6812654923216596595
187 354 -3443664556972683327
187 355 4069670705603459169
187 356 8897999484135175787
187 357 3497724745269791449
187 358 2887782285255693574
187 359 -49732979889971417
187 360 5354592644709215612
187 361 -692440851938424996
187 362 -4252252402948190947
187 363 4920968834999547182
187 364 -6622467907052729570
187 365 -6513481557568830540
187 366 -448656950652331819
187 367 8734519563154206464
187 368 -2227225894025394173
187 369 -1944318698326587312
187 370 -5980378495929407141
187 371 5961864393749097115
187 372 -866631262693564402
187 373 -8646844173528576751
187 374 -5304040257627044895
187 375 4605688882750882787
187 376 -8339800134365575618
187 377 -7748328100543734766
187 378 8030452863547290674
187 379 -1038459210530568846
187 380 6432480267623220679
187 381 -7574188048239444040
187 382 -5762602610932444626
187 383 -3105211100437829250
187 384 -3388203747414465390
187 385 7168949305546181288
187 386 -5128090905874231472
187 387 -4031263296617171023
187 388 -2461829422445315501
187 389 -7737537848072250276
187 390 8235616750542695735
187 391 3752883079331022403
187 392 -8229004347784108780
187 393 -3085341289573663394
187 394 -915507928186503886
187 395 8835420833530593378
187 396 8502294341422387560
187 397 8108454567841134953
187 398 -9029765829598449131
187 399 2124015156073817203
188 0 3939949267622363031
188 1 5483916114270025515
188 2 9141378662827220541
188 3 -3432198331278435949
188 4 -6668306280609194084
188 5 -6300772332723239166
188 6 3058504574939697700
188 7 5098982922858327609
188 8 9087098223470903029
188 9 -1064501258824682127
188 10 2277676460088996570
188 11 -513566827891295811
188 12 -4520123748070808685
188 13 8099525580858888960
188 14 3406056959533069773
188 15 -7858751211537601797
188 16 -6451592189906988947
188 17 1924592716710527614
188 18 -3443167869388248429
188 19 -6931726091672014341
188 20 -5753374171116038868
188 21 6981409581169396444
188 22 3594856229541068998
188 23 -8245436449154741585
188 24 -5413443452991830031
188 25 -4351774130786214709
188 26 2787284619741573694
188 27 3779591757015380069
188 28 2354844451549071198
188 29 661836091927444782
188 30 3931146178612806318
188 31 -3167200780454165644
188 32 -8764119671716902160
188 33 -2892155957959958667
188 34 -5519420362773891846
188 35 4976687536371915535
188 36 -7781760233295887980
188 37 8499678181433743839
188 38 -2403016585895321745
188 39 -5128303734727890251
188 40 -5499634479595142462
188 41 4512786556084808136
188 42 816397009204443452
188 43 -1099535265041254238
188 44 6530005832722845312
188 45 2700633230453713208
188 46 -4806797923835972141
188 47 -6170497014173962712
188 48 2271257766990175797
188 49 4146568620824501960
188 50 -3926571246879237489
188 51 3074009351174000577
188 52 -2751966315631708877
188 53 1163726301420683378
188 54 2630520438252342251
188 55 -182203039499053477
188 56 -1258398418603269427
188 57 -4631923120096358171
188 58 -7884129860078857016
188 59 -1674760807701468404
188 60 -2158688604906284210
188 61 2691163651149188897
188 62 -769628488620579776
188 63 8481661073989275911
188 64 8968371286190890878
188 65 -8352100168816414729
188 66 -8705634867687144391
188 67 -8697332329343738338
188 68 -5288021205000896631
188 69 -4564827794172063476
188 70 -4399010263253333949
188 71 -3747954368155409632
188 72 -5841086155228967885
188 73 578376152900721300
188 74 -8079332316489320410
188 75 -413311408699745293
188 76 -1065054344309119127
188 77 -4201573781973240169
188 78 7231551151808415645
188 79 -2719467659723259884
188 80 7179115869165666122
188 81 -7471932355672851489
188 82 1957100476667441314
188 83 -554396336193763569
188 84 -7311936725354520119
188 85 -3966076533602757307
188 86 2222896462672112847
188 87 -7635193618964750525
188 88 1974907167757007641
188 89 -1597548832503204834
188 90 -1588518836364646584
188 91 -8315991302619250224
188 92 -6562228791969682757
188 93 -4484279550968416980
188 94 3211797562223696638
188 95 8667267010676598559
188 96 -8577794621115729344
188 97 -5506680520718876225
188 98 7311382513533349604
188 99 -8554505886553334430
188 100 -4489765611234022523
188 101 9151962830345547454
188 102 8148320845519016201
188 103 -1838869083015711949
188 104 -2127246144866238273
188 105 6706232001167388447
188 106 -4924633271451068757
188 107 -5088185700590263651
188 108 -4230551522783944153
188 109 7798914407317340004
188 110 -4806419918877608503
188 111 -398975537765342317
188 112 1496596224366736359
188 113 -8320698894371477399
188 114 4431663871784734782
188 115 1870101687764263651
188 116 -3429937376986190696
188 117 6392043508978979808
188 118 -1157199625961254614
188 119 -4301125626979573361
188 120 -5373444918701823026
188 121 -1150960689353924581
188 122 -4845536543197915508
188 123 64144284471507516
188 124 5377746505871892812
188 125 1012516220404438397
188 126 5424871049896188433
188 127 1399493057850080583
188 128 5736697843443017511
188 129 2651433346318250226
188 130 5505402210579948418
188 131 3793521614495910457
188 132 1926703787317602079
188 133 -726845546940862266
188 134 7496010940996540205
188 135 6804915326288197491
188 136 -3863181490558714672
188 137 2099986079336626557
188 138 5990801154256080793
188 139 1656547610696608165
188 140 7932405099510732159
188 141 6998439362597880605
188 142 4420414863138778432
188 143 -2935114842064116292
188 144 -8222473610932201216
188 145 1502411653808016803
188 146 -7375296713267284811
188 147 1635852881171495844
188 148 1789678971869983891
188 149 3794019936603201774
188 150 2740191303156574554
188 151 625789998050966800
188 152 -697595167758692636
188 153 -7279158168501938988
188 154 5238917925716964179
188 155 -7698162634951592010
188 156 -2810170186548288439
188 157 3484330072869715328
188 158 -7422813400580290995
188 159 239948502488466329
188 160 -3286633640260325024
188 161 1505766926334557360
188 162 7934358008231543526
188 163 7502715155321339953
188 164 4461654080746120174
188 165 -163809137866259069
188 166 2626795740831078172
188 167 -7974672179792506672
188 168 2027815940055284878
188 169 -4305823378674930452
188 170 4729553265891998355
188 171 -834431707200885007
188 172 960989998359883885
188 173 -5442811505954119427
188 174 2832805125887257050
188 175 2977151585152262725
188 176 -3075587845110251404
188 177 6790968219221217404
188 178 8969106997514008531
188 179 -8623662205933619152
188 180 3735874107249878422
188 181 -1664664172726753814
188 182 9182370457809069887
188 183 -6528118579091433797
188 184 -2533338074478648938
188 185 2081636281108146512
188 186 8797643855711099547
188 187 5885993382516376510
188 188 3213742472987649801
188 189 -585126553203385110
188 190 -867743848589182669
188 191 5487073896087693014
188 192 -6204853155016865107
188 193 -1844867145126496816
188 194 5554966111158804024
188 195 8095207745583841595
188 196 -3990676952704689224
188 197 4192259881695708907
188 198 -412578828067792037
188 199 1894042804427444063
188 200 -2675837469339462924
188 201 -8880773292523299576
188 202 -2205095658979212307
188 203 -2695197680255438467
188 204 -8311220468591529364
188 205 -4875388626358791597
188 206 -1888382988797884055
188 207 -4729152730892730414
188 208 4551790347912097762
188 209 4402779771886826608
188 210 2383197012651349403
188 211 7245324229375039787
188 212 8582891228672069018
188 213 -6053150340011019625
188 214 8726210867916362411
188 215 9015077480207718238
188 216 5702817589126586235
188 217 -7774412755010335430
188 218 -3914135330943658381
188 219 -2160065339775039216
188 220 -3983054071895728539
188 221 -8692645471218824382
188 222 -3713997116803460192
188 223 -8876008364919266288
188 224 -7634075351349566489
188 225 2800943379776699991
188 226 -8915042422687096974
188 227 8304681543820963138
188 228 7342759591677364101
188 229 -5636151348596051876
188 230 -9086249153919922818
188 231 -6344074704007964473
188 232 7661242397188426963
188 233 3532731768436221097
188 234 -2602091586034299157
188 235 2849188704021374538
188 236 -7707038662966927761
188 237 -1314938141924387697
188 238 -1292237655100628745
188 239 8292765659265302580
188 240 5382443019709166206
188 241 2934138914932808116
188 242 -916903183174496745
188 243 1329809258838811352
188 244 2163593443366099522
188 245 6712106173573066154
188 246 2665390269392698353
188 247 6830335251458123272
188 248 8276443320740535660
188 249 -4989809243204704674
188 250 91387357451228775
188 251 1689136424215381529
188 252 -1211201369849853454
188 253 -1970305648826149216
188 254 2953851827340741425
188 255 -2701787796388134069
188 256 -1951904381855071685
188 257 -1913323524682313023
188 258 6426630594209154358
188 259 2227306242335107688
188 260 -4121112563540515852
188 261 -4712644227814774607
188 262 4578704219318759045
188 263 -5039653009064474437
188 264 5851189314795017035
188 265 1969654582892187259
188 266 -6416382136755420224
188 267 1294908628992722201
188 268 -3203898180690643692
188 269 6352495388187325765
188 270 -2962463844722340535
188 271 589985553929153171
188 272 5012627905233515160
188 273 1886142460544037707
188 274 6496358406199286740
188 275 4679512515158605403
188 276 -4426665963663816285
188 277 -3508616187831862702
188 278 -1156018971801253160
188 279 -8882945224405705722
188 280 4018420277319145324
188 281 6783742863353972702
188 282 7714624606928269258
188 283 -3765946969498664530
188 284 -5584025293358729563
188 285 -58097768931391316
188 286 5670107869126592273
188 287 1339981872044704687
188 288 7560665935987901811
188 289 5788289187298987137
188 290 -7053281500615092605
188 291 3065664780710277625
188 292 -124419516710827005
188 293 8536232834185805965
188 294 -291521408122816241
188 295 -5303390198832427986
188 296 -8705334832491598652
188 297 -718200518105396676
188 298 8274797952179000711
188 299 -9152702249391226724
188 300 -7782945826164103540
188 301 8020702249508873004
188 302 -7917266947977156208
188 303 -7388732178742427220
188 304 661980610827243329
188 305 -5666816268626503169
188 306 -7292654330027795662
188 307 8539424041178192623
188 308 -2398954642140938318
188 309 2239380935546391761
188 310 1140113352922196476
188 311 -3683171479569291486
188 312 -2519600968365676653
188 313 4871592781403228429
188 314 -9207912931237545909
188 315 -6297625185118601866
188 316 8404993235281024815
188 317 948520142748843706
188 318 7093342740182650619
188 319 -2967619350542020569
188 320 -6715378381800674795
188 321 3076352465882663924
188 322 -4952689112838833242
188 323 2974590514605833144
188 324 -8922845899489957925
188 325 -8282921338287567371
188 326 7082732674422408180
188 327 3358014201196789571
188 328 -9024001205490913533
188 329 8126207093862861891
188 330 5676416742982532967
188 331 -542246773955135373
188 332 -761194703035134765
188 333 6499655585083555623
188 334 -1782364892175221141
188 335 4905584040517724949
188 336 4546069093763859859
188 337 3929049068490957598
188 338 3164482976690617566
188 339 -8979822910663202030
188 340 -2148337050500547938
188 341 2051830525889456055
188 342 -701751016737378455
188 343 2990271469536584155
188 344 4405103225441078286
188 345 3747829206554208687
188 346 3584776272263252362
188 347 9027398453999642752
188 348 8455629699649512659
188 349 -6823246890939808583
188 350 -3393465175026001610
188 351 -6424377381275728684
188 352 406622594799077656
188 353 882914520623277305
188 354 -5080153230193705831
188 355 -2370718603000837517
188 356 6757882481179605558
188 357 4793103113127823558
188 358 -194776031127488138
188 359 -3742446522786089476
188 360 6163714766160773435
188 361 6328550732555896543
188 362 -8655841265471596825
188 363 6952674412464439900
188 364 2346725677560337892
188 365 1751227424917660398
188 366 -149569462784817281
188 367 -1286927732357955818
188 368 -1094647027593834092
188 369 -7646921050105033479
188 370 2058930273765337053
188 371 -8897143121275600655
188 372 724096028619781757
188 373 7540141674572328264
188 374 4681073192417146952
188 375 1051346669240067464
188 376 2771463701792710860
188 377 -3169556171673554819
188 378 6285944434570913342
188 379 5310113229216498091
188 380 -1137971619346007193
188 381 -5307777594878251730
188 382 4104736560163596315
188 383 -223650817634420405
188 384 6808868233347665994
188 385 6244857684499316717
188 386 7613190335166769
188 387 4348730814542154429
188 388 -9119822319223159049
188 389 3513551708767324117
188 390 1763786886302657220
188 391 -3670729204813290068
188 392 4556883669398272808
188 393 -3972688861910648314
188 394 4639039730556841140
188 395 -687620422687659766
188 396 3310839699490461897
188 397 5224059476895722058
188 398 -3459129465283335846
188 399 -6991523529196662778
189 0 -3057727627351809457
189 1 3802823243694550148
189 2 -6800901520601893347
189 3 -4801853004745350621
189 4 -2359269072201719756
189 5 -640058386396972451
189 6 -3337066124061184216
189 7 5115698541441841299
189 8 4148301985922588397
189 9 8604300397088916403
189 10 7641623175201555635
189 11 -252409609716942972
189 12 5238441011578473952
189 13 8968705793791249517
189 14 -5459998913173113297
189 15 -5795994354079683967
189 16 -8894643321095278496
189 17 -2580822890490320515
189 18 6245739330787991646
189 19 802588874653628129
189 20 4756036164293868220
189 21 3850949333408345120
189 22 7651029563621367230
189 23 -340728026604589369
189 24 -4400822878356739053
189 25 3040526816457470672
189 26 -1955784439152862961
189 27 -6332337969711389653
189 28 850050970080500385
189 29 -6531764258304762015
189 30 9168233555937903063
189 31 -8316503771379829912
189 32 -8857073332856927974
189 33 3477413132491661686
189 34 -6991716859891088229
189 35 6878253664651307406
189 36 -9134957090873177285
189 37 1519867550280086216
189 38 -8751243088692075532
189 39 -6076348787553503385
189 40 7344089336958112461
189 41 3729888497460605827
189 42 -9218921543687955167
189 43 1461656836220689680
189 44 -8231360517282243359
189 45 -5511040308225807296
189 46 1067575759654514984
189 47 4491725620719910172
189 48 -3935600630058403510
189 49 6742199163798746606
189 50 -8489528011233211170
189 51 3123026629401814465
189 52 -448572441082139659
189 53 -8034935692623504565
189 54 1576344207850970796
189 55 -8554699855709315459
189 56 -7563819026150348546
189 57 -7789233198172948678
189 58 -6994551085916496393
189 59 11328957421833999
189 60 982588586885501416
189 61 6056882437776696088
189 62 -5213953684918453546
189 63 -4774039210292665177
189 64 -6397019575528305975
189 65 3149416895826051966
189 66 6809183642742159152
189 67 5688666050705756073
189 68 4337613139516211570
189 69 1462735516352957669
189 70 5893407035775704064
189 71 8443074241366477870
189 72 -4587253815356945084
189 73 5667210672703582765
189 74 -2839878103253994411
189 75 2272984273638093269
189 76 4258626856759376322
189 77 2303741129128799549
189 78 1013422679396701186
189 79 5252273763130629235
189 80 8304927271577984137
189 81 -5262619103241550277
189 82 1669865144324631769
189 83 7397709554425953363
189 84 -7311972356737932462
189 85 730859239262116515
189 86 -3458172138229940841
189 87 -5081765473000645013
189 88 3888599102274582335
189 89 -5435000709684075596
189 90 9017925676995106713
189 91 -1969370085385622109
189 92 -5651883173360615537
189 93 -980225566486479233
189 94 2370572245527657353
189 95 7979404574042961389
189 96 280924843786893156
189 97 468484781146661322
189 98 4624592035242521379
189 99 7843295003785423498
189 100 -7405499115871231572
189 101 1060963898863420205
189 102 -5547550810301710097
189 103 -7890910136812500030
189 104 -8161488289880383801
189 105 -2341312715033508657
189 106 -1269085858765876864
189 107 1225540037277691934
189 108 1480482241329385949
189 109 -966686411911251932
189 110 -2735994639609211872
189 111 3469423419527160134
189 112 -6537216195464449029
189 113 -5323870175564622159
189 114 6277698838298133563
189 115 -3198947084753208586
189 116 6318858121088537872
189 117 -8039203047945091699
189 118 4095401863288327659
189 119 -6547468228957270788
189 120 1431065375615488417
189 121 114662289756335775
189 122 6799209066293547006
189 123 1223941370479072105
189 124 3409815564208328034
189 125 -4793443383535133498
189 126 -8029842328793893585
189 127 -3607014797182883516
189 128 -7241329332290439422
189 129 -4941566119740014774
189 130 3387461307132884872
189 131 -8813931812809118975
189 132 6492148295797483225
189 133 -6062549701931676067
189 134 -1226142617863611123
189 135 -5326799814004775240
189 136 4220120895945195173
189 137 6779506164037366631
189 138 5748962326322517936
189 139 -6425108851813247017
189 140 7528398000441172435
189 141 -6980187305505313527
189 142 4216944523772426026
189 143 -8456431566981764988
189 144 6403950952671354191
189 145 1041571293107359036
189 146 -8107893940610066728
189 147 5898448938747172051
189 148 2418056643899034621
189 149 -6987724719010007441
189 150 7942502393545097568
189 151 -3023358659271743922
189 152 -5430808256813814975
189 153 5039657529348356057
189 154 -2629825639428044511
189 155 -6837782713034156853
189 156 -8228244143671767515
189 157 7039977386552748943
189 158 -673522103939307428
189 159 -2362609203907538614
189 160 7315669171380587006
189 161 5702974457391938124
189 162 1917030185325230441
189 163 -1871163085503244797
189 164 7923607119041235504
189 165 420933455156423292
189 166 6657477943013640197
189 167 -3792513085932603015
189 168 6907948006962482660
189 169 1248459641639676610
189 170 5857371285506957761
189 171 978726850661093926
189 172 -358149284958051665
189 173 7090750897638066832
189 174 8668421964561026710
189 175 1420501050491055759
189 176 3364796786511353297
189 177 -5446088915269752424
189 178 -1586432675412281798
189 179 -7707213757373972531
189 180 6928766113979209138
189 181 5524010238758679002
189 182 -3214227717199873043
189 183 9132149187837288010
189 184 7581686430627659491
189 185 -619793215574592789
189 186 -1867385944383690898
189 187 5202920714582725623
189 188 8918918930459431752
189 189 -4781369894154300211
189 190 9108457971738585890
189 191 1102049203036028346
189 192 8872547015199163076
189 193 -6403328904118252483
189 194 1539750585588006854
189 195 9216690614382646357
189 196 -62725190260425285
189 197 -4035512387878540195
189 198 2078858562526739180
189 199 5260656545838608235
189 200 -7438944736525154061
189 201 -2959340096581676373
189 202 2346984308975058330
189 203 -7823817789435430400
189 204 2739225709520657597
189 205 8058925591486301968
189 206 -6223933958098162288
189 207 -5622617161033530596
189 208 156875619344380539
189 209 4177755024608239088
189 210 4078111410842510574
189 211 -3309191793239916321
189 212 5498618766221864727
189 213 1107784960270885645
189 214 -466708356013598823
189 215 4481241051667198229
189 216 5775771496850690187
189 217 5950696030657646926
189 218 5119985633037709391
189 219 -3920042332377027208
189 220 -3845909769987679469
189 221 2905826206233793173
189 222 -6348776844851809005
189 223 1535424912007040795
189 224 8013741530068519026
189 225 4806723223358923462
189 226 7984987951929752925
189 227 -7709213860779883186
189 228 -3135453906260299814
189 229 2656622089919061853
189 230 -128590341879299218
189 231 115963624339329848
189 232 -6344104207948115228
189 233 -8972763054558491131
189 234 -1720121727648052445
189 235 3654045535396827164
189 236 2601503554022766687
189 237 2991507644460602344
189 238 913389845240902840
189 239 -8035640714965210834
189 240 -5079561346562862126
189 241 -2227388613030122922
189 242 -7401872371994439430
189 243 -3260355145353316202
189 244 3789928519064994231
189 245 -5700442157999035092
189 246 -7482196981079500189
189 247 -4993369734225304019
189 248 -2404328967417564535
189 249 1567075203421968740
189 250 4452483270829244080
189 251 -3706414180761325926
189 252 -4858632995781870610
189 253 -1721549906697431741
189 254 -2245587602885111835
189 255 5174138347680280362
189 256 8055127428828856205
189 257 7879660323993349932
189 258 -272667606255756301
189 259 -1113523898358084405
189 260 -2763436245780762914
189 261 -578422535705453541
189 262 -5557730887338955335
189 263 2294252984714721933
189 264 -3573074554388931678
189 265 -6764290348224168331
189 266 -7699800718912767505
189 267 -6123119162679807678
189 268 -6152748835181767053
189 269 7834445036875204318
189 270 -6391796161570215533
189 271 2810880696135218542
189 272 7063159431636148037
189 273 231229756931343472
189 274 5244804891283990023
189 275 2239359471352982658
189 276 -8999953417991531232
189 277 1092548990310082632
189 278 4641754580408073927
189 279 -1170458456296138134
189 280 -2901781600356967974
189 281 2280329772034808758
189 282 -2458831326292035844
189 283 6631195006359777106
189 284 9080706269660848224
189 285 -1932732506356314749
189 286 4287023963379208347
189 287 -8911704619729102663
189 288 -2114273504401843070
189 289 4234799634923912752
189 290 -3946711743365741889
189 291 5198725760258513580
189 292 123711459905326380
189 293 -9022121534406024297
189 294 -5802686136496209677
189 295 9193869346822759912
189 296 6129670232411609201
189 297 2957927767000382962
189 298 9396126995261433
189 299 -7744743024286644943
189 300 -48335799567934424
189 301 -2808205791982818991
189 302 7657263757157910167
189 303 5091740239125263750
189 304 -8139103660763975431
189 305 2938158781530952205
189 306 -995589616483114219
189 307 -4495382424973318755
189 308 5871864021467683369
189 309 -3490945227865100196
189 310 368590499907350799
189 311 7329021797041819692
189 312 237660482775148421
189 313 7556847182666337691
189 314 3977433484581515796
189 315 -8145789635497542006
189 316 107221444660519386
189 317 -7883922939578535360
189 318 -9041775854883541364
189 319 4648125974096249725
189 320 8641115395151579902
189 321 -5857428464812171495
189 322 1531661419780001917
189 323 -2875874083236301778
189 324 -4917530638347913874
189 325 877884534399914993
189 326 5606902854372217064
189 327 -3497127392077585146
189 328 -6027687509063080649
189 329 -8481386529127167817
189 330 8762135749454329638
189 331 2991611149468675942
189 332 9037695626289700966
189 333 -8887760274700762858
189 334 3392740987131822732
189 335 4290146076015826239
189 336 6715552368687431478
189 337 -7751337705599980317
189 338 3847399410745937576
189 339 5199520188108426653
189 340 -6240062951286288666
189 341 6115019065161941367
189 342 -8118716144984194865
189 343 -3207665705967265722
189 344 -5176918500837065217
189 345 7706139316020322096
189 346 220782488533995989
189 347 4845022545698031851
189 348 5587370567863188322
189 349 6362970481249453111
189 350 6731736128557418613
189 351 -4859861116730997193
189 352 1899370410530232612
189 353 -5480374719347459485
189 354 5505467070774136460
189 355 3960768087587404911
189 356 4565132541200977108
189 357 6506049375611175317
189 358 6014401062968884539
189 359 -3613132650288617567
189 360 7269027168002584008
189 361 8250775378225840034
189 362 -4165588166504031155
189 363 3644197876529886190
189 364 -4245359975252051351
189 365 580676487680121498
189 366 -5567266043774737179
189 367 6696621600508914899
189 368 7655103555546195823
189 369 -4571621348222575719
189 370 -5376878428069505292
189 371 -1066269223588046648
189 372 2437245698619053804
189 373 -7393624483605591418
189 374 2160097537458557987
189 375 -1320699913827189754
189 376 5269470038020016062
189 377 7869817694411517529
189 378 -5930050790707867809
189 379 -777997349185204552
189 380 -3681094191277135055
189 381 -2225871085761957918
189 382 4018023160824506294
189 383 1217405082434029255
189 384 -2382603009517058672
189 385 -8623336591497356559
189 386 1724660385180563008
189 387 3281946283479661002
189 388 -2534484601324235567
189 389 4091988550067806626
189 390 -4209142577506056523
189 391 -8284977059661068220
189 392 8995286648038034785
189 393 4458510129843149542
189 394 6224232802846485663
189 395 3644576386771560970
189 396 -6200184735407832328
189 397 3711028157626744294
189 398 -577923319294521817
189 399 -6892894258520725318
190 0 -2753373487134719185
190 1 -5918356553056326741
190 2 5603014784216703133
190 3 -7018005362979388276
190 4 -6983929276709101915
190 5 -9113934658815011539
190 6 -8902206344971329263
190 7 7391914004899453583
190 8 -6780093889830723673
190 9 7034533532606747963
190 10 -7593690784189094518
190 11 -7378429219728831488
190 12 7657337464824446042
190 13 3013044586326674190
190 14 -8480928985054740380
190 15 -732613382352647966
190 16 6575598652070178986
190 17 -6980931539039814329
190 18 -2735638223673802615
190 19 6292329788197645080
190 20 -1091112491141281502
190 21 3680936055496951247
190 22 -6224386154371831097
190 23 480992804428285042
190 24 2756014136049542608
190 25 -6125851749676263601
190 26 -7128527725161151844
190 27 -2336116997984185337
190 28 2679116069387086427
190 29 345691797662881021
190 30 5633010675556738721
190 31 -4015907886428208022
190 32 9201107728760601197
190 33 -8657890024558715101
190 34 -8051356088371334986
190 35 6468598367731987648
190 36 4882530652877643012
190 37 6168734513750042249
190 38 -5759853191712513389
190 39 -440629294731836354
190 40 1598507014961450932
190 41 3424518867963283537
190 42 -153793705382021599
190 43 1046039793047116113
190 44 1099877544476371363
190 45 7043036208701101210
190 46 -750914258880597881
190 47 7225662207279863938
190 48 7412428405911576794
190 49 7579076579306521085
190 50 -5868998153731655080
190 51 -7480567864903122343
190 52 2393374797380653907
190 53 -6546637573896546939
190 54 -2262839413601490223
190 55 -2292601060736169079
190 56 8607015990560605301
190 57 3732160750394269421
190 58 1635806730255191351
190 59 3923544560913315094
190 60 305785165531026309
190 61 7962510263818342850
190 62 8925756306138794842
190 63 -5958594364238771336
190 64 -5996808319723734815
190 65 -8743353867759972537
190 66 -5417805414516831723
190 67 1468977977684944963
190 68 -562781841364543509
190 69 -4379969419386239166
190 70 -8007995928353055424
190 71 -1611944108626064276
190 72 -7440774836918101290
190 73 5332452581211791455
190 74 -9146528047036987702
190 75 -400358052901235477
190 76 -3987902144506746714
190 77 1777068943047758696
190 78 -8088602562812078105
190 79 -3540099127391879173
190 80 -7410583415025658312
190 81 5103524557520225213
190 82 -3560174119083265251
190 83 -3056351907380920881
190 84 -8240695901158963977
190 85 9081907720400118074
190 86 -7905479201830431415
190 87 -8054817040524533904
190 88 8881901429211077024
190 89 -8986174801486567546
190 90 1666334313665851154
190 91 -3800248796682354807
190 92 6814576281900235085
190 93 -616061196142429262
190 94 -6402350397843003812
190 95 1491283564031446776
190 96 -7160941136964926296
190 97 -3835862950915920535
190 98 4541162101194604202
190 99 6413615499422094348
190 100 -1122170105235128143
190 101 6106693459523848203
190 102 -6674910161221597002
190 103 743325071453423058
190 104 6816664694586340255
190 105 -4655002699831681527
190 106 -9189093603074083733
190 107 -8167726138030777273
190 108 -4070040855831269168
190 109 2402023107693021312
190 110 1704922434460526795
190 111 9006989428928020452
190 112 -7403205400729105139
190 113 4976794504072592581
190 114 -6990679825041793724
190 115 6800194444087611784
190 116 -3489759081079941622
190 117 -4111704766835663081
190 118 -927645763700625795
190 119 -8357219284357414239
190 120 -6435814436076648836
190 121 -7216606737853814407
190 122 -3579847790729151805
190 123 6291045428555083829
190 124 1220792508183316946
190 125 8507701575981643450
190 126 6745018208057008728
190 127 4133144976033776144
190 128 -2628543212184416181
190 129 -2033569687004417519
190 130 -4953949042023289634
190 131 8995961596449578251
190 132 -4502213948135796404
190 133 -3704629178732772710
190 134 -5229633758488588581
190 135 6205312619518218390
190 136 -5886380867669328411
190 137 -7257648052890136416
190 138 3564574182911254569
190 139 7957090163994732733
190 140 -124159696647784850
190 141 3979504744773935043
190 142 72052797298257108
190 143 -1969644421598013081
190 144 -8811795743863145050
190 145 -3606776121191156277
190 146 -1350230666474505635
190 147 8833841238249742390
190 148 -996916071180791588
190 149 -6358416937374060
190 150 -1483550047810221995
190 151 3649862496147320925
190 152 43653701718778228
190 153 -6087055721511332600
190 154 3700435226350971357
190 155 3121113906675539305
190 156 3621253645230649885
190 157 -4373406060904643770
190 158 -583123287762405154
190 159 -4531921769617953211
190 160 7670765421479733161
190 161 1427797706536077977
190 162 5351235771235791347
190 163 3376642060363853026
190 164 3774861845749792435
190 165 -6470824363846952407
190 166 -3094979666349641715
190 167 6411438724305440099
190 168 2866799658283473376
190 169 8491650792622040150
190 170 -385141826750368940
190 171 3278878621915224773
190 172 2157657048342247583
190 173 -5112848835817167394
190 174 -352507659432492380
190 175 -2440791104848266469
190 176 914243434206165317
190 177 4346680558084250129
190 178 7530152972833499352
190 179 -6693065202916814714
190 180 7855598533696936283
190 181 -7311466122981630194
190 182 8085486406173454611
190 183 9154120003902881487
190 184 6181925711660998734
190 185 6563818863488919504
190 186 6264364284727226492
190 187 1752620424851388768
190 188 1410530845841385800
190 189 -4109052066207005555
190 190 2473704778384067836
190 191 6240105374343670897
190 192 5100580791974783266
190 193 2423041951433617915
190 194 -6627640925262049707
190 195 3359882977057585129
190 196 -726985374793172046
190 197 7855744210079801034
190 198 -2881197013226354023
190 199 7854333260593518906
190 200 -3377503585249045806
190 201 3465667039324800139
190 202 -2178623717444467637
190 203 1110698570794326656
190 204 -8539024140828545844
190 205 -7199891330039260293
190 206 -5236476755189054373
190 207 -8245739713671950053
190 208 -2446689539071874086
190 209 8332074991366082637
190 210 5348981911051660707
190 211 -9110591323721219848
190 212 7834493692683458866
190 213 3125817478430395026
190 214 -7763997920661721553
190 215 -1212762020223921144
190 216 -3007321884400229263
190 217 -6822410005601328436
190 218 1577440469758698370
190 219 3710290368039272584
190 220 -5619764185958573357
190 221 -2273800769319228611
190 222 7569962260681031525
190 223 -3330133663649144908
190 224 -1358646613161961113
190 225 -3889258471514444201
190 226 -901032761421474438
190 227 2751299546183828240
190 228 2732201541545713899
190 229 8560372560866002313
190 230 -6511432870572334802
190 231 8958661137332058754
190 232 -5372061389153898473
190 233 5718431389932276553
190 234 4543987436635827547
190 235 -1936997411448579203
190 236 2598710758400347021
190 237 4480059847906286321
190 238 3573194705504811294
190 239 7566710368804093037
190 240 7107548578952401831
190 241 -7443953180290196413
190 242 5679951248090770021
190 243 -8378537632468758718
190 244 -5217540736494982641
190 245 7643052498887455281
190 246 -6790589151010498778
190 247 1292234087088757262
190 248 5347667887698982006
190 249 -5087079277187579784
190 250 -2706800871546308211
190 251 -6985299236402437604
190 252 -6925362502585581542
190 253 8501060721905689952
190 254 2847732835095834590
190 255 1856007073261845893
190 256 -9221158457675801511
190 257 -6265316443259254027
190 258 -4863027012205787276
190 259 5818073630298497270
190 260 -9047954826535576575
190 261 -4541867129505143582
190 262 6662513267902674821
190 263 -5990543338935579181
190 264 6292818654494589075
190 265 7970467633976345646
190 266 -4529766884098897875
190 267 2866523459110044679
190 268 -1067255699151333636
190 269 -8411607009417124817
190 270 -5495268834551176982
190 271 -6305808118351756642
190 272 7112042912138948184
190 273 -3546678009969522202
190 274 1451353608635027050
190 275 6881588807411548526
190 276 -8014206413280900148
190 277 7543655922282172353
190 278 9166776571497041159
190 279 -8793574767595398767
190 280 -5717432387092542995
190 281 6141316612251393193
190 282 2664165305918378506
190 283 2444525966909065799
190 284 5653562909851871636
190 285 5043081837311034442
190 286 -8420521358127034282
190 287 4862010113145504219
190 288 7037270286719768931
190 289 7419923751472232044
190 290 -6345134950519827960
190 291 2968409211526713829
190 292 -593751162402503020
190 293 2122465478776922031
190 294 6449961305479536725
190 295 -3129499191382592130
190 296 -6306116608060756905
190 297 6175687061413880257
190 298 7733346154146441447
190 299 -6575315847478211008
190 300 4118601329315690451
190 301 3020833576983326301
190 302 676918328917615549
190 303 486691273140084897
190 304 -8095187359734947959
190 305 819833144014216607
190 306 -6476521256501967205
190 307 -1323938052492630217
190 308 -3554008879307233683
190 309 -4685086686325831106
190 310 -9167078301467859450
190 311 5330309111996106459
190 312 -5574522056035549583
190 313 -6721132652952559923
190 314 7067136616269086682
190 315 -6492719745088794973
190 316 -2687623868717356395
190 317 -6256977739921364730
190 318 1920294806403974709
190 319 -3862550133234749930
190 320 -7534342406640134743
190 321 7957552295949974908
190 322 1682387571718930700
190 323 -6332364443962902691
190 324 -4012037742962288223
190 325 -329699938387533859
190 326 1138740834618976576
190 327 -3460743409953151208
190 328 7703083855754994373
190 329 2648147021061779382
190 330 6848359896220115293
190 331 -6928273929048375424
190 332 2171740826066645474
190 333 -4507678011049376545
190 334 -4642114654340763093
190 335 -8028571943659335533
190 336 4204765115547645950
190 337 -3152995656203922884
190 338 -3473548604719659217
190 339 -2661998556468547857
190 340 7132391226484543222
190 341 1638543140196498491
190 342 -836482826065291295
190 343 2961338094791092905
190 344 4083580950338187441
190 345 7449860044110250944
190 346 -2068385149653092914
190 347 -4953859055396537184
190 348 1144647426434727781
190 349 879251068619026297
190 350 302588318032952808
190 351 -8857130814615439531
190 352 462113054684903283
190 353 -8364901662697522406
190 354 -2270718652593993326
190 355 -2103041503671485740
190 356 828859154820831353
190 357 -2835969667493549759
190 358 779799500029614271
190 359 590750067171404837
190 360 -5416794611944713590
190 361 8688774043960354725
190 362 5288312753973395942
190 363 -7215021545392609005
190 364 863288794346648717
190 365 4826314642366312537
190 366 4689875743771010986
190 367 2571417408235617364
190 368 -246412653964457996
190 369 4065042299440062935
190 370 -4350623627608780322
190 371 -402879816651744903
190 372 8181830668114411593
190 373 4894091469686534107
190 374 -5015629317587638653
190 375 8496258561986047198
190 376 8404794794974471695
190 377 8191691994733534812
190 378 8796857856270885961
190 379 643181068884821565
190 380 -9121647269342375014
190 381 -3190966439126935618
190 382 5580505122370853581
190 383 8795495034169050327
190 384 -6622956824953371218
190 385 8049067329206030168
190 386 -4910772206069928762
190 387 7269285991329418656
190 388 2566897240756387770
190 389 -1446335962198560380
190 390 8020453291946723408
190 391 -8898167445333417030
190 392 4925166190537286153
190 393 -7661893571775670689
190 394 9096246538265932979
190 395 2496312876945197733
190 396 8640140217812155424
190 397 -162091600755566087
190 398 -4118390753794227847
190 399 -7331415183129728853
191 0 -4380827855696868117
191 1 -1696386499369873426
191 2 6452002648464055115
191 3 -7567224288472491750
191 4 1157350794529873148
191 5 3229684765645048996
191 6 -616662415503325390
191 7 -5143319523894290766
191 8 887050680868724751
191 9 653922566048944148
191 10 -3221839230568352401
191 11 -8915520450396760081
191 12 8024476313989334146
191 13 -7711473539620196951
191 14 6112322057023515923
191 15 -3248874810650780413
191 16 -3169026644287554332
191 17 -4807192099804975986
191 18 622886362566501711
191 19 3957218972991677117
191 20 -5297800934138120767
191 21 -2311943277029701981
191 22 5096819838537730351
191 23 3822865895658326602
191 24 -4711145132878438328
191 25 -1015381858581641099
191 26 -6981476614593773954
191 27 6489125123328347244
191 28 -8953778932534010201
191 29 -940730714325914356
191 30 -5115405397472655592
191 31 -5576731823343946111
191 32 3811365141778526925
191 33 -7608595408015815689
191 34 6834478611710073515
191 35 2939458511127767399
191 36 -7104469191170674826
191 37 1047190546561245789
191 38 -1171404681304524655
191 39 550279866636229625
191 40 -2677546387481232665
191 41 7657242614988072313
191 42 5562193611046984760
191 43 5634025535718247990
191 44 8431956114815162342
191 45 353757885044500749
191 46 5131535317224813492
191 47 -3597803733676110938
191 48 6659927429664803157
191 49 -599573495257535271
191 50 -233917955119997988
191 51 6241972039776597369
191 52 4166453092572896590
191 53 7577517993085969421
191 54 -8194790355937544897
191 55 -1432831193461355883
191 56 -381484659365191430
191 57 7694592367369983555
191 58 -2058468814339713495
191 59 2503067707213479372
191 60 -4700694859350097084
191 61 6061965177423661173
191 62 5286565627489913291
191 63 3177983494954117669
191 64 2240679117417366656
191 65 2848577108898201161
191 66 -229144901545548967
191 67 2452455817866020648
191 68 4981944717886741957
191 69 1017449654710141700
191 70 6165488638108998769
191 71 -8632829284120123102
191 72 2549251214215972847
191 73 7984626428771736120
191 74 4098549695710615479
191 75 -42918363502880926
191 76 -9149458616950758226
191 77 -8034193867673347625
191 78 1115211679185443413
191 79 -6224775763846823341
191 80 7312503111487161236
191 81 -8898348575488111107
191 82 -2944776118896398562
191 83 -8903337235170704187
191 84 7249498387797055174
191 85 7249501167452506572
191 86 -4457470739003375786
191 87 6848283454339244203
191 88 -4124876488098246997
191 89 462700765677468016
191 90 6812281439425713768
191 91 -491258770214795163
191 92 -7951264709769399220
191 93 -7861340891301028704
191 94 -2686401126177688250
191 95 -3246335430133183922
191 96 9078972516064695808
191 97 6428845363812102209
191 98 6235388414472133477
191 99 -628289052815953098
191 100 -5239994790887697128
191 101 3542353782435147520
191 102 4696347650959398146
191 103 -6520346592676220561
191 104 6303616156943068134
191 105 8748054799271631865
191 106 7814350133701407237
191 107 -369016566508982032
191 108 -8655229594841627217
191 109 -6859717809007803141
191 110 2778594824059048324
191 111 -7629549644789911194
191 112 2916422695165171917
191 113 8960804666150601545
191 114 -7081709119898041400
191 115 4397984503441451092
191 116 -3937902347706292743
191 117 -1656338073833230051
191 118 -5545579776559136051
191 119 179351334923586925
191 120 8365760231239249602
191 121 9087105077184267135
191 122 -5140305888724630928
191 123 -4640105145008466991
191 124 -5380386076913055520
191 125 -6273925486183237721
191 126 3868272747719042750
191 127 -7313726420201000174
191 128 -7257135829277126400
191 129 -1323477901596842297
191 130 5768821144470289267
191 131 -1402812512248720597
191 132 -8777246300493037183
191 133 -653785147993322288
191 134 3062005092548479058
191 135 -1000300729391442850
191 136 -6532331288146114651
191 137 -1827498391680309157
191 138 2546764804228125423
191 139 -8052186984713351941
191 140 913092967397843770
191 141 -3183053763225470841
191 142 1476801587285663134
191 143 -2385254577124725404
191 144 -6714825075803854908
191 145 1518141509322992512
191 146 -8677566054340862271
191 147 2044764302550428684
191 148 -986996176966075915
191 149 -4481932278908568652
191 150 4584824942704647077
191 151 8563647717789649360
191 152 8480449629570285904
191 153 -2582266723851025353
191 154 -1373565945972385663
191 155 840044764767812489
191 156 -8252147641968310320
191 157 2281792935701025787
191 158 -6254744963293618280
191 159 -3810361599127667333
191 160 5488944315114698288
191 161 5518895707471989469
191 162 -6044059992442967488
191 163 2478643119545119091
191 164 -6759074440316574699
191 165 -3661022641113907652
191 166 -6226062850950652920
191 167 5795765109280439188
191 168 -8918073926791610573
191 169 -8764548824003007229
191 170 5461039232020775240
191 171 8575181625778977487
191 172 3170792556619312163
191 173 -5906664539529842183
191 174 -8089305019891256819
191 175 4948840321549360435
191 176 5167141665747489309
191 177 8911951661965363022
191 178 -8761778449221189996
191 179 307535939023882613
191 180 2892214520351628975
191 181 -3222253310083361436
191 182 5366850584245042321
191 183 7308148673904054161
191 184 5654867385344755842
191 185 -1046112389926842716
191 186 2974608160181318248
191 187 -7612181151211425002
191 188 -8226365586358194820
191 189 -8380085746795285030
191 190 -7894580752889759777
191 191 -2862124600955617116
191 192 -6399283892085886951
191 193 8549472718073341430
191 194 -2480016366681886303
191 195 -2513609505256611519
191 196 97462026174992540
191 197 -8139440165356381416
191 198 9125455917276531176
191 199 3761262790413757215
191 200 -6217520929411398204
191 201 -2407112344864387413
191 202 -7575843205758887176
191 203 -16944261032423107
191 204 3871108757564212672
191 205 -8624454217555428876
191 206 1979190980559178071
191 207 -1974602087935526528
191 208 -7130416184469606652
191 209 2511324228062520620
191 210 3714920752294271751
191 211 8973692799804376727
191 212 918899725679570973
191 213 2489574878214448466
191 214 -4261555409047496538
191 215 3917727898455200484
191 216 4037046198517447931
191 217 -34194975563948807
191 218 7684486634945770128
191 219 7215879780408380215
191 220 -3177512879576750825
191 221 8828316406888962819
191 222 7700441322702009481
191 223 -1536737850714531601
191 224 -7240759405877938474
191 225 -8199054493929720975
191 226 -2252498766748890416
191 227 5033727458692530786
191 228 -2939289245865965405
191 229 -524351422093156135
191 230 -248099400450355729
191 231 3337918435800805224
191 232 965645436568594285
191 233 4685147642633513248
191 234 -4336722568230203355
191 235 -4016986869952799626
191 236 4751857098982429979
191 237 2708548533170700671
191 238 4634903400186270655
191 239 5192188158347835674
191 240 7827195766633123866
191 241 1783512539278819644
191 242 -4865999837515537698
191 243 -4545801103498104546
191 244 -1170560755805699409
191 245 3388647547032168002
191 246 -5822866029751612824
191 247 -2253953391734403330
191 248 -2398717983889136227
191 249 6967209907275746231
191 250 2629416018425778743
191 251 3265595427115816255
191 252 5893169905839019660
191 253 -3527789009710504924
191 254 7589846069475243357
191 255 20314332335142529
191 256 1086983988066821921
191 257 -6752380591168129647
191 258 -3297105361882192728
191 259 -7606989982225160065
191 260 6635021219041919800
191 261 -4088705629108010086
191 262 2409291453044717681
191 263 5425447418016100739
191 264 3774940970066509965
191 265 2093656403658877172
191 266 8403057357840350882
191 267 2269624697207241186
191 268 -8520115092013196982
191 269 7549612646652200524
191 270 -605121582493013284
191 271 -3391596532086105805
191 272 6690317507007800021
191 273 3700601487826055376
191 274 -279953124878879046
191 275 7534536683664334653
191 276 2753059334613045350
191 277 -8861703091870844642
191 278 8302111093513420143
191 279 -3470416049327088541
191 280 4536885821176009365
191 281 -5886309362582208170
191 282 1074296667999697101
191 283 2349742049339650199
191 284 -2291530296399702188
191 285 -1420505444933689811
191 286 -6115490875241914470
191 287 2872542907593194554
191 288 7979381265405163810
191 289 517484905898497148
191 290 -4313515911893042025
191 291 1496206062362856928
191 292 7466832101638913413
191 293 -1084339098862839386
191 294 2157938104555971540
191 295 -1874866999004825959
191 296 6900508021860681991
191 297 909007990374469835
191 298 352651282520971860
191 299 979590165756799864
191 300 8219060559592425948
191 301 -4545925241574047612
191 302 2818779911265333664
191 303 5370368778269680822
191 304 -4629878633360401745
191 305 1909131779286680214
191 306 1071475487660389444
191 307 -1615338249125169560
191 308 2326006549904017540
191 309 3156157963724995908
191 310 -3547762326123029053
191 311 5610470542501626430
191 312 -8267602025561957778
191 313 5806372034766646362
191 314 599625457411042831
191 315 -7145768981495974086
191 316 4115585596372152310
191 317 5445955079422133648
191 318 9202711099107610998
191 319 -2681856647305398856
191 320 -7550374172656118769
191 321 -9048907044960060138
191 322 -8221237388761439423
191 323 7363525498690532893
191 324 7978399704496260048
191 325 7681734555954139013
191 326 -3215172629735226703
191 327 -7238184673399902350
191 328 -744818986889188863
191 329 42890947170374750
191 330 4123910743708476993
191 331 -7054937293227119786
191 332 8423167143843137396
191 333 643876166380109583
191 334 -7483678610877046361
191 335 -7450770697673743320
191 336 478541409029410063
191 337 6351784812212022810
191 338 3606045505823301115
191 339 -194622618435396217
191 340 -9141770385816603591
191 341 -2294741099917138035
191 342 2753528253611607489
191 343 -5668353652306562127
191 344 2575365944078719256
191 345 3662723965001791383
191 346 4423581494339325405
191 347 879956175143706553
191 348 -3678778580728040050
191 349 1280764317664506798
191 350 3563320657442882539
191 351 -5848149748251885231
191 352 -2628850296358540838
191 353 -1976174667785688549
191 354 2598148406765930722
191 355 4851535704836690217
191 356 1380097157350196570
191 357 8631999941383545425
191 358 8470884290255210689
191 359 3654207322722257761
191 360 -2567330159408347192
191 361 3625336309962395745
191 362 -8892998127072289329
191 363 -7592341993665104270
191 364 2984963065237172488
191 365 8362308073594613903
191 366 6690625389581139114
191 367 7993961015277167092
191 368 -2070593701071381839
191 369 -4208589534782164185
191 370 -222430017637868900
191 371 -5088785788635539343
191 372 7963600461627860402
191 373 -3160926295196228959
191 374 8948069837400785321
191 375 -3365795920691227168
191 376 -1897407195795744458
191 377 -8459215144157033562
191 378 590709885843086588
191 379 1714704438371986808
191 380 1609312467982632264
191 381 -6524214761643117379
191 382 1217811853801372314
191 383 -6923847593907321009
191 384 5902918874874882926
191 385 -2299180678834595215
191 386 -215918932597982970
191 387 6709372078456541039
191 388 414719940638180762
191 389 -2910128168967064951
191 390 2791642212492306730
191 391 -2105819466075431497
191 392 -5285978835489915512
191 393 1461200797138924150
191 394 -2618777996088761880
191 395 -8549309313010489044
191 396 8946353258995029198
191 397 -5583969010563469148
191 398 -8610479371219846488
191 399 8438932654801252127
192 0 -3253334264717572567
192 1 1172759025242081979
192 2 399016599929034908
192 3 -2334400207236910543
192 4 1046299980693972770
192 5 -456119507039090400
192 6 528151976143934466
192 7 9092490980496762355
192 8 -9173965103780554038
192 9 -29481255879444851
192 10 4526174412702230328
192 11 561397212858149021
192 12 -3876194406019778212
192 13 860169131392828324
192 14 -7142570162848402835
192 15 -6074688061126876375
192 16 -5313771662591950375
192 17 -4547788257315028639
192 18 4257323803988544123
192 19 -5492951259433180916
192 20 -7695704305945367372
192 21 -8039114577559635914
192 22 -3931855612916573864
192 23 6455963247272296007
192 24 2648588041655941548
192 25 -3121673223348554778
192 26 1231834381679535744
192 27 5651075505348442419
192 28 4310192932973057595
192 29 -8770300717098552360
192 30 -1567040964507002190
192 31 3089154274995800656
192 32 -6596550009389137739
192 33 -6358196548850242442
192 34 -2565165354700112215
192 35 5608331100094172024
192 36 4483531284101891739
192 37 -8743288161495900249
192 38 1712502309216251963
192 39 -29571342186056355
192 40 7088064947716679744
192 41 -1034239620663717713
192 42 -181999537672740332
192 43 4249413523692369018
192 44 -1365875391319057704
192 45 -3467730562449968483
192 46 -2315162553178812120
192 47 7025366483328183334
192 48 -3853678660407308510
192 49 2242139660286126234
192 50 3353041940853893076
192 51 -5666618472589676096
192 52 -5517090970365929260
192 53 -8460891828368127379
192 54 2668255039897764552
192 55 -2638504289421270228
192 56 -4204581348081967810
192 57 -4320514868477790673
192 58 -4929318538400607683
192 59 -4092764278013068508
192 60 4688964743863244477
192 61 -2993914254305043686
192 62 8182920815949300689
192 63 8286152938213450682
192 64 4247767307156886220
192 65 7670336061879745207
192 66 6751750875474213389
192 67 -5315924863777647161
192 68 5384154324037603442
192 69 -7574205187446054913
192 70 -661965633969123819
192 71 -4134944010847410555
192 72 1087718317514070007
192 73 -7329614079908091447
192 74 -4022594126923820988
192 75 3720364400989031008
192 76 -3404955868156129884
192 77 -7599280723167673227
192 78 4092290801404352852
192 79 -133112528356158326
192 80 -5637090925998219582
192 81 494680491013234930
192 82 -5581629863629195760
192 83 -9203183871302538392
192 84 6018918416840532264
192 85 -8799412738752264211
192 86 8655700658764455028
192 87 6386880929640061172
192 88 -2430393306935141168
192 89 -7752457433488983547
192 90 -6351766447615825117
192 91 -6084636683588703037
192 92 5901416695667616440
192 93 -1315613592440692973
192 94 4250791392686892355
192 95 -1217327481763704818
192 96 -7583162232349584042
192 97 -5999355183202625161
192 98 5409346030940308189
192 99 4655904228653985575
192 100 4231930044546521752
192 101 -1043807802615757400
192 102 520666160464304813
192 103 7092279393826360540
192 104 3746809700821599591
192 105 -8131522370796209941
192 106 1669627972668689389
192 107 -7677486750896557950
192 108 -7494643755929763753
192 109 5372639660531013443
192 110 -2989155629812072678
192 111 4319186255983028143
192 112 -491683266599556689
192 113 4287417577509803015
192 114 5762460164553141859
192 115 -7690656368266432948
192 116 2756240640573329927
192 117 -1977051037422132347
192 118 3722795548945670064
192 119 -9170047679079435536
192 120 614839439283202229
192 121 4206552027682134159
192 122 -5461890254204784265
192 123 726288327004106368
192 124 -711833561428000948
192 125 -7995473368158415090
192 126 -7378631198611126731
192 127 -2657715500026756674
192 128 2750901798895648651
192 129 6329661798230873324
192 130 -1571409451356674895
192 131 348574358438097611
192 132 8338759420709395928
192 133 6035771408779233608
192 134 -2506660774235704131
192 135 7069177516901320595
192 136 -3856380169421227627
192 137 3709773539684520594
192 138 2481230566234485041
192 139 -8423367524638202304
192 140 -6946038923977149679
192 141 -7615312736850314610
192 142 -5421093216723558758
192 143 4299405110065677017
192 144 -7007391435677045768
192 145 -7444069987607718810
192 146 7070867819997814956
192 147 2700152928223275510
192 148 -5573289519892399432
192 149 -6907180272794958850
192 150 -5112899750526948227
192 151 -6724416073344889316
192 152 570161687978092891
192 153 -2530316750449011228
192 154 5161289778797176133
192 155 3473452118592601315
192 156 -2434322304732345274
192 157 -2122133262829894930
192 158 3274271523549187601
192 159 -1598100362856781807
192 160 1852629147365722321
192 161 5338417069906961329
192 162 -1551945983285917980
192 163 126647762065834199
192 164 -265876542308212903
192 165 6293014201385930420
192 166 -6569137235158895628
192 167 4303918832861288913
192 168 -7537624824990467968
192 169 -8225725086319737376
192 170 4228158161685405966
192 171 4456814598330043687
192 172 1644625294647460431
192 173 8591613486202837370
192 174 1271309943272029449
192 175 -7081647343285809382
192 176 -6370895460769724650
192 177 -8430246432476731454
192 178 -3507458749581443366
192 179 6894301870991085402
192 180 -6922616349345136439
192 181 2488101511730059213
192 182 8209829224775663568
192 183 7728318559275123274
192 184 934131080530442770
192 185 -7088768868521141464
192 186 7471672189592296689
192 187 1170031994927237495
192 188 8795367188348347444
192 189 -8241472536268716593
192 190 6942522223036846965
192 191 -137730696546691468
192 192 -6388116323383336845
192 193 -1468911795789426948
192 194 5535835175387488317
192 195 -6304092803626128094
192 196 -1532460773835401435
192 197 1251597978075748547
192 198 8548723578804766387
192 199 8663414096189781952
192 200 -7832445174907205472
192 201 -3156303045511481684
192 202 2699443522033332626
192 203 -7821671401031344440
192 204 1249033607719003466
192 205 6109774668511658813
192 206 -7077252626152172650
192 207 3313030620249205273
192 208 -8250847781521248968
192 209 -2283458654012686458
192 210 -5608991950211404385
192 211 -517845923087592307
192 212 2509768003418195022
192 213 7710082358016321801
192 214 -749851245496097653
192 215 -317288825400050997
192 216 -3001819597990302000
192 217 1754811009196174021
192 218 1456561762415501715
192 219 7714427962401407990
192 220 5758959039730644589
192 221 -514197097181457386
192 222 -1376477939399668495
192 223 -8792703689803792548
192 224 -9099575076862184339
192 225 -5948609380577671821
192 226 -6139261195918814185
192 227 684920072955364998
192 228 2084782748095102610
192 229 7837568106298305287
192 230 -6186102244669694866
192 231 2314889445607312702
192 232 -1981625519152595222
192 233 -4742696026237366230
192 234 -7614368575877489877
192 235 -9005713037883385977
192 236 -2569194524923362622
192 237 -8001798370926217219
192 238 7495347927706733785
192 239 -883075835167900288
192 240 305455031051159589
192 241 -3510341677217253366
192 242 4464369789498953488
192 243 -5478863572879496787
192 244 -3271229089825256849
192 245 4279831231903253706
192 246 -3419365867750111202
192 247 -7718197199532071144
192 248 -7810677912022310163
192 249 3582863888547504346
192 250 -137014352465315929
192 251 -4625362365316517043
192 252 -8917637505835308470
192 253 385233711717351118
192 254 19922114278877989
192 255 8078324290723381046
192 256 -1678382189747618562
192 257 4500841536396224586
192 258 -2708403586807406841
192 259 2703277595313429996
192 260 -7143085252166666468
192 261 1164689794061336667
192 262 2702341551400385233
192 263 -4844103483637086282
192 264 8255188785922750014
192 265 9076553464658272728
192 266 1132104010030993389
192 267 -7008333792595490236
192 268 -5095710336739372314
192 269 6193307169895521045
192 270 7505142535510492600
192 271 -3848863264737286812
192 272 5351390863647203656
192 273 -1510125903224136411
192 274 -7108961897986509721
192 275 -8853087386373862990
192 276 -8324065823866522115
192 277 1805261735386117862
192 278 -2478139992268387469
192 279 3639293134554591128
192 280 5555526947039018985
192 281 1457426568568112475
192 282 -7674593170016622278
192 283 8846139556396060993
192 284 -240133405210688533
192 285 5735181212197071509
192 286 -1721173267420020482
192 287 4961953814119986569
192 288 7314695647470668976
192 289 -3233769273172466777
192 290 -5277180940898182742
192 291 3157172408027213925
192 292 -1991052620364393204
192 293 -6437979748594460893
192 294 1260921335232392748
192 295 4742228051994325501
192 296 -4777796914485056188
192 297 -5585690834240951595
192 298 -3879179102280674329
192 299 7520241644060704969
192 300 -6207690948988042986
192 301 3763548454886896224
192 302 -8781727091461010144
192 303 3597584349203192696
192 304 -2617504349404763359
192 305 5770395530242000760
192 306 -3760741351008713737
192 307 -9181118128233346045
192 308 5060574533665486342
192 309 5349100139886217757
192 310 8241310503863353522
192 311 -118256543890025708
192 312 3013354527723130813
192 313 369134846445509958
192 314 -9165392440515503484
192 315 7515284910377285942
192 316 3540741798243344167
192 317 3471706463402582715
192 318 -3117795099500280643
192 319 -7329840253889337236
192 320 -110983096891308090
192 321 -2533737544041710539
192 322 6641278530223621160
192 323 -3331448043686640721
192 324 4013258924292924870
192 325 -5967084414825403245
192 326 -6810142466640860437
192 327 2831337435309175347
192 328 1094640864385461787
192 329 6507012773332770937
192 330 -2091387625418731141
192 331 -2042251728930582993
192 332 -1894419283895973324
192 333 -8357396912460597941
192 334 5767579833781837228
192 335 -3526030460720575142
192 336 -4584472644202392330
192 337 -1315276206817377569
192 338 -9191275537340712299
192 339 -248909734377262193
192 340 -1794329514291137390
192 341 3104063448432490012
192 342 6696899072315333345
192 343 3775803199188716738
192 344 -8571594311910960630
192 345 300615963918130598
192 346 7258170475107661595
192 347 6027945547422257268
192 348 8822959737888182598
192 349 5097222576053261780
192 350 -1797165967295545310
192 351 -6566423820375306226
192 352 -4122146155945058365
192 353 -8004238048730660666
192 354 5942731558045204493
192 355 -1805611295943037282
192 356 2085882770577981045
192 357 8851563407355069450
192 358 -5547238999570514971
192 359 4958954207672005533
192 360 -8461390538968778300
192 361 -1617666247541544666
192 362 4700564801940361279
192 363 -3951239419597355537
192 364 -388208750541634601
192 365 -5986728868464758709
192 366 -211840639969986780
192 367 -3853916706429660820
192 368 -3802309551870397750
192 369 421672430309817401
192 370 4267646882377394905
192 371 147667089710519127
192 372 -255759941958361260
192 373 7208990163232264232
192 374 2776303906027300785
192 375 858157665339020783
192 376 -4726294461578737061
192 377 -5820902445046339005
192 378 -1003397640089250465
192 379 43585898303936097
192 380 -4258220182701950623
192 381 -3983722298412787268
192 382 9115051020429787178
192 383 -9147057897500122013
192 384 8001564684152810639
192 385 -4714301416018002431
192 386 -9088789200154519819
192 387 -1711082949357185908
192 388 -4701016193266389534
192 389 -5569765955239915917
192 390 -938830519105145535
192 391 2538198178609009484
192 392 -8280940281486581858
192 393 1587184089600076789
192 394 -3738388446665034891
192 395 -5624078279020596917
192 396 6622446028087097785
192 397 -1617949455703236497
192 398 -4632168045519248112
192 399 6948663928115720942
193 0 -6615377481303696147
193 1 4951560129680711571
193 2 -8098925008937076048
193 3 7098114548549652214
193 4 -9189538593123612025
193 5 1984504274033831700
193 6 3634707220970081005
193 7 313254191544543277
193 8 1686111303072211623
193 9 2900270003075926957
193 10 -714961895209865129
193 11 -8593999088375358352
193 12 -2567330432399413624
193 13 4951956530450709492
193 14 317488775431954048
193 15 -8195872182636972506
193 16 -5441322684983314253
193 17 7140763596870123000
193 18 6550230022754964387
193 19 -1654054838559161148
193 20 6668251534531265768
193 21 -2607355368834365015
193 22 2828053975485579792
193 23 -7227615642980161389
193 24 -2092399375871324189
193 25 -8011207676801991785
193 26 -5846504568232852715
193 27 4253941682359145335
193 28 -2979741427655776761
193 29 -1101078515822820247
193 30 7588372632086340145
193 31 3803562159200396450
193 32 -4279724700988183912
193 33 -3239544099544535266
193 34 4900544034241247136
193 35 -2290412627371431900
193 36 -6424033019243111819
193 37 2599258425482501314
193 38 2483815719814972046
193 39 7630715706407378693
193 40 2142885870281856861
193 41 6825254196454677708
193 42 391024826259974218
193 43 -7158006813284128046
193 44 -5483935451085578785
193 45 -8426658327107299609
193 46 -3204322235271593708
193 47 7832355101377841029
193 48 1015253871701960181
193 49 4625510381874677557
193 50 -4753391118024704355
193 51 5975721585673345254
193 52 9157031850276508099
193 53 -8389746245918935543
193 54 -6884688847797645602
193 55 -7696809664476276792
193 56 4720586461060935349
193 57 -4488463157552444102
193 58 2667817220110151644
193 59 1526597531880076230
193 60 7160063663025934664
193 61 2742008713579621198
193 62 -924054380335146749
193 63 -8643777262104959040
193 64 -1901708372909726768
193 65 -331519784481867934
193 66 -5217554582003989725
193 67 -6344932024960763646
193 68 3500096577206034404
193 69 -4726915611062387272
193 70 6237875360492303157
193 71 -6774103493017682793
193 72 7237138007158285276
193 73 4414409109866397727
193 74 -2095488296629421492
193 75 -1652307698834423808
193 76 -5461870224422310911
193 77 -4925024312698814118
193 78 2379094923894205427
193 79 -2045938654934074384
193 80 5047290531942064643
193 81 -3866276274099542634
193 82 1328216745561410245
193 83 -5319320912185564910
193 84 7815216917173588316
193 85 6120317877741599845
193 86 4530024257515819080
193 87 -4582835568556745387
193 88 3403587594494451480
193 89 -6653832453554639121
193 90 5360128178984733286
193 91 7122331757207690117
193 92 -1909365408728542370
193 93 -8867988204215995927
193 94 -7519795898556545671
193 95 -8681222591802123007
193 96 -3386142184893533192
193 97 -8378545586366322357
193 98 6551267892301741766
193 99 -2908582687191970677
193 100 3360493734368217758
193 101 76708650671925288
193 102 8901204407927062770
193 103 -2289181649220249828
193 104 -3212217580137434675
193 105 -7543519391781790240
193 106 -7570937008166169637
193 107 1397464302781667131
193 108 -4088567057129044475
193 109 -5527871594403700998
193 110 -2138317811717807544
193 111 4949955255833328257
193 112 -2767968837137210388
193 113 7425147758514526699
193 114 -5340461202764915652
193 115 9207313918656441828
193 116 -3829937158227956617
193 117 4848120843740366442
193 118 4904606147718966117
193 119 -4443488843042129494
193 120 1208679307580843836
193 121 -4900667849552648976
193 122 -4517502597201985440
193 123 4755880286029922701
193 124 3277237696824275248
193 125 -6018538936464324159
193 126 -8698172436103001018
193 127 -6130543757922675100
193 128 -6388327149506323585
193 129 -6929069017345433384
193 130 -3544439724883052997
193 131 6080356043651802467
193 132 3077518762848351055
193 133 -6686231515421262864
193 134 -5468350014127201304
193 135 -1654945168015533054
193 136 9104143065131277122
193 137 453093219278957383
193 138 9083364111355101178
193 139 1477837971217261304
193 140 -7110042408918975122
193 141 9181296564387936654
193 142 3674153272672763639
193 143 6240146122821317441
193 144 -2020643970080779869
193 145 -4164353442596214121
193 146 -1997002397494783082
193 147 -3159943647448747506
193 148 -4178805645941161942
193 149 5210662318093661703
193 150 -8963821414804535580
193 151 -8419063877730468696
193 152 -8606457933461306808
193 153 -5236974606339698007
193 154 2474361999562227883
193 155 817543585401935122
193 156 2369924766330809493
193 157 5233222380197818036
193 158 1376447874838754115
193 159 -3925281359432388632
193 160 -8551314267528446715
193 161 822635493817213273
193 162 7179734877920478001
193 163 -8217357916720517228
193 164 8242668595194840973
193 165 -253438764953939000
193 166 -1204273549333386518
193 167 -8505279243485331673
193 168 -2141752957216222530
193 169 -1055358074199321044
193 170 7014995073185373920
193 171 -364372123654596026
193 172 -3527546706320819472
193 173 -465770465690304156
193 174 5431191224204845395
193 175 4137678106427623237
193 176 -6133152728397149829
193 177 -4366585643969372769
193 178 7916149706774242952
193 179 -4714294186868511163
193 180 3326518352777109739
193 181 9089763941174449193
193 182 -1971601903875645327
193 183 5837149846472723963
193 184 -6731302440454107201
193 185 4105220409173429971
193 186 5186207295639295636
193 187 -3815272546197869637
193 188 6970857760539184244
193 189 7203055835177292184
193 190 -4821381246708274887
193 191 -7285538202269217070
193 192 3469114968463234149
193 193 7863904531670560681
193 194 -5269598571325940277
193 195 5517385041698884959
193 196 6495507158043414372
193 197 3840906357309831632
193 198 -4670264449373186168
193 199 -8129695384912187434
193 200 -295158610765354627
193 201 -8034343188882122525
193 202 7378594734730840870
193 203 4355928895169182957
193 204 559791099305285834
193 205 1321872377515416322
193 206 8853861133021123417
193 207 -3598563202432603459
193 208 -5733574555632127333
193 209 6317841737389331810
193 210 6763249252112452392
193 211 -5703154034069869174
193 212 -4670719574783390655
193 213 6856601751295567015
193 214 6845619018797516227
193 215 -9113549145092768296
193 216 -2964669142140592121
193 217 -1347596533600927417
193 218 8966870763260840175
193 219 -7682535536218691412
193 220 4703272366054300589
193 221 -5513407081282091040
193 222 -7706188657649205666
193 223 -2072835890100503626
193 224 -678608086330130155
193 225 -4053366765550085401
193 226 5117355107940323885
193 227 -1364678530571943171
193 228 8045892318375222052
193 229 -4875608178498960708
193 230 -9096693769267970023
193 231 7051160069858190927
193 232 -4660798694830387637
193 233 7321721132339839985
193 234 8173847791863545924
193 235 8814024790484494244
193 236 -3785518496214221735
193 237 2246618422784913886
193 238 6785791142452823972
193 239 4883625278717544500
193 240 -7682630921666536059
193 241 783982335687578418
193 242 -7223306224177699644
193 243 -623955634164621357
193 244 8256384426054560880
193 245 7663348396814229814
193 246 6065500709899068923
193 247 -1101258057585779195
193 248 -2811959389166140812
193 249 -3268507625575204546
193 250 -5208716561708278276
193 251 -1902684340850383597
193 252 3803614923828299353
193 253 8072660510530919951
193 254 9183967369901602183
193 255 2980875380573380685
193 256 -2727965098580758899
193 257 -1756187371368073538
193 258 -1620862602856981836
193 259 5590195680796433228
193 260 -4506754909107771543
193 261 -5278192445253019293
193 262 -3437525136999466125
193 263 -8319492057888824220
193 264 -5958480860950295430
193 265 7704043371793627973
193 266 2740266364127238431
193 267 -8513264857158812363
193 268 -3027477549564368478
193 269 -3730379175111956502
193 270 979917079548676657
193 271 6485079232435043017
193 272 -787843314852900365
193 273 -9029509021463661757
193 274 1967710717887248601
193 275 8480186860373669914
193 276 3337462208992969017
193 277 -2299779736111466665
193 278 5900994763116154557
193 279 -1717475851321053279
193 280 2957905500285672679
193 281 2276026572608042445
193 282 -9206704728913354809
193 283 6511323352172445315
193 284 5525230867424650149
193 285 6651995087239140815
193 286 -2497621563137951796
193 287 7706091609219593059
193 288 8657415752958715705
193 289 8213192420778138102
193 290 1473000659120027270
193 291 -2493893460610859607
193 292 1426825347362511466
193 293 -5944760570396427892
193 294 -948532583534956243
193 295 4069395291346270608
193 296 -3433632555974325900
193 297 8114657534379272877
193 298 6978116275585982955
193 299 -5451387432023399513
193 300 -8823464295147658540
193 301 -6997667610900192577
193 302 2696206203070958242
193 303 -537620103162550724
193 304 -6509315523021840101
193 305 3725494815947252855
193 306 5840578672891452599
193 307 -5149932110594970235
193 308 -1188397153546516610
193 309 7557140148817582456
193 310 4593661040367353567
193 311 4697482524727334305
193 312 2061701349390170837
193 313 5536909797657695622
193 314 -3863036765794927956
193 315 8826395101066071758
193 316 -2030466349970106173
193 317 1950251262136666746
193 318 -3079565862833635251
193 319 6133100020168623026
193 320 5973998664939626908
193 321 -9071174410435305509
193 322 6996262079237455067
193 323 -661826396240512678
193 324 -8116033614204898124
193 325 -6037725221441279066
193 326 -510338233029551210
193 327 -6231337508067199669
193 328 -2328695428602982467
193 329 -4353436587703158147
193 330 2192041038902333357
193 331 7144642556589153010
193 332 -1333522653396644386
193 333 7349969667690641348
193 334 -1013246538051978691
193 335 3624003672056071426
193 336 -6330125595463713431
193 337 450810830347289658
193 338 8885667677266126889
193 339 -8015940613770688897
193 340 8837363802010115851
193 341 7860510706395306555
193 342 -5450936139533162761
193 343 -6979114517062981902
193 344 6545870053683116551
193 345 1001907250021174643
193 346 -3758471976993404227
193 347 -9110221047971118156
193 348 1677100926132377989
193 349 -4864673342837410444
193 350 5054544474247748352
193 351 26285374372327668
193 352 6887890390669208091
193 353 -1167235715162450987
193 354 -3222793339463585995
193 355 -3503215520138504414
193 356 -7383600530784311353
193 357 -8657426598964651757
193 358 -4290991711049661224
193 359 -5554838420227055779
193 360 4249195623093386997
193 361 2084504376596632320
193 362 -75377557514460144
193 363 -6874472769077024058
193 364 -5805400719806385755
193 365 -7758090888452509339
193 366 -2489710317677651645
193 367 -1870161049070361848
193 368 -8833199425864594592
193 369 6814186371036080921
193 370 -1121864882974530247
193 371 3913081582421683522
193 372 -801555871078522092
193 373 -9072875225326267978
193 374 6613187660785491550
193 375 6240644243705288778
193 376 -6425389219814452160
193 377 -281667075609387483
193 378 -4176973979924350538
193 379 -3884309815789849716
193 380 -2453968218993219562
193 381 -8295100180780272455
193 382 -2113147467620285184
193 383 915527527074122712
193 384 8725880103225886127
193 385 6370193375279850722
193 386 6322747252196621167
193 387 -2744476548060067854
193 388 -1624472288050764447
193 389 1231106461713743797
193 390 -5881119287802980512
193 391 14875736018759669
193 392 -5847851653249357968
193 393 -6362384021032440340
193 394 2386691720174822656
193 395 5276479050629296605
193 396 -5241974113918328931
193 397 -6484599329116210796
193 398 -6486583999380093319
193 399 -1901687624705140163
194 0 -2876613907993410217
194 1 -5512215258615906594
194 2 -2131983057287454033
194 3 -9013076170881012851
194 4 8546151960346699974
194 5 2302548818812088736
194 6 -5166016892030845955
194 7 3935267095886715332
194 8 -5645197033853630459
194 9 2653790062055951478
194 10 2084736649160817952
194 11 -4334187025910254329
194 12 -9176596611584176565
194 13 3794686465530666298
194 14 -614344914793442768
194 15 6346021063272436841
194 16 -355281619086043667
194 17 45403390849960160
194 18 -1556597652107726057
194 19 -496598063898502479
194 20 -7274034610774762413
194 21 -5965500756825909039
194 22 8101957008281533280
194 23 6927284170136608434
194 24 947735150837608335
194 25 3980080527056564127
194 26 8012005899257155396
194 27 6950754390566296431
194 28 -7537969747474389568
194 29 -7124272845346617013
194 30 5851180835955160840
194 31 1338140997212577348
194 32 -7683712336482589595
194 33 3135292414183582306
194 34 -4716411604872008817
194 35 -7760387912670088867
194 36 -6860758171761436327
194 37 1338093504610882698
194 38 -4206443242390867875
194 39 502168673964227827
194 40 2923954510383727503
194 41 7783189788655906531
194 42 2827801519657416908
194 43 -2505731082009404940
194 44 -8888489212152616291
194 45 4481673811467810041
194 46 -7383049379764939905
194 47 -7702392184735142365
194 48 -1348094077224170572
194 49 -234334313874335565
194 50 1510881870920094693
194 51 -8625072833518863117
194 52 -1444848532520903501
194 53 -9089400405923324239
194 54 -3616818432476933360
194 55 -709222903156409537
194 56 -4277139892016994342
194 57 3235221698225226391
194 58 2189803202666006080
194 59 -3339415333487028953
194 60 -3820899576728660803
194 61 7709561232998023723
194 62 -1908323603725674420
194 63 -7705553454577449100
194 64 -4231791953792713579
194 65 -231191993370838187
194 66 5693955161975534712
194 67 8229548474515461860
194 68 -4344724445485850538
194 69 -4433760652402697361
194 70 -8398697928004256126
194 71 8831620573013382749
194 72 -7618476856658582185
194 73 -1124168906497844725
194 74 2400842011797777749
194 75 -2097635456166315107
194 76 -6579574663303071627
194 77 -7759828521832252882
194 78 3160270184828300087
194 79 6256357340544681318
194 80 -6865784191424378311
194 81 -9131362517386813394
194 82 -854100331359598592
194 83 1501855174497710871
194 84 918871174519985774
194 85 -4234943813393979935
194 86 488027285905328513
194 87 5582867591596348139
194 88 4314671675135306129
194 89 -1561849967620397483
194 90 4073219660350814715
194 91 -1189186848573048377
194 92 218619892444268178
194 93 -5609863662935042520
194 94 -429241257099559523
194 95 1131866811348372422
194 96 -1070044874104768357
194 97 1398144749764445755
194 98 8192588760057649590
194 99 -5357005443384640760
194 100 8417601242666885831
194 101 7402760765050504793
194 102 8132602159145303133
194 103 18165231724878513
194 104 1103462540309036500
194 105 -8535803847683319637
194 106 2066203779844629035
194 107 -5004950255909292804
194 108 -5315804513299992044
194 109 -2074432764921227737
194 110 3482929556010066582
194 111 -5825904263269685365
194 112 914564025835968468
194 113 -1770681459508183804
194 114 -4398781949017295880
194 115 7410851880298943421
194 116 -1355254242367478964
194 117 -1222667043035210125
194 118 -6791400325609831214
194 119 -2908091959947904205
194 120 232497722098914655
194 121 -7971479558066209605
194 122 -3801268114034199876
194 123 2196654447641931536
194 124 1989605978107459650
194 125 2354954662627592082
194 126 6990414619824042919
194 127 -9179799253496960938
194 128 -6564341684879611247
194 129 5264648164951944440
194 130 -2490013504287044163
194 131 -8388672626177667520
194 132 8584450286323035284
194 133 330062654699039540
194 134 -8437717095152621500
194 135 -1063917086083469411
194 136 4012929546200253973
194 137 -245847562666307935
194 138 -6539920460385514383
194 139 -3021369602005689123
194 140 -3266155885639029115
194 141 8430505198631180282
194 142 -5394048746893983781
194 143 4260682981273429341
194 144 2846435199041930128
194 145 7272318114356556468
194 146 -7249736378084246922
194 147 -6930674932523253818
194 148 8914756201161337427
194 149 623150939022426393
194 150 686401865978197875
194 151 2044239865866991559
194 152 -6350420302803833313
194 153 -5842125227658988983
194 154 6084669513905247414
194 155 -6176730747477628940
194 156 -5094154867444155229
194 157 -1336910668510494281
194 158 -1315530948422912114
194 159 -513289258396474422
194 160 -1425625330979871289
194 161 -3138858025883949441
194 162 -5173616334704797825
194 163 8413854371725686733
194 164 2016817513823951442
194 165 -1467706336404611947
194 166 -8260105706809131187
194 167 -2783181852636995770
194 168 -7480161594314803034
194 169 5704312672467246776
194 170 6676637844443841077
194 171 1088133023343189354
194 172 -299542643031742075
194 173 -4710147405078382916
194 174 -1400756134657035005
194 175 5459808163514790637
194 176 7366527556761777732
194 177 2504676496023347683
194 178 -387562087235516383
194 179 7419782944935324324
194 180 -1590208001102769578
194 181 -5365894666641097497
194 182 -5288140928809804844
194 183 7642454088435608628
194 184 -6713074898267731523
194 185 -4114064029326513152
194 186 -279344937410635688
194 187 -5281986425299998791
194 188 997613421667924013
194 189 -9056551542974079830
194 190 6889418307688494882
194 191 8560225589595089047
194 192 -2283309779711267258
194 193 8651376933509509577
194 194 -4665508304120128859
194 195 -1645061996132915187
194 196 -8326682611117859448
194 197 -7577634597990780134
194 198 -1801367382653772275
194 199 208966409276424419
194 200 6784656466857942894
194 201 433354498876961641
194 202 -4915833447375946633
194 203 -6667475712836213940
194 204 4251046007600313005
194 205 -3778222584633317097
194 206 -2906275331326617015
194 207 -558382824803901993
194 208 -9165076098361836016
194 209 -2329152368312944470
194 210 3053301839294674271
194 211 6886196753286310320
194 212 1515737232467222241
194 213 6345278812463938069
194 214 -7989849086178458723
194 215 -2728686204109339389
194 216 5286936334258611609
194 217 -5955452449507032404
194 218 1750879573633852296
194 219 2726503263493144449
194 220 -713046112319868823
194 221 2236919746724397963
194 222 -368696961074876599
194 223 8484097658749774198
194 224 -7344681656699921725
194 225 2797417112543732484
194 226 2677091878605472910
194 227 -6171082935849352106
194 228 -1611580022786175718
194 229 8334439681280970973
194 230 -5650825409197349539
194 231 -6589706991300112214
194 232 3315091931688482241
194 233 -4793086890882029571
194 234 -2343296507399530287
194 235 -5811934004809283008
194 236 8680268432266368966
194 237 -8488017395459370513
194 238 5112886285048806995
194 239 -3943781266932101301
194 240 5291993799370356850
194 241 -6909532316497813656
194 242 6779531191480736306
194 243 -866118543359541401
194 244 4333411514484528632
194 245 5174654728846349580
194 246 7483505223968783904
194 247 -5082321266359708213
194 248 -6655639053963017763
194 249 7566154188667042964
194 250 5186100046931294331
194 251 4132343684364704487
194 252 -3897263831000223005
194 253 3095803838102308524
194 254 2049124751405525084
194 255 -7435150568513558100
194 256 -267463553567753110
194 257 8781106859945949286
194 258 -5142424418702530134
194 259 -3499916924981655941
194 260 5135051116691757099
194 261 -4907429960822739715
194 262 -4730772797614737319
194 263 6368184218462899562
194 264 -8722592930255779718
194 265 4559377545369595859
194 266 7815694098113736717
194 267 -7139442428099798284
194 268 8620865954118038105
194 269 7709775515902280457
194 270 -7279455724916584903
194 271 6031667860320968771
194 272 -2507348493759767641
194 273 8731464959058544480
194 274 -7940259790349701042
194 275 -7440360411172632681
194 276 4316960025906139304
194 277 5179638938108940203
194 278 2716349194986311591
194 279 -2702672642731427188
194 280 -5540263201548010630
194 281 -2577862698235200454
194 282 874665338643866636
194 283 -2148711551938058502
194 284 -5150873128948075681
194 285 -2937244008960822182
194 286 2106210430799141977
194 287 -126083171084580490
194 288 7647018849506599718
194 289 8849754342138356232
194 290 -1146208205720378578
194 291 -1668527395407534254
194 292 -8440160488521636019
194 293 -2477042141242984723
194 294 2738306837728046605
194 295 2514788521960451604
194 296 -1537180595402062374
194 297 -5065357699518198757
194 298 1481451730973381596
194 299 -5799859193119341089
194 300 8240889882284184696
194 301 3886778966486757343
194 302 -5722654760392257227
194 303 -7849918708942289894
194 304 -4475040626535350160
194 305 6883485756635249229
194 306 -3957743914097648417
194 307 1774999726532614722
194 308 1212886254239772757
194 309 7900207194997476965
194 310 -6106364966201477020
194 311 7208990021569877516
194 312 -3526909902953078373
194 313 -1730297383973668877
194 314 804651750013549506
194 315 -8091592570835551422
194 316 -6522521825755108956
194 317 -8209477077446840694
194 318 2616074480104656298
194 319 5196264549775890243
194 320 -5348238513628183323
194 321 1284306600497735777
194 322 9029531929297954258
194 323 4132541824651509221
194 324 944687857195883921
194 325 8218960853802230621
194 326 5600139615258059586
194 327 -6911696918083224358
194 328 1345023649827163261
194 329 -1487108377244291762
194 330 -7800219294926831757
194 331 -162539231487002192
194 332 -6278769846749610052
194 333 -667696611455326340
194 334 -9196631248517735533
194 335 348904744218471594
194 336 894477327877564863
194 337 -5371772255435412061
194 338 5022752413884056267
194 339 5887105758896937401
194 340 6001040953736283580
194 341 8820683446174827751
194 342 -6240472819751100583
194 343 2728635043656874253
194 344 -2760292906433658240
194 345 7320410731221110144
194 346 -423902181537063200
194 347 -2645369132421806069
194 348 -7410654952443569920
194 349 -6156012067437129435
194 350 -1496912975704811537
194 351 -6927890470933089566
194 352 -4232672242482556226
194 353 7087861973059071448
194 354 -2325963853113086933
194 355 -5871207064338259089
194 356 2536021406790782914
194 357 -8617509232769515836
194 358 8387161828308105038
194 359 9149704885660831425
194 360 4104206126757753669
194 361 7965841724868546707
194 362 -3229320150414699207
194 363 3881041832120637695
194 364 8645140909889363062
194 365 5814929471302778010
194 366 -6099691673295074828
194 367 -9128256301447045372
194 368 6368662024225050261
194 369 -7882980799398100031
194 370 -7224180752795534908
194 371 6058054002565519445
194 372 1242865253916532037
194 373 -6780720222091622824
194 374 4975170500181569985
194 375 1622824942429579169
194 376 -1502079354656690380
194 377 1775734098003066765
194 378 7802083093670404252
194 379 -871184206121524661
194 380 -5044130834938963866
194 381 -3037555088515717288
194 382 -7013459362020437896
194 383 -467758386503236781
194 384 -9150805312304793814
194 385 8665190350200378687
194 386 -7280433995963641660
194 387 -9128274245309322298
194 388 35984798049898288
194 389 -3520307549568547791
194 390 6019751903779495562
194 391 -8317496355987299894
194 392 -61269869775739251
194 393 7373343409647961779
194 394 -4711378640960854105
194 395 -1383295720832190339
194 396 8979357378383915369
194 397 -9085760599407620466
194 398 -3528604392344516103
194 399 6044976154591486438
195 0 6075638606625008797
195 1 -2533263751518902869
195 2 5582277652630598744
195 3 -2995414007118070146
195 4 -6440045197379450847
195 5 -1990901063336144477
195 6 -7648902174581769095
195 7 6222031357513185522
195 8 2544322489170379078
195 9 -1255316789301386349
195 10 -6210534114320518297
195 11 145750885351018643
195 12 2731285029612434511
195 13 2651766197523264599
195 14 -2509754064864018468
195 15 -8838563498727894134
195 16 -3351368029390928821
195 17 -4101147135665623542
195 18 -946674970627168666
195 19 3958540907556804958
195 20 -4000020731376235330
195 21 2530684756107775855
195 22 733463344451172791
195 23 5218167854826102206
195 24 7630701207974487261
195 25 1823738517549174181
195 26 -6143333153195829196
195 27 -2413665983755216581
195 28 8852947409646511181
195 29 -3766649248074157058
195 30 2007181986326139018
195 31 892784604622525962
195 32 841430950534391972
195 33 -5221418845063759035
195 34 6615486886773714876
195 35 7465396250852858320
195 36 1805287814993105735
195 37 -8706379645691057982
195 38 5624792608209752840
195 39 -2938669366320216599
195 40 -3199339313554433186
195 41 9040522852018398192
195 42 1836768384379765936
195 43 2862069179904363951
195 44 1962037790411623679
195 45 -6749480459124388019
195 46 5070986604802416358
195 47 -4361236438403080816
195 48 4270706056165289303
195 49 2263993424690505497
195 50 -808664388586446300
195 51 3665569068590298926
195 52 8977116377793386532
195 53 -5080487814643601976
195 54 304333007828414410
195 55 9148496485206666133
195 56 -8788853979522648068
195 57 1870184165391626654
195 58 5064232809072109706
195 59 3382055100250149421
195 60 -4998979599047651151
195 61 -7835222356055468
195 62 -1241870348801260825
195 63 -9066663701828357173
195 64 -4014762559168981915
195 65 393572802581278681
195 66 7779606414855134509
195 67 -1027734273872451728
195 68 2906090383806320796
195 69 2931771539325176037
195 70 -2999951374069781545
195 71 1873247999913865134
195 72 -2401015108090304003
195 73 -8064160796421322101
195 74 -8733354450042047997
195 75 -5788268744374357175
195 76 9181118490141454951
195 77 -4055122175793916838
195 78 4790836700632299744
195 79 -4651137768614862220
195 80 -7976128805065784372
195 81 4191758301851175926
195 82 -3246167263835787327
195 83 -756407177795287755
195 84 -8970807982121466878
195 85 -6506884554487120383
195 86 3432964676921596815
195 87 -60382049422660923
195 88 -8425269113504326844
195 89 6885556665105671043
195 90 -4554895544645674295
195 91 -7749018005229699571
195 92 2683251969720167196
195 93 7849630755638955031
195 94 -5912674526888170667
195 95 7249571741076895487
195 96 5590902955086012706
195 97 4755969532874921425
195 98 -7497287926190185189
195 99 -8477864830795060344
195 100 3702325786260354171
195 101 3412969558543581724
195 102 4356417166262982907
195 103 -2446708731848125349
195 104 2680530952544330707
195 105 5966149945950142567
195 106 -5621436744963761582
195 107 -5740044767738954408
195 108 3599451737450641180
195 109 1010398854768907780
195 110 -6800034816879741337
195 111 6506559724813843113
195 112 7378244559033682931
195 113 -7558822920240519420
195 114 -7307376472506480133
195 115 1436867394249615260
195 116 3356132943283793207
195 117 3206277820739540251
195 118 -9100134718736967150
195 119 6157598474425362962
195 120 -8212811383132608943
195 121 -3960207921262553507
195 122 -5519501081122701602
195 123 -343751939213160488
195 124 -5180361437049514556
195 125 3420888525300723269
195 126 521087513336989480
195 127 -8382828343076881582
195 128 -509249430331031935
195 129 -6269398164717173775
195 130 6433766055462769706
195 131 -4108184700403541618
195 132 -6393396432869878133
195 133 -9220611973932633628
195 134 6199790719295321834
195 135 -6972757454846112672
195 136 9218413111837657470
195 137 6279998831022856142
195 138 7809926548354940702
195 139 586664565298241100
195 140 4931899302705389541
195 141 65182963816746099
195 142 8612236189712617117
195 143 4562192375914203760
195 144 -7823925390084360539
195 145 3027977968125894808
195 146 -8642362114642484963
195 147 4025443820130678742
195 148 4818367399949489802
195 149 -746875225838452982
195 150 -4054920406445348458
195 151 3721244193446141466
195 152 8283599720067807317
195 153 -5994656851370003385
195 154 6930828226358758934
195 155 -4983739064924018216
195 156 -1792886669181810016
195 157 -1370214192149156529
195 158 -2435516896446106405
195 159 7797437989876213741
195 160 1334623598680343828
195 161 -6562508088564219376
195 162 -7738204628581480466
195 163 -5022615133794028054
195 164 -1747009954810481189
195 165 -4962141504184122154
195 166 -7529630314642668174
195 167 7821827338661471986
195 168 -8675996564459558396
195 169 6583602442891275995
195 170 4226757345793375329
195 171 -4548073185885055820
195 172 8471533173362317537
195 173 2917315455749213048
195 174 3377157444451746632
195 175 1267172609134814553
195 176 -8293139093023015132
195 177 3518546356975741902
195 178 2108278366642718526
195 179 -8453619899249622598
195 180 9017831454966325905
195 181 4165866956764544839
195 182 5014997535493657708
195 183 586974649779504062
195 184 -6721418184995810645
195 185 -2724271969006625764
195 186 -1878603873648266030
195 187 6298769887092637717
195 188 -767456685323974670
195 189 4613849867973947120
195 190 -7077459797748743909
195 191 -4821151437544023579
195 192 -541829282787678591
195 193 6625109232150184265
195 194 5489483024454786953
195 195 -7156229230072419461
195 196 5635132576762573547
195 197 -906392999812995616
195 198 7758307459107333510
195 199 -6579068563113570227
195 200 -6448578494798720080
195 201 496053663609344326
195 202 -4424009241898872736
195 203 6146468152633502390
195 204 2468965716888386603
195 205 1802940688178928965
195 206 1242560562670032508
195 207 -4753975682903900923
195 208 7199647017909240772
195 209 4322129670218447173
195 210 2278410359312898959
195 211 25941188306265701
195 212 -8451425601824436546
195 213 -1759249814072480400
195 214 -8526061476673073639
195 215 -1283897003219602467
195 216 8154755855410250820
195 217 2075652025805201785
195 218 -5879429991382156883
195 219 2987731117563215386
195 220 -6811138444930359127
195 221 2179269768240072543
195 222 324208404334077824
195 223 -373155639938270865
195 224 -7708386926507728577
195 225 3455788816150619137
195 226 -149708459788155951
195 227 -1058095363917938387
195 228 -1687593432592412426
195 229 601694031921736484
195 230 8926520843246226035
195 231 -3350401340911611357
195 232 7823688700184294117
195 233 -5139502646153858960
195 234 -4292244649320080448
195 235 -3993261347930745907
195 236 3531588377595000502
195 237 -8536360426629020114
195 238 5428231359894911378
195 239 -3103183620843350186
195 240 -3307324912665886765
195 241 5460579499110452488
195 242 -1791452384613270732
195 243 574113633997098828
195 244 874502509836170357
195 245 -7691489208360975239
195 246 3181161230851015797
195 247 4182429920131464964
195 248 -2693095811488485842
195 249 -253171799360909261
195 250 -8590676519686353464
195 251 8067382822430433253
195 252 1315960095942098845
195 253 -6538369239966292196
195 254 -4870958126195988707
195 255 7968428060081654798
195 256 -6486658200664893350
195 257 8386178588607780453
195 258 -7764871341730116458
195 259 -7797862954846283456
195 260 219280461175765083
195 261 2654937805870051887
195 262 -2960998411300352380
195 263 -8288272529785665417
195 264 -3237217272494979189
195 265 374632510571723912
195 266 -8146532920135422147
195 267 -7782333840858779429
195 268 9167686299030569696
195 269 -3814645348062774595
195 270 -6675530095348177153
195 271 2788193687425552995
195 272 -2013611561988953727
195 273 -2972031894125526975
195 274 2446040568565424794
195 275 513894462073985985
195 276 -6636980234182766243
195 277 23117225509137691
195 278 6301961949571962516
195 279 -2052344949551190824
195 280 8290030551647346731
195 281 -4493654834745442446
195 282 -8059603426935740836
195 283 6355166289374253636
195 284 2842240331479950978
195 285 -7094658868004392201
195 286 -1145403954945968919
195 287 -2143163715729380859
195 288 -4965747179312309788
195 289 -3233389679884606203
195 290 -2421048731613351548
195 291 -6403191397044980257
195 292 4553879562668053077
195 293 4055783436065182618
195 294 1920463687963378643
195 295 3232376340910980644
195 296 6588296017124443001
195 297 6673909670540488859
195 298 8103210683609829485
195 299 -686107127464653203
195 300 8082985639754397581
195 301 -4531111678952941194
195 302 4790664579507847081
195 303 422490594230409692
195 304 5764253775336778336
195 305 2157535623492955770
195 306 2465441626540988486
195 307 5517353962901476919
195 308 3012903840048062786
195 309 -3825203242137231790
195 310 -1143329358800653203
195 311 2618659552894872577
195 312 3885035080603867686
195 313 -8051905188788033607
195 314 4698954786689277906
195 315 8937899995015967006
195 316 8125532027922215980
195 317 -5422695813397410020
195 318 -590452904067006078
195 319 -2054825624219449943
195 320 -6993914459791456637
195 321 -2094874853708701079
195 322 -7968629793087753763
195 323 -3944839659709495790
195 324 318092505197007512
195 325 -4875529625651113638
195 326 -3154585280270964492
195 327 -969599014757666629
195 328 2706460989838391718
195 329 2808971568324644391
195 330 1784924163101768164
195 331 -4375659888161564439
195 332 -6628191669900392342
195 333 -7863433137279588857
195 334 -4515861661914497067
195 335 8496114804776738999
195 336 -2270801107619778286
195 337 -3575754054838617472
195 338 9051242921426918101
195 339 4249674119833541263
195 340 -6107956350553599131
195 341 -8753954125728598491
195 342 -5751332636050908374
195 343 -7460482867812694966
195 344 4635273208517959123
195 345 -8146418726455185714
195 346 -8394508153791814324
195 347 8664971718263992009
195 348 8315380607853163899
195 349 592671713334074935
195 350 -4887978312420532459
195 351 -4168461679043293261
195 352 1192396590840209506
195 353 -3729690828962762367
195 354 3232754159637529053
195 355 1226920249531289724
195 356 5988345774445990837
195 357 1074878260598931407
195 358 -4995320301779638688
195 359 -265232349117237664
195 360 -4886563589654445724
195 361 43388680853932264
195 362 -5059058739788440034
195 363 3438779224612765386
195 364 2505567348488066736
195 365 -771863498918524099
195 366 5779220161691164678
195 367 -5179632941009120432
195 368 -6339394664663054805
195 369 6695610675475514269
195 370 8123024923552444363
195 371 4224426252974109262
195 372 -9201570686125954221
195 373 3555810322455779054
195 374 -813255482804583335
195 375 1126585224106208909
195 376 -1895427654993175180
195 377 -1811883108272293748
195 378 -6935214008389377037
195 379 7777101535436807551
195 380 4134739822723451594
195 381 4606116323904452512
195 382 4716724061156153163
195 383 -2842655933021552113
195 384 4269496959329907965
195 385 7705887574048183039
195 386 -2774904393929101161
195 387 -64413909413923225
195 388 -528493202566100949
195 389 -4903289049357228985
195 390 -7364707500092288466
195 391 5426090006877756386
195 392 -5830924100588984584
195 393 -3844938300434788160
195 394 4805089403834391570
195 395 -3247291316715246843
195 396 7757227623084982372
195 397 2266502426246716370
195 398 -1425727164572790307
195 399 -5782252508737869246
196 0 611583333247006677
196 1 3935896661185231348
196 2 -7748593032514053460
196 3 -8607738287609862144
196 4 -84901942339763171
196 5 8845433960613986553
196 6 -8019351977353857800
196 7 3774915780202013005
196 8 5680574968748652035
196 9 8676579116047571181
196 10 -4986581717878801911
196 11 -7003340591142299663
196 12 4135039437368192424
196 13 -2016872833379725560
196 14 4331677228414880027
196 15 -230458160618225270
196 16 1709152137546393846
196 17 678987265473145189
196 18 181334611676095605
196 19 5203585933852194390
196 20 -1921727104832581152
196 21 -6170055199925698238
196 22 -5117673523826464514
196 23 2769502605617716224
196 24 5810985241924421982
196 25 -346163516082873854
196 26 8291594369028883560
196 27 1888726129767465548
196 28 -6652646337994448649
196 29 7407971572552889723
196 30 7920420688936660973
196 31 -5677756554821475258
196 32 6318653762769284165
196 33 -4821574128885094522
196 34 -2877283220544906430
196 35 -9014587438003858890
196 36 5273085232916808969
196 37 -1789867365424458617
196 38 -6092818554282786987
196 39 -3372792833956401471
196 40 -5478706006625801678
196 41 1205610037623924451
196 42 8696031877239630738
196 43 8068820091562934378
196 44 -4790816709973628045
196 45 980496218857895296
196 46 -6621086052422935978
196 47 8474661680193968777
196 48 7851160020772177735
196 49 -1283411365381907901
196 50 -8829836922924459030
196 51 2212191087725658520
196 52 6392035032739254096
196 53 -6566950986360465071
196 54 -8501449731169728551
196 55 -6752855411317261906
196 56 5212171016118068507
196 57 -3914708557047788252
196 58 8130590170304255506
196 59 -6675595207834120001
196 60 -5286909104914190839
196 61 -6272350592641621325
196 62 1716841011030645961
196 63 8298202828178128140
196 64 -3394384093360682157
196 65 2172178111971954475
196 66 1069425513446030468
196 67 8068857707984470089
196 68 -3591699196390671262
196 69 1338160713599278139
196 70 4691294629957002434
196 71 7971011714476380320
196 72 5987308057367344232
196 73 1007197715226501761
196 74 -7667404733780726197
196 75 -5431500874501684272
196 76 -1791747611507186025
196 77 -4725661005332800998
196 78 8963074117062833437
196 79 9174625806951560238
196 80 -598934029713166553
196 81 2329112698966972339
196 82 904798329950732615
196 83 -9126123894943970443
196 84 -9151476284608897320
196 85 8798748734915839010
196 86 -2361491556093814
196 87 -4053285698151086814
196 88 5199704296294352700
196 89 -6116415974420967941
196 90 -5012082067320298190
196 91 5267670136249430899
196 92 46038752208545425
196 93 -4039063083859096524
196 94 6742873656506571250
196 95 1558213252725148314
196 96 -1494966234218292872
196 97 -7603358254485439643
196 98 -4490446617711833403
196 99 545590464223036383
196 100 3152727307101389717
196 101 1611055797772851260
196 102 594057954877767551
196 103 3218086253609860871
196 104 -1414487877095491130
196 105 830336767265809819
196 106 8713269898673897332
196 107 -4840368848385841631
196 108 -5451016708925003640
196 109 8370180447839758656
196 110 3260309756907017363
196 111 8279694241488409457
196 112 -8677692320499730010
196 113 -649305512008417204
196 114 -6251060511262565435
196 115 -3456995705703496097
196 116 -5401819715214596533
196 117 5033020640264352875
196 118 8144797024187458284
196 119 -8264790039425579690
196 120 -6911842770621012996
196 121 -812639100125171102
196 122 3467773272297906687
196 123 -5061622805660621906
196 124 8431042091993594575
196 125 -1264062276498789278
196 126 -2279476576129242978
196 127 -8922097338776967377
196 128 -560497744929546479
196 129 9201434019774226413
196 130 -3550305681298034263
196 131 663654338912814736
196 132 -8084235340851074832
196 133 -1890760229649284025
196 134 -611662607689260105
196 135 1235302772059837357
196 136 -480768466017571764
196 137 -8216961715384305809
196 138 -1310029611166869239
196 139 4909903971096421623
196 140 1192419971044303388
196 141 -5608427070049975102
196 142 -5969473780111751732
196 143 7668644035830343425
196 144 8354171237139833837
196 145 -2858522979043284209
196 146 2607252386628968451
196 147 9094805005141130241
196 148 -4083563731012768377
196 149 6822225173869342307
196 150 -2568439590467876489
196 151 -1177764008166349070
196 152 4159366193873795355
196 153 6545469922290354089
196 154 6189038427727993582
196 155 3586253945658058137
196 156 6948460443132881469
196 157 5814703214896314122
196 158 -2453722960180404544
196 159 -1906267593124141106
196 160 7415693012202341436
196 161 -3189065152398491213
196 162 -3916065269340332691
196 163 8756700094789312684
196 164 8751759932542281704
196 165 1778277254032699854
196 166 2882047488271405475
196 167 -1575352216372833273
196 168 3522292395545430102
196 169 6893651747418001747
196 170 -2412468368712412832
196 171 -4676425868186553602
196 172 -1477882430158283501
196 173 3713067148789046108
196 174 -4279293198069372062
196 175 5061507270183749307
196 176 -8590899020217065769
196 177 -4840067091420810762
196 178 -802639753091138552
196 179 4835567293299319825
196 180 -4648147102133458064
196 181 -5404166151214903634
196 182 94167957597498672
196 183 8125068793299148692
196 184 -4868386359768173637
196 185 -6294214907702086845
196 186 14013507189035736
196 187 -1141568481602232519
196 188 -4740800699523574639
196 189 2761096319366876043
196 190 -6942314022192403320
196 191 -1500563561591378173
196 192 -4312522590377383847
196 193 -668380383131318559
196 194 7169301999753528932
196 195 4518922072026169745
196 196 -4461181111054502164
196 197 -7326208854404050101
196 198 5537477403019156305
196 199 2353730701975769779
196 200 4511518666659166852
196 201 226561234262625114
196 202 6442756512762917327
196 203 6850352386808418080
196 204 5572185139727870659
196 205 -2442099821736468605
196 206 5600544977021473210
196 207 1548599194147686771
196 208 4812894121834257505
196 209 -1176449370768135702
196 210 1907054790353151821
196 211 -491401025217285863
196 212 -1856246518522340659
196 213 -4346008474876761325
196 214 -805709361308201747
196 215 942643566919341350
196 216 -2169717952670174712
196 217 6080239144780903578
196 218 -1427296315094229494
196 219 -6741757922465266765
196 220 7692534066091002434
196 221 -2999173393749946890
196 222 874796411242460878
196 223 -4935294182162693615
196 224 -7421826862220622173
196 225 -7694694246504656173
196 226 6074305336067555742
196 227 -4325795162622008431
196 228 -7306864444625205767
196 229 -7530258476720907587
196 230 -4879355354246119087
196 231 -4103869758611389077
196 232 1888024395365195796
196 233 -508516707896343286
196 234 -993395610550649356
196 235 -7845961899324719661
196 236 -4697384638266685973
196 237 -6759962239677469784
196 238 1267096837602650724
196 239 -1524835913814540505
196 240 -4593050549372603963
196 241 -393226745276416908
196 242 -1228834341422820721
196 243 4561104318372748322
196 244 2987504132067372048
196 245 4736505075435934232
196 246 -71540187779189302
196 247 7254481299019884266
196 248 -7958819158551236627
196 249 -8398326621286045965
196 250 -3511885511832267376
196 251 -2799633325988786210
196 252 6490712452857276048
196 253 -1856303604134591040
196 254 8184502326022978667
196 255 192485700267188978
196 256 -974152704991011592
196 257 -6048174533759439628
196 258 -7004487245406455802
196 259 2297392915705743777
196 260 1526951998794633960
196 261 7298245693392781148
196 262 1487492018235914831
196 263 -7296559869999357253
196 264 -744415317092849931
196 265 -7502725921451690430
196 266 -8137994428855114599
196 267 -3484982902295569036
196 268 -5577780322414330948
196 269 -1899120250798035501
196 270 -412389489493069942
196 271 328687030136605337
196 272 -8233617419782480633
196 273 855563365720104448
196 274 -1005142556559323177
196 275 -5312987487528771535
196 276 2271854903296477707
196 277 -1327211170040762745
196 278 4823561738303830910
196 279 303771248023149267
196 280 4238098892031030882
196 281 5444486215636282198
196 282 -3282512857756261816
196 283 -3547869481995644101
196 284 -4612075948839469774
196 285 766867042996252619
196 286 -3866825478144136448
196 287 4292291902451958311
196 288 8023396210092405125
196 289 -7770470767054444751
196 290 8586667875862083526
196 291 4868483438890088000
196 292 7094846126324988383
196 293 -6791937158359464099
196 294 -2681529723191114542
196 295 -3593046975341797226
196 296 -6891276331472654426
196 297 2941648402108234690
196 298 8614369155111356019
196 299 2409205889175769095
196 300 4866354992227527581
196 301 1519398778447758548
196 302 264719211177887100
196 303 -4573126886064752947
196 304 -8697245569711092014
196 305 -3833364981635123588
196 306 7676351085287199618
196 307 2789781372399701524
196 308 -1560389600557601056
196 309 5202846563726388707
196 310 5005500419032738081
196 311 -1791395668992078315
196 312 -8053336791362198497
196 313 3976014096199669139
196 314 -2341113553007168617
196 315 967220317780257998
196 316 -4722201995159736332
196 317 4900221961033669818
196 318 5415766165161758586
196 319 -3524766906219459923
196 320 7523155910203347751
196 321 5476084256816524770
196 322 6576213529798343378
196 323 5941378494366858979
196 324 5051336604049559055
196 325 -3378519639652630695
196 326 2423841434211442454
196 327 2572136939452840258
196 328 -3973818656908263777
196 329 6697691391178170028
196 330 7788966386448150458
196 331 -8343286252273176171
196 332 -7682419961955077608
196 333 2741969118935882515
196 334 1355616467541454184
196 335 6541096616512542195
196 336 4598831243923014706
196 337 -8229322421657478465
196 338 8105122842386027634
196 339 5191827810682840914
196 340 -4295905141520625065
196 341 346886773881330791
196 342 -8359381957180657915
196 343 1232942004700565988
196 344 8581967313237046339
196 345 8011696417343815724
196 346 -7717004180164095401
196 347 -1216640522657539518
196 348 6307331970730532452
196 349 1834224292050032032
196 350 7385448368722044275
196 351 8236069634964609745
196 352 2495800297269883393
196 353 5669150107345153132
196 354 -4710121582715707891
196 355 4893519777319072446
196 356 -8977931782126634770
196 357 6605910772125774727
196 358 5283419490506472976
196 359 -4106772136627875738
196 360 6151924627930660998
196 361 119545643857575116
196 362 8345480497104993476
196 363 -2872934574840015094
196 364 1730170079627101502
196 365 2922432416761163413
196 366 4666985839801125092
196 367 -7618912531627713159
196 368 -2836499931127165755
196 369 -9198717672900556708
196 370 -3506625410649310323
196 371 4934715131108275452
196 372 -8289818408865053536
196 373 -5572872288432327352
196 374 -5419770187273253876
196 375 -5804138290688472520
196 376 -8690365789273890626
196 377 3605779232705719932
196 378 1964438509145155392
196 379 6190187466605799805
196 380 -658406687677793748
196 381 3727998115227458878
196 382 2297720147871465272
196 383 -5515776252541277270
196 384 3488494381421460832
196 385 -4304872711077919954
196 386 589727426510714124
196 387 1071169817603580240
196 388 -2003276423777382443
196 389 4296090305796857415
196 390 -6300439196097057083
196 391 2146194729854740990
196 392 -7362090142493061179
196 393 -1827834333308118946
196 394 -2543145332099795012
196 395 5246930823955749377
196 396 6866534705670677340
196 397 -9214062626420223870
196 398 -2355873076511276137
196 399 -7058982066074801658
197 0 8180451369055397354
197 1 2520849730893446572
197 2 -3277699020056672231
197 3 -1854538146831702760
197 4 -3169141836939395433
197 5 -1540511426870073272
197 6 6292142247340148917
197 7 5078728337672833668
197 8 -4584048442103615114
197 9 -2852243085160035901
197 10 -2242118033826327507
197 11 -4704952304596900230
197 12 3721551260500027550
197 13 -3857580452514931486
197 14 7474161363377112690
197 15 -397575496444964038
197 16 -3418396805311650110
197 17 9055726483036451596
197 18 -1951825859908145223
197 19 4892312160894260589
197 20 4085226672802864106
197 21 -5944379464855244741
197 22 8306075723307782025
197 23 3591537913807310887
197 24 -6508341534860764844
197 25 -7154115294247943958
197 26 -7285225304496982158
197 27 -635572717952606737
197 28 -2041129930570242115
197 29 7022417189206402418
197 30 -6648762166929841629
197 31 1772759390997339203
197 32 8371445763089058001
197 33 -4912149203568631050
197 34 7814778368233189623
197 35 -5502982283966637895
197 36 -8445617806167052598
197 37 7126714100615568740
197 38 -7204220181787686492
197 39 -9082516302136504182
197 40 859240434674966357
197 41 4064111127451194168
197 42 1976313812192251393
197 43 -7244845765160099732
197 44 -8779374118516610017
197 45 6805586211133092252
197 46 -4845088496998075761
197 47 8617364020468017475
197 48 -8548975845510079982
197 49 -2910542379288199017
197 50 751641755665871251
197 51 -6511432166514518530
197 52 -2392216658173518458
197 53 4990941320494623648
197 54 4096863654479541839
197 55 3232269485973727807
197 56 5804804946417424366
197 57 2751070764540877269
197 58 4217786299421637709
197 59 -2015245610718182946
197 60 7077900557611360102
197 61 9055874725602833353
197 62 3975791767816040578
197 63 8959928823943392664
197 64 4184495164096595302
197 65 2526756937510228717
197 66 1471428788960997585
197 67 3521080775422596384
197 68 -2030845266667341852
197 69 3688097104771665261
197 70 2316971625775082873
197 71 -3975514396533368023
197 72 -8664764029059775130
197 73 -4374948232598897651
197 74 3962295090111959499
197 75 -2102038770480766248
197 76 1948220963848382522
197 77 3507866715694821511
197 78 3055189683013700935
197 79 -8978730245344134540
197 80 -1549277768855291565
197 81 -1629529311930894933
197 82 -8752248789050420575
197 83 -3689564523785281041
197 84 -3955187441285344861
197 85 1250237569074758647
197 86 7510501635056414362
197 87 -4612487287612077041
197 88 6656728706446715049
197 89 -2813555005840082666
197 90 -6351071091064993863
197 91 -6527806639371762193
197 92 4694010022365312912
197 93 -6279669675649235700
197 94 7697230851084133182
197 95 -210102423246704987
197 96 6107178882045929359
197 97 6571715851569481580
197 98 -2140386331038153154
197 99 -8346400588086453322
197 100 -5643884501082144831
197 101 5213499610246677174
197 102 8555725039391348396
197 103 652795746249276170
197 104 7148197936604464331
197 105 -5435599430312052211
197 106 -6080436840222536707
197 107 449743741604633410
197 108 -2595091985594196880
197 109 -2331792148009411170
197 110 3652593982670998782
197 111 -5868752655496146938
197 112 -8209431083350960816
197 113 -462627275845541970
197 114 5997425663869837072
197 115 -5675032677141609380
197 116 4400730227213610219
197 117 2315002773522913102
197 118 -9004199790418255981
197 119 -4872948833645921898
197 120 -3920386548544262320
197 121 1735084606284888857
197 122 -466370284244168628
197 123 6199115966910852194
197 124 8920479253838998454
197 125 -6632467378371795181
197 126 -2742244278569813101
197 127 253230127821282058
197 128 -8600115825671766680
197 129 8745181895021158562
197 130 5037590862372267971
197 131 7335852957322604239
197 132 -5899039127917878294
197 133 -8646089679281766118
197 134 -4765756944593955979
197 135 -5355866612483212193
197 136 7299606313377229758
197 137 6145477374318792971
197 138 -4634416118710857000
197 139 5852805459558343670
197 140 -6215243044346229728
197 141 5521043675247990348
197 142 -7507403607679010311
197 143 -1137718050115039480
197 144 -6118757465993261093
197 145 -1020347184681738812
197 146 3574287906904381021
197 147 978173060849547198
197 148 -6637369001474442334
197 149 -6530470225231562483
197 150 4862732460093392981
197 151 2374361596999480165
197 152 3346971320197281629
197 153 7554461257063435943
197 154 -803042510180057900
197 155 -6321839799927944285
197 156 -4850454028958157397
197 157 7582217014179818325
197 158 7174975633556742062
197 159 440068168076682633
197 160 -9199747448041227901
197 161 -5202866804570698156
197 162 7342844730915406178
197 163 -7182372680956110320
197 164 3107539492642649709
197 165 2955769306299067272
197 166 -8646591132119043963
197 167 -6123358924888244797
197 168 -8299943203888131233
197 169 -3243735151149034630
197 170 8128874548704188847
197 171 -6997711235138820495
197 172 -8166340322269482661
197 173 5200108940678502107
197 174 -2175459962742578908
197 175 9162871095744168115
197 176 333649085115866525
197 177 -8446942150654203463
197 178 8817395033588572723
197 179 -197687364775236468
197 180 8620613166728562781
197 181 8593756214159860012
197 182 4377329201044970138
197 183 -4050684618322654817
197 184 -4431857784487209962
197 185 5646778772812095974
197 186 7691251157212857776
197 187 7403553688586280298
197 188 568272976486142267
197 189 7532544449548930427
197 190 3934402590771278129
197 191 5879612457770214090
197 192 -2992494842133772381
197 193 8010337746820959789
197 194 679069053871348677
197 195 -4269074573407302872
197 196 2827022600056225918
197 197 -7193934232050154568
197 198 820733692362948707
197 199 -5719665332537242887
197 200 2678098724363313424
197 201 -7458680709216391451
197 202 -3459240298984090849
197 203 1771029014910793017
197 204 -1048879008423357620
197 205 4030830651755920100
197 206 1481139991171204813
197 207 6344257288611834213
197 208 9082160146295019296
197 209 -2501763509207093375
197 210 703250766649258476
197 211 -469803828687334040
197 212 -1211295137613785595
197 213 -3027517828941575810
197 214 4072520576782755074
197 215 830185731753385690
197 216 -4246928969105477002
197 217 2092611030639946969
197 218 3599426215602987156
197 219 -9025933889056890475
197 220 -3718092332695219555
197 221 -8002221661351299861
197 222 -3441829729545539864
197 223 -4308689456760899050
197 224 6136557969477779767
197 225 -8967955528764787317
197 226 -267195115783295434
197 227 5785039038398987861
197 228 1205111182705639744
197 229 5787808750454418738
197 230 -1393041927078487893
197 231 7567320003952894543
197 232 8285280030218492365
197 233 1083938227552154503
197 234 6876273311154564901
197 235 -9208383638962598701
197 236 346336054943737098
197 237 -4133529263746427636
197 238 -3752540151864407968
197 239 3646220708417696185
197 240 2470985887151528275
197 241 4103311658476467267
197 242 5799125552921933912
197 243 8542943755213997082
197 244 -1601767711692582420
197 245 -1363561893115475974
197 246 -2854735507677001094
197 247 6681622986533765422
197 248 420311631407008390
197 249 -6752152276643788084
197 250 2323322862667097258
197 251 -9209558054817911561
197 252 -1029123025717969840
197 253 -4933416696416527153
197 254 -7555744255310904721
197 255 -6383154573833576009
197 256 -8762582355632245751
197 257 3506356924548796259
197 258 7418203462434453448
197 259 -1099407868634887963
197 260 -926818277171963968
197 261 8604455799319396853
197 262 -6091112958340237178
197 263 5824125398471482338
197 264 6953703982971198139
197 265 8552792128919874539
197 266 -2676175227044313886
197 267 -2800018760716694592
197 268 -7194854269642082778
197 269 -2878943007782360583
197 270 2679854396153621639
197 271 -4136594764681259973
197 272 -7918095212355610249
197 273 9172225182655470787
197 274 -4106542216336318373
197 275 -8802824122431102352
197 276 5168119604331074582
197 277 -7709461098554592971
197 278 -8340576039591343376
197 279 6632306163715419597
197 280 -9177572690398398067
197 281 2318592656925725063
197 282 -191620910090477685
197 283 -5741433571449692243
197 284 -8270322911129095802
197 285 7120280231128236426
197 286 3388609401384348257
197 287 -9039432816853683547
197 288 1061534259781772619
197 289 4076857918443783554
197 290 -8841211801137041009
197 291 -2870909778792437045
197 292 4743917444685527481
197 293 8425811197428329787
197 294 -4192482124467424807
197 295 -2803856400118128253
197 296 -2958310216517481907
197 297 -8213666539337968274
197 298 -5899656952046302479
197 299 -4943595546015889916
197 300 6488971282842457996
197 301 7041536344349000465
197 302 -1664020989017938835
197 303 -688118842090334006
197 304 -1207200061503377629
197 305 -670660475042553740
197 306 1937228938534633511
197 307 3352853266142193446
197 308 6610067970189050391
197 309 3049837109879262648
197 310 -7754619292073291324
197 311 -147913519059441039
197 312 8870315570157479914
197 313 3938846029691360191
197 314 6496907324258978712
197 315 3700209546236935165
197 316 8424380058365533262
197 317 5743744812277169446
197 318 -1062634601895478744
197 319 -2344334861781423115
197 320 -8794993911878833797
197 321 1901991861445054083
197 322 -8530120666365262351
197 323 5384213725767309991
197 324 6219493856880286495
197 325 -6565573459837527696
197 326 2888982768043839674
197 327 2809474605261416824
197 328 6393914736954268672
197 329 -4001257526515029886
197 330 -4439128333393982360
197 331 -554790987670813272
197 332 1466043949309826370
197 333 9119196212557673515
197 334 -2575407789772565203
197 335 2426260622662090202
197 336 -2019137225205948415
197 337 6033061224118213116
197 338 5087442117680550769
197 339 7995487164523796068
197 340 -7103773894705476547
197 341 -681016549514394324
197 342 -2328086758083865411
197 343 8030386763941135817
197 344 -2306866308755074538
197 345 -3162545953063375602
197 346 1142281224827564095
197 347 -1011821787799062164
197 348 -3996645852913865217
197 349 -1320272315177819123
197 350 9101240001389791254
197 351 7850156570691420895
197 352 9090719643737711276
197 353 -7598600784639313305
197 354 3104932181291462629
197 355 81817657945624654
197 356 3783307859301366575
197 357 -4645337187518720066
197 358 3309855151945891802
197 359 -8689467593834578153
197 360 -2420832635101854971
197 361 -3403993813742416690
197 362 4649947362262118904
197 363 1615900629858139803
197 364 400727515493445656
197 365 7462894333161119031
197 366 3288107122778170915
197 367 2775212050360022884
197 368 8861828266486417051
197 369 -770921514544148487
197 370 -6598894213521308772
197 371 2819346737474424107
197 372 1787129281454393120
197 373 8994517302957417673
197 374 6652247613890760455
197 375 -5688316364213694072
197 376 3092439230921749060
197 377 -3282777229780172982
197 378 1057243843850269624
197 379 6423799825491095154
197 380 7469379549950797133
197 381 2292374965929718113
197 382 -4537590528933905937
197 383 -8107564157714667841
197 384 1218435363889202707
197 385 -8444716649092284725
197 386 -4571791731458101758
197 387 -6668783159367596376
197 388 -8850966442765224049
197 389 859450258083079590
197 390 -2960305221255651215
197 391 6238445461076487756
197 392 -2772283304680380871
197 393 6728588514860621093
197 394 4353065077149777797
197 395 7679374428755851609
197 396 -4478599044695056298
197 397 -969567893548541924
197 398 39785061409685959
197 399 -4272086535662634377
198 0 -6871576234229254606
198 1 2195080366123655509
198 2 -9139754521795510647
198 3 -255721687418558504
198 4 8222153284766449476
198 5 -592158746679207165
198 6 3223512790708347683
198 7 -2052212012053451012
198 8 -6669698016229501848
198 9 -9071211926715672746
198 10 403473772763142437
198 11 -6276405672513317853
198 12 -2286732853068666415
198 13 -8421677676911981975
198 14 -3676878170739310032
198 15 -8675520763234507681
198 16 -6516708842569686851
198 17 8949517645936484753
198 18 145467812095545287
198 19 4394684579452106455
198 20 3632593120450612341
198 21 6588810845804427716
198 22 2747187973009578531
198 23 1558904002383794109
198 24 3458157240949440413
198 25 2390908321923160275
198 26 -2884264776319403733
198 27 -7257530127343752254
198 28 1070306273057690670
198 29 -1614980700913548114
198 30 -314623796420037201
198 31 815433734411240657
198 32 -6946583192948216126
198 33 -6384627909872039506
198 34 -3334443211003746221
198 35 -1919619003885310010
198 36 1875812326702180076
198 37 5475166307095294106
198 38 8699142311228255521
198 39 -9214543714618239090
198 40 3055231475807548364
198 41 -5940288837544150241
198 42 -7277321465835013548
198 43 3367510038890594890
198 44 8557091739453431052
198 45 6839059616261142780
198 46 7917811250750464172
198 47 -4588256948863080736
198 48 5819837478493875822
198 49 -584680521434173516
198 50 -4456830188282022897
198 51 -8524331465377784905
198 52 2228848672566758666
198 53 -539709931039574599
198 54 4631113266856752163
198 55 -7071426525157144308
198 56 8111680822211417907
198 57 -7587770407921191098
198 58 6879396013781357745
198 59 5705327479346867438
198 60 -9218011091235499515
198 61 -1982460292107281312
198 62 755348987035716905
198 63 5258611776361008209
198 64 7749888848328429406
198 65 -8174494008725227566
198 66 -6981572899407848417
198 67 -6840162771081005847
198 68 -2679852510853260924
198 69 6078435195701394691
198 70 -8986944161505218284
198 71 -5344240245431504047
198 72 -431333393441521961
198 73 4361531907677868793
198 74 2709806347630268157
198 75 1068914848438689058
198 76 3244399825995346815
198 77 1787226841652276084
198 78 -1623032044877791072
198 79 -6692305559317652501
198 80 9095443723493489454
198 81 4467216365833766270
198 82 3875242014490869764
198 83 3170129014707874226
198 84 -1716412587771375880
198 85 4352564830747193348
198 86 -6127182145247779534
198 87 6504183441733374736
198 88 -4225562740720130276
198 89 7896167472110806466
198 90 -1843532676609495835
198 91 -4992274109590852243
198 92 6967643842966146438
198 93 1089612543719690880
198 94 -1448094329152160369
198 95 -5112825018810916352
198 96 2314325577467010684
198 97 887967984679837846
198 98 3626523234596843189
198 99 1082787525152244874
198 100 3875708448072983909
198 101 -7626144784713388888
198 102 -4342197423501858174
198 103 5833912984441362984
198 104 -3551655345646043238
198 105 -944339948326959748
198 106 1552764578236535630
198 107 6322067944475466629
198 108 1930784436505509945
198 109 -8864036857218549518
198 110 953294206348515781
198 111 5693324730021495497
198 112 -879733795225990306
198 113 -5891492934169822395
198 114 -5683917165524072590
198 115 892351700014023758
198 116 -5508122109048046605
198 117 -1796286249016593729
198 118 -297690588680800874
198 119 4576675083506739360
198 120 3937498378103953715
198 121 2862833647708312684
198 122 -8631079477802007290
198 123 2127893802457794418
198 124 2869795355574501770
198 125 -3067061713489376184
198 126 -7448162955199787458
198 127 3243505334840576610
198 128 4810993585522629779
198 129 -6304352383305844724
198 130 5996574865941134378
198 131 -330531455635439405
198 132 -8989210145497497774
198 133 3062000296658864726
198 134 -8611525202970759441
198 135 17561076834541691
198 136 461663957659825465
198 137 3348927810327724037
198 138 167568963595389011
198 139 -5567314657638829131
198 140 7948246123902727046
198 141 5962323968614776383
198 142 -9208824443477660234
198 143 -3724839070458598674
198 144 -2764429715685225142
198 145 -9021556886881443445
198 146 -6696177970084371998
198 147 -2372381218794414683
198 148 7954079914721248279
198 149 7203173100162174115
198 150 6776473450871077739
198 151 6290271479510500997
198 152 -6301109884620678470
198 153 -4870338671283809599
198 154 -4452229040058325422
198 155 -861026092614048453
198 156 -512302742857608815
198 157 -8256486441250872230
198 158 7954200573129651386
198 159 -7708358158320905568
198 160 458400295177720721
198 161 312086019607287191
198 162 -4196706473182192310
198 163 5163822499134484782
198 164 -68836465594577844
198 165 -3568778871727272446
198 166 -3904588659699792687
198 167 8154213545087237351
198 168 -231953257133035687
198 169 6441414905674529876
198 170 -5859924226247799880
198 171 5485477833756948890
198 172 -4805541138444295881
198 173 -1180554867446250740
198 174 -3225884538984078793
198 175 -5818081425273135177
198 176 -1210707582174004401
198 177 1152729228411918243
198 178 -8814771977221365496
198 179 705889137597937952
198 180 2283838327102656283
198 181 -5380275373092899027
198 182 -8763667861233551599
198 183 3111082140089188459
198 184 8463918179189482802
198 185 214687259391285463
198 186 7701991286366449135
198 187 -3861694848647742492
198 188 7535905433291027221
198 189 -4846077909303601609
198 190 -3358052920540531131
198 191 4544710628160499113
198 192 -1506557026226354141
198 193 -5427737208745084561
198 194 7171769034324148301
198 195 4776990962234734882
198 196 -8880003942946102842
198 197 1044288154701039837
198 198 -1390903470146348609
198 199 -4244799656162428687
198 200 8473128549946624087
198 201 -49003609969417434
198 202 9187515015246317459
198 203 -6793041624354004232
198 204 -5737586581379675732
198 205 -3494638638201881227
198 206 420200560860822895
198 207 -1902382157014967319
198 208 -4252573186622198590
198 209 5967871263292784988
198 210 7231437191739354368
198 211 7320812608564344791
198 212 4990715142398715755
198 213 1243136405733151
198 214 -6400469540852866571
198 215 3344638663740388693
198 216 3328599484860829057
198 217 -1871699405573152623
198 218 6476856308265963855
198 219 4004644741564688202
198 220 1741375955699770376
198 221 2157720872321332306
198 222 -1239409911477690698
198 223 7489151944983537914
198 224 -2876696778424718704
198 225 2960680830074275421
198 226 -8944739731232770364
198 227 -4531911466304217023
198 228 8161347224408237918
198 229 -803410279127677806
198 230 7610882447801639018
198 231 -4112077381438276468
198 232 -3299800324381263106
198 233 7637540478665250176
198 234 -8151212249677469765
198 235 5288769235412549744
198 236 -8983345808593410051
198 237 -2378722371794018895
198 238 -7181925905329548077
198 239 -3709163623280749532
198 240 4433069121393619203
198 241 5316482412987787490
198 242 2481809432983027412
198 243 -8355439051030878548
198 244 -8230949773564600273
198 245 1346884593087065442
198 246 -6046894450890122964
198 247 -9141631668279681897
198 248 -3519515676830182577
198 249 8685341521259344794
198 250 8330082010449946482
198 251 -5988833281479232397
198 252 -5799351195834207807
198 253 -2715426539322505846
198 254 -6706958802320422959
198 255 7541072855342864207
198 256 -5513145043947534414
198 257 -7823934119223625439
198 258 -6313788892958285798
198 259 8061199662689476102
198 260 8876859419924203113
198 261 2657644513157666326
198 262 7429288302011491035
198 263 -3234155470318556289
198 264 469300571874391758
198 265 211381230717079834
198 266 -2770436647755709952
198 267 2858126067795007490
198 268 -2914554233450366755
198 269 8116961702148189231
198 270 -212887589688247437
198 271 7740559340791229734
198 272 -9196079322222315340
198 273 -4029889604002345456
198 274 4504471321265119330
198 275 2621059944809586620
198 276 355494927366301402
198 277 2259032852036376431
198 278 1360565167373019280
198 279 -8468016773172078695
198 280 -3444849939179488476
198 281 -8289216170659387905
198 282 2554703385727721355
198 283 -4647874579858157155
198 284 -8421247832484513173
198 285 -1980584680415748293
198 286 4970847536978201607
198 287 -4260778580758438282
198 288 604519748410026213
198 289 -8117846145330038604
198 290 -630646689282927433
198 291 1601356712063300609
198 292 369451460174900872
198 293 4205937803588773954
198 294 4912806826280714384
198 295 -5819062559169485859
198 296 -7778486156007559530
198 297 579025455252981930
198 298 9001364264898005260
198 299 3862230723107147920
198 300 8320239258933220154
198 301 -3366667523762661966
198 302 3346406381433218947
198 303 180674489405576836
198 304 -3392108047959428162
198 305 4387614879820738780
198 306 5663163931584426824
198 307 -7893941795236023805
198 308 5292414109318197468
198 309 -697815685883946056
198 310 -4107265790283853606
198 311 7296261835378169041
198 312 -7313514258447764828
198 313 6132441447758348141
198 314 8425732692301278505
198 315 4707666182964337420
198 316 -7855457567623661443
198 317 -7446093787700991287
198 318 1331282352704878905
198 319 -7675500581540442354
198 320 667045909254852145
198 321 8139928847908053497
198 322 5414670455604141359
198 323 -8344610877711316548
198 324 3179745979389832492
198 325 3995225274670080076
198 326 -4940292246693145095
198 327 8830314165966190194
198 328 6965608989296732069
198 329 2268425765184118494
198 330 -2818976414921925023
198 331 6512799471137748122
198 332 6199388560089153893
198 333 737060396587111729
198 334 737376873895797914
198 335 4578214450416675257
198 336 5125402025397990114
198 337 -1262397149382714660
198 338 9096155764231080461
198 339 1497141597265751185
198 340 -2219316803194573392
198 341 2632765143653610490
198 342 -699818860359510407
198 343 9158188723647529282
198 344 -5566666309284728441
198 345 1139629321136265045
198 346 -752390649104180769
198 347 8367233941180957914
198 348 -1779623416491498883
198 349 6368480633413989456
198 350 5877575136204159986
198 351 4107865059814056407
198 352 3340378295617010034
198 353 -1431226696078222139
198 354 -6588012689972230945
198 355 6436044546299015925
198 356 -8568190796707673318
198 357 2050318631378572343
198 358 -439005970054887623
198 359 2892174252282385937
198 360 4814838255294570283
198 361 136073939544058586
198 362 -6020918351658159372
198 363 -6430627497573408285
198 364 6228036817129687542
198 365 -3131020117302868204
198 366 -2438122056492928888
198 367 8737414254508487228
198 368 -2236408134005871137
198 369 3184005872091071631
198 370 4561374122731687116
198 371 3855679741589349758
198 372 -2838270248380606576
198 373 -1530420376803822019
198 374 677568499953573589
198 375 -5532778532668256099
198 376 -2392147760228780646
198 377 6305485645125946817
198 378 7420745834288835905
198 379 4336250906964220498
198 380 -9097048608962287285
198 381 -4063494356373091297
198 382 -4662433096338611919
198 383 303626134574489793
198 384 72401812849506216
198 385 -8640367200767719122
198 386 -6451370371028022077
198 387 -897714572582878640
198 388 -7685390835882591685
198 389 -8424295719271641587
198 390 2631758755822261211
198 391 -4276761206533040297
198 392 -2440075238850303411
198 393 -2284972892031403689
198 394 -6614795394048957026
198 395 -1035000291013671971
198 396 -7220497431728659095
198 397 -8831773565174534968
198 398 -968931515811907434
198 399 -2404542652101728900
199 0 7797232635037689674
199 1 8729069469495400987
199 2 6662573487172838509
199 3 7505228353289309928
199 4 8708957293275316094
199 5 7726397491137807049
199 6 3623758492388555225
199 7 -1586904242078894494
199 8 -2338485257271911645
199 9 -2704346894229356371
199 10 -426891615209645650
199 11 -1875824486489790231
199 12 -2407185695883650189
199 13 -6254710401527100269
199 14 -1658399518009201747
199 15 7341649894233306165
199 16 5793903459665131079
199 17 -152054667674768563
199 18 -3730803474975701069
199 19 -1356149900423049086
199 20 -6593271704212444940
199 21 -2292383329942415639
199 22 5992437425463894137
199 23 -4811897508934542974
199 24 -4700188269248921499
199 25 1335346299564888031
199 26 5496388024546021373
199 27 -8598576819174861417
199 28 -5623579929821862516
199 29 4728899852168154974
199 30 3435556249018266413
199 31 5384243722707071253
199 32 885140812545714488
199 33 5041526499866097333
199 34 -6774345513416677779
199 35 398021219174117541
199 36 -4782280062660050121
199 37 -4011008258821732911
199 38 4738412125335576487
199 39 -775585878056620104
199 40 -3286118474046926700
199 41 -9194969572920261112
199 42 -3513357738841432686
199 43 -8789852425011532188
199 44 763429054703232180
199 45 5594097469284748946
199 46 -541649725992856244
199 47 2424670479845721360
199 48 3272940107278807264
199 49 -7241755822380683805
199 50 3818260395541109702
199 51 -7455110308091866799
199 52 -6568844705656603215
199 53 1098422448705554312
199 54 -3791297838004577061
199 55 -2006229370539602533
199 56 -1545414668314601561
199 57 9162758000735434479
199 58 7910885251753166645
199 59 -6697496560706514280
199 60 -7056503935005976512
199 61 -4764418186375842455
199 62 9208467173466358719
199 63 2119266568660922119
199 64 -1042479513028733497
199 65 5846451998918127211
199 66 -7069046890890736227
199 67 -4761665828418059545
199 68 -3548640915988897831
199 69 -7051538666718758694
199 70 -5501578821758527776
199 71 1278513162444258489
199 72 1321699985237304954
199 73 7195485359753810735
199 74 4552150067502469004
199 75 -5487582767923783427
199 76 4344578523689119820
199 77 1626557781485602642
199 78 3939293751835258352
199 79 -6166961167276480948
199 80 -593978412824201947
199 81 4174230611087262133
199 82 -6847832339079759363
199 83 -5600176695924558002
199 84 -5851704917950101670
199 85 4565323770372143728
199 86 -6946288048655042742
199 87 5745516202881144639
199 88 -5642239874369752841
199 89 1417932199447817315
199 90 2269013884197153264
199 91 -8559653314760876344
199 92 5009641354266753950
199 93 -6316013175995316007
199 94 -8944290437141968753
199 95 -5033285098266353789
199 96 -6345162393619189299
199 97 6532356873003304110
199 98 -9023428041969889050
199 99 -1045512926545335601
199 100 -1459765484747502608
199 101 5581152871959897572
199 102 -8706619420572018005
199 103 7096932676425327951
199 104 2124490533584325090
199 105 -1900020509562768623
199 106 -5623048703420283625
199 107 -3805900172574235329
199 108 -3143369716280858411
199 109 -9162614106825249927
199 110 -5183004625634326624
199 111 -8835286359441875285
199 112 8842987274438382291
199 113 6099221120565768507
199 114 -6552757362034610748
199 115 -1173652570812574992
199 116 -5128706564742368330
199 117 -6596503321944415478
199 118 8309125623359939304
199 119 3603554853773240773
199 120 1901913960522132
199 121 -1863593132164574052
199 122 2262331526803819119
199 123 -4488866561048426290
199 124 424121811724160471
199 125 -16972170665610220
199 126 5882700753556250368
199 127 -275875686817764260
199 128 -1633909129532888658
199 129 -6705880731593559695
199 130 -4726411492959234715
199 131 4965648977400593257
199 132 2832934805815514728
199 133 1474218187357580473
199 134 3983720461912514779
199 135 -482649799551351993
199 136 1696855359874798153
199 137 -4627670485069326554
199 138 -1370811699585079814
199 139 -2552415307666296725
199 140 8099191638770462546
199 141 8113057674586335489
199 142 5590087347769179088
199 143 -6782147936427380673
199 144 1672833497219777123
199 145 -555254260910829567
199 146 6433358412836828263
199 147 7835658799027081574
199 148 2397743276679533053
199 149 -3337843471714078871
199 150 -6477704031333271348
199 151 -1749861985090536941
199 152 -8814227217284286404
199 153 -6979865081391369666
199 154 6387153191130717943
199 155 3260555600349324318
199 156 -680026347663116715
199 157 -622083480178052000
199 158 5708938001370259339
199 159 -9135659781749840009
199 160 7216049296513171248
199 161 7949561060923183337
199 162 -7170453966556371476
199 163 5278809164536630334
199 164 -2645213146230656387
199 165 -4347968451076073189
199 166 -6538835672727057846
199 167 6887894397952836505
199 168 -8403763013155550359
199 169 -2075988776960422383
199 170 8547637030645810335
199 171 -8989079350620074725
199 172 -7964536580959122004
199 173 6487199149913280867
199 174 3170902095655376970
199 175 5811555546282972580
199 176 -8795645586922667321
199 177 -7523777279614026558
199 178 8904940320393577758
199 179 -2084058729201181813
199 180 8508217446277092999
199 181 -7130451155226104577
199 182 -7330244155982022174
199 183 7425170796362057216
199 184 -8677978201809892822
199 185 6909630809219742363
199 186 1667597521856307918
199 187 3231185183940871473
199 188 1282257670082258777
199 189 -5378831790706280260
199 190 -403103581288233370
199 191 -1366861604844129304
199 192 6927361986001978195
199 193 -5985481405664182276
199 194 3929209850508516502
199 195 -8895842251470261825
199 196 -5528410977611877140
199 197 -83442328056580983
199 198 8702708873194764980
199 199 -6603067224819360906
199 200 -2281551113173151473
199 201 7850163199660765695
199 202 3017764555389822209
199 203 -2618208934970753560
199 204 -4384503090179640840
199 205 4577678405135394707
199 206 996975270258841146
199 207 3762234989061173776
199 208 1625588281134799534
199 209 5961109334197885730
199 210 5708981067448879457
199 211 -7201217820903564074
199 212 -4523437201201089105
199 213 8184124299930661159
199 214 -1440633501637627501
199 215 2369229549743678081
199 216 1153161348412528378
199 217 -1717825800983616725
199 218 -5345387594075756781
199 219 6080647296715798822
199 220 -6968911600200064008
199 221 -5853420981699512703
199 222 -3032057698394510464
199 223 -578764866143202293
199 224 -940724352744998634
199 225 -2926662766940186738
199 226 4762648818388452296
199 227 -7266443983319024180
199 228 2034297227305457480
199 229 -8943179503917357024
199 230 5697594875486390827
199 231 5578983402446322867
199 232 57286913301400291
199 233 3067718175370947620
199 234 -6778609207985166805
199 235 -5614304723057776712
199 236 6199874233398839510
199 237 4997817272128475956
199 238 -1968172800661695546
199 239 2723690684155129964
199 240 -3777850698742280673
199 241 4694033187219983789
199 242 -8771146106889253139
199 243 9054685886495696561
199 244 5155381931082569054
199 245 -6875516832297984709
199 246 -6478385535859907391
199 247 242180967858882757
199 248 -9172159083175047125
199 249 -2191714993142634199
199 250 7488212833139541363
199 251 -6462537497668583885
199 252 -7579254651897827450
199 253 3018273332996767017
199 254 -5547171244168421208
199 255 -7028537233076626641
199 256 -799776872507861515
199 257 -1081256713464602929
199 258 -3177614907432673073
199 259 9166768782093460721
199 260 4170340230457516521
199 261 7969302401536445529
199 262 -4917005656977556756
199 263 -2842686583354711062
199 264 8786895983916113497
199 265 4076631882250252746
199 266 -8096439585468308558
199 267 -8342038319674155321
199 268 -1090371385029534286
199 269 6297956461032903175
199 270 -328319382360296827
199 271 8728331415443587827
199 272 8094435585981865584
199 273 5167101781506708959
199 274 -3894825572146281613
199 275 5442113503674786104
199 276 -4075690139315888452
199 277 -3242233893424915998
199 278 6897062062677742371
199 279 7711479238368314871
199 280 -895773636094491415
199 281 -9065983680357222485
199 282 7220888914045664412
199 283 -5071586925607225022
199 284 168305762541180868
199 285 -4240539744313419763
199 286 -5442753317602246478
199 287 6974787003137819351
199 288 -2876140853829407494
199 289 -6070051144560584995
199 290 -3598378794060833157
199 291 21206312534201575
199 292 -6244034797480535061
199 293 -4693324076380423608
199 294 -6360493166966009491
199 295 -1073147991300749846
199 296 -4337861417564311996
199 297 1443300126131248299
199 298 -1848436672484334651
199 299 -1692008813683027364
199 300 -4967522416375168852
199 301 4443808080250829585
199 302 -8620058981287002856
199 303 6057657340508778377
199 304 84968912608629907
199 305 2481315399383003909
199 306 4889346351709877521
199 307 2364693793784003416
199 308 6327027230570565839
199 309 4214364577630428649
199 310 4509197686416082675
199 311 -1638158625550824703
199 312 -3060548145996656266
199 313 3410389327845913726
199 314 4163036009992421536
199 315 -6002792304243628873
199 316 -3165922866595270593
199 317 -4297516176714481550
199 318 4141778948957412425
199 319 -3322678185158532485
199 320 -104213639663583500
199 321 -5160185528989244109
199 322 327347175676334407
199 323 -982431397558455790
199 324 -1120064551424950531
199 325 6701665830391173395
199 326 -614990018998259637
199 327 -9186546363627140795
199 328 535834010861796070
199 329 -1195866297321435045
199 330 7949162741330278046
199 331 3195593238614265694
199 332 1924771911294448897
199 333 5510988503747693081
199 334 6538664139484277828
199 335 -1577902402571055622
199 336 3169016539262656416
199 337 841493044121055121
199 338 -3464772091750428295
199 339 1741801216751604889
199 340 -1211061891724993763
199 341 -5338760440851675514
199 342 6395923057617040077
199 343 877131951201831626
199 344 -6252167631737652882
199 345 62549235718258932
199 346 8026614342436395312
199 347 1969846912487719423
199 348 3460909786851777515
199 349 7856343343017336359
199 350 -8150497834780362697
199 351 -304749722692394506
199 352 3442349051591084466
199 353 7429890857746108231
199 354 4939162282005829456
199 355 4981611725210856855
199 356 5575610233615237237
199 357 4425222986094968147
199 358 3617017616987452679
199 359 -5181169245911548673
199 360 -2834490463909457302
199 361 -8551877428168055614
199 362 -610498067251861078
199 363 863359332155946575
199 364 -3666644165405328527
199 365 5621109847648098384
199 366 -8303741495969764786
199 367 -5620083303392147331
199 368 -3669526071681707898
199 369 7775827547128255415
199 370 -3245495271744210702
199 371 3380724042519166318
199 372 -4630677807981349177
199 373 1521162897664995445
199 374 5892971452779656380
199 375 -7664393677570443018
199 376 2606258580097206443
199 377 8668004310839847162
199 378 -3436621367931728267
199 379 2829200406316089982
199 380 -6720293739884161980
199 381 6364833177383942430
199 382 7845912922140131796
199 383 -8612961790767768511
199 384 -5753243105035976369
199 385 -5893825753774294363
199 386 -7543381912940817188
199 387 -493560063778820452
199 388 6935610180960226510
199 389 -7136023305060521918
199 390 3877043500845830886
199 391 -8333988128288350929
199 392 -3114656002027655867
199 393 -4372499813447198645
199 394 3127599941508409415
199 395 -4319477954786414655
199 396 4220408999316828517
199 397 -5531785233667558505
199 398 -4065597667804465757
199 399 -7526006907194465217
Tempo de execução: 0.0446541 segundos 
