400 400
0 0 1389443825614650359
0 1 5641071525840449288
0 2 3128310583393370164
0 3 -7537749229045763114
0 4 -7528485923210340219
0 5 -8175981807354684780
0 6 3491198498011814497
0 7 2200502519916041530
0 8 -5626014060499878692
0 9 -8858570205968385180
0 10 -5841554362580751189
0 11 5627983840959932205
0 12 7949380498284864711
0 13 -3903336188460673515
0 14 1293571496572309893
0 15 -203327510206041958
0 16 8262494299314479056
0 17 1685372481712746900
0 18 4726275063943549206
0 19 -4206918515968072964
0 20 -5700638182823051918
0 21 3143214327650034666
0 22 -8187128946968131516
0 23 -3894501711725234228
0 24 8668600497978839478
0 25 1541358802174161208
0 26 3118604628175054500
0 27 -1484777020769041470
0 28 -2970466531943768215
0 29 7740953805019624740
0 30 4657356628836286102
0 31 1100719169891317813
0 32 8553323676930343658
0 33 -3635588377399441415
0 34 -2430540133185911398
0 35 1107818985502982432
0 36 -172667899917779888
0 37 -6309243934812983275
0 38 5837674516117537889
0 39 2784503746062103926
0 40 -5452134885408766082
0 41 8912494570727754075
0 42 -4448693522028161824
0 43 1260021415891322963
0 44 -8897108483451054788
0 45 -4167173065179930846
0 46 -6703907681749103650
0 47 -1911079406976965530
0 48 -4378092207253839395
0 49 5265462234514293278
0 50 -7512342323296222117
0 51 -5933968122107942838
0 52 -7419563504090508398
0 53 5478969260534165383
0 54 9205113646231710147
0 55 8555288643635866979
0 56 -2259662987125026033
0 57 -8936295897785012206
0 58 -7456462264749038985
0 59 122230896058583036
0 60 -9152651554897733150
0 61 -5452118892263453173
0 62 9130804198322969325
0 63 6596891626498439786
0 64 -5399549611890843474
0 65 -6853103398494229519
0 66 4237731428790413770
0 67 -2005433965138380730
0 68 -97542550611221769
0 69 7439450692273794001
0 70 -4775258893778743052
0 71 -6218681742890432728
0 72 -7097839154136984730
0 73 -1334784588721439571
0 74 -6905779066980422632
0 75 -2432254206807222852
0 76 -1283592668221839508
0 77 3030429239201023386
0 78 7284997088895180922
0 79 -1828655582864485248
0 80 -6396590633520436496
0 81 2850771784820400910
0 82 2540084891970363691
0 83 -5872417342012483818
0 84 -6733318082899257429
0 85 -3069987682019352195
0 86 1207076531762568393
0 87 -1339200736732743918
0 88 6682914654757326151
0 89 8455903274242796113
0 90 -2508857353333482276
0 91 -5933931520755680652
0 92 1082760567403103676
0 93 -2082222812389406605
0 94 2043976685215389245
0 95 2132900432788149443
0 96 7045364951710792382
0 97 4110227233504057512
0 98 7898914861765442500
0 99 -734526341704952177
0 100 -850982622346200411
0 101 -5611664807454886229
0 102 8011638159246737040
0 103 6634720045446914797
0 104 -3553867245870599747
0 105 4165871248480503255
0 106 5411501075633779951
0 107 -6711417924632293400
0 108 1506642308104364293
0 109 8609143710474416436
0 110 -786050758946575382
0 111 4965926499713034754
0 112 3796801469153618631
0 113 7065847261549810932
0 114 -8422475693077536873
0 115 -6386382678211038217
0 116 7694182322569106652
0 117 5701692847236934866
0 118 -3384728450032214068
0 119 -501568225858994401
0 120 5982770319856165234
0 121 5226218956249933217
0 122 -4900478761814909929
0 123 4236325238441515989
0 124 3105067257093311634
0 125 3066038241709940373
0 126 -6495150606655164838
0 127 -4257852348324424270
0 128 5245378462161280562
0 129 -4994127579059917652
0 130 9153910892780785419
0 131 -1072040388593077652
0 132 6628765632461459206
0 133 770305910989396413
0 134 -5917201160599472158
0 135 7002170474744838642
0 136 4171933834000691836
0 137 7590408445875359036
0 138 -465584970626216839
0 139 -4893157839247739301
0 140 -6127149330597831114
0 141 -7307781429102200641
0 142 -2126462450343440401
0 143 -1286658106150650775
0 144 -2160711252366908892
0 145 -7875704345656062362
0 146 4103877587740937321
0 147 565315300561829565
0 148 -7770608891259282877
0 149 -4429730772727008056
0 150 1167207300237461899
0 151 8907155044542071972
0 152 1219280112686583933
0 153 6585248237040722231
0 154 -2593189672623767470
0 155 2246664834124991274
0 156 7821084516636478710
0 157 7009649846255335291
0 158 5737083788197911578
0 159 -5131223818403536830
0 160 9099993754086556524
0 161 -9171275651819954401
0 162 -3882088787044693548
0 163 -2667391021598496496
0 164 2992012940879798933
0 165 -686236498777803414
0 166 -7068836317725329302
0 167 -8215489811999842576
0 168 1830671305713279995
0 169 -7970509635219300494
0 170 -5334446702731469498
0 171 7350190399142258505
0 172 1779039627442503954
0 173 -4783858057918002643
0 174 699684962849350266
0 175 7682847944026364582
0 176 -7674081413980132689
0 177 -554994814981918424
0 178 -3751279314909709674
0 179 -7402739243216881587
0 180 2687536582109072050
0 181 -7160898399809713194
0 182 4099084148249308965
0 183 2284190414498271802
0 184 3703123157059705175
0 185 2319633632607309095
0 186 8595007050220977524
0 187 -6103960570303307840
0 188 2213371095893334943
0 189 -6859443272699551968
0 190 4490789062301532380
0 191 -1351462297280157880
0 192 -9081897372198994530
0 193 6315820041361985515
0 194 7851774084036626209
0 195 2930519297020684875
0 196 -3887257817697849390
0 197 -6117662473352897798
0 198 -4382497491601052021
0 199 -193386210809290050
0 200 -5280604434816061836
0 201 -9119813137205588338
0 202 -2933966353260068164
0 203 -3132273415348272344
0 204 5137286450644173350
0 205 5938929919274788619
0 206 2532169736531724505
0 207 -2088542545969732082
0 208 -8969336929385117192
0 209 -148066463547576298
0 210 -3013286063478916554
0 211 2412636688288741187
0 212 4220238786909810178
0 213 1818207755958559622
0 214 876006815643630677
0 215 -7838568169389876945
0 216 -8399788453976144764
0 217 -2066387284781396916
0 218 9171940430462669455
0 219 -1684688170709576190
0 220 1745503154839052256
0 221 4977250901111306623
0 222 7545181868573191585
0 223 -8151636809728425690
0 224 -2340477404333902708
0 225 -1586588980510809848
0 226 3784848951412329626
0 227 4834383722367012641
0 228 -8034784423832094843
0 229 -1500452056181858180
0 230 7971306541107948670
0 231 2328151754250090512
0 232 2418753957688593425
0 233 -3172016443386974004
0 234 -8978334968012785897
0 235 1118510968850221914
0 236 -8134800243821323831
0 237 -1050997548776343837
0 238 -6232694216611642966
0 239 -2430009850634916882
0 240 3749260443567983306
0 241 -5965970986945009368
0 242 3983689177320099424
0 243 6833137944910914829
0 244 -7880983334179643199
0 245 -4776493841605636788
0 246 656031805402492256
0 247 -5110219601324886006
0 248 -3462206937808238596
0 249 4346979211246976939
0 250 3853292832838522152
0 251 7373406265172631422
0 252 7996861982311232577
0 253 -7913577016573879948
0 254 4143596534925573186
0 255 -7302145799129506994
0 256 -1678819377141340658
0 257 5989902197033560123
0 258 5788918549823423559
0 259 -4670760402943981477
0 260 1845253175944652866
0 261 -5354650509506507118
0 262 -4029807147901898194
0 263 6745305516712042032
0 264 6793910719949678523
0 265 975992094142199684
0 266 -3119159077262114916
0 267 844127379317894665
0 268 5161210276565566956
0 269 1233883188632998312
0 270 3991994529572914221
0 271 3688232134433626925
0 272 -6942151899772956383
0 273 8216105757263238983
0 274 -6345144249236432762
0 275 9212259678118005723
0 276 64558881850400308
0 277 4353361021630519721
0 278 5888716259255650970
0 279 196878107503983161
0 280 -1419321954826127031
0 281 1057373353145695415
0 282 -1131678584663777953
0 283 -3304570068848641815
0 284 -5357558553722985705
0 285 6944052100705970136
0 286 4506968279730843309
0 287 4918061688626344722
0 288 -4756728942727352019
0 289 -9191135009578035929
0 290 1929420702414310762
0 291 -2481373690795120146
0 292 5273270832130262879
0 293 1518255751807469071
0 294 -7091845013178219975
0 295 -3981626156581311903
0 296 -5608895276494800521
0 297 -5495976197555685563
0 298 -2235515414588625586
0 299 -7388899548774098569
0 300 6076129608782414760
0 301 -5930686928015365918
0 302 4944664711097943075
0 303 -3489423510034694720
0 304 650933239742260986
0 305 2618914530730512118
0 306 5451443526773841170
0 307 -7819864860807406308
0 308 -2934365449269841379
0 309 -4002930955392548911
0 310 -717554688194940433
0 311 9147410725650119127
0 312 -6282270419937617408
0 313 5466817330474715122
0 314 1827368319179272363
0 315 5979450641634256500
0 316 226970848604001128
0 317 9192078931197775506
0 318 -4175529575027409083
0 319 4814590774958502904
0 320 -3590833370524934052
0 321 -1197386116671458226
0 322 -4344374014761564055
0 323 6954286535080314519
0 324 2041188364727642807
0 325 5344390989541199230
0 326 1271506980794429016
0 327 1597883538526558242
0 328 -3213055018069705282
0 329 -3034443858892794020
0 330 -4828660029963245263
0 331 3365662549662760152
0 332 2345235308226530288
0 333 3624443772773283541
0 334 5488187434058750675
0 335 7084608774182897315
0 336 -6982518607357762628
0 337 895119330653858723
0 338 -8442878591764971653
0 339 6183083537441261481
0 340 1079776390155942264
0 341 -387011841025408179
0 342 -2293635554337584176
0 343 6009257067457333206
0 344 -6977818587123341716
0 345 -6280286758337827514
0 346 5623047364778499905
0 347 -7952156710901523156
0 348 -6152220491351664562
0 349 4630182875272531217
0 350 -5725586523708178036
0 351 -179121921168888154
0 352 -9041449188186540406
0 353 -197765973838503318
0 354 7301675445914155005
0 355 -5567123028909412005
0 356 -5102253576287518095
0 357 6840251536294341544
0 358 -101692071036122240
0 359 -2290089155844557948
0 360 -6652571983367399414
0 361 7305507100089486724
0 362 -5676227129502192150
0 363 6415577351742574896
0 364 2895048990214792033
0 365 4150276993736936823
0 366 -2555484754332856875
0 367 3169525784985897184
0 368 727286684743640510
0 369 -6721208040448696311
0 370 1766439362284702025
0 371 -2402142080503471715
0 372 2844778958809248192
0 373 4528583966385808773
0 374 -601261863107755885
0 375 3879638639364580321
0 376 -972669124597219520
0 377 7725977795939020551
0 378 -3293138418600099021
0 379 7540468919189871345
0 380 191235496954570963
0 381 4132492122239560471
0 382 -2695723947106016775
0 383 8090767769241411382
0 384 -4153913325133944992
0 385 2371410974875304287
0 386 -4932834460522418993
0 387 6243858419369940154
0 388 555622173955305321
0 389 4922949500899831744
0 390 -9172213904120260067
0 391 6402946422156975141
0 392 5272716071556986656
0 393 -4163108028525277009
0 394 1840948090217248564
0 395 3838193134379345436
0 396 480085171136304377
0 397 5059715129735151824
0 398 3563511582054747985
0 399 6271498349441393515
1 0 111316208587012959
1 1 -5874495419850899319
1 2 -5756481276383208335
1 3 -6198337595803796485
1 4 4103071574498253677
1 5 1989542612617940998
1 6 4447355425878500432
1 7 -6925522029140378630
1 8 -4652891126239452332
1 9 -8219792753776931486
1 10 -1483074444413025182
1 11 -1915628205240794631
1 12 8273550770888623123
1 13 -312912984215669710
1 14 -1168845507195929119
1 15 6886190102939719093
1 16 3629182573683952503
1 17 4679218905218550567
1 18 413165456974813804
1 19 -6078136141411445545
1 20 -2543488586055171874
1 21 224503187398811459
1 22 -3427662205605704503
1 23 4940071294925608502
1 24 15018021537469418
1 25 -4803009999136660074
1 26 4143952683787547885
1 27 -7490214840831750388
1 28 -7983214010367062121
1 29 -3947703272325237160
1 30 -6197881867523096991
1 31 -269296032988450063
1 32 7490054326916301664
1 33 6482871266825861718
1 34 -6753889343026212721
1 35 3155978214488262620
1 36 609842256736397861
1 37 3471271700123912352
1 38 7254266100994930966
1 39 6404278488320805717
1 40 8673919807694480535
1 41 2538136875591985288
1 42 -9141562747893139601
1 43 -8765410346131278247
1 44 -787528795797789176
1 45 5109623290883080599
1 46 3654041031462542059
1 47 -254904443665772311
1 48 7742018550652269461
1 49 -303578428241486165
1 50 -4919742419132471306
1 51 3013035940702373310
1 52 -3637920007048424207
1 53 6111324153152876126
1 54 5336996802381441680
1 55 -7975190363248060862
1 56 3670195024866722463
1 57 -3729622653235394782
1 58 6727976254965256411
1 59 -4327384948550913836
1 60 2186780848392909492
1 61 -69080198929355549
1 62 -1012106473016274957
1 63 2248543114671137061
1 64 4530554722544838953
1 65 -8618429315314113079
1 66 -7324728760279479141
1 67 6833244049356169221
1 68 -4634981869082906734
1 69 1607158231509567731
1 70 -8304033803423981030
1 71 -5912473483652097265
1 72 -1991483286739518629
1 73 -7465589090523418516
1 74 -7905873539801900828
1 75 1891607694532742511
1 76 -5113554776338475957
1 77 -4993626583763679859
1 78 -1639388953197829084
1 79 5312486442575510749
1 80 -8640438343095378520
1 81 -1684483264109346922
1 82 8563862351511029354
1 83 -5756641432835907193
1 84 7836628313965001649
1 85 1100642847536186021
1 86 8730854561335196106
1 87 -5399857714607213323
1 88 4887617411367498350
1 89 3449610458969598140
1 90 7017706224118194593
1 91 623526883989250168
1 92 9077100744919893260
1 93 4908676109535843713
1 94 2846317854395148099
1 95 6457891134351693405
1 96 3391985002287935740
1 97 -9158790213157912039
1 98 -5033741627971108531
1 99 -5782292935813525608
1 100 6948091625578777693
1 101 -4084434935821526447
1 102 -169551362132744369
1 103 -1047798922478671370
1 104 7866218606737626181
1 105 1648553440594028718
1 106 -8289706388904783499
1 107 4474218329993707796
1 108 -536518091928650034
1 109 -7950008021368225903
1 110 -2400534517225918413
1 111 -8577840154643737433
1 112 -4555305871184563217
1 113 8077385994610556420
1 114 -5815925439865526148
1 115 -4357588318962622483
1 116 -2062517936938145711
1 117 -8906588145314053551
1 118 3784152243124542556
1 119 9095746625783909387
1 120 -8105165750963444750
1 121 268589496478255981
1 122 1188012651169071131
1 123 6395815131883739812
1 124 435420086517742157
1 125 -8598187831903494396
1 126 2140946054826512623
1 127 6252801022660676502
1 128 -9195412524827181514
1 129 -3016280978777993450
1 130 -5119977937817405177
1 131 6722527192775391583
1 132 6302123479632123514
1 133 5198693470376930533
1 134 -1096825601532526481
1 135 -6942022631810984253
1 136 -4588409426732023960
1 137 5434658794546275104
1 138 5428123976013884694
1 139 -5270580852888867040
1 140 -499748482393634635
1 141 -1624573519534396300
1 142 2796859738461083107
1 143 7325268490610252784
1 144 -3684979289565474665
1 145 3344180532856391782
1 146 -4139296702701869334
1 147 -2569572124941877585
1 148 9006668404564170430
1 149 -1522838772028056996
1 150 -1848828131487162705
1 151 -7391707424891532440
1 152 -6630186091924606467
1 153 -2197223490154375977
1 154 -6752407161047802520
1 155 8624188534841278803
1 156 -5809783690741578497
1 157 -8837866358758921096
1 158 -4140671436427229444
1 159 -6828263403264138948
1 160 7857480857903458301
1 161 -2025116452432035191
1 162 4509959640940207343
1 163 1206515985158515910
1 164 -7726639494901806255
1 165 210206293440174776
1 166 4887547976640220934
1 167 2314812555500312317
1 168 -1294057438511097527
1 169 8854730530113613087
1 170 -1310348629120248850
1 171 -7248689086097251108
1 172 5834474136479737414
1 173 -3079089512427173224
1 174 -4380235138562169539
1 175 3471313662074331320
1 176 -6743069082562897956
1 177 -8127073463582684147
1 178 5126017487007284622
1 179 3619230606785017228
1 180 -6383766157129809976
1 181 5219760303779925407
1 182 -7248666567784865357
1 183 -4421764556097878741
1 184 7064229037238610458
1 185 5848751063428301093
1 186 3449488537354769301
1 187 -6198275022208110927
1 188 -7181249906174306527
1 189 2213533348016598645
1 190 6903497612599033181
1 191 8468659574160219132
1 192 -3531393512038525250
1 193 7824265714200283334
1 194 2200834926762359260
1 195 8154166052990488287
1 196 -1782720127342481143
1 197 8111531327345704083
1 198 -3803105565948873332
1 199 5968335745076337184
1 200 -4916914405440921163
1 201 -2273022170221879912
1 202 -6768752452740056327
1 203 -3960020737565669704
1 204 -7019287707744567005
1 205 6682870488419031426
1 206 -2454899009153592504
1 207 213643096662780978
1 208 -5215081318422737303
1 209 -3595633608313927594
1 210 3368023922155677191
1 211 -8721322808778611547
1 212 1363426888579128008
1 213 3078107839710107066
1 214 3064703899758445576
1 215 -785629483575311466
1 216 -3835276185653578708
1 217 6495590367040341416
1 218 2003630093736183505
1 219 746669460436647857
1 220 5121566122869816566
1 221 -7785586152365665333
1 222 -5963894903575447864
1 223 578015189347387599
1 224 -4917694774197759221
1 225 1491474956371937175
1 226 6751864198868654527
1 227 4813730632803925345
1 228 6261994453137909151
1 229 -2796166862510106596
1 230 -8535504487955782032
1 231 -5926078288402971310
1 232 -4338720379514076268
1 233 588137090817995511
1 234 -2491960219465487933
1 235 7093641812841431473
1 236 5224826210567731602
1 237 -4586335536098071355
1 238 975634889231800997
1 239 -7086055197281770987
1 240 -3717217462004350170
1 241 -5620604287437080442
1 242 -521925212537918638
1 243 -7179596205940297953
1 244 2448493158516228086
1 245 4344012403218153550
1 246 2793457356076854742
1 247 -734383593532771430
1 248 8755994207537445750
1 249 4414109385677134448
1 250 5282984364027355636
1 251 -4523498571634070922
1 252 -5503022267386468002
1 253 7715815846560299387
1 254 6284430456236181119
1 255 4628861570561588214
1 256 -5100885808788232516
1 257 -1342804087216195467
1 258 -5410280107700437454
1 259 -7225014253420233630
1 260 -1265306530413063789
1 261 -4769329715987129591
1 262 5567594458459871854
1 263 5755527230811232713
1 264 -7721325523007694993
1 265 -256824030087769668
1 266 -8592686957811936372
1 267 -4530851086450480831
1 268 1073858124554928738
1 269 -6895049023338911320
1 270 -2941423146373543805
1 271 -5935780676965769802
1 272 5762705670772021778
1 273 387487863637539714
1 274 728734038298836830
1 275 8340417956305004953
1 276 7530973324529904550
1 277 3348899955450873255
1 278 2806472995929033360
1 279 3163000642997456325
1 280 5885782038963800049
1 281 2411161266410731601
1 282 2277170810910774889
1 283 -2707910704481069446
1 284 4236263963601098197
1 285 3760507517198819300
1 286 -8683737523015619521
1 287 -1993431662806407611
1 288 -1203404760601262601
1 289 7953556588019279883
1 290 6997233249944694908
1 291 8463585856509782701
1 292 6790517971045764070
1 293 -8321211447769865873
1 294 -4930579819791247934
1 295 -686284386269416261
1 296 7003377477709687912
1 297 8349617770240407588
1 298 3478609078832343342
1 299 6991267461222208911
1 300 8268706621225828493
1 301 7566111090124308629
1 302 7342671698765410590
1 303 6153521786279209920
1 304 6615316494131597681
1 305 4720071898243966658
1 306 -8786349729504168752
1 307 131044154583869592
1 308 5752558796072926881
1 309 -3552777607520560260
1 310 -8374037470788261417
1 311 -6744386273013031199
1 312 -2866308191998583800
1 313 -595222874396453664
1 314 3288258300329241880
1 315 -7123355747420515462
1 316 7288052460565772138
1 317 1241300180764085637
1 318 -8336559327846693593
1 319 -1995414027667132475
1 320 2790123778560526614
1 321 -5896211858495747129
1 322 7165682791157765645
1 323 -7463079730162135778
1 324 8949054627123326653
1 325 3684707031837933323
1 326 -3631755640996300278
1 327 -8145931535573829472
1 328 -9049609906878632720
1 329 5423230539859491940
1 330 -3276248662617020223
1 331 8091059152754215417
1 332 6884761001166701371
1 333 -897702219422501405
1 334 6867770232620067015
1 335 3739940047050701613
1 336 -2648223046052922147
1 337 -6145718441826770340
1 338 -2919498391748370316
1 339 -1919830568446849595
1 340 5369632461569878455
1 341 -7676066424512619972
1 342 5215553065904716543
1 343 -8031619738159071310
1 344 -6977723282998027190
1 345 6789045394526348351
1 346 -8932432640758058220
1 347 -2105427367429937325
1 348 -8530565916881616449
1 349 -7693112665532592110
1 350 -2853035441550705798
1 351 -2336192859241238424
1 352 -303826543147554804
1 353 -5685299348823901657
1 354 -290356712786204392
1 355 7758811167454539177
1 356 -8421378015641645878
1 357 -5746223954216669742
1 358 6662385279102049298
1 359 -1523834195195253777
1 360 8290509102060283632
1 361 8693384140663864630
1 362 -6714069556896886785
1 363 6617289629831676224
1 364 5891298760809455568
1 365 -4973016250918764512
1 366 1873971308342404376
1 367 8649490693859794859
1 368 -8975767027431600103
1 369 -6026332221434295766
1 370 5451344723908163174
1 371 8982856097411421996
1 372 477229777484803677
1 373 -1614584007755443749
1 374 4453551381691951678
1 375 -3599760599539105413
1 376 -7804087367371772011
1 377 -109280741783286890
1 378 -6686459330263202094
1 379 -2151989062567524838
1 380 -3653485479121087000
1 381 -5462440953394119575
1 382 4938412077392011085
1 383 3111973053769426555
1 384 -5165361956139531506
1 385 7010401725985700037
1 386 -5808866580725176583
1 387 -9222400693873661683
1 388 -7017387286063686954
1 389 4276773933287905176
1 390 -8799106765831904084
1 391 -7434587405506364921
1 392 -5521180802196870760
1 393 -7668631529055396724
1 394 7129616348092234828
1 395 -2018725337384217789
1 396 -1763950084949587229
1 397 -6525698298446042388
1 398 565084227630798505
1 399 5943134668644967123
2 0 -5590183140733744829
2 1 -8382628972584693988
2 2 -3940987130297149619
2 3 1846164210836057410
2 4 -5041480793359159507
2 5 -5892573977211307376
2 6 -8564713858795142851
2 7 6207452642270670841
2 8 -7692668772047302379
2 9 -4683243077772063375
2 10 -1521529469696651126
2 11 -5721161761757307315
2 12 5480375594833180215
2 13 -2143094005618305490
2 14 7396067472744102797
2 15 734514570203903970
2 16 -4855012829836266051
2 17 2638484605225281659
2 18 6268252185286292250
2 19 1052367946837960667
2 20 -5737558056439376329
2 21 -2515005923556181022
2 22 -5364066360914174961
2 23 -5738627322199994910
2 24 -2979125059589750773
2 25 -5443168471143033250
2 26 -3748825852269652386
2 27 -2629336781185475599
2 28 -8318250404806803195
2 29 -4485860201350899720
2 30 2407023855640485671
2 31 5290255973316715419
2 32 8089491447422055934
2 33 -7762806092313427033
2 34 3343353613691129896
2 35 -9076460695620877037
2 36 -7852899030539738996
2 37 4060655126119362610
2 38 -7987885078234345125
2 39 4288984315802527134
2 40 4200118655478233184
2 41 -7395771731438101834
2 42 -780730675369249981
2 43 -6873768096346477256
2 44 -6342556884701462629
2 45 -1443073457385707780
2 46 -2148057443872260375
2 47 -5484538072735960419
2 48 -4154609169405014804
2 49 8736500299040289329
2 50 9068642955464252241
2 51 -4032875036849956623
2 52 6418767752959026368
2 53 1198120663297819659
2 54 -8982700785310719004
2 55 4540016323809703391
2 56 -7079674574000088655
2 57 3992016321793852291
2 58 8645874731962321242
2 59 -6362621169726904013
2 60 8622505356198704524
2 61 4858973422700321837
2 62 -4895983191012590157
2 63 -7681945277258061462
2 64 -2014838313853534796
2 65 8991909689752219189
2 66 5897596861423647230
2 67 7855493321395149291
2 68 4856879336837405406
2 69 -6214355218481457471
2 70 1836267325226213853
2 71 4404632245560448418
2 72 875141961884169692
2 73 825951815688194804
2 74 1209628613744750102
2 75 -5867661849170361852
2 76 6357636901129132114
2 77 4628092402502211063
2 78 -7024607682391661842
2 79 1522981282812053211
2 80 8218244878950103721
2 81 7307258237095994985
2 82 8840196904496639940
2 83 -7261874205033181496
2 84 -8652254112152845455
2 85 -7529843767578319013
2 86 8781479371587518512
2 87 -8264071532293223288
2 88 -6809891533690144723
2 89 6244712298642362409
2 90 8572895218072955819
2 91 -4386138226580444184
2 92 1139831057391395030
2 93 8307410848863456051
2 94 -4637484787038479335
2 95 -1093144189699234213
2 96 6461506652294136829
2 97 -6662137550559822189
2 98 4546885573086570226
2 99 3976238762406314218
2 100 -4121422667548925311
2 101 107315853260852168
2 102 -4923696477265195405
2 103 3278361765651018674
2 104 6116095044906138011
2 105 -1948909239819185601
2 106 8168563669853675860
2 107 1881552678375622703
2 108 -1544761808667776006
2 109 6137081672411548240
2 110 -8964087768499471313
2 111 -4973651981392323777
2 112 4667065260400858493
2 113 303495375573621546
2 114 -960252274903014413
2 115 2207843741566187819
2 116 -5402834176895786002
2 117 4251032626162832775
2 118 -7857085517226093538
2 119 4548328121877225867
2 120 -8377102791240216359
2 121 2209045491620744865
2 122 6963416220467131996
2 123 3699173317503480444
2 124 6469070815526108443
2 125 -6742314934212096424
2 126 6595151423895555881
2 127 -499555561465682618
2 128 -6837263507476095963
2 129 -530764238236401576
2 130 7071746581251442500
2 131 1871124101404735454
2 132 7160118588742847463
2 133 634580491414584222
2 134 1346841227960628113
2 135 5726561709581625499
2 136 -6969720139514267907
2 137 5581120829463142225
2 138 -4168049772056782908
2 139 626160434831274995
2 140 7288990353974850312
2 141 5130700095403455203
2 142 -6033033950297369097
2 143 -83397145313170988
2 144 -6417727360066206578
2 145 -2108622774069237326
2 146 5345439907757424086
2 147 4065914230028689431
2 148 333619505960050155
2 149 -4190347636509922055
2 150 6885527257256356586
2 151 -2224566919926575146
2 152 -5899830142106962975
2 153 2878214372599687174
2 154 -9125159066058162767
2 155 -7395172333328056984
2 156 -8944949331155793794
2 157 -1588014254281619011
2 158 -8163836244930842786
2 159 954232580188066038
2 160 3001964745041920871
2 161 -553361836978082031
2 162 -8332853384338597887
2 163 -6455786973605163140
2 164 6679212399247002982
2 165 -3799507441094939509
2 166 8941872066006568276
2 167 2242860530296969367
2 168 1956979987867261075
2 169 -988478243925889978
2 170 8244325015163153576
2 171 -6772658222953337177
2 172 -3726261288535713457
2 173 3788568704977996067
2 174 -2459606267564378573
2 175 5013650964721706685
2 176 -6972828830305213173
2 177 -954285260424525220
2 178 547018615152186307
2 179 -3026021904063401836
2 180 3480705930701883767
2 181 1068749752735552351
2 182 2440607772217229543
2 183 1244664612827920740
2 184 -6967237241289241653
2 185 1340563308754123178
2 186 -7908183788411771398
2 187 -1236140436208724565
2 188 -4800014937320391981
2 189 2916101110159918233
2 190 7075695959696433019
2 191 5375590471299314084
2 192 8239846053748359455
2 193 -5399075266384113892
2 194 -2647443465561964413
2 195 -8035179235648991187
2 196 1889782927456055860
2 197 7323779238437349864
2 198 -4162562515028716031
2 199 -1237785421189081526
2 200 -5665154484279540451
2 201 2335633992613526385
2 202 -1209560203495885173
2 203 -5837638653135938300
2 204 -6795666028343540883
2 205 -2104404123854312937
2 206 -8139010016284422169
2 207 -129766065519593060
2 208 7094914939273713912
2 209 -7577454233504605074
2 210 -6637040141813509464
2 211 323320119048542313
2 212 -4290752118285136366
2 213 -5426289401057196020
2 214 -8503563179886445160
2 215 2335819707117683278
2 216 6627024630604735122
2 217 1726021159539327672
2 218 -3544938672535717503
2 219 3225754191121974345
2 220 -8377485753687540850
2 221 -1966607112274053113
2 222 8515371646259827742
2 223 8685108353169062422
2 224 1441124835771855916
2 225 8178561924598706280
2 226 5143774526478144516
2 227 -4641205488113889240
2 228 3069189494970549233
2 229 -7706749426826994910
2 230 -6820241974943846201
2 231 -2531907221313758896
2 232 9100274409389257975
2 233 -6199818921549062023
2 234 -3363480430237046483
2 235 7137414431668200423
2 236 370990932196574747
2 237 -7554877828987752463
2 238 -897181612214423678
2 239 4655165865258122292
2 240 -251563288371521152
2 241 4760067702954540861
2 242 -6112490016191030725
2 243 450658877239510065
2 244 -7619092635266709759
2 245 6440605221235400828
2 246 1830541982159377182
2 247 -4726903625582965138
2 248 1920318421722507129
2 249 8262220987743284938
2 250 4926718010604078400
2 251 8923000624781891816
2 252 8048530281581992565
2 253 1169188271222718295
2 254 5797012435059035912
2 255 8288483275367967533
2 256 -5914359520448727316
2 257 3073516583599914621
2 258 -1304559085120359269
2 259 -1577540507199757977
2 260 2332881724205610154
2 261 -3220312604889238884
2 262 3592675165329880381
2 263 -4575083935958884870
2 264 3642639739609195952
2 265 6458983007657723189
2 266 3475328138560030527
2 267 4926436423108327639
2 268 -1952292342017496371
2 269 4511746209685515800
2 270 -4654807824666309645
2 271 875279307513816700
2 272 4434482583285101310
2 273 563245036727489089
2 274 -6221431638687922777
2 275 -2389439101430749721
2 276 600267960121018510
2 277 -46104968714188720
2 278 -1257790063712427770
2 279 4083558304990965526
2 280 -4829743102854792057
2 281 4082789630399565537
2 282 2770369106842344728
2 283 -7606300639253107465
2 284 -3949718696541381566
2 285 8783397651954235838
2 286 8520681812859332669
2 287 1292559598107149545
2 288 -6688250242456660811
2 289 2745928987831182917
2 290 -4559757887613221355
2 291 -7800570879636427693
2 292 -4510477747903885157
2 293 9206523102608023574
2 294 7749578321804208892
2 295 -7249677456018409163
2 296 9015379911467419880
2 297 -3346337721611340758
2 298 -7103787372369327829
2 299 5841033554401672098
2 300 3862101430015232232
2 301 -8851219598739340226
2 302 9098615604157382638
2 303 4710161141092180821
2 304 5619101232873919179
2 305 2892876034230025923
2 306 8668417166383496183
2 307 3142043613897497248
2 308 3586237540903256369
2 309 3475146795026083572
2 310 -5025602293403682066
2 311 3814418443187426957
2 312 -8552740740725738451
2 313 -4265894105111601552
2 314 7009707986551549559
2 315 -1959549004522652363
2 316 5011286791627055739
2 317 -1949840157221560524
2 318 4767080406641704119
2 319 876441628087818881
2 320 -1315720846238585283
2 321 3806848326911307190
2 322 -8945423650583258815
2 323 -195655861508021143
2 324 2531495234695970440
2 325 5220655420756779782
2 326 6025353729820441288
2 327 233074892738059097
2 328 -7519971979677732590
2 329 3099460335063022108
2 330 1201246247333997229
2 331 -4560426203271358526
2 332 1512378977931067080
2 333 8454491647054674365
2 334 8469580240610589306
2 335 -8024908288852751487
2 336 537178127679977699
2 337 3006137422724219809
2 338 1977709482149309462
2 339 -500378235428781467
2 340 795911198317485300
2 341 -590765692310663779
2 342 4237961739315734076
2 343 -1329928162829157504
2 344 -2549420411332001453
2 345 -5337054165703842087
2 346 -6598970563148036423
2 347 1380384199335769221
2 348 -2596415016629754138
2 349 -5400908436831259702
2 350 -8590289434452818136
2 351 -384788715848793111
2 352 -6608266727753170463
2 353 3153813275404730444
2 354 -3018285691299482888
2 355 8469064342759507623
2 356 262800233580589965
2 357 -1470183822919407699
2 358 -8204016248439773108
2 359 459939606981488364
2 360 -5484577180449111580
2 361 5024296148028015304
2 362 2893955589908325217
2 363 3269859152126327066
2 364 3692439820164779834
2 365 -946647980525440558
2 366 -8319592174329522138
2 367 8483262169788229586
2 368 -4656617454318847119
2 369 4961893702293760061
2 370 -3533545084141454223
2 371 6608095946723757221
2 372 -4054977787581502167
2 373 6784026974164883122
2 374 -3350203658616110529
2 375 -1377690197125607683
2 376 -2476352695154964869
2 377 7744140583752486929
2 378 4028744512507325741
2 379 -5031473478543711300
2 380 -6846813655771785707
2 381 -5216624867143092136
2 382 -5071021684947908321
2 383 6410119032268242546
2 384 553719385915491449
2 385 3086639247152276855
2 386 282307692335494011
2 387 -7626701494513474826
2 388 7418084244333503518
2 389 -7271647234409124503
2 390 7348168330253304556
2 391 -3363416526877111145
2 392 -4185629282352101155
2 393 2561553380581873963
2 394 492594616133581508
2 395 -5558634755612013572
2 396 4242380180677629160
2 397 830346887430469219
2 398 -7678780117834225438
2 399 3386562918333593281
3 0 1499128430347529532
3 1 -2892575291188567511
3 2 -3584695158512424088
3 3 -1682016619399863572
3 4 6713447872278486884
3 5 6817425773279703839
3 6 5867987696642609834
3 7 6285165644105777534
3 8 6342815418275509936
3 9 7812036498406987396
3 10 716263729552985759
3 11 -9072217268289773639
3 12 -2248380424618874481
3 13 -9154032561988643605
3 14 4143622987079503783
3 15 8350301407593085340
3 16 -2760588661709491284
3 17 7132315452725910004
3 18 3311521775975603969
3 19 4226269210236589233
3 20 -7013381754452696696
3 21 3254725804440816434
3 22 8788883811767814132
3 23 -6202139451979778381
3 24 515887989116623593
3 25 7879642324631982474
3 26 -9209636437263248458
3 27 3784171310347970431
3 28 -3328208805867822984
3 29 -5628299654226135652
3 30 -4212158968031195818
3 31 -6545188517776011864
3 32 -5045127106094549277
3 33 -1780473742176103645
3 34 -4327284321776274146
3 35 440454893585051009
3 36 3840513737417817360
3 37 -4741541350451154241
3 38 -9217543871232366221
3 39 1947269610182135696
3 40 -2325753148267042371
3 41 -8789612176259673996
3 42 -4661271669043711403
3 43 -2634033822311116713
3 44 6363631886050850139
3 45 6892356948201291867
3 46 -8063958096011385417
3 47 -3279348789514582178
3 48 4860752742654542728
3 49 -1327235839271712745
3 50 2327783461916727694
3 51 8454481039285535645
3 52 1502492358173634007
3 53 -8074247222341667275
3 54 -6848881169879939119
3 55 -7039826972915074929
3 56 -2563959761618894246
3 57 -2687112948364429998
3 58 -6693661493857266855
3 59 2194018312819920105
3 60 -8079797679540217413
3 61 1002980812667081568
3 62 -9128395498317867800
3 63 -5246248771609350161
3 64 3388756705939542701
3 65 -6727983352209139461
3 66 368879709582710596
3 67 7599347486218527772
3 68 -3293885077841625403
3 69 -1788048277469024683
3 70 7598614815437187346
3 71 740027009693457669
3 72 -312362346511085501
3 73 -4762447181106098261
3 74 -6720284727191554362
3 75 -5952616411553282554
3 76 2802669070208431516
3 77 -4013671741208189699
3 78 -711545631574629780
3 79 -8282575067279856914
3 80 5713611331423376691
3 81 6455867819942697061
3 82 -5323027367352304888
3 83 -6060384828207154808
3 84 -5692200573273773199
3 85 3517055523019405966
3 86 -1980278924343653642
3 87 5882768454857681476
3 88 1638020427372056188
3 89 468000491776162800
3 90 788855476269830735
3 91 -3487786960538362241
3 92 957200578024826435
3 93 -4442607207574967101
3 94 -8621711094673224007
3 95 -4086860084781268084
3 96 7213909971875936909
3 97 7846803798362005623
3 98 -5295206801397472010
3 99 -7043593623703690845
3 100 8288289470872467993
3 101 914367310104359630
3 102 2536069216030392765
3 103 -1314938580604112140
3 104 -6215009067304113604
3 105 -3455155760710301956
3 106 -3386212929546630969
3 107 6087160284206025556
3 108 8112424857928455165
3 109 -7119867711877570151
3 110 -1038861803199016786
3 111 -2959320471581529062
3 112 -4267993151878468916
3 113 -292747147295665398
3 114 -7185406164189170232
3 115 -5593561892473564448
3 116 -172015122969562854
3 117 9013171948309513676
3 118 323662861685023369
3 119 7825193744114423322
3 120 -4343539839383871055
3 121 2101177121152938715
3 122 9006825494310429515
3 123 -3028138229669490008
3 124 -3419709708115056508
3 125 22746906299577262
3 126 3349987354038183628
3 127 -139100489814284638
3 128 144134231301666207
3 129 -2215900340864424147
3 130 -779635816101314701
3 131 -7184956395317057389
3 132 4356188773646537215
3 133 -677858001424178923
3 134 -5361403702547924609
3 135 -8700865356098979497
3 136 7671606701759546877
3 137 -6468153099072713707
3 138 -2916924802677421182
3 139 -3896336537588291085
3 140 4165515065757549675
3 141 -2509599932519176453
3 142 -8088926363344252400
3 143 -971334889042183713
3 144 5222178066934122973
3 145 -1834841489713934383
3 146 6583158574515193581
3 147 4642818767603612319
3 148 9087228987835694124
3 149 5591780947584729133
3 150 3165513580892565748
3 151 -2264280458311319030
3 152 3733820879852575791
3 153 -8654065535461507237
3 154 7610449117540685024
3 155 7982218976854227445
3 156 -8118547429066851407
3 157 -4289511335130938512
3 158 7357397966296970696
3 159 -768964307250498321
3 160 -7063516198527488384
3 161 945244155790517906
3 162 -5471593552836673264
3 163 2310190083422878782
3 164 7340633807935534110
3 165 6541268498681421416
3 166 2283672036236717093
3 167 379519481752074133
3 168 6075835323903088018
3 169 7335765692191118355
3 170 8805476731008521464
3 171 5354096198256962854
3 172 3027595216167355961
3 173 8711682180969462691
3 174 2465248013195064393
3 175 165774950149491294
3 176 823636894036246370
3 177 6881228801720604281
3 178 -7648939290446657701
3 179 8782891432301903371
3 180 -2565940681242576476
3 181 -8047231935009351027
3 182 -5501392315407411068
3 183 -1105119343781282367
3 184 7197721136356402834
3 185 7859058320728334277
3 186 -6342142977943257365
3 187 -2201169372184064294
3 188 4991862866748120897
3 189 -8717825143179234437
3 190 -7637593910932717117
3 191 3533964370528776470
3 192 6105461422863423732
3 193 -8842735433023430137
3 194 5898531185757971072
3 195 5039103209549257593
3 196 5157768715632237009
3 197 4643072671110988264
3 198 -7424364891227607297
3 199 -1250921217534984727
3 200 -6146675138179723234
3 201 7298955892866701006
3 202 -2827327721671898482
3 203 6252003634838135450
3 204 4327248120729420173
3 205 -1103045966584992571
3 206 -6391086048164561417
3 207 7876958556583197706
3 208 -3153817911492826655
3 209 1852108753548390230
3 210 -4505150562911181521
3 211 -5221565482869183317
3 212 -4438969104814970657
3 213 6740570897890403477
3 214 -199221062045852758
3 215 -2988736621720099468
3 216 -3598013040497292415
3 217 4174472084209318679
3 218 -4870146044357323059
3 219 -5324603024557335932
3 220 1275698737895593162
3 221 -6172808573234862554
3 222 3092250639266771943
3 223 -4406559498366451069
3 224 -6904124339949490638
3 225 -1949138096755997139
3 226 -8551278725092618259
3 227 -7860563305564698809
3 228 2955431155743159318
3 229 5251537627886849597
3 230 -852680053338016908
3 231 -1909286731544463805
3 232 -4407202873013686117
3 233 -796172165572786798
3 234 166251995014534718
3 235 -1628623640349536734
3 236 4686975911032410507
3 237 -8255732630940461909
3 238 -8137877336663791680
3 239 -2917441202802446012
3 240 6525116621927522231
3 241 6644766778306084244
3 242 -6368293566301503725
3 243 2536361689158611629
3 244 484131856847967815
3 245 -1914303994309508197
3 246 -3457637667124763893
3 247 4270516440854644156
3 248 4147287466735350204
3 249 -2667624284895062229
3 250 -3135312750997095914
3 251 4091604537394008816
3 252 5294065797626012351
3 253 4676821351408710786
3 254 957246699378787770
3 255 -8774381343085751318
3 256 1489864053119302229
3 257 5600080346192739249
3 258 -4560487922917972377
3 259 6673402959263354939
3 260 3517287323708740021
3 261 -7912710808015288260
3 262 -4034270856471428882
3 263 2499132475409051302
3 264 -4043037965219116169
3 265 1910014224780413670
3 266 -3567877985120919355
3 267 2161818685580097104
3 268 -7979471875555800072
3 269 6232565808236511684
3 270 1409633205361544956
3 271 8061416702049362881
3 272 8484971976375872984
3 273 -3626983158384146123
3 274 -5968779443390732205
3 275 -8685069260308314587
3 276 7747242360652592741
3 277 -5614909602869077303
3 278 646827261530883033
3 279 5442488329021822184
3 280 122329130081646443
3 281 3731145887703269652
3 282 -6167571267050027695
3 283 -9013938453197157677
3 284 -6448327322802448198
3 285 -8122196709232450469
3 286 -8245097068167627057
3 287 4048301945087338478
3 288 -449736041833499517
3 289 -2024447079792413681
3 290 4178691016628327039
3 291 -6714035764567527629
3 292 802376879354591586
3 293 -5532090065186074435
3 294 4475059249249388197
3 295 1879857822074108449
3 296 -7247375877426486087
3 297 -3729595396103317483
3 298 6518963186558219809
3 299 4010360925759531605
3 300 4832441999510678336
3 301 6848943274308120378
3 302 8868677731793179261
3 303 1085232837715013383
3 304 -5550094988957969288
3 305 1041680240746279653
3 306 155897067675668361
3 307 -8179938028690247126
3 308 8922946072860983036
3 309 -32892848369970063
3 310 -1332835705495662685
3 311 418321321620305932
3 312 -5615619539510624953
3 313 -2440212962028658469
3 314 4107124395704375978
3 315 -6530085025638359174
3 316 7632237561669753401
3 317 -2143649289159546548
3 318 -8941855882426052752
3 319 9114384912066200673
3 320 -3751951739850137139
3 321 6243512821221598128
3 322 -5055938079000054163
3 323 -2125960275558171434
3 324 3498883027702025107
3 325 8254448670154718017
3 326 5364371645413312851
3 327 3868394048623579449
3 328 -8436287116500401001
3 329 8910454987985518519
3 330 -6268676704423199894
3 331 -2422563774252965592
3 332 1923144441143053506
3 333 8757452253362438856
3 334 -8175800131312616809
3 335 -4177447447830521703
3 336 7671805485180002469
3 337 7251805323805800922
3 338 6837656617074509152
3 339 -3548020964173975865
3 340 5000097981677850933
3 341 3621167211527218710
3 342 1878012188434081779
3 343 3838023712743045627
3 344 -6637580343291515862
3 345 -3363843880578726545
3 346 -5309707747602765399
3 347 -4810537030551898822
3 348 8692808291148826534
3 349 6698456472198732936
3 350 8133472939479572263
3 351 4235921820838504169
3 352 -8793946428045408747
3 353 6713160920437486616
3 354 -7002366269599246053
3 355 3356709439259221237
3 356 -3001095238429715055
3 357 -8772625148236403700
3 358 -3551228907756707485
3 359 -6450982577305007049
3 360 -1425078567349238017
3 361 6663961239397061018
3 362 -8634266201010632181
3 363 -1201221451973756812
3 364 -7241549605176529557
3 365 -2394510364077802150
3 366 8867708028073753546
3 367 1245022275419196899
3 368 -4779620086033599889
3 369 -1178342697798680604
3 370 -1598132159307691283
3 371 4850503936059948987
3 372 -5900677356742522699
3 373 -9205609126535827046
3 374 3380704727976001168
3 375 2290725717612463940
3 376 -8779206699477477354
3 377 -8381487015722597248
3 378 5863321672539607084
3 379 5273387125674040802
3 380 -6940674626625656184
3 381 -9004700697780238028
3 382 2419667136288558406
3 383 7306278273432350800
3 384 -5579896916796861154
3 385 -3852216685504758780
3 386 7203539798897966156
3 387 5925548318596111339
3 388 8331970102642308251
3 389 7221305756009610713
3 390 -5485834254115504214
3 391 5440212485504302267
3 392 1131573188232217078
3 393 1308961526266100899
3 394 -9195398962173979231
3 395 -4700013384820368633
3 396 7093806931437587530
3 397 8591002524042199720
3 398 -7297124790696301304
3 399 3381625195184424297
4 0 4074044097283977509
4 1 -8604485973726314361
4 2 8497277513508060422
4 3 2800890514366262733
4 4 -1011381365004079529
4 5 1850457465547537928
4 6 532002372836078046
4 7 -6689547682843056544
4 8 1341788622294631521
4 9 -6838325332125789008
4 10 -7675241786735342203
4 11 -6656750092892130442
4 12 -3880559838403211774
4 13 -7064986214493240344
4 14 6065812340418937363
4 15 6616768871746116208
4 16 -7820235506691745780
4 17 -6550593471372595139
4 18 4252797767547922619
4 19 -2319277308465713089
4 20 -3225015860781059731
4 21 7773908553876322068
4 22 2503004837998230469
4 23 -3474656502343916711
4 24 747438304852407558
4 25 1351042929187330438
4 26 -7129138821787092993
4 27 -8838410365485629809
4 28 1035171161780642131
4 29 7032075736314552728
4 30 -7775097019113895109
4 31 1471322566597453404
4 32 -5662068189583060080
4 33 -6768312542019059620
4 34 7286926561131560610
4 35 358427554814834690
4 36 -4226262993166233480
4 37 5708298889853312895
4 38 -4777384362625764951
4 39 3223374741937472373
4 40 -5112637200545641902
4 41 4020286086050793666
4 42 -2892048128371477650
4 43 731664879680048961
4 44 -5830837587137968099
4 45 2799853218590205659
4 46 -2371920741088308413
4 47 3274853395713019046
4 48 -7803386124192516851
4 49 -3567756546934982226
4 50 1589281689821591382
4 51 -2785431638859730440
4 52 -2120017811544086984
4 53 2299084869678508759
4 54 5430457527958068972
4 55 7024907938307281161
4 56 8530718353016609273
4 57 5779417812718236625
4 58 6850850595667611363
4 59 5725112326608656183
4 60 -2402559408622337901
4 61 2361363083761800402
4 62 -7854482688024087000
4 63 6189852982828592028
4 64 -7441165103558950240
4 65 -8505053607904204163
4 66 -5259831351037220966
4 67 -599122524662726919
4 68 6930666227698793398
4 69 5008956167329254432
4 70 4512028556410602604
4 71 -4095555723869522935
4 72 1851141894448405883
4 73 -6314019955822076575
4 74 3590647764871317110
4 75 -3207148895518543176
4 76 1875444026125493590
4 77 2119665100918742300
4 78 7623949490147969975
4 79 -708923027355856654
4 80 6554752113034187709
4 81 7209002445735784656
4 82 4208430816501467964
4 83 137948990167167465
4 84 6560752060260166856
4 85 4516846484178757410
4 86 8764724123886450683
4 87 -681289270184113902
4 88 -3881753357346957323
4 89 8909425534992853417
4 90 126002130952071464
4 91 7248829233126154809
4 92 -9048618034903775236
4 93 3620162839398556468
4 94 -7281531765450161177
4 95 -8233490342392160078
4 96 -8480942554745190929
4 97 -8640540445917886631
4 98 -4038657572037780805
4 99 6737133319106889216
4 100 -2425978951182134456
4 101 -6280417114128719684
4 102 -7239444516774814509
4 103 -2592533861693586690
4 104 5602066396442998187
4 105 -5658276339742427519
4 106 4763708824903497417
4 107 8497157700650776285
4 108 5377784651770699517
4 109 -7660184689163111762
4 110 -5702043426876873054
4 111 -2311018572556662942
4 112 -8991939639344351529
4 113 -5606166345809459565
4 114 -1913998734320589116
4 115 -2109419800312850031
4 116 6606780656211886887
4 117 8900394183548253413
4 118 3448677776107206617
4 119 3134093830808858509
4 120 -4737454997450182569
4 121 -5631581374695848709
4 122 -8582685198294494433
4 123 -8012077098067561581
4 124 5211229084900598077
4 125 -3935227310633128660
4 126 -7473357148949105563
4 127 8786625385832979993
4 128 396239229045782300
4 129 -8700340244930040721
4 130 -1066430011136013177
4 131 -27725705912941236
4 132 -8725516268094371799
4 133 6815816007650874442
4 134 4641840493118664099
4 135 -6895917984542402170
4 136 8377943218725611253
4 137 2481181679705935482
4 138 -513998360553429669
4 139 6357830889197539145
4 140 -2484529687137091798
4 141 2659746603833834947
4 142 -3123734210882995489
4 143 2072924616800728018
4 144 -2554237548689698777
4 145 -7496543678146532336
4 146 1244596299025325997
4 147 -3453027215525322742
4 148 -8298279274152609074
4 149 5140230549240324361
4 150 -1914054193072616294
4 151 -3154052314395505317
4 152 5587209675563328450
4 153 -1197697660983253891
4 154 -415027224841922669
4 155 5589132915347451397
4 156 4054466251381972608
4 157 -720084673510918005
4 158 -7309592156445330087
4 159 8795764952369681666
4 160 3740168180499142128
4 161 2450047369700810239
4 162 4593074025628201671
4 163 4082261670585434970
4 164 322508074410626321
4 165 3114745989618639513
4 166 1460046932074141529
4 167 -3200956992769788827
4 168 5182401985065756043
4 169 9045953189069710223
4 170 5018328368000882659
4 171 -7148316029259158536
4 172 -179888058388582952
4 173 1542602742992563546
4 174 -9189172699067490208
4 175 8175997008059100320
4 176 8047377221031280076
4 177 -7385962503365723097
4 178 5945567719441838237
4 179 2205664034253167941
4 180 4537863450831966022
4 181 561627973957887439
4 182 -3355906266365479703
4 183 -2059050617226748345
4 184 27158029507837251
4 185 7840499726531729735
4 186 4747723613067134793
4 187 -2954807030594094253
4 188 -374340572039657932
4 189 7333124628193395975
4 190 4246009762474121105
4 191 6894574766130802787
4 192 4035286597787110976
4 193 -1344451476283907068
4 194 -3231483554769176323
4 195 -911204826580745426
4 196 -2014662560712412948
4 197 7039926379704465944
4 198 -4050012604248330798
4 199 2258059861306295607
4 200 -778279411756398237
4 201 -4107191404389292832
4 202 8319228942778975807
4 203 -2051278080728821989
4 204 419442051108341537
4 205 6788219286795273484
4 206 -7903912688047239681
4 207 2830919544368636704
4 208 -7604195243006086379
4 209 4432183720374593445
4 210 -821751645832083077
4 211 -2483874754403910792
4 212 7653092403707072293
4 213 5077825968615155900
4 214 6256118175328466167
4 215 -7017092047545059313
4 216 7106913930445224878
4 217 640977130847407377
4 218 450464520218258675
4 219 6162376165432600832
4 220 -453287628050015972
4 221 7795681538911921800
4 222 4470403148338988471
4 223 7809240105815176611
4 224 3519793387061760711
4 225 6479333623416360366
4 226 7009958950668658029
4 227 -726268612490812060
4 228 2039736511522674518
4 229 -9011150757611551855
4 230 -4150212555039823894
4 231 1240717390319071205
4 232 964199278660582895
4 233 -4171797335043625370
4 234 3770366227067991255
4 235 -6201214150022817581
4 236 -5689391023319150152
4 237 4754501379902507250
4 238 -4632332240891044570
4 239 8162607611227414088
4 240 4195725338853250015
4 241 -5448753026440590986
4 242 -9110738100842534180
4 243 -7578947268467426085
4 244 4513716115696014260
4 245 -5436846494881224972
4 246 5471109267936159345
4 247 -4643383102455119668
4 248 -8046010934309760424
4 249 -271653596975202334
4 250 2823894285476247360
4 251 -2507295134205938631
4 252 -2034610282256021023
4 253 5323450098870216569
4 254 -559801595350749667
4 255 -4415210173632512489
4 256 -8211913593160926268
4 257 3385933371116010044
4 258 5839524172348517525
4 259 -3011248989706064252
4 260 3824871160860732301
4 261 4069491702877650272
4 262 3448334012384669979
4 263 7901766502577494179
4 264 4887424961837755712
4 265 -3130415815832526158
4 266 -888213135650983
4 267 4839763468695144652
4 268 -1264700906506954505
4 269 -5458774159908581540
4 270 6107135435725994066
4 271 -5502404353936436872
4 272 2191832426983947591
4 273 5956912018072284775
4 274 -8175211389600865098
4 275 -3745374820652805996
4 276 3411133180193641101
4 277 -2023845348955865390
4 278 1734775695963335143
4 279 -309787700794620450
4 280 1370259219395301297
4 281 9066288067514724917
4 282 5380917549046542299
4 283 -4464594577874361717
4 284 896568617895940519
4 285 -3870447607998062107
4 286 6448735240961310568
4 287 -5747934512487023291
4 288 -8881718926617081895
4 289 -9073191356699968725
4 290 5692255003492530525
4 291 -4272882787563505411
4 292 -4539891289468313393
4 293 6117907282879814145
4 294 -6715851560466049358
4 295 -7898766919840592392
4 296 198286721057247370
4 297 4572404384833992408
4 298 1584244910181581689
4 299 6240300200582135882
4 300 -1790641638594672153
4 301 5827808132339865744
4 302 -3088780581039565394
4 303 156716066860680205
4 304 -3734729966820493218
4 305 -6663767998289810434
4 306 4846788208789812733
4 307 2225613952851431472
4 308 4595661644239444588
4 309 7762781199103891899
4 310 -331688347466226538
4 311 4224881828436066638
4 312 -2323876857607637103
4 313 1457009464622644460
4 314 -2841759787697420858
4 315 -8075778389662596929
4 316 2572231485823220468
4 317 -3437306275319948430
4 318 -8754950061568757336
4 319 4248647676302109901
4 320 620319430906503157
4 321 932754545205196768
4 322 8982268295924415740
4 323 56945584312398490
4 324 -6482327759177397667
4 325 2443178395138159932
4 326 -9216467504463311912
4 327 -6200750729665242688
4 328 4935309098633698882
4 329 4207776874516580850
4 330 1010287684010101903
4 331 4287038625446942863
4 332 -2148583514285995671
4 333 -3534734511585454468
4 334 -8849311352910667047
4 335 3042679907593220123
4 336 -8057422463417619244
4 337 -7965214050060165520
4 338 -8075701698023349856
4 339 -1902275016014495097
4 340 207583587007498565
4 341 -7704017481179450566
4 342 4659438840879256536
4 343 -3019527539314677125
4 344 -606225637567737834
4 345 9188761197824631975
4 346 1736334587104060639
4 347 6602999463553216777
4 348 2582268749321010065
4 349 9132549366903177549
4 350 1577327236138674848
4 351 -5452986769847000520
4 352 -4579262043867233367
4 353 -7670155131558963159
4 354 5872762981421959371
4 355 943076827578700741
4 356 -2571232922147637556
4 357 2609040037386649011
4 358 4950530017310044228
4 359 4792702145297459154
4 360 9077198431499613501
4 361 7578925190067142325
4 362 -5737423092338675006
4 363 -7166225339100002608
4 364 -2790751328906823104
4 365 -8227257112693211422
4 366 3560286546119319772
4 367 -2337096763544986739
4 368 4554971057117235343
4 369 -8744968156962393673
4 370 -2556141147673520170
4 371 -7002543692879645076
4 372 2797191139931044041
4 373 952899233084090757
4 374 -7215220195878272607
4 375 2892597901477649140
4 376 5794641708636617167
4 377 7286351429166420651
4 378 -7561401779130063406
4 379 4213012461944619609
4 380 8608914123888461523
4 381 7588808749278286003
4 382 4816276062115596436
4 383 -7053431281021498171
4 384 6402171637147507954
4 385 -7938365971882962496
4 386 -8516495906353030850
4 387 -6466962577006076064
4 388 8270209894803418452
4 389 9175847942382497669
4 390 2105583039670430929
4 391 1350841225311622112
4 392 -2171379103754680396
4 393 3999327352841286256
4 394 4367386602665640659
4 395 -4548043861479854912
4 396 6013219731479865930
4 397 9155030962215880060
4 398 5656309012229789457
4 399 -7221628551126527597
5 0 -855878285167777223
5 1 4163826220394051312
5 2 -7949653612055825144
5 3 3584167979675646846
5 4 -2518819620812788402
5 5 7770356328658888731
5 6 -6323112444433792655
5 7 1612753887731189495
5 8 4077510123931318362
5 9 1607480140736341895
5 10 6065150874929538326
5 11 -70434878609236411
5 12 -4269906656512405542
5 13 -2852820073189603112
5 14 -7895646283168250988
5 15 -3540806287030619534
5 16 9111604479466188877
5 17 6470054221946500628
5 18 -1733934448644709773
5 19 3284497972350758741
5 20 4104947779388913173
5 21 5426648892817406012
5 22 1089326046212533010
5 23 -5502807983093891611
5 24 -8618671663626421498
5 25 253698767851912688
5 26 404684243972614549
5 27 5528567443858919724
5 28 -1801646371533121181
5 29 -6206881506746639732
5 30 2641287804446527821
5 31 3774700186173751193
5 32 -3915042479540840009
5 33 -1247475167532863606
5 34 -2694778455140581357
5 35 -6594482340998627763
5 36 -9170843395460356412
5 37 6749355205144712411
5 38 7608441014787023287
5 39 -7309430125652629091
5 40 4525669589538403179
5 41 1302545369656539688
5 42 -5749977677148780344
5 43 -4453503539631034524
5 44 394981192785693070
5 45 2832180743379799022
5 46 -949872330664695697
5 47 8068020215629555831
5 48 -6318668470792098056
5 49 -3230862659916079748
5 50 5390521281886802721
5 51 -53818167583490746
5 52 8332809007586906237
5 53 978395418696899493
5 54 5116013188222639754
5 55 1224838358636251107
5 56 -8275128687627148310
5 57 2410026229240927156
5 58 1514416567086920093
5 59 9211703845173864974
5 60 -8915901701559747240
5 61 2080264327317001797
5 62 3471328142650906140
5 63 1585970380712423306
5 64 919220826991238837
5 65 6923160951715014286
5 66 -3944845847003325237
5 67 -424423063647437724
5 68 -9011078160345084228
5 69 475691699422884503
5 70 -1502443113834919842
5 71 8512675335489776543
5 72 -7546214793839120491
5 73 -3747918718089845440
5 74 7085823771019455744
5 75 -7561271364887847777
5 76 -6807598023860181928
5 77 4177587581247267800
5 78 1368958953277640909
5 79 -8389383494103284114
5 80 6476432144614050872
5 81 -4785828639947281447
5 82 -1843118405794319483
5 83 -5877078375587860462
5 84 -441007083280258332
5 85 6175882462372627203
5 86 6348497782744615552
5 87 -1508854952064085616
5 88 3971429029674559645
5 89 712554197855542492
5 90 -4314099461078535279
5 91 -865050509928850309
5 92 2038591988403772090
5 93 8905625284158532243
5 94 1496148542984111575
5 95 5433256892522282948
5 96 1201115479635668466
5 97 -4850109601264279726
5 98 702964755506342765
5 99 -5156512216458840470
5 100 2036781867528752549
5 101 -4615571403419733799
5 102 1489248005621252043
5 103 281371973164814141
5 104 2514504586985493393
5 105 3118316271264517080
5 106 4285112686345316191
5 107 6538367614277467166
5 108 -8036421194071462075
5 109 1965387427111570718
5 110 -1085388959101121038
5 111 6201724370585333534
5 112 5588503286180479917
5 113 7857308268414645989
5 114 143769283999683863
5 115 -6550123215845412478
5 116 -6697114016450501413
5 117 1043186717766348775
5 118 416276448654428381
5 119 -4627723574643813219
5 120 -8037289803891196721
5 121 -8641683804960105086
5 122 -2350606529176739932
5 123 5669405349080008902
5 124 4947270716770597373
5 125 1878153899904022138
5 126 2024102925929891497
5 127 -2974660576335641277
5 128 376498407583936013
5 129 3515998411581755349
5 130 1596930952398825223
5 131 2498924505751294345
5 132 -3227441051918488581
5 133 -8299958496598200488
5 134 5738205516175240690
5 135 -4590313962739693788
5 136 1077270982726291123
5 137 1279319404846575806
5 138 -5489607180634166273
5 139 8501609564638556850
5 140 4746853891898979631
5 141 5401907919592948382
5 142 2528171039656267019
5 143 213653920802722344
5 144 5708479341464535643
5 145 5609309083163979331
5 146 -8876562539366548911
5 147 1518058595881202215
5 148 -7728265969335716484
5 149 2319363355396550308
5 150 -5918394010533228148
5 151 7528012818726071982
5 152 1077693885887249779
5 153 6719880589947435133
5 154 6000836884620046353
5 155 40597907667453235
5 156 -39963529980310206
5 157 -6223395706129326147
5 158 95842210787360777
5 159 -6028850152782395944
5 160 8679246432464267134
5 161 512251631004692487
5 162 450489744835917919
5 163 -4709531010072642295
5 164 2213215118645803003
5 165 -2779186207270347059
5 166 1708529240795633329
5 167 -5101693763739835310
5 168 -1181335010975675667
5 169 2647269590406218038
5 170 5271660431767830772
5 171 -613970005771587095
5 172 -8614498629325365224
5 173 -5886186570038522181
5 174 3654847645463221430
5 175 -3615501083487655190
5 176 4446358002638116148
5 177 -8476539272744610198
5 178 5003229557640061442
5 179 -2305515693712920908
5 180 -5450460120050651206
5 181 -5246069707768199920
5 182 3302667053207345446
5 183 -1203571770791163778
5 184 -7612960353411431352
5 185 -5292955036459894656
5 186 -2608960159048641131
5 187 2120403680374899717
5 188 -8626069231392033060
5 189 8989890347934133749
5 190 -6837450947070899482
5 191 -3630001245669549332
5 192 -1080092504861350767
5 193 -628097942152889185
5 194 3459532449129468515
5 195 3948172865887468357
5 196 6335084076420096568
5 197 3794609973859244202
5 198 1120902943904185514
5 199 -7587002533470462344
5 200 8997048209871838094
5 201 -274775765464877096
5 202 -4828590079024089936
5 203 -7528866724376869182
5 204 -7962291531383493850
5 205 3543297730938328893
5 206 -3075781780239115888
5 207 -7608155081837111407
5 208 -1337991357070614020
5 209 -2485761246789097476
5 210 -3077350999509084519
5 211 8104681639514628690
5 212 4035333650905781441
5 213 8015509374402499755
5 214 -402802721109091528
5 215 8731842574212583524
5 216 -7950765077916037038
5 217 -1142360077434978531
5 218 6697830735781967263
5 219 5995802590492568047
5 220 5106364171443631585
5 221 -808571791303396491
5 222 4393218254871514249
5 223 7577579417051581813
5 224 -5165913005350855160
5 225 6682624474976408510
5 226 2398575603374137747
5 227 1892213913910479508
5 228 -1589132832325271927
5 229 -108800809092071848
5 230 8286910026965364725
5 231 2122407889230630986
5 232 6105621729227822080
5 233 3430230238763052056
5 234 -894509851449260764
5 235 -5999656861619457378
5 236 7822112108624336174
5 237 -5928401757143854741
5 238 -3797057721494678627
5 239 -1031926883669335209
5 240 -8765675073091804180
5 241 7406209994984383894
5 242 1578731900820677257
5 243 2220473355849095284
5 244 -3572111739771649084
5 245 244983670840071722
5 246 8114507680885251064
5 247 6421833368528632657
5 248 -6576801507163679488
5 249 338043290722561987
5 250 425106328013167590
5 251 4050061830498885947
5 252 -3277679952390727553
5 253 -6428395358092730699
5 254 -1135593431374064597
5 255 -1893319442844859867
5 256 2740348246408722619
5 257 -8410790871806117202
5 258 -8346132502421881162
5 259 3611477740379147684
5 260 -4323788269381282977
5 261 6802848376761000346
5 262 -4044799761988105253
5 263 -5882680558162631302
5 264 8526644002688874734
5 265 -2299502871827298690
5 266 9174012639569704445
5 267 898143085199837864
5 268 8628225207550488673
5 269 2454074077465519159
5 270 -3680809309923160647
5 271 7732922990364630050
5 272 867517118952653989
5 273 -5649261055429636171
5 274 -4929163263129017171
5 275 1100327322414727794
5 276 -834509430745626829
5 277 5783267465698949220
5 278 -7313470733491244198
5 279 290075977744042744
5 280 -8031847743566372155
5 281 -9113579284365676714
5 282 4267604095922558134
5 283 766982251445657337
5 284 6440908091141786187
5 285 -5923892196850141374
5 286 -527351214883166740
5 287 5278081589486020617
5 288 -7435299878201183893
5 289 -7476012253729731068
5 290 706130190958511708
5 291 7064653273195151046
5 292 -7145069830930655488
5 293 -8880801301361893604
5 294 8710121882914803890
5 295 -1280255390709260725
5 296 2170584534479343628
5 297 5442478837914946649
5 298 -7279230755149729594
5 299 2291980341147270035
5 300 3296809385418331748
5 301 1171536197144432546
5 302 3583216478246010017
5 303 -7128338204199202117
5 304 -196301198441697176
5 305 608178654450006066
5 306 9157250064536482296
5 307 -3290003883220391289
5 308 -1500571201310454807
5 309 -7983753573408767272
5 310 -5684375129593971813
5 311 -132517700724771901
5 312 -8472786795513763498
5 313 -333182322958848697
5 314 -6525348131708362174
5 315 -7723999597545798297
5 316 -4253757358923665001
5 317 9216344748574576943
5 318 -2656095378157809968
5 319 -57127259610225678
5 320 7524961343946432807
5 321 -2786090682485102862
5 322 8434036245703517828
5 323 -6521730268264559842
5 324 -9023875993638783918
5 325 -8784082042206165013
5 326 -3344238068628879905
5 327 -660938373637142032
5 328 6050821835138185356
5 329 3307013949974718748
5 330 -5377806149181782276
5 331 -244359681129291776
5 332 8057775774528408318
5 333 8853437199682761240
5 334 1023911320822533391
5 335 7801120961400332975
5 336 1758844244331781106
5 337 4073000103667335004
5 338 7450287510542729943
5 339 7518261773246259577
5 340 -1918087505515712142
5 341 6031348385728101447
5 342 7859270115917689962
5 343 -4308964518301730979
5 344 -7649255331273578096
5 345 1283156393565577308
5 346 5699113071302155157
5 347 1843112595197289750
5 348 3553122168611382183
5 349 -6493803664205877756
5 350 -8297026789002893597
5 351 -2449158170540579829
5 352 -2998989417729745716
5 353 -4996480676086459439
5 354 100505971277072419
5 355 -1938514573624393074
5 356 4517773826281933129
5 357 2697323876415778302
5 358 -6123047657974821243
5 359 -8051982059260519327
5 360 -4604548352644507257
5 361 -1981675359540303821
5 362 -4037173361999757847
5 363 -4892376673225356892
5 364 -5482042014822666885
5 365 9030520618987091361
5 366 3081911726809031668
5 367 -8429979738564325085
5 368 445598480557027030
5 369 7855618456548311610
5 370 -659982329657315088
5 371 5935569358509697015
5 372 -8006568844879713434
5 373 -5481872897476254697
5 374 -6192319138133106837
5 375 -3859553736850817226
5 376 -1872075790640703514
5 377 3077838861201047791
5 378 -7776059923549897473
5 379 4494623635944734015
5 380 -102948597510262716
5 381 5523054386084092595
5 382 874366800116818964
5 383 2287406929984618468
5 384 7307851250582477850
5 385 -2586353970291838318
5 386 5020160740625502168
5 387 -7378406073411045105
5 388 -3418105643697667867
5 389 6229883051361531654
5 390 -3590086428980869732
5 391 -8787974950383934048
5 392 -6042547621659955191
5 393 -5282491189429918658
5 394 3595191023458566144
5 395 2244196760383683740
5 396 5920513798377473194
5 397 -4858480436938643283
5 398 -9111397417531267431
5 399 -7482674285390870865
6 0 -7061404278867263907
6 1 6357836419515941981
6 2 -3106297358668486457
6 3 7077908922752646805
6 4 -6746017316604884686
6 5 -9096271389146442204
6 6 -2779979036005507337
6 7 6891812016161197808
6 8 -8535075704358325648
6 9 2386002714477452118
6 10 -3011752467592929081
6 11 -4340256138358089055
6 12 -6267531788939437691
6 13 7683977942936937272
6 14 -3992730972600016758
6 15 -3083372027599946121
6 16 -3984222763246186405
6 17 3132058064525418654
6 18 -3416609416208461865
6 19 5916438591312951175
6 20 4788273664331906808
6 21 5235647530336874293
6 22 -7504502431960974401
6 23 -4089715685510107041
6 24 -1232110049635311914
6 25 8794656609502061245
6 26 1487361277926227461
6 27 5382251287167407969
6 28 -7042751630312304319
6 29 1988123543420831932
6 30 -108501314138305027
6 31 -2174638274071855211
6 32 6964721698912249242
6 33 6086141896920903159
6 34 7605538247887246280
6 35 -3850244997924349942
6 36 3133655798541234328
6 37 3887532497049449713
6 38 72640685439026884
6 39 -2424803811258698898
6 40 -5115128339472951973
6 41 -1724288361694209324
6 42 3662979959147415956
6 43 -1113935372752189886
6 44 5190721573724966908
6 45 -1671137364145563231
6 46 -8706887920568541010
6 47 6243558111332064324
6 48 -3120533923870810528
6 49 287609677756563120
6 50 -5384971378601407807
6 51 -8577347157409340810
6 52 3574170776412983321
6 53 2870388547780321701
6 54 -3089765695309113087
6 55 -4252004825781709332
6 56 -5557952087809550543
6 57 -1053696444701118683
6 58 1447473171334851591
6 59 -4597439475564280924
6 60 7885370479908178897
6 61 3618926393116919661
6 62 3955629127214047739
6 63 1062918969488709810
6 64 -4910001302812165831
6 65 -2383351315062970108
6 66 139479733505990575
6 67 378499680808232929
6 68 -7179231500065983417
6 69 6004845783199422567
6 70 1153284959369353967
6 71 2739564395702985708
6 72 8006132115627661712
6 73 9177100905228458436
6 74 165364107366711871
6 75 -3832695702613155565
6 76 4566320278012394103
6 77 -933269648967477960
6 78 2673669562580842686
6 79 -3091685383249704370
6 80 -1728928280042247392
6 81 -8109521602182484363
6 82 -5722892939783127603
6 83 -5479481132450646485
6 84 -2129973107606446507
6 85 -8106149703577732490
6 86 -2438707037867395875
6 87 -3050840115629839615
6 88 8897835451398202937
6 89 -5299040597036301998
6 90 -1750070793377574878
6 91 5236605543864455107
6 92 -4984664521818092444
6 93 -4755077389647225965
6 94 7843812909397013476
6 95 -9063276842320313147
6 96 4317015296491558027
6 97 -4666520329895814864
6 98 -267668543678190946
6 99 5196027307332846420
6 100 1110947318012655712
6 101 343696898122668934
6 102 -8464532796578587581
6 103 6100821593420718623
6 104 -6895856859508709650
6 105 6651605596731499222
6 106 -5633667323168020158
6 107 -6593243452574674116
6 108 6820660752048392940
6 109 -7505504735105697913
6 110 -4506618909697170347
6 111 2014065206415985693
6 112 -3925700425936903975
6 113 3951338140013578602
6 114 -4935121739217651727
6 115 5888920679034077381
6 116 -5284023664052534099
6 117 869292081062582000
6 118 -5723179837567978104
6 119 335678744410791355
6 120 5574071555335763304
6 121 -7349282578457844181
6 122 5295379944134760146
6 123 925399106300304807
6 124 2481277242479639755
6 125 7169189209410170709
6 126 741449585040120685
6 127 -1607212718198505056
6 128 -230033955280360919
6 129 -4453387035471238253
6 130 -3912441048038392788
6 131 6025141674831922520
6 132 -8945077128104839646
6 133 -3497898898072347270
6 134 -5056843389790700741
6 135 7208083161831735956
6 136 6164830937586281137
6 137 -533668683603030407
6 138 -2976749366716608167
6 139 -4189638675227809354
6 140 -1057365345348046517
6 141 7825541765838690966
6 142 -3245103024539660051
6 143 7709287857770088115
6 144 -1281202356985446191
6 145 -3213889809477717866
6 146 -1630749478289276157
6 147 -2732839689606490984
6 148 -3548127260004759807
6 149 3688837146166037674
6 150 -5859380723611093324
6 151 2619956968855407462
6 152 -7750460026303453395
6 153 -6500975089258042115
6 154 2158224747779040311
6 155 3840679302948159670
6 156 -7855904938634922927
6 157 4742805919005216170
6 158 -5545768251897216744
6 159 -2150385322637097169
6 160 6768691048500089116
6 161 2640112753061232055
6 162 782997915189346646
6 163 5289049018236372239
6 164 4558566179018317763
6 165 -4046093244077311990
6 166 3183333168582098216
6 167 -2211405186344008669
6 168 8999306108560444287
6 169 5119105118146275187
6 170 -566773399065641726
6 171 -5050081745988445250
6 172 -1801977985590798209
6 173 -8157476275080476743
6 174 -5146545088927159233
6 175 -3910659486926930853
6 176 -3595356692105638105
6 177 1692935507293581180
6 178 4999296158876092917
6 179 7810034124550970293
6 180 -1899359412430214254
6 181 466689924786247229
6 182 -1100704908623632917
6 183 -3418974083396134953
6 184 -8070659616254659558
6 185 -2664674851596990504
6 186 -6376135930361036144
6 187 5406080938739237744
6 188 425649673247842630
6 189 4012275067752025522
6 190 2714393452766017571
6 191 -1797650139350257599
6 192 -7092502993859257019
6 193 -7440402217783447956
6 194 8889657445194620165
6 195 4627090073549044414
6 196 2986965639077811297
6 197 8353815590994180537
6 198 -58028146978020187
6 199 -7926369765073569089
6 200 -6470268055620212457
6 201 -5790029996312952522
6 202 -4420041518029690910
6 203 -5506332444106906877
6 204 8948652174644461103
6 205 8858143975352537172
6 206 -7674447203076965928
6 207 5383475517993890146
6 208 2217308356712572268
6 209 8805693834684702514
6 210 -3766771202882996494
6 211 5262396714544208948
6 212 6297319419817778758
6 213 8938462623423982583
6 214 2552720683427973785
6 215 3569466674271484310
6 216 -5684485773365204532
6 217 3910278255623009144
6 218 3674800674499530953
6 219 -672202527776371026
6 220 -743621204932592386
6 221 4130226546469524838
6 222 8171227606393651591
6 223 3912541513534689379
6 224 -7590362425451898947
6 225 523009135399841411
6 226 -7725090455225026865
6 227 -8128786946314944570
6 228 -1608686063280384596
6 229 -5472247819328361198
6 230 223697261559103333
6 231 4469820203993623189
6 232 -8189665679494029694
6 233 3859149323059504068
6 234 -4504505332952160470
6 235 -5148424764967331076
6 236 4631193600888909631
6 237 4566557982604566508
6 238 5472709338975665532
6 239 3892150367903391388
6 240 -2266431887719447068
6 241 6125428621975535387
6 242 -943792188496166136
6 243 6620818377519794080
6 244 2146638925669591427
6 245 6163524339872630408
6 246 -1543991777093095282
6 247 -1243823092314050006
6 248 2034680924640998400
6 249 -3761650312577353727
6 250 -6714065908156624385
6 251 2628537901293582202
6 252 -1327916668415413615
6 253 -4375582987116333725
6 254 4133905162356541695
6 255 8372742218157999693
6 256 5652637942972993439
6 257 -5313273356287532511
6 258 3245613669699426024
6 259 1811798278883498772
6 260 2574239547765423297
6 261 -4841184450680179689
6 262 -6866404109030670299
6 263 -5597276106960803696
6 264 -6969944378513236058
6 265 -6449588928290433958
6 266 -4668039994406070704
6 267 1850135584938700720
6 268 216935992599152333
6 269 6301108075049725382
6 270 -2195776876104599808
6 271 -7696656760822619704
6 272 3189863892172164538
6 273 -2302371244179237445
6 274 7614233222258410926
6 275 7807146683646902329
6 276 3255256954018561015
6 277 4112884745371786948
6 278 -6270024250414387385
6 279 991954636720872055
6 280 9092498126931894355
6 281 4862903347451063089
6 282 -349272176243358808
6 283 -7479468765730373751
6 284 -8634458628597899098
6 285 -8130144940209610649
6 286 8057019708168052421
6 287 -2078305498447296408
6 288 8278681325817876150
6 289 -3358975990429623129
6 290 6083469938968564407
6 291 -6087606171793892789
6 292 -3896731482183211875
6 293 -4754200856440738259
6 294 -5350708970479604717
6 295 -884914855268240853
6 296 -163831158321188833
6 297 4450306868450764415
6 298 -6212032243042926361
6 299 6951256966311869745
6 300 5166434377299684005
6 301 -3334614150333505818
6 302 -1331356386639945055
6 303 -2557562510880023490
6 304 -8142111139622070783
6 305 -760486763485420891
6 306 5539777990656080739
6 307 1640985167277096455
6 308 -3452532300909435927
6 309 -162858286372289584
6 310 7375596152638847798
6 311 4581488590668906576
6 312 -9018903123783650165
6 313 -33289878834714990
6 314 5136513399075723851
6 315 -6559499546358596704
6 316 4568930112019751914
6 317 9154915841962000456
6 318 3199687783391797365
6 319 -7007120557854063686
6 320 3337682901867512877
6 321 7879706225075923645
6 322 7924545356306526770
6 323 5973573008872706149
6 324 8091028115176889821
6 325 3015567333263348123
6 326 3771909470326991991
6 327 -7972934529185293970
6 328 6974636108504807864
6 329 3793504441987787290
6 330 -4589421713146885565
6 331 4994027803351457809
6 332 -7061136430161775168
6 333 7374935784956353410
6 334 -3969654250063219856
6 335 -8730291408384083643
6 336 -4735439927340682189
6 337 -1129489284759480604
6 338 3072155412642266650
6 339 -6281529623244980521
6 340 -708207898740792159
6 341 2517416141322202748
6 342 -6509715924441658355
6 343 6086196751070071558
6 344 -5850906969636988080
6 345 8733581329111127266
6 346 -1352645892143576705
6 347 7434240977374304566
6 348 -7082465304975231846
6 349 999736101661215951
6 350 2702000067352283700
6 351 -237435390948296204
6 352 -8334621725209642048
6 353 -7191698693760380954
6 354 2359813555754502402
6 355 2537407697647092945
6 356 -4149949096206244254
6 357 1380391033579800438
6 358 -8836041532125491467
6 359 -926251033047465938
6 360 -867740636748530710
6 361 7905297349825766026
6 362 -9191796315426801855
6 363 -4792666250914312741
6 364 -8579104715743126787
6 365 6650949209099956971
6 366 -7978960136526105020
6 367 7708732985009319916
6 368 -698949109315509640
6 369 4732346137370248669
6 370 3240227073320817836
6 371 5080111751150886984
6 372 -2156780200879715314
6 373 -1656405844529418428
6 374 4935980718556693427
6 375 2546277026441221126
6 376 -3108615786133458191
6 377 -8873884209608188960
6 378 -8405960946212438186
6 379 2925173477231774968
6 380 5731639473014936660
6 381 -7243659711686154315
6 382 -1946835963716305469
6 383 -3018070884214427863
6 384 2159699903786074345
6 385 -9016404235061704292
6 386 266395900070276790
6 387 8347025429468753836
6 388 2687572201491583791
6 389 8469475324281786658
6 390 -3837804236814450771
6 391 9215360755111656290
6 392 6549597242887782660
6 393 2801376019304584851
6 394 3474340150235828254
6 395 -4558730616920746417
6 396 -2442267287861508362
6 397 3936838348104868212
6 398 -8119747590816887597
6 399 -7139385050390343114
7 0 -294960682167597921
7 1 -4652863447386065069
7 2 2986581290050883947
7 3 -4766299865467803724
7 4 -8079812552947468100
7 5 -7220855755690194940
7 6 -7268001258437380368
7 7 8599922621861678424
7 8 6602450303197129736
7 9 2949367126614592886
7 10 6573830205138409775
7 11 8797378342716761358
7 12 7747560668502639787
7 13 6222418939811328896
7 14 -9089821200188656327
7 15 7173211225179530381
7 16 333489308039052947
7 17 5091064626658589122
7 18 3160612640356566081
7 19 1947467921927366453
7 20 -2006123802688446665
7 21 -1871675286837539956
7 22 -2306469889995166424
7 23 -1591764989662688091
7 24 8632193518264715196
7 25 7666874860985120522
7 26 -3051281564835529650
7 27 -219086941725666546
7 28 -718184985805335907
7 29 -8041334561389457714
7 30 2696655565362640131
7 31 3662222523513474844
7 32 2692023385017640986
7 33 8666363495941026194
7 34 -4955714045177720619
7 35 -5891793244206817359
7 36 -7177578744488691859
7 37 -4776233179715580648
7 38 -796572601711125978
7 39 -4947746349688186619
7 40 4587205829315126721
7 41 5387126813862067757
7 42 9162798657166246287
7 43 -4349241535554945582
7 44 8935533826594357089
7 45 2986579069590598415
7 46 8751318831517051659
7 47 5438331147682344153
7 48 3521867952930951202
7 49 -6687424234869563238
7 50 -1269620186848247217
7 51 -9165491621709976681
7 52 -2060476876558472019
7 53 8583677186768260882
7 54 2910729649319902311
7 55 6861950166590993912
7 56 -5424965235580714507
7 57 8378622548030130807
7 58 5097718598556648298
7 59 2042243830879925294
7 60 5343875910347067133
7 61 -7247287932952704954
7 62 3148581939060440589
7 63 -5643894513458962729
7 64 4695278894842978210
7 65 7574719038436765402
7 66 -3841000504449733639
7 67 405257161300326263
7 68 4522546564769529292
7 69 -6460763562299817497
7 70 -4812407664337596741
7 71 -122694605340894707
7 72 4789357787401125386
7 73 7459550626535012714
7 74 -555190233685159591
7 75 -3074870505104279902
7 76 4354382756805614481
7 77 -3510281557079606695
7 78 5038856048033369521
7 79 432212086165741324
7 80 1870964623791285341
7 81 1805507170747149937
7 82 -6468972063583168162
7 83 4385947815144036148
7 84 4291436928009436307
7 85 -1154579849063061062
7 86 -3559103594036777458
7 87 -1782297418891194747
7 88 -821104227054985816
7 89 -3909602980260902336
7 90 1011566392466708415
7 91 8163031694474856849
7 92 2338747293427160043
7 93 -5438735336538500378
7 94 -4964663961711443787
7 95 -8352526123551311466
7 96 8662516041934117637
7 97 6572992363107432937
7 98 -1826623835855233871
7 99 5852856773419882366
7 100 -7849404368910598265
7 101 -2645605794817671825
7 102 2173718603354135457
7 103 6851447278791244959
7 104 1445697146901815002
7 105 8882241423640715650
7 106 -2292116225096982745
7 107 -8488588582862705300
7 108 6893043413670260801
7 109 816816673726321379
7 110 5141132421401475115
7 111 8115480262689121303
7 112 -7141516609541452791
7 113 7952578846922533540
7 114 -4032453360145689939
7 115 -1954009465817369204
7 116 4387430682216673002
7 117 5857992354074602164
7 118 -9068532680932296645
7 119 -656709938734995202
7 120 4811193868506349225
7 121 -2426863617112683809
7 122 2225991797829703664
7 123 -7346076160203202319
7 124 6509070517151040750
7 125 -614435655742475272
7 126 -8357271668530018883
7 127 4810418869492698722
7 128 3864783619354584998
7 129 5611053375152974981
7 130 5973887673908211849
7 131 2902304155095737947
7 132 -173041085372972102
7 133 -2672424933357277473
7 134 4771889113769395834
7 135 -6488383862825120691
7 136 4721835166882220421
7 137 -1247623101222596429
7 138 -5730525707227766458
7 139 6400023711129897843
7 140 9188305534320474024
7 141 -4486664954990605281
7 142 -4345275839025698404
7 143 -804902439739779171
7 144 1337236461541095227
7 145 -3982335288912797861
7 146 5286481773048193024
7 147 9210675530875041237
7 148 1750211663548051196
7 149 -8377037217910119113
7 150 -1787766254676006520
7 151 -1489532865142686316
7 152 6283001327545618233
7 153 4005090910209536107
7 154 4663198811198270898
7 155 8341515813253740131
7 156 -8075169690092207115
7 157 2640203378530241355
7 158 4355751613107487819
7 159 7152131016991976229
7 160 6940713964421905469
7 161 -5360605148413966216
7 162 -215629137118057766
7 163 -8930512877888077699
7 164 -846307811165648402
7 165 -3523562344781683904
7 166 7156179646485995397
7 167 -4506294034715569554
7 168 -7855463508193258298
7 169 1725917012243674788
7 170 8555742743607586109
7 171 -1865689498307991159
7 172 -2441433576948871327
7 173 625922050307494697
7 174 -322926402486765025
7 175 -749866311135252157
7 176 2852023925512359670
7 177 6652414680704597176
7 178 -2876752043080668787
7 179 2410958415969432743
7 180 4518852692432447552
7 181 -1615750437078461679
7 182 -5755162588837753058
7 183 4744936500718191869
7 184 642528366846066763
7 185 2144671387622166050
7 186 473009535048874017
7 187 8148192034841554031
7 188 -4101741948483621295
7 189 -5950415561017995271
7 190 -5067141437678080951
7 191 5081727862317807046
7 192 -5500540549628815504
7 193 -8465283738882594791
7 194 103031754470843447
7 195 -7015829888009341593
7 196 4354698074410319182
7 197 2410164286447886615
7 198 4891480326632968839
7 199 4830903936813356791
7 200 -2362567551817022885
7 201 -4609256320005683050
7 202 -838440885018719950
7 203 3678921492351831483
7 204 -1822420366008083992
7 205 -3867522503017769186
7 206 2828195615290081492
7 207 1286679281194810086
7 208 6497020345327324036
7 209 1612406775994247182
7 210 7979892073798756321
7 211 302600632612649786
7 212 3115630397500759649
7 213 2115044221854615680
7 214 3664293138167395103
7 215 7435837764301435386
7 216 -4356178309070966609
7 217 -2276915032188945076
7 218 4468813201522814924
7 219 -1105024497705058667
7 220 3921633430238822539
7 221 -1758645020634209010
7 222 -4345523899398350509
7 223 6717108316643455274
7 224 -5611005411859763976
7 225 1899037115447834502
7 226 -6420154627668382965
7 227 2335805494215179682
7 228 -7017706861990142656
7 229 -436078799779804173
7 230 8427316842485341214
7 231 -653418046403372341
7 232 8787965341732598467
7 233 -3026778133726659698
7 234 7709333045226613835
7 235 -6001031760876714823
7 236 -2963421750187255337
7 237 -3713808248879615091
7 238 8511396130942617830
7 239 18109014334487963
7 240 -23789530276996873
7 241 -5519037025032498339
7 242 4474333154512936570
7 243 6212064031556355814
7 244 1051207719262939980
7 245 2544005919197246979
7 246 -2178424221357192123
7 247 -6098500476097468363
7 248 -7342894955197146292
7 249 5709610667839582240
7 250 4396828025984860855
7 251 2729371955254990748
7 252 8972295634093970257
7 253 3971341360660719567
7 254 -1233930207510433870
7 255 -3068404490328470344
7 256 8255287550890078772
7 257 3516925023603798937
7 258 8678672655449910034
7 259 -8601131899560948307
7 260 7103747102252002810
7 261 -3134119783874602723
7 262 -4698119739551130848
7 263 2875914711663203754
7 264 1907185224543995029
7 265 -8586080989141826195
7 266 2903912235134437477
7 267 5791775903377250418
7 268 3637608820386924477
7 269 8272117873318681332
7 270 2868401346317195677
7 271 -5926431177943745177
7 272 -5238929484680770250
7 273 5001704834655052318
7 274 -7352692297738019849
7 275 -2494269067962865331
7 276 724460205875180931
7 277 4019123151006521020
7 278 -7439135604835723006
7 279 -5027236549020050415
7 280 -1703783129482451600
7 281 7211336976922369779
7 282 -5364131613863074190
7 283 1779159132544968560
7 284 7797194396828534335
7 285 376474056259698435
7 286 9156727102633947485
7 287 7277494470904408683
7 288 5715765237755298906
7 289 -1440855168121373606
7 290 -6909350954367027493
7 291 4290053615370238312
7 292 4085821812613122718
7 293 -7894171113532252141
7 294 5165149265787153683
7 295 8940122626299983132
7 296 2793872961028652315
7 297 263443449299141178
7 298 -4364968120530804486
7 299 1296403132185525922
7 300 -6645479899637654577
7 301 -5141597573478271065
7 302 -7269631412471076531
7 303 -4195552911128767781
7 304 5800850300990148235
7 305 -3650635089511015998
7 306 -5796723704375364311
7 307 -3746891944244269891
7 308 1880823864934554696
7 309 7810301908523680716
7 310 -1860753533599271225
7 311 7192710409173149468
7 312 -3795114104988615168
7 313 6875227755487480873
7 314 -6711598223878587609
7 315 9064636529542059224
7 316 -7173039700457037083
7 317 532927288069064600
7 318 -4404864115795857449
7 319 7899612924420560263
7 320 -7718719392937065307
7 321 -3985537174968332337
7 322 -5575465884544856391
7 323 4671007247210292861
7 324 -3390636071814167549
7 325 -49181380879333981
7 326 1406388989159526503
7 327 -5782834006709938572
7 328 -3967056907333027721
7 329 7609595978940877574
7 330 -1631268653256130248
7 331 -6516242919619237625
7 332 -4917145101175466564
7 333 6813393901499286138
7 334 -5516573331939219428
7 335 8622158142490393198
7 336 3081553738184498450
7 337 -6035543615400752331
7 338 -8806224323283061176
7 339 4276365856061180983
7 340 5595605144085719916
7 341 -2162404389401023321
7 342 -6816713943290257793
7 343 4872092655770435906
7 344 -3197587777603615882
7 345 -1356549107817206786
7 346 -4335430708150398962
7 347 -6772498953959703150
7 348 1599695203823033665
7 349 -8006607364159981757
7 350 6465038738869911076
7 351 -7973912494593944276
7 352 -7858568057041681108
7 353 -4324569528118137822
7 354 3936793816398272754
7 355 -220093023533765060
7 356 -615428394550187682
7 357 -8733495001300194041
7 358 1533367512192265735
7 359 8090220894172250250
7 360 1701707984110875787
7 361 -31457130558190322
7 362 -4088628361735526499
7 363 -5651531930648035984
7 364 743518802155073470
7 365 -1540079553241997057
7 366 3541567738961728229
7 367 945739440679637822
7 368 7140683856157985610
7 369 2618504180480176195
7 370 -7311861036574367029
7 371 -6743695529230664221
7 372 6312944289690406811
7 373 3881122502211984322
7 374 3460142774407088554
7 375 4617374786101224306
7 376 -5573034046117621990
7 377 -4248249047315032277
7 378 1439404615033447087
7 379 19244813042855359
7 380 1001752633120760679
7 381 998932187861354637
7 382 7947894069966234992
7 383 1884568791365831480
7 384 603112080825314060
7 385 -4544752614551479587
7 386 -2256052578700184217
7 387 77349822806236958
7 388 7334387405656022309
7 389 -5598078114267195986
7 390 2693641870593226810
7 391 7222997576046484200
7 392 -5870211612702069985
7 393 -3503861035239914184
7 394 8336856557166672677
7 395 8620595307164013332
7 396 3891568921881416093
7 397 8953501777896913051
7 398 6712293637242649305
7 399 -8904920484009889418
8 0 -2842810598466724286
8 1 -7840566118075273968
8 2 -1048678644519234972
8 3 5428251307194691446
8 4 1121645680200764070
8 5 3696034459227531024
8 6 -5115407120549503731
8 7 695971599577034
8 8 -2055264097227723517
8 9 4047749636301934029
8 10 -3502957859719776675
8 11 -7356000366107303212
8 12 -1799527410878477059
8 13 -6917380513076920134
8 14 -1730364503409394496
8 15 -8402620002079254369
8 16 -4688519023539394336
8 17 -8935543717214760454
8 18 -6621423131914924593
8 19 -5112158236748905351
8 20 1799334553894985653
8 21 -8627977398763167630
8 22 -8026421848189355365
8 23 -3481997960153027522
8 24 -8894941489065405820
8 25 -3067756294998374061
8 26 -3375169383265754156
8 27 -4445847773679472183
8 28 -2074803998900477160
8 29 3803129787782946378
8 30 -5162285271071072077
8 31 -4756296802833285069
8 32 -4525010064668808343
8 33 6308232631098055867
8 34 -8601306668898018840
8 35 -2203046268492997577
8 36 7438205879601152595
8 37 1641831334495569046
8 38 6519494497744406405
8 39 -934702640758886689
8 40 4658987095725089165
8 41 -2743540865837837128
8 42 868079581484417451
8 43 5214654256489726648
8 44 -1834467326930242704
8 45 4889370583978003529
8 46 6973073992477833351
8 47 8788944155846854409
8 48 -8162830217056467248
8 49 4789022841704742147
8 50 608561386993711418
8 51 877225615358753143
8 52 -1101016957900428399
8 53 -7280431843195279782
8 54 4971677474123573287
8 55 840798571254068819
8 56 -6691983863010423095
8 57 8034216361680170570
8 58 -8735994797183931464
8 59 -8278287437516175508
8 60 3932192732000647273
8 61 8264528283224377728
8 62 -4205112664298968297
8 63 1674794789594997952
8 64 -7010428688105893370
8 65 -8729441534156403737
8 66 1396441329316131040
8 67 -4495693245888417440
8 68 6259071208060275855
8 69 4413637574891231078
8 70 -2271210906011969936
8 71 1942764356005473154
8 72 6434773301371591152
8 73 -7716865288025746808
8 74 8843162868155949413
8 75 7046771672218127827
8 76 3394639588649153593
8 77 5696301298532166065
8 78 -8734671188532644233
8 79 -7679807427226097992
8 80 -8242666488986558526
8 81 4914516213559950571
8 82 -5191287368932237550
8 83 -485630166085696817
8 84 2150843926166569626
8 85 981780152441086
8 86 -2594537468906546920
8 87 7601294850912610706
8 88 1547701697817354720
8 89 6770113102192759355
8 90 4788355927833023717
8 91 4522669771087039246
8 92 584285556261269658
8 93 7495606937986535921
8 94 5132122338211689580
8 95 -4692202558805114489
8 96 6170330455758426268
8 97 379102092475851233
8 98 -7809388519779752671
8 99 -5367842950591324920
8 100 -8382239729974592801
8 101 7008229762491613036
8 102 5644021412185643996
8 103 -4505619862880456439
8 104 7464709516334102264
8 105 950981205987441112
8 106 -4644927573016160830
8 107 1102666998095586263
8 108 276797754571900853
8 109 719562263182029556
8 110 9056219131448680777
8 111 -1265541360808342603
8 112 -7709514907478699991
8 113 -1881309358728963921
8 114 1620975950500769965
8 115 4201153360789757226
8 116 -7816439143269705709
8 117 -135104832594951970
8 118 -2898267717534538015
8 119 6108129864706983017
8 120 -7013607203797825731
8 121 -5955246211586723175
8 122 -8655669857276623632
8 123 9172711938806412141
8 124 -5958783115115776099
8 125 -2326063554357648335
8 126 5870967649564657223
8 127 -8146984069323970634
8 128 -1553923549503898122
8 129 -6562563775133502364
8 130 7391555959868805978
8 131 8535143776743788206
8 132 6742737615306499863
8 133 -8184192441880945010
8 134 7024969638025732742
8 135 8686147752018384973
8 136 1787423202372209154
8 137 -6325668054489663907
8 138 4242722209670159744
8 139 -8720257402085302454
8 140 -1856634534889489295
8 141 1199906813180270150
8 142 -953886116664145052
8 143 7506691132794536863
8 144 -5487994550694056069
8 145 5372286647456298668
8 146 -5063830394745814284
8 147 1041582487269011055
8 148 5579477925892700847
8 149 -6152315895308641519
8 150 986595175900133968
8 151 -4788414223212808570
8 152 7399198907013794720
8 153 59686823945947157
8 154 985779422258115731
8 155 -536076457929630860
8 156 5165926247969352565
8 157 5547840859619589911
8 158 5802437697852314646
8 159 -5548407839247411598
8 160 -7169448027417022634
8 161 -5669456631933935556
8 162 -3737117669703901302
8 163 -2471532820166155315
8 164 5554437914510825791
8 165 -6215137273846885194
8 166 1464122034142746779
8 167 -2483961877089012676
8 168 2757890549685255553
8 169 9009690369170099291
8 170 -4349079425918836793
8 171 2347748636381809723
8 172 -5654044397261936921
8 173 4674482478784585982
8 174 -4980114021630928782
8 175 2424745245156841081
8 176 -1769167966718475705
8 177 -3678213876542350756
8 178 -1043360980367143860
8 179 2011085793926877098
8 180 4266962936880919571
8 181 4643782291441469660
8 182 -2772419299854081391
8 183 -8512863211871804704
8 184 6499696144510208292
8 185 -6969732402716622462
8 186 -2387091025770312350
8 187 -7807590023489377267
8 188 -3367820270320068599
8 189 5776547561318896916
8 190 -6618422810696672543
8 191 -5627327267334834886
8 192 -8108493652581070642
8 193 -2335854483087878758
8 194 2486748206283511882
8 195 8768536313177375806
8 196 -1420790201041038791
8 197 8919932265953983612
8 198 6077071958160844937
8 199 -8810530710967711541
8 200 -8853222062661755629
8 201 1390155234534722686
8 202 7277031559662833029
8 203 -7933747432342206471
8 204 -2971490432787682016
8 205 -4850016128203525306
8 206 -8993904390106193982
8 207 1497454802225794415
8 208 -9183535043460682135
8 209 5951393117485117178
8 210 8915586974837202373
8 211 8056933118716338451
8 212 -7959493186660291626
8 213 8768815319805560873
8 214 2132570408849592187
8 215 -6638794409697647222
8 216 4798480074904835929
8 217 -418138398361958287
8 218 -6224192620670407474
8 219 4101497689307552603
8 220 1868226414733881187
8 221 1207526323262873620
8 222 -5655941132235598913
8 223 4802035078309659518
8 224 166490885381435248
8 225 4440615020765010713
8 226 -7426559337467262655
8 227 9025532796103054526
8 228 5030985468208323333
8 229 4324594413078834429
8 230 8055904552209874829
8 231 -9177099797192750427
8 232 5085469249103852612
8 233 3308941932684063909
8 234 2742616038668810822
8 235 5405394245796530803
8 236 -2232975739695798193
8 237 -4106814278821957058
8 238 3813604905884926662
8 239 -8501090483101782420
8 240 6225863021850975138
8 241 1010556961081830757
8 242 -1812167450459154116
8 243 -5755367062184558432
8 244 -6231278078010586478
8 245 5085698707845103513
8 246 -4209565531870295764
8 247 -8591748315155030519
8 248 6782577399001432623
8 249 6257498276764187384
8 250 -8966030342054366696
8 251 727231040320733495
8 252 -1941053311174394093
8 253 -6952150965312184645
8 254 -1139752791409837768
8 255 8393624986893464220
8 256 1700415462038023741
8 257 -7221209948856779136
8 258 -2863170824448468763
8 259 6437753923071455691
8 260 6129825819021845897
8 261 -5864268109903787941
8 262 -1776316748162290539
8 263 -1670603847444009491
8 264 3811164715147291036
8 265 -8378273803524374008
8 266 4815900790887472341
8 267 5225973806442694891
8 268 -425929345167842829
8 269 -5464208534621795556
8 270 7242704757743064635
8 271 8312097949432530576
8 272 -4926430738233897927
8 273 3576061102612671028
8 274 6174040476990937119
8 275 5295872295055414143
8 276 9061551104650888387
8 277 1840536356512573023
8 278 -8284516188799449502
8 279 -7122329620563015099
8 280 -8531643356409836069
8 281 -4179428263324271416
8 282 -4976289590761972019
8 283 5612992151432817620
8 284 -4723279484155873767
8 285 -4904084470363085960
8 286 6722265438828907861
8 287 3043732659336439872
8 288 6278391081801477362
8 289 1229748227353565642
8 290 7597955298620162803
8 291 4028806039858836598
8 292 6595725921440562244
8 293 -8255706689382776173
8 294 2690183047813870485
8 295 8917940690067463657
8 296 -6194436712144294475
8 297 -1694468990599697651
8 298 -281327668448674282
8 299 -5979447278018527820
8 300 -5571404111157677817
8 301 -5156225695186031533
8 302 -8905284688936787929
8 303 -1138534947918956321
8 304 -3692088627217552538
8 305 4627771983194408808
8 306 -9182172711347155249
8 307 3224920006425698527
8 308 -4506265326677496102
8 309 2011526908420161844
8 310 -2309651874866663756
8 311 7454292250435549484
8 312 4143609989963273870
8 313 2630232612017206936
8 314 8879622819814104335
8 315 -9093717689322331724
8 316 -4875262740258880056
8 317 1317844709715435567
8 318 4345845933276550559
8 319 -8031925858344072163
8 320 625145959639726686
8 321 -9207865528894532618
8 322 -9174965158365293506
8 323 -639242399534626349
8 324 -5277474774468553804
8 325 -5805897340812014806
8 326 2950827548981813450
8 327 -4367312327040882136
8 328 -6640122932725375647
8 329 8288748227595569996
8 330 8736419223789114848
8 331 -8565445569963451024
8 332 -7330163480407611671
8 333 2322915989991986798
8 334 8385926772606955329
8 335 1224027487291407706
8 336 -3328193331084954342
8 337 4721108903502103962
8 338 4322475157551563511
8 339 -4892829222996891405
8 340 -3549455979558437214
8 341 -1415942066649259605
8 342 -6737757977615118112
8 343 8572599360538379975
8 344 -5036515523340060609
8 345 -7633218432395336022
8 346 5603521865485926022
8 347 8796033363601343916
8 348 -1571907744470949450
8 349 -7774710613290908799
8 350 5829220909731694990
8 351 -4380061662429733233
8 352 -3906136707262375048
8 353 6689238398295909308
8 354 5566767068224585017
8 355 -3655804518013269279
8 356 -7143424658336292929
8 357 -2316656104560444836
8 358 -7098898751699022269
8 359 1836911326785700293
8 360 6254785211798561518
8 361 5001002897470477569
8 362 2094585603955270455
8 363 9163358649530196602
8 364 -6552777887847253206
8 365 1999420169585458349
8 366 2203357812724817070
8 367 1396705269648578397
8 368 6397217436396783099
8 369 2399170383152398677
8 370 3019213413473518188
8 371 818431519229908119
8 372 -3674630881872135873
8 373 -4386937942398852038
8 374 -5897806556772448934
8 375 5324580800969024564
8 376 -6217563749633619161
8 377 -5681051004523828752
8 378 6252388619222597802
8 379 -718448318244874444
8 380 7088196622843280124
8 381 -8121024580028096121
8 382 810829302559323548
8 383 1398892435794771682
8 384 7400947809850194415
8 385 385426958938550530
8 386 -2796800493978136
8 387 8362928839216569909
8 388 -6683876300515302056
8 389 1581117008281397150
8 390 -7150518282004621687
8 391 -7607996986374858053
8 392 -6707797916705723153
8 393 6291345276325520249
8 394 -3874104574070456752
8 395 6971578595875257024
8 396 -3387897311387306963
8 397 7215608279809549277
8 398 -547879308282949281
8 399 -922027530112228780
9 0 3986453543805936539
9 1 -9024104316315446690
9 2 -4021523133426144873
9 3 6465899064318645160
9 4 426291760937452682
9 5 -3746647861979067942
9 6 7641941410944293997
9 7 9173620238469513916
9 8 4037295936841355682
9 9 1816162135042920377
9 10 4640805031848888214
9 11 -8226023225320661390
9 12 4589348974988038906
9 13 2468964098065349664
9 14 -6864600683551692995
9 15 4984195932674628921
9 16 -6719196357755825116
9 17 7479707504676282207
9 18 -3304470796150768020
9 19 7305337999014584442
9 20 -8450735776887454961
9 21 -2917725883406980249
9 22 -7619360027766432309
9 23 4612523734113167129
9 24 -5004061978935767996
9 25 3415843829755396307
9 26 -2386961233756303245
9 27 -8841640605262254715
9 28 -4501751786635172383
9 29 -989037168680164074
9 30 -4635946444878654516
9 31 7902939584707151396
9 32 6062272863032209091
9 33 -7422623153132317927
9 34 -4924333005332012329
9 35 6352913177223731843
9 36 6273210169831562616
9 37 -2046926696542259129
9 38 -1929326615466347967
9 39 -4338294792014119440
9 40 48438184777695894
9 41 5453491070830197095
9 42 -8352058144118495596
9 43 -1214057029823955274
9 44 -467877011661315151
9 45 4231438674384828838
9 46 1549878235597990521
9 47 7298246241752565243
9 48 4284797591077613927
9 49 -6483276549579086389
9 50 5862630782371983492
9 51 -4699873126708943844
9 52 5131940116621416972
9 53 7070568769565170573
9 54 8797419737232348115
9 55 -6983080309633976604
9 56 7770380377155491322
9 57 9203913360642311599
9 58 -474649582284233475
9 59 -3960229705793695612
9 60 614466136549997346
9 61 532296256761136027
9 62 -3889044301484084530
9 63 871166829820289894
9 64 5815843007071100455
9 65 -5113977001560070002
9 66 646491296727916357
9 67 -1268141837832861173
9 68 1894579173104940428
9 69 -8624611381456263307
9 70 -3290822171144918670
9 71 -305442285941711940
9 72 6494055444321409279
9 73 9204510470156547023
9 74 4239715745214024347
9 75 -4621661274496588247
9 76 -8387647350949376043
9 77 -577223777508161861
9 78 7206677116843467794
9 79 -4811283325963587250
9 80 -4441768325274972593
9 81 -3046811407890750943
9 82 -6820832399911150658
9 83 -4894731987475296703
9 84 3414553460838373382
9 85 -3930239848396511005
9 86 4666690480555183429
9 87 -1314074365013404784
9 88 6451462601584389833
9 89 8553177781799222298
9 90 923805236435625765
9 91 5121976117677416814
9 92 8089891319234806513
9 93 -979293358500144162
9 94 8726305668754081573
9 95 -218678999174713106
9 96 -5003090488279330262
9 97 -6970757069080125066
9 98 -8639489056336653713
9 99 4102690982264095373
9 100 6965905528866231812
9 101 3876490922640526803
9 102 845509463473501154
9 103 7323911102013834174
9 104 1732901156074367318
9 105 -2263101120596236137
9 106 -4451898058756240210
9 107 2331438678916832275
9 108 6308282899357050489
9 109 -807863830387276992
9 110 -2263532698133073707
9 111 5305111495841547238
9 112 6959404288309133296
9 113 -6690124941163433097
9 114 271698130693488059
9 115 -8248737620450917086
9 116 6043752036599995132
9 117 -495917747315456705
9 118 -5080000632931146492
9 119 -3156308967556624732
9 120 -6997117729624810933
9 121 -3055033565200931983
9 122 3265105161640676989
9 123 -4144413408629342648
9 124 6405771171488205371
9 125 6325540423670670336
9 126 -4829177857425815284
9 127 5401071212232862649
9 128 2130972089339910043
9 129 347800966913902252
9 130 -8266475480779158929
9 131 6414111742021146320
9 132 -6758760818806488326
9 133 -8405444520331365320
9 134 -2648345669727607461
9 135 -5632169010769816153
9 136 -4523430782330109493
9 137 -3034016444956140493
9 138 -774411552342537076
9 139 -1549982093142850064
9 140 -5273452555905791553
9 141 -7985476995406056882
9 142 8390171767234857607
9 143 -5098373128336002011
9 144 3736460293345014213
9 145 -3200760597470169145
9 146 -4593539652022825129
9 147 -225750343982801963
9 148 -8879397971607272767
9 149 3055424537997037560
9 150 5728563234159257788
9 151 3698380554833045380
9 152 -8199339735815559368
9 153 -1838094245667711612
9 154 -2350645658443496446
9 155 3410049894939240279
9 156 -92717014202061440
9 157 -5141426369437809695
9 158 1587763546331497431
9 159 -4432916874548180617
9 160 -1202672192512787894
9 161 -6262764988162468867
9 162 8281921677945320598
9 163 -6268978177444925684
9 164 -2649951495809308443
9 165 -3869401245841556513
9 166 -5854360480787733493
9 167 913032898282866834
9 168 7377814146941687557
9 169 3185727787878409261
9 170 -1737770877861953565
9 171 2207269552921787673
9 172 1366438855612312494
9 173 -2966598292595635496
9 174 -8580227498516088536
9 175 -1770430463558806895
9 176 -2310625592720785681
9 177 4541805872542606889
9 178 -8109048794110674215
9 179 -567417025519221581
9 180 -2652916544287884057
9 181 -7077334726616922285
9 182 4361077922541726429
9 183 -7209322422933539204
9 184 -141286297544880883
9 185 -7809140682637648001
9 186 -6120132674099543315
9 187 -5086668319876720121
9 188 -8833162582231587372
9 189 -8981297505500449496
9 190 -1227025850796060020
9 191 -8065200946428300299
9 192 -4826638524804125593
9 193 -6834715096764336744
9 194 1645185454862113092
9 195 -7034451890061696788
9 196 5392189300321518597
9 197 114476347062291871
9 198 5693263348407379601
9 199 -7933605636147320125
9 200 -1005928099398213698
9 201 -2680329859869080195
9 202 -5156632033699959717
9 203 3512861803643756268
9 204 -7727774591630556769
9 205 -8083262084294590405
9 206 6786342367933883513
9 207 1715048406867796092
9 208 6973737684532406642
9 209 7804222053223443458
9 210 6806980131160387503
9 211 -4084439594866499959
9 212 -7940729436565202709
9 213 -7581613994074978410
9 214 -5303313625217700743
9 215 -1383944900527206190
9 216 -5978613212282047164
9 217 2547472792471169878
9 218 -4070600462984273601
9 219 8806392150731154555
9 220 953079238465211005
9 221 -1185223757397680821
9 222 2332005186540419721
9 223 -3429396564438256354
9 224 -5253948077980521936
9 225 8241366604520449351
9 226 -4940135459670957461
9 227 -402051189018622590
9 228 -5393825327656805988
9 229 1401501855095828169
9 230 3479710811329120791
9 231 4127582483788820735
9 232 -2710279455260326333
9 233 -6544379103213625313
9 234 -2245885119786430832
9 235 -5395265437392535913
9 236 -199328566005341738
9 237 34741154201965172
9 238 -2453005661715301676
9 239 330393633042184271
9 240 -5178817994737468885
9 241 6211139111985355916
9 242 1689882440173809373
9 243 8775061678544908770
9 244 -9091285715820568804
9 245 7695092516930588849
9 246 8338468905757669812
9 247 763880551608449117
9 248 4999461160212600832
9 249 687313861350880093
9 250 -1515123913306137343
9 251 8813180415843931196
9 252 3487449696752909191
9 253 719876196325991641
9 254 -7201114367472294853
9 255 -614475829180473475
9 256 -2895168724162492524
9 257 -6867902668923745388
9 258 -5984072532204309645
9 259 765046951733788711
9 260 1972120900004282058
9 261 -2911079010980293791
9 262 7272916755930404962
9 263 8720915078925889736
9 264 5292270411285457353
9 265 -4538915162888264986
9 266 6280129405271761351
9 267 -3244461193215568665
9 268 2049857179856870553
9 269 -5414407645787128812
9 270 8786335636052636441
9 271 1314377170125399443
9 272 -9050806663708304010
9 273 -7634247687989701695
9 274 -9127570994722748083
9 275 -1322638467134118382
9 276 -7322384936435189658
9 277 -2550043686007445735
9 278 -8537322524847749323
9 279 6320001164021455970
9 280 4355354781635460572
9 281 -6094351114406267893
9 282 2559554929783205696
9 283 9029289772642918459
9 284 -2126159068193911148
9 285 -5265485559768752634
9 286 4222509035707750160
9 287 -4402802593318669695
9 288 8273441013566703409
9 289 1642416018430186514
9 290 -135016626653199047
9 291 4383083909496259874
9 292 548670820625240414
9 293 -8955118624181998343
9 294 3169815801746049971
9 295 -7280121804202653181
9 296 -5816938681944297050
9 297 4094890282210297221
9 298 -2811803844752295428
9 299 -1706172129271038975
9 300 99901382358842537
9 301 6747367592704075657
9 302 9095201263106467051
9 303 -3968244864082192881
9 304 5468363589438700028
9 305 1591351703282389636
9 306 -2774074508939710019
9 307 4261859610393569947
9 308 8949912878251074050
9 309 -2338881464834334092
9 310 -3102863649963249090
9 311 739485506703391165
9 312 3481500628520242027
9 313 5167913440055090993
9 314 -782664720299518064
9 315 5957880386097961659
9 316 4664004934994060754
9 317 -8564393037528993813
9 318 -1582766547760909611
9 319 5179213043740085124
9 320 2944300242357026728
9 321 7525284400590748397
9 322 2416295407062961359
9 323 -7216012234239676594
9 324 7621977429926340348
9 325 -8130588538480474870
9 326 8670298127747599501
9 327 6667808890698294908
9 328 -3610488058011088288
9 329 2584626077511592820
9 330 7058054960188697302
9 331 3956625321906882109
9 332 369787304776841907
9 333 -6678902179315267411
9 334 -532455216932210687
9 335 -1611430123953468963
9 336 3517108193179000568
9 337 -9089998846323891493
9 338 -2426700708358099054
9 339 -7667865230904154223
9 340 -5719441264997566340
9 341 -8928463968483678332
9 342 -2035155206222518843
9 343 448733111631497527
9 344 5121210395557715020
9 345 1966832172690292738
9 346 -7743331173489561050
9 347 -3657471941723627053
9 348 222574571373929493
9 349 -3918006481555724658
9 350 3472790195430370354
9 351 -795901692908786905
9 352 -4908232515804150945
9 353 706358768207110547
9 354 8939258944059054239
9 355 -6357965125934117267
9 356 -4493726576229195368
9 357 -2080529555984335286
9 358 8250537941906916109
9 359 -1646262423158530266
9 360 -1561583401506466660
9 361 5405284569082828856
9 362 -8903045180584870472
9 363 3006438629232216125
9 364 407386999130375519
9 365 2819421636793247906
9 366 -8706206769455982991
9 367 -4428976048539863983
9 368 -4138832621845066592
9 369 -1834435389192978485
9 370 -6913602545164576603
9 371 6262137555374350925
9 372 4329137887379474906
9 373 -6784330722172598800
9 374 708171918427947791
9 375 -7673511977961421873
9 376 4792790959154975921
9 377 9011919577766381157
9 378 5936659518292024587
9 379 -6663417139379294114
9 380 4844145025108012701
9 381 -7847093672765121858
9 382 8126342354998951479
9 383 -3756160489086958503
9 384 2330546892960994232
9 385 776884208387421595
9 386 -9022007434816915190
9 387 5130588051536631186
9 388 -5004126597373140549
9 389 5259108793511343434
9 390 2999144264179452718
9 391 -5253330344290715124
9 392 1797316208680942803
9 393 6601035673728245686
9 394 -1401833217086619303
9 395 1091546742632736350
9 396 -2271652176572877929
9 397 -91929397173742342
9 398 -4866313817213261812
9 399 7626319563482239018
10 0 -6332701452161556066
10 1 -7819436996569910774
10 2 -5789182938583728431
10 3 -7106423524938131403
10 4 -4552179682410108239
10 5 -1578276324748297906
10 6 8645224569191053722
10 7 3475158039442973011
10 8 4808320562036166426
10 9 6743678921761438073
10 10 -4793689926111156109
10 11 -5909975188089580310
10 12 -7611840743297082852
10 13 -4335421108674792320
10 14 4474938626737275062
10 15 -2655740940437757118
10 16 -8948294552649737240
10 17 -7730454671000355124
10 18 7433440107757137182
10 19 -6358102006847104579
10 20 3815352732005378945
10 21 -5822425627867845471
10 22 -6141522306863906909
10 23 -7878230368322257263
10 24 -5854240688882502930
10 25 992124296926484687
10 26 -405831980358013714
10 27 2697740428890432915
10 28 -1790782157915396979
10 29 -5295756014840690147
10 30 -6186408444168387028
10 31 8953998818633046845
10 32 -4906790549978531645
10 33 -6752198423277529837
10 34 -9205016074385872006
10 35 -257406948895374423
10 36 3639731523321675876
10 37 1455138625346330971
10 38 -3778352505702565126
10 39 1008002360766507190
10 40 680871711893094059
10 41 -3678413234478892227
10 42 -3020281297785765309
10 43 6091797844887547801
10 44 8461696674740698189
10 45 -8512492305514610233
10 46 -7012413653700550894
10 47 3628189662361601609
10 48 6536439182268884241
10 49 -6348135374571254805
10 50 -7582632901828830179
10 51 -4444039479535495801
10 52 -5033555753482183789
10 53 -3754379735801926745
10 54 9088927589025512584
10 55 868572695385004199
10 56 -7832844160732651979
10 57 -7707461440618890408
10 58 -2332020765036606866
10 59 -64154880270537564
10 60 -8117934882780787669
10 61 -4488007801529880638
10 62 5650275546814131192
10 63 -3498027012152588656
10 64 -4435547160858574090
10 65 5640405605985376061
10 66 -556584523028159368
10 67 8415446743984235953
10 68 -8929934978573537771
10 69 -1655175205552337868
10 70 8668485344038218582
10 71 -4645671459884782760
10 72 7660450659638687315
10 73 630405517788069151
10 74 -6099153484600211581
10 75 1833160978609490748
10 76 5964142449512354503
10 77 -322159250680792224
10 78 7914341052380020051
10 79 2561691187922495062
10 80 2493995220195527915
10 81 -6062133059255170719
10 82 -2131338025246825932
10 83 -8152609039959183871
10 84 -7642505275694167923
10 85 -5026754340789969763
10 86 -37454180408336370
10 87 5345325052371694369
10 88 -4082414126631768764
10 89 2906327392503625307
10 90 5944222846788018534
10 91 -4289317016036775258
10 92 -3017998563348622697
10 93 2085025884629801335
10 94 964979271020510675
10 95 -3068932383636032162
10 96 -826476543384735499
10 97 -1121142568150840058
10 98 3977228177337372200
10 99 -9031738005384201828
10 100 -5797179975276176891
10 101 -4934016900228438634
10 102 -6515084030047120744
10 103 -5005253142294693005
10 104 2524818518999169169
10 105 6668670913485742552
10 106 -479346602797213982
10 107 6359395633363966867
10 108 -575370512114531022
10 109 -8987820829468968629
10 110 5141641891190563046
10 111 -3374545776249585577
10 112 768879164040079857
10 113 -856100616887025644
10 114 -1384195006807895743
10 115 5212100835258668980
10 116 7624344045270256703
10 117 -765580625869006810
10 118 -645562458898810232
10 119 -4667908004423455953
10 120 8180944859966346968
10 121 -5404035105952066079
10 122 -5015156987355973235
10 123 9120207083250518513
10 124 717534958698578632
10 125 -5266379386591661937
10 126 5498633731500349895
10 127 -8997774522280280342
10 128 4439345324856619138
10 129 -6915745236005094125
10 130 -6065727952688710530
10 131 -6155278731376723986
10 132 -7467204302119878643
10 133 3758651703061672888
10 134 148353199910948023
10 135 -5923784819964240391
10 136 -5024253618611315626
10 137 5208929765482146077
10 138 -7608036539738024879
10 139 4402697734959165436
10 140 -4387663136205113917
10 141 -8130687166053138547
10 142 -5566544310090527515
10 143 -2718074498798220055
10 144 2999201960553124667
10 145 7348102571167141603
10 146 1979003497012330375
10 147 997221332315222079
10 148 3420765985885492321
10 149 -9198323288303165664
10 150 835438429030722955
10 151 4041785357827870896
10 152 -2053672986191427337
10 153 3559150104271082637
10 154 5068434536561252303
10 155 8513144893177509376
10 156 6374530627035298690
10 157 -5210456630503635928
10 158 -229528291302917936
10 159 -1785845343859240737
10 160 -4746348277264333077
10 161 -2065839618651596901
10 162 -3730572931292572088
10 163 6950205090439613418
10 164 732524365769561374
10 165 -3383054800552650871
10 166 3059532885327930162
10 167 -4072760659723676655
10 168 9109603356974628170
10 169 -6217749890930118270
10 170 3877147642122499072
10 171 -7479478804773412955
10 172 -3575453866738421729
10 173 7033725033827221625
10 174 -2272400015831566521
10 175 3831970309239073479
10 176 6051273436966072784
10 177 206652692795860459
10 178 -2174629516684289590
10 179 8327101935855114825
10 180 -2574228155574114500
10 181 -1479496436818461193
10 182 5466757966802392190
10 183 7463505038650668283
10 184 -2284779576812427743
10 185 -1111697010633668328
10 186 2248573650274652108
10 187 8550144925070751437
10 188 5135747511806555137
10 189 -645595305508785344
10 190 -5987255911765476314
10 191 -3327198244732641251
10 192 3910795709769768893
10 193 -2463436385491001152
10 194 -3362588699248154473
10 195 -1877954381628294248
10 196 -2971169825675695311
10 197 -5955009760784743911
10 198 2683901849556779311
10 199 7798678870402544636
10 200 5227060475209124400
10 201 4004827084302296255
10 202 4947974708000376024
10 203 -5830764358805382643
10 204 -5976293517668962428
10 205 1669176227917981142
10 206 -4180799985865508049
10 207 7824185469853507867
10 208 -8902998089836134636
10 209 -8569834495396367941
10 210 -2229727421002958677
10 211 6672283466179667063
10 212 5002383339957768920
10 213 -2046488202584353945
10 214 2415925113380293060
10 215 -809401954547345092
10 216 1460829883232203352
10 217 -8030420982151978304
10 218 7464909400367780034
10 219 -5476717782401314641
10 220 7588314642710729016
10 221 -2633918814488546005
10 222 -895647378445437996
10 223 -7204329765799963937
10 224 6869515305428981553
10 225 -4441694678614492539
10 226 2249887641896715206
10 227 8290938027584360809
10 228 538504259802051712
10 229 1417092564181475701
10 230 -6144267795466066858
10 231 2146083241967997806
10 232 -560614483030433931
10 233 -7219813006927701718
10 234 -4539758594293958983
10 235 1690609689817304224
10 236 -6809697190422780405
10 237 -7710556157451694269
10 238 5205511252621482178
10 239 4138935941681961573
10 240 443396808310065801
10 241 6102285160707932097
10 242 7094938918465151841
10 243 3651822018716315133
10 244 9102157422063204403
10 245 3129703306093018489
10 246 -923068346519232930
10 247 -3566198836343637294
10 248 1406926286024945865
10 249 -8604684873677773653
10 250 -8515854754901113224
10 251 537499209852360699
10 252 -6489346912574007555
10 253 -1378210777335749351
10 254 -8568814019577069584
10 255 -7734780549019914397
10 256 -725066379369404238
10 257 7682909757656560971
10 258 2091315669330762350
10 259 -5960854486191121614
10 260 -3459916113865802532
10 261 -3260131133601830265
10 262 -4974807017560709131
10 263 3566013546589790796
10 264 2920030213565030925
10 265 -4118474524329740243
10 266 3223004226762327683
10 267 6513867678875717432
10 268 6343878051111417847
10 269 -4275537495326902965
10 270 1392587606540699293
10 271 -8107596996044886141
10 272 7831345224839148149
10 273 1903353206644285290
10 274 1836705659145954178
10 275 857318449363080889
10 276 9091837853568733850
10 277 5295643050219921494
10 278 7171400892977534895
10 279 3413491071106552014
10 280 8627822021879426405
10 281 -4887169941300252429
10 282 7530479686363515531
10 283 -3723449871263790309
10 284 2086353832008348162
10 285 -3265365449980117546
10 286 4142415980187443946
10 287 6036938726895787049
10 288 1468438100508860732
10 289 5856620823611706663
10 290 308794154848201162
10 291 -1922089547070853311
10 292 7623176895702184206
10 293 -6622566477213557480
10 294 2295870531712484342
10 295 -3958164869557333194
10 296 1592195394343879483
10 297 1302176385356082397
10 298 -7941128935195010953
10 299 7079514453311162752
10 300 -2447545644236680837
10 301 -6367817235298730345
10 302 -7796854445150017851
10 303 -2538601919265461522
10 304 -1114329799140580263
10 305 -973499601628647889
10 306 -5495361094723670543
10 307 6020251394644792325
10 308 7826851905098257808
10 309 7311688138610083060
10 310 -6683701228771465473
10 311 -7786767006963097613
10 312 5967359952330405850
10 313 7988776142385817509
10 314 -5160550029942066959
10 315 -529819325198658748
10 316 8989268176877563951
10 317 -4168088003318712718
10 318 5740480445381906550
10 319 -6602188307343276767
10 320 -2861379697639675630
10 321 -3294956017620765513
10 322 8107396747274161755
10 323 -3588991914720891524
10 324 6134400756784514093
10 325 8350448545737678101
10 326 -955715994408895495
10 327 7708709940465669683
10 328 8918039017804046094
10 329 5389626488854293586
10 330 -8535423795264624560
10 331 -3866161235435601484
10 332 -7959122744726421767
10 333 8934479754658649691
10 334 5647787836892378997
10 335 -6196749416904016853
10 336 -9050129530877899395
10 337 -7615537939953746956
10 338 -8465327705852063235
10 339 2856512194180445688
10 340 8376973314786655951
10 341 4918235499002420526
10 342 8738376428923306640
10 343 -2637957923543760918
10 344 8769895403021240876
10 345 -13926108508000303
10 346 -8110151819286888063
10 347 -7104115154260556199
10 348 -5143260937539285188
10 349 -4921523800134536087
10 350 -1644822930868262577
10 351 -7138650660351774518
10 352 -2781658511207225732
10 353 762605462996786054
10 354 1684784178265589150
10 355 -507166233351812998
10 356 5113666325631266720
10 357 -8791015438876771892
10 358 7209018189925088390
10 359 6416130388245633931
10 360 5639019983574513693
10 361 -8865756022929168640
10 362 451106948688056333
10 363 75888952606082430
10 364 -3695867486709333586
10 365 -6819241578844084972
10 366 2285749936088931235
10 367 7729718239231457539
10 368 -5951443973626011725
10 369 -6966849388075618940
10 370 356707678025450411
10 371 -8113691396601753821
10 372 -6993825102048945226
10 373 1161941314748442675
10 374 7722865693845108586
10 375 7728066922345328452
10 376 7887515473124124058
10 377 -302782080158882387
10 378 8551660802466071310
10 379 5592829357866620571
10 380 2641690879051411020
10 381 4321119325506804902
10 382 623446913749042180
10 383 -6291495789641314141
10 384 8252877946480241111
10 385 8509772303465362854
10 386 -6732117611601071570
10 387 -5478205928115749969
10 388 653371328013198325
10 389 2811762537500411982
10 390 -4981722960455976399
10 391 2220545405288774211
10 392 -2401058737458802359
10 393 -5896285539600357858
10 394 -7239405665953448509
10 395 2759917510979291884
10 396 1338972488504725816
10 397 -279044018834558701
10 398 4429649873363887575
10 399 8077703321805657074
11 0 -3047646634021958672
11 1 -1413613805225679498
11 2 5874278279706677081
11 3 9112261648071003917
11 4 -8542254714142364277
11 5 -925661193994991207
11 6 -2102020127016759870
11 7 8617493681929406857
11 8 1524463636322835869
11 9 -7700124222782683184
11 10 -1763961100442769015
11 11 -1347795071425800452
11 12 -3190401054004639343
11 13 -3008462102720441274
11 14 -8565876669293492497
11 15 7176843920545441335
11 16 -4519587267573775693
11 17 2600684723770651561
11 18 -7376457120873411132
11 19 749546337932336566
11 20 -5758270359557166669
11 21 6165719854412638618
11 22 5945397082228392917
11 23 3283397885169048250
11 24 -755098928651921584
11 25 3349616325582219439
11 26 -1121227949923305878
11 27 -4569877216500887089
11 28 484415523121026868
11 29 7164732939203194885
11 30 -8690709940039837041
11 31 7984204834955675013
11 32 6340832786109151028
11 33 -4112889266835367458
11 34 -7184906486655689751
11 35 -721116125398091904
11 36 -9075033677385723647
11 37 7183814074533166961
11 38 -7174848290508927376
11 39 9185258973389650614
11 40 -1189570650208941321
11 41 -2225786899718555787
11 42 1421141039851937247
11 43 350162647033946487
11 44 -4782471175812512125
11 45 3563456380250463457
11 46 -4727699522506853378
11 47 1797124719007947718
11 48 -6858768293324670345
11 49 1975584798457949855
11 50 -2721249175314652338
11 51 -2087071150699140038
11 52 -4864329981279110091
11 53 8041425224120499365
11 54 147200264372924949
11 55 -4526922565111702004
11 56 929394772251337308
11 57 -5308044089129128052
11 58 -6621342800345512715
11 59 -1084440652499939844
11 60 9058532261022784316
11 61 -5644950752911727481
11 62 2927650186615598415
11 63 -7613840614786445803
11 64 -141106383452190869
11 65 -5164695515449007023
11 66 142074646133510581
11 67 1631709766984524772
11 68 -3274353844722237213
11 69 6470872189980807059
11 70 6363406210548825193
11 71 8781850693064749987
11 72 2678428768473194895
11 73 7573934090060226998
11 74 979122556324348762
11 75 598502349819268896
11 76 4293765282929139152
11 77 -5554275951747040062
11 78 482106148529727451
11 79 2664079540395851996
11 80 -8051269303288477497
11 81 -8712407171063734063
11 82 3837569580353295096
11 83 5653732929552623065
11 84 1521572338415126129
11 85 5716378296271051934
11 86 -1710209836726178477
11 87 502593594879534186
11 88 5306200648443304946
11 89 -5801003759436096515
11 90 -9198549555865872341
11 91 -2655877554725740603
11 92 628672481177981910
11 93 -1586734595324617778
11 94 -796373660417790811
11 95 -7553026758480985044
11 96 -1905549237459181358
11 97 -7997377112413714158
11 98 8860366733354644576
11 99 4579339335932993727
11 100 -7855626506406233995
11 101 -836216222458123107
11 102 -2163289873104783497
11 103 2456764706486304234
11 104 -5657218211546139237
11 105 3224719803708595810
11 106 168873524800590074
11 107 8667231945133491393
11 108 -8089859655422322168
11 109 -6526557400551023702
11 110 -4303211450303457118
11 111 -1688209978451418660
11 112 -915145700659491264
11 113 233822657053435869
11 114 7710137971021869153
11 115 -5203969290333437945
11 116 -2670573971160174263
11 117 1281917111535571984
11 118 4027703366316475745
11 119 5619516285485291792
11 120 5462935641701339649
11 121 7333451924055876853
11 122 -4279271612304975352
11 123 7690560348382491690
11 124 -8647294696581620131
11 125 -9162687477051732700
11 126 -6750011720905919665
11 127 -8023514003221181105
11 128 -7097676525750927885
11 129 -2356311123808707541
11 130 -664351074878886951
11 131 8170458148440019882
11 132 -4206716170908005170
11 133 -1735576089258749544
11 134 -4712342053990841051
11 135 -2584906958222766099
11 136 -6318881763812701333
11 137 8069182346725309738
11 138 -4793393319301471263
11 139 -6194542019107276765
11 140 -4929832725160017465
11 141 -2473787685690198026
11 142 -9043248728887197824
11 143 -5313875405218581392
11 144 7383257947178871474
11 145 -8720984327235498596
11 146 -4206199829423762924
11 147 -1828428250915202093
11 148 -4217594886477264987
11 149 -4172709737745417316
11 150 -1188602550544852008
11 151 2643782548382993870
11 152 -1515921845507085922
11 153 2825241729499496068
11 154 -3361471401967028519
11 155 -4641769454719805699
11 156 -6902404504548388811
11 157 713530199466104021
11 158 5062211004678143058
11 159 -8979953205651897085
11 160 1770672021484085429
11 161 5475762752060072321
11 162 453305736260850336
11 163 3952229431167232629
11 164 8687811663422694425
11 165 -1612505794222586088
11 166 2931101341988761143
11 167 5984076732855447783
11 168 3968801841285170674
11 169 -2588149491101553535
11 170 -6740853872235618750
11 171 -266558044952843113
11 172 1703479411972352180
11 173 307196474824342278
11 174 -833908402581094648
11 175 -4247980977438191153
11 176 -3769506260878882671
11 177 2806428881755491230
11 178 7716784959030962861
11 179 1969407665343655068
11 180 7187017517521991982
11 181 -4553954823601426127
11 182 -5775616608499412372
11 183 -5289044840811244305
11 184 -6223414765947626521
11 185 -3571009339597579925
11 186 6396318238177298664
11 187 -5951287869055321667
11 188 7926660269154516685
11 189 6063811939859898494
11 190 -3926126579993890435
11 191 3696702552359059327
11 192 3078105793277317163
11 193 -565168346564675219
11 194 863194353224059334
11 195 5354360265793696685
11 196 2595445255093217509
11 197 6217194902467898562
11 198 -1465040721354394305
11 199 5040524217816247882
11 200 5697504444791922054
11 201 7953332859166007276
11 202 1810051994299116666
11 203 945065590275267566
11 204 -892422603030478635
11 205 2100804789803227742
11 206 -8158717760642558103
11 207 -8835584882070600482
11 208 -5395228299247998711
11 209 2150226883032328272
11 210 -5604909632930231680
11 211 3007008276042534833
11 212 -6529688382449479564
11 213 8480213220970138554
11 214 9079752431923148025
11 215 -1045296590116368
11 216 7905330231546472924
11 217 -1047060615772155780
11 218 6652044859289255157
11 219 -961416687287673294
11 220 -8295880127687672221
11 221 6768029202115009806
11 222 7373705805113187395
11 223 7602625252524318960
11 224 -6948218004231959499
11 225 5725196400125012377
11 226 -5541761350871478652
11 227 -1406113556949067190
11 228 9131418894523747096
11 229 -8660236782583649192
11 230 -1291215281507952253
11 231 7970354922389184226
11 232 -289992120299198256
11 233 -6781138674484018045
11 234 -5322769238147339157
11 235 996708064900142169
11 236 -5132006522407269952
11 237 -4353231124693535587
11 238 -8670383763224601169
11 239 6775818102820698634
11 240 6940833171973581922
11 241 -7944724712946891620
11 242 -3237237280897273358
11 243 -2891272579980769433
11 244 -432197612703547766
11 245 -4180356236308204827
11 246 5205281714360232279
11 247 -1791801455658111956
11 248 -5366558167636537520
11 249 7056531327080894030
11 250 2983719954644721126
11 251 326077351591864833
11 252 2865362521491840496
11 253 -4290232496177452098
11 254 6120821386511951835
11 255 7136802617381085276
11 256 1725768589260238069
11 257 3361646202109720942
11 258 -8332334450590155986
11 259 8702830171781940176
11 260 6624575652755995945
11 261 -6197545512810915014
11 262 6465885447876459395
11 263 -7882859787833768616
11 264 -6027323881164251824
11 265 -7554520266285894858
11 266 1301844592602038974
11 267 3383738437921452176
11 268 2752488293308195829
11 269 -6077443101814689851
11 270 7342151043789431174
11 271 -8248537082272329450
11 272 6447515139439424569
11 273 -7463357094448134602
11 274 6124377099789368292
11 275 2480597734692348400
11 276 4097688704811875623
11 277 6646132913559759502
11 278 -7527794626812260062
11 279 -4463914772173845421
11 280 3633222490511425652
11 281 5808585598857800190
11 282 -8661965165624328681
11 283 6735614130908612686
11 284 5382642289970920805
11 285 1365740109691948953
11 286 395752053503450057
11 287 1193888312884014673
11 288 6699368277188038812
11 289 -24504555076609439
11 290 -2514385046842995892
11 291 1549975484240196802
11 292 -7403784035424492837
11 293 4624756777767996427
11 294 97843657692911581
11 295 6405522374792840543
11 296 -3815699762008910281
11 297 3016268536486472768
11 298 -2739933388558408486
11 299 -9029651165967660077
11 300 -3929294149493408821
11 301 -2156274216186572067
11 302 -2127894930877067527
11 303 288611719092555844
11 304 122695169113452141
11 305 5568608211518896329
11 306 2097869022968883682
11 307 1233914050836020055
11 308 -386551479364337554
11 309 8151021861139576213
11 310 -2779327613538560039
11 311 6995791526588019052
11 312 123362783259916581
11 313 -4470272930050990233
11 314 329034509090636479
11 315 2255178707444726845
11 316 -6125655322827283402
11 317 932462292490230492
11 318 4587317529533602999
11 319 8704954972557285348
11 320 1773614064648947792
11 321 845952780129832582
11 322 -2220575535957604948
11 323 6258234124488051132
11 324 7914368416202161194
11 325 -5021822545893725511
11 326 1105566352852774212
11 327 -3237034909235225146
11 328 -8383946775774711052
11 329 -312258976283061234
11 330 3469182409929004484
11 331 -334164329869210978
11 332 7067581005187070334
11 333 5364468889758199194
11 334 -5899824797992013314
11 335 6558945036783871944
11 336 1861462642259344363
11 337 -5330143568102942593
11 338 -4486854675145496947
11 339 1008440270442964309
11 340 8086086600708198267
11 341 -6932104996743247337
11 342 -2087249850779451911
11 343 5598820607028022076
11 344 8655042917454894073
11 345 -313728620370277483
11 346 8775048762244555271
11 347 2478691320901707773
11 348 -1875232315756562251
11 349 6034929625864647852
11 350 -3184199786834598636
11 351 -4157563808489751143
11 352 4610492048113274902
11 353 503530406041711686
11 354 7401480628900266823
11 355 3847239131268771553
11 356 -8490831801648996908
11 357 4279206048615589510
11 358 7900394735113435092
11 359 5508941753290775984
11 360 -6170511765738456205
11 361 -740958659425748856
11 362 1006167731738851389
11 363 2184895703189218805
11 364 -4377313845437797961
11 365 7850220017884942172
11 366 6153470564792563454
11 367 1519080079303414047
11 368 -8604339517581897619
11 369 -82172117580860765
11 370 -3023899224277836655
11 371 899382008831908658
11 372 3760087542238637742
11 373 -8110396653779829829
11 374 2372379899218929698
11 375 3237569232664945235
11 376 3499772145458077015
11 377 -2246314345747347359
11 378 -1758779942275566879
11 379 -8239590812942335652
11 380 6110924030322634521
11 381 687938613064887381
11 382 -3364129755487291358
11 383 6883702217669976598
11 384 6097945628361759326
11 385 -208861874613232111
11 386 -1252881542847285027
11 387 6770710103606943951
11 388 3671268972453700251
11 389 -4151547766607959108
11 390 -8120748972595530544
11 391 626282128707291820
11 392 -3515969015109673544
11 393 6557936652822405933
11 394 -3914564622351781767
11 395 -1419697467992540785
11 396 -3485757393512195633
11 397 2960819255526443966
11 398 3633255724571640251
11 399 4814886109615470648
12 0 4569436286252619431
12 1 -705788852472089469
12 2 -757580115359034538
12 3 -6840744191295967404
12 4 -3420066073969750568
12 5 -5912722900069654016
12 6 8292257381415836591
12 7 6154457413229808297
12 8 3950199102395492033
12 9 -7425209171501773176
12 10 2770180117001157819
12 11 4251630287989611494
12 12 5295659534293098257
12 13 4860296953161417623
12 14 698014690250704898
12 15 -3938993009058197563
12 16 947719676397071375
12 17 8345528597628838726
12 18 -9164395792712062511
12 19 -5400029883103575687
12 20 7238850882169849441
12 21 1092718668960423361
12 22 -8768851871172889494
12 23 1369085311301956225
12 24 -8412024605832491572
12 25 7629790490382921330
12 26 8147900789207202474
12 27 -47004606783532635
12 28 -9106008265941951167
12 29 -7706315472876801521
12 30 8877541540362811670
12 31 6652959308187521621
12 32 7435983651414273637
12 33 -5824001935309841615
12 34 -29982441413299242
12 35 -4332512514914541268
12 36 7576854358982806673
12 37 5353098721923697467
12 38 2233790597065265872
12 39 6414969354167350261
12 40 -8273590463409274460
12 41 5200812894210621351
12 42 -236164315300993020
12 43 -2920023043546786438
12 44 -4841136589940669178
12 45 -4028863706600297879
12 46 4471823932419724623
12 47 6772655049663384783
12 48 2864400933947600181
12 49 -5975073073599556457
12 50 919532791678273030
12 51 -6430719124764448672
12 52 -8803358404716495209
12 53 -2735162666878114992
12 54 -4093305051665137526
12 55 2186539404689248745
12 56 -9147260162396249977
12 57 -5315833133769096040
12 58 -5605899200260669317
12 59 6625259543130069063
12 60 -1682223118021254840
12 61 -7542583684386530610
12 62 5344786201061283252
12 63 3582524905775247545
12 64 1771775939541226745
12 65 -567853802099403604
12 66 -489039349549668492
12 67 -2523357045173054622
12 68 4866693423862581460
12 69 3454997057255788697
12 70 5297459956513920021
12 71 -6551871601093128678
12 72 4304553133809974575
12 73 1093606427980293051
12 74 2876446323059086355
12 75 -142215226029163059
12 76 3064318993017681690
12 77 -267935396100855537
12 78 8650411053680454312
12 79 -706273279597349393
12 80 7223339840090088993
12 81 -376594748655693113
12 82 2682234976132879219
12 83 -6371804435463623778
12 84 2604852087580799065
12 85 -6005351228892970911
12 86 2107016710445567749
12 87 215025492705997708
12 88 -3510477116493478258
12 89 -8662692792329737365
12 90 7717166014714896597
12 91 -8411567865717936050
12 92 1752557780247226803
12 93 -7121150220271937830
12 94 8498557404873889189
12 95 -8512913941150496321
12 96 -1547373465293072420
12 97 -438215178641042964
12 98 -2054256856853714198
12 99 7545841278160023398
12 100 -4742045860088504045
12 101 3858211108769972218
12 102 995191167025971387
12 103 3071702599893864655
12 104 -5705276830885717823
12 105 -1321925716350875723
12 106 6590805289974281183
12 107 4175748542384068126
12 108 5735180010314553807
12 109 4490771962014184129
12 110 7554103911726323961
12 111 -7107928454051241437
12 112 3503699977166208787
12 113 -3038116955051033884
12 114 5843955240543352705
12 115 8581010156013321437
12 116 6323543941416513795
12 117 8210256426057919498
12 118 -7991104452282370586
12 119 -7932762742732728657
12 120 952018084286574524
12 121 7928678672894554031
12 122 6458031858713694769
12 123 -4145377079986319726
12 124 6759417211102494569
12 125 6574629853288975958
12 126 8472061960229758354
12 127 -8970917062155658256
12 128 -4131196658810888621
12 129 8675285385068532402
12 130 -5046971423409215435
12 131 -8976172336894210890
12 132 3212985015785344445
12 133 6686161216077452916
12 134 -3431807600995998203
12 135 -7082377204479380975
12 136 -4594285853853305895
12 137 -7975000958575198264
12 138 -6965666643110155569
12 139 -5278617835745704387
12 140 8421332846158827686
12 141 738478406124337391
12 142 2883654448790353752
12 143 6739878195992218109
12 144 6264774869475987410
12 145 3504334264745838739
12 146 -2679887272785226451
12 147 -8728386888729817606
12 148 7715338470136671400
12 149 8045978852811632540
12 150 -5853791875108350824
12 151 -3126877036990597373
12 152 -5933386251020085587
12 153 -3164362465335338938
12 154 -3313754689503920221
12 155 -361205333016536682
12 156 -5112946603441945449
12 157 -4545283423309823019
12 158 3273497673236240846
12 159 -6154824568793748843
12 160 -6414180960699163312
12 161 -8557853258394294114
12 162 9108300647703777141
12 163 744931703905201878
12 164 -3062954512963488042
12 165 8854860833708577501
12 166 -2033247098281501220
12 167 5677957220641480389
12 168 2838168309670661508
12 169 -6248452538907144575
12 170 6822631043304077845
12 171 6894328517935773722
12 172 -1268358266247639228
12 173 1302050035715386714
12 174 -4666165455962343431
12 175 3121825575147590702
12 176 616274478132049318
12 177 -7490848521446844426
12 178 406094997741393911
12 179 7232054208811033710
12 180 -1653775111860708043
12 181 -6659827001246748899
12 182 4271408420421073133
12 183 3151587156492758561
12 184 2144356286556091862
12 185 7578490332151500460
12 186 -9092750802068814205
12 187 9037254607781514115
12 188 -3993317598736813262
12 189 -256091176296192820
12 190 -1606882378596209979
12 191 170371416235256478
12 192 -4476789214317858999
12 193 3440305152968578976
12 194 -7722749777969559726
12 195 5546913493161407600
12 196 -1185632090394656720
12 197 4894867762709004864
12 198 -5877352273235852930
12 199 -2017591234142268421
12 200 -4880110151130766434
12 201 3531312220961287652
12 202 -2242319587946590069
12 203 8492193067200317610
12 204 2617386416847270329
12 205 -1374432815860644422
12 206 4840218240923458092
12 207 -5174754060088892187
12 208 3700160655097618491
12 209 7946910482281060331
12 210 6901774248641995569
12 211 -2909663174736352636
12 212 -7359826354254098756
12 213 -19216201497048664
12 214 2730322966637905297
12 215 -3422321719996911256
12 216 878248067419988635
12 217 843265060996627680
12 218 6892112338306668547
12 219 953986848145935839
12 220 -5878251453015825013
12 221 3755880696852387860
12 222 6107537634431912868
12 223 2292680270710155123
12 224 5459028881750060409
12 225 4742847817476801751
12 226 5458624978460160560
12 227 -3324868151244721443
12 228 -2045128922999325883
12 229 -3346585232255868514
12 230 2685662428451772821
12 231 -6908409520375382515
12 232 1271075024053892527
12 233 -3495035127430567546
12 234 -7919401839335145518
12 235 1861530557395712040
12 236 -8076253853503076880
12 237 -8538421449899810922
12 238 478400839249623423
12 239 -1083312844082918966
12 240 8141812901208971360
12 241 -533264746959801823
12 242 2169126629470775966
12 243 5194903167983617212
12 244 -8763824980576503639
12 245 353975482883560546
12 246 -3378117375569988101
12 247 -6602648376911259574
12 248 7225356706390683096
12 249 -2713730094323050994
12 250 -8955406390663186728
12 251 -1889135805764001742
12 252 6041594367771364529
12 253 -8441994368884886952
12 254 -8265865667421913743
12 255 1981548918589965271
12 256 -3145169777303999689
12 257 -4567894720771688506
12 258 -3520405985684886200
12 259 -5567386886353633755
12 260 -3267064705740849687
12 261 8872462603320484403
12 262 6432497537170279433
12 263 379166417796956161
12 264 -2740640687075353423
12 265 -7599505287174097634
12 266 6825404881841010055
12 267 2105871930839910669
12 268 1268129647067383075
12 269 -7561029501120088844
12 270 7278675334622982895
12 271 5149887775137929677
12 272 3827250663626772421
12 273 -5875708985115488997
12 274 -3186263623925306590
12 275 6518107442033993547
12 276 -3064880146262266530
12 277 8712132765675243307
12 278 -1307545952319141435
12 279 -7196844369216253276
12 280 -4836570589802865931
12 281 3789383708543034635
12 282 8144275693682953239
12 283 -7296059803950046446
12 284 -8086302117086947049
12 285 7708638240240124033
12 286 -1577516719747790411
12 287 3563415989962778822
12 288 -4865014220045378678
12 289 -873289431260889172
12 290 7315518986010131781
12 291 660320533169264436
12 292 6581924464977093609
12 293 666003697548900617
12 294 -7074137569151636978
12 295 8744911772673290769
12 296 3299003538082728691
12 297 -1353125465646230241
12 298 2028742012773091377
12 299 5123578550193848081
12 300 -7221290341056638691
12 301 -4293284495682959272
12 302 9036314363635203894
12 303 -283888227877227145
12 304 -1189687161767425447
12 305 7367920265566598713
12 306 -7555582489802430700
12 307 -1081816854600374033
12 308 -5200500741913822111
12 309 7826070709867695240
12 310 520349081166116162
12 311 3324741018799895571
12 312 8347636627067665555
12 313 -8357486756983876346
12 314 -5215520719278882135
12 315 562530080351868452
12 316 -3918367315524212553
12 317 -598884384500043347
12 318 -3595667912628258894
12 319 -5529028174360658460
12 320 2954504046257999241
12 321 -206219799792529244
12 322 -8632002016915663628
12 323 7482798879260500154
12 324 6713065620623220690
12 325 -1697860090669515399
12 326 -2504584160895216341
12 327 -3548537512211080253
12 328 5863001807289905986
12 329 3995230318790436615
12 330 -8740436695404324699
12 331 3198938298510649372
12 332 8789629573885179990
12 333 7480193735948486733
12 334 -5480678943852124367
12 335 5643903945663913707
12 336 -8658836789086695828
12 337 8140183157402087433
12 338 -1644247191869601173
12 339 -2929576030039684119
12 340 6862101072536979647
12 341 1096577203318357943
12 342 -4265290558572183842
12 343 -9079804350728887771
12 344 7066418679500433002
12 345 2317597192359368214
12 346 2420975954162462183
12 347 968167086492101384
12 348 -6628027646029139312
12 349 -3885870319676710149
12 350 2843125818336414858
12 351 5161845523523711011
12 352 6738953566270518510
12 353 -4135874884968124840
12 354 -6138696814924324482
12 355 -973507639713802850
12 356 3902625153584890620
12 357 -2086473307251066036
12 358 8756983573277176796
12 359 5925689178058035091
12 360 5593266933440633403
12 361 7583196360533850024
12 362 -2801002112421348354
12 363 -3076561057606787099
12 364 -6887652981669986652
12 365 8115841035978517343
12 366 -7934917733825717118
12 367 -5709528941255321459
12 368 280666960994215007
12 369 3535151674157394183
12 370 -5628308593941295665
12 371 -4699475174537939643
12 372 -8495517761156343528
12 373 3420129875172814927
12 374 -5497714743668288266
12 375 -7736504066424614762
12 376 -2876887263462305057
12 377 2220618123339252374
12 378 4260823196932033781
12 379 -5220132173832194256
12 380 -4099669856182927679
12 381 -8102934853726469309
12 382 -4246603003868923026
12 383 4186529104911082948
12 384 -8278140164701549590
12 385 -3858311000525897832
12 386 8936678372970770827
12 387 -8688539213876374902
12 388 3962056360848343751
12 389 2792125437440531293
12 390 -9101546008494715142
12 391 5548580776583375482
12 392 3618236385500980408
12 393 6581287038311020401
12 394 7659808968197227580
12 395 206519554518873372
12 396 3477469103879450570
12 397 -399174390968878926
12 398 4725648971108180470
12 399 4048115928496256450
13 0 452519707888061118
13 1 1643566624756556987
13 2 4087198710075952859
13 3 -3100929837446067801
13 4 -3002816276038206730
13 5 6634798048076935023
13 6 8974729131058583839
13 7 5408576661295763003
13 8 6197515785558149204
13 9 -2900394369432580793
13 10 2775467672992749608
13 11 7278176623087056736
13 12 -6178865065138070219
13 13 -5752799272014484466
13 14 5756831451674252346
13 15 -5578580949050758956
13 16 1146841698728191785
13 17 4009804744217192914
13 18 -3319903515846930200
13 19 808640535210316805
13 20 1851723649749443570
13 21 4826621301647292638
13 22 4424554710957183962
13 23 3581371179486231220
13 24 5581883132106162117
13 25 -5451378491544948731
13 26 7011045300537439889
13 27 -1584505392824307818
13 28 -4511656177238723268
13 29 -3474714875939504120
13 30 -7716181815344655099
13 31 -4968457502598718936
13 32 -2665019262195604248
13 33 2295007185314410517
13 34 -79030526637373218
13 35 444708205413157178
13 36 -7796835731973815605
13 37 -8389192572845447456
13 38 -4770219292054980364
13 39 928096634533018774
13 40 6000293204297764513
13 41 7224829813817906897
13 42 56114702996301098
13 43 4184313527670310911
13 44 -7104595856321258803
13 45 8069290639298454409
13 46 1997541812396070720
13 47 3074084085910159249
13 48 -8628270524565611382
13 49 -9003854772712061790
13 50 6129124386883621014
13 51 -2762982163950678484
13 52 1105916492087498855
13 53 3195642459382235466
13 54 6601577974433468576
13 55 3903566856939028882
13 56 -8741682098536297458
13 57 -1665924519254447950
13 58 4894502078607624435
13 59 4155071737324111153
13 60 -8490697083234906239
13 61 6323096689589744827
13 62 -4374459105664590513
13 63 3295975784116174846
13 64 3348964095880839369
13 65 2525923702311424670
13 66 2731007336175676588
13 67 4055341078462262603
13 68 3280952636616174982
13 69 -266149939146386121
13 70 -7841177854280839817
13 71 3780413608450838920
13 72 -5168808614874121285
13 73 2056638755147292132
13 74 -5269217070556396112
13 75 -1036390510986500079
13 76 -3743488495209095720
13 77 5202632187500156610
13 78 -2167519025640634871
13 79 5858773921081812110
13 80 366526301607082312
13 81 -6939653851886286100
13 82 -7228382093819523000
13 83 8805878436797433366
13 84 3865417183853435033
13 85 7115143906305290773
13 86 -2304652292850211282
13 87 6034475527883000857
13 88 178469468061340970
13 89 -4725993367459469567
13 90 4356109302488341990
13 91 6609153854196949198
13 92 6363311547536906195
13 93 6742314219964458212
13 94 -7908592959080213777
13 95 4122893732162864720
13 96 8259523222044241428
13 97 -5333585954482204741
13 98 -399164726873461690
13 99 8044901648110694198
13 100 605911705385823146
13 101 2548086749706615278
13 102 -7327602222531055565
13 103 8967034071580032964
13 104 -8037958930995308258
13 105 2996621104926520660
13 106 3139968158053513086
13 107 8434534555954684445
13 108 -2637998727995137357
13 109 -6666089158938125486
13 110 -545799332990984666
13 111 3229864827858267148
13 112 2895566418443269921
13 113 8964533780572940309
13 114 2528719793738778025
13 115 2986821406432946234
13 116 -2926082832189481229
13 117 -5022587669055268884
13 118 3288426912035703871
13 119 1413770289319075329
13 120 -418581191652763437
13 121 -8176080425865451756
13 122 2051179617921115675
13 123 2719794819538764440
13 124 6087824589193245170
13 125 4520432653994295609
13 126 8244510928959942504
13 127 734443333588285874
13 128 -8365331223846588058
13 129 2545889161363972962
13 130 7070015505258672050
13 131 -149759289969637817
13 132 4830587081477903267
13 133 2525261072996461510
13 134 -4459547617860665568
13 135 3029281897222603918
13 136 -5544739931001416309
13 137 9064207316802322106
13 138 -5676378443261546171
13 139 7974584806925300945
13 140 -2655154734398531546
13 141 6239622520651628862
13 142 -1701883036480592922
13 143 5312251303335318375
13 144 -4348094771944479185
13 145 3606447706468457562
13 146 -6205941908228788694
13 147 9028523224966422856
13 148 -4627134541059511484
13 149 4407860969772767387
13 150 -8539265405721398007
13 151 2631666220996877128
13 152 -572980843379397879
13 153 -1766036300759019314
13 154 -1569397462655382760
13 155 -8966977407659363296
13 156 2885009325100598306
13 157 -6480958684622086142
13 158 180150681252018567
13 159 5506932602851375769
13 160 -8129357745864590780
13 161 6915734347224416946
13 162 -6310578383669151033
13 163 -1667531410944178756
13 164 -4379367204826519620
13 165 3982190451515237376
13 166 4870734040674520910
13 167 5670444373014410722
13 168 5016313510904191277
13 169 2943910589601175200
13 170 4174273809758209127
13 171 -3556913203602835873
13 172 1184100638190233159
13 173 -5199649492888466070
13 174 -5381139780534308956
13 175 -6568028872206949263
13 176 -6053668330361033414
13 177 4261123662420425225
13 178 5027635215021601488
13 179 1760816861668835233
13 180 791204755170038722
13 181 -4346871591837347048
13 182 2474072124866912088
13 183 12988059517682341
13 184 4524785921931791765
13 185 8124326479556344077
13 186 -7948065630285864743
13 187 -6655099322639304
13 188 -9015090616995406600
13 189 5500550911049619091
13 190 6905700410327996024
13 191 -1932085814493646906
13 192 -6811388819910646849
13 193 7380640406173744910
13 194 4141753846719465318
13 195 -5898165093069959906
13 196 -4889964134649179204
13 197 6365337587643349840
13 198 -8995804214648504494
13 199 7522174865279914703
13 200 2646151695641932856
13 201 -3311667882190459837
13 202 -6127821062345328936
13 203 -631876678709876061
13 204 -7606040301250240745
13 205 -2731284659842772890
13 206 -5819722267410827850
13 207 3938485216851635132
13 208 -4782350252876522873
13 209 -5800586613271243184
13 210 1137556199379553958
13 211 -3899328453016993340
13 212 -1121514322172230385
13 213 5534002485062505577
13 214 822046148867755461
13 215 4314167406958652427
13 216 6969915790647264003
13 217 1692648645327352437
13 218 7002675062917632064
13 219 2376721437036185095
13 220 1297020805382706899
13 221 -3799413850494139168
13 222 -876146520205837872
13 223 -5290077876518054341
13 224 -481667580212766816
13 225 -8398739041755249407
13 226 -5845531593796349482
13 227 6087723088553160059
13 228 -6681353946789575335
13 229 2957146115563385648
13 230 -4745897089236321951
13 231 5518783655547637191
13 232 3375811774622829891
13 233 2438633436260600059
13 234 -6989535975253136074
13 235 463212567757301229
13 236 4982133054704532598
13 237 -5424967953847538216
13 238 -2230376880916590513
13 239 8561323611549775065
13 240 -8936876752843481184
13 241 -1970123940470379033
13 242 -4069850090588515486
13 243 -756587324291734111
13 244 2584093321720691912
13 245 1396824678606694648
13 246 -4437733541086942654
13 247 6585644599627498049
13 248 -1850516079386252705
13 249 2937811018451910730
13 250 -1459909460165907384
13 251 -7914871682279834010
13 252 -6507709460441348962
13 253 -6455890540775874885
13 254 8007606169842119264
13 255 800008637172339727
13 256 2676194477977913364
13 257 8575162742474013101
13 258 6513535193102234872
13 259 -5619176397803054618
13 260 2850748516075053443
13 261 5581425348952008090
13 262 -5075394985986120463
13 263 2799706378170996065
13 264 -3290180220607342808
13 265 -6545863202188714161
13 266 -5008457351390083243
13 267 1550581152534725162
13 268 -4395953569777842169
13 269 -2861721540864272339
13 270 -3414370246827762579
13 271 1601133003574284081
13 272 -3429534868795366892
13 273 4118946117547850073
13 274 -465864980789250903
13 275 -5564334962970211486
13 276 -6784280588009276638
13 277 3984854768977489226
13 278 -6429885890871117391
13 279 -6030294542041441776
13 280 8055001521958493062
13 281 -3827119739577093018
13 282 -2123787601641490746
13 283 -6339643111564420887
13 284 -8036559470540618033
13 285 209730129706766969
13 286 -556675476853036770
13 287 2132957669874229924
13 288 -3728053974904915881
13 289 5643174096156269016
13 290 -1563694560150208142
13 291 -4284066951063180107
13 292 4905514354664286777
13 293 -521785584592726090
13 294 -5362715442888534351
13 295 6764811242967971898
13 296 -1303130283075258276
13 297 6475102302345498045
13 298 5518066478274270904
13 299 8275185641479022372
13 300 4240547253839575204
13 301 -5359537813581587312
13 302 9188866940472634651
13 303 -2754603608127558326
13 304 1401180812648731795
13 305 5631571342750466271
13 306 -7377591556208380851
13 307 -3013197195606989572
13 308 -6547864235469561932
13 309 7319384578885905948
13 310 -6544907754984647460
13 311 1529976532957899194
13 312 -294868277813386404
13 313 -5329306108159840423
13 314 -2911718530441470284
13 315 -7703854789924517569
13 316 494969879682590387
13 317 907908450492950930
13 318 7584506568574972037
13 319 7300757427511467147
13 320 3956780286650411456
13 321 1168271200436675077
13 322 -4398525901576040970
13 323 1847405199672836858
13 324 6853441842422294322
13 325 -7593173059318079083
13 326 -1854376467736606665
13 327 4970958099565444336
13 328 -3250475996892481599
13 329 6603275655876369714
13 330 3275300727330693781
13 331 2370637283380388412
13 332 4137341448507364455
13 333 -6233840413978685110
13 334 -8197545618546007113
13 335 6456453301941216918
13 336 4053216565340808119
13 337 1196143653409439402
13 338 1127911771805814183
13 339 -5996552563266319804
13 340 1153492636249876379
13 341 1092943688028519963
13 342 319829713245291135
13 343 -8904716333636754700
13 344 -5972299302924431981
13 345 4681906266237317031
13 346 -7054094403787302726
13 347 -3816459828210728332
13 348 6667565922930993881
13 349 8081177501088853214
13 350 3205244870304063605
13 351 -7482063919875679165
13 352 -666745040723574152
13 353 -8567582279262280822
13 354 -8083060184729425328
13 355 -8061241264942994401
13 356 1921482984471636476
13 357 4083921335568485999
13 358 9149148885793409970
13 359 -8187965213475470986
13 360 -2397797143531836003
13 361 -2410239199048015389
13 362 -1705749068183608824
13 363 3677629388645039879
13 364 1569318369402363457
13 365 6738868817721088923
13 366 -898538505940442216
13 367 4912520009121099518
13 368 4290871636683311983
13 369 -6214641682819860413
13 370 7630888268010031339
13 371 7615814654561012184
13 372 -231287698011113453
13 373 -5726887689601625312
13 374 9030343416014553042
13 375 -5830359447830617991
13 376 -3296126924306715581
13 377 5574003727275255393
13 378 8373645751877901306
13 379 -714762028905778789
13 380 6717452101672075321
13 381 -8735627960559182778
13 382 2649445333469828678
13 383 6028872003309799628
13 384 7779001834432950861
13 385 354115577102331669
13 386 -3624905403760122023
13 387 1021928741400944875
13 388 -150785839006995827
13 389 -1923655105027920106
13 390 -3029136231960442616
13 391 1502147733307291387
13 392 2947254958654564289
13 393 1783438252622020444
13 394 -4457944489557393583
13 395 -7093895821427762376
13 396 1954478201828516250
13 397 6076323778693638722
13 398 8073126021002940102
13 399 2973438778069270665
14 0 942355082149307692
14 1 2911790638415649507
14 2 6302267086911908026
14 3 -771087790880422167
14 4 -7689641283266065366
14 5 -5351790683670539533
14 6 1986506631903959111
14 7 4359279992267008880
14 8 -8722296633179921328
14 9 4518299046439018683
14 10 -5865353336635748194
14 11 8950229209974733395
14 12 -8190709951017511237
14 13 -4863876934312656166
14 14 -1589353413662242566
14 15 2424637982739405328
14 16 1754789992014157572
14 17 5335591457129500920
14 18 6630334593431511258
14 19 -1354237031483614226
14 20 -6393058229639043622
14 21 -7285852770185516695
14 22 -1816285607821848192
14 23 4287752505848154119
14 24 7106888567186575807
14 25 -4028071920089318501
14 26 506301105887795961
14 27 -1075338154163347788
14 28 7478728016240687175
14 29 8545456251920651419
14 30 1104579531135866566
14 31 8437543729086179236
14 32 1357326105811840552
14 33 -5025644533733742296
14 34 -7535465968063231536
14 35 -4500011211803430636
14 36 -5849443857014861543
14 37 -3350673316169440747
14 38 4337549314616132295
14 39 -2964046827351758205
14 40 5503524905386160156
14 41 1710736820693178949
14 42 -4109924846499693267
14 43 1597606666432993127
14 44 7687377608289868163
14 45 -8839358957623328464
14 46 -1231447551402522988
14 47 274893982992710986
14 48 -3507827546572684757
14 49 -3780214804821788210
14 50 -3227339630178676686
14 51 -5813452485850805612
14 52 527917034920381517
14 53 6360438370394454664
14 54 -3363690554865088784
14 55 1713429064818099447
14 56 -1201583914927705690
14 57 -4717634166638953643
14 58 7004646035497376733
14 59 1400097073947690423
14 60 4685244965776138708
14 61 -5788523426542483860
14 62 -110335522198366081
14 63 4528515115203786487
14 64 -2582549040758995481
14 65 -8444856327334419289
14 66 6475388555694756352
14 67 5225351930678048737
14 68 -2778176761275520596
14 69 -234748926847143481
14 70 5684807328237011515
14 71 7253844116871315058
14 72 459286975850580353
14 73 1995829057468169216
14 74 -8798669447785104787
14 75 -8111979150086504593
14 76 2884278585582138784
14 77 -94645380985439314
14 78 -617216214116574245
14 79 1705869956034450698
14 80 5224064226815068335
14 81 5133422310387446601
14 82 6422901967788455497
14 83 -5870983507974076637
14 84 6071562697921373723
14 85 442847643276290922
14 86 -3795847763334149941
14 87 1009369240902656227
14 88 -5963888493098259529
14 89 213519369798347140
14 90 -275922834964259100
14 91 -3007248402452271992
14 92 -8108526261287362255
14 93 467678203963907997
14 94 -197497457517948090
14 95 732824873268076678
14 96 -4346139690164186526
14 97 -3052668670939236620
14 98 8153589189480776618
14 99 -2500310138702597938
14 100 10791905711986705
14 101 8688565555227170760
14 102 3350574723450057066
14 103 3985446641830604261
14 104 -3957267197014136173
14 105 1696316843281575
14 106 -3761956835630928932
14 107 -298062674984161410
14 108 379128093574943784
14 109 -9215177744401180685
14 110 3862873088878479417
14 111 6918762266404330190
14 112 -5459158793983446329
14 113 -5684622605188339600
14 114 -7222943682210746972
14 115 -7266996370759473649
14 116 -762533705454185817
14 117 -1940805997223088938
14 118 2752646544534824585
14 119 7506256366789606566
14 120 -5324728445276036539
14 121 6790459786044446420
14 122 -9173364792047611548
14 123 -4676921365478865223
14 124 8629847160946014858
14 125 7570503311805807642
14 126 -607311148493775600
14 127 -5876326015153971644
14 128 -7441618465057175709
14 129 5399729092129833975
14 130 7457224266458299585
14 131 -3177904422290733366
14 132 -3377701103436779921
14 133 -3214666553519166220
14 134 7441570900276656734
14 135 -7480140940990237139
14 136 -7280903579296648584
14 137 -6702905548712133054
14 138 872404633518322141
14 139 -4853270170197933303
14 140 7663278723589276341
14 141 2218641259124478707
14 142 4179591556342523839
14 143 -8640780786788426683
14 144 -5370856006299312424
14 145 -1105230298063408177
14 146 -4307205105965009582
14 147 4945057778636927221
14 148 -2885536146099581045
14 149 6765745998959069326
14 150 5073316588877000974
14 151 1683616585559496564
14 152 -5786845545645080561
14 153 1822523068320394674
14 154 2564518690269730779
14 155 8120425270770655661
14 156 3672793095239898875
14 157 8354217101122836651
14 158 -4088222117891434607
14 159 -5894148604632923794
14 160 -6837804449866571907
14 161 -3784561704943233816
14 162 -3082532833000406523
14 163 -4453442234753982500
14 164 -7583511023058678185
14 165 -879157282395405284
14 166 2285003986978999894
14 167 6210092521569001839
14 168 -2973713092805961450
14 169 941127485463184839
14 170 715743648635166072
14 171 8805967424794893086
14 172 6123275488857536720
14 173 3145434648584054189
14 174 944761737847833254
14 175 -2055469479010893864
14 176 2557266659295550240
14 177 -1770437865895319560
14 178 -9037175907779608312
14 179 1950576101634648256
14 180 3878457458815343961
14 181 -3200581280241668454
14 182 -4299358732395454072
14 183 1175917886760140663
14 184 3299961970306731912
14 185 -1097022755164438866
14 186 3861542598647193785
14 187 5079598471952769641
14 188 -8069057046252837869
14 189 -482573417412147737
14 190 -4525089251950975272
14 191 8449777896549785015
14 192 7107164981113996941
14 193 -7385761822331393406
14 194 -3998671984752877713
14 195 3403848501552068333
14 196 917848568338575026
14 197 3358793884144254754
14 198 -3996958681140077166
14 199 8784641908315752377
14 200 -5283604927423827201
14 201 -1141760682896429465
14 202 -1885987472005040586
14 203 4514986551244974376
14 204 -2578493510979849986
14 205 -8206631831418505842
14 206 3763390717379778133
14 207 -3761074713068798760
14 208 -8318119730072025286
14 209 3240181996568884100
14 210 -1887064814001089106
14 211 -1960011880577958837
14 212 7855380254939264557
14 213 59655221966871753
14 214 5755687554537501510
14 215 -2927175007585572703
14 216 -168755434267371873
14 217 -7690966985804004757
14 218 -9072320260365800863
14 219 44937530098653706
14 220 -8363462172533670630
14 221 4026940460635272755
14 222 5202942635319883041
14 223 -7408708206998688645
14 224 146466406271658898
14 225 5987805429505117186
14 226 1972794545108538178
14 227 -8496248847582515020
14 228 -3182358268262289864
14 229 6202973173233479140
14 230 6259884246777619531
14 231 -479180742571957602
14 232 -5613326807115466668
14 233 -6069421425235211833
14 234 4974395392421679082
14 235 6002492444968471008
14 236 905207367453068190
14 237 -7502336148247566947
14 238 2899004895693510244
14 239 -4958418468438658972
14 240 -7203380783621391458
14 241 -7796249884621988542
14 242 1291919598367002074
14 243 5439887647225114645
14 244 9204825131520427926
14 245 7353820345903406889
14 246 6207431787302127058
14 247 8977290530832772664
14 248 8484515042303598168
14 249 1401471525097818580
14 250 -8161889058997012130
14 251 6374696865452579787
14 252 2004208440982529960
14 253 6889042858862716855
14 254 7725511455012852751
14 255 -1056161496420914200
14 256 -5504110827947257006
14 257 7568429535967296435
14 258 -8984351026383314990
14 259 2321559940859575597
14 260 -3056549874069690927
14 261 6737128173962526914
14 262 6972471107478762836
14 263 5819600605440697053
14 264 5023256513542148840
14 265 707536031170938699
14 266 3346355707909182276
14 267 1128800970992471970
14 268 7463169953277600622
14 269 8974205408714354928
14 270 -6790917985783889899
14 271 -3214342087629684128
14 272 904777595448947019
14 273 -6248310948735657600
14 274 -7503931454044486698
14 275 -8621480318874847783
14 276 -8865237180731856082
14 277 1646547481789235573
14 278 -447933391233164416
14 279 -8079937296845295866
14 280 -4379997591384151417
14 281 -263015717686193455
14 282 9221042273014761319
14 283 -1158706931086874419
14 284 4258919949057179777
14 285 -7474126982945045044
14 286 804130328923898922
14 287 3222748212774440329
14 288 7570629852127882291
14 289 7059327110248826725
14 290 -8676343378314866578
14 291 -3531691481458070889
14 292 1918752818261917066
14 293 -4944322733361177274
14 294 -5469489860172779427
14 295 4396416401895100579
14 296 4171508672816247628
14 297 6471483446857934446
14 298 1537233663420562695
14 299 -3548894829076158185
14 300 6328762050449154841
14 301 3515774380591770940
14 302 -51921834412987794
14 303 -106283805609341442
14 304 1682142568226051027
14 305 -6223512951975208526
14 306 3986822571648122731
14 307 1565298766550508971
14 308 7165516937712342012
14 309 -3248153234788528660
14 310 -9151445261053468813
14 311 3191639276772901495
14 312 -1384451328802623880
14 313 -8804946738760638096
14 314 1868191818502177392
14 315 5899347538419823594
14 316 4685084023129134480
14 317 5056439170183090402
14 318 -4944477815635933675
14 319 8550533689112750922
14 320 8423487996546699580
14 321 548951808445154375
14 322 1966302812127437389
14 323 -6514040169913922000
14 324 -7439052380674433696
14 325 -5879019798779148824
14 326 -9022725537413425247
14 327 3407717525949348805
14 328 3383658133710483589
14 329 -1758406962343810991
14 330 -5808202417145380720
14 331 3719228485158911997
14 332 6028163517462777565
14 333 -1403405421172917640
14 334 3456323709010038811
14 335 -7399360003264300540
14 336 -7914605516083420120
14 337 -1002618640200874878
14 338 8751799465367818254
14 339 3624533709215462600
14 340 1146314938925650641
14 341 -5367472807824005398
14 342 -3731952090017379488
14 343 -3013691302337960353
14 344 -1579850856883488652
14 345 4333018782852809721
14 346 1621415482096162003
14 347 2007781544340501152
14 348 -4417110633014183114
14 349 -5493168047560477019
14 350 -7839697131494235536
14 351 3877633382704717675
14 352 -3395642335176306164
14 353 579291078366730220
14 354 -6539919206299218708
14 355 7342309514818706114
14 356 -3120113637413063795
14 357 -4716089664907743080
14 358 884613356878563202
14 359 -1330086748242795856
14 360 1609298716294758996
14 361 -8111281904570646797
14 362 -5893379763932960441
14 363 5307766940976061997
14 364 5824852250465889782
14 365 2243850132079677051
14 366 -8577964502932627793
14 367 -144922162748845643
14 368 -2732896707192085006
14 369 178324171696246676
14 370 -1205960890299159657
14 371 6339399134458728503
14 372 5053146860808615507
14 373 9057546030975421438
14 374 -7744455954236067387
14 375 8919585867441513034
14 376 -7430576489078030615
14 377 -1751260966104709342
14 378 -7320881117559639301
14 379 549349220034735070
14 380 1051564481206863915
14 381 2282952706649067795
14 382 9181640972733608728
14 383 -6594603361428549718
14 384 -1488422584073200245
14 385 5519690769339678132
14 386 -5118953976662875382
14 387 1836780371264742830
14 388 -8068503811656479585
14 389 -401622470477644604
14 390 -3436605359224972721
14 391 4522231876181431831
14 392 2379479108191769957
14 393 -2774628454135915153
14 394 -1488203270714047383
14 395 -7718053424831231546
14 396 1190749143287177041
14 397 -2143858820617945593
14 398 -5272355312839833160
14 399 6976136791043333442
15 0 -2796333051579811680
15 1 1391988965415999239
15 2 -2207249672171237555
15 3 4817496687772528656
15 4 1389905498398600211
15 5 7705367356853591687
15 6 -6378733867879658685
15 7 -5629547723921120724
15 8 3218333227910372712
15 9 -521325050491445723
15 10 -434960974773328577
15 11 -8594426760469328907
15 12 8694202584808548288
15 13 -1592060264815419108
15 14 -9170156022372549091
15 15 -4368179009704157255
15 16 -8963184809481807533
15 17 -6938244814769657386
15 18 -1418303500393947130
15 19 -7982726530535418217
15 20 3828520108377194186
15 21 -6248007019627987336
15 22 -3649117393837338469
15 23 -6775968571791715815
15 24 4311477922362443482
15 25 3673408655012049581
15 26 472440614278596336
15 27 -3093294974913070102
15 28 2782675081133175812
15 29 5615742102595730205
15 30 5598037589777814117
15 31 3226756670619859471
15 32 -4111468555697972524
15 33 3696767011704799166
15 34 4575213077383951960
15 35 1747999378226031152
15 36 -2084425500466334378
15 37 -5871648477829456886
15 38 -2894587664358993900
15 39 5736335558114644336
15 40 -3000299883028719881
15 41 -7191140651433533893
15 42 8150478543390358045
15 43 7052501857576957806
15 44 8730581161588260027
15 45 2742468750989482471
15 46 -2184046777879609306
15 47 -8586703521689190607
15 48 -7377087890841226921
15 49 -5435547360252647945
15 50 -3720717539976438175
15 51 -7836873676728372553
15 52 8073216320566737038
15 53 1769748787347748579
15 54 -8491629480053773777
15 55 2539568516277926194
15 56 8376097253506415782
15 57 -7654843297321954402
15 58 6224471625047304954
15 59 8809790111667794936
15 60 -6682998934225049073
15 61 4780539936731687777
15 62 7755465016856455433
15 63 -4538086792144690346
15 64 2783600887944002546
15 65 6463195487116129991
15 66 555942505815133589
15 67 4374247678356933542
15 68 3775625344027234360
15 69 594129053026109290
15 70 -8278324990570160591
15 71 7703816777058537633
15 72 -3047047847014910905
15 73 -4400996605772353862
15 74 6422207480710027235
15 75 -7728489602154484394
15 76 6025833640906465631
15 77 2713206854080974426
15 78 -2072684948588829620
15 79 6014297778421805469
15 80 -7928061881513746996
15 81 -3503901342191432083
15 82 -2125804639213829036
15 83 5346091969164794523
15 84 -7393688092374804301
15 85 4872009744395684778
15 86 -8818218547270543795
15 87 2064168586776916945
15 88 -1730004101377941378
15 89 -564755664124695781
15 90 2573292579894545026
15 91 -4525152222440593204
15 92 -1060563324187575721
15 93 -1693452374525384055
15 94 -872115419226541664
15 95 -6994403118536737034
15 96 6007388299091514051
15 97 36870730169000103
15 98 3552409079744932952
15 99 204266286201685332
15 100 -2489836803990851288
15 101 -8878123484565888425
15 102 -7815212412997427590
15 103 -8274027249882375972
15 104 -8484630962467823910
15 105 -3453797512244682243
15 106 -6897783870253241521
15 107 8287117053729867567
15 108 1515052903124588669
15 109 -3638049716618415942
15 110 -7614442408765003444
15 111 2952281106136400111
15 112 -5957068717964805675
15 113 2933528931129342316
15 114 7192167716290882737
15 115 -8995087157067540268
15 116 -7918269854743222040
15 117 2073545311825626826
15 118 6833395809190853814
15 119 -6552624034422486137
15 120 -2223140874334809489
15 121 -7593357399023557546
15 122 -7182687039014787889
15 123 9108006042828467763
15 124 1468031408386046928
15 125 8404434106701029275
15 126 -2840107630050522008
15 127 -979667145004600093
15 128 -624152837319342890
15 129 95769709898074308
15 130 -7854872184349393773
15 131 -6019014533687584774
15 132 -7689038431498893173
15 133 4239048200077247745
15 134 6031505847626811891
15 135 1017943126492284852
15 136 -3399711873100131084
15 137 4650009234479909832
15 138 5851923351041461951
15 139 6831308404555973230
15 140 5444505973334810147
15 141 2543297771005838012
15 142 -3314788323512034771
15 143 -1271103538094725398
15 144 -6774177453282384134
15 145 -6485667680546773262
15 146 2897647260719320722
15 147 1601437631216669198
15 148 -727166262703515279
15 149 4448415419354915404
15 150 5989514272569346413
15 151 -3609123687799774058
15 152 -448370798306976076
15 153 8839162517227852991
15 154 -2401433529822270973
15 155 3702794801949714288
15 156 -509613097717923276
15 157 705784238888171688
15 158 830306039499009455
15 159 -2496008928176825704
15 160 6661291010288488839
15 161 -5008875959266275378
15 162 1428101257896652698
15 163 4051018753798099522
15 164 2690841370365275205
15 165 -5837945744518163494
15 166 -4095961386102497280
15 167 6770870041097812098
15 168 1508233611616795531
15 169 -3564566537452433450
15 170 8750503184412081439
15 171 -6981283181578814499
15 172 5377810613819031906
15 173 5595138477601383235
15 174 -3608587283630915917
15 175 -270466268310920823
15 176 -5802263258715291199
15 177 -5150488234935762992
15 178 5250455032115175439
15 179 6748926648806901985
15 180 -5393701510431872581
15 181 -7084798657890215003
15 182 8202614798831694402
15 183 122464471616309806
15 184 -1863052674483176586
15 185 3015084252931852536
15 186 -5452741966647588786
15 187 7708925929602769507
15 188 -1490022846757399652
15 189 1180093252504040977
15 190 1134204494116142103
15 191 -5547107028437120103
15 192 4451990532510896400
15 193 -7434299723069315775
15 194 5407894245850490639
15 195 -7583893103533052626
15 196 2374901364724365436
15 197 -5791946519025641857
15 198 -8532335090335406646
15 199 -5865665200326395772
15 200 919752984963613495
15 201 8852907219868863260
15 202 4916731084354667068
15 203 5021720902603914986
15 204 -4404535184564065862
15 205 3253003171738038609
15 206 -572572165852848028
15 207 3306591427559814096
15 208 -8215133325453357895
15 209 -1035559290094869614
15 210 5321006763626656283
15 211 -7354697686052484978
15 212 884766360126351933
15 213 -1194091167972058484
15 214 -2547715851524529200
15 215 1417391562864601304
15 216 5608057751401442322
15 217 4098326254095892138
15 218 3686257224169404727
15 219 2815969492273964795
15 220 4896022221313917173
15 221 -2571695003512086985
15 222 1826044122808423747
15 223 -512822110944429334
15 224 8096736830051584470
15 225 2314436385281198068
15 226 2370532376592516017
15 227 7640373159287532697
15 228 1907041469262307286
15 229 3733347494452795691
15 230 -4947926394893678486
15 231 -3004298472883533331
15 232 1607674773877830644
15 233 -4228274027543433585
15 234 3933876182621018218
15 235 3103307102826793833
15 236 -1359689238189097343
15 237 1703111424818490127
15 238 5162211881997482118
15 239 6561284171561013080
15 240 -8433523597005663981
15 241 -6154778713377528897
15 242 -5884976345853177401
15 243 7001362581421953628
15 244 -2414968167429896810
15 245 -2994640147075018188
15 246 8802578900060475714
15 247 -3915611221620252623
15 248 7254127538957763
15 249 6799934210715570844
15 250 -686464712311299971
15 251 -5103880386679556436
15 252 8925304643640137140
15 253 -142318954384766590
15 254 -4116249070131983410
15 255 3450067900938502056
15 256 3623514668957761064
15 257 -971576500437332680
15 258 -6162277289439666789
15 259 -1773053316828023076
15 260 6162293093730796117
15 261 9210920712768050368
15 262 814568026804477572
15 263 3179316617232705942
15 264 -6442763589299949811
15 265 6974397773388705496
15 266 -3410570027548774980
15 267 8337894544557352479
15 268 -3859069922592074728
15 269 -5498433646939392047
15 270 -1905179434333462233
15 271 2718684791483571636
15 272 3271052858162788528
15 273 2265205992450284323
15 274 7626255652093048428
15 275 6574060941147856600
15 276 4714486339597457177
15 277 8946269382141552351
15 278 5672350501431853878
15 279 7692785987535281252
15 280 -8692512465767397057
15 281 3676424749830394158
15 282 252392728210696089
15 283 3735274451122234708
15 284 7600699865229195883
15 285 -6605339301530092192
15 286 2004056308161949178
15 287 192966670512357359
15 288 1847293492638567308
15 289 -3191853872202091152
15 290 -8551234980182092198
15 291 -8918104849851586669
15 292 -8447448903851792381
15 293 -7881635129843814287
15 294 -3783813831412583139
15 295 3436539792750891653
15 296 4087613619742856939
15 297 219013399331541154
15 298 -9025252097396506527
15 299 4775984598311709964
15 300 -6418911330790974848
15 301 -430454046654257015
15 302 2434796824970482822
15 303 4223856234750592601
15 304 -5132163338574421970
15 305 502552912256438089
15 306 -3821446695453550052
15 307 5276795657750522329
15 308 -8236488417544406140
15 309 -6794754351659058465
15 310 -7199256626985349738
15 311 4841536861567936856
15 312 -7571578295884406051
15 313 -5835480211157626644
15 314 6129337999041722573
15 315 6672371681096366767
15 316 4699694843655034760
15 317 -3510403093178831521
15 318 5194171470767618726
15 319 -8332044421687822845
15 320 -6720242262934706813
15 321 -3128158781080763015
15 322 1231292858904711152
15 323 -6312185214736982202
15 324 -3074942378094941498
15 325 -3278001411255301833
15 326 710002313792270441
15 327 -6808487241548501454
15 328 1109570405884796104
15 329 -6624392133821671308
15 330 -9079006699362739824
15 331 1185432032195965612
15 332 7355321506744503833
15 333 -8432696768241517341
15 334 6158000386910682830
15 335 7588444614953192178
15 336 -5784376526568334017
15 337 -247299753696807922
15 338 4332150357644024509
15 339 3770642627912458374
15 340 5835143810334770042
15 341 -2997124386121774889
15 342 4805695089868179593
15 343 -4984474873200370187
15 344 -4263268462298566465
15 345 -9067149851111845038
15 346 -6152557784481494567
15 347 -5527702686009803679
15 348 -2785977357468785653
15 349 7825656690132568408
15 350 -2477933737305342682
15 351 -210025201645872894
15 352 675654114227289333
15 353 3988960471027459501
15 354 -1133296501107539563
15 355 -1216249344286457240
15 356 2518211089348790899
15 357 -3955832263121451966
15 358 -6594847539741861814
15 359 6117137596557258506
15 360 -2126453323029836670
15 361 -3973156427048799842
15 362 -8989610928833637522
15 363 601416957696353386
15 364 1054397570665101808
15 365 7407379074931227139
15 366 -6127114061078155027
15 367 -853340142334156715
15 368 4056455557900566317
15 369 3976691075368942959
15 370 226121949922929128
15 371 -7338430406917382061
15 372 -6266865878931669622
15 373 523606558990112468
15 374 375006875455336044
15 375 4847725770897086181
15 376 491133995338325990
15 377 9182994473740136749
15 378 5211387580173304448
15 379 7378300368758912421
15 380 -7532062781044911445
15 381 -2411114349564427912
15 382 5971681556852228330
15 383 -4814639280857298013
15 384 1302493002191822143
15 385 3046863244876272557
15 386 2208493973691115767
15 387 -8419292790326972911
15 388 1762891866766174548
15 389 -1046102658340728171
15 390 -2076713832930211955
15 391 -5330902395642982795
15 392 5740439977043607000
15 393 -7302544982778158866
15 394 -1538401902256924790
15 395 4035265567110718058
15 396 9006368186707275211
15 397 2223556029333586446
15 398 6506803721588293605
15 399 6560925997647536702
16 0 -8997415152100954333
16 1 -10917933426790128
16 2 932502694146557213
16 3 -192912426558567823
16 4 4140119561724018040
16 5 -1824756232987974902
16 6 7243949602021312165
16 7 4037805106587919992
16 8 -1490659770475989707
16 9 -2916542201944752095
16 10 -2742631081440396466
16 11 -125691743288224535
16 12 -3704440337069403893
16 13 6640607949204513417
16 14 8470439066780511720
16 15 -9149256720812187026
16 16 -5494841239508934967
16 17 2753886898977577936
16 18 1713139214173082609
16 19 -5819274073514996938
16 20 2274967160457647614
16 21 -2726239855922366981
16 22 2127408247942072063
16 23 6423772601408665291
16 24 502982539259047657
16 25 -4698788655299577673
16 26 6698029167608748546
16 27 5372326297128338734
16 28 -8803486338030337389
16 29 4749029271799911234
16 30 -5795503443636350684
16 31 -3582139102234775783
16 32 -3708281112751819238
16 33 -3746986603726350861
16 34 -6112478022918787922
16 35 -3593118770286455739
16 36 -1307889162321216441
16 37 341529467847454165
16 38 -3015396683458885394
16 39 8618910144507245484
16 40 -2328338575548153542
16 41 -9096042813923462417
16 42 3354912603803661128
16 43 3936494242609967883
16 44 -8350566537517391805
16 45 -3818265084218721076
16 46 5877272094151941169
16 47 1655936211660311233
16 48 -4162962826451768414
16 49 7992235117507262038
16 50 5930270863272302954
16 51 4731475907262577146
16 52 -3177028106929438297
16 53 -3966453033872879310
16 54 7984561157559977598
16 55 4472967312846795372
16 56 8873451009165201885
16 57 -8659950896539129351
16 58 -6726779060646586681
16 59 5731654876881026484
16 60 -2475770740762101851
16 61 870198865901569800
16 62 6617424870779744889
16 63 -4778761926737161449
16 64 4152657521259719575
16 65 -539492319814989651
16 66 -4179286498605682329
16 67 6549628584083547933
16 68 3100028663437741554
16 69 -2323427484717456440
16 70 -702376658548429657
16 71 3395076117512696259
16 72 3780765578718721192
16 73 -7183810029250606694
16 74 -7654782011774633526
16 75 286900717969876755
16 76 -7794934329747089049
16 77 -4914897065128889446
16 78 8547024818129300990
16 79 -3282615410276889160
16 80 -4672877225552470299
16 81 811689706222835896
16 82 4772921369969820680
16 83 -647994892188076566
16 84 6644672002740294667
16 85 2904304410232822049
16 86 8633963659868574119
16 87 1297981582617190939
16 88 5607022579819581003
16 89 429433379475288125
16 90 -4651798206341933122
16 91 7073375570125620610
16 92 1265521034349575607
16 93 -2532434360656363586
16 94 5196591579852182148
16 95 6210817519567718234
16 96 7697428825462198430
16 97 4215739958398669189
16 98 6074759039916080914
16 99 -855351698112102204
16 100 8206459520521053384
16 101 -1452044472118465294
16 102 -5563048106221565349
16 103 239431238398361005
16 104 881601781485557628
16 105 -5153854028940005222
16 106 5844282558727077596
16 107 -836341403262519070
16 108 -429173442885570085
16 109 -1794967907769633298
16 110 -3110045646856716311
16 111 1841282963398002787
16 112 -6719862131276714870
16 113 2873620940010684220
16 114 -3172513059233335015
16 115 -4300142880042370484
16 116 -1226061542853732567
16 117 -9150969604353357906
16 118 6057080718484889765
16 119 -1021469732505495754
16 120 7397860498961412416
16 121 1898084959854048564
16 122 1170527899161469436
16 123 60506256418332960
16 124 -4071202987645990991
16 125 -7966102566156142392
16 126 6340904522107695618
16 127 -8763432069280622558
16 128 -2268648456037267513
16 129 -766528379261138802
16 130 -3655083842435175641
16 131 -3844314366498548595
16 132 -1908653441454347888
16 133 -3062468158955872282
16 134 -5377859603532217378
16 135 -1411845885210807519
16 136 9063163978917070518
16 137 -7721752823907023729
16 138 443744917969999037
16 139 -737579901502234165
16 140 -2548700646874237516
16 141 -5554880860444720099
16 142 1035129858746275689
16 143 2707915526207620558
16 144 -7683015994141926154
16 145 -4350344693364253376
16 146 6499159565293885181
16 147 2890375800939224500
16 148 -7938109277018031528
16 149 4154673705468662581
16 150 -6122579936158489478
16 151 8949932746451125515
16 152 6272224971701420764
16 153 8555760075697906127
16 154 5323134538466014392
16 155 -3821428533606860915
16 156 -5237401129796263482
16 157 -3832101649122440806
16 158 -2280950910226772695
16 159 -758229424711567452
16 160 -4428746106796784697
16 161 8881427098995068563
16 162 -5816814787714152037
16 163 4784696487183484689
16 164 6680505349087334769
16 165 7252488460562678391
16 166 -4530877517478687969
16 167 5229889773533298607
16 168 -7444307911246873598
16 169 -2169271737889656469
16 170 -1127185709793235012
16 171 -408960209062986439
16 172 4933933905210852045
16 173 -3574682670416906767
16 174 -2885655092491103595
16 175 -4221035062141714433
16 176 -4151258812089888342
16 177 -8983133518444332645
16 178 -785161470825592742
16 179 -1346899725336117070
16 180 -5397607733105373759
16 181 -6274434125713738973
16 182 -1572061658541253718
16 183 -4777948188462016098
16 184 6879009723319576512
16 185 -1651077805645791646
16 186 2743827826619932499
16 187 4487276452905906139
16 188 -2820575735943875451
16 189 1006916199698910607
16 190 -7334077126803175354
16 191 -5422574459214633579
16 192 -3267995795616574730
16 193 100584824743724333
16 194 7918116885200856219
16 195 3733171225977309670
16 196 1371297989548199768
16 197 -6954965826378566190
16 198 1385867931690449693
16 199 2503176721147212269
16 200 8141167773822071708
16 201 -72688812318422479
16 202 8563325124312826798
16 203 1712010328943915481
16 204 -518933638290927309
16 205 2221946660126790184
16 206 -4369270930418142581
16 207 4271523936235558256
16 208 7837814892010402870
16 209 -7486527344853067121
16 210 -6352892366416593222
16 211 1284267993262545057
16 212 -9175757583781834291
16 213 -3771049098196626694
16 214 4928985233572593165
16 215 602847083506948896
16 216 -6153498876935577688
16 217 -4093523152462804551
16 218 -8911782631411235224
16 219 -3666425506468429057
16 220 -7795003610328823792
16 221 4977208428589232493
16 222 6463994298909811749
16 223 -1718589776124743123
16 224 7300600214867092935
16 225 -1006323828338823439
16 226 9012079110105945208
16 227 -4686434351347150634
16 228 3296860553421159907
16 229 2039025779804334638
16 230 -9193107050346573078
16 231 -8175078971739368518
16 232 -5792950794530631194
16 233 -825291496200000198
16 234 8134977714050065784
16 235 4772496504001950129
16 236 2339005039280866896
16 237 890374230398911217
16 238 -6680652080894780240
16 239 -5877513007529387947
16 240 3265375960482713848
16 241 -7113621752308035413
16 242 4679237766910396696
16 243 -5934087103647219338
16 244 -529584405226610587
16 245 -6505049885795195102
16 246 4378135345539793369
16 247 -8768402803986967638
16 248 -2303216118106130675
16 249 -637978468748619192
16 250 -4277604847914892501
16 251 -2169332035487281827
16 252 3047149082848409384
16 253 5334358658797920545
16 254 8028168966922175096
16 255 -5983812225598922090
16 256 4049559330811881170
16 257 -1756235865904769504
16 258 -3876401167830179057
16 259 3343280208510510358
16 260 6377782639878721942
16 261 8711966473108708323
16 262 5383395861990455073
16 263 3785283838444906267
16 264 5265718215936314230
16 265 1571597799461121160
16 266 8182887041870724306
16 267 4513310442796832297
16 268 -8926564867127271389
16 269 -4415797961421594297
16 270 7653794604708107965
16 271 7458680931659386574
16 272 2236912906685866594
16 273 3819263027715106357
16 274 3042956830421356855
16 275 1379489622459939531
16 276 -166146812725724685
16 277 -103896783062692875
16 278 7257019541751705149
16 279 -5283632296051304873
16 280 -2104491865810448630
16 281 -5824831941529031566
16 282 -8323510777010613228
16 283 -8645147097837236074
16 284 8856042928454733287
16 285 873021728350726636
16 286 2377399060963401866
16 287 -6968121800729598272
16 288 -6607106121743940768
16 289 -1108746368640160359
16 290 -5594051299080577959
16 291 5299956040244999043
16 292 565200599856196474
16 293 6286142510744032301
16 294 8222040402878824982
16 295 4687099283602541368
16 296 -8285980622476150028
16 297 7351108852897811761
16 298 1113909216875587977
16 299 -175766588553818621
16 300 4391118800904870875
16 301 -644378996444147906
16 302 4225551153640748451
16 303 7821470179343972844
16 304 -1140577077102552161
16 305 -1867638290367390167
16 306 -2153861924823095902
16 307 6663062220824897506
16 308 8608314874872394827
16 309 6670751125508927362
16 310 -1399988156860208149
16 311 1516524992393531643
16 312 7606143908974937661
16 313 -1936924432272506582
16 314 3456958263120460439
16 315 -4768251849540064027
16 316 1979253591211510420
16 317 -2752618101605423743
16 318 4322109946283205609
16 319 -2960587161245529639
16 320 -5384561180123600203
16 321 -7548459674109053894
16 322 -6353850324480859018
16 323 -6712575756533472486
16 324 1176394638775295379
16 325 -2788829034136419770
16 326 -5499210763490595656
16 327 -4252491269617926180
16 328 3445390364617728504
16 329 7716082514671557244
16 330 6031262995434194585
16 331 1734492876184535093
16 332 2638937134586270648
16 333 -752089098740216251
16 334 -3942343083001695522
16 335 -8177228689072673869
16 336 6230494820055813810
16 337 -5597772556848544838
16 338 8108426260243854868
16 339 -4569296804727122216
16 340 477778427387293737
16 341 7401104548812169704
16 342 848115649755760742
16 343 -2879423700657601319
16 344 -3512194666268771419
16 345 -6951271993080211569
16 346 118389657896061286
16 347 3330704958503475714
16 348 5861300164053503990
16 349 438673018670343040
16 350 5214514009681848049
16 351 -5741341876515977583
16 352 572679280221153274
16 353 3858950435161069067
16 354 -4839387605602603469
16 355 2258270797167179433
16 356 8646243866630451413
16 357 -4255996701723660707
16 358 7623492010403794172
16 359 -7228621825128091515
16 360 -3654679908394825104
16 361 -7270538830517347598
16 362 -6425868238672583020
16 363 -5888062589619779422
16 364 -2690193985980550269
16 365 -8640994635482252315
16 366 9037496266961942805
16 367 -1415322513573537284
16 368 -1551967583631458721
16 369 -964563764013757575
16 370 6680553311455469562
16 371 -3728339457198947830
16 372 7120527744081802728
16 373 -3885451742463583314
16 374 -1845901108916707272
16 375 -455935926121061636
16 376 1254441553038870652
16 377 743350261972832416
16 378 7866334289464274371
16 379 -417844057917955887
16 380 -2560549909525447526
16 381 2506165647140423803
16 382 -628156125269895856
16 383 943752074099387357
16 384 439075462111615069
16 385 -39677449025694249
16 386 -7314737012795771413
16 387 4248136790486562469
16 388 476191328696021458
16 389 -7661980796247530943
16 390 7466066702132449992
16 391 298919761286130930
16 392 -1963002636515327447
16 393 -8367193056556705106
16 394 2117113013050258087
16 395 -8192196934933441779
16 396 -3810589348955144450
16 397 4988969923496672721
16 398 3734434398031843543
16 399 -8221877757148453774
17 0 -8139592804126995635
17 1 -3777195452247654719
17 2 -6916474102735195722
17 3 -2859212777670283216
17 4 -2741898496556373629
17 5 1665799035075805936
17 6 884906677046692477
17 7 -7684568022539516527
17 8 4781332416624224535
17 9 -3457679476884737279
17 10 8970546702784486275
17 11 -3411375525127922273
17 12 6151476130962996373
17 13 -8704275715098022809
17 14 5250544424836317015
17 15 -3431224561904127923
17 16 -3432791482260664125
17 17 -1317038995291691620
17 18 4519891073730833305
17 19 1322026987634039996
17 20 -2910135546973904767
17 21 7593095280905135555
17 22 -426695009621932171
17 23 7281506235716583927
17 24 4641376747215909526
17 25 -875029914867908491
17 26 -3366014166908374635
17 27 6504152603986153755
17 28 1701409002166715985
17 29 7300522955959181059
17 30 -1784511053530385033
17 31 -6384157641839159126
17 32 8458509377218172278
17 33 -4176014907309947325
17 34 5990110419166112862
17 35 -7857759243258693655
17 36 2933381216650628881
17 37 -4643360870794478910
17 38 4500006256904498210
17 39 4846844293866594343
17 40 9015037805824077536
17 41 7278655355887322896
17 42 8296911916063219599
17 43 5081886914003179915
17 44 -1524443476025633620
17 45 -455330150964171283
17 46 7151898151619250699
17 47 -2154634012876249604
17 48 -1100718864915565199
17 49 7168493195825939980
17 50 -6171273670453929310
17 51 5697423357635134464
17 52 -930306637336767879
17 53 -4832016373430459138
17 54 3047018687018939315
17 55 1315587479703358689
17 56 2583702369255396289
17 57 4283474730596722194
17 58 -5038924325379431813
17 59 -4549068606463730431
17 60 995043544838008370
17 61 1823701148451671910
17 62 -7543360756086246427
17 63 2377938853602643146
17 64 9118593458143095569
17 65 1177926389356082000
17 66 8427945169146272844
17 67 -2421859865249251357
17 68 2659200391860851382
17 69 -7900394683971453876
17 70 -4286354768281389515
17 71 4315445980292184912
17 72 1531894333765886497
17 73 6652016093540264042
17 74 3530375782014987372
17 75 -6896183790275402038
17 76 8099632188076499736
17 77 -3712005989520270916
17 78 -3981090465718108286
17 79 2754906022600729028
17 80 -5873961869737392986
17 81 -4671169374878093559
17 82 -921264363060603451
17 83 -2503506667337292650
17 84 3677090952084484408
17 85 8940865447279508136
17 86 -1999531028115226776
17 87 5215896001888547147
17 88 2785544518456868734
17 89 2211575222027440763
17 90 -6511023854124584801
17 91 5911326677331841087
17 92 4811366227427003002
17 93 -8266525756212650265
17 94 -3388696672766603639
17 95 -5026457201612098235
17 96 3534634569383784158
17 97 -2654500388967282686
17 98 2515983140083253228
17 99 3661020986069582421
17 100 -7132963910406401292
17 101 -6204144420117839716
17 102 -3533478411054345080
17 103 84456531698685606
17 104 6314146980035120188
17 105 8950716713103637353
17 106 3995014156711064024
17 107 8560356002469454815
17 108 -6736169502089412187
17 109 2819118255720045123
17 110 -7295157564373722870
17 111 -7446815895927153493
17 112 461950689591407796
17 113 -8635088938591498394
17 114 4655896482628845837
17 115 1424773062473517646
17 116 4189315474601807300
17 117 2591137931349795750
17 118 -2684837107814044805
17 119 -2209435672763672117
17 120 -2436094011316408902
17 121 6330810508051224335
17 122 -8013072191583136963
17 123 -806094297639664442
17 124 -7325672302599158069
17 125 -7853916178705669789
17 126 194232889720777257
17 127 -3474276725797804098
17 128 8228757002415793291
17 129 6624011714004758429
17 130 -8568825872999890638
17 131 266283024509759370
17 132 3569610730062489657
17 133 -8597883598558894017
17 134 -5055013173460216171
17 135 4031166335969543904
17 136 2423505063521269498
17 137 -105941618651211107
17 138 -8242291437221536022
17 139 2138709259800430401
17 140 7040777117265869944
17 141 3672519306377458011
17 142 1441580141112230695
17 143 928587826207823397
17 144 -3827408341196472117
17 145 4880734643678301221
17 146 1866890947014080607
17 147 4437925401249551223
17 148 -1316274209104196714
17 149 -7542252842888214563
17 150 -7581863527199275097
17 151 5576565322708846056
17 152 -3742995498693628140
17 153 -7426201712026482610
17 154 1966990235094348709
17 155 3055276502600880356
17 156 2620758532949552178
17 157 5845406961376927757
17 158 4888054681519967023
17 159 3869123604250122167
17 160 -1470141168311099154
17 161 6431121605275395656
17 162 3461734985706452669
17 163 -3950518883293650296
17 164 -637309111088887715
17 165 8769595190378646898
17 166 5755942279706398497
17 167 7275641371103230645
17 168 6327229819373229324
17 169 -6386349368077194362
17 170 618306666011543695
17 171 -2927777218208077871
17 172 6081960047245280558
17 173 7281767563226434122
17 174 -5517909161736776431
17 175 -5944013420213811401
17 176 408004097895756896
17 177 -2673566590830930533
17 178 2220231325771485462
17 179 -6858393774773064919
17 180 -2330881326798757836
17 181 8379966808555324644
17 182 1690388063183066316
17 183 8872944165045094402
17 184 8339515927642472112
17 185 7633778833023715115
17 186 6926887223671089308
17 187 -213812180241046932
17 188 -9108877935030045935
17 189 -3741571674914477886
17 190 -1143200404610799340
17 191 -1656520758986073494
17 192 -5227546983139873005
17 193 5105874848761165331
17 194 2630861868199925025
17 195 -5324354646875003416
17 196 7690712620548761730
17 197 -6550061236465738699
17 198 1802102740573041778
17 199 8681700776511960194
17 200 -2235447068068750090
17 201 4580225298402669782
17 202 7623739776576685076
17 203 -5461330002603388247
17 204 4494687271579912903
17 205 4700253815037542102
17 206 6618156514530417933
17 207 4123151538689076834
17 208 3485503130782366075
17 209 -8489163833893940858
17 210 7195511073159883576
17 211 -8945394685174692683
17 212 -5413904058533317624
17 213 7435172103108585688
17 214 -8033555277438352320
17 215 -895269618703819927
17 216 182900862760225683
17 217 7482679426731022064
17 218 -3533234625027768685
17 219 -7444842680954116649
17 220 -4447626851710291252
17 221 1883437030775376113
17 222 -5518978236758895372
17 223 -1860845724856077478
17 224 -5940786421446905956
17 225 -1320763969067925041
17 226 -975404968462873113
17 227 964997716694448012
17 228 246014740284010048
17 229 -8240802966725438778
17 230 -3971743792040663184
17 231 -3879223193774891975
17 232 -4833329743982648105
17 233 -6932850380107645109
17 234 5338041624342624865
17 235 -6650405197002684726
17 236 5574563525273445191
17 237 5156536853729253876
17 238 968382130519723159
17 239 -1215912004181258666
17 240 7636467695584238623
17 241 -2730028569726457907
17 242 2397952335232430475
17 243 756322253716099190
17 244 -1511122495959812021
17 245 -7472862314347009751
17 246 -2148922443514818464
17 247 7519738443740349039
17 248 5994232357948981450
17 249 -2738732755630317913
17 250 6045355944023318831
17 251 -8665830435754287236
17 252 3360403357851804283
17 253 7161677346646440284
17 254 -8109742263573088284
17 255 7512318434992022848
17 256 2268030829530311493
17 257 5012365449984484306
17 258 -5982343433771600542
17 259 3503247285976312682
17 260 709100987016350512
17 261 -4582443910095009144
17 262 -5309020471273813516
17 263 -6904018481623130689
17 264 6133842776928519756
17 265 -3319169546017113036
17 266 -280090617146592567
17 267 5932375873489075996
17 268 5593292226854351925
17 269 -8167201828494133434
17 270 4126481248664836683
17 271 5131251788559101334
17 272 9139344381874564491
17 273 -4141786331972076003
17 274 6327907273895539932
17 275 5441932558546318910
17 276 -7800969347961412848
17 277 3899084135214902891
17 278 4819261116719759124
17 279 2335504557093190481
17 280 6914357845203969415
17 281 -562544872355128106
17 282 -3594509105894079746
17 283 -2062838364658964506
17 284 7309489430642418399
17 285 5052715974531296133
17 286 4666628508433931876
17 287 -5234976609730493639
17 288 -2612530182626934293
17 289 4407184076455777942
17 290 919972167304613568
17 291 3392590767809891176
17 292 -5842637626251519424
17 293 3879773938508616738
17 294 -7157474883847960081
17 295 -8016137094701740655
17 296 -5525027679978169604
17 297 5711398354606635511
17 298 -1010108401796926415
17 299 696689575939548641
17 300 5580528446225492617
17 301 3309658197852595163
17 302 5553845309257753092
17 303 1042489159319820309
17 304 1109784055285103446
17 305 -6531399000652805586
17 306 8635952733386041946
17 307 -6628708843843332968
17 308 -4471019566905032687
17 309 7397811627846722154
17 310 8423314748672926351
17 311 -13751376138457036
17 312 2771530031405481067
17 313 -5468768947862721220
17 314 7637650873719435038
17 315 -8951973909198153169
17 316 7207203407299879616
17 317 4294269907184886068
17 318 -3073365710805472228
17 319 -2093931432849634085
17 320 5819494507107276259
17 321 1993857965671826357
17 322 5621011459450079568
17 323 -5110513054107360313
17 324 -2973767276165288543
17 325 8471700373512670638
17 326 -4346252056239129917
17 327 527300922540492492
17 328 -5724391761196125401
17 329 3390892402814195362
17 330 -2226680011541744672
17 331 6628894979142620054
17 332 -8988617466782833944
17 333 -806080229649869770
17 334 5582534239519536618
17 335 8851174521085637644
17 336 -2662529939154743198
17 337 8991022403858142710
17 338 -2232218122257779672
17 339 -8852543943026755769
17 340 -688844574320391985
17 341 4314967495176265541
17 342 -5069153887996961128
17 343 5386578344990488020
17 344 -8056122179775532107
17 345 -4001822606634063549
17 346 213750859234354424
17 347 -7867929723150098749
17 348 -8824969117493498947
17 349 -7027930102661571287
17 350 -3512976344844595766
17 351 524128617180411258
17 352 -9173236304088380281
17 353 -3308579565573941038
17 354 4837023079610266341
17 355 8995465390211744317
17 356 -954539668569891876
17 357 7206315913612423667
17 358 -6167752578129960639
17 359 1047688501535201236
17 360 -4543413686068726834
17 361 5348806001908071349
17 362 8932230491705747816
17 363 7497091892018990576
17 364 8905368607367495457
17 365 1316512360069541313
17 366 -2062627792375086069
17 367 -3781665933861979511
17 368 2287857519589170165
17 369 3150122535389022878
17 370 2925774280233374783
17 371 8157101858645949467
17 372 4579476252274841794
17 373 -8307984821204143618
17 374 3570532460249566051
17 375 -5397123609868151292
17 376 4024857839666028300
17 377 549898257104938133
17 378 -4955533484436390023
17 379 8839483475651725936
17 380 -8498354153411409344
17 381 -2553435361436981253
17 382 -8006789021197930963
17 383 -6606422926597065845
17 384 -89578535290882911
17 385 2407596967521758773
17 386 1177830081378816257
17 387 8711037505656895412
17 388 -3162136060502580486
17 389 5207012511761764891
17 390 -8213455196049718788
17 391 6013008786857121862
17 392 2151813040044549283
17 393 -5832023540283009691
17 394 -8018428048281298354
17 395 -4113344999366865255
17 396 -2766428892041500311
17 397 -1182062510769985142
17 398 4885609580651763358
17 399 -3051444430624757760
18 0 6600989411288165448
18 1 854394989719615880
18 2 -8121138451579920847
18 3 -5341405312429159507
18 4 -7309819487483928219
18 5 8359114004190000577
18 6 2237160006210508493
18 7 -4720746319294564335
18 8 2540587680453082380
18 9 -3481662837890918270
18 10 -440240656234708198
18 11 -1064319584621460335
18 12 -3710298823661607169
18 13 6942094565747971010
18 14 1182431351756345913
18 15 4004707808416154452
18 16 -3476357665741878682
18 17 -7547615810162699116
18 18 -4970763018352434499
18 19 -937445565176418641
18 20 -4913469326997871767
18 21 7372475172747517873
18 22 -6446696945898375526
18 23 1314551805061310081
18 24 -6377749879033262185
18 25 8586448212091679986
18 26 -1761562243095626190
18 27 -7286125265468071807
18 28 2771057343589217516
18 29 4550356962797068762
18 30 -6266372862593098114
18 31 7845330896467703089
18 32 -1420580250490364019
18 33 -2159675251027794289
18 34 -2875846293130302934
18 35 -3154565374482137253
18 36 7479714264428547682
18 37 -3731693639076263000
18 38 -8498624759351805167
18 39 -6253781390317080557
18 40 2305990319808357205
18 41 6691445413279352230
18 42 -1399534627215942079
18 43 8254271264105691338
18 44 349066880615583623
18 45 6734334242870314151
18 46 5883757963734256171
18 47 -8801703689145769007
18 48 1930854550241762434
18 49 -3810283454687543081
18 50 5777662310830692981
18 51 5214766965928142534
18 52 -8605010140035773989
18 53 -5985517723728651964
18 54 1283446784146837243
18 55 -5219023104582019267
18 56 -7049044739598035072
18 57 600992004876488365
18 58 -2701445421335758938
18 59 -6959969847690564382
18 60 -1584051187897675775
18 61 5606874471274650920
18 62 -5635754140722588927
18 63 8433967907831945406
18 64 -4179430243416620426
18 65 -4934849509785154761
18 66 833193389049848451
18 67 904347197139269057
18 68 930389624065405147
18 69 -8070996634781877353
18 70 6156592431014628875
18 71 3639460910049695790
18 72 2702135234737952391
18 73 -1510313094645166228
18 74 4801148365906673690
18 75 -1815077990837376585
18 76 -8028705843528907370
18 77 5025713069830648904
18 78 -2967814592926180906
18 79 925755302493052061
18 80 -4414576669025353282
18 81 -7318925055946650707
18 82 8571168242557633681
18 83 -4784896339980313593
18 84 -910557266169343830
18 85 6271337462911640535
18 86 -2187281618870148318
18 87 -3705670941621219709
18 88 -3167181048108408758
18 89 -5709456535040387143
18 90 -6453532702193304894
18 91 9012541958042385932
18 92 7780792669737273834
18 93 -3554253197697953578
18 94 -3373867204664114274
18 95 -1009883213392100589
18 96 2676343828235853691
18 97 -4748964047560950553
18 98 -6966340843124227190
18 99 -9166640975810488897
18 100 106333372172723971
18 101 -2037860167008245507
18 102 2880022287216957473
18 103 -1681226368697156220
18 104 -8091769131844514225
18 105 3466387033400316279
18 106 4432155386983651076
18 107 4234847200153740803
18 108 -7729515311125635376
18 109 7058018047530822405
18 110 263505398846680047
18 111 8259824891948383695
18 112 -6694316092343568797
18 113 5040217280414389317
18 114 -732302805990888628
18 115 7748197028170383169
18 116 -375218879385172511
18 117 -7397000120574641208
18 118 2038478761825386275
18 119 1834304529508578530
18 120 7072607882818154770
18 121 6601562307687530329
18 122 -4152675825597509333
18 123 7796289634967710764
18 124 3467380729530151694
18 125 1831815159540096381
18 126 -602608345681195716
18 127 -4174924681925006888
18 128 -6234556599277372337
18 129 -2843923985185782579
18 130 -4156196977204377042
18 131 974418409706631426
18 132 9099533949701253102
18 133 -7568478804615504210
18 134 -693885372921499883
18 135 2261119676041535542
18 136 -4441469559141690226
18 137 1286591786444246787
18 138 -2834654236166837180
18 139 -1878838094839610230
18 140 4252240107491272157
18 141 4950757105462398285
18 142 -5215917546157473679
18 143 -4931250727731583304
18 144 -3290821128919273720
18 145 -8625644343485735705
18 146 1017183506455488442
18 147 -4097337477617376266
18 148 2318058494297990439
18 149 -1835358745555941705
18 150 -9070220017073978056
18 151 8314349056505958892
18 152 2126247499833976731
18 153 -704073665481760177
18 154 411622474515669338
18 155 1711616149019289660
18 156 4985229886289228737
18 157 -2265077355085577135
18 158 -6601449439177629983
18 159 3029012455928473264
18 160 -4210366150288928536
18 161 739940536396012142
18 162 -7753228791899955194
18 163 -2936762053598428765
18 164 6347974627133420279
18 165 1966458074496557458
18 166 8150767286355750595
18 167 -4845157534856130110
18 168 6003032630125950305
18 169 5810933028995907737
18 170 -5926646459214314369
18 171 -6545352494746436370
18 172 -4425831906859922918
18 173 -6700188323599532603
18 174 -7168503053708771144
18 175 -7166791011404611129
18 176 7749012586425248169
18 177 4143059568230761454
18 178 -3082258544043364732
18 179 2291032103931994217
18 180 -8083710540607289501
18 181 -8046201463746073960
18 182 4755908240957497387
18 183 1985552749328528079
18 184 -2302058647465444979
18 185 2604691094531065267
18 186 -1762971701553676582
18 187 -5155141211226545920
18 188 -3197256157054712948
18 189 5450692408909392643
18 190 6163826778308623778
18 191 -1695060982194970382
18 192 -1243089810500794110
18 193 -2444987682557378543
18 194 5924877183855757971
18 195 -4745873183263836461
18 196 -5714639252294876855
18 197 -3673621121734941669
18 198 -1547566295709396665
18 199 -4869513126201730226
18 200 -3876420376875983309
18 201 -5099455437304933447
18 202 845658366275341260
18 203 1941126212955010476
18 204 -3179144730104940236
18 205 -596965418966985873
18 206 -8253291786468830808
18 207 -8489135814555139829
18 208 8850067785633509392
18 209 48516186162511716
18 210 -7467847807363499081
18 211 8979504782577876897
18 212 5943606115727509317
18 213 -1896645325440631736
18 214 6530448853959331453
18 215 -6682904846290877678
18 216 -6348786304825460350
18 217 5746864491687432777
18 218 -2231569194582621980
18 219 3091874329063751273
18 220 -4249663090194787934
18 221 -6440099006351870778
18 222 -5808725740577479237
18 223 8298973416555214207
18 224 -2364169634646510704
18 225 -9162851807969772202
18 226 8924493103149576622
18 227 7551210657288305582
18 228 -822165320404202099
18 229 -4068548412874489932
18 230 -418520935293933364
18 231 6954529085396878885
18 232 2808565034370073120
18 233 -1989746276708482793
18 234 5396430597626772273
18 235 6286588368369466670
18 236 -7010754767549647237
18 237 4328902470710962055
18 238 -3083614917075012046
18 239 -579944204301881444
18 240 -6307038033492971547
18 241 5736861055599912791
18 242 5270246382935011495
18 243 -2343376714877556937
18 244 -8806813055499262719
18 245 1594943425352578682
18 246 4687550074291566841
18 247 -4612321371190117751
18 248 5119753305099738488
18 249 -461881621973802093
18 250 8462098101250838858
18 251 -6498506627322534698
18 252 -6501525407071044671
18 253 5213597009792866531
18 254 1212983597686453386
18 255 -3689688433344549706
18 256 2573291428345004038
18 257 -4742021572881302680
18 258 2433203608241879015
18 259 2234518341049733206
18 260 3199219746381845549
18 261 4343396050539235737
18 262 -4259700790907478891
18 263 8910915112691699106
18 264 7344425271561413404
18 265 8615858537222653596
18 266 -1612669808719417478
18 267 -8025764593602771147
18 268 4674478374019182524
18 269 -1390995434121972400
18 270 2745659279338294927
18 271 8921183696642823815
18 272 9129718626736003026
18 273 -1308598686326186030
18 274 -3290256452702966993
18 275 1430504654521900405
18 276 690992652957525915
18 277 -18504579761356488
18 278 805991199057947506
18 279 487950229555841725
18 280 -3166347604325132635
18 281 5323013996103083931
18 282 -913960740954016253
18 283 3694987025590334512
18 284 7941357079148807353
18 285 567497121113159999
18 286 4713383385474260896
18 287 -3778151669639354456
18 288 -5120082199391572321
18 289 1520453055244690260
18 290 -9031669096913273949
18 291 1237009530249553781
18 292 -5073362728809302945
18 293 5325596004239965970
18 294 8968297918501176095
18 295 6162751759482480117
18 296 -1774827966429413503
18 297 8630420671389384272
18 298 3909541343713703157
18 299 2324813417415561642
18 300 -8179296797673543893
18 301 -1457250109822824432
18 302 -3150663869294547523
18 303 3511700559478445132
18 304 -8336133628763389347
18 305 1307775823601518609
18 306 -2090242091878854445
18 307 991656350739936912
18 308 -5024897183476554584
18 309 -5491768265118321247
18 310 4938110941442949289
18 311 -4103757870931371381
18 312 -7105797686968055353
18 313 4472350514938100958
18 314 5144781550807208395
18 315 -2896758853502715007
18 316 4710200875394335779
18 317 -1888605297542736413
18 318 5204593686332127842
18 319 3096528478645403158
18 320 -2347444574992027255
18 321 -1441651462275945097
18 322 -1342156828582147526
18 323 -8556525403192079589
18 324 -229709144631899002
18 325 -5512158734161079293
18 326 -2614162851624723514
18 327 -4941319437093969179
18 328 8286096077504592320
18 329 -836380449371987516
18 330 3275665326426733927
18 331 2798275561831269915
18 332 -6191499083561582566
18 333 -1585014129680010751
18 334 -3865999244727448601
18 335 -4963834706679468404
18 336 -3141346698198817067
18 337 4630156628924468558
18 338 3828459909719697324
18 339 4983006588967501709
18 340 9116249455935896617
18 341 -2656035850755008545
18 342 -411446400514188976
18 343 8857583674599809699
18 344 -167984842520066170
18 345 -5151567036691909871
18 346 812718800378315056
18 347 9221874880851123786
18 348 7271240702537540961
18 349 6950132646441915012
18 350 7626499215384235801
18 351 8003098906681927548
18 352 -5726026848332147175
18 353 -7457298595628589067
18 354 -3757331049067523768
18 355 7306779550318107632
18 356 4130258057471756945
18 357 7231451535063402798
18 358 -951632754733929368
18 359 -4059736658030481778
18 360 -7165844624253675620
18 361 -6742588536912343348
18 362 -6253065510594954858
18 363 7164109849740211639
18 364 -5170209233751302008
18 365 -1402050004673900232
18 366 -962961133396812688
18 367 -1866485240623445886
18 368 6609928364444038899
18 369 -6401686230021591277
18 370 7339933124149398626
18 371 2423633727905459531
18 372 267672551817946379
18 373 1580849385658516727
18 374 2016847761399620947
18 375 6792247706561248205
18 376 -5478567283110348740
18 377 3877450135332350616
18 378 3160528041352000343
18 379 -8508499653423315137
18 380 -7304577001525022874
18 381 -5081115514750698365
18 382 3607934724780503649
18 383 -7327876639584835596
18 384 -5325653371208059711
18 385 6909261057126919075
18 386 545148864648909473
18 387 6357706727609849976
18 388 -7014984413349046447
18 389 4907017300085006687
18 390 -1856711722376876624
18 391 1020762606501027072
18 392 -3028913973548779454
18 393 -7622210631154586136
18 394 7048166167250453843
18 395 8775631966190158695
18 396 4641139011246237984
18 397 -5876926849153880462
18 398 3975593255046840349
18 399 4628241657077841087
19 0 -2080517197924445517
19 1 8757525662503261450
19 2 -1544891068252775524
19 3 5114800197412125585
19 4 -1743787921622427390
19 5 2245630344265011063
19 6 -8270918248520272574
19 7 -1897626937434462191
19 8 4985520992040503491
19 9 -5996451781787800777
19 10 -1184559604760636947
19 11 7537713996053939826
19 12 3655212129555780605
19 13 -7550793300830040157
19 14 8516663514842042779
19 15 -4254434047714976002
19 16 -2025405638092653671
19 17 4574559051849435840
19 18 8413786792897125073
19 19 -7743525943472589928
19 20 251124564819825655
19 21 5094312950036769742
19 22 2497676825510615003
19 23 3719773552049640411
19 24 -2469263213095824029
19 25 5644871023075332782
19 26 -3114420118647641928
19 27 -6691363779465094095
19 28 7274476950625939647
19 29 -4274227412248713605
19 30 -2498275686772751281
19 31 5241839722493024434
19 32 -6130898740046475958
19 33 8120201895032933374
19 34 -7219314952021906736
19 35 -552464117725005311
19 36 -8300636711451625077
19 37 411151070426588201
19 38 4986150072677643300
19 39 -8564553070345147337
19 40 8107771789630002592
19 41 -978202077202597834
19 42 -982287321135362147
19 43 1871700607251009613
19 44 2482600688772170857
19 45 -752527979911571372
19 46 7033275287986353517
19 47 -7655815828502051235
19 48 -5464690434234018927
19 49 -3769885108975662834
19 50 6293798460402392467
19 51 -7195731256344949032
19 52 -3970114664504705941
19 53 -4886653373437797975
19 54 -1830400359757498911
19 55 -7297175932753551197
19 56 -1139953132903585775
19 57 -7727881466986516932
19 58 6453569209145573104
19 59 1341468355926761213
19 60 1276871374945170707
19 61 -8185155455581742509
19 62 7211083124098476867
19 63 2856762795879134038
19 64 -2003032346224167332
19 65 8560077507504243049
19 66 -8843164233104533916
19 67 6730910028978627832
19 68 -2663703746114512001
19 69 -3555772746228884947
19 70 3904214020972171083
19 71 7671421654797387124
19 72 2721812702144496281
19 73 -6294829313593320702
19 74 3655798620274811048
19 75 1685001012292640718
19 76 6877972812103722451
19 77 5373878311533434466
19 78 -2068688037582213337
19 79 114178350712667610
19 80 8892789796309857493
19 81 -2155969138264962402
19 82 4962514543689747752
19 83 3327628812990285776
19 84 4909755445056113968
19 85 -5502935347772280586
19 86 2035358788946750737
19 87 8789085690594853719
19 88 -910248744599213244
19 89 -7843615165403592417
19 90 7552053388473171162
19 91 -768334177980274911
19 92 -1906202458225118641
19 93 -687641547481229962
19 94 -6379003038593522187
19 95 -5371245510382229152
19 96 675718306555635360
19 97 -384639527015922691
19 98 -5918465225849493244
19 99 -7862426369669420180
19 100 6330724535942408162
19 101 -6028892980967739751
19 102 -3253974601343839882
19 103 2819882044082085003
19 104 9116234305170609776
19 105 -6153297837942818604
19 106 61323808502610544
19 107 -4237958289717035196
19 108 -8523592100769032589
19 109 -6821814382967694665
19 110 3765680183206634341
19 111 3510972844996497239
19 112 -6583567506202651899
19 113 5328022368000490875
19 114 3211474396054781910
19 115 5112781867099778208
19 116 -8787129824306661139
19 117 1504702956423237329
19 118 -4466088027493317674
19 119 8784574691226350190
19 120 7372917335747079150
19 121 -531146674341554098
19 122 4150371608048400265
19 123 -2288270224755735637
19 124 3428597236461216761
19 125 7283997166930674297
19 126 -271083041073831721
19 127 5114791601601034085
19 128 66158224060200720
19 129 728148015944619341
19 130 -4714694581504735800
19 131 -265782169053702822
19 132 -6959575853914609459
19 133 -8817388641034360833
19 134 -6641570879346887996
19 135 1613625241161170389
19 136 -2248418595950860351
19 137 -207407435326686376
19 138 9052251140076988884
19 139 -2120481777626102810
19 140 6462972257770375018
19 141 -1843773640379772433
19 142 -4251042088872391793
19 143 5900047065737527289
19 144 -5169448084497493536
19 145 3844039706231187317
19 146 -4493121579530792179
19 147 1996984572960572068
19 148 -4555384187818916161
19 149 -1713043100168294067
19 150 1437560274145910381
19 151 5478877927046186332
19 152 -5701497995935416337
19 153 937363121281808088
19 154 -1471062077977568460
19 155 -3005430334735065177
19 156 -1818303573419570373
19 157 8111271597667385280
19 158 -7151070966672997541
19 159 -5193273652867949298
19 160 3481552289807882225
19 161 356339553782887275
19 162 -1734395049576043302
19 163 -6242924148920071589
19 164 -5960475174736908011
19 165 7373500733228639127
19 166 -6606936305663054891
19 167 452858904575314741
19 168 -789011407985905022
19 169 -3391480903121512282
19 170 -3103027800170413652
19 171 -3728340742916496057
19 172 8247391944311288580
19 173 6486282860914211775
19 174 -2624472171869764944
19 175 2753311360671473860
19 176 -7311856340623466748
19 177 -3318939746319608188
19 178 8046715899236335692
19 179 -5495392579205758676
19 180 2284594912730327523
19 181 -4220944061332462064
19 182 3410244744000812609
19 183 -2175512352977365148
19 184 -305960687286412331
19 185 8123728331873665187
19 186 1441492236138142819
19 187 7277547844986154555
19 188 5885764407182169949
19 189 3096381251451102808
19 190 1449148597402951075
19 191 1135656924067227600
19 192 4277753072189991589
19 193 -2381403859371204056
19 194 -6397316702374619200
19 195 -2377163436166593166
19 196 -6777373216866312612
19 197 -267001326292354800
19 198 203944963773556622
19 199 6683199261380863119
19 200 7964996617866788219
19 201 5942280701435806347
19 202 6114962215357800402
19 203 -7097520208548990657
19 204 -2101639795244531466
19 205 -3695124515374497381
19 206 156575224930610775
19 207 -7184349346139092658
19 208 -7091195203376394220
19 209 2443570789491635934
19 210 -7604307728922963915
19 211 8577402580125848107
19 212 4861324152592797108
19 213 4467599924903067441
19 214 -5837077458870883219
19 215 -3670273169450366862
19 216 -8079808795935041776
19 217 -934171106985771511
19 218 -7092119629153557395
19 219 -2625274532038252233
19 220 -3145394265700887955
19 221 -4221562135314657955
19 222 624689266259754909
19 223 7966380893430573689
19 224 -7407319289819975942
19 225 -8278145157334908966
19 226 8298439313019145425
19 227 5512629005001454969
19 228 3941896696095879755
19 229 1130581315164061948
19 230 -6081619883880973650
19 231 143860260669906079
19 232 6859208985869483845
19 233 7409671037881487773
19 234 9009099506049442024
19 235 -7706354199712494513
19 236 -3792977256609305323
19 237 -972019712776490342
19 238 -4728129613514106543
19 239 6999441637899331900
19 240 -1457382048813513409
19 241 15245269813549231
19 242 -5232148515694726573
19 243 -1065589098758397151
19 244 -5808215321232446833
19 245 -3853937921849880386
19 246 -3836426944479541833
19 247 4971249332822342862
19 248 -7165427130702761018
19 249 7536085810469626362
19 250 168494161869014116
19 251 1805730824963748584
19 252 7630051876137796923
19 253 -4127895879543496639
19 254 -3338999268729474444
19 255 4587262414088017823
19 256 7105417102153127598
19 257 5719228786574487769
19 258 7125624190099989759
19 259 6513840031502930066
19 260 5798273091404597873
19 261 2814166616887981005
19 262 -9082247423047499430
19 263 7845352238472870138
19 264 5638644378077062839
19 265 -8942407725439275548
19 266 -853041247856398817
19 267 785079152805940583
19 268 -421674592655924812
19 269 -678894890251766298
19 270 -2679876937237552994
19 271 7110747117753844795
19 272 -6978307019272495367
19 273 -3862508448692325498
19 274 -7437278775688700799
19 275 4693190067386156029
19 276 8243895813971408364
19 277 4399341911600874225
19 278 1963950497831302689
19 279 -6736444268829886224
19 280 -1247813047686060495
19 281 3069004444438987280
19 282 5465289037930852136
19 283 5951977733106275282
19 284 6509529283213844834
19 285 -4537106654957401585
19 286 3486759188253596933
19 287 4181512808431499824
19 288 2878032818940817776
19 289 4901306090108775397
19 290 -4390403465885473109
19 291 -843217318181803333
19 292 -361416070833867150
19 293 7251486947953283224
19 294 -975825640471890527
19 295 -6861877999214445463
19 296 397938975709613408
19 297 -8801492212900116598
19 298 6542563730848343098
19 299 -9103207506174978099
19 300 4712367984348614243
19 301 454985945938940880
19 302 -3143077514522279536
19 303 6982238815744247537
19 304 439281280797934147
19 305 3448250437449286304
19 306 8590070674619016813
19 307 -7299786221408861112
19 308 5486111999455877853
19 309 8174862922590509250
19 310 -4857227068379896719
19 311 -3287645772512572940
19 312 1570439085904032630
19 313 907817451721910112
19 314 -6554674384548338657
19 315 -2836868940840420038
19 316 -5784884323933508063
19 317 -3452619046542581502
19 318 8636129544834668880
19 319 -6226104945584936716
19 320 -6486657544475167758
19 321 -7447699487910358720
19 322 619935413141894498
19 323 -2186141910972891999
19 324 -1487582491235314243
19 325 2988721477183153495
19 326 -2364100625840006474
19 327 2477266850547441088
19 328 -6570421585069628780
19 329 -5655186421105861669
19 330 3661862088967852068
19 331 7255845143507810265
19 332 4695756071889857089
19 333 203139147739806155
19 334 -1355706067102111148
19 335 -3186313964781369508
19 336 3466916562108644024
19 337 7997152477636473827
19 338 5041270063802222844
19 339 5765124685796580631
19 340 1922374406423056868
19 341 6307640750801592906
19 342 -4908764536579024396
19 343 -6799715012507748221
19 344 749311460012723205
19 345 6953973710071705211
19 346 -5148082491620279737
19 347 -7996027533268902540
19 348 1618097128656241538
19 349 -7527038753713997904
19 350 -2935309623532267407
19 351 982927674383311010
19 352 1200777636525146059
19 353 4730155821768914892
19 354 672084465824557646
19 355 7704971225213389882
19 356 -8190163549301410005
19 357 -2118447407303508118
19 358 -5715117874298484235
19 359 -8331762859081885652
19 360 -7669052530155361567
19 361 416202929972848610
19 362 -4084096250687955662
19 363 -2652996519385933608
19 364 3245272423049470287
19 365 2743385553687510763
19 366 2215636065861224113
19 367 -2034585061466701902
19 368 -451037822120453525
19 369 7791327741277801793
19 370 5191697868657650551
19 371 -111981428407894259
19 372 -3802025814387712903
19 373 6273103124526023788
19 374 2595531130796611457
19 375 -6952896625064403509
19 376 -7643314423224573568
19 377 975389540664426481
19 378 6403743120627589880
19 379 6567675192427677856
19 380 -3355449501832267830
19 381 -1346780194332250948
19 382 2048605599781811993
19 383 -636904305258609574
19 384 2837179636844021560
19 385 1460135517478378377
19 386 1771192667537989658
19 387 -844672004812894884
19 388 -1860052830157434254
19 389 -4796209799961715874
19 390 7671239772635511066
19 391 4493394680304388727
19 392 8414613628851749714
19 393 4616520629005069125
19 394 -4653985076367535414
19 395 -4378624219298988498
19 396 -7291948731463551327
19 397 2227082592611183040
19 398 -5025810282228271697
19 399 -7165190367118628696
20 0 -1598925744875601942
20 1 -373527649646237728
20 2 -359460585495660408
20 3 3541160381731249639
20 4 4378257308715458730
20 5 -1332285236911243067
20 6 -4133361933797901446
20 7 2496988399101999502
20 8 -517118147830855293
20 9 4676333772314711460
20 10 5315035106022668989
20 11 1515835791559439028
20 12 1821289272041722943
20 13 -8256964982803979525
20 14 -7173544827258802967
20 15 1200490080889607961
20 16 -6389242256040979884
20 17 -1336302098851864118
20 18 -3304272122806732436
20 19 1699633621408680487
20 20 -5847219600406296952
20 21 -8530806917476990632
20 22 -629752256887873725
20 23 4526431860115699819
20 24 3836737077456897049
20 25 -3506449778934340264
20 26 834854809921008078
20 27 7045644449490917978
20 28 -5158148782558373443
20 29 -1518228298356130665
20 30 -5520195173594137398
20 31 5004083080269183129
20 32 7441007645283085323
20 33 1065858136468390510
20 34 6947824615350852468
20 35 -1462344888848612314
20 36 -169850704341021034
20 37 2076633809498343310
20 38 -5888286462872904261
20 39 8273652430719115016
20 40 -2588743067211489633
20 41 -8153397094936342538
20 42 -8651145778868420656
20 43 5821221758259825630
20 44 572651034251764267
20 45 4695434131121505510
20 46 168262998098591849
20 47 -8763335802236622640
20 48 -7215542297072023950
20 49 2805908369800026552
20 50 5810003169210414001
20 51 9056097069845090087
20 52 -5814982205987390537
20 53 365751670569989703
20 54 8864748618388447299
20 55 716053221895668585
20 56 6359633166201203085
20 57 2425269234294764847
20 58 -4451519799418202443
20 59 -5060173483358295688
20 60 -2926641248639236700
20 61 3955343627296974793
20 62 4371678370976040807
20 63 -2690790456957942340
20 64 -8871987222906289584
20 65 8126874473576372586
20 66 -6707839462943559026
20 67 -1378507076648681892
20 68 4391139874746157264
20 69 8754380753794569168
20 70 1906144193442674462
20 71 -415408765775474531
20 72 7033851324725059920
20 73 1427412123076070194
20 74 3208213172005244204
20 75 -4288300449252778431
20 76 7446832495121227341
20 77 1112271477321171684
20 78 81474856677355819
20 79 8510403634835450295
20 80 -2064462955494732551
20 81 6465462016510756203
20 82 5643485293722453139
20 83 5959085983405014820
20 84 5962034533185177480
20 85 -6001084048616968093
20 86 1324163943254910869
20 87 -1823788655666443504
20 88 3249018316900409426
20 89 5952249513076960698
20 90 807160338297702412
20 91 -5655432457133253034
20 92 -9060366330668771204
20 93 9117956703528686169
20 94 -4469497264051546735
20 95 4897376390566362281
20 96 -3841609548429854472
20 97 50310401881086874
20 98 -4484307126457618219
20 99 -3363543815362085771
20 100 -5840528349257804262
20 101 968739323581518879
20 102 -3815233941244378337
20 103 6938480894575058055
20 104 5890695147124145357
20 105 -5426165249854210391
20 106 -2209455223044230726
20 107 -1640751274169362247
20 108 -7823161029032782158
20 109 -3138854067371618920
20 110 -3020549483314400003
20 111 -6464587024925259284
20 112 -3355123038752044569
20 113 -6951478136512722078
20 114 -1320223095486359840
20 115 926567609647607496
20 116 -2856495702020004820
20 117 -5077855877684013695
20 118 -991769863099679872
20 119 -2594963796052009100
20 120 1942034288712830706
20 121 -393176161281509947
20 122 5676044925245885718
20 123 8022875566945997863
20 124 8934063130784765615
20 125 2626418308863273705
20 126 -6009855483932885514
20 127 6569487907350233256
20 128 3838811276047319929
20 129 906567555883624027
20 130 -4916892497137083440
20 131 7544125835838846410
20 132 3703116342038651016
20 133 7116412163708335175
20 134 7286717231862134413
20 135 3959001352736263283
20 136 1112553234066873499
20 137 -5029782412205330942
20 138 3523242730960392713
20 139 -7338820937486080989
20 140 -8043594388827540369
20 141 2404526338924904719
20 142 4644055843879230475
20 143 -7204649735191179740
20 144 2135841680148865973
20 145 -936101477174290619
20 146 -2821440859456642272
20 147 -3563531424783230481
20 148 -6143740521442302117
20 149 -7493942106115761696
20 150 -378894367495321821
20 151 -6471469228621360896
20 152 7201518070551937304
20 153 8347755073639878241
20 154 -2205632395350119443
20 155 -7880576735710524216
20 156 8858665760778508291
20 157 -500940794964372599
20 158 -1981327462137510027
20 159 -1880041730765743683
20 160 5735380743883100538
20 161 4540457297780279285
20 162 7105654945223893685
20 163 -6893271534488203696
20 164 -3059597030411226629
20 165 7898484882102271764
20 166 3202388580537733054
20 167 5516962965364233124
20 168 436498244593863935
20 169 5506839099290651154
20 170 -4179803429778583803
20 171 -7544075572061970211
20 172 -676514376346769564
20 173 -5566927976754869033
20 174 -5017304075398865089
20 175 -7629245875126752528
20 176 1395711551696840404
20 177 9079896997443156228
20 178 2357898079888641155
20 179 -5232588754077085963
20 180 -6142889339937292737
20 181 8970889900094350831
20 182 -2191823692129469933
20 183 -6332518580433131290
20 184 8675477962131376954
20 185 -5954756424467163533
20 186 132099507791782136
20 187 -4700259049436175074
20 188 -6307049327731995346
20 189 -6419405432642331784
20 190 5975163149867576867
20 191 -6725368078421430485
20 192 1717600436586371049
20 193 8393917801656951488
20 194 -3699988728602681799
20 195 6492435588084577419
20 196 1006694071885501422
20 197 -6014724426294029587
20 198 732094109001716743
20 199 1273618644444182045
20 200 -7096781873566217377
20 201 6557564998005481053
20 202 8789854459088710047
20 203 -6224688555204300750
20 204 -5625194351702514289
20 205 -3545918757801047365
20 206 -2490649534651530147
20 207 -5180931124368489922
20 208 5139804611000267767
20 209 -8460740566294513291
20 210 1490883914595524305
20 211 -1036555739207314833
20 212 -4705482563207174327
20 213 -4373883598219472886
20 214 286420231709736094
20 215 7698354219292226170
20 216 -5321455217594725879
20 217 -5519640333343856555
20 218 -1677214926513753504
20 219 1327045796098398402
20 220 6079052444953217493
20 221 3195975368307682717
20 222 4124285862633334669
20 223 4588872168234150684
20 224 -70752648985650741
20 225 3059773619595985933
20 226 5198774317616143117
20 227 -5638245074184587764
20 228 -1920419567210179915
20 229 3120548227300910125
20 230 -75016412358741541
20 231 4790701153417797074
20 232 2549842164301611298
20 233 7785557356278798783
20 234 -7694029660956977380
20 235 2762565925566377094
20 236 7665973694055056883
20 237 4142368629474228214
20 238 -1972667498113523224
20 239 -5890867290559036205
20 240 -1113328643400864168
20 241 -952978669446988129
20 242 6836201355335610608
20 243 1931104483981783725
20 244 153628810668500324
20 245 7227808194907029564
20 246 -6342755849940555724
20 247 -3744802245773098430
20 248 -2821519186094051038
20 249 8484110374841784913
20 250 2109210478415959090
20 251 -4958970042532602984
20 252 -5888409378612375060
20 253 -886161006581062262
20 254 9173094211117986444
20 255 -8328768700847795521
20 256 4167381529839570165
20 257 -3447695020333351042
20 258 -7687095607303618560
20 259 -4162092539846354578
20 260 7826915013518786414
20 261 6639620068477027172
20 262 -5745494040412624386
20 263 -4963439286172917150
20 264 -792135914553721450
20 265 5943017327521906677
20 266 -8383373447260355714
20 267 -2485249929129053113
20 268 -5769727884315188363
20 269 -4138838436965921960
20 270 4738382615368067766
20 271 4937887023148532601
20 272 4352924801186717290
20 273 -3078601232916817247
20 274 -1977401095270634935
20 275 -1356118931004907310
20 276 -2562676868173585783
20 277 -7135644878869965235
20 278 7911443493376435983
20 279 8992681281462684428
20 280 -2052167303557898269
20 281 8627977265540348539
20 282 -1759668103380477797
20 283 -8186798878732326849
20 284 5523590046626794104
20 285 6851596517410666382
20 286 2953713503366880427
20 287 4765097421173674797
20 288 -3851786999461841112
20 289 -6205485950491517609
20 290 7895336068601121348
20 291 7932191912104683945
20 292 3360302019467051869
20 293 -2305792200527065480
20 294 6497819101978853512
20 295 5980247973941626479
20 296 374049477046287694
20 297 -5091056041201919013
20 298 -1717551162202159281
20 299 -2219772830550980592
20 300 4922478805677791338
20 301 3606549245309830623
20 302 -1907263022138136655
20 303 4787281240534899170
20 304 5704467156996556260
20 305 -2597760708963160839
20 306 -4154365352710915339
20 307 -1269217682893591603
20 308 1511511717816233807
20 309 -1090209238786151347
20 310 3940274823383010960
20 311 6948027546512194940
20 312 5450559580722922335
20 313 1879557005750303194
20 314 5050210805139703748
20 315 -9168075962955968493
20 316 -9072022544097361389
20 317 -8697637446903460988
20 318 7945670075877698143
20 319 4075848434403366913
20 320 4654484048877460310
20 321 6616041223201208849
20 322 -361191476973766301
20 323 -8207510496722921797
20 324 -7404154645262391005
20 325 -8842985141065627326
20 326 -5447859980695910783
20 327 -3016045024008135145
20 328 -4110753813124734454
20 329 -1465528236312255709
20 330 1800662007592529948
20 331 -3562117855061500292
20 332 -2602713375513724507
20 333 -399359081411986722
20 334 8010302090416755675
20 335 3643534398126001838
20 336 1499150559285201907
20 337 -5406156142981141695
20 338 3137495634738527800
20 339 -6906552150008228088
20 340 8284207373391017142
20 341 -6536537461590545856
20 342 2282367577378848196
20 343 4027905089626946467
20 344 -3018268609157790222
20 345 3571944116677453633
20 346 -2985138889538986212
20 347 -2102021292720896779
20 348 611779527601780157
20 349 -9150577198599041307
20 350 5425244827382896945
20 351 5527740176278862008
20 352 6385818803354984404
20 353 1001556992155370913
20 354 7928309131397263390
20 355 3959172384325922152
20 356 -1469394085446259801
20 357 4868288762112200515
20 358 3998828959965919870
20 359 -436273249747646807
20 360 8826401331351219802
20 361 -4841975451600532093
20 362 -6232617154335881512
20 363 -3817120924076948556
20 364 1034665497983690400
20 365 -1956000021048608623
20 366 1851202182761423698
20 367 2137009968264197662
20 368 8167893729059544863
20 369 3955299089233138318
20 370 244883858326618548
20 371 -6321731615343848054
20 372 -8622939591534103305
20 373 2316163989034326576
20 374 1138015228344309122
20 375 -3498910231030693917
20 376 395439066680553654
20 377 -5086539791079655546
20 378 -7117555536437642042
20 379 -8056741305323175686
20 380 -7893967914441108941
20 381 2996323171664419975
20 382 8687460391592622018
20 383 975848994558383683
20 384 6362738475257664894
20 385 4810999146024161623
20 386 -3953206333450129308
20 387 2454387564939512864
20 388 4752963270503412942
20 389 -29296193546967275
20 390 -6342888933004333599
20 391 7963659718016933476
20 392 -7892710260865015899
20 393 1742326384011262111
20 394 -8854553942979911781
20 395 -4833384496582930680
20 396 -217559125663952577
20 397 5558357005563852489
20 398 7805555165493026026
20 399 8339502081068086087
21 0 -6552240142158051753
21 1 -4776055935194651681
21 2 2516251192449206512
21 3 -542626135761090411
21 4 -7806335054449129932
21 5 911573135568839613
21 6 2678924315098084410
21 7 -5931666663033009431
21 8 1519217536688606569
21 9 7324127843327605693
21 10 7664728792204250243
21 11 -466051851356106451
21 12 611813016246795451
21 13 4395391190925670627
21 14 -6969728158859982445
21 15 1633435009869429643
21 16 -446614573414087071
21 17 6721007742836535075
21 18 -3144711932162266199
21 19 1589743079017659001
21 20 -7788029420584181532
21 21 317971651959356787
21 22 8215879750480847630
21 23 -8034588864426527186
21 24 8788667978265034646
21 25 -7100636387078969354
21 26 5746265674429474705
21 27 -3218169073273956960
21 28 -8027567871410866279
21 29 6988059557142752882
21 30 -4995550184843754863
21 31 -2302814770274978132
21 32 -8486125746415812136
21 33 -979300935460418429
21 34 6733392659759104906
21 35 5842798125515337117
21 36 1704419048374755399
21 37 -2426526969461267720
21 38 7845840644427416545
21 39 -7778961223147531641
21 40 -1916306771746736634
21 41 -6879586276790820047
21 42 -1249845821860402659
21 43 3925902680455701321
21 44 -8193014310760226643
21 45 -8033474531488063675
21 46 7951537386601270392
21 47 5607708624058983121
21 48 2983880267805374456
21 49 116403637317414674
21 50 8649728017266537446
21 51 1693435714690137880
21 52 3775554599240091515
21 53 -7345087885376248552
21 54 -3025761940011763121
21 55 -4341242457712905545
21 56 -8634541982458125564
21 57 -3230787949705136610
21 58 -9061921694317509460
21 59 -5310947281687930736
21 60 2508074832053547763
21 61 4575024036444194393
21 62 175821875151169422
21 63 8447586711448855394
21 64 8511157186597972364
21 65 1676344584315679203
21 66 5320521952866033539
21 67 -7444874954421787116
21 68 -511448988004954972
21 69 -2973737172893911210
21 70 -1402983466758730599
21 71 1662019007052645470
21 72 -6962112194102313645
21 73 7430729040326691859
21 74 4609890223738270212
21 75 1050726235692923740
21 76 6485515518681645432
21 77 4633847460377298041
21 78 -3462387105558678898
21 79 -2681409860254699462
21 80 621334829297662206
21 81 576657609382378474
21 82 7101371699177626405
21 83 1732456029355956321
21 84 8924353620813481259
21 85 1446524441752354506
21 86 4376375692715142543
21 87 -4493695916414952611
21 88 7176843827154867269
21 89 4242458128933734806
21 90 -3743772216167598768
21 91 -677834825772050018
21 92 -3461211413124609478
21 93 -4317838240928664514
21 94 -4941974805994060171
21 95 -2868315510600995309
21 96 -7100612744147053453
21 97 -7842805561221434170
21 98 4057017742347648707
21 99 4177126119310343288
21 100 1979284039815013623
21 101 -7924224647951525807
21 102 1382474867970703183
21 103 2811362127382237839
21 104 8704696865782933795
21 105 -4725890301191008968
21 106 -7683913615909395141
21 107 -7981260147883909418
21 108 -8699108128458189583
21 109 1848470171607472931
21 110 5581109294504381750
21 111 5847726039774077448
21 112 210521413411965941
21 113 3730668358969545178
21 114 -3307814652693145931
21 115 2179400075779354692
21 116 -441570399815818784
21 117 -8912231277226371970
21 118 -6839885538779236959
21 119 5871369274291925960
21 120 2147015634423668007
21 121 4438510830254022268
21 122 -8292823485600325171
21 123 -7072475112277147422
21 124 3835778094814119543
21 125 -3412511803073903164
21 126 1320494879029491356
21 127 -5922217979329940820
21 128 8631722278034024913
21 129 7272534146376557310
21 130 1284407982044931253
21 131 5229565126494412415
21 132 2126749266576027447
21 133 -6000343280107743645
21 134 7264274526503696225
21 135 -6274610808369398606
21 136 2163472039969518283
21 137 -6682363522506309981
21 138 -167510787723379394
21 139 8590901168303550798
21 140 4390463247574660514
21 141 -1862719548571613013
21 142 -3809982855744642098
21 143 4224052348442816883
21 144 -2509437305271172
21 145 8954094098416060346
21 146 -9177614851453437731
21 147 -6981936039067447580
21 148 5434992548398956178
21 149 6649372681243071893
21 150 5503578001472592869
21 151 -8039566778923468345
21 152 3875516053033705524
21 153 -2035772255643253817
21 154 7179062073398581763
21 155 229863563357467927
21 156 -1169966732052694017
21 157 9206025459257816705
21 158 1697296246758400479
21 159 5692958237589729353
21 160 -1884849914096983279
21 161 6272572877845825560
21 162 -5862485619276993896
21 163 -2438860031410039417
21 164 -4198067439682035464
21 165 2440859365946135426
21 166 -7846514725216068256
21 167 5662967648119235968
21 168 5749667866561712687
21 169 -3916117231015496603
21 170 -3950939784206583106
21 171 -5982014760413840801
21 172 -8428264323458512291
21 173 -2369956763500125822
21 174 3016048355760249968
21 175 574146808690464678
21 176 1933047089786780451
21 177 -8018264472398045404
21 178 -402281044910390387
21 179 -2841658138695261568
21 180 -1561175106060950327
21 181 -1243043581324975340
21 182 -9109423439952806552
21 183 2293563907139034255
21 184 7719707658658429528
21 185 2686771842956526071
21 186 4464837929283718598
21 187 3662297359183714475
21 188 -5575425244218468790
21 189 1239939589455152027
21 190 4869827849994665591
21 191 -4259298012842607312
21 192 3437425044070813730
21 193 -6808397252473898199
21 194 -3202658880875776819
21 195 -5413843405773177261
21 196 -7565983367858958920
21 197 -1692715653734492786
21 198 -1177993635615256563
21 199 4220188293029017211
21 200 3258685138262101285
21 201 3488320087702830134
21 202 7134783638904479948
21 203 -4385845190517593962
21 204 -1600822381571238556
21 205 6940240263593713411
21 206 -7111627267877635919
21 207 -2929129386179654658
21 208 -8655903310765988824
21 209 -2815787611177584375
21 210 -5414704576259969726
21 211 -4014835234962231780
21 212 -7238035246840072004
21 213 5422479454513079790
21 214 204495419052254832
21 215 -2240089842146832358
21 216 802052838526432221
21 217 5821286834026238483
21 218 -194917640191492846
21 219 -6246847312358447120
21 220 -4158689347549340577
21 221 -5620871597699579782
21 222 -5715035876547986614
21 223 7994971910094176662
21 224 -5704503600014975487
21 225 1630965667674402302
21 226 5826388307835885095
21 227 -7329718618250024683
21 228 -1615434977064819006
21 229 -4302420784343671101
21 230 3261608033510655785
21 231 3074183477336620411
21 232 -5155246168044348901
21 233 1798901930673728617
21 234 -438809087075641383
21 235 -5536966860557838238
21 236 2732618546132165672
21 237 5367768391695739176
21 238 551682326605310384
21 239 8327111214032197309
21 240 -7183271012257374449
21 241 2243637129976217755
21 242 -3409800337831856281
21 243 -7167103788226850398
21 244 1834661766867468967
21 245 9069130217023564356
21 246 -7146978107388535782
21 247 6562776533878577888
21 248 -6288636034003270040
21 249 2798100745655624204
21 250 -897409342399619579
21 251 -4426552946349080642
21 252 3664752095849869061
21 253 -5057319254517487977
21 254 6257037959162936812
21 255 7562417934759189342
21 256 505014003476953109
21 257 2095097950592911055
21 258 3544766128373359351
21 259 5104096861759045749
21 260 555855239674140541
21 261 -621701717260001673
21 262 -1430641304326123586
21 263 -8868142673491534173
21 264 -4826863829629883894
21 265 1038638027893323544
21 266 9096866029604036354
21 267 9157841381501555854
21 268 -5184947242050246862
21 269 -7327512765769317695
21 270 -7914522881389850963
21 271 2109450243288515313
21 272 2801680456486788195
21 273 6171974498746273312
21 274 2918704401200552122
21 275 -4027903298833355966
21 276 6205200582280125777
21 277 4304812598508111429
21 278 8664489589798088992
21 279 5742413223238012568
21 280 6108501805683866105
21 281 -2283662479478491672
21 282 1747203652093152045
21 283 7645465994018313625
21 284 7979008459572409917
21 285 -8785792474461302994
21 286 -2652605958273798365
21 287 6976130323045482443
21 288 -4376136450373714409
21 289 6361045292172384416
21 290 -8150653911581814528
21 291 -8304652996295969889
21 292 -8571825301499373939
21 293 8083339050906755919
21 294 1780585278300020772
21 295 3807680749166541279
21 296 -8617328486024173143
21 297 2862092502657614849
21 298 7378045528422969988
21 299 1508871779022524586
21 300 559377161074035270
21 301 4639789097773688363
21 302 154701257534618929
21 303 7288028662361316889
21 304 7049435290367676154
21 305 2370369314017021219
21 306 3819395465041114228
21 307 -4344209407684013376
21 308 7097356983597258338
21 309 724052479136081591
21 310 8575912972909822076
21 311 -6334066724335326480
21 312 2861204695275240674
21 313 -508450004743590425
21 314 5280832852871819043
21 315 6212518444792088028
21 316 6983240764820928860
21 317 -4010800836890024782
21 318 176765570845356142
21 319 -7134607213947116437
21 320 510624865353493306
21 321 -526413711397871261
21 322 -5407230085893850432
21 323 -8448015936639294196
21 324 -5493814271015269156
21 325 9103538336954375712
21 326 -3565236717756319709
21 327 -7774132402099339980
21 328 -7796182720212370145
21 329 7465272636566201306
21 330 -4168550417506886906
21 331 -2119539589607916295
21 332 -1611860661676171767
21 333 4573825082746469919
21 334 8132954563897309009
21 335 -6938470665974572903
21 336 -1623547807801448751
21 337 8188774843356787805
21 338 6280979204045133316
21 339 8800269214115067396
21 340 1812656897919909049
21 341 -7021922366855971245
21 342 7445782806663909938
21 343 5292351946754173511
21 344 -3737296784715687779
21 345 -7270357288230352724
21 346 -1451709594428274817
21 347 946709095367982970
21 348 8738436120386289358
21 349 -6934493294664311591
21 350 -7178338416048128355
21 351 6122281159610805943
21 352 -3683133848465268198
21 353 4796191100457885974
21 354 7946736920245852751
21 355 -3531985365539029497
21 356 -9046805039256053801
21 357 -7063060943086983734
21 358 -6941762973244867618
21 359 -9002255302645213224
21 360 5409964520457643349
21 361 8601701998489418699
21 362 3277556885946416951
21 363 2060715997084823924
21 364 4484810517346062094
21 365 8343219916001803582
21 366 4593994039937330267
21 367 7432360496767722992
21 368 8911883266544654551
21 369 4809249519015345970
21 370 1178307057564016283
21 371 -6265834518864426709
21 372 2731998130272208172
21 373 7165781722732506897
21 374 -6802663690864364144
21 375 -4229707680505862769
21 376 -3922510116137954068
21 377 5102216610062246816
21 378 7057886425589933496
21 379 -6076450072074787191
21 380 -8281551567353294432
21 381 1445030871614088804
21 382 1162395213465826687
21 383 2868870235912860246
21 384 -6718599667409418532
21 385 2961883539550430578
21 386 -4816984611953336951
21 387 -7342401933715260314
21 388 -2898522071535419306
21 389 4803364509386636779
21 390 -354203286497155043
21 391 -8417393898901382751
21 392 1988782784777521349
21 393 -8091121818626532844
21 394 8542516244816318668
21 395 2346771799996515656
21 396 2388595675582442961
21 397 3995833387017788763
21 398 5144032108645870462
21 399 -2763187100472371941
22 0 -8965864854575670798
22 1 2000611259334045397
22 2 -116520956445623335
22 3 6165679723977986341
22 4 -2853495747170794891
22 5 -7047184476668391037
22 6 8346004656092814725
22 7 7132108355508593485
22 8 4532109619065992161
22 9 -3467345804803935686
22 10 -174088811709599069
22 11 -2759292698696187069
22 12 4680241870796627496
22 13 -572142389989253513
22 14 7880284750298226540
22 15 8428690597581932201
22 16 5599436491872768649
22 17 -7129822900109623765
22 18 2465137953625838011
22 19 1626814034303742801
22 20 8438051718492283904
22 21 -2047258015112475499
22 22 7725923269540792858
22 23 5363693440123978385
22 24 4553074361864387030
22 25 6698751515434637634
22 26 7374255580159693686
22 27 -125949953105312608
22 28 -3235055983879195130
22 29 -5193211048997872822
22 30 493478170912222207
22 31 -2794236482002873
22 32 -2887817529586006789
22 33 8484027091912275738
22 34 -3751040525683892512
22 35 5815254612504013432
22 36 -3559285870533623287
22 37 -5769385633799239360
22 38 -1099228451380442881
22 39 -4532417476855469604
22 40 6365823486480993673
22 41 -8447514702928831629
22 42 612826493959130188
22 43 -2184578738435027888
22 44 -3034013301344701194
22 45 2176099268358070852
22 46 -4774627652057910368
22 47 614905179332130876
22 48 2517401504575278548
22 49 -5021852517297444983
22 50 -5528660799465211370
22 51 -136859582195398900
22 52 4081201238341004935
22 53 -761037310002402534
22 54 -8065579507712714023
22 55 -916781768203119410
22 56 -7577554598675138965
22 57 -7635757293538044723
22 58 5727799516129560987
22 59 2104227651489364976
22 60 -980868640706930075
22 61 -509491822693652856
22 62 7702847391066520452
22 63 3027252535413675523
22 64 6886682169030314614
22 65 1254543178033260745
22 66 2494953118976739028
22 67 3873156498028943548
22 68 4874046263354392673
22 69 -1908198670769182736
22 70 7680579504692035362
22 71 1181415612998694750
22 72 -5654767020792617535
22 73 -1002500238621320219
22 74 -2852725905479427963
22 75 1881541136330564688
22 76 -169640827633062537
22 77 1461330244046783338
22 78 -5196110395387500712
22 79 -8010700445952700797
22 80 -6163089219854394082
22 81 -2164808235079419009
22 82 5839466467660521778
22 83 1378054270240791328
22 84 -3242653870165013972
22 85 5723877609482936538
22 86 7321441143880009274
22 87 -3711968200592847175
22 88 684021408848062433
22 89 -8164574951212559187
22 90 5910800645172009196
22 91 8743977761802863145
22 92 1228445900455864866
22 93 -8944745667483338973
22 94 1420824107178224996
22 95 -2192270474476950223
22 96 4980210500106978933
22 97 -8643107552659852852
22 98 -504680468587109830
22 99 8391008454514971765
22 100 3751973164415396693
22 101 -3849344127441095672
22 102 3481563961973089717
22 103 843854017551676440
22 104 -8082020203558311321
22 105 -2532001824892121078
22 106 -2103741009021007129
22 107 -6244630878898279871
22 108 -6999844534518281941
22 109 -6937627972859992232
22 110 4915201916893343746
22 111 4681200299747082956
22 112 -2288096066435874569
22 113 -5605591349881559084
22 114 7217783704173022
22 115 8128499954585934575
22 116 -792680182656133837
22 117 -1521708474147732705
22 118 -5313345310727653944
22 119 -7997206095372260198
22 120 -3670664811108859403
22 121 -3073966425764747259
22 122 -426278238473674032
22 123 568671497960590408
22 124 -2812279347601915464
22 125 2201910642691643883
22 126 6671553373417768499
22 127 5336120256823300417
22 128 3003932718994864721
22 129 4343659305621382316
22 130 -1880542874052662948
22 131 -1762631191777801397
22 132 8877106217253717838
22 133 -5567626985563783831
22 134 -1125229731980427566
22 135 -3316874467506945248
22 136 -8885289694218581727
22 137 9170097165732970787
22 138 1004890982389736041
22 139 8923754637893213088
22 140 4658830615407956074
22 141 9191774930011958324
22 142 7475695093322527347
22 143 2565658248521768332
22 144 -4020004258602285357
22 145 5888452819249352056
22 146 -1083960533030213454
22 147 -1603492035334910716
22 148 -5092043144857416037
22 149 -4641009773501860152
22 150 -5741603856797388707
22 151 7538653191281075453
22 152 2063531183311543259
22 153 -9065759405713538843
22 154 -6885587436359393247
22 155 -7913092266314524059
22 156 8690504947624534865
22 157 -917082204577410902
22 158 1236726075400587960
22 159 -4704672612667139596
22 160 665553090790247796
22 161 -7979914815382575336
22 162 5159230171619101008
22 163 2581884359148931639
22 164 7149059798138242478
22 165 -7643134736714975253
22 166 -5389753962433403099
22 167 5165668986574357167
22 168 1415497213749830277
22 169 -2344433091052110035
22 170 6335899834084545772
22 171 -8300704055684005333
22 172 4805441442380413698
22 173 -8026537455898567060
22 174 -4113939231848996647
22 175 6701443888479348661
22 176 3663037730466265983
22 177 -7850954531679145574
22 178 3009485286833834365
22 179 2417928968424613163
22 180 5954121769216198191
22 181 6840857426896861308
22 182 6509009782912600405
22 183 -4132830117393578379
22 184 -294673723972184460
22 185 3092816504805267931
22 186 8970782389899414755
22 187 1572799513411408011
22 188 -865696666631631867
22 189 1758238779205174721
22 190 -1348365038194772333
22 191 1882780954207061668
22 192 6165683331936623158
22 193 -4893853185047670704
22 194 6511365595301100111
22 195 6936257132353975035
22 196 -7584442150514953659
22 197 -8247720650709186413
22 198 -7310287189595563319
22 199 4866297221013676694
22 200 -1335674944114295989
22 201 5199945758169738361
22 202 -458989753881644791
22 203 -4269281861718583762
22 204 6548528202199046999
22 205 6652782063826510172
22 206 7037576020697770712
22 207 -6303193059113632986
22 208 2925394317940979800
22 209 -6531884785748515444
22 210 1085707763392829937
22 211 6062155978907455628
22 212 -2398010474170827927
22 213 -1438234718207288757
22 214 1964919727745551570
22 215 -8177585833956608095
22 216 3888225138421887331
22 217 -8893218033836628092
22 218 486601648738001995
22 219 -8913349325292292586
22 220 -2801439245623656683
22 221 3830810884308339821
22 222 6650642859791559897
22 223 4701690344502470744
22 224 5675534650933512367
22 225 -3865892834670077464
22 226 847047525339979278
22 227 -1553263512137351416
22 228 6697329097252513804
22 229 5439598897079564511
22 230 6940883016689885143
22 231 -8290986941623800246
22 232 7131760441452852510
22 233 -508048926631382287
22 234 4017552355835923948
22 235 1297862745654007946
22 236 -23038609481158115
22 237 1173111780630906400
22 238 -8837794319562754787
22 239 8836660064731683209
22 240 -611099892707062264
22 241 3281685673709120662
22 242 -7372231395711728785
22 243 5130171007854640016
22 244 6843521998741693286
22 245 2700357743263315832
22 246 615724193680244400
22 247 -3962725513333591105
22 248 3654965437638701765
22 249 5375058586594246859
22 250 -5802534482417789077
22 251 2066131240314360499
22 252 -1875241686651383062
22 253 3536868783318943669
22 254 6151557933306208815
22 255 -7876104186234128232
22 256 -3693634445971211395
22 257 3256084422322283241
22 258 7129642257988537521
22 259 8879515866440348561
22 260 3767014071567966001
22 261 2622306542961338910
22 262 3064242862247156662
22 263 5565465218073060068
22 264 -831370756134439221
22 265 4758428754391967520
22 266 1271929886260333230
22 267 780288370006483082
22 268 -4387296859828256017
22 269 -4361513763659411531
22 270 -7635433857726176705
22 271 -4652226093491048964
22 272 -1210371526271758570
22 273 -7248905709103348816
22 274 8315309066571586098
22 275 8946406063015559716
22 276 -791353018569339058
22 277 478549562236447099
22 278 -3825864453643663274
22 279 -116675814793340239
22 280 -7203026109477810338
22 281 9200369007850252847
22 282 2424212949176733713
22 283 1913320410163254627
22 284 4754821990936527557
22 285 -8991912153704782675
22 286 -4633720602653054830
22 287 -3588370653917715670
22 288 -1994121531665679836
22 289 -3195329751867431584
22 290 -1417955947524984276
22 291 536437458886633468
22 292 -2424447023629922532
22 293 -6709911769209150940
22 294 -5952141834388251643
22 295 -5143403419724151551
22 296 -1859164684469608136
22 297 -5241786402602667369
22 298 -4213626265847188562
22 299 7744539471370950971
22 300 387183641210669471
22 301 8749856050208670233
22 302 6997113058390963184
22 303 7341925939532428432
22 304 -3398714943164204081
22 305 7420248342774242387
22 306 959953227716566211
22 307 5280580068526768557
22 308 7698379687649738825
22 309 132639829045676925
22 310 -6534988043740412747
22 311 4441752813870008390
22 312 -3448474852601671222
22 313 5259025900170957112
22 314 -635413377023739109
22 315 5025011311109996206
22 316 -6387190278949939617
22 317 -303383740111096929
22 318 8539152748798467410
22 319 -3196539780829089454
22 320 7251868640354669137
22 321 2940643934969897116
22 322 -3265492362395364862
22 323 573568363926722243
22 324 -5552355897343486346
22 325 -7556127212184526394
22 326 4812074094435649426
22 327 8148040493517561545
22 328 3309174874393312560
22 329 1597686869551704570
22 330 -3752846112854778474
22 331 4689695404048251480
22 332 -636766146465050555
22 333 -2372626481265136031
22 334 -7183418168977310178
22 335 -599028573546610248
22 336 7842390703809726952
22 337 -7716654764761444458
22 338 4346457339370461936
22 339 -7067785335780724515
22 340 2532505033420906301
22 341 5971403757759720410
22 342 -1910909875199272477
22 343 -4073398662937224472
22 344 7230045659092037188
22 345 405081895010959726
22 346 -828617633597264265
22 347 1268159974696490013
22 348 1610381339103281180
22 349 6262821192309640754
22 350 8263071172349708548
22 351 5879620246513078349
22 352 7918128893815724412
22 353 -7877448226214405556
22 354 2538390574165090928
22 355 8403038396907737028
22 356 948617811275357205
22 357 135956293882760720
22 358 5526098995143565882
22 359 -8200402534905726704
22 360 -7898499952435876525
22 361 -717779643519488473
22 362 8610100148276363176
22 363 416051595087694470
22 364 -4004356575901908749
22 365 4660163763649775114
22 366 4707850346795104054
22 367 5053626634379507420
22 368 -7895969646338856306
22 369 -3992670883710201007
22 370 -8458656214294457588
22 371 6544224618607404882
22 372 4480654511423128070
22 373 -7780166545681012466
22 374 -3586538420885293299
22 375 2639881876454322277
22 376 8928167438034218963
22 377 -8003386532279536582
22 378 8992563927856421071
22 379 6090816299583732033
22 380 -4293900429205462955
22 381 5920287938992191688
22 382 9096226540115192202
22 383 -2801930789193784293
22 384 4059811569888603240
22 385 -8778879202173229149
22 386 8547022795311485116
22 387 -4186934604409936112
22 388 -7147636394788847355
22 389 -1314185589553096028
22 390 -3765467861267379589
22 391 7184864821624325979
22 392 -3540457734960990329
22 393 5535949067517963657
22 394 5868709463421583916
22 395 4942937876927723553
22 396 -3236244377544090203
22 397 -6055891842208031076
22 398 -859810508780573362
22 399 -4339211294967793082
23 0 3485615885599673934
23 1 -2287914890687986227
23 2 -9005090952962830866
23 3 9003839032993059190
23 4 2436110889616223264
23 5 -1070334161623124013
23 6 8886480899688632186
23 7 8717496509052701655
23 8 -1669516641500008442
23 9 -7913367255472976430
23 10 3882697701038253315
23 11 6911558899748422899
23 12 1644247220078724546
23 13 -996363156713251879
23 14 -6285114124946789742
23 15 -4446313463288861275
23 16 -6895862248365398036
23 17 8908230560897845752
23 18 -6408067497007164474
23 19 -3932630420321280684
23 20 518402518709594733
23 21 8785827680700536769
23 22 -7686317280310605567
23 23 39165810926531167
23 24 -1251688965096140969
23 25 -3489294563905490538
23 26 -3951362977025957007
23 27 2894542374230039093
23 28 -5940106163438434237
23 29 8254589541556067792
23 30 8878455911354467764
23 31 -6322485007953304006
23 32 -5943055288330365468
23 33 5042830116562025567
23 34 -5911711027796245089
23 35 285959575399623618
23 36 -4961490016873799398
23 37 3890421228883702825
23 38 -8329768449897471462
23 39 -4610622842544270608
23 40 -3796372296067999690
23 41 -1506246321085888282
23 42 7787613899821134448
23 43 1461331287127914061
23 44 999784084728824123
23 45 2374598294807832747
23 46 7360262428851087760
23 47 -2786214113886297925
23 48 6144114940456566374
23 49 6600681897351409601
23 50 -3737979754318787084
23 51 6874249347519376528
23 52 7207962830340903977
23 53 6777063891840512907
23 54 5670159569976708135
23 55 -6239176695535333874
23 56 5299311299357967976
23 57 -8559374736267461304
23 58 5762905620998324918
23 59 2620934845920404700
23 60 3151478147734450404
23 61 1647682000322367009
23 62 8871807217435821492
23 63 -7077602370226378401
23 64 3573653642022893946
23 65 8126457779783560671
23 66 8334355642579580718
23 67 -7588371292818190465
23 68 7965508408709072821
23 69 -6021900470344535803
23 70 -4626687126104026028
23 71 7390267044293518811
23 72 -3296326551191454493
23 73 -7503993690966911872
23 74 -3062338915215036558
23 75 1231319664669185509
23 76 1530056000617076809
23 77 -1907128949019084015
23 78 -973933293561136070
23 79 7140403624357554722
23 80 -614429941915854977
23 81 4288099074018791410
23 82 7816244527871376526
23 83 -5481965680616218928
23 84 -5916464737585335049
23 85 1332707208170746131
23 86 8022482034185752441
23 87 6338315000032565375
23 88 -1861396392656371318
23 89 3763826431656311039
23 90 -5444909097883284521
23 91 7462668054435854844
23 92 -4083734905070574231
23 93 -2436569196230988789
23 94 -8418209795523036142
23 95 1252196471219863218
23 96 7955677831234933267
23 97 7868491973800903005
23 98 8784577502504183926
23 99 -8390870729064772787
23 100 3483778527455325843
23 101 -8751778007098481244
23 102 1274381597925791713
23 103 -7996481718638654919
23 104 5509267744976398016
23 105 7425188070448212432
23 106 -3500925450100762442
23 107 4363963065089496551
23 108 -3319623185018934537
23 109 -5720179064209191973
23 110 6733911965723774535
23 111 2595575684323502671
23 112 5130806298485941264
23 113 -1059878169118023988
23 114 -4235013301812035634
23 115 -2187155375849440647
23 116 6895142551820526708
23 117 3961726629974664488
23 118 -5299914909336231724
23 119 -2534777629139108009
23 120 -3062367041618676048
23 121 -5041632275612688258
23 122 7534030851134143553
23 123 9133439175679264597
23 124 -2179382709738215838
23 125 -7399343975428835839
23 126 4363663826064641659
23 127 2990330995329315137
23 128 -1034585363931694491
23 129 6935718760506870779
23 130 -6281004798212699275
23 131 7261646318186014479
23 132 -581222456546329559
23 133 -904099026978752452
23 134 2160156375322883520
23 135 4986971344778990238
23 136 6786790750920661976
23 137 1786756467567541261
23 138 -5693534425646204103
23 139 -4156485274590813097
23 140 4778951779092068498
23 141 5787071212876478882
23 142 -8686926265135269506
23 143 2041441611194948330
23 144 -1783899423975601687
23 145 -5350868600173145852
23 146 -2892831373551093312
23 147 6995481751202024397
23 148 3647721988244370750
23 149 1016101436418903662
23 150 1551317343736977855
23 151 3422960282416913932
23 152 7538473811302896641
23 153 4955097754016479115
23 154 5053445110152772097
23 155 -7660629419416133883
23 156 -5773881106301680089
23 157 -5842462184898540493
23 158 -7709381644344805597
23 159 4379439396948208618
23 160 8618326055456668174
23 161 97266136056053315
23 162 5268673014698240278
23 163 -4700001969634740663
23 164 -1909624951801721839
23 165 -5022002813846504204
23 166 -1965276821582321772
23 167 7920832090013640178
23 168 7537104115909320570
23 169 -2196941581196711147
23 170 2430211235841444895
23 171 -9136368507322656095
23 172 -3541598389459640604
23 173 8835940491816997102
23 174 960982873379473852
23 175 9131970132494592622
23 176 6190110873720654980
23 177 3291757279663594389
23 178 -5280864392221077214
23 179 -7469989440992218340
23 180 -5328519847444884656
23 181 1324037704655468091
23 182 -6428846384536119068
23 183 -2571610082429973170
23 184 -7489686318011625939
23 185 -2747327746198316326
23 186 -2608169863832397784
23 187 2875642114591139542
23 188 -2574970931389566730
23 189 2064698251776432078
23 190 6900265568998936630
23 191 -2351284442936601430
23 192 5066615809411923217
23 193 -134688382352036624
23 194 3836138610946964633
23 195 -1280544594736551157
23 196 -2536408382830012089
23 197 -7543535139443286298
23 198 -2237939666466765303
23 199 8764308071011453674
23 200 -6106214790747487974
23 201 -5139060529477312356
23 202 5565985880506305165
23 203 5712394521125984051
23 204 1238896130505946223
23 205 728182262894181242
23 206 -4899390249863818184
23 207 -170406297232271930
23 208 -420719618260127547
23 209 6661026466059139895
23 210 3644527536761613065
23 211 -3643052356703672605
23 212 -8636327795006897400
23 213 -4565781839850776785
23 214 -2435252064907510288
23 215 -4544176024868731155
23 216 9190990668537926009
23 217 3727361764763497884
23 218 3803138322981921166
23 219 -1162280049175365082
23 220 9206262270986588687
23 221 1390220258209232604
23 222 6954153829463930677
23 223 6969116298160323022
23 224 -636951791376583675
23 225 -8196788709189351287
23 226 -1646576483246690893
23 227 -8137172910096369269
23 228 -630179679125710289
23 229 -2882136604262691730
23 230 -2965193392683765646
23 231 916379691630186001
23 232 -2038107324886687727
23 233 -3547522336886847510
23 234 2667781082733066061
23 235 1904954406750137794
23 236 1958985169464902558
23 237 984897273324203766
23 238 -2062361972847193108
23 239 5215795513961591742
23 240 -1830583148626049073
23 241 -2474739058134136292
23 242 5245762150977348833
23 243 5813631733118156422
23 244 -3749400144162348071
23 245 5787914558479993817
23 246 -666120258112107094
23 247 -3050222173340976047
23 248 1364998686876815129
23 249 2808748700917300124
23 250 -7459179878874685369
23 251 1771273643123958307
23 252 -8701067447586369754
23 253 -9115720282880327987
23 254 -9187800122731205736
23 255 -5615713836073508986
23 256 5640653604835822023
23 257 1714594442871132013
23 258 1154576377590234788
23 259 6890966635762867429
23 260 -6636180475421798957
23 261 -8059718960330306507
23 262 7615523208132306259
23 263 2644936882006627317
23 264 -2477679432624804591
23 265 -3513406001884080266
23 266 -5901045334787825316
23 267 7601000644471040740
23 268 -2312964504562884343
23 269 -4105416215719837446
23 270 6667716606914765315
23 271 -8928004536231503675
23 272 -2671635566032217241
23 273 -2851328137536584859
23 274 -7498987058284831381
23 275 624130401021876299
23 276 -1507123836559685640
23 277 8437163363356310978
23 278 -5048276575601790419
23 279 6468062300485729810
23 280 5740240320520821978
23 281 4540841696425302495
23 282 -6290847760832992676
23 283 -1789536770683727005
23 284 545188441144224735
23 285 8671736694289718368
23 286 5251070858577721518
23 287 -8671048154772119057
23 288 -1631978008322138839
23 289 -955916091407044150
23 290 -904789051685378398
23 291 4114000074936379795
23 292 -6886071170380933835
23 293 -3699620996705981379
23 294 -7716376274438804890
23 295 6908047613788468795
23 296 -2026524549264208109
23 297 -1734996170397677020
23 298 7546845269391099151
23 299 1100250745119029201
23 300 -6252324291421782894
23 301 2107789463950044694
23 302 -2320096377042455068
23 303 -1027361344184169141
23 304 -6937095438455459829
23 305 3364052792515983862
23 306 3832036659871188408
23 307 -7169796637962866282
23 308 -7848812588366218222
23 309 -7592349323885613264
23 310 7530674114575063805
23 311 5646279556521286066
23 312 -5509894207875678967
23 313 -6367247603405957634
23 314 3983683597283419682
23 315 -4375819246054182883
23 316 1941098126949588357
23 317 -3643275220262258176
23 318 -3966503882932257004
23 319 7703980278874601018
23 320 1139556643152120906
23 321 746584264001020293
23 322 8180263804907435930
23 323 2170719056485814319
23 324 5756594117837709516
23 325 344202007809208168
23 326 -4757294902474883440
23 327 -6159199287405895373
23 328 -3730291569370300710
23 329 -5664468184110055558
23 330 6693825750153486232
23 331 -5602950943401663206
23 332 6976565918317535291
23 333 2078501940312955229
23 334 -8548157161381330121
23 335 -548047607821838857
23 336 -7803779866629043847
23 337 -1776870878875260426
23 338 -6377560836289235866
23 339 3959273979257682250
23 340 -5615915936400453132
23 341 -3287027917330468315
23 342 -6818231287656753334
23 343 -6101707127876706243
23 344 3688044325461615374
23 345 298661071869380937
23 346 -8858021163277705053
23 347 -8598044117896335953
23 348 964187087897308313
23 349 1237389786388643484
23 350 -200101050828168544
23 351 -4619664635998697415
23 352 -4541024406441166123
23 353 -3018046032112204773
23 354 -7051839142978457094
23 355 7228351830666773382
23 356 -5147284627944398010
23 357 -1134991416923141636
23 358 -336897051636024107
23 359 -5465927596151844447
23 360 -222307532886053878
23 361 7840393791662421952
23 362 -9077418720656689395
23 363 8345540132518153791
23 364 -2600514351849282629
23 365 -2879192094257290169
23 366 5911918730049962568
23 367 -4809693494895239811
23 368 2190033369653342691
23 369 -6908166268785884202
23 370 -1667649474573371271
23 371 -6993636583318201690
23 372 -5283512937115653168
23 373 6642074873830016820
23 374 2768239663227347834
23 375 3299869709328987913
23 376 -1551958574978616301
23 377 -8917195638938893616
23 378 -3109633166218830480
23 379 2008803406624985015
23 380 6444176332187967170
23 381 -977835802920686664
23 382 7596526751173514985
23 383 -5387701844022150597
23 384 -7533540059532846336
23 385 3255739673981253055
23 386 5248456362293363597
23 387 7342461249384400666
23 388 6125979547983785133
23 389 -7459856560989354532
23 390 6639454730778352359
23 391 3866578014949407884
23 392 -7458177865328661623
23 393 4822851317919383386
23 394 -4000765215282908114
23 395 5118015809906269588
23 396 8967013981291403187
23 397 -8116450250043057145
23 398 3291208273347996296
23 399 6690648138482943271
24 0 7127444166345050257
24 1 4651664996422773191
24 2 -5710925103751186540
24 3 5958268717313733200
24 4 -8168458831052013082
24 5 3913205613463623256
24 6 -8190866876777845408
24 7 1853236788499740650
24 8 258613815835203261
24 9 1516687687046707854
24 10 3728993045071746813
24 11 1114541591952190760
24 12 -2620277856716797521
24 13 4299699331009165514
24 14 2361088150680303766
24 15 -5156515283258901835
24 16 -6006931477731548838
24 17 3978690918057166971
24 18 -6002921317224543461
24 19 5117586220165969948
24 20 8020709088642775490
24 21 -7196925186024256599
24 22 -5511651526247137862
24 23 8922344465373036120
24 24 -3978374396424269867
24 25 -1570013503175537498
24 26 -2034484979251484102
24 27 3205051158335615981
24 28 -1610336098160358351
24 29 2595277950870843446
24 30 -6087841419366617299
24 31 -1323135539782049493
24 32 601364016623748521
24 33 -754651887924854022
24 34 -552866274501770335
24 35 5098859901731643958
24 36 2377242670953270554
24 37 -7405033795311193650
24 38 -5789994309124554635
24 39 -6644736854064313346
24 40 -7720769826329135237
24 41 -6251847631917512041
24 42 -8375324812162708098
24 43 -4272409629644840477
24 44 2733380846554052342
24 45 5653835114182963559
24 46 -8867285587313767782
24 47 5926661179937244925
24 48 -4048617770018818329
24 49 -5191539386269625247
24 50 -4178446725601764868
24 51 -2817564681931399676
24 52 4822660052167916063
24 53 8981509108075950903
24 54 -5815962568054386294
24 55 8486393235140914609
24 56 -219386499895159681
24 57 -3767762530874571310
24 58 5140188630366088174
24 59 2150875660453234997
24 60 -7844400922252894180
24 61 8072433565564997483
24 62 3967699660673840933
24 63 3438710127905047612
24 64 6949776441536768291
24 65 5486653682478266304
24 66 7943965019612437152
24 67 -5113121293890844575
24 68 3392191206729412212
24 69 8985223967657054174
24 70 8021624737200150073
24 71 -4270142506109490121
24 72 -7282489740690455087
24 73 372512726610603269
24 74 3083719055568490785
24 75 8947172679039778280
24 76 -1236289187814277134
24 77 8538303929336615628
24 78 -4721177911744981069
24 79 -472064707232644180
24 80 -4681812902913027594
24 81 4913495691820300915
24 82 4086324381560967567
24 83 6834879231746737681
24 84 7213009723901879719
24 85 -6218140575551476549
24 86 -4010959481139915498
24 87 3620894213917566896
24 88 2077380057117484273
24 89 9205793510948559561
24 90 -8633615810179396032
24 91 1068655136334113770
24 92 -3775349615840798480
24 93 3728526884211399709
24 94 6206239254018884512
24 95 5371257375291439011
24 96 -9059153373612058381
24 97 -856436875072169676
24 98 2154040792867424927
24 99 1170516995835168041
24 100 2839649026568505843
24 101 -5557633711623871778
24 102 4227021050268025847
24 103 4160549202156438324
24 104 1212351823392125993
24 105 -4994151170637376123
24 106 -1184094220038716262
24 107 -2143572021439675269
24 108 -5401094987774867859
24 109 -4077177762261349521
24 110 -6230803840197742972
24 111 -6083068067929330343
24 112 -9196119812968776473
24 113 2858038049902798084
24 114 -645787300789806220
24 115 -8044253509968190447
24 116 -6558276740884330016
24 117 6088031414863834553
24 118 -3436496620526390822
24 119 270092098167361815
24 120 4960727728373430723
24 121 -113474487783152200
24 122 -7912894303595796289
24 123 -954536841716330266
24 124 4842069272266435600
24 125 -2091851970400890867
24 126 3704560015056726564
24 127 -7610564023295046127
24 128 8348717022702203693
24 129 -1293567506299835903
24 130 2045223058707422122
24 131 1465079148611056711
24 132 3728865440043461981
24 133 3347149110609382774
24 134 -1444486565282370344
24 135 -3563468289383869302
24 136 -6681190201232753123
24 137 3244236704309756776
24 138 7248473850964092740
24 139 8737969242210907951
24 140 -2252634174531217628
24 141 -2755459768893071205
24 142 -2666451685472940919
24 143 -2722797081818659952
24 144 4239559178032402616
24 145 299879584907572660
24 146 -7914991789584111655
24 147 -5438387152474059669
24 148 -5602077457352685744
24 149 -7926788317392834371
24 150 -6788911288743409919
24 151 2735829715911569471
24 152 4364029271370152891
24 153 1340937626200257465
24 154 -82220832535334493
24 155 -6473888101423160233
24 156 -7906960514538367035
24 157 -8414991497848392719
24 158 -4994492496901770290
24 159 -9027216613576401924
24 160 8393569717016745589
24 161 1495865966327101493
24 162 -3150999447806782873
24 163 -5652798881191486076
24 164 -3621094279601813078
24 165 -3053272944038843160
24 166 7335465351285064257
24 167 -2365123388084993870
24 168 -5629849417593437570
24 169 -3539804921099105803
24 170 -4075099565742675759
24 171 1189071335446950207
24 172 -733542989661030400
24 173 4047393108148571041
24 174 8885829062889148485
24 175 4104047184508575024
24 176 8368805260267328658
24 177 -7874404409799700181
24 178 1929028937120921826
24 179 -3155632806990966641
24 180 4439710822884661105
24 181 4974378159820901431
24 182 -3253943349504039099
24 183 1270682881103014827
24 184 -6299517556171029796
24 185 9027827213666091257
24 186 -1448541658109270680
24 187 5512466541918687967
24 188 -3799156730956902555
24 189 4560465725147343461
24 190 8328037702744391736
24 191 -8786806062067039637
24 192 718023125996559961
24 193 1476752249118991407
24 194 126663707282833941
24 195 5401380402909388821
24 196 2699928061504768628
24 197 7865761373245718174
24 198 -6163148243891834261
24 199 2801892315912271011
24 200 4346169917883629565
24 201 3834028696657561011
24 202 5452374673665634034
24 203 -3415640013130333489
24 204 -2525870205159007637
24 205 -1385824861750151646
24 206 -2830378256280783786
24 207 -8500071316609045935
24 208 -8058094941876661802
24 209 -432602733493890991
24 210 -4739305407336394022
24 211 1859516771937453040
24 212 227674380783116062
24 213 -8537415359208071022
24 214 -3543281367145986259
24 215 -6195169825156086332
24 216 6317825209042793920
24 217 1501199507769728140
24 218 -1912450869218910242
24 219 -3833418458262609162
24 220 -4689864804875141879
24 221 4765488153630640257
24 222 6664565909482020861
24 223 4646160906667303884
24 224 3479375838608887375
24 225 5848849088934979243
24 226 8356635914985925441
24 227 -4306003568370567636
24 228 -7076500448151932174
24 229 3852450051743821685
24 230 891485550879362176
24 231 -3684095101153822800
24 232 -1016163600700683813
24 233 4155910737029497229
24 234 9215525513712761239
24 235 -3732349231077087462
24 236 504727789490476992
24 237 -109110663467779982
24 238 24671397136857823
24 239 6877621715531078761
24 240 8877658277348216559
24 241 6561859657707865964
24 242 2692612453251172267
24 243 -9139050868973410163
24 244 -4523953397661084402
24 245 1779795662276354779
24 246 4720668453540285496
24 247 3245979801916489344
24 248 -2309484837796427465
24 249 6108414519972600027
24 250 -3625628546765155263
24 251 9028603502730972225
24 252 -7234937386234967589
24 253 -4254859555400987405
24 254 -8955379905316886439
24 255 9182460383838127777
24 256 -2869295820504332076
24 257 3097399722301374182
24 258 6426415314482440582
24 259 -6920837409908987859
24 260 -2738788133787977446
24 261 -5885400229920473962
24 262 -2891584802210168164
24 263 7704485587916412274
24 264 8641753428539251916
24 265 -6129277795897809454
24 266 -5703724706126884882
24 267 -690193553465052576
24 268 -7535791329685497447
24 269 -484690625210988102
24 270 8318717932585727355
24 271 -7472891490186256769
24 272 -2971010236016427081
24 273 -629918568685468725
24 274 1786774205154680320
24 275 7907415144391598055
24 276 7514700376833953659
24 277 6877392546870470301
24 278 4257417609309306008
24 279 -7252828245887433251
24 280 3438985984941460660
24 281 -7142703718553369667
24 282 -2158733226616454156
24 283 9178289089212497277
24 284 -1202640835134904600
24 285 -3274960451341116319
24 286 -4397600655409055290
24 287 -7519935691073449913
24 288 -1132085944325959937
24 289 7311283656843052180
24 290 5816031238964437400
24 291 3544924377704187997
24 292 -2317953966162368418
24 293 -5324524826926070717
24 294 7627776259157215744
24 295 5192264713926801876
24 296 -121984190875303981
24 297 -2168168200680997339
24 298 -7841919496864080578
24 299 7352030053081941756
24 300 -483822216744231671
24 301 5801794244224981596
24 302 1166176557091056388
24 303 -1331883580050570482
24 304 -4639534281997803994
24 305 -8741534535741596903
24 306 7418207594182986489
24 307 2357353400189528801
24 308 7573359041214525125
24 309 8682129937253363033
24 310 4855801437670903513
24 311 937088063455787397
24 312 -6182152654459996696
24 313 -989084104426194693
24 314 5139809510798117229
24 315 2980732362229140433
24 316 -4910435364705300298
24 317 8305795337549859133
24 318 -6637863948218011055
24 319 -8358955053594651282
24 320 1988210247067569722
24 321 -6069939349308102865
24 322 1928223855456994930
24 323 -4852244767963828576
24 324 -7390535889601146308
24 325 -5532802845939553546
24 326 -174735014100844511
24 327 -5108957667181787689
24 328 -4529039375767631199
24 329 -3089874809419595456
24 330 4390945737748321753
24 331 7431614294199350728
24 332 9036063986729839685
24 333 5276611648138126625
24 334 -4727090615508348861
24 335 707348377049442496
24 336 7915827923941725373
24 337 5321621227281623544
24 338 -3368343423404910905
24 339 4371441461795787010
24 340 4383943233277270136
24 341 3360232620612498583
24 342 -6394991547037928630
24 343 -4763366637828642430
24 344 2903395231199868490
24 345 8200265909634041508
24 346 -7291255629833026877
24 347 2060423205839400532
24 348 187299978692150715
24 349 1816558692876101498
24 350 5439181920937055727
24 351 2837227215838853352
24 352 -8705862099942280862
24 353 -3072435746657179826
24 354 8035372254166173096
24 355 -7522032424037411108
24 356 -5451836499429608814
24 357 -6661492200011310501
24 358 -4675942380272156358
24 359 2409239681837236106
24 360 3011912386574599926
24 361 6139179962386351121
24 362 7044822083395259328
24 363 3602231892703888122
24 364 6230498247601089887
24 365 -2688141390982971636
24 366 1727620343032045286
24 367 4162440518690294227
24 368 7040847922614478282
24 369 893465542730309900
24 370 2463669763509912822
24 371 5061565733527859759
24 372 2769929844315001401
24 373 -2282438635847726169
24 374 2553328466667286064
24 375 -3730000855205907625
24 376 7039340833280028663
24 377 3569740172992617159
24 378 4612414698877898101
24 379 5870785444489563930
24 380 -736833981904350757
24 381 6010538444131217104
24 382 -1789051725923930944
24 383 -8764482792767059562
24 384 -3584360454548002168
24 385 -6530893282025112189
24 386 5767983904483306035
24 387 2971612899972735111
24 388 -3978882014581046308
24 389 -5797130470476675611
24 390 3420422959698347575
24 391 -6044728121118002907
24 392 6946730824933480580
24 393 -4190172285089527186
24 394 -6018532941637847767
24 395 5845833406317631895
24 396 4020934421425624610
24 397 4777532113741173123
24 398 3148861517309724277
24 399 -5173997118589728336
25 0 8594174499437423297
25 1 3718120786254552835
25 2 4677552497796165190
25 3 -3360545131366196660
25 4 -7800588345829716774
25 5 7316673551313737837
25 6 6073356817616126029
25 7 -8793880025792849866
25 8 1281564501990718596
25 9 -1686852227103918469
25 10 -5313507585892452989
25 11 5983450102801263902
25 12 -2373935935678445209
25 13 6975657416862944536
25 14 -7836166916750459936
25 15 -4901998363116571279
25 16 -778850062119499797
25 17 7478361848952096775
25 18 -8462075753926343963
25 19 7568892446719829425
25 20 143558074978577556
25 21 -8156290039454529708
25 22 3070390468020950434
25 23 2809015803140498077
25 24 2091946606617519466
25 25 -218090781531925086
25 26 -4179723404623881244
25 27 -8046626141541519772
25 28 -7678755938871803318
25 29 -6684479595292262644
25 30 -3064595491051317541
25 31 -1172636508438485136
25 32 9147136917578233689
25 33 6707129136680180007
25 34 -7650309637887590217
25 35 1319221931515758385
25 36 5225584601418956139
25 37 6192725595529187396
25 38 -6150954630809591669
25 39 -2246208178950795003
25 40 -1753540391190641765
25 41 -7276406078742546097
25 42 -6937502053345262443
25 43 891917718332795283
25 44 1165490323315004828
25 45 -336625747657104742
25 46 -4794992720276587710
25 47 -6335721535224465808
25 48 -6408563119458659860
25 49 5540991904932783820
25 50 -3372369482494789885
25 51 -7658607165599233716
25 52 1126804128715014428
25 53 6956562928973535215
25 54 -5115543457398363413
25 55 -3772004458449824962
25 56 7382822939275819915
25 57 2979286923326880589
25 58 1965917688004490620
25 59 -2421370851144061690
25 60 -541162431203292738
25 61 -1333874989346100805
25 62 1907666661296814312
25 63 3823852177445228649
25 64 -7715262249916751987
25 65 -4756673761241498700
25 66 -4625732315134979765
25 67 -1885197785936343238
25 68 8594270678277814652
25 69 -5956632003234931353
25 70 -4988955698382202341
25 71 -6050768735287477420
25 72 8200441507152528103
25 73 -7795824452837240820
25 74 5233545879609846616
25 75 -810587110679384334
25 76 -3449246185110092697
25 77 -7806029883904281595
25 78 -2920614701320512947
25 79 7823013357147516403
25 80 -8980849090482869895
25 81 -7793858296105974325
25 82 -5964650576680020496
25 83 -3425724642759348124
25 84 7578003936746525995
25 85 362401138545478152
25 86 -8371058238162236808
25 87 -3322710950287061930
25 88 1709798459410442720
25 89 -4325344316182242009
25 90 -3035481443064972048
25 91 -2061954220313357778
25 92 7562590067953916279
25 93 -936190576322581910
25 94 -5185160002008978157
25 95 4520167362744248464
25 96 3084989528462988798
25 97 -3785676569165325491
25 98 7996016539231380564
25 99 -8796007431102315224
25 100 -914383628203257381
25 101 5249539295389538049
25 102 1271425305158076976
25 103 6743653318783513665
25 104 -1588905502973293528
25 105 -3673879642439219921
25 106 5899488413442040203
25 107 5179518607902323415
25 108 8886304164094509184
25 109 5700548437132628834
25 110 2936983130622569174
25 111 -2657372871803384791
25 112 1339113433228581970
25 113 8847263650882367648
25 114 -8863329992925346137
25 115 8621162742441016141
25 116 3758585256612157662
25 117 1628033946682044537
25 118 -6235629606423987667
25 119 -8573461172927388734
25 120 2778746211449433221
25 121 -1398763943851749422
25 122 1838233477323531378
25 123 -6568993104631091539
25 124 1690670612088337475
25 125 -2192807492618009125
25 126 -4828483656948439197
25 127 -8230182592947162827
25 128 6732881461134962241
25 129 7670966854810191793
25 130 3479939247883417420
25 131 524840835530731082
25 132 -2120184488261325169
25 133 -3450074941255697102
25 134 -1661705402203409300
25 135 -3378573624910835
25 136 -6585283278303234318
25 137 6316732191378091336
25 138 4550449461724090029
25 139 2283815106521476056
25 140 -5331328374103323553
25 141 -6323465188359456649
25 142 -2548855136062974327
25 143 384919816245242615
25 144 -5827779822665500664
25 145 -4845590938624539202
25 146 6805811922949173400
25 147 491556396320598567
25 148 4982058812449131312
25 149 7910973244783230217
25 150 -6762126145885454774
25 151 -4104236423728670611
25 152 3863682505843034357
25 153 -4301994630387697153
25 154 -540269853752373151
25 155 1140828307053301066
25 156 -5462362425770701945
25 157 -2465642982304720453
25 158 -983749387191467158
25 159 -5585804352817388787
25 160 472105579080550452
25 161 2186330513335750253
25 162 -8598465937973387003
25 163 -854625422295527456
25 164 -4214390434267226967
25 165 -3383364713165691571
25 166 4636127911882277885
25 167 3537767775867964593
25 168 6743757738500870336
25 169 -3660214207982388248
25 170 7801181893077886934
25 171 1468729851147740818
25 172 -2586698734268551912
25 173 -2924013551993704969
25 174 7382994369415005840
25 175 6749702105737557014
25 176 -2335681398993217026
25 177 -7493673189413001100
25 178 -7615982357281326504
25 179 7847872687413577979
25 180 4313804339442267436
25 181 -2289141832618339222
25 182 -2168757855527742253
25 183 -3462216113791488783
25 184 5135870051612200499
25 185 -6122842288632249333
25 186 -4067393601163858752
25 187 -6702348820654352552
25 188 -3249330063124451819
25 189 -5911908213940473236
25 190 -283956559565936726
25 191 1378280036760180177
25 192 852329496421239270
25 193 8670657439639742017
25 194 -538553138211864766
25 195 3323081637153309300
25 196 8865840858551959788
25 197 -6953018454182391481
25 198 -659950949189924222
25 199 8133860546071307603
25 200 -3851447839908290401
25 201 -9192705889995693128
25 202 6848014716535842734
25 203 3240111688374550203
25 204 4652766536860710689
25 205 3563157794837107253
25 206 6405419329451476294
25 207 -5038125131757805390
25 208 1362107430477839271
25 209 -3946943001426963352
25 210 3921774331447749722
25 211 -924588512001286752
25 212 7618048359756261305
25 213 7377621750525474409
25 214 -5186038557338057110
25 215 1323194953771781148
25 216 6941804760737015397
25 217 -4307405572984509295
25 218 -9134687060978975427
25 219 -7331354833009578229
25 220 7531061134468893827
25 221 8460263770370709197
25 222 -591549641397523555
25 223 4493612954528076873
25 224 -8895458226495357680
25 225 -6476037520855436378
25 226 -8395806291310406212
25 227 2553654150486801018
25 228 -1746506082799368579
25 229 -8307862753082157519
25 230 -7487876856475469995
25 231 -8709544792143578043
25 232 3609081479652106155
25 233 -7782590055180263263
25 234 8576235408291956127
25 235 8286949333101103521
25 236 -6626273184870008731
25 237 -7187505145148769247
25 238 -8310822924654942098
25 239 6083884339584034180
25 240 -1178296707599631768
25 241 -548370040582020487
25 242 -6450062182044660167
25 243 6952733690962200956
25 244 -4165969712520454269
25 245 1879132406577119753
25 246 -5342719023704801949
25 247 592962074069444819
25 248 2819942752598032691
25 249 -7111071999007739289
25 250 7966590810372988048
25 251 4479621838092132287
25 252 -7847904413372413016
25 253 3767279780440655403
25 254 4185004844057748185
25 255 8287789780504697058
25 256 -798230518207944063
25 257 1422981438208158981
25 258 -8971301136019512576
25 259 -1131796484245799136
25 260 4205402772937434108
25 261 -6431468167175235270
25 262 1859966495148227229
25 263 -2971510233780399368
25 264 -1807797027316543537
25 265 -6781365860901355041
25 266 -1524187114059628125
25 267 100248328097897610
25 268 -4870982162086062024
25 269 8664235193772205941
25 270 1691425904256170976
25 271 6704080035907566566
25 272 2767278088823976688
25 273 7421079333776923793
25 274 -7065007311559687205
25 275 4220938939397286923
25 276 -234125942629339
25 277 8306252076045253280
25 278 -7356912211871074950
25 279 -4396468925757413492
25 280 -6883725200218901484
25 281 5005145961504388516
25 282 -1863245495133342889
25 283 4891862316424530465
25 284 -5112816134589750707
25 285 -8675254325944208738
25 286 -8425853603461196569
25 287 -8909491898269264966
25 288 2704722498693640136
25 289 3142310676947729258
25 290 8231857204094113190
25 291 -3991350400483383331
25 292 99727337214761943
25 293 -8332670548616487494
25 294 8971340266166479602
25 295 -6921725853219650073
25 296 -4055107185178082083
25 297 1836542065502610334
25 298 5023343603098052348
25 299 771480782945432331
25 300 -113482817567619529
25 301 8743970444603178461
25 302 -7801946147113042890
25 303 -642222674504684511
25 304 6347429437745773544
25 305 3385464380237671381
25 306 9110658147769748043
25 307 3021052733639316324
25 308 -2266254461036595012
25 309 1927880002619475265
25 310 -7152013446764524923
25 311 -2764346409289006654
25 312 7452628882973173800
25 313 2257987048008097221
25 314 7776002050654878565
25 315 2730047593649359476
25 316 5233328271113035989
25 317 1635630409435995740
25 318 6571152751424406439
25 319 2827233127900390362
25 320 -8085518604330705201
25 321 -3881887550799897371
25 322 -6112537494686223259
25 323 3862100920717844800
25 324 -6816500844950685853
25 325 -2689170892869805946
25 326 8056601403910589127
25 327 8200592586762211448
25 328 -842227211633998955
25 329 -6591603285630789348
25 330 1942051087525977514
25 331 -3549620030687610509
25 332 -421497202816477909
25 333 -1316381219206883000
25 334 6627457812265434109
25 335 -5845063806774867935
25 336 -1196412909788692500
25 337 8684353113212408662
25 338 3662337058742048393
25 339 -7039942253005720424
25 340 -8894605005571607227
25 341 -1405686901646318869
25 342 3324009946572906091
25 343 2439753496955177092
25 344 -712656353921093313
25 345 47481951376456012
25 346 5374007566059086249
25 347 -8078823425184705040
25 348 -2826550920589215465
25 349 -2520603044305930699
25 350 -2714052243457463685
25 351 -4626141452607748916
25 352 -1668684246390209135
25 353 7806847071098982392
25 354 -4256588770897556238
25 355 -1316408846042775104
25 356 -5536972967823850600
25 357 2775572682679338838
25 358 -243023626121749409
25 359 3208853496107247101
25 360 -231580252875114821
25 361 -4082273459037575594
25 362 -4936199086289975119
25 363 -6844078813694382071
25 364 -1994450951262302911
25 365 -8464705755834201825
25 366 -5667995564795165156
25 367 -6996740487856432386
25 368 -4228766874980612956
25 369 8463961985483517489
25 370 -203269075129019376
25 371 -4961138378243389392
25 372 -7727410031961889325
25 373 -6479682646942099155
25 374 -320126648621996376
25 375 -5090868767872780762
25 376 8423407449864901203
25 377 8984829274768080258
25 378 -25681583930858549
25 379 -2355094096969621896
25 380 4709832434831598116
25 381 1149863195427920927
25 382 227123494092244070
25 383 1755730367836127144
25 384 -4703062114560682549
25 385 7546553274440279763
25 386 -7888928556399301684
25 387 -5100171567528351153
25 388 -3439285163478823068
25 389 -4469128071673111650
25 390 -7306463988712862624
25 391 3313602374150117552
25 392 -5966691035968604274
25 393 8520941956243998447
25 394 1808390358964410790
25 395 5207104632339977602
25 396 655391932664609394
25 397 -2436076636014581535
25 398 -7116831342070458580
25 399 2666252837508342659
26 0 3884947268473365510
26 1 5139746047528163874
26 2 3541465035462995741
26 3 -4099664200841621991
26 4 -2766692118893404138
26 5 3199539324213979700
26 6 6058841577382483046
26 7 -8711746095024014936
26 8 -614682250009213644
26 9 1518875342896475446
26 10 7242751924766941995
26 11 -5846000644529581705
26 12 6097442786774561251
26 13 -5960895682911821269
26 14 -6889628817710127975
26 15 6699253400130508472
26 16 -8521785809283729303
26 17 -8899612450461988269
26 18 -158069759399427883
26 19 -3343543116842866119
26 20 4524861985129987360
26 21 7264461064314080845
26 22 -7231801701766896486
26 23 7745467970407569833
26 24 8910873243198818296
26 25 5357061184179437282
26 26 -4958939529125150121
26 27 -565380526951286753
26 28 5014753883109380417
26 29 -4550117335914784573
26 30 -6248544221755279705
26 31 -1299151014210338794
26 32 8154517925034430181
26 33 -8839315840336031363
26 34 5715639896614673971
26 35 8234516010490496500
26 36 3029124138422329302
26 37 1105610283281310129
26 38 -1909239796994744913
26 39 -3575855238602048058
26 40 6189329894671244587
26 41 8108001245821776041
26 42 1328593408510012001
26 43 3303257934910631705
26 44 6510933900826433337
26 45 -7789866613114964302
26 46 1278091196967722710
26 47 7896838878299692110
26 48 -4354938160545793258
26 49 -3546231832322791282
26 50 235034341764339078
26 51 -1572285812552179763
26 52 7536248257252859877
26 53 -5594509109460779055
26 54 -6054237538649759717
26 55 3749135996017773695
26 56 -665276778044563912
26 57 -5100263235558701415
26 58 9206722883775090889
26 59 1316633285027915917
26 60 -357693337256276706
26 61 3841177119722732179
26 62 1534328243897495030
26 63 -7752977409284854568
26 64 3483635171006785345
26 65 -193149804501954623
26 66 5910321097472979534
26 67 6312371535106314910
26 68 5677944016006589180
26 69 -7760908990173691923
26 70 1223757857232425050
26 71 4799894160693497820
26 72 -989679705229853521
26 73 8239211871536562864
26 74 -4767540690767746212
26 75 9073843845848078895
26 76 -539509533922596412
26 77 -4642921139568299779
26 78 2561545067970324475
26 79 9142673476222117539
26 80 4489345166531090672
26 81 7825784134363613160
26 82 2407849293411314574
26 83 -1194032683510109276
26 84 -7884657790725548901
26 85 521514883128185428
26 86 4685171347738142672
26 87 7753808050737331763
26 88 -1844701958738628144
26 89 -1455520350624223044
26 90 4517517401564171270
26 91 -1758646046043684327
26 92 4547138042438504776
26 93 -9141447814000062306
26 94 3242135772377659279
26 95 5843297543360568126
26 96 -418280161669445834
26 97 687361305611976300
26 98 -6246193842880157802
26 99 7077897252883675953
26 100 -3784872940932618716
26 101 578077491917283341
26 102 1952997097821721006
26 103 2173410415208936100
26 104 3813927672559554440
26 105 -7005313533362494448
26 106 4255671652144499317
26 107 8125880899677489964
26 108 -8494731236764397637
26 109 -3046037757120735290
26 110 -1722870531831347210
26 111 3983272894552908314
26 112 -5965115472507309608
26 113 2266344797568558601
26 114 -8400645699346180407
26 115 3558855029436028473
26 116 4094976135467965417
26 117 -7741946319529773485
26 118 -358240679013204970
26 119 -7161912071651924213
26 120 327480329037800793
26 121 6625704904762789953
26 122 8690666595120502246
26 123 3098770307270070737
26 124 3672250572925151702
26 125 4218101920490508960
26 126 -2561467433126149636
26 127 -1343744594176434878
26 128 -2903337481734546280
26 129 -4189259535385981679
26 130 -7656092115911747499
26 131 -3938292031681257212
26 132 5485171975077489746
26 133 5411250696156556424
26 134 7726552803497610694
26 135 -1691762570867485507
26 136 -2994741592950615640
26 137 -2224249919511877197
26 138 -4736377950815821763
26 139 -2998399951443151843
26 140 5075033748809070756
26 141 2483717605294507826
26 142 -8757393411277638805
26 143 -5493378409525577622
26 144 7585814894260424065
26 145 6984120272002818310
26 146 -800625628071416078
26 147 -6642031210919061427
26 148 1761189261749814381
26 149 -5701937951102457002
26 150 -5640900492721866486
26 151 6742761754800948231
26 152 -3277389967928461261
26 153 -8825451449879412405
26 154 6385335684608174732
26 155 -2851677787129055383
26 156 930475423562187609
26 157 5634021301939405162
26 158 4266039397353126946
26 159 -7553099039493274506
26 160 -3319473441133011191
26 161 -7061791505036168743
26 162 597650363723860096
26 163 -7263585326072185309
26 164 6813359763132675544
26 165 -6543168105369082883
26 166 -3760842837382361683
26 167 -7993382778102481601
26 168 776657218303416760
26 169 -1544518473478726076
26 170 404092738291297740
26 171 -7760699750419640433
26 172 -3232017862783772756
26 173 2738237166408982973
26 174 7741585791170214513
26 175 -7628199033781943093
26 176 1004519869441700006
26 177 -2051862970562359805
26 178 9058294917637684220
26 179 440457329967861553
26 180 3780834118183850804
26 181 -5143789014823797781
26 182 -2419999869295175711
26 183 5389943122980144658
26 184 6574949262232164674
26 185 9004491753702901842
26 186 -12323115316175157
26 187 1966172449546778339
26 188 -256857136400693865
26 189 5305140686684292339
26 190 -6811683836358718689
26 191 -9051518230972649582
26 192 -6459915464413395712
26 193 772279732391951135
26 194 -4853643588818234672
26 195 8381751749805665746
26 196 -1533014242421470509
26 197 -385891245286076489
26 198 2293400186138202975
26 199 -8581677694971673699
26 200 3461260585754513059
26 201 6756794796002817642
26 202 -1070984630721491369
26 203 -4704760309189047420
26 204 5985208472106606614
26 205 -345183192126983154
26 206 6344464293448195008
26 207 -7636299745822874700
26 208 6050385024484898877
26 209 4322509128102856433
26 210 4781091391849940972
26 211 2351288570289531723
26 212 -3485757610944600721
26 213 2324380586096111193
26 214 -8643617594627853722
26 215 2432522658536667814
26 216 7746340750943560891
26 217 2486381178614454068
26 218 8094892324848781472
26 219 -4223365632759704752
26 220 2234489320185538261
26 221 -5738237953119980155
26 222 4494391723629246115
26 223 1713105174903324315
26 224 568123270090815411
26 225 -9047716546881644056
26 226 -1125360111769837007
26 227 -1934388337058261178
26 228 2761216890004047348
26 229 523192148353219605
26 230 7839424698511346360
26 231 -7694716419568057
26 232 5549248304564461818
26 233 -3992416083202205834
26 234 8732926562174767863
26 235 -71008347247960912
26 236 -3788943575111901533
26 237 -663126192204439516
26 238 1935333882009229212
26 239 -6755237085415104900
26 240 4811108864967309964
26 241 7383360550635708054
26 242 -8261309292944813667
26 243 -9081016935307566473
26 244 -3700427602235427956
26 245 2270465060089356846
26 246 5097169652770094243
26 247 -7747137333082467073
26 248 2309694831707755465
26 249 -1046571176541413411
26 250 -5550716801671764703
26 251 5504588849910596609
26 252 -1871478683022647187
26 253 6271599766716013185
26 254 -6626312918064230946
26 255 -8161880590525025694
26 256 -4487881785344776047
26 257 6864917804325899270
26 258 5936549943523332217
26 259 -8364245688166066655
26 260 8203008533556325695
26 261 270328167841169879
26 262 2593911766488128225
26 263 4519885787528463475
26 264 -8026509356944866047
26 265 -6034364403048661244
26 266 -1344602298053948504
26 267 -6520466574244508464
26 268 -7632980602429781612
26 269 1103565205426148060
26 270 -4991935303768043630
26 271 4509032718076953423
26 272 4043286893954587638
26 273 8478975711956496991
26 274 -2499237837939841849
26 275 7109544261743115544
26 276 4351950236055492746
26 277 539774192447484085
26 278 -3337877533406229295
26 279 -6166116776720749717
26 280 2693609692893400588
26 281 -9156159361560602821
26 282 1215918751950896950
26 283 -5380611299409944235
26 284 -2582378211309886269
26 285 9199057583469243508
26 286 8770260283060490828
26 287 -6314385297605263012
26 288 8865243901249784727
26 289 -8580750695344511325
26 290 -7025572062123714833
26 291 580735853264887590
26 292 5847759970002042284
26 293 1991692495052583239
26 294 6215930307029022683
26 295 -7611290029832912472
26 296 -6326078068579772007
26 297 6215013547507245263
26 298 -4965282819132280243
26 299 -2335435956494385173
26 300 -1556014350409764215
26 301 -9170081406186086243
26 302 -7865201668648194916
26 303 -7380077499044400798
26 304 5171000185208188519
26 305 -6471127035768188298
26 306 -1150244985909169988
26 307 -1703945968675102179
26 308 931374012634046134
26 309 -4308870452998529643
26 310 -6017254602085941472
26 311 7884434933923227426
26 312 6951859002769609433
26 313 8246126290435922545
26 314 -1139715740463462907
26 315 -8298807576222873610
26 316 -1335252053357216320
26 317 -1345265482717142972
26 318 6840121170616600158
26 319 -4700491342087440180
26 320 4811082598203684195
26 321 599244587620260203
26 322 -8662500376515681236
26 323 4351522398591883001
26 324 -978027960898323689
26 325 6093849117707035139
26 326 3009106058442750845
26 327 -7821033574579165959
26 328 -73541510630597815
26 329 -3231615977363290056
26 330 6367088105328062697
26 331 -7662219128483817887
26 332 -9165521522761050428
26 333 -4955481988502043423
26 334 4665960874266209688
26 335 -8048534388487118825
26 336 -5558359715328424085
26 337 7132708473710273168
26 338 -7459701903577997184
26 339 891096650812514884
26 340 5724242680189432506
26 341 5638914927204397970
26 342 -3031746252847063208
26 343 -716174749506864866
26 344 -6872671594744285057
26 345 -1512132927678883750
26 346 438283693729949050
26 347 1972613853523353229
26 348 3477232561045400552
26 349 6019168263023823233
26 350 -1805540407440501435
26 351 3479328421054985800
26 352 5293230740487066760
26 353 -8577935066350271432
26 354 -7508487725923824538
26 355 6735488384570079767
26 356 3843051681515067149
26 357 2694757157796389590
26 358 -5990939841147300110
26 359 3598283281942134361
26 360 4777149292776646304
26 361 765080975498785635
26 362 5530476019543045269
26 363 6816577485739095190
26 364 -2273617455333258281
26 365 -5208135434327940256
26 366 -3911826870538704890
26 367 4855090284684342351
26 368 6372686468284767182
26 369 -4910980867176747601
26 370 -5321003877951263411
26 371 3898057182816857817
26 372 -997466029268954433
26 373 -7128843242490072958
26 374 -6677285964047046899
26 375 -4446805582805717203
26 376 -7115236761122022377
26 377 -1369912412938582161
26 378 -4590574718394767436
26 379 6816999386356249023
26 380 399699189320655221
26 381 -1698253851197176394
26 382 1848818856603108738
26 383 -2188432068111342290
26 384 3375345562747037063
26 385 4460189741738511160
26 386 -2577853202877864671
26 387 -7480976331272112306
26 388 -225842568221541115
26 389 -7712659305226542125
26 390 -4630750343592303164
26 391 -3813148398599937550
26 392 -3163297099378105800
26 393 5248934789614003527
26 394 2844840096405810912
26 395 5314305568208194227
26 396 1175963703456251133
26 397 8099623731181402701
26 398 5939200953137556882
26 399 -4578703167546784920
27 0 4260997922526884718
27 1 5855708053975980152
27 2 7043698849381418797
27 3 -6577216381075191598
27 4 8367703874425571001
27 5 534470371522268867
27 6 -1055635562683866847
27 7 -7055820669972174354
27 8 -7863260723376512096
27 9 -470736516851454408
27 10 7751187915976112486
27 11 2589892535753272631
27 12 769232115883495773
27 13 367074938967463380
27 14 -7479878278809874167
27 15 -2459162308996995225
27 16 -6197618130867075677
27 17 -8578182320176504936
27 18 -7204679612810993492
27 19 -1921585542312797765
27 20 7162893238536296756
27 21 9185947261834307533
27 22 3796009907463180123
27 23 -575095283247331269
27 24 8744312260028965062
27 25 715205067822447388
27 26 -822055476111143001
27 27 -2695444378134458906
27 28 -6674034670375022478
27 29 4384814487280131492
27 30 -8878824660038811972
27 31 759907442833152111
27 32 -2798003376550999747
27 33 -978583399935208207
27 34 6502042408441023851
27 35 1570043254856548231
27 36 -4348482378593066797
27 37 1330437031705239661
27 38 4437480677902858145
27 39 6021058307086430761
27 40 2518738289752526239
27 41 -2859630287273305995
27 42 -6080541186240344030
27 43 7779176530911166483
27 44 -4704718326221544455
27 45 4720724332529615242
27 46 -7399613169697916931
27 47 8839891736460059339
27 48 589336052829858119
27 49 -1770387898336715468
27 50 -7703930739381647227
27 51 -1766627891597215600
27 52 -8138092307596133327
27 53 3595930597866500830
27 54 -1487114464868453125
27 55 3970952358904196972
27 56 7716639316786594124
27 57 1246406358321361030
27 58 -3642761819422879864
27 59 4572400858652549108
27 60 -8622606098885820555
27 61 -784657684218401202
27 62 -378295393625230567
27 63 -4979677178826816023
27 64 -6729708458485536758
27 65 7993129616574216854
27 66 5975377758520678293
27 67 -5622642124784467462
27 68 -8194707403856611102
27 69 -9086664821606182132
27 70 -6060461878809551608
27 71 640552193189306275
27 72 -2060934512374328769
27 73 -375149689290466330
27 74 -5811872903800708661
27 75 2561605935419751908
27 76 -5882078949517473890
27 77 6029163708485424386
27 78 -404226760096193502
27 79 -8054644086312514564
27 80 -638295342404944569
27 81 -2787325084850413600
27 82 -9040585294480155136
27 83 2222793016409650328
27 84 -3279524988009781727
27 85 -3501205820391626819
27 86 5797804502509271754
27 87 -3411359560259853343
27 88 -5271312951502010439
27 89 1219301448885163261
27 90 4291860682140483048
27 91 1377756265468476265
27 92 -4098481117395628155
27 93 2411920952981832504
27 94 -2157678392081159536
27 95 7874645596895453097
27 96 7189323569030714650
27 97 8983806291624746730
27 98 7696776670421979618
27 99 1726934599199711159
27 100 -3849860240906334475
27 101 3017662823221322615
27 102 -93626895415918293
27 103 -4873772510313015311
27 104 4789009688995399844
27 105 -2878212330856765217
27 106 3202306441622931852
27 107 5670014182615848441
27 108 -8484310043869313996
27 109 -1579630132385188828
27 110 -7096366083338734453
27 111 -7054360297467247713
27 112 8653615731888438774
27 113 -1646551722933854651
27 114 -1200848735089533313
27 115 2784605760500946223
27 116 213743132253183308
27 117 -2319559857306505683
27 118 6338420935002934138
27 119 6357641645218488145
27 120 1249587239302678511
27 121 4911523184410298765
27 122 -7605687194605848601
27 123 -1213681628475253501
27 124 -325530547580975547
27 125 6032672922835935074
27 126 4095107620860599064
27 127 311500128182124148
27 128 6869462748629400243
27 129 -5887106163711791658
27 130 685350340126334098
27 131 -6710793112690789881
27 132 2849039206759559696
27 133 7763505502191254229
27 134 2163742320389992015
27 135 8064473185587449784
27 136 -2086444061589197250
27 137 8116235096380454627
27 138 -2291512172734652222
27 139 809808506122545222
27 140 -1828871457109438136
27 141 -4903124351648711013
27 142 6922963538502513720
27 143 -916815571084189429
27 144 -803310328096388936
27 145 6953922272727237611
27 146 5643998426152183920
27 147 1705408867738365047
27 148 8465185578986784285
27 149 5227287175272227286
27 150 -3529517976052785879
27 151 -2270873540713561051
27 152 1789352816612529630
27 153 -960768347922794759
27 154 3060577209830499550
27 155 6130347362217450293
27 156 7399707511630214051
27 157 -2839973929588857379
27 158 8874890452738696019
27 159 -3876591128445648336
27 160 -4045032746840289400
27 161 864529481976384230
27 162 -975234183412931509
27 163 1829816346639898495
27 164 -6944926039261568774
27 165 -8106773597205865931
27 166 3846848553165383877
27 167 -6405599000438306299
27 168 9019845373854160685
27 169 8030037274600535110
27 170 3727066447776926337
27 171 4235315399485697442
27 172 2645937381357163438
27 173 8361999524402325071
27 174 -4850461257810706030
27 175 1377149344072028468
27 176 -290924478318861266
27 177 3789920960219215674
27 178 1080639332668864052
27 179 -5493657703290092710
27 180 680296239910612246
27 181 5032270847659988581
27 182 827679810879190448
27 183 4578661912868540471
27 184 -2575012323968911649
27 185 3022707259968832437
27 186 -4328721799644494098
27 187 1343563538243134923
27 188 1043754046385993233
27 189 1534302442520679486
27 190 -906802522527471708
27 191 -4713602830740069613
27 192 -8314137747743238423
27 193 3151994508847136775
27 194 5653328904140190328
27 195 5685818066680336376
27 196 4949126897059635975
27 197 2755292808843138098
27 198 -1549675231720925811
27 199 -7776612784837321487
27 200 -2575482022607455079
27 201 6651303329162499011
27 202 7222524685077015220
27 203 -7201930413891384506
27 204 -2787880112794113334
27 205 -4298358976310369204
27 206 -3170052286457919990
27 207 696372928303804414
27 208 -7171344172485528073
27 209 -2780154276385117754
27 210 2989369678563576283
27 211 -2325410811625796909
27 212 -7985598412320382528
27 213 7467085929037014058
27 214 -1339808535039721060
27 215 9095215697629320733
27 216 6387447507573998119
27 217 8737932490547729553
27 218 3399802625236948082
27 219 -7759795510974699598
27 220 -3891972646003413287
27 221 -7760990441904675637
27 222 -6297723761934960352
27 223 -1769679468614185646
27 224 9197763238220640903
27 225 4038435823466267602
27 226 5805619688548757347
27 227 -402849847141709499
27 228 -5072053701870415730
27 229 -239892698839025253
27 230 5177134402449326615
27 231 1764653113933792084
27 232 5922864988996364105
27 233 7501895759774374879
27 234 2397729147094502894
27 235 2895403232454081642
27 236 -2216227550190698710
27 237 2608431517742975568
27 238 -204756511095800323
27 239 -4189502606667471332
27 240 -7006729006446762764
27 241 -8834340519211074889
27 242 3858713631301110218
27 243 8839438600464732613
27 244 1564446529392361453
27 245 4812332724334223878
27 246 -3262274893675860181
27 247 -1456514922479325540
27 248 9167519055384715117
27 249 6860107520993828805
27 250 -9059960466116371336
27 251 -822325883580603813
27 252 7246070752024209027
27 253 8954150133197111936
27 254 -3692100351520937759
27 255 -6126524372371915147
27 256 8022013870094011099
27 257 2962258654282142602
27 258 -8147529313548866463
27 259 -4333490941767534082
27 260 2689384869326257647
27 261 5374421007548853318
27 262 1379743941947555967
27 263 897358416879495213
27 264 7063411844897269373
27 265 3220811312249548280
27 266 -8333532074967558425
27 267 -3358881221807874372
27 268 5658298218858425402
27 269 4692300140352406462
27 270 -6863854174267784604
27 271 6642624509332373230
27 272 2298900590237580255
27 273 7170765841582384761
27 274 -2543643085284288293
27 275 -1636626075772055580
27 276 -8950871562709009691
27 277 1209960978091286147
27 278 4963719457728609485
27 279 -7683369910816188881
27 280 -5074505214112637469
27 281 -6948742682541655393
27 282 -5651920574148137414
27 283 -3223039107333828988
27 284 480758653496768072
27 285 3505107810729565024
27 286 1080933963621780247
27 287 -4813872138369352461
27 288 7799594844634780505
27 289 -8024265220902299382
27 290 5812120871758964448
27 291 5616517892386608815
27 292 -5601674380904410005
27 293 6543626722812718314
27 294 -3664965059093849421
27 295 -4573389816525004524
27 296 7004972958444457562
27 297 -8617601455223562202
27 298 8396654907221244084
27 299 4016790821277611924
27 300 -7278794387486274621
27 301 5041485021941777623
27 302 -4028153435394428515
27 303 6358176603415250049
27 304 -4976310679004163234
27 305 -2428732853216207731
27 306 -5295805229233807029
27 307 -4708388926096844491
27 308 2122382324904744698
27 309 6770154393902518133
27 310 -2186005950166576450
27 311 -3748738230503914459
27 312 6737554833794631958
27 313 8761642452477380644
27 314 -8553163135144106529
27 315 8722646232204547512
27 316 -488268198458564258
27 317 1298374819762634345
27 318 -4634465634039561251
27 319 -3884831154804464885
27 320 -1193742910760858956
27 321 -3816508570494063126
27 322 5403956182366499646
27 323 -8117445244499577278
27 324 2165568797796575778
27 325 7856718260185441739
27 326 -6189303900145614850
27 327 -3467860412503668369
27 328 -7708831120240697785
27 329 -638091565164749510
27 330 -1054102477695810601
27 331 7695734047613073454
27 332 7005213076068708951
27 333 1462992598170315194
27 334 -54933528372472561
27 335 6019868430443381196
27 336 7277859437112580043
27 337 -1663400066570168671
27 338 -8150274899098358044
27 339 -5025368182699030358
27 340 -8448783330984009648
27 341 -4920312464456222609
27 342 4516198282052468381
27 343 -7760235765942767640
27 344 178901287532500859
27 345 -4362622040407944792
27 346 4609077260497397961
27 347 -2305431213849429757
27 348 8001434063552343039
27 349 -5326632244011206035
27 350 2934326685113062956
27 351 4007982922916073415
27 352 -3674004830681698005
27 353 8136362633455496548
27 354 -6923397765395817613
27 355 -2494598136913943292
27 356 8227299202592936468
27 357 3485433917104181547
27 358 4528278613795203357
27 359 -8566911874293600479
27 360 -7868139538796847870
27 361 -4588412812711763704
27 362 -8245642416192753238
27 363 -7697197515449491977
27 364 6350762284022130190
27 365 -7218110752395868413
27 366 7618983712945404333
27 367 3124594743500363191
27 368 5430056538428679194
27 369 -944493041374437065
27 370 -12358992233367132
27 371 -6372959966470054977
27 372 1668849023239318908
27 373 4968229350830126267
27 374 8625668686963557940
27 375 4598913821281549826
27 376 7639044785676751393
27 377 -6664793041917298071
27 378 2696007463715432313
27 379 -8120482131634916225
27 380 -3217855112089577612
27 381 -4930664988422263042
27 382 -5734693906918603243
27 383 -331697955963407607
27 384 6666163018414536548
27 385 -800153695130341996
27 386 -4504753983023789348
27 387 7671863050650991001
27 388 -8923620722944808981
27 389 3703053302188136332
27 390 -7986565420093140515
27 391 -2130548527207946206
27 392 -3258501794598451817
27 393 -1714654530770889002
27 394 -5826030348473385850
27 395 773059766616686227
27 396 3272446772800481361
27 397 -7963924791138550929
27 398 4192533932854662696
27 399 -1869528467097667941
28 0 -4524992650284534821
28 1 8633288661507396761
28 2 -8652643946307736986
28 3 -9027493216351810650
28 4 -2320682307257521414
28 5 -3236159227868143
28 6 -2829509028178903245
28 7 8957938418901403772
28 8 -5382189388677567705
28 9 -3658140312446833533
28 10 5718511132619506766
28 11 -5680204823925356297
28 12 -5205012105195078217
28 13 -3123576418995539913
28 14 -244153519487699380
28 15 -7222241522589361853
28 16 -8534146249846827421
28 17 -491692581728745656
28 18 1549825409563569898
28 19 -2986289654073532349
28 20 -7108512802890265045
28 21 -502430082273650235
28 22 7139959376438697515
28 23 5469862694311325853
28 24 -7784667127623931490
28 25 815176342568108351
28 26 1263117560366289384
28 27 1470787686571864036
28 28 -8875317753497806133
28 29 1469229492194055424
28 30 2912631271367214231
28 31 -8216391836320890670
28 32 3969642544219100752
28 33 1255556147783652246
28 34 6110529672002882486
28 35 2531541531347383635
28 36 -8772281854639201122
28 37 1879140255341070826
28 38 -3330574249542443288
28 39 2817954878386871986
28 40 -7004592326867809724
28 41 1395062480261252617
28 42 147988645784451059
28 43 -3824817199145876895
28 44 8128633386349948748
28 45 -925683760134265805
28 46 3158300559217237256
28 47 7883086012912792702
28 48 2344351370251036263
28 49 -7050770096069205460
28 50 -3723883366237766056
28 51 -8314316496571415121
28 52 -7418188107134792858
28 53 4758437214978941966
28 54 -6676879416604334452
28 55 8047382685670908422
28 56 -6396559671864481595
28 57 -8484519871757102017
28 58 -6049672032986877328
28 59 151851389539397881
28 60 -5474898276747956010
28 61 -9010262954459859421
28 62 -2521612881525770227
28 63 -1614102159190627172
28 64 -7337722961459124105
28 65 6561553206507751062
28 66 2997320002038330398
28 67 3192612262730515113
28 68 6284574525492661391
28 69 1738874060818631197
28 70 229596302280149989
28 71 7160247032730879376
28 72 -3551036555404640201
28 73 4473448881505435220
28 74 7003843388815059545
28 75 -3889401962477882116
28 76 1180522677230853326
28 77 -7279693224316651732
28 78 4221207199083201765
28 79 6265851377011502383
28 80 -5668394587136685976
28 81 9158386045063357426
28 82 4815545232132018871
28 83 9125676221048870559
28 84 -8963705950837243905
28 85 -955695556438686885
28 86 6104792578158430370
28 87 2059503234369733035
28 88 4689973466799849160
28 89 -4535955058209664910
28 90 7165143505418165562
28 91 -506919654905901668
28 92 -2840675992285797756
28 93 -6237816375858067674
28 94 -5408124773741993449
28 95 -1323696726929083897
28 96 6674101878223625613
28 97 6908212922262503643
28 98 -255992026378942568
28 99 4754909537960402573
28 100 -1411063130934304472
28 101 2280649632543362979
28 102 -5589675279747117163
28 103 5422097169769022735
28 104 -2583279149822307742
28 105 7399569964199530551
28 106 -1924789143550293243
28 107 -7628702452341274361
28 108 -7504047762920531665
28 109 8774843592175987599
28 110 1434949143013160635
28 111 -2442984709353757988
28 112 1612710996299568958
28 113 -1072498401535830514
28 114 7628883827057866035
28 115 962259646907967948
28 116 -9191982813717770783
28 117 9047217414208525709
28 118 1272943076798161571
28 119 -8047689481896045178
28 120 -4220082126627928581
28 121 299295774176456061
28 122 311472944207871673
28 123 -4956220631851035378
28 124 -8652599380335556487
28 125 -5103357045541905031
28 126 7458663926434706895
28 127 541120160295920667
28 128 9176036065048821711
28 129 -231183067361919075
28 130 -8619345644116311073
28 131 3810210255644484007
28 132 6596743515480660480
28 133 -6170302651432830174
28 134 -9079333890899943475
28 135 -5569159754397300553
28 136 6916512279248297981
28 137 -601652683208698495
28 138 6430318521241075475
28 139 -257937599322114977
28 140 -8707987008038917661
28 141 -7176979675088452244
28 142 201236362649062529
28 143 -5365459750353692489
28 144 -6580919791659680660
28 145 -5762250673992031296
28 146 -3358113192329501078
28 147 -8725799424904355304
28 148 1264822086363803806
28 149 -8589589324897075585
28 150 -49035240269223533
28 151 -2949574303263854785
28 152 531202541682114122
28 153 -1995724476956212386
28 154 2387578396874518418
28 155 -5601772454625978772
28 156 5318759920724130725
28 157 9032421808877005220
28 158 5110907973853468533
28 159 1418188335277371970
28 160 -3150792985584011136
28 161 8040002558840673522
28 162 -3743292944975705703
28 163 -1441369543766622340
28 164 -4695540332699057136
28 165 1738642537291530318
28 166 -6137139452551747123
28 167 -8660865232166580852
28 168 1507510462721092053
28 169 1162867112140836349
28 170 -4828719134425256001
28 171 5876507639412640805
28 172 5404339547745430767
28 173 -6485712169450625968
28 174 2866464157244533127
28 175 -4574574372262149717
28 176 8807391494540712904
28 177 -5669180523088988899
28 178 4718004231499810780
28 179 5281260366593862245
28 180 -3559233200733932510
28 181 7113000780195668099
28 182 -601606573500062969
28 183 -6063248166817528384
28 184 2692887681661663384
28 185 -3985440043418821781
28 186 8471258023278970921
28 187 3292088545523946619
28 188 -6992453812463051895
28 189 7708132447800716861
28 190 2018637849836415944
28 191 6646428224093438421
28 192 5560064337908545034
28 193 -3750630555281025649
28 194 -1458249922628029615
28 195 -6100423908362725567
28 196 8864142331075386231
28 197 5908470068704702734
28 198 -2315474521707220554
28 199 8476973564698350940
28 200 -2351378033628067319
28 201 6258546733409727459
28 202 5605289695570301895
28 203 3638228336103639351
28 204 6560859256593784401
28 205 -6010477121494863015
28 206 -13300559919340636
28 207 -365243392230204664
28 208 -8772149458960624593
28 209 -5800667386807625405
28 210 -8469935024983033103
28 211 900640066843691127
28 212 8991973116220073304
28 213 -8835420722299226301
28 214 -1684140821663324475
28 215 -9110321889147802610
28 216 -3302302783537311674
28 217 -5246646398602366960
28 218 -2347406018825830134
28 219 -6940865087597899537
28 220 -7011492173804233433
28 221 -4055696672763055797
28 222 5519731449865673425
28 223 6083802704945380269
28 224 -4422565742299165925
28 225 5211695801257096558
28 226 1757274390562052619
28 227 -7440536527760823777
28 228 8875825416771707022
28 229 -7277460306736931737
28 230 -5624647159232948779
28 231 -4416942320833908238
28 232 -6879583499966518725
28 233 -5265724638213922073
28 234 6229628851533915104
28 235 7274819212428349367
28 236 182493031114202272
28 237 -4572780576372716278
28 238 -8328544244880240325
28 239 -1374328458673315188
28 240 4590608531088153072
28 241 4243763131460924697
28 242 -8353350945187195610
28 243 -8820289957562577242
28 244 3902335583109229029
28 245 2937655839459288268
28 246 6713132809777218571
28 247 -7743473412548109244
28 248 -7278413696059519656
28 249 4145091752076920907
28 250 9222080536131687163
28 251 -8560170253404490155
28 252 3686638051034646358
28 253 -7373341134544127398
28 254 2019126876395352609
28 255 -6782796953025137049
28 256 -7104546426177827614
28 257 -6866400300320634361
28 258 1969543209947744785
28 259 8063400546338075565
28 260 -840314594849296136
28 261 8879232721163038932
28 262 6740837558397310549
28 263 2495485906260450087
28 264 2317441329576307806
28 265 6531729137168050264
28 266 4177580734458423704
28 267 -5908114736314917465
28 268 -1813523369770196808
28 269 1933049969978613663
28 270 1188910323159120814
28 271 -8316348662106996810
28 272 -5681975134728304864
28 273 -3029957861654091079
28 274 8867207259522440020
28 275 2751826412795701445
28 276 5727144911894227565
28 277 -3349557283888727073
28 278 -1888669072585739380
28 279 4747091911683297748
28 280 5862808551093074671
28 281 903186430610473647
28 282 7336409952063878694
28 283 -6010844999670575617
28 284 -745940738633924904
28 285 3431434633135375900
28 286 4062785530962014969
28 287 -3786098427242796491
28 288 -2448131398556981872
28 289 6006707496062017308
28 290 4300645047689397763
28 291 6646314712662938122
28 292 2297003700654154535
28 293 7040839942722302459
28 294 -4859547100235618904
28 295 3951437024525766275
28 296 -9139426863195741700
28 297 7728172130466292356
28 298 3974894974378431131
28 299 -2582186916446084310
28 300 -536645926908108972
28 301 -8212069472050253993
28 302 -1954085681021316254
28 303 -2747343060404715543
28 304 -2825268788661478549
28 305 7679570860966526808
28 306 9133727989720698211
28 307 7499685141685145411
28 308 -3744152121199210863
28 309 -3953047638741197906
28 310 7556064631094981368
28 311 -206058549034894925
28 312 7485699067234044438
28 313 -4076138457503784133
28 314 1213594545470769263
28 315 -5887622139673499324
28 316 777881185317813143
28 317 837045563251471294
28 318 -3417309486981099765
28 319 -5014128238326908708
28 320 -1413692793400768665
28 321 -8786053776571139710
28 322 -4158144507758049665
28 323 -6178912775450903857
28 324 2902815424974477883
28 325 -4570528267442780689
28 326 934433659385405416
28 327 458570547600401085
28 328 -2967278925363558929
28 329 2209003962543503634
28 330 8652424456221310622
28 331 8548693051335598470
28 332 -1528938819876174071
28 333 -2376013868697490914
28 334 9151513845784388647
28 335 7368711079361622220
28 336 -5879601195823396109
28 337 -2965305857831254994
28 338 -4123639036144774302
28 339 6867658538076920890
28 340 4090912668353713116
28 341 -4733890021911043614
28 342 -4279046975834981257
28 343 1989710643328019200
28 344 -6855791539399786979
28 345 2909859612257509549
28 346 2373547321699848346
28 347 2687431803001461109
28 348 4259959505086577058
28 349 4645780948791987265
28 350 -8557381921218851621
28 351 -6655563231443524659
28 352 7766169502939784082
28 353 -4126310186620947527
28 354 2957840193901972277
28 355 -5130600895295322682
28 356 -5111175784322096628
28 357 -2788862869479252745
28 358 3368401256881281893
28 359 -164779790890628496
28 360 4714301535584889457
28 361 -8761672758375665915
28 362 7468900638320906462
28 363 8777735515041214585
28 364 -4054699637712270815
28 365 727541232893356380
28 366 5467297360482063455
28 367 -1617689155599498740
28 368 -3527981424396886063
28 369 3520802553077059896
28 370 4546656377037981595
28 371 937956927313114086
28 372 -6382867827700923846
28 373 2932142687058550681
28 374 2757389381939039270
28 375 7594124439302474767
28 376 103182387872312799
28 377 8513322533184334014
28 378 -874751743173945814
28 379 3736689121708808883
28 380 -6838356984922104084
28 381 5080765120418448683
28 382 6672916263527430653
28 383 3828425199608648959
28 384 1096633159970708935
28 385 -7266024474105744208
28 386 8257603805414636380
28 387 -4639509757654516434
28 388 5568873033192047339
28 389 -8475472369781960169
28 390 1071183923122197922
28 391 -1145247387493903336
28 392 4658813901471968662
28 393 5110538043804932665
28 394 -6783506492931102392
28 395 -2612640981978315542
28 396 -4070246788240790656
28 397 5012649707256048236
28 398 -8648899618060842016
28 399 -3830548501691412979
29 0 4425389948363000338
29 1 1474212773382261229
29 2 -5128021283383250296
29 3 1969897417520112007
29 4 4294723750032341826
29 5 -6752976037443524516
29 6 3732420407972399436
29 7 -6838488403640280679
29 8 8613934757369453155
29 9 -5843225760685137531
29 10 -2759243531270155124
29 11 -2588344814631781575
29 12 3889638019193797879
29 13 -9120523883071289434
29 14 -3403860366806815355
29 15 5645108423431172829
29 16 -6202698710507922001
29 17 7583280388763479703
29 18 -9187518888601089824
29 19 -1409570166085034331
29 20 8057182952090860405
29 21 -3064404305110464283
29 22 8729077125934957997
29 23 -4573014226821646660
29 24 -5117994188449925679
29 25 5444824960868314882
29 26 7911290423542584646
29 27 3762168380005719574
29 28 -1756809726928895660
29 29 -640085827034671012
29 30 -2023514043388163138
29 31 -800388036790735678
29 32 -3434759492604833437
29 33 3954025686633020871
29 34 3354708624143839957
29 35 7438280148628782912
29 36 -9122276429030130413
29 37 -6727636986206817561
29 38 -1941969288731411419
29 39 4478523280331008971
29 40 6322702137958796379
29 41 -889115617006539198
29 42 7655366514348159883
29 43 2275283415417836936
29 44 4204481886726356765
29 45 -2117595512591310375
29 46 -6227002975497602164
29 47 -9074784956859766765
29 48 -5064638902472391037
29 49 3277442862590186598
29 50 6334114332284719008
29 51 -4269128019763964165
29 52 -2817632416150073847
29 53 6762532109985650684
29 54 9101776685626477209
29 55 -7707591451202094332
29 56 6892264147447822883
29 57 6520885300300208651
29 58 -6423141689136657221
29 59 6708035451774609468
29 60 113955003374562668
29 61 3580815584756312627
29 62 -724721784485641285
29 63 8179186544561686605
29 64 -4592212421496777651
29 65 8509896069508027872
29 66 -1325578862500122151
29 67 -7556482720323375159
29 68 1728518837145034017
29 69 7177777660239251494
29 70 3012347922115161690
29 71 2847314916524508488
29 72 -3422348846167983958
29 73 2245693111581162145
29 74 -6729849073829794316
29 75 3542225164953917774
29 76 -7648702897950461458
29 77 -2178630277273361087
29 78 -3387063863616595818
29 79 4762303588589764071
29 80 8296766482164368092
29 81 2706140219382533531
29 82 329904940115331435
29 83 -5801205753183497261
29 84 209544637667693915
29 85 7610695023855230170
29 86 -6085495105201179270
29 87 5489183521801662004
29 88 3662887132404822994
29 89 4566967845276905959
29 90 1830005450891378081
29 91 6499941904905964591
29 92 -734922896061983457
29 93 7146028527991433690
29 94 3582434947551307514
29 95 -3587495779847982738
29 96 -9110820029097828857
29 97 -8656574684421879929
29 98 -8584315397329516057
29 99 4367656946861002936
29 100 -1876937731886555490
29 101 -1841385269622714720
29 102 186796199302023967
29 103 -1952183513977509131
29 104 5769560482630364383
29 105 3806066547105912410
29 106 -7637315246345889475
29 107 8596061182875782295
29 108 -7027649914973893127
29 109 -6353113264916446339
29 110 -1080693630989460225
29 111 5635933888060615874
29 112 6871431570185211404
29 113 -6854789964369652637
29 114 -4344687296280793476
29 115 9128789157059854704
29 116 8941341039892440081
29 117 1148639749708042266
29 118 8896176465361684065
29 119 8655356854581986880
29 120 4678683587363741221
29 121 -7069105526304647955
29 122 -1799551310976425183
29 123 3999012855893342785
29 124 -886911675883497488
29 125 7772822192470367435
29 126 -1761138503453146014
29 127 626934633977982337
29 128 5412752496599957263
29 129 -8428498258644095382
29 130 4174187752434958050
29 131 4441510709705393418
29 132 -4900734800604060110
29 133 8243047702766546931
29 134 5893591748194085002
29 135 -1304312545943476157
29 136 3888153712006197244
29 137 -7193078810764755382
29 138 4717548030291346293
29 139 1388273361610877572
29 140 5401491880118786999
29 141 -4427587511597932615
29 142 1180826134399466629
29 143 6341240521398610489
29 144 -2910885127603494184
29 145 2269657224827027734
29 146 -1067334380932798266
29 147 5313428327725976081
29 148 -2907004134510167413
29 149 -5549080664169313458
29 150 -1971062044821182624
29 151 -7486567922602740717
29 152 543419600117054840
29 153 -4177258392714331235
29 154 -6760679322411251828
29 155 -8887086100781915371
29 156 3741645973882758301
29 157 -5129467572675023379
29 158 6141521480569591696
29 159 3136083357813177802
29 160 -4678790512786324752
29 161 -2322176084864220720
29 162 8128758644903525873
29 163 -6220121578128830648
29 164 8213884035948107218
29 165 2070280722855352925
29 166 -3968276875048986188
29 167 -7450119197394224598
29 168 6145651937131356072
29 169 2270310886888172001
29 170 7372799470704197075
29 171 5977541411840065441
29 172 7574347985671108897
29 173 -5924706482913605757
29 174 6811803066987902571
29 175 9124464128800663593
29 176 -3793822818797209660
29 177 948069218624777581
29 178 1638458411673050499
29 179 -849969072494078873
29 180 -7936136258233441454
29 181 -2225915077323674135
29 182 -3681646862657813001
29 183 7871895646029265243
29 184 2094841657400796107
29 185 -517944149269376017
29 186 -3748477673887768709
29 187 4613224602044131297
29 188 550615136528563002
29 189 9215818015228958170
29 190 -7379075921996892516
29 191 -8251020727955988262
29 192 7589465836145603319
29 193 -3592473435771840948
29 194 4188204504584328737
29 195 1802937521870389231
29 196 5265694781313874324
29 197 -6201016827692997468
29 198 7253400502830515748
29 199 6669541808156942542
29 200 1349336109500090725
29 201 -1841306248791656343
29 202 -6673131086019883270
29 203 -7983657776786676011
29 204 -729322590078554623
29 205 8270071040859430238
29 206 -4217535858091740967
29 207 -2880097401863956256
29 208 -4648917531323729466
29 209 5986446236531196539
29 210 -8448309681345210271
29 211 7446981464779331728
29 212 815908198484751355
29 213 -3256623907419055780
29 214 -6653857588061913766
29 215 -3760246288476522267
29 216 194450005903736844
29 217 6500294094688069125
29 218 4603869874280698706
29 219 6817103508360843875
29 220 95881227175152620
29 221 -3761125984626855763
29 222 4508491470462597620
29 223 6038785397219412008
29 224 -3583399180306973449
29 225 6917625210376388195
29 226 -7315643152880256878
29 227 1318165998005567437
29 228 -354644777921336708
29 229 -6067536868360214671
29 230 2078410713615714312
29 231 1276416983398817369
29 232 -8125409678204472680
29 233 4439160901298632275
29 234 8214133170399744012
29 235 -4796001706409042130
29 236 8920265119959257593
29 237 -1310566394076496095
29 238 -636446609446633728
29 239 -4126334037433855592
29 240 -9024144945206810235
29 241 -5601409844548958198
29 242 3965843080770646010
29 243 -5993915951501366148
29 244 -6682176403124191407
29 245 -7479470265753139683
29 246 6552581713875204224
29 247 3750115194654943888
29 248 -6677673519248117622
29 249 6222153219829918025
29 250 -6681768197052674942
29 251 2903652418245007159
29 252 -8896894831421949287
29 253 6282836191957352399
29 254 8522679051125805066
29 255 3968310570010224409
29 256 -4538496107815063499
29 257 -3878680882568395578
29 258 -7633743074773569685
29 259 75627956752929426
29 260 -3411884469679660890
29 261 -2395218367436637552
29 262 5485584985904569627
29 263 -7537179283375264111
29 264 -4558066508874247189
29 265 3406666064631590860
29 266 2100728522595966399
29 267 -7754704340796804518
29 268 -8394866298829286911
29 269 -3630305245269826006
29 270 4838260508059954221
29 271 -4721179599392951222
29 272 -9065301448771060483
29 273 -4497746799530356971
29 274 5915142627489983082
29 275 -4983280085567119320
29 276 2928869955974777576
29 277 -4463330175058264856
29 278 -3791537390075072383
29 279 6419980653897219168
29 280 1123231490618967550
29 281 -6420496819167488319
29 282 -8164283807137798171
29 283 5508475205398551632
29 284 5806612588137362399
29 285 65388959687957436
29 286 7445488722239874580
29 287 -8363014364966641428
29 288 8737287816776313971
29 289 -2549315229485391103
29 290 6239128018563554102
29 291 -5221151242827129733
29 292 1849659904141838366
29 293 7067099170076753657
29 294 6129424503857274365
29 295 -4758241571068213081
29 296 1273835421517032782
29 297 -3579073036355630880
29 298 8517302584713720770
29 299 7591744180286435987
29 300 3477032595494736302
29 301 -4931776402065405907
29 302 -7701272011055276523
29 303 -5069391593424774294
29 304 6190955487001760482
29 305 3878058865189013362
29 306 -6759678366650840997
29 307 -3500376538223772164
29 308 -1499920418374581644
29 309 -5832904625226191876
29 310 6438872837458598051
29 311 3659462251312602249
29 312 -5557044410729166463
29 313 -76421666775729303
29 314 -8757861768399527102
29 315 5637850907544161178
29 316 -8990763788419430668
29 317 -8601632127568320463
29 318 -8884162385892330202
29 319 -7526939581652117985
29 320 -1919097345719584100
29 321 5932330585587713442
29 322 4681413597704401767
29 323 -7457060069251854323
29 324 -5238138941074563576
29 325 6064366258938909272
29 326 4703912390692084618
29 327 -2989049266537000921
29 328 -2381278760401259181
29 329 4611269717575720584
29 330 2284074796046391074
29 331 -191728100892135994
29 332 4437385464714554707
29 333 6947586307689234991
29 334 -7008157761509619444
29 335 7314401477335058382
29 336 -319220078826092754
29 337 1500910621648451085
29 338 -2255468498058434218
29 339 -3093260886783311930
29 340 -6319763656098158094
29 341 -6377079896003745848
29 342 1197458891468101522
29 343 6872810879715825203
29 344 4037724426734556799
29 345 -7191405323060852721
29 346 3889911334468896045
29 347 -1495293906105815649
29 348 -4085419825549422216
29 349 9208746556109486707
29 350 -4302611146162811517
29 351 9000507135777865580
29 352 8435553906498047242
29 353 -4536248568720908015
29 354 7869296650689106398
29 355 3996679087106849753
29 356 3302336415796820539
29 357 -8650675959010469929
29 358 7045755396944113393
29 359 4270695681531274430
29 360 4971839345049839688
29 361 5578621027909610595
29 362 -5057267665571575303
29 363 -6513043727148318904
29 364 5078657972169960951
29 365 3981460105583265790
29 366 4178507596054056423
29 367 -4977380375000177794
29 368 297166702465049664
29 369 -3857603455724228658
29 370 -1577837440057582747
29 371 7289883758519624653
29 372 -3678769899277374228
29 373 8718723853336225457
29 374 1747838599661369300
29 375 4975099174828836963
29 376 -4887802950452005751
29 377 4314397001566555639
29 378 -8949356907080679685
29 379 -612222165854782886
29 380 -1906084903169113436
29 381 -1488427726443874618
29 382 -7494015789660618824
29 383 -2542747235427657931
29 384 858404268239780481
29 385 7044179512584826213
29 386 3297221881970458513
29 387 -7219169174475434066
29 388 -9047159482015934996
29 389 -589119035339043509
29 390 -2902410617289272155
29 391 -6697293069068003265
29 392 -1914736846467918549
29 393 8443765190842096834
29 394 -399152933968723168
29 395 -3140482340271326192
29 396 -1943763175530252902
29 397 -5462006401134295586
29 398 -8063982176566216937
29 399 -5422011820149288471
30 0 -4280853062421670484
30 1 5737664408718492415
30 2 -4208050161564768959
30 3 -5986729137067750457
30 4 -5889481889565671970
30 5 -2645231469182508105
30 6 -9173879963893244292
30 7 -3318112964143880971
30 8 3256285245616191689
30 9 9218993979197224456
30 10 -3652861704930055824
30 11 8590305521204682386
30 12 -2835632473539130668
30 13 7309252020282708179
30 14 -1586629552543308821
30 15 7853916376605752477
30 16 7128470163329279420
30 17 347936917140736374
30 18 7418055972582841566
30 19 -8447767647509914980
30 20 5631055211679266337
30 21 7737517722901519887
30 22 -50525812368748274
30 23 6893780124212580977
30 24 1281281641545865108
30 25 -7465000917822067339
30 26 2249679455171529658
30 27 -5081759514582039896
30 28 -3464693932951527871
30 29 -3436280358099356906
30 30 -7742573749392935325
30 31 2582262301633788059
30 32 7745134518084089258
30 33 -9006378920002064762
30 34 -6650842468127946339
30 35 -2287086583505848963
30 36 5119195057565756265
30 37 6257477811283692506
30 38 -1882612547636774724
30 39 5260491882946239757
30 40 6430911692661965494
30 41 8367440604736514591
30 42 318009512644068461
30 43 -1265074729162699285
30 44 2793873124177484563
30 45 7644658382343290854
30 46 5908632864696793540
30 47 7492366366646428154
30 48 8418492502327770858
30 49 -3353750147378169364
30 50 5094676337354680470
30 51 1905965016661588016
30 52 -5820988611823982718
30 53 7736048159573488816
30 54 334831322140614731
30 55 2014536658420910191
30 56 1823404178611980335
30 57 -3496788123573525121
30 58 -1342212219724986363
30 59 -833186314129439906
30 60 696407379140656109
30 61 -4426253064859462940
30 62 1803636597840394561
30 63 -6431589212502412025
30 64 8977296333879525496
30 65 4723406998563717900
30 66 5214039088682520067
30 67 34741126493141508
30 68 -2596294265144965338
30 69 1054495294615418182
30 70 2100278327834294093
30 71 -9212781159082823882
30 72 -7587156858380995155
30 73 7056994334904806564
30 74 -8749984273155784307
30 75 3104749329676977127
30 76 -1425501943194309166
30 77 2297322652023654847
30 78 1764513102421374399
30 79 -7741439428223306348
30 80 5887492502600435752
30 81 5039481754268240467
30 82 88982182691484884
30 83 4676803364548740377
30 84 -4849086522473901542
30 85 -7277154374229147145
30 86 -1458938212919337605
30 87 -3991157016396100639
30 88 -8965386027926754044
30 89 7109069606774208296
30 90 3160787051565961183
30 91 -2986112736899348667
30 92 5005159709882263484
30 93 -819068738331826971
30 94 4809526553998858868
30 95 -8452253925382921098
30 96 1312723006696001791
30 97 -6528832895222613008
30 98 -7306349290173987917
30 99 -1468273923619051659
30 100 -100603494177897512
30 101 -3616304030241999027
30 102 5952297135679784043
30 103 -8719082655860371220
30 104 3174917345995742783
30 105 6582434219771512486
30 106 -2749543385988053981
30 107 -8677093496029891093
30 108 1967918501891105005
30 109 -8156736683319531382
30 110 6142388295411071827
30 111 -4647257495409348396
30 112 4609545381738924560
30 113 3380514706707011586
30 114 -2750166455073291437
30 115 -5716085704481399305
30 116 -3320095217581351679
30 117 668715007305025082
30 118 8727711800098609747
30 119 -5424544814589595782
30 120 -6403196970331223308
30 121 -681864232217108068
30 122 3807028884507370502
30 123 5491249149374095510
30 124 4729981043233537448
30 125 274540774904677761
30 126 -2483640381799518369
30 127 -5529655683419115572
30 128 -904318473259467649
30 129 -671973970611736585
30 130 3742824381269669761
30 131 525533896242142686
30 132 -2452861085736034809
30 133 3896021256963008154
30 134 -2823177500723688165
30 135 -4774396025145524859
30 136 -1782361908686397214
30 137 -8690618975352907902
30 138 1967156490070579703
30 139 671833893065030200
30 140 -260965609713338565
30 141 -5865728930477680142
30 142 -6044428905487385370
30 143 2672978388308758587
30 144 -7261775617028676798
30 145 -7983358607140009638
30 146 -1577901126482683966
30 147 -1178601368476456712
30 148 8046256259327502738
30 149 4415648101048637998
30 150 -2927895352434309159
30 151 506202855765842159
30 152 -7114950660004266632
30 153 -2429768977876060905
30 154 4615563101318844019
30 155 -4101090178117397878
30 156 3135882120153902461
30 157 -6718676545359459412
30 158 -6225719837081897821
30 159 -4751620840832749897
30 160 -8889902520850798655
30 161 5640126912710544198
30 162 -1844677443398994947
30 163 -8318221371243494172
30 164 -6453157899913184241
30 165 -2862493580975365049
30 166 -863195422043361219
30 167 -4117847123893534220
30 168 -2464652828408057341
30 169 -5827358629281760595
30 170 -4100484156473485687
30 171 -4237111992917368367
30 172 7653105991894239385
30 173 -363753448216997451
30 174 6147141631791356372
30 175 6909005511873313954
30 176 316339382651000763
30 177 3718091231220675104
30 178 3326342751614083209
30 179 2882797133970125290
30 180 1096435056634247514
30 181 2060146336613620002
30 182 -8630262543210798338
30 183 7925508410381944898
30 184 3855448332724496797
30 185 -4036076737741864719
30 186 4439730311686248862
30 187 8537534793580542662
30 188 -8835378786930483969
30 189 7879276015469112681
30 190 -7579615485356162147
30 191 8282181825207736637
30 192 -653409967033033948
30 193 4508596782631190105
30 194 -2029863472344095468
30 195 6516847296004116860
30 196 -1982054858130604883
30 197 3499410952157926263
30 198 -3133037629858996422
30 199 -1412673821113580359
30 200 8288990172686313349
30 201 8341149766618152172
30 202 -5764495756350581627
30 203 3716320733358593315
30 204 -3739975031561853174
30 205 -9052074067034694345
30 206 146409926510915265
30 207 -6291192638251926622
30 208 -4066895978680530694
30 209 4424160982055153252
30 210 1497644475706084257
30 211 -5273637361533727702
30 212 2563948662368698699
30 213 -2341493713812386853
30 214 -4000796454804085659
30 215 3995536496431973235
30 216 7824927856287239970
30 217 -822463048314965907
30 218 2790488220464753694
30 219 2982905201350549286
30 220 3658244001169544032
30 221 3498815385194898362
30 222 -1888889112665040017
30 223 5318593232562741677
30 224 6409057575690489930
30 225 9157349173784087189
30 226 -1272116208599733957
30 227 4860411298114785123
30 228 -6433333700492677433
30 229 97181987692512158
30 230 2826215427342123110
30 231 -2196133969299117633
30 232 6528890411687184846
30 233 -6238698491619358344
30 234 6402865626983883684
30 235 3459826086208586853
30 236 -4070729530317232207
30 237 2533493402864179869
30 238 -7213914278661728448
30 239 52263061982446845
30 240 -5594214967480554967
30 241 -4507890837346436267
30 242 6477699827781012208
30 243 3216248282206584937
30 244 -8381085372068199325
30 245 -274421325340356989
30 246 -7773378697753406049
30 247 -9032074322537806922
30 248 8773605730465836657
30 249 6441818617763549258
30 250 899570393964886990
30 251 3669324177319667095
30 252 -5627200419983081579
30 253 6576888838789317808
30 254 -1159094966844088076
30 255 -7199763374256995614
30 256 6994913062249433246
30 257 -7664297335838114857
30 258 8125452621202676546
30 259 5703547971858275294
30 260 6452834624063296850
30 261 -1695842013815234522
30 262 1396369423171625740
30 263 6012105614778514627
30 264 5088491600423330170
30 265 -704409378717850952
30 266 9139584675460528244
30 267 7495267675228165486
30 268 1601404789518665743
30 269 171953002375994175
30 270 4361873340857364757
30 271 4206097884300478113
30 272 -4041531631798173237
30 273 -7352667198496527196
30 274 930350800963145436
30 275 7444621580743170978
30 276 -6481712225520757460
30 277 -7265304921393301664
30 278 9020605413795188869
30 279 2383800174697586357
30 280 -3664539967277506214
30 281 7313168505391136809
30 282 -1691380823402074477
30 283 -7994107620780691234
30 284 -1796044903892081843
30 285 9008032585719451209
30 286 -6841598778889163279
30 287 -6773799833843981357
30 288 -3338716355591324064
30 289 4559342131291455191
30 290 -2316795392880672698
30 291 8576123078700708100
30 292 -1737325672300908907
30 293 361236375318741870
30 294 6351421914996390689
30 295 7506378656591442830
30 296 -4902959152024753868
30 297 4228821250964963291
30 298 7975712225213967255
30 299 -6634530597819481166
30 300 -7643600356093835224
30 301 765644918554433421
30 302 6559838016446487064
30 303 -760012144299805152
30 304 4542444314766850526
30 305 575912045202340399
30 306 -6302872632881353136
30 307 -5261287328224077753
30 308 -6916728702720473274
30 309 2865953172316153219
30 310 1285771542255903199
30 311 -3639637460850341375
30 312 -395234362203309782
30 313 641669312641896142
30 314 4409617617793047452
30 315 2945625910993630663
30 316 7690523043382229964
30 317 -3202740085411051611
30 318 7068861393857696853
30 319 289133813667006553
30 320 7162961760364480227
30 321 -5693485151381253797
30 322 -1919331660991551818
30 323 -129021825448775802
30 324 -6227162592026974547
30 325 -6172984356281558931
30 326 112371054852518742
30 327 -2895836737939915054
30 328 -3358521290559561922
30 329 -8725610945103488295
30 330 1849052974344854654
30 331 622380066238986032
30 332 398371543969880101
30 333 7536953434057408461
30 334 5536740610357742495
30 335 5117815399820956094
30 336 -3743136644315432655
30 337 1759757216716576336
30 338 6348258996079569148
30 339 -8080928572967786143
30 340 6139236160370830235
30 341 -4426788161941239674
30 342 490459472927342996
30 343 8581058030086189332
30 344 6401316386666648394
30 345 -6054384678505815509
30 346 -1565137260059577859
30 347 -6027672087873943844
30 348 -364996538711510495
30 349 -7217816906864466778
30 350 -6377675861817819906
30 351 -3438805103168608467
30 352 -6743586961269923397
30 353 918460016323725555
30 354 4569805585911936092
30 355 6699252533243593252
30 356 -6550263070900575403
30 357 -7320013747265062792
30 358 3494636498973054444
30 359 -507167409826856608
30 360 2328005685193892560
30 361 -7881164010453626362
30 362 -792599002558093319
30 363 -8870552361131611472
30 364 4561916784851039328
30 365 -5580039896826728605
30 366 823488045089198226
30 367 -3062691604217151151
30 368 -8114225934486324427
30 369 5309197400748226477
30 370 3536479271656700847
30 371 -1026103873041815392
30 372 -6188637322390540345
30 373 -3109561103885493233
30 374 -2516189709780389543
30 375 -7492012146421269073
30 376 8550561134208310525
30 377 -7837868701138962474
30 378 6376004217439689880
30 379 -7701661974785208600
30 380 3225372564165156467
30 381 -8178855946789959029
30 382 -7493277116224803259
30 383 5715361636937160148
30 384 3369561475738474130
30 385 -6835775037874768368
30 386 8595953959836728625
30 387 9197738022927272525
30 388 7852748373696453427
30 389 -39640328813767759
30 390 -6579045824753226942
30 391 8797321519984154499
30 392 -7192940355057701134
30 393 7608729574454732507
30 394 -7562149488293677527
30 395 2155134050043922160
30 396 -7678032667977487163
30 397 8213781676321701432
30 398 -3230048343808043205
30 399 2768168300944312572
31 0 -5431490663639962749
31 1 -8487691733070761905
31 2 3312599977251415846
31 3 4189224024350644097
31 4 5773168039916734072
31 5 -60330627027303667
31 6 4890444718467019605
31 7 8422196931102748420
31 8 1117802147529243081
31 9 -4154819224753947553
31 10 2126663096391433988
31 11 -7114593048895482327
31 12 6881987854101043775
31 13 -8240471382359790407
31 14 -7528237036857056264
31 15 -2882910357783364490
31 16 1421498205726066790
31 17 2953493607206934191
31 18 -1440143787941189125
31 19 -3082468143395516278
31 20 387549738717275907
31 21 -3004617454392422451
31 22 -423696670030469027
31 23 1000175426736483885
31 24 -7976956652594376007
31 25 -2148734471084215853
31 26 7446057517252906289
31 27 3387305788678735452
31 28 -3764498121059739705
31 29 7367559191842442229
31 30 6713886356831112236
31 31 -2950310962219836895
31 32 -6309519139242419599
31 33 -8413411956313684749
31 34 -7603044751037836082
31 35 8868926147211463067
31 36 8694225057307936224
31 37 -1242064095957227038
31 38 -6152900014438686949
31 39 8564473616272216024
31 40 -3493199770823633921
31 41 -2038561814790509918
31 42 3987436958666635123
31 43 -8776544636288743008
31 44 -8351586207465769180
31 45 -5348199672967942648
31 46 6998534282554843504
31 47 9129237685876352766
31 48 -1486389637191772409
31 49 -6449527902878434541
31 50 6181683652131374293
31 51 8656557796155968692
31 52 3893680478624437843
31 53 9220237683179237720
31 54 -2908019851380466231
31 55 3020605240248259027
31 56 3097115956910653598
31 57 3272694383313697297
31 58 -3725195793668275377
31 59 1113650422078173472
31 60 -1641223274743072288
31 61 -8397018933256019112
31 62 -3494506316515945457
31 63 6039538903614278801
31 64 5353936372565743171
31 65 2163475635906967774
31 66 2996923434173914735
31 67 6437495082217369080
31 68 -5914573174236291031
31 69 5423858172047086942
31 70 6229149725674296359
31 71 -3248722517714586088
31 72 4703075913273273354
31 73 2438622886276262176
31 74 -7451332531757253238
31 75 839970625866440857
31 76 -7444735018927448032
31 77 -7268994395511547505
31 78 4277478498514393780
31 79 -6645671866081356817
31 80 -6495282040156207146
31 81 7174901240555083039
31 82 2937008534011364274
31 83 3424945221713605811
31 84 -7805699923243065482
31 85 -4549736892737513670
31 86 -8176035081433401406
31 87 2514550990972394195
31 88 453493575906764052
31 89 -4024799312511311786
31 90 4562679847126746910
31 91 -2648371323252576125
31 92 -5249294714311892336
31 93 5757604913897200861
31 94 -1817491977408336441
31 95 1117022113806734123
31 96 4861559494250654636
31 97 1961455947430967590
31 98 -1803793272649716990
31 99 3779364500249180490
31 100 -3071642923580683905
31 101 7532058132959603978
31 102 8970078763677235263
31 103 5204237366672427878
31 104 -7628285340555275647
31 105 -8488702099850762101
31 106 4956554594416486428
31 107 1903577179573293245
31 108 -906520260282629127
31 109 -5967628935961259770
31 110 463408169317258262
31 111 -7496954383164135190
31 112 2150275205020946078
31 113 -2297291782248443144
31 114 -462950687209282966
31 115 -7084788221462137444
31 116 -9221154663000910703
31 117 4578913812585687854
31 118 -804495452156304274
31 119 -5105538403561059108
31 120 -8968971877969241834
31 121 -8760856435795791008
31 122 -620656243673835422
31 123 2179911709107671604
31 124 -5348089935085579110
31 125 3612815841521367603
31 126 -5467785231915556996
31 127 -7347596778178518436
31 128 4087335040847316269
31 129 -6405635195837098807
31 130 6335256589993214379
31 131 2938768809960661215
31 132 8833459573102570289
31 133 -3876182505897736258
31 134 -7130802856946629970
31 135 -2723442015576961026
31 136 -6532888378935894511
31 137 -6246944909112579099
31 138 6102808638201785151
31 139 -5143193459219680333
31 140 -797879111824141828
31 141 5118427369088855391
31 142 7128843959422061961
31 143 7132565698077811444
31 144 7521050717375843426
31 145 2404616152700105852
31 146 5153539951391646549
31 147 6554533720673376785
31 148 -5548107959499784004
31 149 -8934469534060265557
31 150 3687018289025875806
31 151 3562176640677097422
31 152 9188740645199834923
31 153 -7517459921116019447
31 154 2434905900537689106
31 155 -3439371389101982609
31 156 1427961236366945675
31 157 -5911114651186179074
31 158 3524101280490597665
31 159 -6059244955881407253
31 160 -8382292556686220302
31 161 -9013317509230000637
31 162 -855415730046874691
31 163 -2815452658631797817
31 164 3680323677877367968
31 165 8591015992561476909
31 166 2546993989959769926
31 167 -8375632610183724910
31 168 5955666382059216840
31 169 -7978728758892333150
31 170 -1014476751121938206
31 171 6030040057466108981
31 172 -2337470709752235590
31 173 9094053187557053684
31 174 3813079955744668794
31 175 6197789942597581483
31 176 8585427457526095314
31 177 5534103866853184188
31 178 3027657130301086210
31 179 3301129218019084389
31 180 -516293911354801507
31 181 5061186879865966809
31 182 7324244366284515703
31 183 6819703524323970535
31 184 -536101030994459672
31 185 3018102323749104168
31 186 8664490123163703050
31 187 -7890729996466160860
31 188 -5888984591493136727
31 189 8318352379395005917
31 190 -2223528026363266378
31 191 6169461540600727095
31 192 1597321003984962630
31 193 -4541967933155914430
31 194 2611458258257371978
31 195 5954808444204876882
31 196 8872465127914436568
31 197 4368707831308590496
31 198 -2001986015549025337
31 199 6478086686676756734
31 200 9015192015922617194
31 201 701282801249796613
31 202 5925178354695094421
31 203 -4491679376022202023
31 204 8603942832458865619
31 205 -1878445435037688502
31 206 5830719580480493777
31 207 -849909219900441111
31 208 -8879132250991627616
31 209 -6277382909640288286
31 210 -1304766820946234538
31 211 7782664340502744899
31 212 -7550954025458092741
31 213 -5674007943703944040
31 214 7096825556372555295
31 215 -4942985359520791085
31 216 -8218984721141227250
31 217 400222193323523743
31 218 1410895756992407453
31 219 7521294723252164018
31 220 2856010005321914259
31 221 -2853312665077713112
31 222 -3984623905374736786
31 223 -8221106206019683822
31 224 4114260153575212714
31 225 1981306151826336215
31 226 6943542978067933729
31 227 651208226940965131
31 228 5817313552759741353
31 229 -1473580367034330031
31 230 7583278735189376183
31 231 8993332893078461586
31 232 879011476318037425
31 233 7440858011613291158
31 234 8313927718881313532
31 235 -7574295069057591787
31 236 8084621625293251024
31 237 -7937113721862155635
31 238 -934040161735417829
31 239 -2649865844856387457
31 240 7721203206851687409
31 241 6699284932692556311
31 242 -2076046401988999442
31 243 -4286552693981781272
31 244 -7359440186640790843
31 245 379022758763173905
31 246 3121996582507968035
31 247 -7256951795722537113
31 248 -7632202979305330694
31 249 5064937727674720407
31 250 -7829348616157619219
31 251 9083462700457410252
31 252 -9217484871378889355
31 253 6417535831009882788
31 254 7432030735391064512
31 255 -4373149789063550426
31 256 6007042443126114104
31 257 -8793609930023288642
31 258 6550798875355413254
31 259 -8011792536443600582
31 260 -2908789535320891828
31 261 6297538285919054299
31 262 8023468573168439515
31 263 -7332004187120659386
31 264 -4685518754419967286
31 265 4299148180079541900
31 266 1526747213309998455
31 267 2828527752889172258
31 268 7244902149369068724
31 269 4359176703167466224
31 270 5464402025378638267
31 271 -3146270284468500276
31 272 222730291937714725
31 273 1101263135402140522
31 274 -4471427411774279778
31 275 2789810677686227096
31 276 6128270834788166044
31 277 -1949687312222101597
31 278 -2990270879105879693
31 279 -2490582267525503077
31 280 2987458948029842613
31 281 7521427941293199040
31 282 1660198361494564587
31 283 -2672733761813471203
31 284 -7355214059205091847
31 285 -8113553778360130971
31 286 -6144255108647145792
31 287 5601412377133628286
31 288 -4744525978025861815
31 289 8325227656997287225
31 290 3984946532406242198
31 291 3045312205322323736
31 292 8489495123404726154
31 293 -3240031359025862107
31 294 -4234707341102427294
31 295 -827367386722753518
31 296 7043219050608722450
31 297 771201511504117689
31 298 -9181096815782057934
31 299 -8501937644253166502
31 300 -2199955315876942204
31 301 -6778292878312051305
31 302 1477241148335648697
31 303 -4825623095631888490
31 304 99479918957066585
31 305 2091302308676370598
31 306 1929153722639593248
31 307 4606819218727429551
31 308 8647529663248584573
31 309 -249165360670901138
31 310 -6634614997248810822
31 311 -4689669291588670015
31 312 6387001068068857975
31 313 -3432438693689315092
31 314 7918873218656131614
31 315 -108655860080238929
31 316 -7262490777163967725
31 317 2274874407500670070
31 318 3345290370542875791
31 319 4334015913199715868
31 320 -8954705412188556331
31 321 6272944387169582013
31 322 -8596124765069466867
31 323 -7751720202777212571
31 324 -8956558759996296014
31 325 5027574700016443579
31 326 4886202000337842730
31 327 6855763265663601197
31 328 4255322453020901187
31 329 -7030436350250367807
31 330 3337723418160397472
31 331 -6944379503977442426
31 332 -1946697952016640853
31 333 -6637261319790247826
31 334 8705482498545843040
31 335 2351459384450572151
31 336 -6462791024023416470
31 337 8593853664623683515
31 338 -5774886277312479391
31 339 -3470507242475342841
31 340 8625587634792553899
31 341 -6701703276981973267
31 342 7772543801848825112
31 343 -948184642919350264
31 344 -6048543225671033336
31 345 6374282444938730567
31 346 7878888881948117941
31 347 -3326984115801154356
31 348 -6814064459807141561
31 349 -607043084571244122
31 350 7105123317069366581
31 351 -5675570218883448965
31 352 3263826120200590405
31 353 -1051313915734486178
31 354 1359300023486910415
31 355 839499296676790354
31 356 -2668258801786197735
31 357 -5477058477989502475
31 358 -6986185436159738945
31 359 -170871620131027825
31 360 843957786578202402
31 361 -3297362869011144083
31 362 -6994082293858036430
31 363 -7893904957262769931
31 364 -2663760512585751645
31 365 6493209801932806683
31 366 4131712079465247631
31 367 -1211169753284318002
31 368 4843815251804249034
31 369 7429887287558906849
31 370 59701162954170518
31 371 5347483291764915306
31 372 6829248622088037177
31 373 129350395905314791
31 374 -3087626747592055762
31 375 8460560022340717066
31 376 4761131739762569276
31 377 5240218417838203003
31 378 -5180417513375632747
31 379 2512721545635501574
31 380 -4192281315402167360
31 381 -3201823184587724886
31 382 -7044764521164269069
31 383 7362731297692425446
31 384 -2126593631201430025
31 385 5904205577411244806
31 386 4870219582485013512
31 387 -1307465921712348900
31 388 7914545547056884339
31 389 -6989232688138669490
31 390 7800458287085688556
31 391 -8290063386039319680
31 392 3154904907423869787
31 393 -7113972779944924722
31 394 -7345101762724586326
31 395 -9128743586242910307
31 396 -3564026764098677452
31 397 -6171666384459992703
31 398 -6337478638078014387
31 399 8408353351547529913
32 0 -7422248843915363501
32 1 3042341421387336111
32 2 -192636818366487108
32 3 7091584862485797232
32 4 216860262612824585
32 5 6677004844987709094
32 6 -8205905809596954063
32 7 -2171034414312372321
32 8 -6772783419478143273
32 9 -2337303324043573515
32 10 -3910313006143915122
32 11 -7211639390760911105
32 12 2733651340628732501
32 13 2935889994678844121
32 14 3328563746590678371
32 15 -7303140438561812828
32 16 -4503389261333321241
32 17 8010826246888765218
32 18 113169264390675264
32 19 -8429199523044904487
32 20 -4835280074961933434
32 21 -1129826473303230207
32 22 -2025695057343941116
32 23 -4884450984856278165
32 24 6968842676566783778
32 25 -4144314160329771323
32 26 1681247101252939207
32 27 -5525416903755970293
32 28 -9142921280144285947
32 29 -6844181359551396785
32 30 -3501463639804522621
32 31 837444970033257604
32 32 -1163784453522367595
32 33 3926819162396563390
32 34 5935516610147919709
32 35 -8476797852441558198
32 36 -5167399549274611668
32 37 4074976308181971994
32 38 -3502520767496383475
32 39 3992186675958596932
32 40 -7439000186736680958
32 41 -1535645701913134385
32 42 939902579562018364
32 43 4916587756581782127
32 44 21998730145724027
32 45 6402234046036181754
32 46 -7905450679340335498
32 47 716498201543399945
32 48 -2763130559630637267
32 49 2003109467853283864
32 50 6835404728298230393
32 51 -3677961793475577474
32 52 -3235055905965461158
32 53 -1568805101391564933
32 54 3136487584067064932
32 55 -285500077851311084
32 56 -4670872667056886068
32 57 -9207987647960738854
32 58 -1851513733597964546
32 59 1558040311590724440
32 60 1884116304405887710
32 61 -6449070835731962494
32 62 -9018616008026156910
32 63 4701676234391294409
32 64 -4748557158119738340
32 65 5551206193124142813
32 66 1948695548934917263
32 67 -63700753995980695
32 68 -7687344736193695180
32 69 6525268485297814511
32 70 4904746944659084758
32 71 8487917503821879617
32 72 175216714701468846
32 73 -4552043969857244452
32 74 -7485345555571854971
32 75 7867036272700194668
32 76 -3297589246542288425
32 77 -3946475728047099572
32 78 8149029319249540925
32 79 -5621772174068639410
32 80 7406366569695685831
32 81 -6438601639518499117
32 82 -5557150733189768435
32 83 1602380654644573835
32 84 1974406345501088724
32 85 -8723050434049144513
32 86 -895320413145038123
32 87 -78616810636417163
32 88 215327225645341094
32 89 5465262435171486997
32 90 3315475450748156330
32 91 -6539164239208528833
32 92 5473031971771301245
32 93 -8756232450097139167
32 94 -2005822082986554285
32 95 -5867044740329618565
32 96 -2138473683016286519
32 97 1044864422298074944
32 98 -644680912140435634
32 99 3728575800838148062
32 100 3782894368915662739
32 101 -316353493969285119
32 102 -3694593722796840414
32 103 2447989897518978746
32 104 8805794120482482195
32 105 -8106787229879149815
32 106 -8688122576945303209
32 107 -6771499094303226865
32 108 4152857021118527495
32 109 6206393530757547127
32 110 7977566131415653271
32 111 55638082079804707
32 112 4043803306669683069
32 113 2880659504467297404
32 114 6766494356343185416
32 115 3262515420423179418
32 116 6695428524692479539
32 117 -4748788603811899547
32 118 7011911116262695114
32 119 8885767218524932405
32 120 9071962318141614380
32 121 -5086825893365850117
32 122 -7245156409659431714
32 123 -2462979181350473615
32 124 -2493526034757004505
32 125 -6926053303103512097
32 126 -2214210279579633616
32 127 -9097708238576509929
32 128 -2632827635529535267
32 129 3077218205358617340
32 130 -3908009715885074135
32 131 -7568608042479647958
32 132 5588849460891892478
32 133 -1913102424533156817
32 134 2220815894352394794
32 135 -2736938672964590027
32 136 -2941952237068312958
32 137 825758767457034386
32 138 5295069810740016346
32 139 5576643708458722945
32 140 -1371605374348608851
32 141 -3989551833554729255
32 142 8636330601077520748
32 143 8146800746758299349
32 144 -5621008126071545337
32 145 -3704013999662255707
32 146 7518715626326329062
32 147 -1032484911319739856
32 148 -6651176747033615688
32 149 -3155005559342610480
32 150 -5121724210581505365
32 151 1563420760917495010
32 152 -2405574903435420780
32 153 -5635886811925353505
32 154 -2977013362760709236
32 155 -2125713445821110583
32 156 4844555265317343189
32 157 -519503769806086966
32 158 -2323299556720658763
32 159 3742534944754027842
32 160 927097209617163870
32 161 -381339461815894593
32 162 3253948212651047657
32 163 6905609495224939731
32 164 7536145240287495413
32 165 9156339266496881673
32 166 6041825389689974314
32 167 -1460189170269032117
32 168 -8400739657194187559
32 169 5854960007034498077
32 170 4465902505569924065
32 171 5230687013443803825
32 172 -4535647661341528773
32 173 -4923032537362138530
32 174 3329253017394285914
32 175 5338508456901428988
32 176 -2063492811724820720
32 177 -2164741413286765951
32 178 -6391341050761409199
32 179 6161896891186906816
32 180 6052895484017747463
32 181 5156135721263522402
32 182 598623697352264865
32 183 4393981809577754147
32 184 -3148543473030212378
32 185 -520910471502157220
32 186 151040399563997123
32 187 -5744591373684570809
32 188 -6593796471824750511
32 189 5875641015761263424
32 190 -2666279836607959996
32 191 3194768057913555140
32 192 5442600768390083436
32 193 6818041219228825944
32 194 -7425384094656809887
32 195 -8330366738804673622
32 196 7606554661316337390
32 197 7172200877214200015
32 198 -7329721792547539524
32 199 -7647942623187672463
32 200 -309074449313707029
32 201 7700277044163956490
32 202 6767319444093148556
32 203 5195724372126579580
32 204 -6808460349168513749
32 205 -8492268758585381272
32 206 -1824135906787794999
32 207 6858694326627586402
32 208 -7995056182968959652
32 209 7243268692830819735
32 210 -6414916700169912602
32 211 6451505909200288971
32 212 6295760167067315586
32 213 -7214207358705076010
32 214 4130326139731211306
32 215 -7521539055394322176
32 216 6440196672593910291
32 217 -2141135782867757277
32 218 -3734997384490810412
32 219 7441709606994667801
32 220 1487136017356350433
32 221 -2918972293541750867
32 222 2032245465430892945
32 223 -4370942695749709166
32 224 6221636590029860550
32 225 6256363987913083678
32 226 -5099457740967190257
32 227 -688406993209099715
32 228 2702802877136461581
32 229 -4733229345445509969
32 230 860395839745423031
32 231 -8743908210127467221
32 232 2049956492719743712
32 233 4722088739488825498
32 234 3217123793201390084
32 235 191327222150694914
32 236 -7477870753631788490
32 237 -4016055150207207975
32 238 -477583787958578661
32 239 -5348308480086521497
32 240 -8233731355513647170
32 241 -2190672627312416206
32 242 -6144468785669702634
32 243 -4591438666369826405
32 244 945255772991974402
32 245 5521776022118555173
32 246 3530269888298061323
32 247 2066734374799445794
32 248 -5025059160289249086
32 249 -61473782074100874
32 250 -8525699782965985784
32 251 1180927233384829565
32 252 -80664811385569751
32 253 -370006385595117324
32 254 7197216663679844859
32 255 -3902128907979095035
32 256 3473112958348471389
32 257 -7310118285215907630
32 258 -6297919034991567970
32 259 -5933225303276542240
32 260 6582615837473701989
32 261 -3306885036230267261
32 262 7979724198286162492
32 263 4040971605261688351
32 264 -4375657945476766533
32 265 -5229207458553041176
32 266 2982646730113677170
32 267 -325882779919031464
32 268 -2595074618676550762
32 269 -5270444198073106806
32 270 -2960812597132058870
32 271 1174225280647417864
32 272 7068266616992703479
32 273 -4253674719719551324
32 274 -3408985002980561532
32 275 2575574046400199936
32 276 6219610736225138733
32 277 -5502438544336175551
32 278 -4929304166561972136
32 279 3032170420859444612
32 280 1465982761025425962
32 281 -4727773446467316975
32 282 1268747656795226572
32 283 -512889418245095921
32 284 5568345065835790056
32 285 4103680718365289917
32 286 -4104382860130658792
32 287 -1439242317345446174
32 288 722275995882736354
32 289 -8691490269226660953
32 290 652011273056557437
32 291 -8875541822896344345
32 292 -931631719194556747
32 293 -845926570312251962
32 294 -7616445148234235858
32 295 -4557758571278696001
32 296 -6549334686517354252
32 297 8106848330362224237
32 298 -4848381040691026155
32 299 5962484486179474677
32 300 4716400379729207414
32 301 -6965168722807127628
32 302 -1643329530629963648
32 303 -198889561009529445
32 304 6405064683126362652
32 305 7846813889785377916
32 306 5488772619381156385
32 307 -2863211280638251767
32 308 125719874477737045
32 309 -7703351481647556446
32 310 3858744469479575637
32 311 -4095939459844593476
32 312 5362650316702193345
32 313 7776877381179005363
32 314 -1889184213907125525
32 315 1894809407851423872
32 316 -2545963103117100508
32 317 3831465050181700372
32 318 -8627397773970053893
32 319 992854305807147094
32 320 1001341483267630846
32 321 -7413980654949229783
32 322 7437803543648445508
32 323 -826872651405329829
32 324 -7888959002724656114
32 325 3003412660961264444
32 326 8922942029789549545
32 327 -1839407931726080097
32 328 7666141565079894243
32 329 6403884606984969649
32 330 5021241141591387933
32 331 5496243138374616216
32 332 284629324928725408
32 333 -2968007575595633557
32 334 -2661173359568262615
32 335 -2069951883237085549
32 336 -7212902277039118949
32 337 8621511347077722769
32 338 -6567572945896975809
32 339 -2468893151807038635
32 340 336263399352830314
32 341 4486662287873191410
32 342 -6366605651880973099
32 343 5764863347817354000
32 344 893388581422505861
32 345 -7094455318228879257
32 346 -4437104602794980541
32 347 -4843315714682891435
32 348 -8847172219641751127
32 349 8704561761308932863
32 350 -6414296453554531479
32 351 -1236893030193182105
32 352 -8132870802269185971
32 353 -2811346934303118296
32 354 4974086821471147020
32 355 -1132331966350935434
32 356 -3289440516116810854
32 357 6195776183922722172
32 358 2048211890483942949
32 359 9135885682765629729
32 360 235716340183624623
32 361 2100012450702006082
32 362 5561808072057403186
32 363 -8303984179846295251
32 364 -1023045480633203190
32 365 -8941144380474021953
32 366 4760841598854618004
32 367 3778387511671096345
32 368 -3620767993513694302
32 369 -5305592954636950317
32 370 573550061264559905
32 371 6144323784566735777
32 372 2009085406639365524
32 373 6069231746171380415
32 374 3424154242509978446
32 375 3081110781800403644
32 376 -1187933059656023894
32 377 5036604987823647752
32 378 -903373810572689472
32 379 3340534212718706364
32 380 1920425684669924658
32 381 1952582246693558554
32 382 5032513848246521651
32 383 8142918482775260974
32 384 5179927602540061676
32 385 -8185067225321672154
32 386 205815882134665415
32 387 5689338957144076788
32 388 -4023914358590303201
32 389 216131562885554866
32 390 7975306059028717265
32 391 -4289960659008246482
32 392 -1094546154020071294
32 393 6152192714546699635
32 394 2646779864120529000
32 395 -3340344088249238236
32 396 -262781572260357584
32 397 -7680612656712934958
32 398 7648149259053182493
32 399 4111251986851427721
33 0 308992043187210130
33 1 2344549635068357515
33 2 -7132866329269979015
33 3 -6705443822047817845
33 4 1467287571161940118
33 5 -4944534626282121840
33 6 6636886853776865336
33 7 -8750828977484451983
33 8 5368429137213298124
33 9 -4976175739974742975
33 10 -7493786970288396680
33 11 962356172515250056
33 12 -2583387582476975889
33 13 -861963074261177416
33 14 1862906049829251119
33 15 -3346618382951241218
33 16 6791015082924887452
33 17 381597880166393564
33 18 -4828431708215434172
33 19 -6208269652926975767
33 20 -8680516788032176614
33 21 8221932878245145721
33 22 -1613190114861501653
33 23 -2359184128805270671
33 24 7636381498166611549
33 25 5598710226613593886
33 26 4434625911871856290
33 27 -4446395531503136063
33 28 -3042701431417641163
33 29 3599546138709282973
33 30 3324363994850758731
33 31 6035246715256224851
33 32 -6740869110152572254
33 33 -5686505392766941241
33 34 3072857237859272122
33 35 1233685477925655200
33 36 -9014718381772558997
33 37 -7705535177128536686
33 38 7066148676170850475
33 39 -5833547867407383651
33 40 6096037054958281091
33 41 -4908432859550862179
33 42 -5375862530107406167
33 43 8872661998180376617
33 44 -2882619776771568463
33 45 5657267091363216295
33 46 6275657998423459790
33 47 -7187826630443403555
33 48 -659889040679059718
33 49 -207410996632855775
33 50 1426150293271097665
33 51 8264560665097339840
33 52 -8148191658987440434
33 53 2731264520548137272
33 54 -2536987918737934809
33 55 -2479347910842060039
33 56 -1749138914135423818
33 57 -8030000262768800411
33 58 8089092162918989186
33 59 1065339420614586077
33 60 5307243580281802598
33 61 319539942594022556
33 62 2262142713026626602
33 63 -210298791578473123
33 64 -1466404710477898490
33 65 -3286885087299927801
33 66 -554616435933466249
33 67 -1320234416965489771
33 68 -3610142052929612967
33 69 7970615414601704362
33 70 2816076117463980
33 71 -8441570139988040583
33 72 7981721571878909874
33 73 4495831672695936362
33 74 1860847988898977255
33 75 -4746002466881930212
33 76 -5111843709575834568
33 77 7996740415536098670
33 78 7327724376913307570
33 79 5615295672046851651
33 80 -4945426970120229112
33 81 2493101363456592747
33 82 -2323868662037916640
33 83 4209843563554323456
33 84 -3204241234052621091
33 85 -5642709785809899342
33 86 -6963141013588447767
33 87 -8566828450456840085
33 88 -7332815206067554950
33 89 6666696474661107794
33 90 6947099739072091160
33 91 -6093111917088429801
33 92 5585550544013061715
33 93 1524334698589888772
33 94 -9087921973969592597
33 95 613915660406972919
33 96 758333191432884462
33 97 527040923414969845
33 98 -3859344026073078426
33 99 -2098428572365966529
33 100 7715941727378483484
33 101 -4419404934058193875
33 102 3449214925839996616
33 103 4075752250372325858
33 104 -1275499260915518032
33 105 -377290654526516525
33 106 283506789394350985
33 107 -973485169880565743
33 108 -6863059071970704088
33 109 -3584832012469054133
33 110 2045267408226058305
33 111 4654019190376622194
33 112 6092083169097377772
33 113 -7815694906447968517
33 114 7825406789669006117
33 115 3336177843339810357
33 116 -9199097516221273499
33 117 7186923623470408777
33 118 6664784604555362235
33 119 -1165025183822578452
33 120 5815474001779682910
33 121 14962288708694979
33 122 -2658280297145446570
33 123 -4454811557110230681
33 124 -3491773873188456699
33 125 -406111791581949250
33 126 -5848191914700879079
33 127 -4478615335743477699
33 128 854139310257806707
33 129 6924600598659719061
33 130 390961294761514848
33 131 5514763372653756294
33 132 -3162151616136529808
33 133 -8983692735617842993
33 134 5506018175295715920
33 135 -6382705332996660483
33 136 3648478319936029070
33 137 -169825896297806895
33 138 8894243953942133780
33 139 -3479692415917614637
33 140 -8721955070403664461
33 141 -1359832940438907504
33 142 6624303236136029489
33 143 6088162843687333393
33 144 2581621510903683068
33 145 -872681881545058996
33 146 -6515801690393207087
33 147 -8943512864169338032
33 148 5819947126424609315
33 149 -3426901881551253103
33 150 4540837581730333147
33 151 -3822056685471134937
33 152 -2538371661486211008
33 153 5009023431066983030
33 154 -8102811751770713243
33 155 -7714804684082548099
33 156 -8903860652799448
33 157 -6351781722421327409
33 158 -3465967687158928820
33 159 -8870445385491066995
33 160 -298070379419656353
33 161 2942804566740203796
33 162 4805262160368391403
33 163 2627982301847184274
33 164 -7450647152029443983
33 165 -551536302242675749
33 166 -7817662299023704525
33 167 5891617554778180760
33 168 4290102923185985541
33 169 6007760219186418445
33 170 8118016552532383009
33 171 -6979730831988864139
33 172 -7901303910582910617
33 173 -1878686670861131753
33 174 -7487151646829281384
33 175 -4154401384049172658
33 176 2779043364277004591
33 177 -4684327170867407274
33 178 7881680298618509456
33 179 1553296963735809358
33 180 4128299539319579194
33 181 8438216783195638642
33 182 -8895010011735381796
33 183 -605511857407995245
33 184 8064698107780915106
33 185 8734457417436851403
33 186 -3813747124768172053
33 187 -1745923954405413679
33 188 -4704532877214583378
33 189 6762258318453918450
33 190 -6254409849996399338
33 191 8570864548631511344
33 192 -6467552329927945035
33 193 6121640957791154689
33 194 -1095068638778730453
33 195 4439058674391273807
33 196 3262561890412942636
33 197 -3651177665808498419
33 198 8033210094481735221
33 199 -3599488060064371093
33 200 -953648093141648759
33 201 3986976396050483310
33 202 1348672571155085961
33 203 5143059815151601613
33 204 -5837192999055975630
33 205 -2313684499635638359
33 206 -4577016742022559964
33 207 2245562515710578005
33 208 -9094292507728326813
33 209 7727561689373537756
33 210 6464059319756600326
33 211 -1946650566124021454
33 212 -4241218553748365892
33 213 -8110565659346648152
33 214 6680664694300408008
33 215 -118865428854288904
33 216 -5721500774088991978
33 217 7570231224486403480
33 218 4216943980101839212
33 219 8242730801113478013
33 220 -4582312136181264179
33 221 -8298016474737441234
33 222 6455891239761286146
33 223 -3808105329956081966
33 224 4798348149576879274
33 225 -2094758831995796757
33 226 -6438830704677052582
33 227 6092524538899068900
33 228 -293769005864535506
33 229 -8157054113045935543
33 230 -5956258060926851595
33 231 2393072002166189335
33 232 1512332190841060028
33 233 -1149757031596260411
33 234 -1544599506722993947
33 235 4008825554997479766
33 236 -4318213349207091353
33 237 -5765241794561169581
33 238 -1850191856663637402
33 239 2633305757610131131
33 240 2841624781999554172
33 241 3851206989265401908
33 242 -8854572741374623834
33 243 8779899978531787758
33 244 -106742909904962435
33 245 8785394339911633125
33 246 -8260870774990337338
33 247 -2999253212559863818
33 248 96868868669207511
33 249 -4572088419634911082
33 250 -5358840036489969646
33 251 -3605905990132797492
33 252 -3113290633009147020
33 253 -7143177671593765008
33 254 5519468566296207952
33 255 1299187166886629445
33 256 -2306318832338709657
33 257 -6316346105764111118
33 258 -8904776183300064338
33 259 -1045589716166329329
33 260 -1339948727220411432
33 261 3908547206184357303
33 262 674001174532683325
33 263 6386434616946026689
33 264 404187288435672335
33 265 -4645320402447539168
33 266 -6621957995980140431
33 267 1008177622159400403
33 268 2343210526370846291
33 269 -1530017757069181575
33 270 -3043649201812721735
33 271 3584327237408574454
33 272 5639197932042773794
33 273 -2431775078035797582
33 274 3653419530917314719
33 275 -3429134875527393664
33 276 -1255752143780164949
33 277 -7338835978711696730
33 278 -4719030087396661742
33 279 5508856375109789341
33 280 -9141226410313372251
33 281 -6786959026790408137
33 282 6332396758976956907
33 283 -4893388934288851406
33 284 -3325778339838045383
33 285 7644991674808131751
33 286 7984432986363068825
33 287 1362862400826210180
33 288 -7110494786333601818
33 289 -7325201732656703643
33 290 7915344536075331961
33 291 -823426567180574570
33 292 2443442886813939037
33 293 616186602372630790
33 294 2218037909202204520
33 295 -7736352457002285228
33 296 2949863236950902096
33 297 -4983773849722859126
33 298 326737904546663602
33 299 -2446320157628804055
33 300 5625520493967409342
33 301 -5587007233185533527
33 302 -9072425027204408184
33 303 8277320136866494774
33 304 -3816833560910132299
33 305 3838132767300909985
33 306 179436305134652218
33 307 -3235593933977220658
33 308 -3223471532028726930
33 309 -6485304015071089720
33 310 -3233096577782379731
33 311 -1305708880920089698
33 312 8952236781113790714
33 313 7282820630841186270
33 314 1176266473703286769
33 315 -7466904558051618064
33 316 2414146834700720764
33 317 2981789616295137701
33 318 -6532656849404430412
33 319 -8862650586415052873
33 320 -6637763448451136546
33 321 -7272617116019468944
33 322 2106010736717062727
33 323 -2899130609322102853
33 324 -6347805963372401578
33 325 2592804817699209471
33 326 8160196241503544299
33 327 -4425176094884155409
33 328 6921794635126510448
33 329 9139814930795004540
33 330 1834726527631086317
33 331 3593187695039600879
33 332 6685935681867322129
33 333 -1388910026523118755
33 334 -2559114735662011761
33 335 593991250225546331
33 336 4172469851314406330
33 337 938787835636434647
33 338 2005410107026613764
33 339 -6564449008039528011
33 340 -1072455504570122135
33 341 8896559016770555667
33 342 5325845761459706999
33 343 -3080155723229000066
33 344 -813875299783347284
33 345 -4243145365408836689
33 346 1916845778073817035
33 347 -153708343607756053
33 348 5269325682676427382
33 349 5713545793548705425
33 350 2194056983890918424
33 351 -1518960348719066078
33 352 -7938446378992094178
33 353 493019442789833770
33 354 457645131298224715
33 355 -2632798734190085843
33 356 3307437520779069569
33 357 9024337999716397665
33 358 5049292491296845259
33 359 6627505088471257527
33 360 7899176985771962893
33 361 -4770513499822078473
33 362 -5209488900401635663
33 363 -4324326542068453508
33 364 -5497759797122920129
33 365 -7240700361789776274
33 366 2481446099943701192
33 367 -7494310312255466518
33 368 -5646267405385577891
33 369 -1900961846919832202
33 370 -7344159621437950976
33 371 -5096962227206717437
33 372 -4724350983482767713
33 373 -5252535920606121869
33 374 -1182523667036959432
33 375 7008021675736114482
33 376 -323227213911613536
33 377 -5275712835157342640
33 378 2960848471588436800
33 379 -3097856274773026661
33 380 -2618110430466808333
33 381 3764574281471361899
33 382 205777808726557108
33 383 2148725697988160814
33 384 3316344109933829678
33 385 -6134611368757130229
33 386 2686324489290564677
33 387 8358378262325810702
33 388 1909541950884375937
33 389 -8749883256684788350
33 390 3527111751422654504
33 391 -4298471549349480266
33 392 -5663554224361007151
33 393 -3206933857539105921
33 394 -786099475644394804
33 395 -8443329994409325128
33 396 91605768998208918
33 397 4568756555178205354
33 398 -1946410136761118404
33 399 -3936279173952823343
34 0 -2815561682398778313
34 1 6093226117087402850
34 2 3745819090372622096
34 3 -4160790434570807047
34 4 1328450305821805487
34 5 6663615962788941466
34 6 857102949802160370
34 7 -4936102947361184163
34 8 4659193829152002749
34 9 5569781928423360217
34 10 -4882391218405443646
34 11 1636586592044308643
34 12 -7086439663143809203
34 13 -3030070329687824559
34 14 7670602151730719273
34 15 3397062211563065028
34 16 7475030933482142120
34 17 -6571895868441195942
34 18 1342685824534489550
34 19 -4295857145378020715
34 20 7020852707054299335
34 21 -6886412796787946779
34 22 3528144589041500124
34 23 -7841405034441811013
34 24 2700869615052437352
34 25 1447595948297779763
34 26 1237513387194850188
34 27 -7589722014012904565
34 28 -6084181511779963810
34 29 -2368884324908954359
34 30 -295105518841366774
34 31 4909066318018289663
34 32 1817063949929111908
34 33 -7907096642465054313
34 34 -6445838786682866112
34 35 -8495930072292570057
34 36 4749652230349983011
34 37 7363636746651772420
34 38 -2260404238342810536
34 39 8627169926234100851
34 40 1139406515039889749
34 41 -7257931825225686164
34 42 -2547760183869883671
34 43 -1363888843615010033
34 44 2654741500431866090
34 45 -5854809647927738337
34 46 -2515198115660486731
34 47 540966924214102472
34 48 -3823357143611358565
34 49 -3125479147942781323
34 50 4309461548936133747
34 51 1813068167496618355
34 52 8208724780365482899
34 53 8958928898651690792
34 54 4695215169545416138
34 55 -1786874098527276101
34 56 -6096060574344252102
34 57 -1893917193310981530
34 58 5723939073682813254
34 59 -2105421066216826788
34 60 157114100255134771
34 61 -1697469092488639466
34 62 -2591434585049538673
34 63 -6221122025529601106
34 64 3887747987852385331
34 65 7105283920871733086
34 66 -7604679342421388757
34 67 3037423496237192278
34 68 2357022399975026731
34 69 4591534727411180139
34 70 -8275248621455207773
34 71 4075518746303626664
34 72 1460563314811557833
34 73 7394743628450615305
34 74 -3600427145861569960
34 75 -3162896440233928870
34 76 2455950382042412984
34 77 -8140859686142302519
34 78 6149165575113773035
34 79 -1263024574011972814
34 80 8251737970934198316
34 81 8044989196782853963
34 82 -3441397180799751265
34 83 855743417142903867
34 84 446883712511442539
34 85 -4884721961098641910
34 86 -399446438703640859
34 87 7160901001609943
34 88 -3361110397976641484
34 89 -5137218244972542525
34 90 4961564008487800595
34 91 1422135994889122146
34 92 8248109313976536143
34 93 753143975375963203
34 94 6656408294812726342
34 95 -7262760847089395340
34 96 -6714647494522102846
34 97 -2007215576959028099
34 98 3199023166201586153
34 99 -1243303967039247262
34 100 8814134814113331135
34 101 -4203189649034195098
34 102 7798817628066726320
34 103 3035095176295674147
34 104 -2189474163597632028
34 105 4336231057365288244
34 106 -3013952656905316987
34 107 2019961012662167935
34 108 -75787094879818594
34 109 5410790056724105269
34 110 4258812752198560597
34 111 -8814365881842214830
34 112 3834257754498927708
34 113 -8348398304415778759
34 114 -1895084024743309684
34 115 2529468710606112268
34 116 -5040880889557426212
34 117 4237654401739193826
34 118 4780400686792180130
34 119 -6591315747861457465
34 120 3651158970913744051
34 121 2367201676717760108
34 122 2549550229476402552
34 123 2018296990495042302
34 124 -3852942957115835154
34 125 -5843298969041672671
34 126 5379260453471521817
34 127 -4206903066122349641
34 128 2020128836546831338
34 129 -7841450914208465299
34 130 -7198015202326355823
34 131 1812721648182089157
34 132 -8016439757528187866
34 133 -877563743820348312
34 134 -6970107328605419760
34 135 -5523613827826634616
34 136 -4259610646293587695
34 137 -5994067229818873183
34 138 -2489590763559138800
34 139 7470896128346611608
34 140 -4812517428545367123
34 141 6544999592512316775
34 142 -2333703974049016916
34 143 8610854782879409336
34 144 2096918263106198386
34 145 403205692988914197
34 146 -278988413323209874
34 147 -4370966082257027072
34 148 122825917944479935
34 149 -1557047473705996175
34 150 -6433191536349081571
34 151 -5230335326560905880
34 152 -6765854213757751022
34 153 3526938364412836384
34 154 8573619049037203669
34 155 -9127789859438618638
34 156 7824998161211983627
34 157 1892046224961841408
34 158 8695881721003109068
34 159 4159959058591271200
34 160 -7974905839666581646
34 161 6197416183189031040
34 162 1739873813558929036
34 163 -8622746971479074635
34 164 -6853488185239597857
34 165 -6046838275283418639
34 166 467872412735714047
34 167 2913401019579275577
34 168 3466831478285476521
34 169 -1623971595379098116
34 170 7880453754816738506
34 171 -2383602112436026558
34 172 8704750976033306923
34 173 -6642665322907065388
34 174 -5692821435504406788
34 175 7785947940755739796
34 176 -708050080438698153
34 177 8081538341429175751
34 178 2811177116684293259
34 179 -668742500552809260
34 180 2826750417203032552
34 181 -4746315017927547955
34 182 -3763124347957037356
34 183 -3631474537110561937
34 184 -5312425524903318149
34 185 1689783296598941269
34 186 -1304943265793279955
34 187 -7280620576006360757
34 188 6564317170789979453
34 189 -438394689865856689
34 190 8990089859540454931
34 191 -8400403586695571785
34 192 1556637971986881173
34 193 -5387847012154181730
34 194 -8573706693370461617
34 195 4837785921075750203
34 196 1966302218384329376
34 197 4968888871685808661
34 198 8814028093719524349
34 199 -6997758358073123236
34 200 5472653604037213687
34 201 -3171863293312948595
34 202 -585982342413533460
34 203 -8778081772118684365
34 204 -8586853457334672508
34 205 -8191449726373757458
34 206 328490652394114557
34 207 -4099954627491091812
34 208 -8508954222511697480
34 209 -4027970849039612313
34 210 -900530695055684521
34 211 -33249607714861343
34 212 -7151621559443030477
34 213 -6472968477801167985
34 214 7934273087987348292
34 215 543352608450494957
34 216 -6243729289470841488
34 217 1131569235645426052
34 218 7673059018021851763
34 219 1137397328462115551
34 220 1545844836598413403
34 221 -6720462752438131481
34 222 -1853924084336795049
34 223 -8304022746085681922
34 224 -179982660200532875
34 225 1141321825707933442
34 226 4234907046443895805
34 227 -2075230417027102796
34 228 -4944311400450614925
34 229 -4169047257029195171
34 230 5887572358039482223
34 231 -7617376095899661089
34 232 266432016327885569
34 233 5821797456294186315
34 234 -7291688773749398286
34 235 -2427143521866663252
34 236 -4089875430993022020
34 237 592273862838596312
34 238 921289456871677015
34 239 -2773880469868583236
34 240 -8670151885137707694
34 241 -4552606591559133145
34 242 -5567604289408644415
34 243 3631524544891096066
34 244 137394381934315319
34 245 -2844351606748621859
34 246 5259112743051241889
34 247 -6594771737731847086
34 248 -191010430400051181
34 249 2176222015219197591
34 250 5064110256157582267
34 251 -4947129773053645619
34 252 -5026884346665154411
34 253 1502467620130609581
34 254 -5877472584438679244
34 255 -1456987138551890029
34 256 -3998240475816657405
34 257 -6356590950457776900
34 258 -1900810440772038622
34 259 2052853230250968248
34 260 7125380500485887272
34 261 -2255347138759924457
34 262 -5051221869642020436
34 263 -3487132161252481085
34 264 2226911350544723168
34 265 -6603594791408885461
34 266 5191440224342067478
34 267 3754914765699929736
34 268 3530779297113346347
34 269 -7594496108372446421
34 270 -7726238773378774724
34 271 -8878861114958706444
34 272 1064851745290237965
34 273 7597077270540562750
34 274 5156060347363247225
34 275 -3135102602998344102
34 276 -9178805679447770553
34 277 -8723382273137863900
34 278 -7999886201393983588
34 279 -8837843030253070704
34 280 -1518539282703245600
34 281 -2769312077197906924
34 282 9176697778704218310
34 283 -1022172513683823297
34 284 -539513587639448244
34 285 -715092689065198348
34 286 7436560694746851911
34 287 -1647656394499686731
34 288 3280898176809553682
34 289 -7490640964160731284
34 290 -6886830476330032803
34 291 4344758498691342782
34 292 -9088847945819634664
34 293 2546354195773456976
34 294 4276152852273517996
34 295 3892176653890874288
34 296 4181232728574523177
34 297 6561261059416591065
34 298 -1757886355566066745
34 299 547641820282026253
34 300 5472437151150916943
34 301 -3588157812881421322
34 302 8496071506469882905
34 303 -5944573432383560040
34 304 -608456604172620081
34 305 7215672441053998483
34 306 7407547376662291968
34 307 -2538657152093457884
34 308 4460344346444414285
34 309 -3200561048448031015
34 310 3239880786653728099
34 311 496015521565182946
34 312 2418235873765227075
34 313 -3178468868379062355
34 314 2462446558757846295
34 315 5143474248243874793
34 316 -8403174760855003565
34 317 -3871464408641737619
34 318 2095702339041408942
34 319 -1647616238827349454
34 320 -7350911592706896501
34 321 1334087941600124933
34 322 7297757323445204853
34 323 -2953432490562738265
34 324 1844325550939750850
34 325 -6631629903750970199
34 326 -5203577560795103350
34 327 -4806388987468576903
34 328 2703765383849985928
34 329 270919142694371260
34 330 -7802071398411642011
34 331 2058462669079989240
34 332 2122777978333759297
34 333 -282256762275825688
34 334 -6190164732778571777
34 335 -2522929857270108551
34 336 -240977664151051271
34 337 -8838458524249085617
34 338 7896855145192103764
34 339 -6837402891903151739
34 340 5638928748732630607
34 341 -4689680143470712227
34 342 -5951818893359142239
34 343 3423640828289829358
34 344 -8942555051536794211
34 345 -6324362642110144139
34 346 8194541889508084965
34 347 4708789275546316040
34 348 1318732018452254638
34 349 6750149659889245478
34 350 -5319497117926319826
34 351 -3176784905251822807
34 352 4869375404316727341
34 353 8318217328394531718
34 354 9096692478009583862
34 355 1330775310891146434
34 356 -7946227738417579462
34 357 -4776977054010339185
34 358 -3905861545956463451
34 359 3119338665535977702
34 360 99491028269469752
34 361 -965963564031517131
34 362 -4676121453662436323
34 363 3436084818863086
34 364 4186696201418725002
34 365 -3687128522926327091
34 366 -6565175446531719579
34 367 2633287503609224482
34 368 1731975706592980295
34 369 7345186776453515431
34 370 7431140613064722404
34 371 3230657648699856994
34 372 2099210933344844094
34 373 -8629229478114740290
34 374 1016817055944667932
34 375 -73993784454916308
34 376 4789115574806485364
34 377 1197318334715494343
34 378 -2434097330211098428
34 379 -401653428765979921
34 380 9137177985954740491
34 381 4930436439502295258
34 382 -70101173381727078
34 383 -3705555389522072815
34 384 281752591407907770
34 385 2383621038210559031
34 386 4001974519776122756
34 387 4845160147686936132
34 388 -8711902922485374281
34 389 6301608825809337217
34 390 5758225160428216116
34 391 5258554632264319959
34 392 -3977900367603215444
34 393 631729688789105590
34 394 3197243680799033053
34 395 -8217504413133455212
34 396 -3592719936369105178
34 397 -1687993869141535200
34 398 403647744597573018
34 399 -6107592938632910376
35 0 -4376936155430366965
35 1 2604961867744550207
35 2 2750743085082491919
35 3 4213034235085165029
35 4 -7783047611061985049
35 5 8499730297104586005
35 6 -482108390841013428
35 7 5124586597794287198
35 8 7048081067158006914
35 9 628031481946469455
35 10 365361041470908392
35 11 1596401903226905194
35 12 618465182799090609
35 13 5500513174734936591
35 14 -7238660713340254611
35 15 -344357345066229968
35 16 550046748745955815
35 17 1479707334120876144
35 18 -7581583482615715355
35 19 -7222575627122250945
35 20 3499959504988965802
35 21 -8342958132154720524
35 22 -998674619230096056
35 23 2578664255734185703
35 24 -6306579887164098173
35 25 7162383602746957749
35 26 7990301590296334306
35 27 -8512826322775100692
35 28 -638320178171741103
35 29 -5949693462676613809
35 30 8227220171730541088
35 31 -1925778032170195563
35 32 8870122194586963956
35 33 -130057661754352716
35 34 -5245208402965960038
35 35 3905259884654113514
35 36 -4475498047295961793
35 37 4304402219928123493
35 38 4064128946122374079
35 39 2203935399881112798
35 40 1931459916108303776
35 41 904003943499805405
35 42 3281518110658158785
35 43 1791963247129719529
35 44 -1097550094222378182
35 45 8411435729986989913
35 46 -8834203072286720210
35 47 3188773768231137775
35 48 8048344713734445129
35 49 6501091024965913004
35 50 4822884433845623341
35 51 6281866782389591055
35 52 -5237552838463982858
35 53 -7420850910164031670
35 54 4405897954879007212
35 55 7072616740316407600
35 56 5097433025509292153
35 57 7890680418770477097
35 58 6654082835699611297
35 59 4402885381748598451
35 60 7658643451939383410
35 61 4649979663968556974
35 62 -5510218011844762941
35 63 8028498166087793100
35 64 -8574817360790578189
35 65 3705793864429179238
35 66 -5317011525961827231
35 67 27113622924571486
35 68 -7284325639344788431
35 69 2174668975339502518
35 70 -6523691339930799351
35 71 4390255134384976787
35 72 8835598089725338264
35 73 5109341796379747368
35 74 5611912775624087780
35 75 -2179900817434256011
35 76 -4529243500092960672
35 77 -5892578046983938383
35 78 -8099051003785537174
35 79 2583278343913654342
35 80 8817859774092372509
35 81 -286832707856706819
35 82 -3375389495269895104
35 83 4572654374852984828
35 84 862799356212883604
35 85 -5936898831527515962
35 86 2057285443510793956
35 87 3063518043449144334
35 88 -511387627444637572
35 89 2935598400808470164
35 90 912127225274357662
35 91 758305360518765674
35 92 -8972386520436508977
35 93 -6726046368720765761
35 94 6554261611840764423
35 95 1134863303720238588
35 96 -523255450768430065
35 97 3825478075331184493
35 98 8841439376136426183
35 99 -8841495139121966924
35 100 2639696155905944511
35 101 -413059165621044219
35 102 2519633163139929202
35 103 9011593385599385380
35 104 6082716771177495439
35 105 -6918153270004392034
35 106 6018621437536854936
35 107 9043672229840498526
35 108 6540217410636262669
35 109 -3588495524286482543
35 110 -2631159300439121744
35 111 -645181069198884933
35 112 5391682046109818484
35 113 4215784674155647993
35 114 -1145008336839406154
35 115 -7842610930745638267
35 116 5216826065955966249
35 117 1482467226985501021
35 118 -7895424940343672188
35 119 -862309132395190635
35 120 6900807253812256960
35 121 7194631134106650342
35 122 -3160676817160764098
35 123 -4135697210195370116
35 124 7477664511756556683
35 125 -1068816119167233623
35 126 5192635835182460090
35 127 -7258556226375382252
35 128 3818939422866825482
35 129 -1862605286888559352
35 130 6292826513165454008
35 131 3610199625206519861
35 132 8746874059297840474
35 133 -782077382144265009
35 134 -3641685793052493801
35 135 2521811276414696632
35 136 2250230137949574313
35 137 5643491820351931696
35 138 8833057075468354247
35 139 -2112084454832474193
35 140 -1853131397561456361
35 141 -8758592718959905942
35 142 71348915064279354
35 143 3533071923668567011
35 144 6048659148430951894
35 145 21672381254546581
35 146 7973938648044095215
35 147 -6165927245376999642
35 148 3891703283481007963
35 149 5421941077349507697
35 150 4484009193350713153
35 151 350571793333281208
35 152 1653438081118222256
35 153 1244863407915635731
35 154 -8161274248620303751
35 155 690336095933704823
35 156 3953914399105134915
35 157 -6360051945532068650
35 158 4066530376519021903
35 159 6050974987523816544
35 160 712810711995816375
35 161 -4841001616336551913
35 162 -7369804051082044025
35 163 8509668687157728984
35 164 7076818114981039638
35 165 5848555947130723784
35 166 -7172288250883537384
35 167 751080548547976615
35 168 -6335837196583061494
35 169 1536825781239242341
35 170 -8857592657383380899
35 171 134938678503088897
35 172 4966590995964109046
35 173 6195205112416964793
35 174 8214591145842335293
35 175 3651865772144671730
35 176 9046890773764950435
35 177 1968893645795339658
35 178 -8091179904660954427
35 179 -8384993791256297345
35 180 -3276667293680010038
35 181 3570081739833023250
35 182 -3517712662945567571
35 183 -3804068705613966627
35 184 2991189892900217746
35 185 4209933927416233819
35 186 7614953510951034696
35 187 -6194057103996278603
35 188 6948744743376913033
35 189 3575913975108915197
35 190 1204486342879333111
35 191 -4200248042624955243
35 192 -6734910782686151241
35 193 4126707816092703418
35 194 -7630819233153811934
35 195 3373936466730509137
35 196 -9031461876481577301
35 197 -350605695850543055
35 198 5337906343711499865
35 199 5619918629820768424
35 200 -2165214456939121643
35 201 2247294075948135795
35 202 7421322010367867881
35 203 -196054081795417658
35 204 6261502589167636777
35 205 3640749658761215996
35 206 -3304547570730399566
35 207 -6140691013509436960
35 208 6481066210340047673
35 209 -4851860739230527538
35 210 1403411891127683477
35 211 4330101654054634607
35 212 4384348294055671924
35 213 6412363031234712245
35 214 1301916957071169210
35 215 -496926099234310968
35 216 -658499692662219996
35 217 3526438024224770730
35 218 -8780444370664695468
35 219 660483912591610049
35 220 -3711646717629092275
35 221 -132268834411008634
35 222 1839498482020759975
35 223 3273981840057982211
35 224 5637049531143853558
35 225 -8350979046122489846
35 226 1814851878571420042
35 227 3769397961101913141
35 228 -1114903211673188471
35 229 -2670048458415382645
35 230 1597393791910841854
35 231 9035480654344817096
35 232 2956960970854080004
35 233 -5067316624275048849
35 234 -6146344384742259960
35 235 6853900263942305496
35 236 -7675020119558245061
35 237 -8659946120086431846
35 238 -4010764726682481851
35 239 -1512309369966915515
35 240 579166573810436965
35 241 8002461865117524038
35 242 -225696053738320102
35 243 8732896076449570540
35 244 1763564520500737757
35 245 2412336672994569917
35 246 -6435044971005278358
35 247 5963882814556007099
35 248 -2639585493369426664
35 249 -8675440255602502424
35 250 8258413331536344882
35 251 6649839244258682085
35 252 1242043044425336046
35 253 -3423729199542008733
35 254 -1924646331765571006
35 255 7736801757839198359
35 256 2070759981760677539
35 257 2111589528900228342
35 258 -1304659980399403321
35 259 -4472552317152599907
35 260 -3022071317515924471
35 261 2812749126969141063
35 262 1357273263803023030
35 263 -3652501263485440256
35 264 -2384006896367078256
35 265 -64340072662033109
35 266 -7093132282491724364
35 267 8150875086972505541
35 268 7223859034572431753
35 269 -8896271241342030310
35 270 -3752917987529328770
35 271 -4209384321117139858
35 272 -5641004170196632625
35 273 -7702739739158340589
35 274 -1835046793763975518
35 275 -3259165033093535350
35 276 -5601756229218173920
35 277 2888863199536448033
35 278 -2547392460707812953
35 279 -3139713960738998941
35 280 8298133778446971510
35 281 355223782437690168
35 282 -4027224328435359276
35 283 -915254231241329824
35 284 -2085619716113233862
35 285 -4428221332207647184
35 286 -8865769757864649691
35 287 6454526783175019512
35 288 2120345736551832918
35 289 1837818050491611742
35 290 5396362291237297257
35 291 -5998076446029418033
35 292 8714068144694152222
35 293 -4824437980098015472
35 294 -4393572363142775149
35 295 8484976899993242721
35 296 -1078204465703137342
35 297 -9172353206107164037
35 298 4179622717998130942
35 299 5950017355737226617
35 300 3794963064728372881
35 301 -5018474372604180917
35 302 -6677646248541707266
35 303 5666486223738242294
35 304 4463150051890483353
35 305 -3617125504628821240
35 306 -812509323007449355
35 307 7958037084332524274
35 308 8882040642972298533
35 309 -4039396297158457946
35 310 9000014502420031105
35 311 7267728509975034311
35 312 7181852141846495331
35 313 -4307193285204497847
35 314 6633105914411031454
35 315 6479941725520157085
35 316 5935153336679192336
35 317 2449255758879989793
35 318 -567467083168005783
35 319 -6290751502468331006
35 320 3068476048549211345
35 321 6782939128637015676
35 322 -3717462190406603206
35 323 3974836864511223167
35 324 -9135884339315752798
35 325 -3874855848264451208
35 326 3410916611086978125
35 327 3161883307900842122
35 328 -5299519028927061182
35 329 -4961840740280500695
35 330 -1662811316545725382
35 331 -4219220841899246073
35 332 -7616933972547373805
35 333 -2666162936544062953
35 334 1548201919993199363
35 335 6593191673248379940
35 336 5285564317021464283
35 337 -6835230582004279680
35 338 -4869681276630542688
35 339 -4309120089543009132
35 340 1592998343766701944
35 341 2938192341918457151
35 342 -8642267094355069939
35 343 11177540429423806
35 344 4544332928222060274
35 345 3376940466543139194
35 346 7937314126801521381
35 347 -1547158195411272601
35 348 -2840024893966000528
35 349 -6524427556968176740
35 350 -3311469251136265798
35 351 323716496929594945
35 352 1222642704482877712
35 353 1511263130711828301
35 354 -4881934476696838861
35 355 -6976240099680404128
35 356 -2654913678308091603
35 357 1939964562452461812
35 358 4008553425422703797
35 359 -6513606590529686050
35 360 7735156887320249990
35 361 -6195667698217086477
35 362 -6709480205756917051
35 363 -426335011366670125
35 364 -1864220057881609690
35 365 595153759790563316
35 366 -1723763059971932682
35 367 -3076472321244651250
35 368 -3878133651870116073
35 369 2384787645899688435
35 370 1605661172232351086
35 371 -6506395718147326202
35 372 -7448613035632972925
35 373 2615428187167211503
35 374 -764221998366783997
35 375 -3946933396623743119
35 376 2767952728284129345
35 377 -1991790865297343529
35 378 -979903948810134011
35 379 4992218457894248899
35 380 958366933212749986
35 381 -7647146764734264850
35 382 8337380647728684943
35 383 -7185414536636243150
35 384 -5718858528461132292
35 385 5438378340782143722
35 386 -5790038700965892166
35 387 -6777509189882289403
35 388 9066389546532695957
35 389 -4721118501450607112
35 390 4260364878034961750
35 391 7809018698338364417
35 392 -5696404871470738983
35 393 4808423488534259597
35 394 4081945300996186291
35 395 7221566260155549012
35 396 4032624218948692009
35 397 -7720474354817782194
35 398 -1624162282282134403
35 399 4378032493928942967
36 0 -3828401585811990307
36 1 -1200023261319758926
36 2 -7768718604007068770
36 3 -2938005390320947379
36 4 7510839523270685880
36 5 1554208418578168360
36 6 168846431272845247
36 7 4195886963278902348
36 8 4721803847312985372
36 9 -5865067008308816781
36 10 6069531141798904540
36 11 5452423568556761688
36 12 -4973278846609044964
36 13 860514136317287028
36 14 8221066982602265690
36 15 2301407718402371226
36 16 -629198007503868478
36 17 -5435628626432275653
36 18 4270041349588311810
36 19 -3036311051677029649
36 20 -6907881856502658580
36 21 -671204615000888865
36 22 -337928261520784917
36 23 -7530975042582075629
36 24 6187981323818887500
36 25 902186588750227145
36 26 3205420665977898792
36 27 924767473651326253
36 28 -8587667845990601096
36 29 -8401510044791930428
36 30 -3990379763764368178
36 31 42700388219163852
36 32 1690882458981425049
36 33 -3677151439614372509
36 34 7585728331813945615
36 35 -5051281082482388545
36 36 -5763012674011474036
36 37 2720908930559141812
36 38 5592882523798499544
36 39 -6104344635669004606
36 40 -912169985918211897
36 41 -8802058801381187336
36 42 -9114846001533341853
36 43 5161029437186314863
36 44 -1078711781280715932
36 45 -3716702737798574669
36 46 -7872691549670616611
36 47 8357110333650994679
36 48 -4301259009439393070
36 49 1189631177389816155
36 50 -3817585012736144998
36 51 -4510735523932249412
36 52 -8598896850444474661
36 53 -8572611251397592605
36 54 -2120666746635886044
36 55 3560214051057950361
36 56 -4801850278808534725
36 57 -6490151030942467731
36 58 -2029768204218312464
36 59 5369158779752408869
36 60 9081436379726963847
36 61 6015275973172753892
36 62 -210458659635897654
36 63 2115268699585140680
36 64 -4889834068873195098
36 65 1671272103309887322
36 66 -5814653318879346126
36 67 2269903746440433242
36 68 -5286411225096889302
36 69 -7175783711192066665
36 70 7338001105195021970
36 71 -7915598914765522637
36 72 1514016787509160506
36 73 -2274445011404208328
36 74 -2478055010379010777
36 75 567370142577722163
36 76 6344735735730077467
36 77 -5302254084577772326
36 78 -3085773032515487429
36 79 -6478604620884596202
36 80 -6752249740957883047
36 81 -380655851748876991
36 82 3581695375283366705
36 83 2703751243202728566
36 84 -7864384033446097529
36 85 8052847087821661273
36 86 7957369389593814044
36 87 -7552648262936102784
36 88 1449124468828401025
36 89 4107050436452747791
36 90 -3329210331294677332
36 91 2648612582861329618
36 92 -7271392532959203361
36 93 6344659231193890760
36 94 -4235220452130959037
36 95 1339280186007946601
36 96 5701186987063971912
36 97 8805109477596530764
36 98 1367434246422799397
36 99 4917850608025500312
36 100 -8868007978882055983
36 101 7614165566430518216
36 102 -2522462548113474992
36 103 5871062311198613678
36 104 2075582294258240406
36 105 4458660176221296392
36 106 -6233518031738592182
36 107 3254490008355203502
36 108 1961704337414797475
36 109 64659247365238975
36 110 -8870050344627552492
36 111 -994769622800079312
36 112 5563199150703236757
36 113 8507341209687219011
36 114 -82992677480958362
36 115 334480647648152409
36 116 8738342977854149058
36 117 2822298091770521364
36 118 -942570113157058748
36 119 -8205088069102180037
36 120 -6739971655663358523
36 121 2478051273656334395
36 122 8518091307536400919
36 123 -5768193689110879528
36 124 -6806480168553237574
36 125 6010984031525808988
36 126 -8151559571275429328
36 127 3074139473721205125
36 128 3505138986884743752
36 129 -2669357635132579311
36 130 5793046132127203149
36 131 9219528439234886309
36 132 1326444688524554813
36 133 7012947552712261471
36 134 1099951842979537897
36 135 -2727156894640472372
36 136 7712180504641698098
36 137 -8146717833015921901
36 138 -8886392288333565644
36 139 -1318416730057458306
36 140 -2483197564429292590
36 141 2451378316699075624
36 142 1867762983579215250
36 143 -5366393321176599681
36 144 5253034311091055542
36 145 9211198855171526215
36 146 7496880898749123588
36 147 -7446238700134232180
36 148 -5354528078789990278
36 149 -7442957229432316687
36 150 6605309765754712854
36 151 -7703730452352311971
36 152 4859705599700110934
36 153 -6455798313034580891
36 154 6722416829026327154
36 155 6397729737647681064
36 156 -6811013547161571949
36 157 4361395758654064626
36 158 -4078536539647204954
36 159 8927029553386679205
36 160 7730141703373280506
36 161 -2005778517265435691
36 162 3968158506365563228
36 163 -4178078993561648908
36 164 -6755011497822109968
36 165 7042273765889495610
36 166 1174431810994590134
36 167 -4363885572203316330
36 168 5321686812866519942
36 169 7045820935715719863
36 170 -6498079485897744649
36 171 4405847785161303447
36 172 -8595847656284927074
36 173 -8691380589559676039
36 174 6879350786409898183
36 175 8204646194790974318
36 176 8257493124889885619
36 177 -6147139803622880782
36 178 -8299803660708874223
36 179 -2727893674215797388
36 180 7584924889264920932
36 181 -3281895737418729174
36 182 8901622336475133728
36 183 -8949842038352862842
36 184 -8776413685165666169
36 185 1363379653383989576
36 186 -2901316791953563991
36 187 3452894612596582918
36 188 -7959535306746740285
36 189 615186400575088852
36 190 5585114833671679964
36 191 -2963835548550937025
36 192 -2562238320465575318
36 193 5244316706042516592
36 194 -3108719442690165497
36 195 -6230817445609542015
36 196 1495862387421177947
36 197 2925665971413472980
36 198 2133312836070029264
36 199 -6036335338791076188
36 200 -9041174444423432444
36 201 -4760141270908680881
36 202 4127839630056792515
36 203 6276999941771826377
36 204 1852801595974557778
36 205 139616108190495255
36 206 8733394338530748587
36 207 8026447325522686014
36 208 9129532362274112045
36 209 1808555255623264489
36 210 -8957744079139476124
36 211 5519089859632032516
36 212 3063350894485282211
36 213 9186660430747047700
36 214 -1735639108931316444
36 215 -1682987990943099012
36 216 -3068259550479252692
36 217 690717421600048469
36 218 1887040218785385133
36 219 464879443302518489
36 220 2237850685532272829
36 221 -2609991933737183939
36 222 5958222393055807257
36 223 -844263359327509098
36 224 1093940861724197844
36 225 -7525195961017482465
36 226 8461169124765748838
36 227 -2517663518385816498
36 228 -8151799502696800287
36 229 -3821505533864006280
36 230 136506660745721857
36 231 -2855279947271400109
36 232 923098261719797535
36 233 -2445408663820091612
36 234 3318908964021576099
36 235 2232336331257954233
36 236 1318081065506339449
36 237 -5197548759843760304
36 238 3809133377995705808
36 239 9206294222828564798
36 240 -79927874460345463
36 241 7890118213503239302
36 242 -305463577665484431
36 243 3099946441243829758
36 244 -4458661433350070082
36 245 5535057271266747005
36 246 -4629571111001572513
36 247 -409413234555061440
36 248 -3279615241423828691
36 249 -5516858551860188736
36 250 4861257777969459181
36 251 5116803043497938584
36 252 -1103952465464106961
36 253 -5741169551116962659
36 254 -1150818954705739199
36 255 -9082865991404472886
36 256 -355031669939993085
36 257 -163352473737337184
36 258 2117688348461175682
36 259 2995428834448487798
36 260 -1337459537769096657
36 261 -8983227642037607040
36 262 5763465571717101911
36 263 3988225170205356561
36 264 4458729645240139453
36 265 3932632421149172233
36 266 905894838213374422
36 267 6816843964341846765
36 268 -6947644753612594936
36 269 -1215885216303941128
36 270 1729186627102691419
36 271 1530386738970408240
36 272 -1409672345682022129
36 273 2482998126443348075
36 274 9063283258170859599
36 275 529710323903983430
36 276 6444126541082529195
36 277 2510742091102393139
36 278 -5063427401693972876
36 279 2961180976414629057
36 280 7264993347668922874
36 281 -7194709536874687814
36 282 -2623432679034884845
36 283 8724943096517449195
36 284 2170786690341883515
36 285 -2783715243638996267
36 286 2020932760893044097
36 287 4039227207307243106
36 288 -7548509785680991464
36 289 809793810294034509
36 290 5646882446614909208
36 291 1759518431535448329
36 292 6925186478445057235
36 293 5900300285326986414
36 294 -4051201002000735567
36 295 -8476918641353173248
36 296 -8571740114151361836
36 297 -4970300994573533296
36 298 -4518976967507887295
36 299 3064271616986713442
36 300 2956193680608364055
36 301 -586448929943380147
36 302 3289056766253152750
36 303 -4763839480134351278
36 304 3985143647646117361
36 305 376343797767424154
36 306 -7495920489384563591
36 307 -3964103735525179950
36 308 1733426720021524489
36 309 -4117208873463212610
36 310 6047239969188254718
36 311 -7332039460136094079
36 312 -4045123589819021331
36 313 -8856274428436795467
36 314 7972700845377360837
36 315 4124184535971192638
36 316 8955920076810327435
36 317 -6285484017122095347
36 318 2419822850520756248
36 319 -7249133624184470866
36 320 -1443592982782082182
36 321 6233750340684799756
36 322 -2222932193699262602
36 323 4255670403088278992
36 324 4921292563307295979
36 325 8981299780679951238
36 326 -7905537070835354873
36 327 -8063564376820384453
36 328 -2743789227961337789
36 329 -2647798840825828
36 330 5071737736493609528
36 331 -7870256781079731026
36 332 6094990964152648756
36 333 8005227540843562684
36 334 820228711333034712
36 335 7490501360484882394
36 336 -6767215618986821452
36 337 -7456074614055197280
36 338 3247545886942634907
36 339 2412469003124883064
36 340 1692953258545328479
36 341 1139619276344680013
36 342 -1020949212530314105
36 343 -5330567661152833289
36 344 -5635771496289968545
36 345 -2776848479589284151
36 346 5857770542028007001
36 347 8918191392952321060
36 348 7288476754716073973
36 349 -3706979355221431185
36 350 4135067752684167703
36 351 5971735229681969306
36 352 974889664294684226
36 353 -8420875200139074579
36 354 1322560114249768733
36 355 4141732662846856930
36 356 5852814756607663984
36 357 385620417559216331
36 358 8121062071720927282
36 359 -2929923159388850288
36 360 -3344717869750392437
36 361 -5198287303805753102
36 362 6162852161471563585
36 363 -6481087583036472386
36 364 -5644968457884841500
36 365 -599038387527341465
36 366 -4375319031251885960
36 367 202050828750920305
36 368 1103770132137243980
36 369 -3161078544631501332
36 370 -6133227687294754891
36 371 8801768327022556007
36 372 -1910515289431142646
36 373 -3786888897020321331
36 374 -5642748434938975308
36 375 -2675953491253710648
36 376 -1127549033143976356
36 377 2508597655051109053
36 378 -8326799445060559908
36 379 -8951710678874767809
36 380 -4066832610269040508
36 381 -4314523399970320977
36 382 123653762783001311
36 383 -8509701510085875748
36 384 1702798755289980375
36 385 6741529896420036314
36 386 5144235969554675222
36 387 552876486837608274
36 388 -2081801546032211707
36 389 6747653241828712224
36 390 2704051746483165791
36 391 708390386845171270
36 392 -2143304668963720883
36 393 -7433497014812571500
36 394 7294164646239209851
36 395 5191734327447524623
36 396 8040770064765370123
36 397 4356417214557752252
36 398 7741914496186424160
36 399 5823979141173780840
37 0 3005929809791336428
37 1 3589309897307562328
37 2 2855492504365661618
37 3 5317164805714595968
37 4 -6115004395744655310
37 5 4612425278623860819
37 6 -4631997566558434034
37 7 5494300305380115213
37 8 8582807625791919674
37 9 860290539722915708
37 10 -7166016392135407724
37 11 -4296682958144242636
37 12 9144432044177061315
37 13 17949163002068011
37 14 7409753469186180566
37 15 -50038549930863745
37 16 -3884017305291440957
37 17 2470832083578138601
37 18 -6981802874076570669
37 19 -828057958482031173
37 20 6582289059891231662
37 21 3673324024088277950
37 22 3116984155901417453
37 23 -5076994471571848602
37 24 5309988255473210747
37 25 2811667935864184189
37 26 -8506099475830940034
37 27 -1905271959287420885
37 28 830412660249963516
37 29 7744491235420183788
37 30 -8303567868692013223
37 31 -2826861567831410295
37 32 -3233118617708604010
37 33 -8644972466129606518
37 34 -11673011681056270
37 35 7588986879846979748
37 36 -5757471412987144204
37 37 5414174315468258036
37 38 7276092132856404326
37 39 -334649027856378746
37 40 -8409384265296754428
37 41 3517478391925547005
37 42 -4897442997437594682
37 43 -4291791171945057251
37 44 1903738410137085880
37 45 -9208354798660239069
37 46 2858339953562728278
37 47 -7120873942714625931
37 48 -6745304944177725374
37 49 -2995669140006049462
37 50 7406116201830026430
37 51 -2338303464526809188
37 52 3188732757184239873
37 53 -925167161884700421
37 54 2364197315057496242
37 55 -667978247047359311
37 56 -7312814832211719914
37 57 -2935186114610930432
37 58 -88016624558273137
37 59 4028572047950655606
37 60 655715872953315517
37 61 -8149129756507007984
37 62 -4674615956340710496
37 63 2804061166215327642
37 64 -8117849815087547681
37 65 -1632998922772567447
37 66 5917549081653329381
37 67 -7210262174395698979
37 68 -7505899713452162662
37 69 -1224158081281818267
37 70 6320994890658128789
37 71 -102138839380553545
37 72 67513703673192994
37 73 4331886557215110806
37 74 -6237741240567622453
37 75 -7704364537876139555
37 76 -7567285995035144684
37 77 -1120967195847404626
37 78 -5962028397480170981
37 79 -1611145917757782737
37 80 -700597348465418700
37 81 -4508665936799073693
37 82 -7558925328696303520
37 83 3815959816768493569
37 84 -5729601188316454681
37 85 2092112994956866758
37 86 -5905527438857551806
37 87 -6881839613523859670
37 88 5979144772178253160
37 89 6345807558013730281
37 90 4168696933944032052
37 91 8053479076265265308
37 92 2098201514034477537
37 93 6489865547767141866
37 94 -2294405084486180355
37 95 -6067968756353562329
37 96 8161702170147296600
37 97 -7463073869441047117
37 98 8729540996147578418
37 99 -584936432172806041
37 100 -18001784701647503
37 101 1471676408735071141
37 102 324225513581421770
37 103 4822559407319786838
37 104 1456742221468044628
37 105 -8218697452465487909
37 106 -4061614387009476476
37 107 -7415689283137416637
37 108 4055702543550251816
37 109 -4453081164208623159
37 110 8071287536082802599
37 111 9006068430642358785
37 112 578062517398409645
37 113 25541865675100024
37 114 8906730587499324870
37 115 -7413526487849481427
37 116 8575444779023224910
37 117 -8565145929881140148
37 118 -351192314219260092
37 119 7617341242059600797
37 120 4125774172184513005
37 121 -6318916271220034789
37 122 7019131677884201938
37 123 -4088831570005248881
37 124 -7553178041388681847
37 125 4409620567059967591
37 126 8818213968234321848
37 127 1168858515338680924
37 128 6381177992316997185
37 129 -643215776345738522
37 130 1477298954213200601
37 131 -7883652190058471798
37 132 -8250744468288234276
37 133 -5545112369650126942
37 134 -5450518666726926392
37 135 -2053898031815581129
37 136 1353949118063503115
37 137 -4803461435145197680
37 138 8072009248413615162
37 139 1558329192232706544
37 140 1299587104017764665
37 141 -4983790209100340438
37 142 5017268672123408854
37 143 1861515468118007657
37 144 8335506081475155808
37 145 5588344739356797919
37 146 8591212572119495868
37 147 3045322904553798777
37 148 -2843749580264551938
37 149 -8453587904307428710
37 150 6496866720104193107
37 151 -4524381286336018154
37 152 4838630126215764281
37 153 9043810634286794504
37 154 -3093336207978417275
37 155 5478769512536843577
37 156 2182025916180115724
37 157 8283118855362105732
37 158 -1154803364473987614
37 159 2972325288315505172
37 160 -5671227606849118025
37 161 -3621868220871433447
37 162 -2124104101777528796
37 163 519240334862942137
37 164 -1883864090346441422
37 165 -333572712052153549
37 166 4676120576861542916
37 167 -1649668736439722120
37 168 1165718663710694036
37 169 5798554791867722509
37 170 7360198406916449660
37 171 -419649873737929872
37 172 -6968649157657859941
37 173 6278880207297966432
37 174 707316215762922294
37 175 -6788186970428674398
37 176 -6448561178976227082
37 177 -6563199591093659302
37 178 5102057788020145149
37 179 1719068819944035456
37 180 -4386035795750305409
37 181 -158664439793706163
37 182 -4708634621178453788
37 183 2987552122109806624
37 184 -5362689162127726522
37 185 8925264726772336074
37 186 -6805433372252559903
37 187 118409932987004586
37 188 -3993706824501693552
37 189 204924748852402312
37 190 -8046911942764101230
37 191 -8645553651714994610
37 192 985230766704216998
37 193 -594688706065041598
37 194 8597756761798165619
37 195 6541698660123024058
37 196 1963976535179079214
37 197 -2590396473752962488
37 198 -3640528364454046485
37 199 -1892391698728811645
37 200 -7937797837706977759
37 201 4313801541542873584
37 202 5391580238880785711
37 203 6446395915614268212
37 204 8107907923016655695
37 205 -6599075717488207556
37 206 -220415388596783586
37 207 -6338815091853878297
37 208 1576795821315567221
37 209 -3914666492993630125
37 210 1379890786478054279
37 211 -4507397009812646853
37 212 3860824677351907581
37 213 8443517800672994752
37 214 3615896391430910922
37 215 2470591758204673059
37 216 1251266078511823110
37 217 -3441556856711104975
37 218 -3649936542055947596
37 219 -8648157050949133256
37 220 -7054714585355881062
37 221 6707994233831928009
37 222 5851586232996082995
37 223 -5882976282190954488
37 224 -4596319755922295877
37 225 -5468557524372434303
37 226 -6291291117544531834
37 227 -29325098773546122
37 228 1527986175237224060
37 229 -7168644320348974697
37 230 2793107997694235749
37 231 6773262468216356818
37 232 -7627732901463906147
37 233 -6202777139626998159
37 234 6279415740753670696
37 235 7682444851105749877
37 236 7849073163404636476
37 237 -5614620745679395270
37 238 8950171518747582682
37 239 3664080616028085135
37 240 4114770162025425760
37 241 -8314629988568733054
37 242 -6986250228873943759
37 243 -2185493682159393008
37 244 -1385428581758147576
37 245 -5205903551363111380
37 246 3668265626718953637
37 247 6202985264235085691
37 248 -5274591123556067151
37 249 1917790897151029154
37 250 8133524139015932013
37 251 3711616082770138048
37 252 8072589035367592813
37 253 -6720732751809003849
37 254 8774746036473904282
37 255 -7461554382270415982
37 256 -3041952638937196877
37 257 -8432812827127045987
37 258 8299345654153832682
37 259 -4275450010259938520
37 260 260829209097147868
37 261 7592195670957123928
37 262 -2030809820883783660
37 263 -5084461590508492489
37 264 9109559458560198813
37 265 5787302121635095316
37 266 -1933884490584900448
37 267 -5230609875755518356
37 268 1113637303808658559
37 269 7118198113826768955
37 270 3437627661143315776
37 271 -5667148458939542792
37 272 -2765644931991354212
37 273 -1702497679422571230
37 274 3678011253992948579
37 275 -7594782654040636312
37 276 -8959840203423571570
37 277 235913769347376419
37 278 -1910109274455901689
37 279 -7243928152093749844
37 280 8944369479975005131
37 281 -8138395574870814684
37 282 -8379286131641375789
37 283 7963145747907579985
37 284 8397219913665172599
37 285 -3879142602396646736
37 286 8575372646861252326
37 287 1497852945684537980
37 288 1155670360877116740
37 289 -70626705723231453
37 290 -7420897973705645369
37 291 -6474490706937497596
37 292 -972569376565690883
37 293 4618600505704647532
37 294 -4272009528642364150
37 295 -8425393837507190085
37 296 9179577264190617762
37 297 6410207520567927311
37 298 -4129351701010911869
37 299 -1722099817563356716
37 300 -5520603232695218178
37 301 6187303655285264287
37 302 -5400662362600820349
37 303 -6090018847422893989
37 304 3940568615265635795
37 305 -674121074884304405
37 306 -6472924638447004279
37 307 -4911178486772077195
37 308 -8727922671895423579
37 309 3736982883444404678
37 310 1031730275751945309
37 311 3033245009677090110
37 312 -6840471180659715456
37 313 8107440239121650897
37 314 4688471930062131003
37 315 -4082899031858254277
37 316 -2600221344779330384
37 317 3712393630816152685
37 318 -8882222346370447396
37 319 8878103675423700897
37 320 -9215247141953730167
37 321 -6128442282886777316
37 322 7189617972630812434
37 323 -2179473696698748420
37 324 6313879939285850088
37 325 2085193436059404272
37 326 3833814721058663941
37 327 -8860665358049603719
37 328 4825721294400647013
37 329 -3464882714036794440
37 330 2875469418251521425
37 331 -2336092955875547442
37 332 -8326812306913913737
37 333 6724192019627471252
37 334 2090064925483822635
37 335 -2319033242601425346
37 336 8194548024051462621
37 337 -2818082698475607161
37 338 4613315920610628553
37 339 1784583509052436933
37 340 -7276477139681670758
37 341 -1703932298476520473
37 342 5878216137330478213
37 343 4224299305083556378
37 344 3606906761841557319
37 345 2788552474103120358
37 346 -5226037307741216209
37 347 -4468543091958934942
37 348 1080056476846412570
37 349 -2956722061280088636
37 350 -2386516044062481863
37 351 1405006908825314053
37 352 2092323831864003956
37 353 -1220169480296278156
37 354 -8304882301478040094
37 355 -6588861671670130615
37 356 -5168615083181998189
37 357 2675619255708447000
37 358 7556364124464751992
37 359 -2093812271228162593
37 360 -4414734478713684522
37 361 5120421678682207576
37 362 -7906468147149735189
37 363 3808586950315696387
37 364 -6827070678933850025
37 365 -5542384714220870003
37 366 7915606962766057831
37 367 5029131712495484907
37 368 7227478948394639751
37 369 -8421020858574387994
37 370 3729491305191945065
37 371 -8917422616987900487
37 372 -8751512923155320353
37 373 7907708750893372222
37 374 208926515746760127
37 375 -2673894257746471071
37 376 -3113891234276989245
37 377 -834252956309584131
37 378 5552663325158978122
37 379 -2947777671344901893
37 380 -8646775414765386650
37 381 -2088290058539891498
37 382 -7246388176448089879
37 383 3216934032769483279
37 384 -5444758598858855343
37 385 1761893400602503364
37 386 -302420396447107619
37 387 -955397145277133918
37 388 2741386989960597628
37 389 -7971464874989484281
37 390 -7827878224025067221
37 391 -2212342528403566020
37 392 143599848400378573
37 393 4038222211441493317
37 394 8733367426509815444
37 395 8578408040760691313
37 396 -2145425136320070123
37 397 388246159392571894
37 398 -5231235900033386664
37 399 5848148704166508354
38 0 3627985156933275052
38 1 877317940719038020
38 2 -3763904842727298110
38 3 -486252288000194826
38 4 6866913133000572643
38 5 3470865345944637628
38 6 -5464581556215968569
38 7 2158057356040264298
38 8 5416818300006961577
38 9 2344713935062813122
38 10 3790081660123645752
38 11 2171458968397762454
38 12 -2135817612157101612
38 13 -8670556960226299255
38 14 1113181200739265064
38 15 2225288681360134149
38 16 -6351272625558032310
38 17 4470634940990848532
38 18 4829756308715945804
38 19 -4994998526120253400
38 20 7492596125779219608
38 21 -758641070845814580
38 22 -4408831025161201367
38 23 2666330405048082560
38 24 -8376263453066820810
38 25 6765174721805619485
38 26 -8269495697026019063
38 27 -1457966231124866278
38 28 -6980875129162859289
38 29 -7248589898213315356
38 30 868264993303348554
38 31 -5403692198408135403
38 32 573444954759469532
38 33 -6105775225568120590
38 34 8853148274706136408
38 35 347417275679080541
38 36 1198597638196733819
38 37 -117038049635094816
38 38 1391468617953367328
38 39 6938291598682561186
38 40 -9182902407825360819
38 41 6086319606019781952
38 42 2483331790041229461
38 43 -3421478204966355618
38 44 -322932987370508279
38 45 2636588020909160073
38 46 -6122042753705727825
38 47 6458005800625075048
38 48 -3558155305860280801
38 49 1629651157319088156
38 50 6495600421268471795
38 51 5509932140898899134
38 52 -363344880172453240
38 53 905168819141296085
38 54 -744117390414322927
38 55 3384666894270886096
38 56 -7134295898113118558
38 57 5949446500262054510
38 58 4126064712869404331
38 59 2254853918230926300
38 60 -4361270993191500992
38 61 4523363864982058767
38 62 6464921858978517122
38 63 1955817557371806836
38 64 -5584612880611481772
38 65 886558025133717985
38 66 -3424457135542415277
38 67 8546975640055444804
38 68 -7844179740648413261
38 69 -3054361595168752100
38 70 1061006221021915794
38 71 -2607492427327399501
38 72 4628927479686818148
38 73 -73984753102631494
38 74 6401294192096037026
38 75 -4442990091176222118
38 76 -222897427367777378
38 77 -2430133002874053328
38 78 -1222671096808034797
38 79 -4641261941873550166
38 80 6043785761508925724
38 81 -6695672083382332431
38 82 8502156341686122632
38 83 6925999549661841402
38 84 -7785759873788662697
38 85 -5490451248372940688
38 86 7937777890312149668
38 87 -2838353632907878407
38 88 3380261812169197126
38 89 -4513439092304454870
38 90 1297520135221563159
38 91 -8290593012264179495
38 92 -2325225416257551443
38 93 -8761786077329384851
38 94 -2729721114129700169
38 95 -499715441433659590
38 96 393029873823853612
38 97 -8408142447282525914
38 98 7910697091595848902
38 99 8597498151209827511
38 100 7536611338980024291
38 101 4797876237927536285
38 102 6515010659290889146
38 103 8279860408686173228
38 104 6803174484068731099
38 105 -8751662139961079663
38 106 -7610229060942975175
38 107 4473979188662454426
38 108 -9168566829098919067
38 109 -2183377058411691126
38 110 4326931924484260207
38 111 6728176984681899691
38 112 -1501269506662131149
38 113 1789129043877005603
38 114 -5548440434697542877
38 115 -3419043611290458410
38 116 -177570358941194420
38 117 -12014577282145969
38 118 9174742513029330401
38 119 -6018036141897329935
38 120 -5764603416468094380
38 121 8835520326245598567
38 122 5245824898281054800
38 123 2385975972895856030
38 124 -8451989341519862858
38 125 5723119249111611380
38 126 141464239702038234
38 127 4890953238685415940
38 128 -5872722033899606041
38 129 1356613449540824847
38 130 8617529693675874329
38 131 6730220738551297716
38 132 -6007330984558516950
38 133 4756372726377910863
38 134 -8417539159431371859
38 135 7040047049818205913
38 136 3444720743662532588
38 137 -2594816988113854157
38 138 1759561539218915478
38 139 -7444917621905788269
38 140 -7861941597428457206
38 141 -3637631189895732002
38 142 -3807271438318117769
38 143 -5119680112759377044
38 144 2169249240645230694
38 145 7210831011567053963
38 146 4383014298951166302
38 147 -6293189512144125402
38 148 -5577667176371955362
38 149 -1822609590401456153
38 150 -1833273718144243378
38 151 7844487878973361429
38 152 828616270972793507
38 153 5238559400799919085
38 154 6983831634674902788
38 155 2329131484693534551
38 156 5785624455604375171
38 157 5218005607117176303
38 158 471854539756382533
38 159 5205200523428540184
38 160 -4975874993123990368
38 161 -8479397079798937246
38 162 -3007543733659026842
38 163 495291409626098567
38 164 6371941298186569259
38 165 2895409570727457098
38 166 1816753319710483623
38 167 9214031675018066830
38 168 4444518317311127698
38 169 -7355743656417515734
38 170 6567054190163817187
38 171 3193193738348747551
38 172 -6530791159199793155
38 173 4460269764915655115
38 174 2324098484016449985
38 175 -7802236499020038335
38 176 8004786626617526966
38 177 3542224999414044726
38 178 8447915031146515737
38 179 -3357221079002817764
38 180 7478929991867166486
38 181 325254382179271011
38 182 -8515789262768298896
38 183 -230400001925522238
38 184 3280531635686261384
38 185 5208703970959086198
38 186 -3386874017787770999
38 187 8195745063783693948
38 188 -3530703109839180638
38 189 8151445493346520297
38 190 5419499870178254846
38 191 8791756824765424426
38 192 684298621459539544
38 193 3028123585786868430
38 194 268564941558308079
38 195 4461975541439884989
38 196 5050593253995108512
38 197 9047179029705120620
38 198 1158238154730043099
38 199 -285972445630622548
38 200 -7098057404450319800
38 201 6588818915853441966
38 202 4659414295491968928
38 203 2318281069611224729
38 204 -4971199174928453933
38 205 8381213746396733538
38 206 -6111189511453058015
38 207 -2111724157361913839
38 208 -7605053030720028414
38 209 -7005994798763861767
38 210 1221179700698723638
38 211 -2753021015163801182
38 212 1893431070726751192
38 213 -8092446062967288027
38 214 8559400280132820661
38 215 -2852112378063883105
38 216 5958066609280762157
38 217 2932712224104522491
38 218 -3011452809510320783
38 219 -6769815865826817166
38 220 5909081300521221006
38 221 -2216818301209248812
38 222 -1678850143027328891
38 223 4405585185241434527
38 224 -5074383408922042202
38 225 -8968407418924870853
38 226 -1640714636052833412
38 227 -6444550731626055561
38 228 3436084596763719416
38 229 5461463903715771327
38 230 5326166769279859537
38 231 -2483838514045160589
38 232 -5791494207432631558
38 233 -6206179740076405056
38 234 3628176862320765176
38 235 7475648168167075363
38 236 6589050597187314509
38 237 -2818384358302038043
38 238 1419953110714485324
38 239 1034458240338651760
38 240 3884471335246687671
38 241 5863787587861878544
38 242 -2017675380299945559
38 243 5920884558172857206
38 244 8056380803019584730
38 245 1094319160295847307
38 246 -604516034991997737
38 247 -5086601380954721097
38 248 -1551489580780936170
38 249 799800425339957514
38 250 835311241047767509
38 251 7220745235692758266
38 252 -4011905998972107284
38 253 -5558816642424749746
38 254 6345004388874224997
38 255 -857453688068965730
38 256 -8526561998241967616
38 257 4106332563375839520
38 258 -8506870322436229127
38 259 -8973128278166299204
38 260 -3946646408153165053
38 261 -7923051692187026656
38 262 2291613374524981505
38 263 8073496610485969730
38 264 1796684470352682630
38 265 -3661792957734098110
38 266 4354882519213091956
38 267 -7422094143309180411
38 268 4915010568515524912
38 269 -3866480991507728889
38 270 2717483592958037856
38 271 5957127018779029942
38 272 -955449106938167402
38 273 -4499903220462658781
38 274 -8329273516604678660
38 275 -4264602863715432751
38 276 -2945717547658817200
38 277 -5661529341496351201
38 278 -6855408666230538257
38 279 -1866928432943631706
38 280 -2018546359292708510
38 281 -7752043995225948113
38 282 6026754194670202568
38 283 -6244504528093000858
38 284 -4453285835518571110
38 285 2241469511740488332
38 286 7824778937256281026
38 287 1884982963301958974
38 288 8835342620574526826
38 289 -6419754808502025522
38 290 3734545239787406698
38 291 -4516514333292316988
38 292 2706594944831793794
38 293 -5759527727392476304
38 294 -1218098584046696020
38 295 -6143977171158334621
38 296 8848313169412954230
38 297 2555134945324501313
38 298 -8598193325122833035
38 299 8922802039439235009
38 300 122087118881675788
38 301 -8299731237777869971
38 302 9120380944782492257
38 303 -7095917771716714057
38 304 4088997896090301975
38 305 -4910539256948791755
38 306 2558288369742172257
38 307 270327565702066265
38 308 3921956527807822962
38 309 9212642558726006272
38 310 -4913159011007443107
38 311 -1535380074050992552
38 312 -7263465291888550030
38 313 2151043518549542934
38 314 4711959579119515825
38 315 -1638765156432111696
38 316 -9197625085874174601
38 317 1033114884033878327
38 318 5607754039284875042
38 319 4529951116261376695
38 320 -6964323290228462026
38 321 -6606244472340044648
38 322 4086984391405671299
38 323 -7804196936363809546
38 324 6329933191647426078
38 325 640560532874703833
38 326 2710377673130954901
38 327 -4559953091308181671
38 328 6728168900486295849
38 329 7112786878408283147
38 330 -3053993060355085587
38 331 8734168415020418289
38 332 6695108662960343696
38 333 -4267434555810670062
38 334 3447038339219264335
38 335 -1187044308491273229
38 336 8599034071897507246
38 337 5635999104435773112
38 338 -4056680424616209918
38 339 -1942375134775570388
38 340 -6330823420766178281
38 341 -7541029181234883331
38 342 -5373178312230548885
38 343 -8585742075588317017
38 344 -7396586850872178091
38 345 8259212205359760757
38 346 -5667574490261248131
38 347 -2184977631546684621
38 348 -3596898825035709825
38 349 855845233298988234
38 350 5487061952593173581
38 351 6226304622585131171
38 352 8019851305284993548
38 353 -1940883331245690997
38 354 -3528713898248030227
38 355 -6142344400696946833
38 356 -2973237917073856243
38 357 -7149318070792841196
38 358 -4334530254404871212
38 359 -2366536055355839270
38 360 5762045495090302913
38 361 5288946989888180094
38 362 -5534038926129272931
38 363 -7365095024948007840
38 364 971751250395364702
38 365 8858143684570744848
38 366 2226883205189117150
38 367 -2878171473462379697
38 368 8016606676722839635
38 369 5456789037701723078
38 370 -3523435175183268673
38 371 4398077801191654979
38 372 -5305992494253463964
38 373 -4147204235668551209
38 374 -2952062111953547490
38 375 -1464524046330502801
38 376 -7573082709294781054
38 377 98873083438419040
38 378 -8213260395990466970
38 379 554247435081467322
38 380 7734646778392789162
38 381 2667596598763829894
38 382 6324910854948953557
38 383 -6172085929461769887
38 384 -50759149884823811
38 385 -5483112841265448579
38 386 8204531439300013000
38 387 4226659613938351667
38 388 1860118888723028229
38 389 -3676748897567370348
38 390 -5611549236102988815
38 391 572994845720459275
38 392 3439753174788096186
38 393 -6706169410686963321
38 394 -5315872433710216325
38 395 5580772314709845323
38 396 2920202415302051639
38 397 3996510538190910016
38 398 5338608721205594427
38 399 -1622221644266888530
39 0 7705387349041032834
39 1 6883226318695851229
39 2 2998033577803603835
39 3 -5861033965221072521
39 4 -8057401730424461647
39 5 -8961161883806348696
39 6 9173410694095537667
39 7 8423821355241197058
39 8 6113038741999103644
39 9 8882310676003700052
39 10 3557373742921155383
39 11 -2374124561493476809
39 12 3559848548402806857
39 13 -406503729968577844
39 14 -1009064231905966946
39 15 5585463723424054576
39 16 -4359391799284481529
39 17 6356287337326488786
39 18 -5898014259954864503
39 19 2297018871625389436
39 20 -8624804696225986213
39 21 848932184309835175
39 22 8358525210560569143
39 23 -5243142834548511485
39 24 3523293289747771081
39 25 -6728326454112477466
39 26 1367628060861897982
39 27 -5929083603038519311
39 28 779428922028606688
39 29 -4532751724763478139
39 30 1175226191748752608
39 31 -8064935439722709645
39 32 -902212309871273581
39 33 5066804715298132997
39 34 1674363484756593314
39 35 -4912399518250899917
39 36 -3784464296407886079
39 37 -9040156152449302683
39 38 -4758173411047318763
39 39 -9137870550966251357
39 40 -5567377737982504473
39 41 2861872108619870313
39 42 -6126485590354986783
39 43 -6123059539437085226
39 44 3658393618620124152
39 45 8885048375716121478
39 46 -843693084468086482
39 47 -6023305367446150803
39 48 9064540329445739330
39 49 6941350751803598623
39 50 1855014712016090425
39 51 -6374989400068737733
39 52 4686219442979461571
39 53 4344238290685205582
39 54 1524630973768024959
39 55 -4333041186515204101
39 56 -8382625858993436901
39 57 -1987020218871833947
39 58 1866899937994717640
39 59 -7730717511170776328
39 60 -3441311560782388542
39 61 -7648876880634224107
39 62 3938214203999555382
39 63 -6233182783844722431
39 64 -5798728940388137793
39 65 -959557348909736940
39 66 -5914651945062744728
39 67 250156261054715648
39 68 1508204501038713136
39 69 3255041904733073512
39 70 -5963094267772234257
39 71 -6497500804937006296
39 72 -4693185733257670057
39 73 -5549877595606113585
39 74 -226331951459143295
39 75 -3385198722754330754
39 76 6225832370163729354
39 77 8119224428827277616
39 78 -6880864263278828962
39 79 546240932391826905
39 80 470473527842624370
39 81 -934702530011844216
39 82 3409180553663097461
39 83 8262473671351321277
39 84 -6094706799220162249
39 85 -5148218869281008537
39 86 4909878543621408429
39 87 2390149034993663448
39 88 7046056916375651900
39 89 -1373844410779105121
39 90 4094478642545665170
39 91 765832813913363406
39 92 -6839074315396102769
39 93 6001023891669635704
39 94 -4112900706631862910
39 95 -1011441828518205234
39 96 -6382096181123437274
39 97 389184626163228231
39 98 -1041791635136110546
39 99 -6914127416709458926
39 100 3155285776799577998
39 101 -3087435492405457369
39 102 8818710774026038144
39 103 -6122934230858033394
39 104 -982017054688833107
39 105 -5089177584010938500
39 106 9131882427641586549
39 107 -2490642672495526093
39 108 4754715078847931088
39 109 3788309069857549314
39 110 -4274596769304743488
39 111 5796311633873440932
39 112 4558312518630890860
39 113 -861348743358940531
39 114 7440182980866661237
39 115 6563309381179762428
39 116 1818234779994618632
39 117 -8159802902760897095
39 118 -9157381993816385372
39 119 3001901450289000452
39 120 8783501383577349897
39 121 -7399512583637586746
39 122 6981424297425896934
39 123 -3284962179723102321
39 124 3951845814759725662
39 125 8491001110389998488
39 126 7016428153385654760
39 127 5223741154613092667
39 128 6159803685458321597
39 129 -8620022242446499801
39 130 -7872614168969063932
39 131 -4265936949614742325
39 132 6785412416910079943
39 133 1603806052675613304
39 134 7229172517801313857
39 135 -4050930759309310789
39 136 2157310230328261022
39 137 -5284076034264934542
39 138 -6385052372718167907
39 139 -2781657399464575194
39 140 -456826423499105724
39 141 -4050393629044433161
39 142 -8672623003728487749
39 143 3810964585934096024
39 144 1269589428599498783
39 145 -3562533226975351578
39 146 7486041333430077363
39 147 -2212078483397685947
39 148 -840809648078829705
39 149 -2382285521143049454
39 150 -3714711796150047873
39 151 -3012036966222539809
39 152 -5310260138608256725
39 153 7452127370546285820
39 154 1859334907735226883
39 155 6726479563824812714
39 156 -7692330104702992856
39 157 -188778769687611834
39 158 4352595835283893743
39 159 -5723897016202535672
39 160 -3087444196640637541
39 161 2164674216925824580
39 162 -4510445543232183120
39 163 7869392843188862493
39 164 5847527846332845686
39 165 -7080845392247344662
39 166 8689540287060152321
39 167 3640873077130820251
39 168 8305973648492368187
39 169 -6843271562508370297
39 170 -766591743356621077
39 171 3956343874884246222
39 172 -991703011835725778
39 173 -191063262821964295
39 174 -458365043138434890
39 175 4117668666186095550
39 176 -1850319687795752323
39 177 -6258780764800790591
39 178 -8445459726054522997
39 179 3314103851981146362
39 180 -7827055279123741202
39 181 5905066254383265480
39 182 3036121247748049462
39 183 -8122250204077290211
39 184 -5819075769220382461
39 185 1097454721709381100
39 186 -8171012314159049637
39 187 -9124133442429216782
39 188 -6499181885123457404
39 189 7504430209043467447
39 190 6963172687410983889
39 191 7218443250226716801
39 192 -6117893126150006991
39 193 -3417885438203685884
39 194 2812436499273832773
39 195 -4909911570461998456
39 196 -575893658764625745
39 197 -3766571570838102830
39 198 8468870418277313329
39 199 -8736453675828537039
39 200 -3817049704972725924
39 201 3142828796236136068
39 202 4089310468631153624
39 203 -880965831565174797
39 204 -2628347059302097029
39 205 2780910925337138425
39 206 -687144259440009817
39 207 -3460158632623737596
39 208 2192286151462737384
39 209 -8777457272472119094
39 210 4230681489990052213
39 211 -4751376689887903759
39 212 -2636122241726266988
39 213 3744751714893924453
39 214 -8157220613604203866
39 215 -7030211987356689835
39 216 -6217565783864052293
39 217 250806823295039946
39 218 -2146617653293498942
39 219 6163715247020997393
39 220 2033107139234228580
39 221 -7893151116931770053
39 222 -5340026352525863307
39 223 2994930502137552529
39 224 1663316246050510841
39 225 184936611414573765
39 226 -783053870760598716
39 227 -7033433474717398831
39 228 -6823686448101296459
39 229 4755210587550884067
39 230 3615840521115194547
39 231 -8146515769614702322
39 232 1254321221680897551
39 233 8764250392329533853
39 234 -551273475060190923
39 235 -5992222037099127358
39 236 2781838716157801921
39 237 -7072820457335962602
39 238 -2321820909141485665
39 239 6894190760815509392
39 240 4996774027822236650
39 241 6845060600135104245
39 242 -7243676313150143144
39 243 -6620753826652231403
39 244 5202903509043557419
39 245 -1487759626608086737
39 246 -4668790975907279304
39 247 -2711515809562520867
39 248 -3917213276935759528
39 249 -4391093514805066267
39 250 8138586621617946607
39 251 -2401477782796704001
39 252 -3090476890316634531
39 253 4006426310630006569
39 254 8858539673356293382
39 255 -9004165044302789351
39 256 8140970830643067216
39 257 4705477597059942083
39 258 -6968549310783437128
39 259 -1186873023470250089
39 260 6143394722349694513
39 261 3797258409432557636
39 262 -4093926422523044880
39 263 -3763745149945498238
39 264 -5945609833220178314
39 265 3603788485240761615
39 266 6050886799142678389
39 267 5122895695235584349
39 268 -4573194026086583391
39 269 -4904299126617407099
39 270 8206924611942134479
39 271 -3923370047473399803
39 272 -6385713708012926192
39 273 -7091897950572517981
39 274 7364499470369689528
39 275 -4747518923317592653
39 276 6419447761312510006
39 277 -5560920535079174929
39 278 6147666076286699987
39 279 2121699234395265198
39 280 -3041193624279778277
39 281 2335840135456509220
39 282 8850348282758426033
39 283 -4896651334362434412
39 284 2590755794820651751
39 285 5287942685422621771
39 286 6281889651629033930
39 287 6242855958079206528
39 288 -4980652507873579118
39 289 105722101298291060
39 290 5221265619551843666
39 291 4220392514823012022
39 292 -4017234741337793108
39 293 9158416614695844539
39 294 3736244195407399432
39 295 -251133090901677999
39 296 7215648395836879502
39 297 -915607248404883343
39 298 3022952078653780166
39 299 -7641544777022610500
39 300 -3601207452616222367
39 301 -3597467970541103695
39 302 -2697415126816726115
39 303 -1567303807936825342
39 304 1360317197444135525
39 305 7404231297659305961
39 306 7518209263715294921
39 307 -8704196756521227827
39 308 4723216864049826694
39 309 7864134377363843000
39 310 3531401044985283744
39 311 -6546596460886777030
39 312 -706974185557488152
39 313 6530007542737313565
39 314 -632323113357300388
39 315 -86605246727185517
39 316 746819045381224592
39 317 -1294324153332769129
39 318 -6831264292426408703
39 319 -275759650511008825
39 320 6279824458574533815
39 321 7101338273214250419
39 322 -6241312576247895083
39 323 -437686651306269807
39 324 3030933946263621439
39 325 -4371646920908426803
39 326 -4728225054090045861
39 327 -7535912853894658364
39 328 2805147663453178650
39 329 6865007369605588170
39 330 1859401530543916908
39 331 -7056332396644201807
39 332 -5943407333079191765
39 333 -1116282560698670642
39 334 2128640959767499666
39 335 2989586461605939739
39 336 -6641720615967165815
39 337 8825419617576294950
39 338 8530513047118517928
39 339 1932707239832700144
39 340 405753597952897562
39 341 3458332115970959138
39 342 8235262278032200047
39 343 4996533549423342488
39 344 7485533088140362805
39 345 6293229250847373613
39 346 2913642891938302836
39 347 -5454857262097556816
39 348 -1932549298996416499
39 349 -3853206327045000588
39 350 7901293220576352484
39 351 1795572417612266685
39 352 -1489940269535684672
39 353 7551266164514854434
39 354 6045171597638292884
39 355 7485878518399142635
39 356 559292679334855250
39 357 -3647963758486686921
39 358 -6440419080485943420
39 359 1950050100768235753
39 360 -3494755166218670233
39 361 1501098837977350309
39 362 8159925065983688542
39 363 -929317705799526284
39 364 -6532365502268572466
39 365 5248115228235198613
39 366 3214054232269083179
39 367 -6194323897288526784
39 368 6217036687482318966
39 369 -6882423190883879057
39 370 2636804584581214954
39 371 5712489978759456077
39 372 4467728137513208090
39 373 -5096631858531285807
39 374 -2054400245800470471
39 375 8443523525738224130
39 376 7142603677988514003
39 377 359016633857899890
39 378 -1972798737852118314
39 379 -8540419835573913699
39 380 -1726190369922728216
39 381 -1731524443612931070
39 382 6991394273448086119
39 383 7008010959922297228
39 384 -989003366707523406
39 385 -5969449437028084089
39 386 -6043419662107965616
39 387 8953200197300237865
39 388 -1337200185276617381
39 389 -6390873418195581534
39 390 -2214468025609154262
39 391 769374448662649126
39 392 4858927901064339405
39 393 -7231772639089061981
39 394 9177179825725940999
39 395 449279045133391981
39 396 -4407572654825373883
39 397 -4469936772365383409
39 398 2304959669702363482
39 399 2273295307366938414
40 0 150407455759398241
40 1 9215887885240343226
40 2 6861279128725201517
40 3 2765449345886353974
40 4 -4578202199636006339
40 5 -8589165535418529209
40 6 -463291937768651829
40 7 8559784478279639049
40 8 -8833280427463361003
40 9 7342035816358669156
40 10 -8065090925906102686
40 11 -5116939307068923147
40 12 3033931363217019099
40 13 5315367980998769314
40 14 -7446527014369598741
40 15 -2730897575690414028
40 16 -2209324284811056117
40 17 -8016435699909855345
40 18 -7533916956859673909
40 19 -2850074653291377291
40 20 3970924773840671515
40 21 212261752510533889
40 22 -4217274440545359126
40 23 4571435512837441118
40 24 326989896685495135
40 25 5849491767957190350
40 26 1719512530221337255
40 27 1714578920848955765
40 28 -5194475756150717042
40 29 -7867207844911434091
40 30 -8729206949249171802
40 31 8463371201192969203
40 32 8893694354790911280
40 33 -4308006930782818523
40 34 -5317808154142220898
40 35 2600528037685159003
40 36 4551175624262773769
40 37 9096366772986999251
40 38 -978969046614237358
40 39 -8806374571120604939
40 40 -9059830244138119693
40 41 8071119552358568085
40 42 4121531438890472876
40 43 8678005323740821741
40 44 -2050255557025467938
40 45 -8364725817720009087
40 46 5390118467104150072
40 47 -8148292024570848167
40 48 3602911752471096975
40 49 6146979898501136765
40 50 -3655807843251461790
40 51 6845388585517011909
40 52 -4204061143163115627
40 53 2284057418722768322
40 54 -268187757001219974
40 55 -6714805649189235263
40 56 -5746890011619417260
40 57 8646111972034245037
40 58 -2485405744928137580
40 59 -635336592358748994
40 60 3829680930048331123
40 61 -3568099245777621130
40 62 -8846299388718982892
40 63 320677526778649245
40 64 2739070579203193441
40 65 -137113586730988570
40 66 4582903736025897209
40 67 6388167866447706523
40 68 1654310806769508956
40 69 4137647724609287028
40 70 -6255207601149512230
40 71 -2076790913776972175
40 72 5412348193412512811
40 73 -228966538133559012
40 74 1481386933130385955
40 75 1067601155711123275
40 76 3411633090904836982
40 77 8671434452407926870
40 78 -6441025172478073972
40 79 -816602408423781762
40 80 -4824207384170155671
40 81 -2497770763379166118
40 82 -596143626311611353
40 83 -640338418121989826
40 84 7168962659157858117
40 85 -2208083819080427872
40 86 7473147762674988247
40 87 7344956986069582109
40 88 -1911598416441233247
40 89 -8807140934313550425
40 90 -8938071220580152635
40 91 2141890691708408406
40 92 -7564263197941432350
40 93 -6420543020256402234
40 94 5892798461310358761
40 95 4692500608671132239
40 96 -6657076945925548674
40 97 7264734129869421761
40 98 1326893314396192842
40 99 3897801072006397696
40 100 2735520253943597905
40 101 2275635304702828563
40 102 -8965687680992216674
40 103 -4789075977301184257
40 104 5925330301619392645
40 105 3167705663480199201
40 106 -4414937334398661473
40 107 5553253337675168668
40 108 8543797194670832187
40 109 5408593182091008056
40 110 6075512974891766872
40 111 2125125403078486400
40 112 -2041090820913648467
40 113 -9176957656751894512
40 114 -141474857250338851
40 115 -4286814744301497810
40 116 -8087486318746046407
40 117 483631847325327801
40 118 -3282713752618156930
40 119 7590827446945700367
40 120 6078088044485751088
40 121 7097247827998803364
40 122 8589575772366946393
40 123 8637546977568138455
40 124 7899187260321127639
40 125 3604844965477688806
40 126 3146279871250308003
40 127 8271532067695778330
40 128 1272337886253488047
40 129 -2308563689836401378
40 130 804030618539002001
40 131 3403453494858210717
40 132 8446758050845063716
40 133 1173190947760745085
40 134 -241488428667354679
40 135 391018606155743712
40 136 -1748442895036551280
40 137 -3728833802340770572
40 138 3303130925690996961
40 139 -4462591052768664661
40 140 2384256392321713585
40 141 2367171303545409559
40 142 -1510972229445833958
40 143 -5454960610687765107
40 144 4159450374565637523
40 145 -1845681232323815296
40 146 -4704935420347905353
40 147 -8073142942787223415
40 148 5373239236456677242
40 149 1177408165641933897
40 150 -8931959400938492436
40 151 -4379613554163433467
40 152 5026006525566189613
40 153 -7207315587512531738
40 154 -4932854398463360721
40 155 -9172063186350015391
40 156 -2539913018628443246
40 157 -8695643781956528173
40 158 -4160319475535410839
40 159 -2297424142853993444
40 160 -9017867689546968407
40 161 5138412154667645805
40 162 -1624591355347407692
40 163 1489730758316419488
40 164 -4358014507365185725
40 165 3062742131030804945
40 166 6871858068244587288
40 167 -6831727091598168928
40 168 3330079282859049343
40 169 -8451478218942311095
40 170 -6382487106333090939
40 171 -4657813237184633381
40 172 841389851770761193
40 173 3325570214325310690
40 174 -788052684766774119
40 175 7149353069462984482
40 176 -7699531128723239070
40 177 3002050271451037171
40 178 422822193987659015
40 179 -6641429117337569002
40 180 -9217114145701211985
40 181 -1162977154300158086
40 182 -4521110053447700288
40 183 1641562512247764709
40 184 -1527950668502381083
40 185 8280267602058038055
40 186 -4458985271872005974
40 187 -5474006670066562004
40 188 -3666391675776634044
40 189 -7899085656275208509
40 190 2607620261378192514
40 191 164897806729872415
40 192 8459634400405329275
40 193 -6650483910241035139
40 194 1360082715933464427
40 195 8114722878840478548
40 196 -3797177579940065991
40 197 -6843621360494818607
40 198 6392768678835332424
40 199 3939372784172422095
40 200 -6814762539530458599
40 201 -4252711250439212876
40 202 -779745953887763380
40 203 8828116918472444700
40 204 -4842735169893412993
40 205 -1932026361271713002
40 206 -2310228702385478885
40 207 3964400262937372754
40 208 -3095363428195053388
40 209 764472839472919823
40 210 -6162079016829283922
40 211 404345350836070048
40 212 -7983189058252250689
40 213 -1798860669934919346
40 214 -8880893443656798201
40 215 5106071023694232407
40 216 -1243842711497905450
40 217 5982342747057383969
40 218 -5819244768499059306
40 219 5948068052595302632
40 220 -1489961803446856616
40 221 1419788934014053227
40 222 8444320654512586237
40 223 -7509728703676081800
40 224 -8137771314572972929
40 225 -268502097453117350
40 226 8128004946958181477
40 227 9165752180409824874
40 228 -732155787281894808
40 229 6188361054739069309
40 230 -143342100309356924
40 231 -1046723664823560884
40 232 -7356084644959288524
40 233 -2769763491736479774
40 234 -7202936706545459231
40 235 -7470940430648088406
40 236 -6058485015751476826
40 237 -3799893426575411150
40 238 3910716389042719878
40 239 -6801054156783270983
40 240 2686383640845899660
40 241 8046512911204736018
40 242 -3655536026566865466
40 243 5216486503044446691
40 244 8477159513944368239
40 245 8998553796527933455
40 246 -1312733015432279000
40 247 5055116880038147958
40 248 1984400247068344287
40 249 -8682366635419095978
40 250 4832658748412889312
40 251 7945720082273978172
40 252 -8383429866828775551
40 253 -6531363582429475034
40 254 -6301450994622806973
40 255 3543448034201588934
40 256 -2147438219549760276
40 257 -2963219657802276010
40 258 -2256508274469532218
40 259 8098549690035058696
40 260 8521252463633333489
40 261 -2260567020100622484
40 262 392485036327598490
40 263 -1088762842723964477
40 264 5598068305155853817
40 265 -4358953295237923780
40 266 9170114022844403907
40 267 -2033269622928112955
40 268 2678265014951017045
40 269 -9001087243959706133
40 270 6407097454037254573
40 271 4797085997634086281
40 272 5750630604734767760
40 273 -2076456020940593081
40 274 -8864570973155607071
40 275 714269828914824022
40 276 2670772263839473436
40 277 -8342824147371051896
40 278 -9139788361053297994
40 279 -2916547663842281757
40 280 1514084952649684348
40 281 3718138073297887669
40 282 -156191485681987438
40 283 -3587772271879894109
40 284 4122149501673325762
40 285 -36785328645984235
40 286 -3132040000290278707
40 287 -2920286757863135284
40 288 5905182734137565747
40 289 -4927547635342194949
40 290 -7849988803473912081
40 291 -1751098983878388322
40 292 -8017733633963101562
40 293 -7861452866040050654
40 294 8284128497619669582
40 295 -7892808099416824446
40 296 -1198988718296249731
40 297 5877154372576207092
40 298 -4703817992069957367
40 299 62963857146577845
40 300 -6188738545277483688
40 301 6726774357921525646
40 302 504919192762586885
40 303 7062507229693438740
40 304 5359914913210942596
40 305 -6248848397514402974
40 306 -675006685876927202
40 307 -5286445934825301947
40 308 5375845910544249059
40 309 -6729200795789874851
40 310 9187232405452818032
40 311 -6586995182742703121
40 312 -2169648401134610949
40 313 -1406700533076261608
40 314 -8642021615569361335
40 315 -831639077378311517
40 316 2168271150758676127
40 317 -578649128129531204
40 318 -3900483324853904032
40 319 -5416034694875287413
40 320 5392222504053075518
40 321 2715681697443648884
40 322 8221807171841192131
40 323 -316249819876505631
40 324 -7782186491965279994
40 325 3655391022001437493
40 326 -7366113692458297843
40 327 -1156776264051428738
40 328 -2229394673790615268
40 329 -2281495070512974894
40 330 -4648499500322702144
40 331 8631654908058099018
40 332 -4115235409699694395
40 333 -3053507692547328588
40 334 1978866587755211290
40 335 -2503415505116250997
40 336 2120469350846761806
40 337 8646823816605944356
40 338 -9125864137225607260
40 339 -380338387187569843
40 340 -3986304154416863169
40 341 -2907035186007210711
40 342 -5338101169835913228
40 343 -8953892607531673877
40 344 6151279760332911954
40 345 8765640595122405534
40 346 8974460367778156655
40 347 2905504746786072581
40 348 -2191255133609748554
40 349 -3663189390595796967
40 350 766065430661212170
40 351 7513651782781356160
40 352 7573115521740714858
40 353 -3474534179610912917
40 354 188659137281063285
40 355 984013149905281089
40 356 -336937481555114232
40 357 -2814698610853683981
40 358 -7076704651531023091
40 359 -7563150915077124208
40 360 5045622211697962369
40 361 4042291281692797008
40 362 197781536520010585
40 363 140232195337737666
40 364 -1693129878624820299
40 365 7397523853998677876
40 366 2288738211795893698
40 367 -4698917662690705821
40 368 -6430916484746410846
40 369 3478209742527863975
40 370 -477896167543969149
40 371 8742438394797485901
40 372 -8433546316269217249
40 373 5358067612755501145
40 374 922385869921870396
40 375 -4064235432187287741
40 376 6898642767948586309
40 377 -5057122225587966082
40 378 8335275764663502566
40 379 -8166681635556263209
40 380 5571472271206010516
40 381 2596817004518962712
40 382 -8396006274891448667
40 383 7426932151388992272
40 384 -1140288082743260206
40 385 689618914641506713
40 386 3594882399871890079
40 387 2528071555316835683
40 388 6782509746102694347
40 389 7426918080726410263
40 390 8480109363423722052
40 391 -6216082354350596719
40 392 7794497675623284009
40 393 -1520735899633101406
40 394 164813828024472118
40 395 -306126849448000415
40 396 -4272733341601356111
40 397 -2934209732545259868
40 398 8319004634991038457
40 399 -3682686880108256784
41 0 -4057066024518615000
41 1 4068437706882595274
41 2 -4153648959963709465
41 3 -8593642099904676608
41 4 -6772558748263549176
41 5 -852752860448785217
41 6 -5312791087655606306
41 7 -1825263873164985580
41 8 2320838901857828895
41 9 8670736781047045676
41 10 2922204890295443929
41 11 -2596520389296104669
41 12 -880745184233390888
41 13 7063064357191782793
41 14 -767711921212061993
41 15 -2579881526418915824
41 16 -4129751894471031247
41 17 -8009813965373048528
41 18 -3746608859152458420
41 19 2736816746725917565
41 20 4477963874334714101
41 21 -7303741276635582839
41 22 -438443549565222942
41 23 5594452455700498903
41 24 6310393080181539921
41 25 7088796924549431170
41 26 4934485266124051581
41 27 -2384849430597292160
41 28 -9107693149100980094
41 29 2917740220434880356
41 30 6096874779837279118
41 31 -3854456248091833815
41 32 -2785296891842603794
41 33 -5739138831514962831
41 34 7122559950323033672
41 35 -3658770953341948055
41 36 -371531616899825027
41 37 -3473268417440262300
41 38 -6642986562099210773
41 39 5742711449931881501
41 40 -8497892964297714703
41 41 2507084644044108905
41 42 2658848580485296959
41 43 4584974864245664268
41 44 3037349447248164602
41 45 -7543815383681455355
41 46 7113862100892438649
41 47 447084053166543289
41 48 7199691164269777101
41 49 1058728019092585626
41 50 -6870654370163756066
41 51 -7283641971064590675
41 52 3333736817455543559
41 53 -459969147021709084
41 54 1308353388779907831
41 55 -7505682890020055648
41 56 6020593413340341826
41 57 -9167687837660072972
41 58 -2261206894872486500
41 59 -2572116457945719970
41 60 412186480563092030
41 61 7769129819873423886
41 62 3253410061430798381
41 63 3742838044546524674
41 64 1733634327088525088
41 65 7488530892015184478
41 66 5717943029654652342
41 67 -2613816748712742115
41 68 207973453915251395
41 69 885662926421756197
41 70 -8411601132341994326
41 71 3516414521172352197
41 72 4767174560147792404
41 73 -6813523646979911971
41 74 -1616541001529219452
41 75 7991603868326328957
41 76 -1273355918869286932
41 77 6150176287294167469
41 78 3092870259660349046
41 79 -6393137106734281495
41 80 -3605513922439034979
41 81 6264406356484798642
41 82 -1611270548922183738
41 83 5951981734255647187
41 84 -1286473700737672986
41 85 2767156857999146478
41 86 4926846947167401553
41 87 -2946787356465233825
41 88 -6212100080748991237
41 89 -2238675783965006337
41 90 -1497812858221428695
41 91 -4657500047540125206
41 92 4711677768834669088
41 93 -6265237859086367330
41 94 4167516609019946011
41 95 -7459748071263667469
41 96 3913357213482893397
41 97 -5528947577946716979
41 98 -8613871470341518647
41 99 -1804122563262351882
41 100 8898532192175752733
41 101 4667760182084472003
41 102 9032288215446079185
41 103 -7342319902489431029
41 104 -2864934300436647515
41 105 -4381480397552804517
41 106 4526399405609030839
41 107 -1983091064048558839
41 108 7093595182196065121
41 109 -2868974315739458039
41 110 4688481430390116837
41 111 -2758947105930751839
41 112 7996519645267545855
41 113 -8072924518601809848
41 114 -3617138612890907933
41 115 -8382883762413786171
41 116 687445404255561369
41 117 -2227209902249992842
41 118 5417049200916198894
41 119 -3832261102411652239
41 120 8605940505849308102
41 121 -6504665006329848029
41 122 4748647879655121919
41 123 -2363181631607621113
41 124 969594446229504508
41 125 -1225490960703153763
41 126 3556596359211241955
41 127 -4558439046033601682
41 128 6728632484362572658
41 129 5578971630552302429
41 130 7545925285129882957
41 131 -3679701514102189864
41 132 8770063595345851641
41 133 -416750188920494268
41 134 -5149083336104232267
41 135 -1273524467492673130
41 136 3166077350777739584
41 137 198385736084194892
41 138 2810757914634278833
41 139 -3173724888624560375
41 140 -2678150860257233917
41 141 7603020250207948366
41 142 7425114367514890957
41 143 390858489342999770
41 144 1222292736220109649
41 145 -4074589015997571300
41 146 7281587709381454176
41 147 6113963778687901251
41 148 133214128624219804
41 149 -1788949082535556198
41 150 366153747453837647
41 151 7105797941325774610
41 152 -7360799953763868329
41 153 -5573453115797889192
41 154 8148701522848698098
41 155 6386548976941801495
41 156 3030647385852862772
41 157 -65080844363132172
41 158 -3298540796119534436
41 159 1033189139478201156
41 160 -3114407488342887784
41 161 5855821896151057767
41 162 456049937133225592
41 163 2731297755143915627
41 164 4006673230597897478
41 165 -3833229545268115090
41 166 -1175902666375423903
41 167 -1200335871511742062
41 168 -8223211048984531580
41 169 -7643614217607347145
41 170 4788625995050750593
41 171 2747247196413636554
41 172 -8267441099184405002
41 173 3920764979071970837
41 174 9119982465975257946
41 175 -1002705132240368314
41 176 6866302858913458560
41 177 -99572599364772432
41 178 6240213545269240876
41 179 -105648724991862960
41 180 -5489463091424593022
41 181 -5578024708803490700
41 182 -8706941089125397546
41 183 7005375430519482821
41 184 -4019310604799455771
41 185 1712009644075012586
41 186 1042103796599105628
41 187 -2976626728787823799
41 188 -8645660997534453235
41 189 4685929759675707196
41 190 8559137392750775948
41 191 4793206825459733159
41 192 4384265250944145782
41 193 -3860474190481669319
41 194 -4652692181012438216
41 195 3247083706154066791
41 196 -8997152489373000025
41 197 -7430865052375844204
41 198 4569318299611052967
41 199 -997818680303024211
41 200 7436379142437323937
41 201 983615938638842128
41 202 -4996505853543091105
41 203 -6177205771251571992
41 204 -2900480162192079185
41 205 -4462990044719850342
41 206 -7030202949701396307
41 207 -5908948265835381313
41 208 -3175919534372433916
41 209 8034912825918951682
41 210 8836146567869165366
41 211 -4402159566872432316
41 212 -4223707007277152083
41 213 6800237306794333194
41 214 -475827750002787259
41 215 2116900670304037196
41 216 -789841806680204625
41 217 8665061190793454148
41 218 7054554677711145855
41 219 2916615655710547363
41 220 -8129914285418545647
41 221 -6461765212592040677
41 222 -2133755131505512812
41 223 -9200551799476284576
41 224 -1687381139420071905
41 225 2616991963178597882
41 226 -1773277712147014735
41 227 -8334275299154380387
41 228 33147182935194659
41 229 2320662161951501510
41 230 6737242533671677174
41 231 -3843182804301528771
41 232 4622198006322220444
41 233 -768095628275071070
41 234 -7536555652596337073
41 235 4406289236607472742
41 236 -8869601544856560772
41 237 3247776651865402851
41 238 2925605704529998825
41 239 -4588160644357647198
41 240 7295187640368236498
41 241 -6833047993951358833
41 242 1570621002500251080
41 243 -1794740254524394372
41 244 -8277792369196965813
41 245 1773878101594927362
41 246 -8994689276462091429
41 247 707838874799151094
41 248 -8518976396541237491
41 249 3672904053460635641
41 250 8370098067221286527
41 251 -4490030512042276461
41 252 -5214302061414796324
41 253 -5379552988423249864
41 254 1593706398166259964
41 255 3907681337837269686
41 256 -9176031731443037412
41 257 7307921498661451099
41 258 -8405219467157326088
41 259 2604458225623308520
41 260 8362380142384532881
41 261 -5581984808287657844
41 262 545222430288445712
41 263 6919766563654680488
41 264 -5185530196456918753
41 265 1111812526495542939
41 266 -7366472359527305367
41 267 -6528682238331642459
41 268 6910849553104980385
41 269 -4358564513555524284
41 270 -2455976360637473073
41 271 -1730866085199909994
41 272 1973777084140821210
41 273 395151406336643319
41 274 -6827223456276958859
41 275 -4330310998967481482
41 276 -4843328035287185158
41 277 -4056471427346504276
41 278 5618976462558092635
41 279 -6306207489849360789
41 280 -2890784982175791289
41 281 -3795326363219397145
41 282 -4901004716788621842
41 283 7161712249654786773
41 284 -742352986190398708
41 285 6618134546511149115
41 286 8315025709400383557
41 287 -649296731644940442
41 288 7502148199971531503
41 289 -7791595165865189581
41 290 8211524972780054788
41 291 2766535244318159463
41 292 684131499138764466
41 293 -8601124562879925877
41 294 4333865262072550336
41 295 812603144558040547
41 296 5085956985556352092
41 297 8605694518822401728
41 298 5152920110173173725
41 299 -6622388862827366748
41 300 1210314282880231452
41 301 6671911909643320574
41 302 2568723218448356984
41 303 -8984104473041772364
41 304 3007993002763958413
41 305 7605581550995478532
41 306 -6177082872176333731
41 307 7029333532165363265
41 308 -8130407154315143904
41 309 4661686969754366568
41 310 -1189560560953271973
41 311 -1549546913266229864
41 312 6488523566180299633
41 313 -4450293753574312225
41 314 -2348764189734487399
41 315 744174666600753320
41 316 -667715056362902888
41 317 2530453029783924909
41 318 -9134499996224398188
41 319 -6108667084453041207
41 320 3189477352825208792
41 321 7636334676518794889
41 322 -2183401383094002125
41 323 -8977765675573136987
41 324 -6377777039873316494
41 325 -2356155826124254771
41 326 2003437959673703593
41 327 8208982546215115246
41 328 -3946842580659401681
41 329 1350607707100907297
41 330 8710748901698502511
41 331 -5626112682089050520
41 332 3316706397078732754
41 333 8003311791528229522
41 334 5032636709998943915
41 335 4472439464424491993
41 336 6484697609033467528
41 337 6668990007051527749
41 338 -1690467879297678075
41 339 -2491542763522049537
41 340 -4031874864704215790
41 341 1672311823360207194
41 342 -5516198865983715219
41 343 -2987594053300272728
41 344 -1414780814743157224
41 345 1243043452341284094
41 346 3404413058051775846
41 347 2821165810474475967
41 348 -8710760616699873404
41 349 5507801002754150873
41 350 -2757974205260020890
41 351 9106021747504137024
41 352 -6844846651207565196
41 353 1309817134997025230
41 354 -4567301181301882971
41 355 -8930092558095603404
41 356 -6023886395578349922
41 357 7047749404957201612
41 358 5591443747432200114
41 359 -2603195675045027941
41 360 -3037347634131475419
41 361 -4908255603016750093
41 362 -1640671483718620334
41 363 -4186292637602027877
41 364 5868702888658094152
41 365 -8107799500881637231
41 366 -2998285459032060652
41 367 -8361429087218127344
41 368 3513901135596864546
41 369 -3452684869067772526
41 370 3037912299606710757
41 371 -7191697071823145728
41 372 -8207695659414327498
41 373 -196761246022136631
41 374 8434390969007572396
41 375 -8386396384010267840
41 376 -2370186418808730100
41 377 -4494193920821689572
41 378 -6228690058243260357
41 379 8771902875877896320
41 380 3302715771504735803
41 381 7636220853363615054
41 382 -4072077400158559739
41 383 6141116106458591939
41 384 -8465681661267508952
41 385 -142576105759218962
41 386 490159925469162662
41 387 398843612200389240
41 388 4552431417694797422
41 389 -6624075999324278361
41 390 -2269794478609483665
41 391 4339415214573401382
41 392 2406584788485064066
41 393 -3642421397977288157
41 394 -2665502968254056622
41 395 -8822430230094055143
41 396 -477139946006706062
41 397 -6718898634726660710
41 398 -6647621958079897764
41 399 3242350146357468394
42 0 4226107618111454591
42 1 7239473012952792633
42 2 -4820821218388206691
42 3 8477968669146552892
42 4 -3286564138275515293
42 5 -3178867321735485307
42 6 -2375313024915229171
42 7 1514519128656663961
42 8 4998021650018769530
42 9 7380222473598559987
42 10 -7557420967969517290
42 11 4723154911227920995
42 12 6179554990273054701
42 13 7082712221174878878
42 14 7052825850826638371
42 15 2903773737617570474
42 16 -5886455580136611931
42 17 -5979401683027523159
42 18 -8922641429259283458
42 19 -4087034061247831510
42 20 -3605162432204869837
42 21 6155429835995254510
42 22 -5533524167728574278
42 23 1639553012340930593
42 24 6571517748478613784
42 25 -4969160111415011728
42 26 4223647869091896051
42 27 -8663715105127994556
42 28 -1330432228065576246
42 29 8414877717027293576
42 30 3758615401166233168
42 31 -1188196049290593346
42 32 -3403647592975309454
42 33 -9204121778909320372
42 34 -7773416072937446889
42 35 -3957680348852333161
42 36 -2162154833085058947
42 37 1713415149664911033
42 38 2329982130569716383
42 39 3686163940391324258
42 40 -2485916329727995489
42 41 -2892010961376814951
42 42 8425676657666327304
42 43 2862130123832391781
42 44 -842192182010309404
42 45 4569540839011162770
42 46 -9126478594925715075
42 47 2887290990767630427
42 48 -1735748727926702398
42 49 -94166990405929817
42 50 -51059056438211502
42 51 -2377021250013599249
42 52 8835254196240726604
42 53 4895529176632379717
42 54 -7871495732405471654
42 55 -6035271955948080723
42 56 -2536990035476669895
42 57 -6494492035040279745
42 58 8837753726699000020
42 59 -1219544073451298954
42 60 6618696293531439431
42 61 5280196889402367189
42 62 1159723978308579715
42 63 1989878092867634541
42 64 2851834890947233749
42 65 -3162794336685101400
42 66 -1008671743185681635
42 67 1420885858563820989
42 68 2667798074721411471
42 69 -1791604295252215027
42 70 2819591259789909407
42 71 -2135238401583768001
42 72 5796746627222938528
42 73 8208173966596314966
42 74 -4267813723218035555
42 75 -8969556278373624369
42 76 -828491165575478785
42 77 -2529652910137766175
42 78 -8485332384340324860
42 79 7013463768171388059
42 80 -697163950457367405
42 81 -9022655656099997278
42 82 -6308585738956495692
42 83 -6907560911629200211
42 84 1257662748360010959
42 85 -8557754554409475335
42 86 -4467249274253756688
42 87 7008295859897625239
42 88 -4126571138378809133
42 89 2349093184278846511
42 90 -7028825496547041331
42 91 9211194765296555210
42 92 4344746581967252592
42 93 -3383521289365151099
42 94 2766151080909859181
42 95 -8334583832449967555
42 96 -6621983881868211705
42 97 -3757304265138175790
42 98 2001592239123402504
42 99 8096974953140875170
42 100 6878660369604527079
42 101 5949667297423336599
42 102 -2219048223471763736
42 103 -8783546021558031162
42 104 7898022511518074093
42 105 -4058742106335712844
42 106 -4751751638057558693
42 107 6282843808439838740
42 108 8579579562778109043
42 109 2590501819938265923
42 110 429020582729825250
42 111 8549233798629910818
42 112 -7717785254687779013
42 113 -7951645070976439047
42 114 1891466102058211770
42 115 3024439220011068607
42 116 219792064624594528
42 117 -2486260155468109197
42 118 -1280433723103723880
42 119 5265779405842496269
42 120 -1107881668499540773
42 121 -1506330137168302895
42 122 1041492039976972696
42 123 -5382955757688887573
42 124 -8319375212515830263
42 125 4350550086458608808
42 126 -1871867780830525419
42 127 -1001978887447766904
42 128 7500483918677570330
42 129 -8319420714475960337
42 130 3516341397166209725
42 131 1740983751883163561
42 132 -5252038393002745627
42 133 -2681566582614315870
42 134 -9099534317879992271
42 135 -8121516668980234305
42 136 3502759520580945204
42 137 -219633983517756980
42 138 -3964771971129683688
42 139 -5816941816772791173
42 140 8006023334988137824
42 141 -6070305982006390785
42 142 -1380880032475228468
42 143 -8852618368180641591
42 144 -5254665920043225334
42 145 -6629755166998501732
42 146 815701878438753862
42 147 1820226802118691426
42 148 7477717826230329959
42 149 -3853993638687249
42 150 6481374492475109074
42 151 -6853589103234948249
42 152 5759855712588504398
42 153 5340309433112825213
42 154 8145967901190884052
42 155 1666053291410331133
42 156 -8493737540641141475
42 157 -5419362864139278568
42 158 -8328975640790419023
42 159 6205836429171923203
42 160 5157012969110327533
42 161 9013620994749080069
42 162 -2933222036010229592
42 163 5586940746510507012
42 164 3726016204969560569
42 165 304407736441256426
42 166 -1955712121998362816
42 167 4383081612336784211
42 168 403026743202153622
42 169 6411736065291476970
42 170 -3666573696163356761
42 171 4514311510067802596
42 172 -5411778239300158521
42 173 4964620496333076702
42 174 -2263884884724369982
42 175 -6929190574784754725
42 176 -3047715616467713650
42 177 1893194800691748316
42 178 3576902452278282451
42 179 4919881491838784458
42 180 1005952162196732665
42 181 -8916852738921155069
42 182 3339386757720473490
42 183 5482693128183529127
42 184 9013824227427505062
42 185 -8163072561052401382
42 186 -4935351940705273589
42 187 -7447941275364828431
42 188 8363699288702080098
42 189 -8885624881293686360
42 190 -5756301779852112358
42 191 -5352263508042760806
42 192 1953949886738692685
42 193 4788313203689333568
42 194 -5093768325163677527
42 195 5093589810180884995
42 196 2081734806563311818
42 197 699902598677051470
42 198 -3162869198846352713
42 199 9045857710813305426
42 200 -6892740020946486009
42 201 1245318106779976192
42 202 3844020506845279888
42 203 -8089941902972045665
42 204 -8837546969978261600
42 205 5158448637712080023
42 206 5589263918799884628
42 207 -1611005948243602748
42 208 -8870640464302404125
42 209 -1095425171696721967
42 210 3198906790638692133
42 211 -4802105020995039039
42 212 -4172868697044112646
42 213 -3634802482580880328
42 214 5849676642962356804
42 215 9101649819817099375
42 216 -2294837726266649445
42 217 -2060071280015722571
42 218 -3857459993313202514
42 219 -7369592984965113656
42 220 -8308064056987120580
42 221 -3577129096123171492
42 222 6054458801295504592
42 223 7741069680061865810
42 224 -4970416541946024796
42 225 7483809709542870059
42 226 9141909919600554608
42 227 3663869914521304215
42 228 -5470527941717085070
42 229 -3999988630407237162
42 230 5440152218897000204
42 231 4629590823396019625
42 232 -317309991157611592
42 233 -3480062846480695451
42 234 7448899782356587037
42 235 4069340038364679115
42 236 -1713831715877929238
42 237 1377494282574945577
42 238 -4192012321748204419
42 239 7341875899596010217
42 240 4288901228510060863
42 241 3442109672470666729
42 242 461400004679557385
42 243 3976048258509444706
42 244 2124179513397008366
42 245 4629024217940548393
42 246 -4744603408134632022
42 247 1113601177447683255
42 248 2252317614327784570
42 249 -2418003663522095671
42 250 5819086489380140754
42 251 123552113230305653
42 252 74696348275099077
42 253 5387311639101070102
42 254 -4073429870282305470
42 255 1230124128096050214
42 256 -6462247041895042945
42 257 -2986245930447449008
42 258 -5129421433116419557
42 259 -3503231448666658449
42 260 7635898570694297862
42 261 -5682359589320915295
42 262 5939920658976118678
42 263 8498208818731931301
42 264 3684149265511273329
42 265 4831704667118448869
42 266 4140428016965058207
42 267 936324187078533876
42 268 -1250030068339755018
42 269 4247660257855275899
42 270 8496003504510639758
42 271 -8764318216135157605
42 272 7245527203695582530
42 273 -1000141749477720615
42 274 -2021621917449622415
42 275 8011741205749183740
42 276 -8971539914534568086
42 277 8748204165798105635
42 278 7961632244299805585
42 279 8735558787608936108
42 280 -6257051428334508022
42 281 -6691676291293678130
42 282 -5274978151651852865
42 283 7669206733775667839
42 284 1816299543136681802
42 285 7490129310085409605
42 286 5135019158295805985
42 287 -8228544320156359206
42 288 5252392118962234635
42 289 -5076657830334341109
42 290 4673786191105546279
42 291 1104648436341903452
42 292 -7145095008151186239
42 293 -8839065368727872794
42 294 -3279885465001751140
42 295 486149995279395879
42 296 -5792704348618089657
42 297 -4330126065998460423
42 298 -778464718089385957
42 299 2576127907302884576
42 300 2855275501973422688
42 301 681237087073351505
42 302 -1599742143051963750
42 303 -9184373892149732456
42 304 -3111651624543834567
42 305 -706342624637280246
42 306 6629965078390557251
42 307 -5757553730830625651
42 308 8828446201277426917
42 309 2467835153892113927
42 310 6744099126677711675
42 311 -4851453149865760985
42 312 7911953143399975660
42 313 -6583945817987769479
42 314 -6816901698349719027
42 315 -7261665050941024815
42 316 7064349370318988028
42 317 1844916100879797423
42 318 610551197960436924
42 319 7829522649359337744
42 320 9017968720850455344
42 321 3044326140969232680
42 322 -3763787458850544976
42 323 4599299018301822705
42 324 -8362297929543678532
42 325 -6416650532090214802
42 326 5784398340532535265
42 327 8312576596186134559
42 328 6050742453725529795
42 329 -3208326350060984670
42 330 -947545463903124397
42 331 7755333601268821751
42 332 -1989649566914369550
42 333 4265130011504203999
42 334 3548756700551325922
42 335 1697382968539491578
42 336 -4352538714018651299
42 337 -8254996746298709245
42 338 7087277176717094542
42 339 8613065981971419206
42 340 3047554481915592766
42 341 959136856960841961
42 342 -3435361564584001450
42 343 44512562436441459
42 344 -8399892162142896304
42 345 -5078819786393911802
42 346 3752697009757506785
42 347 -4762376674644388422
42 348 2662165141436163016
42 349 1264131073804460038
42 350 -9141327786735807324
42 351 -730480272118212807
42 352 -5699877948510960494
42 353 -8342224065296052526
42 354 445587463897348558
42 355 5949680999627562312
42 356 -5842268648274733768
42 357 8578527267242416180
42 358 1294557224586168913
42 359 8576401724449730265
42 360 -991315096548089506
42 361 -7742626793187461814
42 362 4208833872114780754
42 363 4834703646838651184
42 364 -7423571074962008745
42 365 -3218622796997535640
42 366 4609357576285833717
42 367 6897919296356913610
42 368 -1932456791307295652
42 369 3140340669410047182
42 370 7269716358768717148
42 371 -5026556275896864137
42 372 -2782984377866797189
42 373 -7411998398096861202
42 374 7111664570282023262
42 375 -8946601879363700756
42 376 142346161755738892
42 377 2033940224648865772
42 378 -3995876201990724217
42 379 933882759249915575
42 380 -8876292373396501366
42 381 615519919465334325
42 382 -5265721931325424512
42 383 2506212666189491196
42 384 5529406976231020997
42 385 -2569397001233681048
42 386 8802223583724656036
42 387 6602019314209704311
42 388 7667704226704143490
42 389 7827809667575665801
42 390 8130166004709606013
42 391 9034045569131897123
42 392 2357756038997060034
42 393 -7629859433026064703
42 394 5393685993775261764
42 395 -4448990957811944932
42 396 -4138916423730737924
42 397 5045762634829780684
42 398 -2933300669157754880
42 399 -9113979560080678699
43 0 -3439376907616340799
43 1 -5933457582502323250
43 2 -2970566338434379628
43 3 -1172222697200926112
43 4 6821710140580523923
43 5 -190996613211024368
43 6 -5209182197724832633
43 7 6304844494910800821
43 8 -7576260903644451731
43 9 -3125910599891716023
43 10 -5559470279196454127
43 11 -5099812115857665202
43 12 -4129890277237736094
43 13 -711041504240208226
43 14 -982751815634523085
43 15 4392575148946437936
43 16 8961007132582237091
43 17 8792905997791424819
43 18 -5129807554643257502
43 19 -7806336792108208799
43 20 7539918029462571829
43 21 -3054530933124633158
43 22 -7547241962406599953
43 23 -6570278343063002270
43 24 -8884973934802508412
43 25 1040426699134971397
43 26 -8068940103218330910
43 27 -2274824508154261390
43 28 1965898676086610711
43 29 5183323508105696764
43 30 -5740780843699021050
43 31 -6329285295996762296
43 32 -6244906806960546271
43 33 -7650310558555039734
43 34 4586489918323287834
43 35 5431323877799205455
43 36 5906948155235224913
43 37 3601102127630567551
43 38 8189296411171464354
43 39 -8746495586507132420
43 40 2371613285207805858
43 41 1395824680810619118
43 42 -8002360894568897134
43 43 2854958058780685106
43 44 -2458571791825702761
43 45 5209364822419980138
43 46 3811813072381908501
43 47 -6491757099765368877
43 48 8449081602554045169
43 49 -1415052261170274223
43 50 1199871188551711470
43 51 -2133896564234357407
43 52 -7611689669811876673
43 53 -996244297797036576
43 54 -5585395315770882898
43 55 -801250354549418287
43 56 7386112400265215708
43 57 4786656892309696319
43 58 -7593982021048411095
43 59 2388288675827594838
43 60 7669524239156255876
43 61 -2624640547373159085
43 62 -4441816991126755628
43 63 7754382697153771913
43 64 3961732244660639528
43 65 -346137586993152328
43 66 -5494661328825294697
43 67 2974571050055027436
43 68 2705070342859183187
43 69 -4227500511622966607
43 70 -2113640914690998169
43 71 -3476047491067422376
43 72 4467416589646715603
43 73 -6237088772266661144
43 74 1581452115303650640
43 75 8840391922705037169
43 76 -5540328455362748601
43 77 -2914224861269109950
43 78 8213856859422426039
43 79 -5935689013941319482
43 80 -6126704318706764345
43 81 -4345989944126783982
43 82 -1546633700850981528
43 83 2668254625460544685
43 84 7393964381116688349
43 85 361035738422730483
43 86 -2221087994579926354
43 87 -4575218236427812544
43 88 5958091432951652977
43 89 -2840767719872217914
43 90 -3425948793959465898
43 91 -5924634004795079729
43 92 -1001929938168889209
43 93 7523119079904963728
43 94 5871057167799906389
43 95 8577089334898581559
43 96 -6570345360124934561
43 97 -6389047068267305456
43 98 -7436576592634383380
43 99 -1044866487173929320
43 100 1923906075337200248
43 101 3229172641184095789
43 102 -3666804320136604766
43 103 -91836765723285337
43 104 2499692447964893218
43 105 -3384387305480542639
43 106 5636846228276220089
43 107 -3731644208386343039
43 108 -777703417679554014
43 109 -5895391448516382248
43 110 4764760062048781850
43 111 7397259274681918950
43 112 339557258305095674
43 113 549949836578307039
43 114 2709690680542595722
43 115 6437838573520635534
43 116 7642846173508353211
43 117 614182299397829985
43 118 -4908473220195957253
43 119 3382434395545169811
43 120 3155086072088700035
43 121 -4852281064125945406
43 122 4051795674560700170
43 123 9121409825775556127
43 124 -4806890958898457224
43 125 7216252596122153945
43 126 -3460584758539925942
43 127 3278527554394988206
43 128 -2933077766837620466
43 129 1954988820040598059
43 130 -1262970206075747428
43 131 917633934385912766
43 132 -6069822655856615339
43 133 3055488554647698392
43 134 -184806856163321184
43 135 631270611976163739
43 136 -4375401835222350399
43 137 369547334674557527
43 138 -5994834057886819998
43 139 8577079530484764763
43 140 422351756680113852
43 141 -4036274985847069803
43 142 -6514756498451067656
43 143 -1414027027834514263
43 144 1147235490636461525
43 145 -7664958491620146480
43 146 6809526255394101957
43 147 8483488889070375566
43 148 -1550725865001903332
43 149 -5315823636752976833
43 150 2206518835530946097
43 151 -9221971714767440673
43 152 -6844003997120148708
43 153 199879993684303556
43 154 -6655869384488477299
43 155 -4898210951436454642
43 156 -934276194532946800
43 157 5931720566980309970
43 158 8847780946002789724
43 159 -7914461249926148593
43 160 4064654482148756095
43 161 1816080565720330375
43 162 -1551530401094024097
43 163 8378333201978657221
43 164 3779807127911018620
43 165 728769996829085263
43 166 570880998478539142
43 167 -586929437701400456
43 168 4472291811251505211
43 169 -3690330802292865249
43 170 1911408762860464666
43 171 -5957455504023620592
43 172 4760253740027705015
43 173 -619056073239771602
43 174 -8124365910517749950
43 175 7518392395528418101
43 176 2394777349874601265
43 177 -3803483641134930231
43 178 766070100827136004
43 179 -1774609629576973263
43 180 1904085933272391829
43 181 -2008193000016161048
43 182 759558051837340617
43 183 -8316943953709476893
43 184 -1319992409077461125
43 185 7522263893519499927
43 186 -3295631890755851309
43 187 -5201755641412468410
43 188 -1807731130032340616
43 189 484865154157007623
43 190 7872934295009312331
43 191 -1599462432666741889
43 192 4262563299282686467
43 193 -1605478174606149517
43 194 7664651752676682126
43 195 -6798192361956997601
43 196 1424481567541860711
43 197 6492343372975332792
43 198 5425808102515748964
43 199 -277597688454034916
43 200 -5092213018518337908
43 201 -5612539162998991010
43 202 -3395747556392696977
43 203 -3150067202329899048
43 204 6932422039220741413
43 205 3689708794773072390
43 206 -3068656765653599055
43 207 2528031323075169777
43 208 7489122406991839962
43 209 8089503088470452777
43 210 7994012263261090762
43 211 -2630028691593305273
43 212 8722122337725751554
43 213 1421123407627778480
43 214 -8165372445469313100
43 215 4785306629893234081
43 216 -7024688148240694552
43 217 -8001474935085888750
43 218 2570597644387916784
43 219 8342771190907983610
43 220 4557173221036452634
43 221 1872346516358333563
43 222 9202038969130111475
43 223 -7295416538549827124
43 224 8803234113683900058
43 225 -3811458793397059682
43 226 490910489554719837
43 227 -2746237279315475095
43 228 4264343181818220579
43 229 -6305102603648690123
43 230 1889378139944999213
43 231 -2632754302332872463
43 232 4964338456595856402
43 233 -6457460899769357304
43 234 -41522039491347168
43 235 -3385022349755631793
43 236 5890384153207926280
43 237 -7350099628637519978
43 238 430741030011115271
43 239 5127034090818348178
43 240 -1119274717137534934
43 241 -162882446377796470
43 242 8052962914663390951
43 243 7951269566714761187
43 244 2784627986516611742
43 245 -8900325959755079418
43 246 6472567427735930008
43 247 -8369582677760186829
43 248 -1001926718244339826
43 249 1240224006481115283
43 250 -199027816359331304
43 251 1020734149898869173
43 252 -2220206344350908039
43 253 -1321797238536343179
43 254 4430573275068875408
43 255 -9060043576236660481
43 256 -4983245696034305268
43 257 -3886572414532536276
43 258 -4506911117804545516
43 259 -8657121133026523008
43 260 1280645553229056277
43 261 3076903365709541958
43 262 -2166263311625540330
43 263 3438376409382992916
43 264 1934699012326601291
43 265 -6240801679240032817
43 266 2581795123874730990
43 267 -8385662969954671006
43 268 -335338599586552354
43 269 -3231161521837916236
43 270 -2959261017034799169
43 271 7255643506969382805
43 272 -7295378081919551840
43 273 3269161266279074640
43 274 1390387594364735928
43 275 -5807531938689242468
43 276 1296926325077584528
43 277 3475919120894887070
43 278 -3387779066018883740
43 279 -7513406138183099704
43 280 -1630320167359725890
43 281 -8976070814465645029
43 282 -126830166463286225
43 283 -3387491951104851450
43 284 -6940451363525577989
43 285 7581675431937797916
43 286 -5542236093031105031
43 287 -5516651178983999203
43 288 -3809117130024257559
43 289 -8396316626897989904
43 290 2986058846371309906
43 291 -2003955474174166261
43 292 -288204680394944927
43 293 -1428834187118219564
43 294 8502719869652003996
43 295 3901314646049218516
43 296 -1696525190821586950
43 297 -1926114176895641324
43 298 53143498947740979
43 299 -6328037915339185303
43 300 -6875994031854287789
43 301 3137054688195452274
43 302 -6985125878768587275
43 303 6542637963723367093
43 304 -5293645063404927627
43 305 -8466579409863445689
43 306 7518982487769154420
43 307 7069708798089170344
43 308 1387623602489764572
43 309 -8313759610192871713
43 310 8010689176128407439
43 311 -378211667681108012
43 312 -7535108065112849867
43 313 -905074635871727999
43 314 -8663371192098434700
43 315 -3944243523118762899
43 316 -3691858688011584172
43 317 2581635541102320030
43 318 3806965982850055522
43 319 -6421490002267393297
43 320 1121859504970183131
43 321 2544962765829965627
43 322 -1187577609790710265
43 323 8541057512067284205
43 324 -3233220615060491176
43 325 -2127798852482257865
43 326 3575475607005163382
43 327 -4472383228100956759
43 328 -6749088356585775815
43 329 -8798200913704400977
43 330 -5101960244882651597
43 331 -6388569697335036688
43 332 -8274199357209888758
43 333 -6901862950727375208
43 334 -7369451120683979424
43 335 -2259795243236965078
43 336 733365820580224889
43 337 4694244733092526715
43 338 -3289928746772855413
43 339 -1588493222241663744
43 340 7202703001138563322
43 341 6048780047307585734
43 342 -4368648046632003456
43 343 -4249423190995276357
43 344 9029086250733748306
43 345 -2705929432903932287
43 346 5108786257591950676
43 347 -6988337215893475553
43 348 88609897344368120
43 349 -2227030838774389144
43 350 -2550826979906389316
43 351 5469228757743957224
43 352 2833024547328958401
43 353 910702433826739241
43 354 5432956496224228287
43 355 8602806533417781431
43 356 -6443564087805899439
43 357 4825081285816151635
43 358 -1163907260820884000
43 359 -2577049664966237163
43 360 -4824983337142631436
43 361 1690398861669590467
43 362 4892577540484972633
43 363 8314222480518253575
43 364 -1263989452059225674
43 365 8666033602913116021
43 366 7114592679770594822
43 367 -502530089174084130
43 368 6873903070554167013
43 369 -3513601640814982826
43 370 9215798415888076527
43 371 -2113132643680864026
43 372 8336556656148319438
43 373 -4978281698433764126
43 374 -5710756050391917524
43 375 1718098730585079474
43 376 -5463175015830160766
43 377 3795654486807093323
43 378 7145194426385117523
43 379 5550429492649495497
43 380 -7790302815436300684
43 381 2094328764845147725
43 382 -2919059172523812526
43 383 -2709918735012535076
43 384 5495198178252340889
43 385 752878300687912113
43 386 5966104327370122298
43 387 -3719415014156534106
43 388 -9201108982687033326
43 389 6659739568711866748
43 390 2923593984056680028
43 391 7868872704173310662
43 392 4794387490312532619
43 393 4114248641890851339
43 394 -772530515474249084
43 395 1658756589556927434
43 396 1217079115173322676
43 397 298530668767723621
43 398 -2897119225664621966
43 399 -8381682401481755405
44 0 8094214962056255024
44 1 8180715538001342117
44 2 -6127014572129506069
44 3 3982939154521439291
44 4 -3612036562288173370
44 5 -1304853902264672357
44 6 3259305876034429062
44 7 4146095426994055826
44 8 5808631167883042250
44 9 3721089929324043056
44 10 -3642436908009838213
44 11 -5571951658511460020
44 12 -9036510590305404916
44 13 5370426440275239752
44 14 3185323373775230588
44 15 7509411910685222260
44 16 702058910923291494
44 17 -2942056020256397495
44 18 3624448970043583824
44 19 3400670881438946612
44 20 7740631779031114147
44 21 -7896675197852285640
44 22 -5383982407263789007
44 23 -2422537462267963407
44 24 1850340470662305296
44 25 5026940197454882848
44 26 3393696774922619367
44 27 -4308758690773821712
44 28 8210483797678399307
44 29 5208056914002398729
44 30 -4777244710097313532
44 31 2847695555899043341
44 32 -2774965526829819949
44 33 -2357893995559362563
44 34 -3741632896686845614
44 35 4931608637475384475
44 36 6737517752858826167
44 37 -3842034726823312256
44 38 1930479134685710074
44 39 -5270007781127580654
44 40 -7418964327365371066
44 41 7435339248680467264
44 42 8529125033794273310
44 43 -4961470805132209077
44 44 -1166605908904345090
44 45 987995657674847322
44 46 1794582950559715322
44 47 3500483394157404186
44 48 -8644012418924538257
44 49 6303608747182016378
44 50 8841782684315317490
44 51 -4510417434930094448
44 52 -3907281002912110564
44 53 -7374535262645140479
44 54 -2285749316628258929
44 55 -5815769427589967522
44 56 -5626873330968364524
44 57 6188210753072708215
44 58 4423392229200873281
44 59 5368538977711796138
44 60 -2332969815065628045
44 61 8657118010913230264
44 62 -3559189409696141643
44 63 -1504793565147754051
44 64 -7489216036131155459
44 65 6541764097621388697
44 66 1288563006307287271
44 67 -3874708840684250433
44 68 5218807117910607418
44 69 318658624481232219
44 70 6333267257736290425
44 71 -871733576497494276
44 72 -7198916977678362439
44 73 7428330564842519570
44 74 -8164159444785308167
44 75 -4917043366537947588
44 76 7848665550608616165
44 77 6949189423878998747
44 78 661641587025423664
44 79 -6589369072204689079
44 80 1681230839116490044
44 81 4669408491890545412
44 82 -2154824842544376140
44 83 1975353183822460684
44 84 -5182544224202123207
44 85 -8954611444166468914
44 86 6812634041839974900
44 87 -2537442532086923823
44 88 -1895408083218397373
44 89 -925120755286304849
44 90 -8794241442933634993
44 91 -6281049645080516811
44 92 3358266362785453612
44 93 -1392261295079689453
44 94 501914282836019378
44 95 1843410859473892248
44 96 -4082200011107622010
44 97 -6814018861199562172
44 98 -4945722844997307880
44 99 7099956596186804234
44 100 2694133781310742607
44 101 9075810203834478035
44 102 -200909982403433175
44 103 6791148602347193305
44 104 -6559516310892493153
44 105 -6537245503884403993
44 106 9047483431301162543
44 107 -7862723033209997173
44 108 3740486068963016925
44 109 2242171252855324723
44 110 -2506836768628645736
44 111 151355534127773792
44 112 1707869140887021948
44 113 2959746675592295819
44 114 712304954518285306
44 115 3406204507522602835
44 116 8561803984017574752
44 117 1963356726801015577
44 118 5557093200987603859
44 119 5519231414406804303
44 120 8480869489049721957
44 121 494934819860827875
44 122 -2839212653826381900
44 123 3394017128022479255
44 124 7020868466472923835
44 125 -7116459660977769019
44 126 -6908196383196691300
44 127 6440157966615444658
44 128 -3568445656084435777
44 129 -2530736571942407719
44 130 -440088678131829368
44 131 2784279840806539107
44 132 -5112910961006075546
44 133 2016851499867580613
44 134 167709023272832542
44 135 -1096096752437343060
44 136 8946025651456281916
44 137 -3050370810685110854
44 138 -4832804585622271915
44 139 4755481031215777795
44 140 -5402518153530585459
44 141 7632643238512531900
44 142 -6558317559067041630
44 143 -9027000795088228522
44 144 -4799352513542087239
44 145 -6321853058782528321
44 146 6200123879543937278
44 147 -4230008142095640005
44 148 -470855285603824996
44 149 -7863369664037529757
44 150 764102590290038672
44 151 8383861217529096986
44 152 4529477814556675812
44 153 -5879249855231639780
44 154 -8183743761789696949
44 155 3186165525098379109
44 156 -4078613728169137003
44 157 -8540899257779209578
44 158 3086254575567402616
44 159 8316825726456519231
44 160 6024768999919069509
44 161 8962980430738737680
44 162 5836531352990890049
44 163 5841917854563400966
44 164 3496419136641808053
44 165 -6143969615273353043
44 166 5996230396162154590
44 167 -4835209516389763988
44 168 -3875172366359771040
44 169 2437191273863630643
44 170 -7159510977458342563
44 171 -6794891554844657669
44 172 -1606394256662756167
44 173 -4073654453897125589
44 174 752328529546723501
44 175 7663752963545013551
44 176 -3520504333566897551
44 177 -3114880226341046060
44 178 1036219678380884220
44 179 -6186455577505246239
44 180 5795975746548045270
44 181 2411850453194426508
44 182 -8369001005822360526
44 183 -4738490061256516154
44 184 6796478409635912090
44 185 2575211461528986237
44 186 -6761736536794850891
44 187 7286412870834628326
44 188 -4358583099183010991
44 189 -7826241093459400899
44 190 -4680437585692708990
44 191 -8145083657091080893
44 192 -4721516984774843272
44 193 191303862538633307
44 194 -58225939991095735
44 195 -2586216965040909531
44 196 210105330041548206
44 197 3767608122998852477
44 198 -2334061674249174517
44 199 -1617999544545418112
44 200 3486518607379647103
44 201 -478403776238234509
44 202 8764040477965747218
44 203 3107715132176857693
44 204 -5955252943376034030
44 205 -8563606688392818037
44 206 877680814790367921
44 207 3608204322424688182
44 208 2566526444527843450
44 209 7833742928678038546
44 210 -9043614497914218990
44 211 -80795168883577187
44 212 7333142399712445937
44 213 7504105865037654750
44 214 3019478256362850092
44 215 8344342407777574535
44 216 -1395939213713048560
44 217 -5460196411371169095
44 218 -2061235671794566292
44 219 -965725813252278990
44 220 7223443131882234591
44 221 -7440494504029069890
44 222 -8811259230594045194
44 223 591338458939668421
44 224 -6852800825288719550
44 225 -3067204468375470623
44 226 2440054998032615509
44 227 -6080392323787199745
44 228 -8972306797148317194
44 229 -6102619539030611283
44 230 -5056873395132993663
44 231 1094047492854242600
44 232 -1727473169655189320
44 233 3621129844150863512
44 234 -1111442902007579426
44 235 7930570284344724017
44 236 792180189177483325
44 237 6473419379837568949
44 238 6623733010699460766
44 239 -651940476864090979
44 240 -4104747454629636543
44 241 1549499274059139512
44 242 5856937697351167363
44 243 4575821085545873634
44 244 8686528174168192703
44 245 -6538428733634873912
44 246 9026923891359237516
44 247 7425267942851775670
44 248 -7239624067309927335
44 249 -5247267991366076609
44 250 -6805757029142255203
44 251 -4476571882641661730
44 252 -3433035631613324685
44 253 -8157437124768399562
44 254 8458193567012081168
44 255 -6851675392571236332
44 256 9181036727729743223
44 257 2741927259039591784
44 258 2359447325099665919
44 259 -439235263801750753
44 260 -1403263486707647456
44 261 6930663000795934011
44 262 -6328676925272288744
44 263 -1052468734827164285
44 264 -5183571980135783086
44 265 -6374579434895978292
44 266 -4898797378726664250
44 267 5337946468260768692
44 268 4590820119324778006
44 269 4292291308107405566
44 270 -6420863311434244485
44 271 5057409542899387768
44 272 -2344940628122368891
44 273 7369693128265084307
44 274 -7563923039761417204
44 275 7984187861499097450
44 276 1874359859183337350
44 277 5336570666550107970
44 278 -7958585693068993688
44 279 5513538694773412591
44 280 3403529963592745370
44 281 -8242127253732648569
44 282 -4766577058049729781
44 283 -8984412146476241953
44 284 -9155422260231311494
44 285 8585299097488812619
44 286 -1658319336671695384
44 287 -5326385881782919276
44 288 -8314436580081153630
44 289 -1370957521552275414
44 290 -673698026762110879
44 291 4333993230168224194
44 292 -7298595890841348436
44 293 5447711761293268947
44 294 7632178518254556249
44 295 4576400407649598692
44 296 -2695509322499714570
44 297 -1772730170836269677
44 298 -306956793445415585
44 299 -6468787924658310321
44 300 -1611128410472602597
44 301 -6508263992347840953
44 302 -5718902038918482544
44 303 -5906188185452139291
44 304 7212031455035268889
44 305 -831008859269407641
44 306 6782781205557038016
44 307 -7873171003904144438
44 308 -6932408920756595181
44 309 7449766183614489337
44 310 8465730869913413586
44 311 4324130403869029426
44 312 6592808459442789446
44 313 -6113326351402035696
44 314 8185122998473268506
44 315 -1287245574612177834
44 316 9123061794166482155
44 317 630699666065832547
44 318 -7955232321113297897
44 319 1424525190430271337
44 320 -8710481459083896785
44 321 -5497687738053468899
44 322 -8545173313653915722
44 323 -6575609177852549739
44 324 3250320654118265117
44 325 8895826223651100489
44 326 -953768358036456991
44 327 -3749245319760059779
44 328 1043912581356681696
44 329 -6730262725170772902
44 330 3243623994377272692
44 331 7590065240356364180
44 332 -5847092304713976311
44 333 -8810211213423553932
44 334 945464579480464415
44 335 -6703143054657257646
44 336 14333820029184418
44 337 5175087937579368162
44 338 7368485160552736611
44 339 2095774022773498937
44 340 5581048942879633485
44 341 7088477823178103962
44 342 -3716717600621828074
44 343 -1406880661574968342
44 344 6450838524239411162
44 345 7335822049413378985
44 346 8852045204008437968
44 347 7013006300926395601
44 348 -3737282989933303589
44 349 982640221975298359
44 350 3595872155480522637
44 351 -1163593008896077614
44 352 -44071985930274334
44 353 -5435578187929729104
44 354 1664457132062567933
44 355 6518781210021424409
44 356 4440974539676969419
44 357 -5595282744002012639
44 358 -8519542716318151312
44 359 -8012151143117144572
44 360 4687852542397131719
44 361 5102629470018181384
44 362 -9044611255309251589
44 363 3637954199500600233
44 364 -2357216840587445555
44 365 592463297960868108
44 366 -6278916745401337156
44 367 -2665026245700742495
44 368 5618292351137311278
44 369 9093345446149826028
44 370 1893952472209225678
44 371 3300405636780409493
44 372 -614097340431779909
44 373 -7614960018621101981
44 374 1726308587500947741
44 375 7445589645150136145
44 376 5461700371140102263
44 377 1717046746494715144
44 378 4314621828505150586
44 379 -2514567991232751824
44 380 -6627904921559501244
44 381 3669668756505997566
44 382 -7252403423016409786
44 383 1584315081797111697
44 384 -2050676213453160247
44 385 -4183746448868564139
44 386 4890917998397571422
44 387 -5569186247584775298
44 388 2895810513462808646
44 389 330253262218702691
44 390 -3971364327546812429
44 391 5744982904703818221
44 392 -8163324362537972521
44 393 -915601410165219391
44 394 1899332681834699221
44 395 -2659330062231303536
44 396 8787858421816865866
44 397 -6690667959964728198
44 398 2735438266720274581
44 399 9124287597766570156
45 0 2687433140839297340
45 1 -8387737773008130082
45 2 -2711806075637839149
45 3 8867658546077818826
45 4 -2523620871206587706
45 5 4371121222322988572
45 6 -8487690246029165407
45 7 -2872022253207601131
45 8 -3269266293545077051
45 9 -2962545456367871177
45 10 4325032460952016674
45 11 6261938460785704678
45 12 1379482259854005970
45 13 4355449979811127822
45 14 -8069701891101406142
45 15 -3304729512631013889
45 16 -7427493021097923602
45 17 -8815644288141716413
45 18 7747535514917499825
45 19 -4147552884700047631
45 20 7172558044419792802
45 21 -1252138165514354973
45 22 -3846425511533184624
45 23 -2091427030402750295
45 24 -180381847126165241
45 25 5269133217714814181
45 26 8844474835664760115
45 27 4923974985008942901
45 28 -8858355523268173533
45 29 801984033408474420
45 30 5278538685665538575
45 31 2999114281379364511
45 32 1777470054388652271
45 33 2885922921477937946
45 34 3771347684567987
45 35 4632056745199775579
45 36 -5499901224263661043
45 37 2972957180585221175
45 38 649859714528985598
45 39 -5222171487417532995
45 40 -7130877877978973477
45 41 7229580229403580237
45 42 -3077367600631104791
45 43 3999243717275689584
45 44 1557823432293766757
45 45 -2877909032349899448
45 46 8845224227713130746
45 47 -519321433489592975
45 48 -3285797762454365140
45 49 7953968688083744545
45 50 5800616698308698797
45 51 4303389744772778271
45 52 -1239881741892217087
45 53 -69596246272929430
45 54 -296728913420174061
45 55 -6305558671856665791
45 56 123202330215691521
45 57 8712667208529034107
45 58 -1601074357273928502
45 59 -3951767081364748113
45 60 5539847893298151061
45 61 5374511717101737970
45 62 -4279098422263939949
45 63 2267943038755405830
45 64 243261191819794897
45 65 7332891368868407229
45 66 8149522264533905061
45 67 321704194120000762
45 68 -6073011030998308956
45 69 6461775016325670715
45 70 -1895232936547647487
45 71 -1197775842804288385
45 72 -3142031285039823990
45 73 843225579002435084
45 74 -1679813702751020114
45 75 4293313274475098898
45 76 -4910781479883359665
45 77 -8601052001367840549
45 78 4841360937435870355
45 79 -5716727365948666724
45 80 2980795112868773882
45 81 2399560938277076270
45 82 5525543552135992115
45 83 2117009825051439022
45 84 -8673311652058878500
45 85 -2976485055530790981
45 86 4103664431761401147
45 87 8527252945430242331
45 88 8402819437203797278
45 89 -4038541249558843233
45 90 -5417121206373816658
45 91 -793385581834405387
45 92 -3595996074718441550
45 93 -6718864245093484245
45 94 -512388392446686710
45 95 -3908956456308356176
45 96 2161591207850424739
45 97 5787606097668510909
45 98 9093182511633737823
45 99 -6646846427860252362
45 100 5200737826128209714
45 101 4321133639707557073
45 102 1818905823922467536
45 103 -5407916291888073492
45 104 4805613928502744723
45 105 8368473532949998492
45 106 2319932450344158993
45 107 7853545560749359843
45 108 -3239619513394432019
45 109 -283179027961110308
45 110 3977457976643467801
45 111 1035326671357630307
45 112 3283380978217912754
45 113 2182215877974036494
45 114 -1645732155560796023
45 115 -6489036976479349850
45 116 6382599600882038288
45 117 -4284193739124008409
45 118 -3533539883425535862
45 119 -3487618430119477978
45 120 -1050299874076239794
45 121 -4369917082133174105
45 122 4547104748507820022
45 123 8786100614138812627
45 124 -3031323261584427218
45 125 3571686531969331382
45 126 -6942657578459791897
45 127 5215270923813913082
45 128 -1876616238575734840
45 129 -7131771414788145555
45 130 -1845845275777977762
45 131 3424310590369931555
45 132 -6188404808244074705
45 133 -1018931849506514989
45 134 3367108004324903093
45 135 5953549470538000469
45 136 -2121688234459329233
45 137 -5808527810661492788
45 138 -1674992912943605287
45 139 -6210921942640969050
45 140 5882234230553788063
45 141 7745695402956062540
45 142 -5015425051613631702
45 143 1093020225142905207
45 144 7430037296685219896
45 145 -5525145737511704577
45 146 -4088233341712855551
45 147 -7556547898663725470
45 148 -7458325077742226295
45 149 -3213538724127238361
45 150 3123328147545575726
45 151 5462312133785068034
45 152 3493738677886914430
45 153 5923026310414881191
45 154 3908488357042649835
45 155 -595160577494655103
45 156 -2654678560420554603
45 157 -4031479006956749535
45 158 5195662873261164116
45 159 3717559475504648969
45 160 6850533998788182501
45 161 1198412985855037624
45 162 6202274021337657168
45 163 -4408877515101203733
45 164 6566487696719980968
45 165 3191759430900273595
45 166 8014569736083042651
45 167 2781870926698450504
45 168 -2617178793650626816
45 169 -8003176082784106069
45 170 -6783328313617693630
45 171 -8269506112986941816
45 172 -4740839380175283544
45 173 -3837267485004134536
45 174 4245787374329058888
45 175 564772728400413814
45 176 -8397323050255454333
45 177 3609337535507209932
45 178 6599799160403376121
45 179 -4362652244679321358
45 180 -6288550702738058847
45 181 2421310113320799816
45 182 -3672200070155260614
45 183 -8399063021014115073
45 184 7344732848096591553
45 185 -3379329416803408522
45 186 -2853419381463761987
45 187 6896250888544053636
45 188 620636108893322954
45 189 -7577403346487976044
45 190 -79767048818210660
45 191 8600043458793088857
45 192 3464366363414114042
45 193 -458909542301675922
45 194 2638469592782259019
45 195 -2425340085790647974
45 196 4437346922389886010
45 197 7475657668834408773
45 198 -4645999847922443384
45 199 -4304565119949019913
45 200 -5612234343753844187
45 201 6000881516872423858
45 202 5367905637032391261
45 203 5122142480798251929
45 204 1687119826371290877
45 205 -1105634770223567268
45 206 -4805780947590618402
45 207 -859576321487141413
45 208 4926217953950488798
45 209 1826091423725419557
45 210 7221120086420873565
45 211 8880881056857354449
45 212 7833658729416509997
45 213 6564990571609751464
45 214 -1868714935187684772
45 215 -656228219984492751
45 216 5186552489114541543
45 217 -3542416151078922139
45 218 1917561252467705512
45 219 847626750655061060
45 220 -5261282561675670835
45 221 -6072677451214922744
45 222 893050801676317803
45 223 1180245250794923712
45 224 -8140398640754199987
45 225 -215309175586385696
45 226 -644322864995510637
45 227 -4221084600576340651
45 228 7865936914616073909
45 229 -5925564374646340603
45 230 -1563093537755222596
45 231 2250653249075974462
45 232 -2844065430656367520
45 233 4856506939575419916
45 234 -5210516959924811234
45 235 -7292962600685442955
45 236 -3171799132081366789
45 237 -4834306287216476013
45 238 -6497946224234390311
45 239 -1948548013811868258
45 240 7453326650385947482
45 241 -3657017214231952507
45 242 -5492305327435881269
45 243 -7537316580798531090
45 244 -5680760099921093114
45 245 886438722594907810
45 246 -1184653067059525489
45 247 -6827971004352851844
45 248 2972600467788363619
45 249 -4892619829375996458
45 250 -102897015346338496
45 251 -8052959619072100261
45 252 -4501592256116734228
45 253 -7761139925809832957
45 254 -1547422877834849850
45 255 -6660958104484012082
45 256 4905732991865521876
45 257 -3143967680010475476
45 258 -7255434763091365489
45 259 -3576627573448712027
45 260 -4456932411472010586
45 261 -1138575320963021661
45 262 6496482835381003460
45 263 -8014531790763438118
45 264 2223904224976534785
45 265 -8580514202037930539
45 266 -5753708782270985297
45 267 9191838785209081805
45 268 -703608920606289647
45 269 7498840685195263150
45 270 4053241836139772285
45 271 -4774777143650532466
45 272 -2438558156259063853
45 273 7929177884031111040
45 274 -3367677873434308271
45 275 -6339038267583107033
45 276 8596920668894059930
45 277 -8336830151552474380
45 278 7909994009190250278
45 279 -1986903497814682817
45 280 -5490051546920165913
45 281 6668414250657621342
45 282 -2508459781787573083
45 283 237718657773238970
45 284 -6396354933352206391
45 285 -7536156692867368214
45 286 4153846771046457184
45 287 8004527656811457466
45 288 -873689746235764242
45 289 7287570660053852983
45 290 -5922947821094168714
45 291 -6558644003578536067
45 292 -3783413846714232347
45 293 6960710346967709552
45 294 6798812964652810032
45 295 2731261649073835725
45 296 -8732379263357903106
45 297 -3502935073045846863
45 298 -7891916654763643560
45 299 2571716543477879812
45 300 6102965498836333456
45 301 -7345206715334479662
45 302 3014409308126650361
45 303 -4550822139336647955
45 304 -8382731018578142191
45 305 1222860889836393422
45 306 9134650753883260466
45 307 809324364555069332
45 308 2074245427914263760
45 309 -3872939465919399263
45 310 5997229396277861035
45 311 -4551937566559451356
45 312 -3640257316227502942
45 313 2493566237992805197
45 314 3526438546641612715
45 315 -3849205647452967393
45 316 -5831136868521993222
45 317 20172427434058638
45 318 -6410093353943484543
45 319 2152233833619256708
45 320 2113684036181682681
45 321 -4148143814562530504
45 322 3407375102482825852
45 323 -6688314698160374382
45 324 8965603140964402190
45 325 5763799032896015696
45 326 8121909548643593821
45 327 2564324544284670643
45 328 2436083432727607053
45 329 -2693109074820820415
45 330 7942383783027697901
45 331 6515826746383124265
45 332 -3109605234746638269
45 333 6686361407443777430
45 334 -4459504314572447009
45 335 -342669418127710122
45 336 1731050274833202469
45 337 -5331820765295966137
45 338 5296365708472919132
45 339 -5513634113584261395
45 340 5997054116042595389
45 341 5931257359461398968
45 342 2806596504766182322
45 343 267738230546549234
45 344 6998963138872628367
45 345 -8008802789879269629
45 346 -9005979259149989810
45 347 544651160081096306
45 348 2957906962995935009
45 349 1920474232527267788
45 350 -3382015491732967361
45 351 -5911765615393932788
45 352 -3516935014234762362
45 353 6767643607408999318
45 354 5634318859936529018
45 355 287711790763901192
45 356 -6539447203241910731
45 357 1734706117286107825
45 358 -2379176509010875917
45 359 -3486164262649885122
45 360 -784341609176299733
45 361 1736194300816100667
45 362 1141650704472388511
45 363 -8450429189957822298
45 364 -2419408013406585977
45 365 -3938067086121378212
45 366 6161502000195462826
45 367 6977212672677489814
45 368 5322859258384235393
45 369 6063051683800906419
45 370 -1332882731663615476
45 371 -3909029098267777131
45 372 -4830104733774662995
45 373 -1750894901197729010
45 374 -3396777131515400964
45 375 -4559582658565196702
45 376 -9059467386453522704
45 377 5702612610450179604
45 378 -4612083474128309692
45 379 4835294229536328997
45 380 -3466668800315215340
45 381 4447925830352737024
45 382 -7797647451176200135
45 383 -6744580369728852698
45 384 -1657766507786081500
45 385 8718257894396183709
45 386 -5480266989484239471
45 387 5843345189473572267
45 388 -263783279252277573
45 389 -1600115873222124429
45 390 -7286290439429490428
45 391 -5282630140299894505
45 392 -7056716840498023383
45 393 -8136721446632397436
45 394 -5977935310182053831
45 395 7907213390012684367
45 396 -2752445529839928419
45 397 -4467837550304748066
45 398 -4259035725069889585
45 399 3605662756273477573
46 0 -6186934140856831109
46 1 -7605217597417251840
46 2 -6477195122151282891
46 3 -3252785967242981234
46 4 -3292297596067852260
46 5 -4595757797294662160
46 6 -1144724667342383473
46 7 5014532465679583418
46 8 -5989758928495542736
46 9 -2907291473165806316
46 10 -4468291137665072194
46 11 5831112092780395758
46 12 -2432235986799951641
46 13 2039740429943384731
46 14 87460134148002967
46 15 -8896383504292516364
46 16 -3129152070261903472
46 17 1998854967509727073
46 18 903795007389971995
46 19 7396344378082799845
46 20 -5912050116720814981
46 21 2403115060696607855
46 22 6804638938682277398
46 23 -4189274699715456070
46 24 -7839052769704083539
46 25 -167866506487521011
46 26 -2705987980190491938
46 27 -7156291586059875419
46 28 -8075694420136489851
46 29 -7122192656591167969
46 30 8728372417800503645
46 31 8310303741415030476
46 32 8483265145055071081
46 33 5593911065659288741
46 34 1650608646230047700
46 35 -5356494598153347380
46 36 4267338889317667924
46 37 -1721237841172062803
46 38 8806156271475959257
46 39 -5071800736660874204
46 40 -6438764578040791652
46 41 144002061470085303
46 42 -5836040842751220745
46 43 1910319652958460082
46 44 -8879823413829242184
46 45 -4160869084584326855
46 46 1739778813349009443
46 47 -9028343744007163956
46 48 -4742725307002266158
46 49 4216425775484498191
46 50 -8866777476782877967
46 51 -4666227109988831082
46 52 3423679819929551974
46 53 -642710084898199729
46 54 -6570821501947770307
46 55 3862131981522804437
46 56 -56871031199899819
46 57 5480139401636965113
46 58 4839736556507030039
46 59 7948903285966141905
46 60 -503625627953577092
46 61 1861268221854812360
46 62 4327973528448930050
46 63 9135647686925804624
46 64 6437304940057921093
46 65 -2997032874643534106
46 66 -2762923685990803929
46 67 824712730057015217
46 68 1329431342059536420
46 69 -768222630064451091
46 70 3990110734417934754
46 71 6531322923140648585
46 72 785545767904470703
46 73 817943065028245
46 74 -2355251157467849378
46 75 7094257664191284515
46 76 -353415293051201310
46 77 1138687805382206381
46 78 -8871197821574639692
46 79 2587575080923437763
46 80 -2329665186166089828
46 81 7692957788932316857
46 82 2884240596959563454
46 83 5303485311349219684
46 84 178214567753173407
46 85 -6135407086413486999
46 86 -6864343476725625857
46 87 6523588782250641199
46 88 1545987924433128255
46 89 2841922894048314718
46 90 5857014405619974529
46 91 -2075648575789074637
46 92 164579103603493454
46 93 4326999577589485938
46 94 -1975350634838890033
46 95 6779481042499991596
46 96 8651073489022389753
46 97 -3097103180086452252
46 98 4273234016248145480
46 99 1540831090056338841
46 100 -7906289016462985520
46 101 -5500062908333529567
46 102 -5691166971066379298
46 103 -8289410148661306238
46 104 -5258174459202849537
46 105 -8230275474298370494
46 106 -4392100248750005610
46 107 6121104469625463842
46 108 2014678992352912132
46 109 1828899757751732805
46 110 -1887111527179486908
46 111 7831648723693943406
46 112 3864948588196266755
46 113 -7404513871395272599
46 114 -3858891788739813246
46 115 -1266898778801485045
46 116 520091601108240209
46 117 6889463068990256260
46 118 -9003872752756363728
46 119 -1378616214331806097
46 120 741116017164608400
46 121 3913686026892090458
46 122 1110880166377767508
46 123 -2620393421122694900
46 124 566774351371668607
46 125 -4732549425805531810
46 126 5456990933223810880
46 127 4143459326137330958
46 128 -2700773426428821126
46 129 7733658515792596109
46 130 -591493456037477757
46 131 -55737954871330706
46 132 5977505160125605546
46 133 -7611686509382677542
46 134 5974168471539717597
46 135 -8667486752163452474
46 136 -1965255914282814832
46 137 -258825264791019462
46 138 -1370049209634241350
46 139 -8595375858584031379
46 140 -7460711372019707697
46 141 -3082963179038015512
46 142 2897990310101106150
46 143 -5518403108266419615
46 144 8675180264813911879
46 145 2285590866591822829
46 146 -399327598797290320
46 147 5160988730635962093
46 148 7144565083317134595
46 149 1797754752310600574
46 150 5458028380370874289
46 151 3778635560208527081
46 152 -3705635245664107748
46 153 -1444916551770984848
46 154 2245127356835427168
46 155 2428762391799658816
46 156 3075171685840538609
46 157 2240397211286606547
46 158 -9089544830606629276
46 159 -3480621259045432548
46 160 76205403064825962
46 161 -86530279324484316
46 162 4332703250878298842
46 163 5222183359363597305
46 164 8941406610456757228
46 165 3972724637012437235
46 166 6548863119291746742
46 167 -5145009367178657771
46 168 401508696047709977
46 169 -2376273994282490254
46 170 -6178176610406368123
46 171 -5335140231263048240
46 172 -2767355294112024214
46 173 -6703382275444995272
46 174 -4999289895577408843
46 175 2384900888102495985
46 176 -8266537241913802708
46 177 3638972712881267904
46 178 7628726095802369813
46 179 3895199372045387742
46 180 261961327511416313
46 181 9213556727648017443
46 182 169041249251628417
46 183 -5637720125860275572
46 184 -1819608946026365376
46 185 -8454291782098737936
46 186 8826585895371994846
46 187 629643725155318778
46 188 -1166746612053200614
46 189 -1677959897011200897
46 190 9154520706159652857
46 191 -3087723542522929907
46 192 -641536762048716691
46 193 -3123018643000661907
46 194 5263271327845784843
46 195 6221316052430800100
46 196 -5369561304352683420
46 197 13630128839829397
46 198 6945807768735122789
46 199 -7256879323141868235
46 200 4611439462613053544
46 201 -2961125067449129476
46 202 -9040236089449237766
46 203 -2430725974425716379
46 204 -5833189178589565845
46 205 -8765230948499479222
46 206 6014280758269302133
46 207 8842593543739928498
46 208 -6056584421415561778
46 209 4279245978459071570
46 210 -5036261323167158941
46 211 6480409675765919575
46 212 4044947156131188735
46 213 -6169609766091686978
46 214 -5547404128536230292
46 215 -567662484898600179
46 216 3989187912167264011
46 217 9066103935336062494
46 218 -7105321917746556207
46 219 -7517826483608864226
46 220 -634403032332900114
46 221 -7351015156469328867
46 222 -4590424066083251776
46 223 -6608446626247671380
46 224 2790801594926738120
46 225 2059240242058351217
46 226 -4229472158032737179
46 227 2459372860149515300
46 228 5376877672348134497
46 229 -4935609137144760158
46 230 -8033410432824324261
46 231 -1598419263717033341
46 232 222381440311421452
46 233 2639304903848286281
46 234 -2285712443598832917
46 235 -5359072403924007386
46 236 -7979934852654302821
46 237 456011314239864913
46 238 8933184983064998420
46 239 -624121892896632186
46 240 -1795094277805777389
46 241 -2387353856168864058
46 242 -342454445246169284
46 243 -6434313145477752556
46 244 -1211109554681315422
46 245 -7233532428557157068
46 246 -8986300036816981504
46 247 5594270139745023077
46 248 -7247660185848739215
46 249 8997377603161781667
46 250 -4561847706845991723
46 251 7062059385046872808
46 252 624215096160335071
46 253 2965344103052012281
46 254 7595002790413445163
46 255 2654700552048167432
46 256 -5004643722641298865
46 257 -9215190730611822741
46 258 8873343913541607208
46 259 -7115000934320043157
46 260 -1970245208478292672
46 261 -3035156938847805177
46 262 -1101292548601938910
46 263 -7441556185694767297
46 264 7209481991086151979
46 265 -538308975990441436
46 266 -1328340747007023522
46 267 5314947075622087504
46 268 -7697040778332169283
46 269 3298126549207855282
46 270 1512092642543525676
46 271 -2269968182286128232
46 272 9216179374704845327
46 273 -2230231636258867553
46 274 -3204397496818249138
46 275 7774538794202933700
46 276 -1881366343665301988
46 277 -7969954027754285231
46 278 8765714821284214470
46 279 -6194554059199456765
46 280 -430250559633890176
46 281 -5333951750256884990
46 282 -1673194051700581957
46 283 -2768105533288120482
46 284 -2591196887729716236
46 285 -3002152594593433737
46 286 9121789944682245951
46 287 -8843536020533275076
46 288 1461099401690172415
46 289 -356884177709543602
46 290 1152752985267355311
46 291 1344371102200573359
46 292 4987889840603705151
46 293 1712794855347255946
46 294 -600965552862660248
46 295 137681718720936005
46 296 5219049301028457597
46 297 -4537485936186511247
46 298 5500810844058630479
46 299 4984396513640324365
46 300 54913957339157215
46 301 -4055127636471714265
46 302 5599637557148054355
46 303 -5380893742305408232
46 304 -3037001706940564036
46 305 1679754843371077252
46 306 7269188154698014598
46 307 -3497211708887390206
46 308 1264904050087562626
46 309 1207603232728881102
46 310 -6094674985006571476
46 311 -1934951745813898281
46 312 4482536229378213712
46 313 -9200150169211375231
46 314 8062304833559772356
46 315 3594981859123770931
46 316 -2395815244531876358
46 317 -4825240426663011463
46 318 -1175238994323964442
46 319 9017245206352808929
46 320 1797049040171457445
46 321 2567632979872005794
46 322 1445934302260095740
46 323 -2208691132190603036
46 324 8296035409177307957
46 325 4752039533793105812
46 326 2159172905175431771
46 327 -2199988752779539415
46 328 8781706477631827277
46 329 893683491656374726
46 330 -698794951629280888
46 331 5154461438174103180
46 332 3346272718846318823
46 333 -3969820107802736069
46 334 407968924290374079
46 335 5573945791118129264
46 336 2284679088844830035
46 337 -4763579807012972491
46 338 -679593942563726204
46 339 1395167585579043315
46 340 4261667906121887337
46 341 -2267661844396082821
46 342 7944554619383652092
46 343 -1243419235384132118
46 344 4945575991929765139
46 345 1694519534172810028
46 346 -7809233989515173824
46 347 -3528450776850761605
46 348 8481465994776116391
46 349 5468943325145838390
46 350 7687204709835437153
46 351 -5581700513454050266
46 352 7784495075772018430
46 353 8441093220688583820
46 354 -686783402071264414
46 355 -1545376508247120451
46 356 -438108116644966939
46 357 1050925031942798620
46 358 -1375408347854919681
46 359 -2413879099478463818
46 360 1783737463315942060
46 361 -5044842632309636943
46 362 -8471084463263648329
46 363 -4739522695178255043
46 364 4467312328142073232
46 365 -4340015866029108154
46 366 7685864081342552999
46 367 -3729572669574623588
46 368 -6554697463610709021
46 369 -1355005901669037763
46 370 5626813454270915265
46 371 -6926883158852982257
46 372 4316139199919995427
46 373 -4412403119418441775
46 374 -8002946963939918445
46 375 9211995633675824550
46 376 6917112586832789468
46 377 1260525353606234288
46 378 -1590998918127639621
46 379 8452202567797366269
46 380 -9100013362187218972
46 381 -7180545789454729426
46 382 -9177386167276144206
46 383 -8445805841072206664
46 384 -5128884410556710377
46 385 -655589665019867461
46 386 -7089048625601851074
46 387 3172454117950919659
46 388 -3071181604158920627
46 389 -8710434349000390015
46 390 2411597955664719641
46 391 4830115057082850640
46 392 7229487479852189174
46 393 -159307763890404179
46 394 -215247761433851745
46 395 -533082679076281184
46 396 8536894540961594269
46 397 -5364323612670093995
46 398 8236775671425397485
46 399 1810444923343360902
47 0 4580672088581535192
47 1 618743943369238371
47 2 -9013794899345511042
47 3 8892227364509695088
47 4 -105143891617878003
47 5 -1440415764016108957
47 6 -2224691550133786976
47 7 -3610456933503948669
47 8 6417821509833618550
47 9 -8089124459183718895
47 10 3578668238000292016
47 11 -4735675533476169033
47 12 3227260887579012499
47 13 -1124188287291785339
47 14 -8598801392425576534
47 15 -6788110603999849669
47 16 5202178322757207530
47 17 3151003434912203597
47 18 6806439096245915098
47 19 8320509629933851491
47 20 -6938886537394963958
47 21 -7458742175540921590
47 22 6958115851603797170
47 23 8046630946015716207
47 24 5539295077124449375
47 25 -4957450048037273198
47 26 730367117444330487
47 27 -4484779534970893600
47 28 -8773455161663161683
47 29 7458951735141996485
47 30 6415763533011850138
47 31 -7214136031155524093
47 32 -8752705575750644681
47 33 5873017744360798689
47 34 -8914545320598529068
47 35 -74365073675059751
47 36 669725858877396124
47 37 6673438845097370553
47 38 5518778096450729700
47 39 -3170332980608255608
47 40 2887802121058540567
47 41 149064813803218166
47 42 -2113892294777674367
47 43 375894806886581178
47 44 -6291517554921104778
47 45 7099174936866815452
47 46 -2814568376168540313
47 47 -3860544776565983587
47 48 -7467561036938876485
47 49 -7274600406412846329
47 50 -5890736536613714052
47 51 8862064289919399336
47 52 7097891643007347922
47 53 4266219229946995491
47 54 5804796393476504876
47 55 -1580310542823496814
47 56 -2487728934002864583
47 57 8210693700492488557
47 58 -1730743237835976791
47 59 -7342177052467419038
47 60 -4120029149313215168
47 61 -3711413533770693503
47 62 -7305863649100397779
47 63 -7132918410655171808
47 64 -6999535356026197694
47 65 3309232156064326271
47 66 -7178250334229172125
47 67 166286496515330849
47 68 -2515959653260792108
47 69 4029192403045585383
47 70 -2340674338022105549
47 71 7539033348523886381
47 72 8208496560314807025
47 73 -8109358466878197567
47 74 -3439116997362307053
47 75 3230708808548331295
47 76 897742349293173844
47 77 -6266088635707574821
47 78 -748898523343856516
47 79 -7297993419563797056
47 80 -9163896007961970061
47 81 -3052222109870942755
47 82 3296447415126666181
47 83 4145558272082264519
47 84 4554609834573467715
47 85 -6449074454254080783
47 86 -4543416124961100898
47 87 67037947640505461
47 88 4462645080637950300
47 89 -5699741421319852330
47 90 3829721050539508784
47 91 -7608581016601685090
47 92 -364479670022725323
47 93 2193618180768690718
47 94 8618051751372890369
47 95 3789516507119289937
47 96 -40703129493327507
47 97 -5609558839402686338
47 98 -1650234335710045175
47 99 -6763175976599117272
47 100 8435671027917834868
47 101 7749447654102873006
47 102 1642108003103086593
47 103 2987732595182244224
47 104 6160029491889938093
47 105 5699997893158591208
47 106 -1573090036041617645
47 107 -1123314757034552763
47 108 7818490947326902187
47 109 -1653916605181720642
47 110 3377231469122413270
47 111 -5216407249918845237
47 112 -3335336882049921976
47 113 -2698140436722718330
47 114 -7224337246732554403
47 115 1140376039801313885
47 116 2588410289579603274
47 117 34346739671495708
47 118 -7157635474911561927
47 119 -604693074743396549
47 120 221642195545652362
47 121 -2539721515098275889
47 122 -8927780380152978239
47 123 -3634328827412371461
47 124 -5946851161340591336
47 125 -5965315817032058594
47 126 1115063370932572782
47 127 2562401745172295268
47 128 5244091669039652064
47 129 8245895230941189273
47 130 -6202794725811922690
47 131 5708096250267814852
47 132 8721289967290384640
47 133 -2835201379134571806
47 134 5280453817744608805
47 135 -8131376456733931156
47 136 -7382374846214714379
47 137 3550557823491243049
47 138 -5406951271550680538
47 139 4499480420262785483
47 140 -7089203304212748371
47 141 -1587617242782983073
47 142 -5560052341644939026
47 143 -2908633081762178689
47 144 652948393812321496
47 145 7117901754407689281
47 146 6848023919369399678
47 147 -8077177670032630553
47 148 267100253801917855
47 149 -6478369182250553501
47 150 9071737248804736870
47 151 3314178001404753553
47 152 6952150437941005034
47 153 -7509786400585516861
47 154 3657453334504258439
47 155 2547824083618962152
47 156 3076730456001620702
47 157 6304874258498397402
47 158 9104605698671390518
47 159 3021401566295268681
47 160 -512716163349642048
47 161 6155507996411551861
47 162 -1333427748305304318
47 163 -8139858439058569169
47 164 -8105303442586669126
47 165 3780970976722176891
47 166 1628638353608971480
47 167 2121990892267053732
47 168 384007159859789027
47 169 8442176322104296471
47 170 -5628574679236736034
47 171 -5775763796528259621
47 172 -4767124038196267926
47 173 5497098281475138650
47 174 -8474310787097727081
47 175 4830441744327416555
47 176 3505515949104809167
47 177 2542380746425392670
47 178 7201157433068804693
47 179 4964918822649328447
47 180 796839802418351872
47 181 5290259948590414500
47 182 2108818334450393842
47 183 -5913610874948333279
47 184 7671124345202253405
47 185 -3885196815382889487
47 186 5243440956283017787
47 187 3575217564099354807
47 188 6772344638258254604
47 189 -6064569709333705315
47 190 5834994035939787390
47 191 276114408676505846
47 192 -8371368427819243142
47 193 2000616942850855411
47 194 7184177517162042790
47 195 -7920696000984433427
47 196 7889263772182123824
47 197 1213176550475337995
47 198 -5220271137894105777
47 199 -7049479720459032942
47 200 -476655650551957760
47 201 -6521055294704984703
47 202 -8376838683873910972
47 203 7555348626214250610
47 204 -527835278285457942
47 205 -3963063899761261442
47 206 -2951591502737114097
47 207 1717337731686051
47 208 -2799782508572332076
47 209 -8256599780144752353
47 210 4117632536487678268
47 211 -2959601764220110129
47 212 6027813512230825912
47 213 5454130320048252181
47 214 -2155766762967314260
47 215 1775916696579250306
47 216 -244158948025594124
47 217 1472172605166360769
47 218 -3425314407495405250
47 219 -4411119148803124623
47 220 -2233761211389083525
47 221 6024955448563947917
47 222 -1220689281740208717
47 223 7169473915616178070
47 224 3476601405636552524
47 225 -9005050704124514913
47 226 4199842216631588684
47 227 3287975612594915330
47 228 5611776472698343074
47 229 -4020428276974441195
47 230 -2891065010066549191
47 231 5453092953804719050
47 232 -1161295291630692793
47 233 -6439013039857223936
47 234 2031809187211630490
47 235 -8328332956189781577
47 236 7803682307732127397
47 237 -6256065606077632033
47 238 -1133491866547387428
47 239 4893642098243862468
47 240 -890603965036510154
47 241 4190620249049215153
47 242 -2408456078871081780
47 243 -5594269305565943198
47 244 3083752920527750276
47 245 4246434637432984960
47 246 -8587138548539777717
47 247 -7391918387063702360
47 248 -5501368248791543792
47 249 6951453236955731921
47 250 -7235973037062023634
47 251 -7454541623557021665
47 252 3773717362947768377
47 253 3289429834543936949
47 254 -3597963327996848928
47 255 -582278405581317665
47 256 -3166228874742127664
47 257 -8877609250135871224
47 258 -6286611490673641012
47 259 8059132418815530360
47 260 1230568059561151480
47 261 -4786600562098223021
47 262 7521522837028880875
47 263 -8184816835682944753
47 264 4399175811539371733
47 265 791719185794099432
47 266 460311040409009961
47 267 3309821214241031237
47 268 4545312934197436054
47 269 1991259783488410664
47 270 -2328228669830350372
47 271 -7871300102050511284
47 272 4111910366496306001
47 273 -7268124212946617575
47 274 -9189545462108326842
47 275 -1142632532351134854
47 276 2147311015506103344
47 277 -3512721125766287523
47 278 -2686198907854270344
47 279 2452395666311052134
47 280 674720780425702947
47 281 -3793854787792120466
47 282 -4098256695455428486
47 283 4643105585939720142
47 284 -8878532223549723477
47 285 6626269976084829313
47 286 -956867351471821185
47 287 1900022450917001249
47 288 2661129401031060778
47 289 -179207127489103886
47 290 6250010891910243114
47 291 -2023140049429715419
47 292 -3865208030144445480
47 293 8421343880923630274
47 294 -5368082405032928296
47 295 -8096582294242319143
47 296 251330935254272550
47 297 6104308706342196053
47 298 -6552706512780959233
47 299 -8188740155282870923
47 300 6031058412980275607
47 301 128625536388992627
47 302 -6378981876806508991
47 303 -7411695217462898816
47 304 5163678655494746805
47 305 8161789744694942190
47 306 1535322298203390240
47 307 -2509654112023229656
47 308 939114620757082653
47 309 -6721036525008200497
47 310 -5662002067614076324
47 311 -6416557526762905745
47 312 -6126941554942435416
47 313 1473466274876789387
47 314 5364431568917440912
47 315 5483842075616264668
47 316 6632874713848351477
47 317 -6352099921501872318
47 318 4967870809185579710
47 319 -3379333269742362213
47 320 7769349399305023756
47 321 -7006595858948943958
47 322 -4782387005130947935
47 323 3593846462360471212
47 324 7417224310146112324
47 325 385706463678107608
47 326 -6335413459366565000
47 327 6529457381947692159
47 328 -7202199270082310407
47 329 2671165891617572118
47 330 8903963425212939473
47 331 -6217226083397398513
47 332 -7476140179616473100
47 333 8855597720464676735
47 334 450421832736147871
47 335 6747132452759030821
47 336 2523170814731440446
47 337 595844559797023140
47 338 -2177655196303998375
47 339 -6456323630078116623
47 340 -2244480268267490278
47 341 1487901278947210168
47 342 2650047092337975357
47 343 4788188332733078504
47 344 -3879217581719759348
47 345 42914875778009085
47 346 -5177638853763078911
47 347 7857427170404536159
47 348 3411549948611658260
47 349 -8690826525333950714
47 350 -3113947633032257329
47 351 2864157750663679792
47 352 6107998388880280166
47 353 3048205956694832163
47 354 1003589750865483895
47 355 -839751624984874757
47 356 2362521870463355864
47 357 -8959073202548922823
47 358 2188591152119467172
47 359 -6052490572255810229
47 360 -6510418272462649924
47 361 9204615867437899493
47 362 -8705785580045294908
47 363 -2691154286814774728
47 364 -3055326835305100936
47 365 5554098669262457455
47 366 4961312645157020515
47 367 4846667100209380522
47 368 -6250641038775188935
47 369 8415883462023605074
47 370 -3141527752974535665
47 371 -1957928143160315280
47 372 -1206562919139637671
47 373 -4658099898618743329
47 374 -9115098913081969257
47 375 -3224559030226130104
47 376 491177608194485174
47 377 -7874418527821461462
47 378 2357533760439682538
47 379 -2507348149981658503
47 380 3767125319455984588
47 381 5952513104225856202
47 382 976966699363802157
47 383 3073454819253669120
47 384 -6626095931976252280
47 385 -3748659231117611689
47 386 -6173800148136967471
47 387 -1058232336351743668
47 388 -2383125751669234350
47 389 -4474802093461450665
47 390 7008439406955780600
47 391 -7256265789776129797
47 392 7531063198748223709
47 393 1342304513672993121
47 394 5477800045777595034
47 395 6790741452688031440
47 396 1693912952235126860
47 397 6365875290629633044
47 398 8701917017703371202
47 399 6232589315969865760
48 0 7443189707729823888
48 1 -4646974936760703585
48 2 -1077987834989734508
48 3 -4376946618211505675
48 4 -5770104182506717068
48 5 1231742668283311246
48 6 -4136939183343396089
48 7 6929682585556768996
48 8 -1745498982708944489
48 9 8626736202867837660
48 10 7672681965752560976
48 11 2185311891820796832
48 12 -8235098677145022256
48 13 969493873353904307
48 14 -9115625036470053171
48 15 3131442090050990388
48 16 9190050644362299943
48 17 1455264150295484547
48 18 6747424615120786349
48 19 -1783751499579106944
48 20 156176735794321966
48 21 -281550277740953756
48 22 -8420284148528410684
48 23 -1680082999751224923
48 24 6686805630114446437
48 25 -5008394045980607938
48 26 8168951954827946085
48 27 -7543034048251696720
48 28 1563188357694589115
48 29 6020733727632831243
48 30 69292824354127
48 31 -3613394126561466425
48 32 -6328775927570572114
48 33 1489843189672596744
48 34 -4477560637665955308
48 35 3893086107777825697
48 36 -6295894785082503597
48 37 6992125233143036567
48 38 -7078102819617721994
48 39 -5216385490086432205
48 40 6385714801516413863
48 41 2126860122191050334
48 42 -8711045634826046087
48 43 -4878220590651582197
48 44 6283852232199361741
48 45 1307818590230298995
48 46 4635948518197760300
48 47 3369186357112675402
48 48 -5708728495865688619
48 49 -8837066485160066581
48 50 -3897672514387617750
48 51 -1324046199730038132
48 52 -7015409199978315532
48 53 6050966071773338599
48 54 9190095777668820784
48 55 3977464915686474022
48 56 -6574256149349408488
48 57 -876089251752023551
48 58 -5912372948711563183
48 59 3553868761515388606
48 60 -6986850165808380410
48 61 -8111937697511414950
48 62 2296972523122644073
48 63 2489942609623726832
48 64 -5443258841891283502
48 65 5314836787141673009
48 66 -6986123151798214458
48 67 3306059386477670465
48 68 -2789025404602876711
48 69 4516723036681617700
48 70 -9039857327466398334
48 71 -4795293427968548390
48 72 -81565269269335135
48 73 -5964927260304119656
48 74 6338675608312394890
48 75 -2259879153134791153
48 76 -4410644904059870385
48 77 813526086467598483
48 78 -5517134359624391365
48 79 4019648130947363811
48 80 7956249018568831818
48 81 -9060246156335241610
48 82 886571538283455202
48 83 -579370615693719354
48 84 4359040572173801447
48 85 -1735053267781146847
48 86 4417710789546971951
48 87 6432936440969364994
48 88 4089892316452931345
48 89 2824598576520451833
48 90 -4360885548241599905
48 91 9079678908319683353
48 92 -2480135112478784794
48 93 5164234119211168176
48 94 3005606098618409675
48 95 -8642745186498652344
48 96 7882080782797060892
48 97 -5482634486354181387
48 98 3567556880322676448
48 99 -5044491445288269184
48 100 -5852014356407276498
48 101 -2387805158456296941
48 102 453820199259625412
48 103 -6384278210245729790
48 104 820899393095148646
48 105 -2834857903358266307
48 106 -8487404881788771836
48 107 -2687130403039839823
48 108 8377981661257411423
48 109 3880151390835485881
48 110 6608034796190577115
48 111 -7208950702303988086
48 112 -7276223951217424513
48 113 -4653019479095462177
48 114 4718585852896316363
48 115 4881685077826411622
48 116 -4132939138959319816
48 117 -2666070247263352432
48 118 -7140649123153310043
48 119 -8387828037711994278
48 120 -503121357219961840
48 121 4911887308916670041
48 122 4642874180032479712
48 123 4172035394736919243
48 124 2400486920722328115
48 125 1836349743905783378
48 126 3067545721186075822
48 127 3967439131718129299
48 128 2618158272112992134
48 129 5934289667374377773
48 130 -1831441004877518477
48 131 -4896171919424089600
48 132 -4557051071999732143
48 133 8939043652455967998
48 134 465017175781626088
48 135 -7961805369062725011
48 136 -1129732822287844581
48 137 -7214325553712042925
48 138 -6834905940742628628
48 139 1627413543250582006
48 140 4823452835017868062
48 141 -914912916455772613
48 142 -2608120739642599899
48 143 1566070858666795412
48 144 -8472224671806980133
48 145 -1725425786729192088
48 146 -8070298766643243950
48 147 3148708484604672368
48 148 9220430393824247318
48 149 7416811270039254471
48 150 -8145006691192105824
48 151 -3392595542855362201
48 152 -5523017199748403047
48 153 -7711273323491078217
48 154 -8380259269217581063
48 155 8911443745240890088
48 156 -4447909656979264394
48 157 -3292575841804982913
48 158 -8959246200694305066
48 159 104373423098253686
48 160 2131945286738258119
48 161 4059374484557388041
48 162 4896974653118326659
48 163 5752021241115977837
48 164 702065883847996035
48 165 2797671025846833947
48 166 4452651146904624322
48 167 2654156522900349280
48 168 1777903596268112603
48 169 -1636465705165131988
48 170 -3990117434406479355
48 171 -6592352758214680717
48 172 9136533098688929363
48 173 1202219834004666142
48 174 8988783352503195768
48 175 2718225378909632560
48 176 1696013149571689106
48 177 -3708035399449305402
48 178 6674066691880506906
48 179 4578058000515298252
48 180 5483731218742092416
48 181 -7983039247608336824
48 182 7756539416963683086
48 183 -3450507351123804848
48 184 -6561738120783278618
48 185 -3761060814580182006
48 186 -2881102498376159234
48 187 -9090243499604652301
48 188 -7013712530331213161
48 189 -8460242035218810715
48 190 3590029778076977403
48 191 6523801018704319843
48 192 -7995218863873644132
48 193 5525781510684334778
48 194 7555227992958880487
48 195 8041156707859398099
48 196 8565963270460709773
48 197 8045694353207418510
48 198 6864010908691535026
48 199 -9050822232230907285
48 200 -1848672265872613462
48 201 -1847475052512433628
48 202 8661026883585760692
48 203 -9107953863676103398
48 204 -7001101179793193568
48 205 -6146417077530724647
48 206 -5123546028502770666
48 207 4445990750778037849
48 208 7894998368749512642
48 209 7598347383012711221
48 210 1023323953548773876
48 211 -5294855766407522653
48 212 -1872984391524128695
48 213 3021089460031066150
48 214 8518096280579785610
48 215 -8825085748343210752
48 216 -1143337100555346549
48 217 4947930368147814417
48 218 2214536343724257121
48 219 9104577756928491397
48 220 7503531250001824165
48 221 -1173087600189621460
48 222 -1799062752712588183
48 223 -7783855476342281100
48 224 2445208107879838409
48 225 7879445228334791226
48 226 4242609145096992215
48 227 2809584455124002483
48 228 2831070354646541908
48 229 -5860940950669358304
48 230 8597409842792790198
48 231 -1216300596998544714
48 232 6302534783271345112
48 233 -4450328496627739413
48 234 7961509620366755412
48 235 -7898557619123287720
48 236 -2491204546103285032
48 237 2686232294491006811
48 238 8260730661369058717
48 239 7217366386029435266
48 240 771995387927154195
48 241 -5728676412270839147
48 242 -4907598988723062262
48 243 5897560691097707823
48 244 3112084536303031566
48 245 -6328738708142053251
48 246 -1721112724809908078
48 247 3706677753440274877
48 248 2465191007990822075
48 249 -4827123097022694440
48 250 -5226939537122976920
48 251 -672084145234182202
48 252 3314867079163036721
48 253 1791001496850006341
48 254 4056920849547698514
48 255 943703222273303795
48 256 1335347810973686931
48 257 897652163709722873
48 258 2080671468828227435
48 259 -8395402749917444699
48 260 8437458844398742630
48 261 -7292820884499783207
48 262 4894725428731257303
48 263 945759820338196588
48 264 7407523319035549889
48 265 7981924716166534096
48 266 1012191160768732141
48 267 4627325708792825231
48 268 4133883496230542133
48 269 7165793846142993853
48 270 971043280532206802
48 271 -683307533701058765
48 272 -5120573013000510730
48 273 6092358650485803218
48 274 -5877126552887461727
48 275 9073313405931921382
48 276 6621547171098172539
48 277 -1416947386911877120
48 278 2992110574836625390
48 279 -5416687744295793012
48 280 3857163319166688566
48 281 -2847125336093030791
48 282 -1029913447217277523
48 283 192996632857098412
48 284 223533970168097871
48 285 5333866948787996671
48 286 1423242300125940166
48 287 -62334862607527384
48 288 -7907353635428370954
48 289 1775392017514581875
48 290 61536993115989425
48 291 4455898418298881008
48 292 -2976249305269152745
48 293 -6255533804476671043
48 294 -2399799709286701755
48 295 2236260298243722734
48 296 -8080541373294875521
48 297 8713158580112181879
48 298 -3313530221266025948
48 299 -3123579974254176798
48 300 -1645165319266281626
48 301 3542093944688666141
48 302 8806621919383743550
48 303 -4777636273304023420
48 304 8814936110508938838
48 305 3199649456053256406
48 306 -7642266730578768988
48 307 7408864737007374487
48 308 3214295672969258486
48 309 7106807808000780705
48 310 -4446235336270515522
48 311 -4149774618903830653
48 312 8544419642584918661
48 313 989774374296421536
48 314 -2512101672777534809
48 315 -4592606765707558709
48 316 -3497082358141089647
48 317 8573655518136430663
48 318 -3682848141542557235
48 319 -525573126449521247
48 320 3890739359830761567
48 321 5963781330360461169
48 322 -9219066904930920760
48 323 4008669833037607428
48 324 -4564113856899488731
48 325 8503066795964545834
48 326 -5654002014400455165
48 327 4432839542795341247
48 328 1871329157107011536
48 329 7666019791647833304
48 330 -256142074872158271
48 331 6171524234362466423
48 332 3972090916447577044
48 333 -8112495677322006528
48 334 -3387363441445249075
48 335 3267765728175998627
48 336 3599619323955536184
48 337 -5700710119899260179
48 338 -7504717230059727103
48 339 -3244483607348389129
48 340 -6675793731248317613
48 341 -1123872038926539782
48 342 -6411078365526820743
48 343 -7101282064273520311
48 344 5543027021544845400
48 345 5405383122170004049
48 346 8820402442771334844
48 347 7685383793176525305
48 348 -6762238259486697127
48 349 8665115763043187749
48 350 -5801891870768078881
48 351 3894489303808249920
48 352 -3333369494840792504
48 353 5352867618357900195
48 354 -9089163753683696116
48 355 3647902631553432922
48 356 -967559779942761668
48 357 -7104737407343746574
48 358 -1074588515192315642
48 359 -7140555700290873982
48 360 132033273608040684
48 361 -1321142071814609060
48 362 -1536051511065253388
48 363 -6752962054163663513
48 364 6875088202409229585
48 365 9105692627217298345
48 366 -3752587281868986332
48 367 -4324083780815984784
48 368 -7654962545327090660
48 369 -3868306590717074043
48 370 4716804185648143490
48 371 5930747427227191478
48 372 -7124827081413358011
48 373 -3346823951022542970
48 374 1467087824760848461
48 375 -8219964858087686895
48 376 6208817799596810057
48 377 -3395341381445942892
48 378 -7758908938653623369
48 379 -5725232503401693726
48 380 -5759957083827747104
48 381 212928046182141618
48 382 1422226285493021786
48 383 -6588419690769465907
48 384 -2623020184229392954
48 385 7946810704111010226
48 386 -1584997610495837035
48 387 -3650305319951760174
48 388 535795524539273276
48 389 -2274512220213922015
48 390 -4963259095516518640
48 391 2193990599697732354
48 392 8396258315033586544
48 393 -5206104520741514422
48 394 626147168612401655
48 395 -4018426503280958220
48 396 7068172356754433240
48 397 -2656494587599885752
48 398 1537777301650768884
48 399 414865371108080091
49 0 1330268858867582206
49 1 -7496199471303195309
49 2 7761112547172188484
49 3 4423540873257064103
49 4 9192742228603141393
49 5 6236485508093034860
49 6 -3886435927759511558
49 7 -8467406283206520865
49 8 7427536697874507607
49 9 -8960656523962463812
49 10 -3105884969205042596
49 11 -8765103374327751675
49 12 -7379293278274213055
49 13 6180962796201636286
49 14 2673557736775642485
49 15 7791462477872731594
49 16 -2994489648450605474
49 17 4598753409869679310
49 18 232664243022736149
49 19 3801691161144728037
49 20 -8744968124093934198
49 21 492876707006349366
49 22 -8347364615388531651
49 23 668014845746941832
49 24 3167744317387307718
49 25 8508250451339099089
49 26 53679969350417440
49 27 -1197851136226093102
49 28 4960790747394259765
49 29 -4358424967366041216
49 30 2482064646542289976
49 31 4732587998784386714
49 32 -2158178884555052407
49 33 -8008709335208241659
49 34 -2249352774457930023
49 35 622568012452858215
49 36 -2975107839858947761
49 37 4781809748371285609
49 38 1157257572690170553
49 39 2592847533686096511
49 40 -4264818944707704757
49 41 -4257696928067626414
49 42 -906647317544111309
49 43 6869306406783779675
49 44 -4213086045105237123
49 45 3450780806360821540
49 46 435493306676097152
49 47 1696423174168327849
49 48 -8598760491918152139
49 49 -2406813311335344607
49 50 3617882105072610089
49 51 6478220594580403952
49 52 7122068048701873958
49 53 8613274619959978411
49 54 1095351866422807056
49 55 3782091995489996381
49 56 8160209785407070632
49 57 5704534515341949721
49 58 2396099730568104406
49 59 -3090834078872835328
49 60 -5553985062928698321
49 61 8910596706247275457
49 62 7688411162583551246
49 63 -2695312121806879844
49 64 -6536243736280564
49 65 6374096966748304011
49 66 4808308594255118750
49 67 -5684555284863910929
49 68 274260814908364190
49 69 3773090369872760205
49 70 -152913563654359737
49 71 1636685053453484646
49 72 8856991274889262515
49 73 113637996174083150
49 74 2658544706164499664
49 75 320289071341641112
49 76 5444753484154764882
49 77 7200378567101716926
49 78 910106242114212229
49 79 5299052304508068555
49 80 -8676234249857088436
49 81 -9149608258749370909
49 82 -3920261322891937535
49 83 -560345129198785187
49 84 2915888842795695353
49 85 5613587527821686567
49 86 3483530128920421805
49 87 -7053875812578114416
49 88 -4325808825337634387
49 89 -4635318996657053311
49 90 -6563149569320803616
49 91 64460876460775589
49 92 4478084618307952734
49 93 -8478704278723558706
49 94 -8983802965130490789
49 95 -6857970533776721217
49 96 5501808968963216716
49 97 1397622796908768833
49 98 5392532855951469297
49 99 8076976833142617843
49 100 -6518694147098458133
49 101 -7859723212210365066
49 102 -1857631069600368697
49 103 7119727408892625508
49 104 5552816150365629698
49 105 7576842070020378321
49 106 -3458460457941683712
49 107 -4584943415375065804
49 108 7613785980258374439
49 109 2632924043433551626
49 110 5813106428107461803
49 111 -6536161557118717984
49 112 -4552728880331079567
49 113 -3706272309162192317
49 114 6980194213341732581
49 115 -6072725233447812479
49 116 -2234194176275858033
49 117 3723818695969349846
49 118 4751780564121024834
49 119 -3088455164496011167
49 120 5269674327253412611
49 121 -7945893505713680201
49 122 4979037194767142351
49 123 -3037153859565290628
49 124 -28195313688671021
49 125 9017423636653046428
49 126 -8438819918345308832
49 127 -3811443774598001436
49 128 5247856476849577774
49 129 -9124510617541356513
49 130 1502082708623434650
49 131 -5506211241241019057
49 132 -1966860753849257745
49 133 -8152450533157657789
49 134 7513752951539135294
49 135 8463898827860773962
49 136 -7132768834032813891
49 137 -2986573091551894076
49 138 1783081970212106662
49 139 2223666364370760564
49 140 -4709611703662515368
49 141 -721856545588503035
49 142 7074276405690251895
49 143 -7496203545128434426
49 144 4315625661348929644
49 145 -8508059457958104758
49 146 -6372864294253604923
49 147 -6361617200276763180
49 148 -7393314085223665280
49 149 -5478222392959482992
49 150 2731938192998468979
49 151 5654891612909999686
49 152 6370544861606058979
49 153 -4489665885835713432
49 154 304790270311507383
49 155 -1676979653752825995
49 156 -51059139182727612
49 157 3823646369231755235
49 158 4459447963353725937
49 159 -214585255526584468
49 160 -6203793296304899826
49 161 4668031759187569269
49 162 2469191248707596394
49 163 -2890933654369541205
49 164 -8992595377473108131
49 165 -3995318410683505953
49 166 -1282713132251418789
49 167 1889030413268772409
49 168 3868531017415147288
49 169 -649957826674976479
49 170 -8790969029850421591
49 171 1627735006308854628
49 172 -7316722677293832356
49 173 232157251375106865
49 174 9014606929998401881
49 175 4865410704906533964
49 176 -3933273337371468538
49 177 7979925723961123418
49 178 -4743450688920349562
49 179 -3522842323441209797
49 180 -8086709387966330731
49 181 4398696384572102198
49 182 -5779655024954996588
49 183 6386288462570246556
49 184 -1540109126025609911
49 185 9149058593787020115
49 186 -3544234690750675705
49 187 -5516748990480341946
49 188 -3706469469792932228
49 189 -7186016485071132644
49 190 -6168095195028215322
49 191 5252900973704746879
49 192 -5054854882974886977
49 193 -1945651959894821228
49 194 -4473993354052017410
49 195 -5206889136875185838
49 196 633657633790904184
49 197 -2742297417427025903
49 198 2524003854294523790
49 199 5346536100201351627
49 200 -3206022219449077810
49 201 -6573925898222964744
49 202 114611116061807259
49 203 8720690736133129715
49 204 100864724989310036
49 205 2170651913421440426
49 206 7410420794541922505
49 207 -719308264273820544
49 208 3503027908993198635
49 209 -7798341354384473760
49 210 788977809901696831
49 211 -768999913192827091
49 212 -8584073369468184364
49 213 7598989581746407865
49 214 -8043568693040836036
49 215 2813586331741432928
49 216 7800691787741987424
49 217 3601061928649398905
49 218 3125906490450853180
49 219 -7589626191598735589
49 220 -8141104591030723161
49 221 -7525165720648865281
49 222 -1957545459171317289
49 223 3116992821770084120
49 224 -2462858503243073786
49 225 -5922213332960278401
49 226 -6994841541132917937
49 227 7894665752256503119
49 228 5334134202423643901
49 229 -7695659225837900434
49 230 5080271737549518310
49 231 -3072707298171491541
49 232 941896020203985281
49 233 -6989612403470816747
49 234 -5531721290911247297
49 235 -7627508071301902785
49 236 -1514213009592741776
49 237 -4864194426216393987
49 238 6084952142203259042
49 239 -3958099498040364017
49 240 -2320965252199553943
49 241 -5421682150907634874
49 242 -2941967685642928288
49 243 -1576001792213157870
49 244 -5737888177450365232
49 245 1588931004049934189
49 246 6819124287944437762
49 247 -2417620050004192426
49 248 -8989968729825076970
49 249 655589673568824924
49 250 4952892191339767823
49 251 -5980748740898348861
49 252 7221436203286893225
49 253 -2801739579594610277
49 254 -3697042747799085181
49 255 3433397104146121780
49 256 -6262090043150073684
49 257 -2146854505034843940
49 258 -3227623636626586152
49 259 -380968198493776872
49 260 5512728905052826892
49 261 3640888630685006494
49 262 -6618553842335766979
49 263 2595987802030215154
49 264 9123004865235579970
49 265 521940908937294242
49 266 3498043460135657653
49 267 -3172442314723961956
49 268 1654403942822854821
49 269 5150901619751119282
49 270 -6096472621466136788
49 271 5927819651863261895
49 272 278530740131986562
49 273 4881283004899598622
49 274 1806434369066050961
49 275 3807458327937497843
49 276 -2358616933751195949
49 277 9190596932306484762
49 278 1094929655348269689
49 279 2687485819431925501
49 280 7795288571607386288
49 281 59613048886908113
49 282 -7097163023619872207
49 283 9154249283032273739
49 284 3701204078842677643
49 285 -5183237439763595457
49 286 3622902118227941781
49 287 -3303409527463452062
49 288 8964988452855378338
49 289 -5675339980009542401
49 290 -5324950068730108814
49 291 -9219968729032131866
49 292 5639593596759825711
49 293 -220685979314732171
49 294 -8325276185102335822
49 295 -1958673904842725188
49 296 6760773948283274652
49 297 7416653718542545760
49 298 -5753639513189398352
49 299 -8871227718159015498
49 300 1850958669684744521
49 301 442119331586489478
49 302 -7272763115053306653
49 303 -3679682864136319831
49 304 -5509954116528118913
49 305 -7929388050957701681
49 306 -8921622414822842584
49 307 -6690953069789894734
49 308 -2754258401125249995
49 309 -2053775520891345606
49 310 6549171026664660106
49 311 -8193737846286991857
49 312 6237680788439422340
49 313 850958639306486872
49 314 -3425494767384856126
49 315 -1742420279329933947
49 316 6921501530193446773
49 317 -2208369549006224270
49 318 -3697742096093439400
49 319 -8063658786659228174
49 320 -7317402185151834770
49 321 -1645059469263600141
49 322 -6882276476593562646
49 323 5559636216662931151
49 324 -2771612600685284030
49 325 -5167200408805657231
49 326 -1447485393182684348
49 327 7751317564320809813
49 328 -6999795667679929923
49 329 -6350238095587026611
49 330 -5859600537850831418
49 331 8620718293136521920
49 332 -3422558389789688222
49 333 -7258505571690138187
49 334 2256983386027405868
49 335 -9014836163960391423
49 336 -8752344275265692268
49 337 4037657831875119221
49 338 8513013586702277546
49 339 -2620171826252533676
49 340 5060686674667591030
49 341 -3104060725851159576
49 342 3093105614706748937
49 343 4935279457514551281
49 344 -4066142593078484769
49 345 -5640908916176997507
49 346 9015552544251704084
49 347 -4464044950760084860
49 348 5780050449228275563
49 349 7314051097224405560
49 350 7617091095101061829
49 351 -3396296849581380937
49 352 -3395041529754873014
49 353 9065271493606026160
49 354 2543368030490079698
49 355 4816505305314885546
49 356 -6756738903139552897
49 357 1266732533751023656
49 358 1797892494273019589
49 359 690355993361947124
49 360 -5706195472820971895
49 361 853004668602338391
49 362 5164598616906589017
49 363 387168167002946574
49 364 4791894442785835738
49 365 3576492760195837712
49 366 6430642326990181915
49 367 3201388742578757807
49 368 -5182638149569732176
49 369 -271348889142922347
49 370 641960259700084172
49 371 -4834623704066619033
49 372 1128351905815412014
49 373 2496396099897090273
49 374 4426664877854448839
49 375 -2480236713916652561
49 376 -4929539560572718150
49 377 2977414020182285972
49 378 -2772891155356243010
49 379 864878728483311330
49 380 -8793214371812409391
49 381 -6153704821914618337
49 382 -2825862006199979069
49 383 3511146508547197617
49 384 4222467033932377930
49 385 8766777679366311632
49 386 9120735944242271580
49 387 4778466378005099942
49 388 3481543386202895655
49 389 -8462856533051896748
49 390 4767415142117492163
49 391 -8947563415498856001
49 392 4716638494350534894
49 393 -4791594724628329802
49 394 -3029949102081775430
49 395 -2043379841951377295
49 396 1721552051881876476
49 397 -8017850758468307924
49 398 -1807178959810285554
49 399 5477341399331287227
Tempo de execução: 0.0767549 segundos 
