400 400
300 0 -7889959930011157828
300 1 -863231199241387619
300 2 4168646003420381954
300 3 8968019375626266914
300 4 -5228009331131037709
300 5 -2386630908168439330
300 6 -3415101252044294414
300 7 3874802042377861771
300 8 -8910124203120285801
300 9 -148166899680714892
300 10 2137042742192856777
300 11 -7877156261344183175
300 12 -6804685248871742404
300 13 6425940792191738473
300 14 4635556071666134154
300 15 8555094877732376123
300 16 -3554374159471197345
300 17 3560222115986552088
300 18 6944074849968255327
300 19 3367666602680445599
300 20 6917404759043955911
300 21 -6982003749806400369
300 22 -1305328488417500361
300 23 -8002797976024286002
300 24 -238010228336791255
300 25 6958318187362320480
300 26 -4263290643424619863
300 27 2531915188175611315
300 28 8391057905717924593
300 29 8655378645302896754
300 30 -3539411892143883343
300 31 6277090952974737399
300 32 6963826233513449027
300 33 -4024920493767527802
300 34 -7303988725306159751
300 35 -5025975674890288814
300 36 -1578091798955882380
300 37 3124019061463916464
300 38 428901414680087137
300 39 7492087897695358094
300 40 -831423880336987770
300 41 6400595158752857411
300 42 -1411145483671102636
300 43 1054846367538607668
300 44 -5228774708277994184
300 45 -976968121914569536
300 46 2620549085983432950
300 47 7544353775337690587
300 48 2468090506835532819
300 49 1196697119636270932
300 50 -1279961407133023670
300 51 -9088583952114879734
300 52 -7297774949326177802
300 53 2426562327514723493
300 54 6838153907166532563
300 55 4458020572170691836
300 56 387034454683228040
300 57 8974320910458181204
300 58 1644889616135360971
300 59 2704137291836828194
300 60 7043499043890738906
300 61 4993795119200265276
300 62 -5064678371539160878
300 63 -7737725623230593948
300 64 -1853478038761331149
300 65 6340537333447117894
300 66 7587383280605756699
300 67 4131559167807673683
300 68 -6087174872752820149
300 69 -7861796484331947950
300 70 -2194565375197603409
300 71 5950227274890704894
300 72 -593495719255668570
300 73 2400225368508317858
300 74 -6489644595844961793
300 75 -7098713321239806195
300 76 -1337775163698633806
300 77 1437443170168714037
300 78 2527287848654711953
300 79 -5097747646872005562
300 80 1106035295592030459
300 81 -5508336571055955409
300 82 4467256359531982167
300 83 4167649073349242467
300 84 -755508002811376067
300 85 3876544061418010019
300 86 8277686274630745192
300 87 7150806163050725166
300 88 1479289913370048028
300 89 -7022625819325811854
300 90 -3204088850118041833
300 91 2390571974445474837
300 92 4460995943304417663
300 93 5786179973088705751
300 94 -2807170238084258318
300 95 8462131357063326133
300 96 5493134974546731684
300 97 -2351453515675960988
300 98 7922875282865478794
300 99 -4588990696952724738
300 100 -3067547209613609329
300 101 -273293061529910298
300 102 4110435772311805051
300 103 1944999494356111031
300 104 3982215084743908309
300 105 2799815032111712765
300 106 7180373901258141955
300 107 4057159067734303382
300 108 5172883049963272055
300 109 7975733197580825136
300 110 7553636234927026861
300 111 -2336605327384204603
300 112 -9060631747698383468
300 113 -9054218893884756131
300 114 -429578297513287722
300 115 -5949479827280457365
300 116 3543079961963372905
300 117 3553964548735698130
300 118 5471863720576735212
300 119 -5125135332516744663
300 120 4331332427988810238
300 121 -490228537792562237
300 122 -489379871916188598
300 123 -6495780706056292338
300 124 4463671697027226473
300 125 -1031683612587906862
300 126 487359598768643462
300 127 8029171435411341080
300 128 6738658625491828344
300 129 3126059518191128920
300 130 -3985084603990877216
300 131 6077123687114224547
300 132 -2661401269776939104
300 133 -801776940919577593
300 134 9050243599549250237
300 135 1730677640963103579
300 136 -8324099677860237610
300 137 -4089912024280267949
300 138 -3196956608304384137
300 139 -3557588749144366254
300 140 8858641064450008790
300 141 8700318907989839592
300 142 -5060169009837098043
300 143 -4414815073818003628
300 144 -3620214051891865209
300 145 -1506749592479087269
300 146 2066087163292425034
300 147 6850037989866596918
300 148 -7419377280728769257
300 149 -2377136531432170634
300 150 7836138974740004502
300 151 -7803693198904122210
300 152 743675842621998198
300 153 7044496259013928497
300 154 7036247632418255612
300 155 8877183333526392307
300 156 -1539214880290025107
300 157 7642929834229291984
300 158 4938105542906507834
300 159 75422142530191687
300 160 -3291330015305079182
300 161 8069424856769165118
300 162 1503779832911000693
300 163 -7393126727841686433
300 164 6865587569739083669
300 165 -8027625404652823367
300 166 -3480220497835464993
300 167 8880989874138328226
300 168 -6057010328438106307
300 169 4043437204228808614
300 170 -9157539147230480339
300 171 -681219692845924400
300 172 -1925163830506389658
300 173 7720760237790998793
300 174 -4384423934519220056
300 175 1182387976707302466
300 176 -5397661817662480712
300 177 6940914707759367375
300 178 9084500694154927812
300 179 4873824911391856015
300 180 -7593208899883948949
300 181 -7866077503060613160
300 182 -871652232528275647
300 183 -7724093253748208466
300 184 6683952672661765656
300 185 -6234798061352754385
300 186 -1612457075774063496
300 187 6449640757765189693
300 188 7506882160352117424
300 189 -4304475891914525808
300 190 -5854531267310138503
300 191 -8418902556128296064
300 192 5873055845250771417
300 193 5841302240068206583
300 194 -2232495189555380234
300 195 4412417910281708375
300 196 -6900379329924951188
300 197 -6231286032567125103
300 198 1846525425591446728
300 199 -6480775859410298112
300 200 -8295629248417842157
300 201 4163713214858125722
300 202 725744982561937221
300 203 -1659156213567044701
300 204 7824366410560915613
300 205 -7051168309521455076
300 206 2637296963338739451
300 207 5907677084727096871
300 208 3885265158213273132
300 209 -3739913686628471282
300 210 3017221165668802002
300 211 8594835355541576033
300 212 -8836150544025212676
300 213 504635541875841366
300 214 -1109531908753457475
300 215 7574873590596092773
300 216 -4653173110283155713
300 217 8489138566780181147
300 218 -6680841213033286112
300 219 -8583790199507333239
300 220 3788093442413521576
300 221 -6504882376841234611
300 222 -9209491255996272498
300 223 7310212314618372640
300 224 -7037171913296870709
300 225 -8632379086956157618
300 226 -7082190434033639996
300 227 7805766331692973530
300 228 5974311448455068407
300 229 -7157486524320953425
300 230 -7392753941725076517
300 231 -3336514248197781838
300 232 -4899169956992399624
300 233 -432345207926763152
300 234 8814190580120537904
300 235 -551538986050781613
300 236 499112572827835319
300 237 -4972558124426406041
300 238 -4505784397094385630
300 239 2728268814835368925
300 240 -1596241751117848800
300 241 9157549029986757223
300 242 -2188162773267414646
300 243 -7709769290640267467
300 244 -8408630722473267958
300 245 7142168039039730274
300 246 -4514867933324910319
300 247 5797064714539099483
300 248 -4757056625762972291
300 249 -8838625220669666814
300 250 7880831779749360466
300 251 -8837665524184758161
300 252 3254808721067593772
300 253 3914953785770386555
300 254 5553648421870112763
300 255 4102965496071173891
300 256 4028744225678394599
300 257 5684362364398688387
300 258 2379252532355432371
300 259 8171878427625375511
300 260 2682422477052027035
300 261 -3218720988609904468
300 262 -3617735370827832791
300 263 3381633954531837880
300 264 -8082463888384817298
300 265 -5821266854173276744
300 266 2422437127915336718
300 267 6871108562615707889
300 268 -2251937013234197367
300 269 -7479906996784307043
300 270 -8564674068999592464
300 271 2129250115605291304
300 272 -449427482670568637
300 273 7724632702644621140
300 274 -2372130850613704677
300 275 657790553906330153
300 276 -663653087946910451
300 277 -4191706475097858840
300 278 -2215845278629490061
300 279 2376244328387821615
300 280 -3648674284976990276
300 281 -4984542728669364732
300 282 8842280911830169739
300 283 1136885113912205149
300 284 -2027602284289983176
300 285 -8308703151398512155
300 286 -281615388719540317
300 287 6113954857404467933
300 288 -879263702538445988
300 289 -1921063592321581214
300 290 -5239922132414696043
300 291 -2018010217326803145
300 292 4573900697130653949
300 293 4159342411663392447
300 294 -8460589471106078787
300 295 3070420235146154045
300 296 7671164846656171374
300 297 -594223807992711751
300 298 -864920695610394091
300 299 3999369104554312789
300 300 -2195799394128410571
300 301 -4059336195265160549
300 302 -3140278190082896763
300 303 -8220325027869944446
300 304 3974599617469308936
300 305 5494830231490592348
300 306 -6426447966136340826
300 307 -1613647425479536899
300 308 -1444991048235452362
300 309 -7859563700633314848
300 310 -8058982655243581032
300 311 5894446334174350762
300 312 4437984364947625904
300 313 -6672626571015954877
300 314 5391101362111972370
300 315 -5352083200976368102
300 316 -2076832046659894120
300 317 -434638412097494884
300 318 -5149680799794581299
300 319 -8164788248633788958
300 320 7253222967601474537
300 321 -5172880029881374317
300 322 8994109333055551132
300 323 -1794305226457350098
300 324 -2237099804086050420
300 325 4625901327251381801
300 326 -2362254862898289395
300 327 -6210297432356204490
300 328 -21666923423847625
300 329 5030418278965038755
300 330 3492920808064335878
300 331 2482261823879622377
300 332 6174252486369650273
300 333 8633374916787831708
300 334 -565380763259881773
300 335 7293710705310675203
300 336 7356777717533740408
300 337 7933303067431749109
300 338 -8552659779569006304
300 339 -1992306568976999158
300 340 6314310322495725890
300 341 987629254686864826
300 342 7784503538258609439
300 343 -8061731258038422997
300 344 -7049629304663026
300 345 6929640565763776352
300 346 -8072656537927922952
300 347 -4926639026803115640
300 348 -8728124871818469462
300 349 3978013748444154449
300 350 -4550393431059617271
300 351 -5998335741975786042
300 352 1178385403097259559
300 353 7542623502081942520
300 354 6977075522526774676
300 355 -5764170736840330699
300 356 3004391967523715621
300 357 148023718947149878
300 358 -6850046675284465689
300 359 -2403776124475680846
300 360 6907893299267663350
300 361 -5696266547920046436
300 362 -2340333428502749798
300 363 -5493875937412900498
300 364 -1326096326576190490
300 365 -7501697229567428004
300 366 5907382504071262909
300 367 2029785646177626748
300 368 -3743262352831080717
300 369 2292706454770381062
300 370 -8458623662004344006
300 371 -7691102118382440006
300 372 -2940523653937042985
300 373 1363258148382750296
300 374 -2004383157390511428
300 375 -539357374848187310
300 376 9201640809712880644
300 377 -4055167218257551419
300 378 -2964031734943395182
300 379 -8829537842443816419
300 380 7840015390948789866
300 381 -4057425083319458496
300 382 6451927355709769791
300 383 1465611329142767342
300 384 1745654174066483991
300 385 -8331244304821634912
300 386 7050541864947010360
300 387 5841392829411408272
300 388 -4081106398550182626
300 389 170862290704225477
300 390 8276854062385010883
300 391 2432653918758854276
300 392 -1316133063422223293
300 393 8125229300045646562
300 394 -5938192960011520133
300 395 -8066121466459019683
300 396 5063969668828278843
300 397 -4321927439935558009
300 398 -8612298525340676282
300 399 8102172662894469807
301 0 8397949428497516
301 1 3384170597919021600
301 2 3293827145199283942
301 3 8281800968406794804
301 4 -77513589875366229
301 5 8391233487512701228
301 6 -2645278544228472609
301 7 -1370054948245170089
301 8 3222349695013795107
301 9 6084486285657587649
301 10 3103598171038282452
301 11 1874918148647610327
301 12 1037607718840831916
301 13 8440241156447348772
301 14 -1095689865286881386
301 15 6126189776404498695
301 16 5532874631130958090
301 17 -4048330764563719014
301 18 -8387514556729469103
301 19 -2427437473951848116
301 20 -2123908248097410984
301 21 6664869185007944383
301 22 -4569102408312792414
301 23 5951781697385650038
301 24 1560361442995286422
301 25 -9091824792343639905
301 26 9152996716039419859
301 27 6286683343751195745
301 28 1134114659365611826
301 29 5165954594092280065
301 30 -1226845970252535758
301 31 -4124945777418793780
301 32 5988036339574646472
301 33 6023494630311428288
301 34 -1062240281292182525
301 35 8756753300280319198
301 36 -1011547759239140263
301 37 -4172488073506838341
301 38 -2804607162288203953
301 39 1168321461299974006
301 40 3960088076918437361
301 41 6460624046633913791
301 42 -1397149840739416196
301 43 4463784277192176002
301 44 -4263849991466762306
301 45 -5027030472075893550
301 46 4785295705533017452
301 47 -23421777670480947
301 48 -8518261741754857701
301 49 -243239524510955358
301 50 8240338370323942296
301 51 -3946569910886573438
301 52 4100775837338677884
301 53 -8374653133364748925
301 54 -3712106087523727671
301 55 -2048103668725074482
301 56 -1250623925421469726
301 57 4401383159535024747
301 58 -3214367654514030887
301 59 -1753803584223868111
301 60 5027497341429291672
301 61 8620494620411489289
301 62 2536894948123608562
301 63 7560494108224663005
301 64 -2062687521533189314
301 65 -5282811090819470646
301 66 -47723128605639563
301 67 -6372105090268345853
301 68 -6412071799619283544
301 69 8209716226571469830
301 70 2715318454032919868
301 71 -361095217917310795
301 72 -5985141032918601164
301 73 -5380085001258468633
301 74 -2263793893752223388
301 75 -2929314695364473477
301 76 8586320018340157983
301 77 5941609985521452689
301 78 -207832202860633602
301 79 -6805275250689829439
301 80 -2550009640271023308
301 81 7361707605499194508
301 82 2335455879457491449
301 83 3555088094793912677
301 84 -552438841100603225
301 85 2236808258187630804
301 86 1854345328960071843
301 87 6533361762184738299
301 88 -4258186597861793106
301 89 2182256323473998294
301 90 5001683000670488808
301 91 7517124789259107737
301 92 -6648000244395967644
301 93 -7958051161710305985
301 94 -7172874686729415232
301 95 -4392451781055792070
301 96 -78422592521015302
301 97 -6371327723815056108
301 98 3908901751611756938
301 99 -7435549261783751435
301 100 4622017443041155165
301 101 -6856876223207598795
301 102 1263271285424741229
301 103 8487312992151342155
301 104 538947207607783237
301 105 -1330797113089098879
301 106 -2551807482255524058
301 107 -849405156932646147
301 108 6305048609112121862
301 109 -6100066327966922116
301 110 5935395080675635312
301 111 -9085382515539776581
301 112 7421136758654044488
301 113 -3034835634125268659
301 114 7588147404432898514
301 115 8409962518063771165
301 116 -7062975832638263560
301 117 7048698770280110291
301 118 7453978644483806304
301 119 2893316835594818058
301 120 8213715302470796680
301 121 -9106942948688750425
301 122 -6055418298847500187
301 123 7502180491904115700
301 124 -212328883222317428
301 125 1560218182226115443
301 126 -2977957975540137054
301 127 -5265692992103273720
301 128 -3099675231094980390
301 129 -4939746321268160100
301 130 -7550101814259957437
301 131 5965971856084713568
301 132 8364865733206020296
301 133 9750621386695229
301 134 2420343052184616865
301 135 1972471867549188432
301 136 -5690271702208663857
301 137 3973134837120065632
301 138 -1905501073330992272
301 139 6695140115902026271
301 140 4394783461712062260
301 141 3832956196736117092
301 142 -1483614091543762172
301 143 -6100838576342703774
301 144 3728644148420487948
301 145 2574873142425387055
301 146 9074060980631996942
301 147 -4130079064850852219
301 148 8090835317940728911
301 149 300433382472308002
301 150 6163882739893241500
301 151 -1700881374927479441
301 152 3522959339486596213
301 153 3383305846171043589
301 154 7276460401140995181
301 155 3576680943690763890
301 156 5293209792247736415
301 157 -457206228645192508
301 158 6030203518264752812
301 159 9007285542370191579
301 160 -2045245864676496041
301 161 6312606933669433669
301 162 3954722205468929395
301 163 -4469056210146631389
301 164 -6592745114306092097
301 165 1391029269526409075
301 166 -3646017998753242204
301 167 7825355242024180324
301 168 1358579209228118484
301 169 -1563368318841965046
301 170 -2970219272171366319
301 171 -8596188813166539938
301 172 2193563565474666527
301 173 3386958205167101600
301 174 2094725030381923098
301 175 -5981270130841496005
301 176 3560082091950702182
301 177 -2062364011863569236
301 178 -1774409196314014046
301 179 -2508376419398972765
301 180 8429918408492926922
301 181 1342354536951481991
301 182 -2165645508043170739
301 183 4974359955485531005
301 184 -7675084724034495231
301 185 2175891663426737298
301 186 -8449136422871899917
301 187 -7429715551294339794
301 188 773938851088722975
301 189 -6231336163627619895
301 190 -8818644907054110864
301 191 5849399161648679636
301 192 4964804461601639249
301 193 1036831837085958366
301 194 -8057753941501482866
301 195 -5960951249608594441
301 196 4858938387507677614
301 197 -5724422451343718170
301 198 -2046567477744324550
301 199 -7844166801908835500
301 200 -300469585003173371
301 201 3422570280172012241
301 202 4885795362544106953
301 203 6985960864210439074
301 204 6626527299068059744
301 205 -2991362300431893950
301 206 -7761884796052827157
301 207 4591480750513495684
301 208 4830848806372655507
301 209 -2106480050017918977
301 210 -6486820207387120770
301 211 -3185995458926617731
301 212 -8490643302260974808
301 213 4712808863855633084
301 214 -3196467229354942072
301 215 4907958425443900372
301 216 7808854471090991829
301 217 -1967051201791066295
301 218 -6259525385750002855
301 219 -3903831864020432551
301 220 3595751915532534182
301 221 -4283534625993088505
301 222 -79757505733793726
301 223 -4497635824507571209
301 224 4310249990101308179
301 225 -3999473442705326084
301 226 -7086244267484244215
301 227 8247489646200858523
301 228 5712210827575328279
301 229 1065015333762001780
301 230 -2899532829744383293
301 231 -227053650176712547
301 232 337295699987582031
301 233 3013868499353761978
301 234 -8234379615160676259
301 235 8114786594077472507
301 236 -3614252622171192566
301 237 -4154728520965418211
301 238 -4698008809183589142
301 239 6346164212618745283
301 240 7159768808796922893
301 241 -6249031561061172252
301 242 -169974462870437146
301 243 9058676106385137509
301 244 -5361467664029884194
301 245 1335972109447191916
301 246 -4301492129611264021
301 247 319905763822321216
301 248 -7515154748222036482
301 249 4444428611818929415
301 250 -1333836101864338079
301 251 -8665138404948309324
301 252 -8707212764764212613
301 253 -2277573422865588503
301 254 -6437388805379854501
301 255 1560041803737168881
301 256 -31647168031826602
301 257 6121286268889702069
301 258 -8699816372466175127
301 259 -9159131563490083219
301 260 3316093927254204102
301 261 -8099287207693918913
301 262 -4531683444050626769
301 263 -1121430720542291255
301 264 -5620034785310878869
301 265 -7409441737427552187
301 266 -5333061267814753300
301 267 7726664550880765633
301 268 -8205108158912364523
301 269 -5118304094382242130
301 270 -6434965154968165065
301 271 -1348665505516639010
301 272 -9007661736982857759
301 273 2268771628835928147
301 274 -2482943504051514647
301 275 -3439839393080994574
301 276 -8846279623126981749
301 277 1763988219813646178
301 278 -2150586420981947552
301 279 818916373376171094
301 280 -274447596002157095
301 281 5996478998136966973
301 282 6256013444008309172
301 283 -5314717245791966370
301 284 -5060022486265247232
301 285 5364546108835902084
301 286 6553584261409643299
301 287 5024486420586369039
301 288 -4339530242228404627
301 289 -7281523219831876349
301 290 -2632228362415393944
301 291 -9181122084011668676
301 292 -1259487374450194532
301 293 8677824728735296884
301 294 -4126961540301090284
301 295 -526435569408332263
301 296 491231417208601866
301 297 5714372918937502917
301 298 -2129599889469909999
301 299 -938420756173876262
301 300 -4185632792641568861
301 301 2086412072846879042
301 302 -4739312394563483268
301 303 -3352134331898999330
301 304 1947262110953266264
301 305 -1894737346942193776
301 306 -3936923467879201972
301 307 -7201333339636394185
301 308 -4337678975867780613
301 309 -4911576607926002454
301 310 682148235813613731
301 311 1084603886561819797
301 312 2525120861069879884
301 313 837946213554920074
301 314 2024425297133243160
301 315 -1042110456771328646
301 316 1952975100936434298
301 317 3378657619954892879
301 318 379526935992096409
301 319 3970348537100001057
301 320 -5396535229201058667
301 321 -231253113910309189
301 322 490393481552023019
301 323 6833660666674183492
301 324 -8336606896192033550
301 325 -6772752771769082898
301 326 -6853208140396876767
301 327 5493994592226350157
301 328 8637926072466527624
301 329 1974532229149396109
301 330 4882523165190592865
301 331 6817149822170964628
301 332 -6838923064438443218
301 333 -6146059903176397352
301 334 1633228999178905574
301 335 -7183716892202181723
301 336 5832300962320057323
301 337 8528482178924217029
301 338 2046441049388671728
301 339 3364094404382932805
301 340 -1701771469494617025
301 341 5588616068229329127
301 342 4052796801187777829
301 343 -7515444927354468696
301 344 -6734060170705524998
301 345 -1569720165409478809
301 346 3821693775385811256
301 347 -1618088887434441397
301 348 -5366981506179144896
301 349 8734635558702623764
301 350 4039842835233110221
301 351 5333793597494297899
301 352 -1990305630158046777
301 353 7884593837804719164
301 354 -3553806141993534618
301 355 -6670421524535155224
301 356 -8812985943878218101
301 357 -531386476326643343
301 358 -6429295408034250439
301 359 -7177500479078809387
301 360 -5827048097682371767
301 361 3761560351404397319
301 362 -3878703242313553753
301 363 -3869072071517347652
301 364 -6532302893657601432
301 365 -990550814648589237
301 366 9019751323557877997
301 367 7866425316207968945
301 368 1447414951606152026
301 369 -6499402616461368912
301 370 -2724054952311481933
301 371 -2204656255630616450
301 372 3873090844008138954
301 373 -4142746391335937739
301 374 -8290727234216518867
301 375 -2576585960917909737
301 376 -768488156307623335
301 377 7090160817966527535
301 378 1171309769715875847
301 379 414727329302232913
301 380 -3565609823000813067
301 381 -2976950756965405047
301 382 -1777697135894670626
301 383 3792319774167766631
301 384 -2248501352823755060
301 385 -8744189637948063229
301 386 -685554165552514999
301 387 -8808329593183224024
301 388 7435649066764209440
301 389 8891600913019228046
301 390 -5223936967574027116
301 391 8362427205817523155
301 392 1133649922475367549
301 393 8826147557538139613
301 394 3284455006167456111
301 395 3390117142264049601
301 396 -8457400034804456400
301 397 5585675469523064525
301 398 -2106371925765530799
301 399 1588097218155076625
302 0 -8468147805979646457
302 1 6802864572911425472
302 2 8882039755137250546
302 3 -2508998851052237172
302 4 6775200323057619332
302 5 3189741871308876887
302 6 3905723240410457790
302 7 5961469738501868071
302 8 -6813739576458591241
302 9 7391677252401614033
302 10 3918752562283372818
302 11 3042463589731927982
302 12 1439206451138837417
302 13 -3484565837460471723
302 14 -740823974886507759
302 15 -7175100444472526121
302 16 -6667982718880850201
302 17 8068088241781589417
302 18 -7321217169499713861
302 19 -3362319140170395260
302 20 2548937345877874543
302 21 3490755558002202859
302 22 -4028665003480524641
302 23 3432951715359845589
302 24 5435358699694531143
302 25 -8547764752984331796
302 26 8148322406432378436
302 27 -1427803426593434183
302 28 -4432388317077393253
302 29 9113367063670394189
302 30 8582270299597192706
302 31 -6404423761463871953
302 32 -6251117467126958964
302 33 678738321131898172
302 34 6161019469943972257
302 35 6145388656015243118
302 36 -3092418689506409506
302 37 -2090575815126081480
302 38 4230523345938710549
302 39 995202550241165765
302 40 9009921114465320945
302 41 6786552802217651737
302 42 2127111706742074068
302 43 -1158038250931555532
302 44 8487666082900695516
302 45 7321518017167943059
302 46 2053715813151943635
302 47 -9091622749862868006
302 48 -4683180483963298159
302 49 5250217558443436562
302 50 4722309869025649348
302 51 4242917609971333249
302 52 -5739874734752152492
302 53 5416113753106464842
302 54 3626365587538197919
302 55 -4185391421589459916
302 56 4295619648918403139
302 57 -5053697709709233898
302 58 2972141638673033089
302 59 5997584156467672375
302 60 1431017667091983403
302 61 -6385297734383695415
302 62 -583399828584144763
302 63 2732857654661343639
302 64 3821016099646784669
302 65 -6281914152427195428
302 66 5143035872207325287
302 67 3063404284917549458
302 68 6888405944781245513
302 69 -363416085855507553
302 70 -1142972083223038404
302 71 3288071523928618457
302 72 8424422726740498613
302 73 -7892777298619738755
302 74 -6726262406601160715
302 75 3168554001510941255
302 76 5736230790408180309
302 77 9151368316457786805
302 78 248352669941360943
302 79 -7685302361355985144
302 80 -5882468374978935012
302 81 -6517343816803987799
302 82 -3903896667660221534
302 83 4400123597269698177
302 84 5119680856402808772
302 85 8740245825783006389
302 86 9106984894972072334
302 87 6920445282465648238
302 88 -4526979226905968142
302 89 2575708006567269902
302 90 202392477057831515
302 91 -1683406309878454382
302 92 6272719390744219826
302 93 7080517954910325574
302 94 -7003351392604770895
302 95 -5778049039103833429
302 96 3656147149644224768
302 97 -6345715567240010940
302 98 -79798795093750325
302 99 7698652584531146764
302 100 -7842441813963667872
302 101 4038927330535206262
302 102 -5957019310674892047
302 103 -7843271946717263585
302 104 -8680591934042575594
302 105 2701626632656858776
302 106 -5636081704756461972
302 107 -1001166648949952523
302 108 6022742285764781182
302 109 -5898326073560872680
302 110 7787589854907974191
302 111 3193664713505873210
302 112 -571287410635866083
302 113 -5637462816980265732
302 114 5635225030348015018
302 115 9029774505568391840
302 116 -1230539696681741295
302 117 -3783660988882602344
302 118 6714919567963309280
302 119 5119209272573005414
302 120 7536787897614996484
302 121 3721507077993187019
302 122 -953537015436711980
302 123 -5825600044662840923
302 124 7813053157102898065
302 125 -2475503568349862375
302 126 5434081913226552248
302 127 5659725560580317913
302 128 -1344507905794221776
302 129 -4480580442790552443
302 130 5823965128450967767
302 131 2808122291863658106
302 132 -3402103602562395578
302 133 1215541527823469657
302 134 687022527587957216
302 135 7989473348671023821
302 136 7684495776624753935
302 137 -442126824519525106
302 138 7307732074896017890
302 139 -610477408252734910
302 140 -1457413646095559566
302 141 -4189252567237451899
302 142 9129253367685992401
302 143 -3069771298496965732
302 144 -4264538905833482517
302 145 -650525492291433408
302 146 377716171670387103
302 147 1675036625306249200
302 148 6374219718594856358
302 149 -558957028125154770
302 150 7526844183243611873
302 151 3820305609979370156
302 152 4471632592024387186
302 153 7481944621608514921
302 154 -7791751923816008958
302 155 102955767616364920
302 156 3274144787809388775
302 157 -765355929272189257
302 158 -6166924926587166318
302 159 8117115816430901006
302 160 7798270953144522022
302 161 -2050196226854711500
302 162 8964342196804961936
302 163 -1090414086391335394
302 164 1303663519900431408
302 165 6271801308480683533
302 166 -4015032438491778204
302 167 7833596815545712477
302 168 -568761925957836911
302 169 -8693234858705046219
302 170 -5825894432986842045
302 171 6349016307065668733
302 172 3198007588501334690
302 173 -995352508550755167
302 174 -7057805394075593739
302 175 -546687549511879000
302 176 -137991492427394975
302 177 -4785367258878655598
302 178 -4422832495960974216
302 179 8022506987745282845
302 180 2531459904007078525
302 181 -8801562941713757839
302 182 2718743977367556579
302 183 5371480392090712666
302 184 -2668284369538436215
302 185 -7229421904283482930
302 186 2022162239300828519
302 187 5140570591739819554
302 188 -4748829779230194985
302 189 6507200404907999243
302 190 2492304862762340538
302 191 1318545440669685848
302 192 -9135517853489547482
302 193 -4962085076447791968
302 194 7514459440611527236
302 195 6085163632882933016
302 196 9003219482808065410
302 197 4762946096016636025
302 198 4944121278554242110
302 199 5255738459714600419
302 200 -4385175030597714398
302 201 -6365404607967871228
302 202 8762613546874097904
302 203 -2789674534291320906
302 204 5388211078438723931
302 205 7813993806401347906
302 206 -2206008087352420679
302 207 2648929211438378330
302 208 -3521320301193860575
302 209 -4814389900501762040
302 210 8111956463619463748
302 211 -242925474833116394
302 212 -3613487550072386891
302 213 -3890127941038097829
302 214 -5944619803974818228
302 215 -2666134812928354675
302 216 6828833093041413884
302 217 5496553850796403976
302 218 8101595826984323148
302 219 5221842523994587000
302 220 -8881528645935478772
302 221 7462004190869056111
302 222 3239922236000094078
302 223 -2347757294622460016
302 224 -3215529175787787437
302 225 1208666608205345252
302 226 -1652347548318657530
302 227 6591797654048933026
302 228 8580071236843945701
302 229 5409547559249452475
302 230 -4946268998857192227
302 231 -9041569618476579142
302 232 4956087626032602715
302 233 -1008345932935657406
302 234 1484326451621196109
302 235 -43982082892587270
302 236 5629564020759763600
302 237 8007331890762509628
302 238 7602932920015570998
302 239 -2995282595334140596
302 240 -3627018144495269992
302 241 7159396138106605694
302 242 -134757790814330751
302 243 -3376340956123268748
302 244 -6649416029880709688
302 245 3266335219938884947
302 246 9194645159884607598
302 247 -7953324493531412641
302 248 -8561970732005508493
302 249 8683715455233358100
302 250 4229423752576179522
302 251 2733123207376789982
302 252 5857963811085006717
302 253 6102025683130766397
302 254 5337080531679509693
302 255 2603811291883309312
302 256 -3054586184964875304
302 257 553691266639087555
302 258 -2137447151541831570
302 259 -7036854311959668172
302 260 231624944952938417
302 261 2756556449132553180
302 262 7360354230753770341
302 263 2129620392274818144
302 264 -2484510334109201018
302 265 3759851886994358718
302 266 3296041116106936050
302 267 -3857246985549001372
302 268 1070117105953069510
302 269 3531258082160335425
302 270 1308062887262004739
302 271 1643270783549636576
302 272 -1632872572939698624
302 273 454001358787096907
302 274 7923622201576260977
302 275 -707920045214743549
302 276 -8135117277205640647
302 277 525517536206048410
302 278 -4769658993908356003
302 279 7874529579661998712
302 280 -1058463924934721382
302 281 -4637856669334462493
302 282 -3677505876922457218
302 283 -7058334582627368011
302 284 -8239155143723494090
302 285 3749943336118210240
302 286 2985343043133607171
302 287 5511187135468086609
302 288 -3786030798729173125
302 289 -7376298405306705366
302 290 2938274561092170081
302 291 -6440873531097727465
302 292 16256214756508092
302 293 -1761115186227200827
302 294 -5188637660256399342
302 295 -5472174600910878127
302 296 -6065557627097076985
302 297 -4687329075882277393
302 298 4055537119731201887
302 299 -843045797416977175
302 300 -374823246693975776
302 301 8891196615235856443
302 302 9002457893900968852
302 303 -57065758665900827
302 304 3081294805886551574
302 305 6026157376496185123
302 306 -4985210689669609661
302 307 6547475678277604530
302 308 -313729288693173736
302 309 3131970996511554355
302 310 -8609521224044754481
302 311 1192431873934615258
302 312 -5067819369175394653
302 313 7080016949900053736
302 314 5635565483409674516
302 315 -8742459791674903094
302 316 7526478722396571249
302 317 -8149408683425722829
302 318 -2757030669075536923
302 319 -5317968744348600183
302 320 -8053938377221289287
302 321 4842551775985581507
302 322 4808189735276543661
302 323 -8971781216613848565
302 324 -764180349564600444
302 325 -4811711373072406554
302 326 5805014621399831359
302 327 8819637375688328244
302 328 287599629192692485
302 329 2749921412084860405
302 330 5493879965230552253
302 331 3783425334382562506
302 332 6103344384878227976
302 333 -3605182487517992520
302 334 -6782946490297895197
302 335 -6192447389760587116
302 336 1720873223870957853
302 337 -5203193945780959599
302 338 -6588832862894450016
302 339 -376480996055629619
302 340 8160859522429272832
302 341 8138132263994515061
302 342 1012212440687780265
302 343 4751506828223228175
302 344 1387025287291524203
302 345 6387143032890311336
302 346 4173949016625069703
302 347 16816225862726455
302 348 -5106249815122489278
302 349 3720295070170704080
302 350 -7642618035329009239
302 351 -6739952920714869654
302 352 5508783602905996759
302 353 6088377228003660927
302 354 9186310196747222628
302 355 -5122300862004463542
302 356 4793964441568427114
302 357 -4181184854478451447
302 358 8328580160657236850
302 359 8596863734261013667
302 360 -5620392672891476631
302 361 1818290017115506374
302 362 -8927437206616336455
302 363 -885792538070985917
302 364 8944335567620436777
302 365 225753421580931705
302 366 4315170413250611884
302 367 -6495456927833467257
302 368 3791760550232274085
302 369 -6581593617969481210
302 370 122529475305176102
302 371 -4137281628325478839
302 372 -2244880128384484766
302 373 862993447201203244
302 374 4170396815693726452
302 375 7116835014663176623
302 376 2657384959586805330
302 377 1281701328736886292
302 378 2389479270474137024
302 379 -7160756461195632267
302 380 3678991294696135484
302 381 -1878229616718410793
302 382 -5244313060329919906
302 383 -5972677977860524682
302 384 -3912363046792694787
302 385 387153185883243565
302 386 -1838816583985701223
302 387 7120666207372427963
302 388 -6727740383349570807
302 389 3470605123702422255
302 390 -3579891809656179166
302 391 -9078020539626551471
302 392 3215143735178622962
302 393 -2887733193992950099
302 394 1336450291945393551
302 395 7809359880506423054
302 396 3182255942867256858
302 397 3708735569876800035
302 398 156095001917933060
302 399 -7278027004338073003
303 0 8456407904586299125
303 1 -5288813309934832702
303 2 3283786545074483445
303 3 -9059934217709504615
303 4 4678494932331922184
303 5 1545350466567998217
303 6 8119045295282011165
303 7 5400263986682856975
303 8 2309192370769955838
303 9 7737687277163995199
303 10 -4259969514674575528
303 11 4608413221668865948
303 12 2368187763828035742
303 13 -8525627584106804926
303 14 -4810317704320181893
303 15 8527489462225060354
303 16 6870219764505874569
303 17 3764337607938253071
303 18 -7707394820115994487
303 19 3435049440729787004
303 20 -7270117901829568934
303 21 8506301534005895823
303 22 4206215511124529364
303 23 -6013000825823778208
303 24 -77744783568482193
303 25 1200164591061489781
303 26 6153964692707460405
303 27 -3766047205113463096
303 28 -6037070539603648188
303 29 104976460443375425
303 30 669666747370517985
303 31 1591466054438343628
303 32 9199816275033691469
303 33 2894427019467393873
303 34 2385867652827191481
303 35 5729780069013720263
303 36 1682054279790839807
303 37 -6989397808888706307
303 38 -3107290412220469416
303 39 9147225863034631397
303 40 8995030987203708170
303 41 -1057230197040815660
303 42 4075768711199678335
303 43 265385424867346877
303 44 -4020607345961408868
303 45 -2239419629364535800
303 46 3160426223639286597
303 47 -277405511390554636
303 48 -395236526718051557
303 49 1653948085372753118
303 50 -3641309518163019999
303 51 -8989581644606009336
303 52 5019328559466255937
303 53 2001149229101217342
303 54 -6865543738799311030
303 55 7031516013708468837
303 56 -6197625712135523688
303 57 4465772605361117394
303 58 -3410163883541193401
303 59 -915285801769275761
303 60 5391095184459164930
303 61 1662633673745766942
303 62 -1617649080080738325
303 63 5940485505096189830
303 64 4900126764510928818
303 65 7963557464844989847
303 66 417695919021081137
303 67 -8941694295179426651
303 68 -2563168995576598573
303 69 5712817229329847674
303 70 -7855515367247829213
303 71 -3184926557236360414
303 72 1556774790442012411
303 73 -7078556043262593132
303 74 -3458989789296959584
303 75 -6596614775290410676
303 76 -5978416608195563864
303 77 1084454639396329778
303 78 5961228227841972279
303 79 -5914597747384532524
303 80 8841882365503681581
303 81 8227335392939660350
303 82 1252685837221503548
303 83 631177108876952131
303 84 6429630589818153278
303 85 4125420707136758154
303 86 999876000526111100
303 87 -4841950788235644952
303 88 -5435833080144694554
303 89 8226634122587267274
303 90 -28046897330803502
303 91 3941732373660711136
303 92 -4331804183371698908
303 93 -3214426988407618837
303 94 8358786754936626750
303 95 -1614475757535672508
303 96 -515124068618060190
303 97 -2713196195998521831
303 98 -4896966139867501542
303 99 -708466180865601342
303 100 5624996417004985051
303 101 1127962089581968156
303 102 9045835202826491844
303 103 1920142740785900640
303 104 -4449331616978809170
303 105 4818520934567805525
303 106 -3121891707920563407
303 107 3390169985706901403
303 108 2792997348701296501
303 109 7342408086630609997
303 110 6840139840854783774
303 111 -8096672484715509882
303 112 6592942344516382103
303 113 -2646906949237052434
303 114 5088528496368039043
303 115 -4489327844042328289
303 116 -616375158135342045
303 117 -5610034580843673457
303 118 323279903774437492
303 119 -7570898165931427283
303 120 2462459049146197532
303 121 -3682393481772569894
303 122 5623540376253722033
303 123 8624400033834537186
303 124 678619750614919489
303 125 4102464797046552643
303 126 -275845341688306332
303 127 -3397203578432243512
303 128 2760028981192513649
303 129 -8375920235518528507
303 130 -7528631164299774873
303 131 -5032206180124168769
303 132 5224354870335075817
303 133 -5189614872739380725
303 134 2358633552645677186
303 135 6580741735348012803
303 136 -4319534477195790615
303 137 -363256658175293052
303 138 108897764666947406
303 139 5504176548914997618
303 140 -6074963136656964545
303 141 -7000592683991537702
303 142 2133620292786808696
303 143 4171559414112208719
303 144 -8161127282960522085
303 145 5081808810046048191
303 146 -4474704889136601424
303 147 -5329291180156125566
303 148 3227503127773675610
303 149 5512724174391347302
303 150 -759620411539852529
303 151 -3666156137877513610
303 152 -3180000855879997003
303 153 -1332639368700249902
303 154 -7694195959118054133
303 155 3539279897839646055
303 156 6587641755537876670
303 157 3120013552524882120
303 158 4163729166884821431
303 159 4137899708096282807
303 160 2935327882459681837
303 161 -3346213940904729316
303 162 5455283537904732715
303 163 2192834249647315132
303 164 85232920830840061
303 165 3549424287629315541
303 166 -6630868929735571760
303 167 5293891374094465872
303 168 6158032576590803268
303 169 4737484370595199468
303 170 -12625924874472315
303 171 -7294070610966148014
303 172 6211666217615498830
303 173 -1214006595008871562
303 174 3849219316403978737
303 175 310311449242991078
303 176 -3708257418571971851
303 177 -7598437414862433021
303 178 -8700585616073554661
303 179 -7361666731198266897
303 180 -5037464694014159557
303 181 -8782660923458758831
303 182 2752840193374008193
303 183 -6649882211628194305
303 184 -7244247141547334720
303 185 -4123009888957694037
303 186 -7895263690567359091
303 187 -2758537914787557801
303 188 -6084579451623209663
303 189 -1624523821219010
303 190 7875070654225600093
303 191 250658217033781580
303 192 -1584113287901843567
303 193 -6004460511355400941
303 194 6983822998040058112
303 195 5683250707050121827
303 196 8318344951560380885
303 197 -5678443381405408879
303 198 -7171851415809357828
303 199 -1713284570155998856
303 200 -7266753902664507024
303 201 -8241978386766715932
303 202 4744518091139693052
303 203 7231341787495477366
303 204 -3747741513176516589
303 205 -3810668917368432851
303 206 2797850701377557417
303 207 -9011412876538648980
303 208 -9219340543646381030
303 209 -2419013077421523317
303 210 -7376230433756146188
303 211 8408547847063547105
303 212 3786511698690387270
303 213 -9042618776466482273
303 214 -3338280069982168167
303 215 -4601496100301781533
303 216 4292117899997716026
303 217 -7994135627389250153
303 218 -1208320305383154893
303 219 -3478820779411002564
303 220 2732586508635629896
303 221 -198451757189851278
303 222 7664514074418033482
303 223 -5041875063678756111
303 224 2697144485292363740
303 225 -2577619559224417538
303 226 7380007503872798578
303 227 -4334545619502705693
303 228 -806691099941866978
303 229 2900852989479378605
303 230 7574252396688601934
303 231 -5336176720727545020
303 232 6906508299649695004
303 233 -4409149784293162996
303 234 -2084499974591132826
303 235 -6426438897455072677
303 236 4191403773043459439
303 237 -83923250342175862
303 238 -2657533823505243287
303 239 -5158975802972590923
303 240 8570906706343652455
303 241 219608641974506396
303 242 3973863624890887302
303 243 2274353623484290398
303 244 -2120022406573488698
303 245 -5649414943652771069
303 246 641253439174598352
303 247 5658770492587657156
303 248 -1147943768703247649
303 249 -8792541661816447247
303 250 -91135002288800528
303 251 -5176479323678161427
303 252 -2360031776066381601
303 253 2536775223712245505
303 254 -106563863519979582
303 255 969357024821628864
303 256 3294233655763645185
303 257 -5225547855490754867
303 258 7617215689407011779
303 259 239952052268323980
303 260 1363990820059498009
303 261 -1350688990637070605
303 262 382952842834790098
303 263 1211098654911474182
303 264 6041341980246252149
303 265 -7971201089335980931
303 266 6457808986425005964
303 267 -8769324639251660434
303 268 4606589315774168319
303 269 702148635260835346
303 270 -1884550043598739805
303 271 1407287865637319822
303 272 -6391870669006730906
303 273 2354605698049297697
303 274 -6796189473984135369
303 275 -8228752242818117009
303 276 6567829331336464514
303 277 -4923409989030715282
303 278 3348411800296997065
303 279 3043001946000200021
303 280 -5709709200662648337
303 281 -6673113800506666488
303 282 2633579281289944040
303 283 5077011099817746682
303 284 6615715528150479746
303 285 5364914506362609133
303 286 -379307456452188877
303 287 -8028899030532853296
303 288 -6176401452029866733
303 289 5347952516863970467
303 290 8163886024846331700
303 291 -7544518597439063987
303 292 -5265565061691906421
303 293 6136133003362972408
303 294 -2971486610014621391
303 295 -6262245107263625547
303 296 4959600415423756027
303 297 1805485631845961749
303 298 8607658623698990609
303 299 -7903777278017249528
303 300 -6071671315383162708
303 301 3580123549361144451
303 302 5353756910972816355
303 303 -8793628734655697479
303 304 -6967440909514167244
303 305 -7088669368451776547
303 306 9193128645794484806
303 307 -9078601052994230372
303 308 -7035698376783681455
303 309 6120721433981766757
303 310 -6213562051706995093
303 311 -4316818965389337090
303 312 5190556618166434286
303 313 1401606295620702538
303 314 5279730236684846383
303 315 -1188861583244889467
303 316 -949907107007646376
303 317 507804618356871118
303 318 -8241458724677589042
303 319 374030731702754515
303 320 -8728956233781607844
303 321 -6153681036211078586
303 322 5734626058671499009
303 323 -4754217602456610414
303 324 -8290387183662467252
303 325 6337520565955278574
303 326 5657816958053297101
303 327 -3201202304344751138
303 328 5072720644350528935
303 329 -5626381005955262976
303 330 2275866398534218850
303 331 1053093509214683468
303 332 2245273804016963020
303 333 -7049963277854957538
303 334 -5123482032726674805
303 335 8652235195549749764
303 336 -1864048082740644233
303 337 7926279617635195853
303 338 715647727011650128
303 339 3345890650086809316
303 340 7766906009653371003
303 341 113631930950655821
303 342 7550114299517526338
303 343 -6726671998698776899
303 344 7510203024915671344
303 345 -7765381937575712811
303 346 -3272621191488649333
303 347 5935656149695110264
303 348 6937196687407209349
303 349 8222735655983835755
303 350 -5117070412918802772
303 351 -5079820774118000446
303 352 927177993880218400
303 353 206520693264378907
303 354 -6012488455896068025
303 355 -6948928527651246412
303 356 4142076693311100488
303 357 9035700421227008422
303 358 -8957012981649469256
303 359 -4632774381093060092
303 360 -8462214022216279333
303 361 -4303062562903991143
303 362 6970588925024811046
303 363 -1438039838808475455
303 364 1447367052997148332
303 365 -484845495453620918
303 366 341961333998840488
303 367 -8134964419474284165
303 368 -95590521165613515
303 369 -6463318265341025835
303 370 -2029837176725993299
303 371 -6195655739178984864
303 372 767491068458640849
303 373 -4990736942719825899
303 374 8532197838908516030
303 375 378107152198741776
303 376 -2409179620078562016
303 377 -3269845651165940927
303 378 3200564620539141055
303 379 -2394317364703216272
303 380 7648582241560451442
303 381 -1959733203651347045
303 382 -8782466700219874054
303 383 -6402451996177851758
303 384 279905983570589666
303 385 -4867362696554893910
303 386 -4411872186930293106
303 387 -1843486864327419781
303 388 8052197957456488519
303 389 -12441269553119078
303 390 431888707107458036
303 391 5702418525075799593
303 392 3820087815648257947
303 393 -3284821698748892328
303 394 4828177620274454491
303 395 -3028570332616379770
303 396 2089200627306925084
303 397 -8008997486519280912
303 398 -8207771578474402140
303 399 -4348567502112051340
304 0 1507655535196534326
304 1 3567588345991807336
304 2 -2342571411340959769
304 3 2567921677718790499
304 4 1236381870588320865
304 5 -3016805935716837509
304 6 2887531199594926191
304 7 -4705099419193321300
304 8 3393807445174558361
304 9 4494797814342140086
304 10 5431315980408750604
304 11 -7505713601407168172
304 12 7012454857433865785
304 13 6867271004763600593
304 14 894896239069164211
304 15 3664552334610511138
304 16 3115662406907679614
304 17 -6018202487910139388
304 18 2548649578751054189
304 19 8890482117058892626
304 20 2455353441688066731
304 21 482951777952283932
304 22 -3511139469105042151
304 23 -5701922847557933923
304 24 4413134641605936111
304 25 5090142713177847669
304 26 4367828879776312076
304 27 -4414279036645493007
304 28 -3178630776589886956
304 29 5072981445690319162
304 30 -2699996839555409029
304 31 2565247643832933862
304 32 -8567386492028209552
304 33 -8079077011068282931
304 34 -262070929142998092
304 35 3860636918495750548
304 36 3361769143005175303
304 37 -936267094111886021
304 38 8253433122526219926
304 39 -5083727386235299850
304 40 -1582221732078101313
304 41 6460469256819821904
304 42 7183353285463760000
304 43 -5370119973435302836
304 44 -7345931622063969813
304 45 7751422356177660925
304 46 5458390698790481002
304 47 -1987977806362212741
304 48 4640499512405793220
304 49 -3993003968897585985
304 50 2431846248725526634
304 51 5910329911633491487
304 52 7852301739012442489
304 53 -1337726144576812623
304 54 6263952081990377421
304 55 -4626372253361651702
304 56 -7478468872822068210
304 57 3616315484744047663
304 58 -924763749456803010
304 59 -1135905963953954967
304 60 6763991026072604308
304 61 -5817479787025811247
304 62 -9215964919539045455
304 63 6236368116290294175
304 64 6114648470945560929
304 65 3924389678950342097
304 66 6640574097354698547
304 67 -8588311185066770539
304 68 230948198807833694
304 69 -193062159874775559
304 70 -5337313917308906528
304 71 -4656221709285475061
304 72 -9139731268562699599
304 73 7915767052556590366
304 74 1369338929459446066
304 75 1910626129150113599
304 76 -5656214612974445163
304 77 -2123841846555890162
304 78 6250629668614190645
304 79 888400413296176064
304 80 7999199538098566631
304 81 -5898305365244470449
304 82 6694755754325929426
304 83 6428489001191017086
304 84 956749078956859618
304 85 8913438308707449040
304 86 4549588779376203846
304 87 -1217066609751053307
304 88 -8482987153311117119
304 89 -7929738734289779849
304 90 456401343454981283
304 91 -7888618090766274074
304 92 3429670167851389867
304 93 -2685171223864715804
304 94 3882032319682938865
304 95 -7090930327747396921
304 96 897953153058740524
304 97 8226096325640690639
304 98 8404161055292090856
304 99 -3063342125573306063
304 100 8785003853024844774
304 101 -237365729619658225
304 102 -4620306768796902511
304 103 -4657075720824421668
304 104 -3693026503689741677
304 105 9149640109662002381
304 106 8441542860547885172
304 107 6048137087402937996
304 108 -2128385634518090197
304 109 1215957940112673375
304 110 4310768044589265554
304 111 5848489764585862539
304 112 -4836628816771291652
304 113 9095821394481018756
304 114 -4545925275801547973
304 115 -5265776700504830253
304 116 -4203352787005805711
304 117 1080960438331631568
304 118 -3580298462698770128
304 119 -2896088539859162627
304 120 7362799870277706939
304 121 4101502992328242846
304 122 174995908514437689
304 123 -7735157555808806018
304 124 -8022928092582753052
304 125 6680828926824517308
304 126 -4080411477387182272
304 127 2688581328618415271
304 128 9016378224692609473
304 129 -9037363034205475261
304 130 241552865379711983
304 131 4749542563550463811
304 132 1408624866214564765
304 133 1614888661073997149
304 134 5533548161070343489
304 135 1391715777262348020
304 136 811386263879753941
304 137 7170589123469317598
304 138 -2219836910684056921
304 139 -986876524510530990
304 140 -8970114189533769777
304 141 8853706809729348908
304 142 -1076366388805621932
304 143 4735517046446033840
304 144 -1672125669684919977
304 145 -883124789907815141
304 146 -2793941093974436498
304 147 -3242112260147177042
304 148 8949890552268031950
304 149 -6801016525852891534
304 150 4536528834404681055
304 151 -1602087498299797558
304 152 7807103433084972601
304 153 2415509739837559068
304 154 8143408187255225796
304 155 -3291666106134028027
304 156 6203057570114122466
304 157 -8662155478950286051
304 158 4021409692983748637
304 159 6813319455132841226
304 160 -3786938663719310647
304 161 -1335993331393155109
304 162 3633046758754278378
304 163 -5731835606795020389
304 164 -2192772399171440364
304 165 3633676488474278785
304 166 3658962632494842918
304 167 -8515561728819567172
304 168 -2561673032004357008
304 169 -6992522609327498808
304 170 -3293778198674850387
304 171 -6092318562803816720
304 172 -1182574371476124522
304 173 -2900976542167386877
304 174 971080937567656590
304 175 7428006146976033211
304 176 3251217341903420006
304 177 564975412732155343
304 178 -60301292706448550
304 179 2009226820172835876
304 180 -3841689848413735552
304 181 -5877908167476478927
304 182 668964067090104353
304 183 174039913936623843
304 184 -7065480490669048591
304 185 -318823430318772563
304 186 -5515527086640362352
304 187 -5022227639390627615
304 188 -5012996333425848145
304 189 7188323863906075225
304 190 -6922050178322288584
304 191 2517196735953807359
304 192 5577727529384017787
304 193 8814367205624301553
304 194 8083203005982786912
304 195 -3672219167809543619
304 196 -9132721213015535686
304 197 -2400877939678336160
304 198 -8359329243884063791
304 199 4078290270570925848
304 200 5022499984144136737
304 201 6364332366942748999
304 202 3410631994774110866
304 203 757316069507461277
304 204 548649318684315458
304 205 -1233290145118317716
304 206 -4307042069775845848
304 207 -1025557844789989255
304 208 -3900048746907727156
304 209 -6322909582862267421
304 210 -2485479171240826771
304 211 3347183988491559881
304 212 9056529818705048833
304 213 5691890856605143043
304 214 -3693931869543841271
304 215 3438790475820676682
304 216 -3360611823147970237
304 217 6248871410012949770
304 218 6960700592010896902
304 219 3167963132363767471
304 220 -2210324690322298108
304 221 -4654758890232039048
304 222 -7639135942330127693
304 223 -7184214231168961857
304 224 6392273322236109044
304 225 2876306560120594484
304 226 442946374691371902
304 227 -7820915576612075104
304 228 -8330423415436443589
304 229 -8931507930887644948
304 230 -5523141934227383963
304 231 -9105493934219237120
304 232 -8961119202237554878
304 233 7835662712446063946
304 234 -4409986138854504977
304 235 726413500435039511
304 236 -6307258473402716009
304 237 3080907717642876668
304 238 -3210135736279087986
304 239 207904656834160820
304 240 -1259017909631660925
304 241 -4109592011931912659
304 242 291784544150642158
304 243 -8808990923087648537
304 244 -599345532655728929
304 245 8550716215243293131
304 246 3199082213798040778
304 247 2794560478792467211
304 248 562470104909334291
304 249 234529044112685240
304 250 7883063587369447045
304 251 -8748583340208651895
304 252 2758813908403126620
304 253 -7367997037147333976
304 254 3453159817884007104
304 255 -7963354634647705265
304 256 7651184824959543314
304 257 7949837507000532706
304 258 4110680461902434824
304 259 -8711930550219115151
304 260 5971413070861439615
304 261 606377217733661858
304 262 -4261973881728093946
304 263 -7518291404386041306
304 264 -7967669150725931178
304 265 -2705256309246913573
304 266 5784430014897080970
304 267 1271544875293585028
304 268 -325337563668604057
304 269 6305561579052305665
304 270 -2465160106224778356
304 271 -8385320993184271724
304 272 -8268837191387862817
304 273 1421352698250020338
304 274 3426945462360252338
304 275 3688709640181396446
304 276 1983309217653665761
304 277 2046117944074436749
304 278 -5709090027331614108
304 279 6067025268495851393
304 280 2709872823757617760
304 281 7812512451237887475
304 282 2795491923341025054
304 283 -6371232944442555140
304 284 7055206171974148070
304 285 1072508038137195235
304 286 1646308145223189660
304 287 -7574257972200879526
304 288 284135084545608673
304 289 -8677868205932947821
304 290 -8278816008116943285
304 291 -8046061527177610434
304 292 -516811997085600974
304 293 -5670944614875559568
304 294 2657317188956465777
304 295 8187452920813247972
304 296 -2115819837334884037
304 297 -447179203612779438
304 298 -7533799474061796971
304 299 1394816976033641915
304 300 -6607902711829201872
304 301 6002463024995868863
304 302 -3520951934113956692
304 303 2647349697185988949
304 304 6803912530653125342
304 305 -780347953667724693
304 306 -223640944219054568
304 307 -5507817807612452728
304 308 4415930421973172064
304 309 -2189018229171320984
304 310 8626121498442454156
304 311 7246447466172708571
304 312 -686301229953976234
304 313 2955641415957276424
304 314 7181404918006838657
304 315 1353975611273222469
304 316 563468816646171909
304 317 8168124896946501621
304 318 120992274616874963
304 319 7599348813903581889
304 320 -1674031597533426044
304 321 -343516100276330014
304 322 -8252194701314182146
304 323 2103615851908253842
304 324 -2642618438639644520
304 325 -7937960992195030480
304 326 -7123560019155747646
304 327 5797566329557196925
304 328 -8804493004484287149
304 329 2142810269579553646
304 330 352229755399072629
304 331 -755733415075315214
304 332 1898674856246531248
304 333 5992609522025184929
304 334 7940552061750940019
304 335 8809041492957282712
304 336 2697996115912102874
304 337 -8153722122368382911
304 338 6148148670319679842
304 339 6084523039886093653
304 340 -5905656333332095886
304 341 7935489514846934495
304 342 1184928151482152600
304 343 -5744571291708068283
304 344 8562170520688630280
304 345 1400235499655226091
304 346 904681936606513257
304 347 2829015013235118900
304 348 -8459346223624225509
304 349 7986811258954081785
304 350 4119674369294968328
304 351 636795439707616265
304 352 -3223894005985006710
304 353 6936450020334024733
304 354 5626783382373377950
304 355 -4657113161634663342
304 356 5576121019027569816
304 357 -6785898197590020747
304 358 -5096167045923487219
304 359 7033631273028340100
304 360 -7055130491532110995
304 361 3414269844259714039
304 362 8587036750810407812
304 363 8824102988862674054
304 364 7518353981220191859
304 365 7754495487892777887
304 366 -9086880537692549608
304 367 -4541871527192515043
304 368 7075622529403116283
304 369 3531625650003191752
304 370 993826694549609545
304 371 3569048717624341914
304 372 -7341254046075072183
304 373 4131229333332955505
304 374 -3904350142786218769
304 375 -6649777830075527424
304 376 8893756130784211458
304 377 -2411495097602041466
304 378 4612111058994938745
304 379 2973492961337203368
304 380 -1770629898261884866
304 381 -3474356499283716702
304 382 -7310837671370871778
304 383 -5307527138661931467
304 384 -7299155254492147915
304 385 3827490815387208111
304 386 -5565149818733243547
304 387 -7263061283531111145
304 388 7559880954128807818
304 389 -899046173941406685
304 390 4544125824033920043
304 391 -9189999424594172042
304 392 -7157147557224036724
304 393 -5920668002899397295
304 394 -3940746861743568479
304 395 5152066084619051714
304 396 -3621652982030143991
304 397 -8964998479158783727
304 398 -8810305681208923572
304 399 -7445462024922632020
305 0 7567229227923729372
305 1 6780131962829740443
305 2 -3679788647636711518
305 3 -4861375401145680117
305 4 -9146652181365880486
305 5 4836181289105333378
305 6 -43042839070861913
305 7 -7632922954959388636
305 8 -4902408458543777214
305 9 -750922506791977401
305 10 8654205678666906584
305 11 -5005673991563816609
305 12 -5384177804765238706
305 13 411989185343392902
305 14 -4099672745346859847
305 15 1611785067805690530
305 16 6357505974905940188
305 17 -5625353015004091262
305 18 -4071582431828634463
305 19 -3549484674967293445
305 20 5758946619805867761
305 21 -7979056050063908237
305 22 -8752614821370118673
305 23 -1278217004791641342
305 24 -7904837592086580291
305 25 -3213117526802312572
305 26 -6346137640722453512
305 27 4281834970898959039
305 28 -2596041998910051153
305 29 4520284341123305712
305 30 276512821184562956
305 31 287665368052935471
305 32 -8003917701453440306
305 33 4476789610603905658
305 34 -7923353531405723268
305 35 -6844069112738975306
305 36 5797598129920135060
305 37 8096087509449708234
305 38 6185192285441318860
305 39 5014641986476511876
305 40 -491554819449062738
305 41 -8066458389951615624
305 42 -2261404169842268209
305 43 2632803230742711999
305 44 -8636607233179331361
305 45 1145466611442186555
305 46 2668789499040532992
305 47 -8505694609970421842
305 48 5548656283476219872
305 49 6460949931471016524
305 50 -5293072325711310308
305 51 351938709843183883
305 52 6774113004899111283
305 53 -5243476656343432447
305 54 -4530949288261225836
305 55 2140705428329557079
305 56 2541411354715396113
305 57 -1962922001340423100
305 58 -6056423184741609980
305 59 -8370084241785160905
305 60 9200591669701459645
305 61 -2380122103023636023
305 62 -5862395086096212913
305 63 8403770263427654405
305 64 5343309184975910120
305 65 -3428687878043381320
305 66 3110263054018589982
305 67 -4783880739944077622
305 68 2157794379838814142
305 69 -2355739846964144279
305 70 8837525812626399791
305 71 3290783740974013436
305 72 5016507577554597926
305 73 7098637121469751770
305 74 -305583932526468962
305 75 -7530087147511336200
305 76 7849338029824310885
305 77 4773893934303527293
305 78 22249633402657039
305 79 -842801189562027492
305 80 -178272048555146893
305 81 3965093415444858436
305 82 -6893539288667727601
305 83 -7974765937878144814
305 84 8000241151861262558
305 85 2167469839677933606
305 86 -1563952181446448273
305 87 4527207235084616341
305 88 -4966040178285767855
305 89 -349542048383749059
305 90 5500679074789297002
305 91 -5178380625703371314
305 92 1340564453871802753
305 93 -4531271694026940153
305 94 -1099327082742610468
305 95 -9137473563358392241
305 96 6799616213906485777
305 97 6365394304857268609
305 98 8963207301600032894
305 99 -5878971408344655855
305 100 -747742885931674474
305 101 2831800213043406982
305 102 -9143231918874761605
305 103 1870087704149419310
305 104 -2563292239091228324
305 105 4518319601022076269
305 106 -2696068747387422359
305 107 -7147160462650853483
305 108 2066834321994666453
305 109 -2626221625523468139
305 110 4310132246846256086
305 111 2622214218983592084
305 112 5979680933992859588
305 113 -1196488791027382693
305 114 -168496019535087037
305 115 -7886552127265830470
305 116 -4039489418595290220
305 117 3592682306739757963
305 118 -1750134600348052991
305 119 -3040832251626411311
305 120 2695091484478243995
305 121 -1114398218714124508
305 122 -1068332385571006571
305 123 5422637404043007720
305 124 6679397779770744219
305 125 -6352894676594954278
305 126 -914616987690335856
305 127 7100997631626336769
305 128 -1432739134586852519
305 129 2204430387743594872
305 130 -6200647298630486726
305 131 4580181169729597271
305 132 -499111537735815393
305 133 7019942960191097137
305 134 3989574973921966047
305 135 4438155110047837329
305 136 6090392799752632692
305 137 8328634361752981212
305 138 4495364924447045245
305 139 7609889664119295044
305 140 -3650396092222026814
305 141 -603291548773754094
305 142 5475363497878771019
305 143 3639092004623171009
305 144 -1968628432797456018
305 145 7652852087731732269
305 146 8159533482741445802
305 147 3310829926538453914
305 148 8858966677673923733
305 149 -8911746899272076684
305 150 -7257471535326084562
305 151 2815268003422951582
305 152 7040138104538703919
305 153 -6865725180676403137
305 154 5101043752966876440
305 155 -8968619313954372626
305 156 -2978645423637717643
305 157 2253030048358131385
305 158 8518606848992971571
305 159 -8985698179275517776
305 160 6665119359629075094
305 161 3903163479259926410
305 162 5668073669956181856
305 163 -6189487511106691763
305 164 -8728184353578398071
305 165 -1030565301894198727
305 166 -1730526668967433919
305 167 719744749564899212
305 168 -5014815303150496808
305 169 1534219396806778025
305 170 5992309074200230125
305 171 -6139390721776601896
305 172 -8571320503212630326
305 173 1186642072314130179
305 174 7781695069061785153
305 175 7284467898829727299
305 176 -7161078323256604115
305 177 8814905002275417854
305 178 -28823281857334442
305 179 5088307055782271671
305 180 1969297140367954262
305 181 1646674165106962142
305 182 -7724983380835024435
305 183 2388277101063364329
305 184 -4330790438576565663
305 185 -8122346533018549112
305 186 7392716478488163851
305 187 -3021415656144869272
305 188 4576145176907433543
305 189 3552258632910210046
305 190 3219287622086909627
305 191 -5905260129656452943
305 192 -6176308824710664916
305 193 -8808748182177906448
305 194 -354897774697954363
305 195 -5747278317935609832
305 196 3820735771648493269
305 197 7968827821909382381
305 198 7182075281404999034
305 199 1327913640829888620
305 200 -3072949874349149931
305 201 -6255496506650289000
305 202 -8003333939098451329
305 203 206820379603152221
305 204 -4005101919699835847
305 205 -329866302128148242
305 206 8626145510830857785
305 207 -6695786270422387559
305 208 -8547897362346282439
305 209 -8492149400486642953
305 210 -681273451182644251
305 211 -5521235931405960082
305 212 7410472009622570386
305 213 6831495123968471751
305 214 -9141636973410192982
305 215 5356413785267682194
305 216 3676076854792056638
305 217 1067538958241486931
305 218 -2922245350680477363
305 219 858872112728447504
305 220 -3019894380801710597
305 221 4278410528690666607
305 222 -2388871242583823251
305 223 -8808885285715941971
305 224 -954108343689944463
305 225 -6639324234870540284
305 226 -4834899771064953900
305 227 6020364899038183529
305 228 -1038251813541506023
305 229 7110184207408432175
305 230 -4491608117694027302
305 231 5815575960013908044
305 232 -4420504631327184904
305 233 -5864222133781916180
305 234 -2462802644979881218
305 235 388563036263220600
305 236 603701906140201562
305 237 -2078416254921113217
305 238 5470986845260075236
305 239 8919285894536479335
305 240 8930570792488715797
305 241 -1518912674730474896
305 242 -7171310088233544922
305 243 8754318503237825219
305 244 2104590987098165690
305 245 10888896071291304
305 246 -7553861856541055215
305 247 -1569668359216540629
305 248 6346934594955906112
305 249 7922886217996109343
305 250 -7892573127445783005
305 251 -2099582876988232870
305 252 3358086145255529853
305 253 6457218727651739588
305 254 2600158748549467947
305 255 6818633393037602139
305 256 8049616486397253891
305 257 -8277301707411263275
305 258 -9078789401463047772
305 259 7363629809479011911
305 260 -7295811951173983214
305 261 -1673832827051727255
305 262 -5617856205043592632
305 263 8378089055669209301
305 264 -9183524738373976005
305 265 281418175535748744
305 266 -5258118701991254249
305 267 4323582327040688431
305 268 762534542544693963
305 269 224518815551189001
305 270 5796418983826565104
305 271 1420214196245384099
305 272 -9092380981098567153
305 273 -7372924902769758937
305 274 1954202564076020534
305 275 -7543387532840429267
305 276 5734359450086864845
305 277 8039240624262569360
305 278 6291645384227673517
305 279 -7878877410717008423
305 280 7630344949157501690
305 281 -6914672997305163139
305 282 -4602537629987771546
305 283 5452688940307519678
305 284 457954817251679155
305 285 3687321098135890725
305 286 -7996626129906968336
305 287 -1241073290336485833
305 288 -5134459599011546139
305 289 8220759837321488937
305 290 -3455502661638183659
305 291 -8790795404468534082
305 292 -8749063604395819038
305 293 -5069375002512368653
305 294 -373694924159778532
305 295 8402875971225232574
305 296 6986849208013237635
305 297 -4006135709374436194
305 298 1585234479822620415
305 299 7628095487376297927
305 300 -2293830807536950905
305 301 3578883837721781303
305 302 6497688918128399988
305 303 -7130776270169849954
305 304 -78750657109389158
305 305 3805188556863854967
305 306 5477848911195987419
305 307 -7932628110492327116
305 308 -6719550320745331306
305 309 -5800263509459024465
305 310 -975094371235254139
305 311 93415622835823133
305 312 -4114030157681023706
305 313 -8265786973513758811
305 314 -3013520645616998354
305 315 8235041727068710961
305 316 -6310850169482393399
305 317 1540594991173453636
305 318 2893050032168842426
305 319 13349130790742657
305 320 8142808548453698088
305 321 5945349323015898412
305 322 7995437368308537416
305 323 1527359191826433812
305 324 8595396692603531450
305 325 -2993016180733856411
305 326 7895224396283654385
305 327 -1362536766535526165
305 328 2488795381557247799
305 329 731909644434190974
305 330 3626468028577151713
305 331 6684445800367367979
305 332 -5870727426705377680
305 333 8141032349886463419
305 334 5676315479982208483
305 335 -4190001279511169282
305 336 1456893252754947110
305 337 6044815152406532719
305 338 -5940212630104274365
305 339 -8527086820379016264
305 340 5128725397639708279
305 341 -2751177776185726604
305 342 5340313528344643970
305 343 3114262578664665846
305 344 488181078596088245
305 345 -1642410374492594977
305 346 3759212384696263011
305 347 7062880666694900459
305 348 -5867382019694944045
305 349 1913029296927179712
305 350 1586344502637528380
305 351 4538604170618127507
305 352 -2618854324020544160
305 353 503362069350395753
305 354 -8599600022913374997
305 355 -4865821939575423204
305 356 8222239705139345248
305 357 7009725277207000489
305 358 3542521337551448909
305 359 3247155428859859
305 360 -4471617171938639655
305 361 -2275076044324984189
305 362 -3405783230759830655
305 363 -5196350382120294726
305 364 -8247540868962898785
305 365 8347496956158323617
305 366 -4701577934413577120
305 367 -1631313699857889588
305 368 2249202083271642281
305 369 -7569016408088877431
305 370 -6955643777088035145
305 371 -2698948176288140370
305 372 7994594445535395545
305 373 -129855548550772145
305 374 -2922279970725681678
305 375 -5587668242710142745
305 376 -4682310661632927549
305 377 4032207894607145262
305 378 2060414408652927353
305 379 2730247384594011606
305 380 -1391655674080910765
305 381 -8521799128061054288
305 382 -1256292181357848862
305 383 4772493280968530272
305 384 1099874783906048807
305 385 -7069270124406061234
305 386 2687056061103458778
305 387 1152134543753805965
305 388 -4073255099110275624
305 389 -1164434465959722747
305 390 989220862733936081
305 391 -8846013817960051145
305 392 -7521266064838822214
305 393 -5420277465926633543
305 394 -5471315100665082073
305 395 -1828835597080425774
305 396 8743014004964486460
305 397 6431549159723795752
305 398 -5102565235158458810
305 399 -8991879487326103586
306 0 7872411074246139670
306 1 -9006979319926518499
306 2 3670348715421854813
306 3 3658226831478212052
306 4 -856623016934915543
306 5 497527988220547678
306 6 2902292067687226157
306 7 4228589234876436676
306 8 7644633296982441592
306 9 -7224349682081836165
306 10 -7283798958436945419
306 11 -224219593975200305
306 12 8941028934954920315
306 13 7226317077543195331
306 14 -2832111170780096991
306 15 -126599283684045210
306 16 -4185197243246764349
306 17 -6955800529537940226
306 18 -4851439740621606790
306 19 1890065672058953774
306 20 -3259789305703237981
306 21 -3250074132171164173
306 22 -5142475795571817908
306 23 2797177407923934688
306 24 7669266912657128809
306 25 8139416829009006945
306 26 5709729291094919896
306 27 -5610270273555982299
306 28 -1013072520596024750
306 29 -7130212465866115645
306 30 8290034340140365995
306 31 -7887269171583986892
306 32 3217798132940803493
306 33 3838239154195810751
306 34 -8413647005801972054
306 35 -612485884419522086
306 36 6296578547029675000
306 37 7402532539841889028
306 38 -2297093676297404161
306 39 -719828157019013081
306 40 -5325699216912801991
306 41 7683647784412004258
306 42 -7160910252524124231
306 43 6682131085096459910
306 44 4846180169970846879
306 45 -7616011121806704144
306 46 3445715599179910332
306 47 -1222552443420528622
306 48 8836961279994503078
306 49 7886240442442503257
306 50 5912445258595236936
306 51 -403873700308237146
306 52 -5541867129773719035
306 53 -2174951213131164056
306 54 -6641188629243535724
306 55 7436472714739334649
306 56 -4211996771842860014
306 57 1358819019705731254
306 58 -3862660791314855321
306 59 -5106877571875964958
306 60 -1982295067224550942
306 61 6208033779551737664
306 62 5558896784713672523
306 63 -7489475439209843069
306 64 -3175164441846863927
306 65 268090944509068538
306 66 6309871598814076876
306 67 -8530856640728008828
306 68 3169019370562267697
306 69 -4167823957991364975
306 70 -5090856486163744694
306 71 1486679741672087446
306 72 -3650878294171502920
306 73 -412427177675401189
306 74 4956339770341489229
306 75 4284179884509290708
306 76 5609411848891770352
306 77 -6019837438260119310
306 78 6328969583191730261
306 79 2009872332706671884
306 80 -4110213627003849133
306 81 -1685317860398974881
306 82 966153223615877359
306 83 -1625792744080064242
306 84 7662071775421941831
306 85 1422039336114744402
306 86 8401359417299747189
306 87 8919720190597178360
306 88 3345743042951145374
306 89 6866419947637168799
306 90 7029370613934985160
306 91 5723310818122100191
306 92 -265709651275157054
306 93 -1088087043510564009
306 94 2413216228747975031
306 95 -7423136197373751343
306 96 8571890645609686233
306 97 4299987681535591531
306 98 -8399464029099134630
306 99 -7206832468883781234
306 100 406849333485564721
306 101 6689051240341996857
306 102 -1200375592052720233
306 103 807871748320544683
306 104 7590521602062726533
306 105 -2853762610909965645
306 106 -747342755196823763
306 107 -3143219922348792517
306 108 -3524583695199465724
306 109 2801258655299656580
306 110 -7044660020008382307
306 111 2506247247938389598
306 112 3008292003439085892
306 113 -5931300169629608602
306 114 516278674983028428
306 115 3595508434037999222
306 116 -2697388757078375313
306 117 -1546349769939106379
306 118 4906258585118844386
306 119 -3415213767108655179
306 120 -5725542397108947497
306 121 8990388940317039761
306 122 3231803998040997714
306 123 4422045359674130755
306 124 4557143747308254013
306 125 -6228067749603681721
306 126 1564467063127453976
306 127 94355352344611825
306 128 -1390646436496459162
306 129 -355983108921850654
306 130 7975688760362500636
306 131 -6284939164387667286
306 132 1861160070805843194
306 133 -5689764372164354346
306 134 -5753872035350765494
306 135 2049249700673327057
306 136 -3129475978852669707
306 137 598275122685080572
306 138 2304399637743957104
306 139 3705998681268195714
306 140 4564199568020399246
306 141 -3435260556846326922
306 142 -6577864414748623379
306 143 -1121021317893024212
306 144 -4721061052956118905
306 145 6286411083868084088
306 146 2170883872383407708
306 147 5707587818172694369
306 148 -3025482928338741267
306 149 8535171592334171600
306 150 -634933829230457211
306 151 -5478647870070703449
306 152 5734843303126632279
306 153 6533161376101006135
306 154 -7231948469574923199
306 155 6708284791920741886
306 156 8364606582018710009
306 157 5206877445650938585
306 158 3565275012646061969
306 159 4522758447978611914
306 160 -1889266884650642190
306 161 735690353923075527
306 162 -2176825701389692747
306 163 8111287347456953299
306 164 -7785125934072276807
306 165 -4223960316319578941
306 166 4369436187649072702
306 167 -6481230000108182311
306 168 -1203046990869517024
306 169 -1485166197274955259
306 170 -4313593811922275593
306 171 5975903544787579332
306 172 7183047604023076778
306 173 -1162068354217327946
306 174 -5922255255600581244
306 175 6178705346492312305
306 176 7973513972535738566
306 177 -2276031890257742208
306 178 -5706843094425138796
306 179 -3506781308998853067
306 180 -6649772849247986026
306 181 -2367571777677388333
306 182 -5066922443057350893
306 183 4285848403205020322
306 184 -3646151576895492617
306 185 8552828493377412687
306 186 -3524453343542988043
306 187 -8575855023022387242
306 188 -1187568903702292215
306 189 6670415274843001880
306 190 -2574620206291779281
306 191 4384054188110889479
306 192 122381079749639421
306 193 -2785122995144144296
306 194 6785039924457724514
306 195 8389481524906317669
306 196 -1438397995287675969
306 197 6014650110398797540
306 198 -717118872354519687
306 199 -6192258422656896410
306 200 -4176969375806280552
306 201 5968819643268440954
306 202 -7060996409257968961
306 203 6628052618600454223
306 204 -7035758053035682544
306 205 8227763841001952985
306 206 2479993664146606498
306 207 -8459803324100370731
306 208 -4560122625628693202
306 209 3374169891134739694
306 210 -7846353369208666253
306 211 372735953905552208
306 212 -1684365117721919001
306 213 394058842100184600
306 214 7638923055860128000
306 215 -6172174758574555945
306 216 5169585082046959534
306 217 -6406690497841247683
306 218 1279262636767453294
306 219 -1642114750203451308
306 220 3666864880115219085
306 221 4045590896864243193
306 222 8137312018318111958
306 223 -6464899127364253322
306 224 -7261109910751274228
306 225 -3482517686033371493
306 226 -4989158942791187221
306 227 1694948773983689932
306 228 4783110898607463086
306 229 -2934342493041406689
306 230 -656274059248474120
306 231 -5347816352070743559
306 232 5186214912360576030
306 233 -5041215346191863946
306 234 -8055606894652095510
306 235 5973771614814929736
306 236 -7653362935844829893
306 237 4987685563502293360
306 238 -9117961689296369127
306 239 3597980218094277656
306 240 7560842999544178667
306 241 6570182762969234682
306 242 7751451565497150374
306 243 8376746379160136584
306 244 -2952214792781562368
306 245 8139691737175074826
306 246 2212569268937167154
306 247 -8154589441048144160
306 248 6016386212881486222
306 249 -1928338201746566328
306 250 -3726577889432694961
306 251 -6337995395578157992
306 252 3973528564855983547
306 253 3537640940834065892
306 254 1723152300582021170
306 255 6028451168745741174
306 256 -6056985503464912024
306 257 -4423688790863766027
306 258 7614183119602873499
306 259 -2462746594162342251
306 260 -1448569075981153001
306 261 3564857175242111479
306 262 1947789704946678664
306 263 5453618205928844789
306 264 2387587032773426091
306 265 -3162546214623918809
306 266 -5414249576112455497
306 267 -1804959944975709257
306 268 -2353762259174552993
306 269 -1898086959855764081
306 270 -7162173266282885021
306 271 1031921219411164239
306 272 -9189043472623476734
306 273 5954243658546591182
306 274 6353888678606045643
306 275 2187901989790500074
306 276 41962015015143634
306 277 7212254067163912820
306 278 -5721881736878659594
306 279 -8293993479405101802
306 280 -6158599807045668094
306 281 -7729268934387785346
306 282 4640616341954166918
306 283 4809498659224759845
306 284 -8215146992694743029
306 285 5505556667191723327
306 286 -1253303583619148558
306 287 745769532680356461
306 288 -3004885345515413963
306 289 5214602500296750073
306 290 -2858918019876129707
306 291 2256256586521840588
306 292 -7109952901387248934
306 293 -5884106372938564316
306 294 -6643030877940597887
306 295 -3353024922294595170
306 296 -3521002487065365261
306 297 -2872871079678623390
306 298 5668411534716336555
306 299 -6778482459367373666
306 300 -5609031133665492975
306 301 8969138728432324393
306 302 5776891280711811184
306 303 -7641669270744742955
306 304 -2712320551942542760
306 305 -5633096700403161674
306 306 -8010718536107164249
306 307 -3386718820734225760
306 308 -4772175795285127677
306 309 -112307486411191787
306 310 -6254589806833750127
306 311 3636901249613880736
306 312 -1733502413918284464
306 313 9182984514692019331
306 314 4024924040184901783
306 315 -6470961785524211691
306 316 5759182950641531763
306 317 6577051866937982233
306 318 -3992358035435216909
306 319 2805639265896252347
306 320 2885427446106076577
306 321 -8390323031643655864
306 322 -4059607009789986831
306 323 5033729917967088811
306 324 3413390571737266959
306 325 8286014234154925216
306 326 4052970960935749314
306 327 -3137877329203960474
306 328 4346332040770130741
306 329 5945661227882156808
306 330 -2164123015314415983
306 331 4792751736942678348
306 332 3716119145972015954
306 333 -6639443682049372166
306 334 5512131521072449864
306 335 7529523151827473777
306 336 6604868326894998420
306 337 7569325795368625337
306 338 -5042513959687089832
306 339 -2951011529624611019
306 340 -7171807685522147396
306 341 4974989020721133941
306 342 9026399159723383132
306 343 -21509147629222761
306 344 4764438327269449914
306 345 5711288398132606641
306 346 8081022952940304827
306 347 -6768665293485495517
306 348 6572037169903576267
306 349 -672915676790351187
306 350 -765111053270776060
306 351 -6982559511826611131
306 352 -8049852957528544755
306 353 -1807576380643617874
306 354 834096938611386213
306 355 -7311126417580763643
306 356 2691021051985167669
306 357 -1804599102741607046
306 358 -7089644493610060894
306 359 -4736806819982730662
306 360 -2845153198705451970
306 361 -2243275735654475304
306 362 -2307794143866544814
306 363 2790113585658887677
306 364 -114064968828271857
306 365 8053729104695931840
306 366 -93690008477502998
306 367 4110153498216385805
306 368 4474333558357544391
306 369 7668246675226958122
306 370 4856027719214084636
306 371 2611292718776855246
306 372 -1162508364103083269
306 373 1069106973812868853
306 374 -9034451343118263191
306 375 -6161143418247722538
306 376 -2752016828872989751
306 377 -1049263810399432667
306 378 -2524225269555878763
306 379 4488079937590835362
306 380 1497888645619168752
306 381 -7362689590227546659
306 382 -6763492563936935669
306 383 -8307641733556663910
306 384 4735540334706274817
306 385 6640089378669401478
306 386 7371800253041756887
306 387 6385192679707314861
306 388 -7123923125091415812
306 389 -3098912083636577413
306 390 -4020332459890981612
306 391 -6854479371481302759
306 392 5458612430952971382
306 393 -502389812072443272
306 394 8685482760494248751
306 395 6500994766213238198
306 396 6765968489860963754
306 397 3190144719155328702
306 398 -452216286816672997
306 399 -40647225429705788
307 0 4408498261279417416
307 1 -2375809882761375219
307 2 -6763065869517634263
307 3 3064679313989184380
307 4 -2209194064034379019
307 5 8515571172820582965
307 6 5447779719244764700
307 7 -3457097985073001310
307 8 -2887726543010958673
307 9 -7649717509376571292
307 10 -1005546132463353577
307 11 6246926093218889129
307 12 23014231297684899
307 13 -3146893853621405437
307 14 -568988015577323232
307 15 1295996662731582168
307 16 6311595221024926016
307 17 8982928675960552500
307 18 3843085206691145776
307 19 -4323345625171915952
307 20 -4126181844725968761
307 21 -400331064076433840
307 22 4057117757537559912
307 23 -743005040398124733
307 24 3504960990193918308
307 25 -4896340103577378660
307 26 -7395628684258414564
307 27 -7534334737089261015
307 28 7508346400190419117
307 29 -9038279223727200667
307 30 -4430086779920036260
307 31 -1575298237857466413
307 32 4323620947489840444
307 33 -6312862207491042300
307 34 7976738548298974894
307 35 2185115490183734410
307 36 -3063299633417305652
307 37 -3341006643259206349
307 38 -2021490704038295348
307 39 8319544783565049067
307 40 -1784823586048197274
307 41 6574492020516766291
307 42 6844931559127364490
307 43 3238338418529300385
307 44 7394924575517109356
307 45 -7227718404806486524
307 46 -5244706322581361281
307 47 4800693126408212516
307 48 -745919695734206285
307 49 -3661241637868862413
307 50 5027385384930000256
307 51 8999187456980098821
307 52 -4957611414752841979
307 53 3321482121088355572
307 54 6502774264909692926
307 55 -8498160388431426530
307 56 -528170833939903460
307 57 -3178726868394992245
307 58 8357809754112562626
307 59 1596372001134523404
307 60 -8601601333716497013
307 61 -1815519594958537433
307 62 -254953375227301469
307 63 -2385835878265398189
307 64 7074517623022660103
307 65 262599083565264062
307 66 -551304338701487830
307 67 -3353927086663730727
307 68 283422279057182077
307 69 -8762940629959131638
307 70 5191133214836696500
307 71 -2285486201603698400
307 72 -2382997701020241279
307 73 -6473215356977346058
307 74 6701573690937204840
307 75 -1896265432760850137
307 76 5263994042719100000
307 77 -2650185547778459906
307 78 7586059062538978162
307 79 -2207167450039848124
307 80 -2011359987176035413
307 81 -5924128196425317048
307 82 7910166525938027133
307 83 6495930489923710658
307 84 -7677174583996101583
307 85 1429234380777438488
307 86 -4078909166931185738
307 87 -4150397216299920624
307 88 273865446861961175
307 89 3436657494432438625
307 90 1235511349050720546
307 91 6707050019966637990
307 92 9186075339652614317
307 93 9159379525693130368
307 94 -4330242209514103388
307 95 7292575308075084082
307 96 2135779698907742547
307 97 -4222509126255616223
307 98 -6257653393024278367
307 99 -5393762510388333040
307 100 -1415439474244322476
307 101 -5129669337606856379
307 102 1007713144566157554
307 103 6287279566279908570
307 104 1867454118423569708
307 105 2505017617793772153
307 106 4394784522265906191
307 107 685626397326244538
307 108 -9012716971797050031
307 109 -3507293028237018330
307 110 905949259755670412
307 111 5266864918625795806
307 112 -4116874788156808325
307 113 -4314911178496443169
307 114 6117182939988820691
307 115 6909217575081363910
307 116 -5753309193426272647
307 117 -3423244452014319442
307 118 -2689047661748934190
307 119 8290794845607543648
307 120 -6675040095267019872
307 121 -2919241665454676183
307 122 4849000008596807312
307 123 -1781249945627333147
307 124 -7397489165327367263
307 125 8848022848647095645
307 126 -2602708005188588783
307 127 6698340398499781936
307 128 -8217424826594660806
307 129 -2002956917479730058
307 130 6838229165403275459
307 131 4202917883036183781
307 132 -5150057357110637021
307 133 5911528742758426309
307 134 7874983537621749980
307 135 1283603721260907719
307 136 -2818423525338015768
307 137 -1546113413783015009
307 138 -8854563876049231309
307 139 -7610744193259056346
307 140 698855806599647800
307 141 -6896976032596795654
307 142 8391923682558702601
307 143 4739496657027130644
307 144 7012746804193473063
307 145 -236020847902997351
307 146 141585903629724203
307 147 -9056645987611073826
307 148 -1784100949288705165
307 149 -2988045879591199645
307 150 6754018408740346056
307 151 -8272194913842637983
307 152 8408564172008652132
307 153 -582054636083614509
307 154 5806794106587553364
307 155 1756641309500997481
307 156 3720132743943837404
307 157 -8112413261486428499
307 158 -5576967347542246978
307 159 -4592478201329851562
307 160 -7951806401168926687
307 161 -5723886735008012368
307 162 -6954447814578974730
307 163 -2647159045696902138
307 164 7462477421701721647
307 165 1201901525406319725
307 166 -3487357147824575653
307 167 -2948860801308909455
307 168 3161543009778902310
307 169 3505411954148040547
307 170 -6829767940138261552
307 171 2504144745400281946
307 172 8633832376391450322
307 173 6072614191976896552
307 174 -7594318863145504121
307 175 8077527521676507966
307 176 -5001907738224600376
307 177 4842383994707924319
307 178 -2134805476580532369
307 179 -2628860854298761104
307 180 -9150888719206355043
307 181 -5490850849234416419
307 182 2312592118006714276
307 183 2361411301309605352
307 184 1350464046976530256
307 185 2392419048400276659
307 186 7634150147372836615
307 187 -4337359756519447853
307 188 -7400904737652516633
307 189 2874886693897802541
307 190 -1525857724999071788
307 191 -6858078135606650468
307 192 7320644078759554162
307 193 -1069732302990602990
307 194 -4879244564681266089
307 195 -8133375341169979570
307 196 7194113731575161317
307 197 -1005293104129997792
307 198 -5090673405992637451
307 199 9087204576873085355
307 200 6324832026937636841
307 201 6620570804593127144
307 202 8166002394282996430
307 203 -2369457809869368918
307 204 1986711906235267348
307 205 6540500814821459741
307 206 8450551841759035343
307 207 1542117923062306860
307 208 911987236149306452
307 209 7545629458092213421
307 210 -2317762444176950728
307 211 -1472954829396110344
307 212 -2415768884105298642
307 213 -7064267930763173284
307 214 -1470879703977615863
307 215 7716661979782387053
307 216 -3344770625327228824
307 217 6206179940878644731
307 218 3406777354755199535
307 219 1473080690189991713
307 220 -7874027271388954899
307 221 4572945948259588996
307 222 8161030169056492077
307 223 -1743120963868039907
307 224 -7270782412677685791
307 225 -367682152327177798
307 226 -5809723754573329575
307 227 -78006742212170413
307 228 402275156912351425
307 229 3964202148277373996
307 230 -1014976606770263602
307 231 -5861596529178345815
307 232 4958550381157360614
307 233 -3192941494075006300
307 234 -3536667567281923517
307 235 4351411502429805807
307 236 6619333307899008948
307 237 6556240346524009085
307 238 -7865027360165426363
307 239 8358272169991909709
307 240 -8983271228250030890
307 241 6542730791446075049
307 242 7018102049938910802
307 243 9138454911019016686
307 244 -5728408468309404728
307 245 6993510273480374434
307 246 -1188363573884270074
307 247 -607181225853635692
307 248 -7918774973442123105
307 249 1378583368296820026
307 250 6930866054808917264
307 251 9116831190582190513
307 252 -8565608974709502473
307 253 9043907492569731953
307 254 1143601042982402558
307 255 -6517864765166102624
307 256 8996707121891130734
307 257 5473594431034526874
307 258 -6347377913143739276
307 259 676109581527564960
307 260 -6224564904014664001
307 261 -8608705408275377055
307 262 5482777523563202450
307 263 -5316493149475936475
307 264 -4365873172441341223
307 265 -785218797045628185
307 266 3461190163021827959
307 267 -5939468663520363122
307 268 2174792111049608151
307 269 7940210250963703299
307 270 1869144689201175946
307 271 8930414165279191833
307 272 7383591560825161449
307 273 -3450215359821747876
307 274 -195597702418542266
307 275 -8077316009944439462
307 276 7421929220779233633
307 277 3761762969626227437
307 278 -6384953264514691519
307 279 5560439974602236006
307 280 -812761244590434135
307 281 5542124050609341940
307 282 8617808128021617151
307 283 8498677526028499149
307 284 1773408907647187086
307 285 -8007044488008956332
307 286 -5547221387748909986
307 287 -234946641357656595
307 288 -792201216731763329
307 289 -1104372545892131549
307 290 3393499368302499450
307 291 -6764440090944273277
307 292 -4782251733099500279
307 293 -5383461972046971000
307 294 -4108503917155341504
307 295 7875673063872401304
307 296 6751963327487125424
307 297 1838667373631501240
307 298 -3669864779177071331
307 299 99825591760248185
307 300 -6831995687246326650
307 301 -8596390707780721207
307 302 7308611608042624524
307 303 726674204300479063
307 304 -7709278524874869237
307 305 -2917035455388946149
307 306 6797413567706025692
307 307 -9128627773626958293
307 308 2924485249404997993
307 309 1594671636437929060
307 310 -45989434757979986
307 311 3606385367148925192
307 312 -4517233595584632050
307 313 1753177149083525782
307 314 -5551211431735080666
307 315 -6400930781554962182
307 316 8329730622454224697
307 317 -3661910110013397879
307 318 -447016891098029969
307 319 -5792595926848088538
307 320 2928603963393537758
307 321 -692877441436483223
307 322 -1035788790027354731
307 323 -3885551968329982452
307 324 8614755046376049502
307 325 -463970877965442788
307 326 2973924537637251646
307 327 -3396613146824525929
307 328 4435895631964647562
307 329 2105176684879718026
307 330 2006302015193212862
307 331 3369036419663754900
307 332 -1916337747702301930
307 333 -9003837140053951491
307 334 5718124893999587754
307 335 -6549435520728310055
307 336 2495338446267547907
307 337 6818476112538181625
307 338 -8996453193544006306
307 339 -3269306852829342156
307 340 1807838543123920824
307 341 -5170003107364580962
307 342 521838429662322436
307 343 4456216319886884359
307 344 7531565102485538623
307 345 8460622163108142756
307 346 -2914445551051099538
307 347 6836564382157221738
307 348 4294439187096539193
307 349 -8060534099026665416
307 350 4808956522356418474
307 351 -3002052242560643942
307 352 8432786330690878742
307 353 -6430248088310594323
307 354 3437454470924903557
307 355 -5673081607811257555
307 356 -2665888616156934496
307 357 6398614624699286358
307 358 3457498252647853004
307 359 -7583783533697321619
307 360 5719787292661759804
307 361 -8229925822544620445
307 362 -3841950648916241876
307 363 7242520555971404323
307 364 3757311693378784724
307 365 3735588058040221355
307 366 -3187057480779654473
307 367 -4321730505854332284
307 368 -6304755172688914365
307 369 -1372123492941093698
307 370 3098790908078540309
307 371 7181508522098101825
307 372 -1330608235733681603
307 373 6112483151478467138
307 374 -4570833640537279419
307 375 -4500434745704949887
307 376 4072709192410615701
307 377 -531117950796514966
307 378 5348117778941363101
307 379 2903503071582618257
307 380 -4643752601865745372
307 381 6713514082372667554
307 382 748468914308886196
307 383 -8945883226952272398
307 384 7579583436845582216
307 385 231354777978242882
307 386 1048559202852782928
307 387 7044733844119665111
307 388 -1318155753950645688
307 389 -8461510934223537517
307 390 8034189104671161528
307 391 2445159938161824032
307 392 8689003125608724220
307 393 -5427747093256489381
307 394 437296586575035471
307 395 4041629945640462241
307 396 4388155663379493411
307 397 -1692039741513248135
307 398 -5178280808241393087
307 399 3029012179729030250
308 0 7032868452433430868
308 1 2431326402119171556
308 2 467787746748036967
308 3 4437245815491641444
308 4 3508706250329467023
308 5 7364418436566226112
308 6 8125213577358619554
308 7 -5885923879706717049
308 8 3491828255439735404
308 9 4795850806647257507
308 10 -6483087101694240906
308 11 -2547779672597697729
308 12 4539194192890694356
308 13 -1473118641182021442
308 14 -6257116616405778794
308 15 -2883427212833000077
308 16 -6665629825012020119
308 17 7496590254211671158
308 18 -247508031778507916
308 19 -8073533460928178234
308 20 -3039646306380189831
308 21 -4563392737877285758
308 22 -3545253814252617474
308 23 5358025521023935840
308 24 7562407242668370886
308 25 1106018055109443
308 26 -3631009961906111048
308 27 7953841719090254880
308 28 3415299391708203862
308 29 -4890729005144940415
308 30 -5235975515751079089
308 31 299696275399318091
308 32 -6227995750944500581
308 33 -2894382741921609966
308 34 7436294779187110947
308 35 -7543165800725568919
308 36 3431182888332904580
308 37 -7683440479894388794
308 38 -5742806606077341100
308 39 7962051366554281437
308 40 4166899074154259390
308 41 915110048936230453
308 42 -7416475812893397924
308 43 3247609744409103582
308 44 -3230946146628047044
308 45 3983355639477966718
308 46 4103806288798417709
308 47 -8327254302121221070
308 48 -3045057378948697910
308 49 -6858915703273679576
308 50 -8812327620406049397
308 51 7009427974914658373
308 52 722429023005164818
308 53 2973726156165919475
308 54 -7135686667521715399
308 55 7003032631725658725
308 56 -1405664742096129299
308 57 -9079594911527093245
308 58 -1849972109580433785
308 59 3013371181970630527
308 60 8172818880060299660
308 61 8670508574437685876
308 62 -6111359020709440829
308 63 1541917878583605230
308 64 -1855733819440645014
308 65 -1554727392710786741
308 66 5607359041009605675
308 67 -2860706171957247066
308 68 -4577293277807984890
308 69 -1322158013117224301
308 70 1884900222915750189
308 71 -2812347874915761510
308 72 -3707837204902911821
308 73 -6029419862679021003
308 74 5453221478376857988
308 75 -8871795528793333159
308 76 2494718857063695017
308 77 8790755090417517083
308 78 3098567750348873694
308 79 2764849735821458374
308 80 -2044489364299718179
308 81 6860616917934324854
308 82 4247878528364141794
308 83 -4948493281117489221
308 84 -7318874860364826207
308 85 4899456653665536238
308 86 -2109655681009580559
308 87 5253645021303204070
308 88 -6844032752197979097
308 89 7790694268431229479
308 90 -2462466903238500182
308 91 -1493269874571424383
308 92 7436552131825025946
308 93 5402466113104809687
308 94 -4804021127897161544
308 95 -2352701648411686569
308 96 3163677954712209141
308 97 -1820378991698063666
308 98 9124683802860448300
308 99 -4940505878884384091
308 100 -3142710126320687442
308 101 3850290182563741031
308 102 2030496419212902770
308 103 4649870812389509368
308 104 -2207198333006636558
308 105 -3172763296378799921
308 106 2874673102845055480
308 107 -6968782528312685208
308 108 3773568198868473569
308 109 1798447770372639144
308 110 6843650354638997609
308 111 5780719437746113730
308 112 6897361501579365952
308 113 -5604886365301107580
308 114 -4849824351077718392
308 115 7839585260096209940
308 116 -844746308565992908
308 117 -5503890892478453915
308 118 2316487742949567089
308 119 4173753959031628802
308 120 -4253150372819910126
308 121 6441065059329290313
308 122 8535681521083461989
308 123 -4628992088976172708
308 124 6347003392155382253
308 125 -287815861532441414
308 126 8304921288489040315
308 127 -8391543873461600320
308 128 1338556164467701956
308 129 -2380114146832547649
308 130 -2601700595765493823
308 131 3797584862642919574
308 132 368258023369042772
308 133 4904532074455050087
308 134 -3398747000552665420
308 135 -1557662481549209857
308 136 4008328403828220054
308 137 3495297496590258973
308 138 -5429910832857945505
308 139 -2570239403024568448
308 140 -2209481413680381200
308 141 6619161594244658948
308 142 1918379085288570330
308 143 2787285938009939902
308 144 2775602931290783660
308 145 -7426836918763986603
308 146 -3130575535264967141
308 147 3373535805709726925
308 148 -9198668548763686656
308 149 -106702862403384656
308 150 -1611195657050707873
308 151 -4922375942794151490
308 152 -3955317057800168346
308 153 3646635856734736729
308 154 -6975126416314339153
308 155 -129380220413904046
308 156 -553574866103636906
308 157 7013360693091944820
308 158 7676863162370197387
308 159 -550131176618471440
308 160 -6726488982339075979
308 161 -2092030029760108294
308 162 -689303701743729777
308 163 5670917632987221955
308 164 9199387444406335174
308 165 2885516081275736974
308 166 -3987249447986870701
308 167 -8067721256965496132
308 168 8434286242361275678
308 169 -8957522279864657198
308 170 4652981230959732800
308 171 88814457555520366
308 172 5339488098356747132
308 173 -1158786965492797806
308 174 -8808456680022806801
308 175 -5487106579364701227
308 176 7503900327005315509
308 177 -508371792185792677
308 178 -9073557693898014257
308 179 -260882061402817865
308 180 -3570661562677553414
308 181 7292800886634277358
308 182 -7756117687208242237
308 183 785664723636937233
308 184 -2070157015540916806
308 185 4971124918927812751
308 186 4521626382080371142
308 187 6912978009011813913
308 188 -7647247308882802937
308 189 -4237918466254740117
308 190 1620221969804341464
308 191 -5214976655215041223
308 192 -3962132676479046418
308 193 -2456810398050793554
308 194 6998231126859411609
308 195 -4358050822986457927
308 196 -8576442926000500944
308 197 -307445575162531908
308 198 7582614162779350450
308 199 5700623811931471603
308 200 5314089941684835124
308 201 -7676989303629303724
308 202 -2047393928234610309
308 203 4504449230499934059
308 204 -7285596350001610308
308 205 119711670363202006
308 206 8445326083322731523
308 207 -2818617578520076357
308 208 2867787413401013848
308 209 -6708820991515686922
308 210 8740294857751750997
308 211 5442996648057240114
308 212 6650435653607835305
308 213 1920186717098357248
308 214 1136192832772727392
308 215 -7932944568968480442
308 216 4891493887414562427
308 217 9050757962473937045
308 218 3520321628390393190
308 219 -6828178248945267074
308 220 -8875634800519587320
308 221 -928544545419185303
308 222 -2614630251093147248
308 223 -7576052582685432184
308 224 -2969366921243853666
308 225 1034530925832235786
308 226 -7389093995498671015
308 227 -165416004272073883
308 228 3286738075227523522
308 229 977552879538241119
308 230 -6870318166592057887
308 231 681542256938726343
308 232 -3375649224107587105
308 233 2978103488176241663
308 234 8546424387006418876
308 235 -2289900058090203825
308 236 5611798084872081864
308 237 2726061215830970210
308 238 3200976712894340710
308 239 -559052586026591805
308 240 1272711283093598263
308 241 1669642684711541827
308 242 -6905564957977548615
308 243 -2018634026519179908
308 244 -6481095542876039656
308 245 -1375322283545819779
308 246 -2384778523396396464
308 247 18601643408263439
308 248 -1967839340066820302
308 249 -3513379334863448395
308 250 3203025831985305359
308 251 -619013444267243258
308 252 2487471673397257254
308 253 1975323066118948083
308 254 -4589790561251667522
308 255 -7637443460172864386
308 256 959477290423824919
308 257 7570638788961646517
308 258 7890607709875583729
308 259 -7290223201838204955
308 260 1559621475573857354
308 261 8067338824310786757
308 262 6696158751838309965
308 263 1125050104346254260
308 264 4721843372760791081
308 265 5836695598754652481
308 266 4195913198595569393
308 267 -7050485408501358448
308 268 -8623525498792570843
308 269 8074020611990727992
308 270 -8184643688681167060
308 271 -3010772021527657771
308 272 8576125531883616549
308 273 -6511593861671034600
308 274 3818428840625219909
308 275 -4168718374944527438
308 276 7768594625213361962
308 277 -7340400423033544142
308 278 -630275511438103629
308 279 -6341495654119191984
308 280 6311030700345859292
308 281 -8704830394392227034
308 282 1255805443591931169
308 283 7792506592695526599
308 284 -6496573287910046160
308 285 -3274166402106933010
308 286 -7034722751145334256
308 287 4480942273276810045
308 288 -3168219500106925759
308 289 815550814957909609
308 290 6567810746057681966
308 291 -5182278936573657816
308 292 -5205241490968784352
308 293 -8327465794643530207
308 294 -7272083807112272232
308 295 2401343019709434307
308 296 7715891620352438177
308 297 -2469376460397367689
308 298 8722159395814123822
308 299 -5532598828499235665
308 300 5930097761961763011
308 301 806057578738970412
308 302 7064937957777810216
308 303 -5950906037577588672
308 304 -6637941380871619126
308 305 -7725820399333274718
308 306 -1134922842395838036
308 307 6419811488245941625
308 308 -5174516326861775202
308 309 -5022880166662729850
308 310 -3092693269484098232
308 311 8855239738992607575
308 312 6639280605889294531
308 313 2564805564441155839
308 314 -8271478672069580061
308 315 -3379575905806993283
308 316 1228663920682111529
308 317 2177904764029295725
308 318 5678217335096707844
308 319 -8732228303603190236
308 320 3870757941294492595
308 321 7461034796267578832
308 322 -6868547148042028883
308 323 1401538429553915917
308 324 5999432514102136400
308 325 -2117006242221568343
308 326 -5954599674502551104
308 327 5848011027384885654
308 328 -4171218808860537515
308 329 5251776058742052575
308 330 -8352082937257338148
308 331 -8689193687688249850
308 332 -7543945015221947006
308 333 1666622762023731177
308 334 2342668416277320569
308 335 6952086904963530798
308 336 3214466853429106199
308 337 -9084289715275668480
308 338 -8212172955926549312
308 339 -967274006195696027
308 340 -3154361875281883085
308 341 8696116901341916917
308 342 -8336801978036403598
308 343 2161121643371432822
308 344 8983624835304117076
308 345 1852393062205085222
308 346 7555660507656001777
308 347 6321000389967726737
308 348 -8900638278228155902
308 349 -2763041029854336848
308 350 -7606956159510424682
308 351 -7940715766244019896
308 352 6223642812299126793
308 353 8556025473505086856
308 354 -8776561451662754164
308 355 -7087640223802723627
308 356 -2913151293243747674
308 357 2261025774719100167
308 358 -2161296473851801189
308 359 1575829630525542405
308 360 1605450538519438710
308 361 -5466074252459287452
308 362 8515334381148283261
308 363 1922603886236680056
308 364 -8372933636149702540
308 365 -455619902649598582
308 366 8328631004719631522
308 367 -3893632296179486943
308 368 -2626402051106967549
308 369 -4130456859978369934
308 370 5473368372092479402
308 371 -3557649502615684870
308 372 -5778673253882981303
308 373 -6760373744214905839
308 374 2226759638187800908
308 375 -7509643490231530970
308 376 -1112943423219278722
308 377 -3891711584820208484
308 378 4646197405209051193
308 379 3145306061251317208
308 380 8793962202877410384
308 381 -8960548414159735650
308 382 4067860916490595741
308 383 6544157443799341162
308 384 -6117285449612465091
308 385 2040881364374427998
308 386 -3317442773456205250
308 387 -36672231291318905
308 388 -4855036936194053413
308 389 4058648176431673666
308 390 -3333741095511676169
308 391 7824692448242216808
308 392 -4849548096374357395
308 393 -6803545913620950822
308 394 -7656783188704456023
308 395 -5608027620183614932
308 396 2161606698221065835
308 397 8479147832759676035
308 398 238147128132644883
308 399 -1552992983060109085
309 0 6579729523261779302
309 1 -3237199047916249217
309 2 4293191310100410791
309 3 -275374272884190971
309 4 4367146125700032141
309 5 -5191190751285376726
309 6 -7938920385736727718
309 7 -8695843258516348488
309 8 -1686148148163738099
309 9 -6437662643245529622
309 10 4550425040560282938
309 11 -2522600732393873458
309 12 -1330712986320781664
309 13 281120449302201267
309 14 -1880489851877614074
309 15 -8616382404587403328
309 16 -4979310213419855188
309 17 -4699504922417750367
309 18 8404896458110375915
309 19 -4815404301629842559
309 20 1403190296541707723
309 21 1250277119125456112
309 22 3656993971766483106
309 23 -8728089471794192808
309 24 -99258989416064345
309 25 3983973240252484368
309 26 -7959700610994908443
309 27 -846936760912009565
309 28 6833910884608808477
309 29 271306798580427146
309 30 -8674117845282404228
309 31 8192676360982627430
309 32 -9016084248595548846
309 33 6960180274777945881
309 34 -3391244347571194152
309 35 6572040560459256839
309 36 -8370696904641454419
309 37 -6585942123345028690
309 38 7675769558050404994
309 39 8478931873006260017
309 40 1055677260260985847
309 41 -1199909955835445212
309 42 -2021801215217571303
309 43 1959543261558112411
309 44 3377721846874840230
309 45 4339017130051131890
309 46 2931883948601238806
309 47 -5825568308524594315
309 48 3675205159904879622
309 49 8764651155378006926
309 50 7271279562481476699
309 51 2821347953382007693
309 52 6295913287220904142
309 53 -2789848173672594838
309 54 6638737189177957783
309 55 -8686569349168818365
309 56 -1703399899257690385
309 57 -7831215359795451052
309 58 8347187336440699517
309 59 5986787580501851991
309 60 8510215309774829026
309 61 -8184255378741009369
309 62 1191848679542360919
309 63 3842699108407014223
309 64 -8804121940204549655
309 65 4524398391499749800
309 66 2359442993648975112
309 67 -7252470370026662260
309 68 616455224678804084
309 69 -1254155876497458845
309 70 -6382097847574132760
309 71 4137531363843138581
309 72 3814713586527288625
309 73 2752745380394556523
309 74 -839331394625250092
309 75 3787751107006012699
309 76 -544872812644043966
309 77 4386563721322711695
309 78 -883204130931127806
309 79 1248164616300599812
309 80 -9059855136778911992
309 81 -7580059035947538505
309 82 6678838445593357565
309 83 -5559748428303933342
309 84 -9078967264744925227
309 85 1135386730910711348
309 86 -2616016990352880774
309 87 1618944051376034757
309 88 1753436135604069599
309 89 9068336454790890024
309 90 -7543153893186512732
309 91 8606376937690047368
309 92 -9030444882786714752
309 93 -2100674928438504902
309 94 6233680476617318745
309 95 6530148560222778579
309 96 -548558080666558112
309 97 6473728794978308780
309 98 2497181846458244268
309 99 -7920951124586687903
309 100 2136590769362259865
309 101 -4577524843015610705
309 102 2501355893648964233
309 103 2127070504867580428
309 104 -5050714031564371089
309 105 6435284107154426832
309 106 4422071055661949357
309 107 5942340741086554020
309 108 -4144862081985993146
309 109 8672936767267662244
309 110 -2570069389652299446
309 111 4820363898628117124
309 112 -8113888106545296619
309 113 1522782653830028474
309 114 4539513227046926084
309 115 2328571468458328918
309 116 -6677391461525830833
309 117 468804983615673962
309 118 -3412423596431504295
309 119 60458553320137698
309 120 4397587900258937294
309 121 -2633026262015756434
309 122 4178363350304520729
309 123 -2471299873125628614
309 124 1213046957734219750
309 125 -4825790135480906728
309 126 692344320290333040
309 127 2579005107412976526
309 128 -1940314918865879893
309 129 -6083722161799147487
309 130 -4820821153634093348
309 131 2226491843031654476
309 132 2755468324254115807
309 133 5889736453838245988
309 134 5613553259892416419
309 135 5539797399992570702
309 136 -9057703892047347700
309 137 3213042294960228550
309 138 -6809179566920827383
309 139 1242394882379234633
309 140 -3275017454580775302
309 141 -1343780796591597039
309 142 7733129958398951280
309 143 1278107549172991467
309 144 -8715187379233145213
309 145 -4975636491704065617
309 146 1906435990765770046
309 147 -6217113371188742012
309 148 -2150825788262557863
309 149 4299845968417487698
309 150 4280699707402608222
309 151 4251995825565360406
309 152 -3859016412746778916
309 153 -4751302553788366751
309 154 2322424628564576510
309 155 7660734389879992302
309 156 4354098397501759487
309 157 -1525589516492928955
309 158 -2723988155720012366
309 159 25795018259218103
309 160 -3324083148055164667
309 161 -6979086387870981306
309 162 2041187424292903166
309 163 5523997431208524249
309 164 -995039472579444757
309 165 -533779230282531891
309 166 -4180110676859557105
309 167 4419501179458596505
309 168 5620092038445575334
309 169 3913238490571410780
309 170 7519633200972238258
309 171 7042040779309311290
309 172 -4761264699647904081
309 173 4721685039933458900
309 174 -3077994911661057217
309 175 5583007689267783292
309 176 1386456381940411107
309 177 4020601235748575509
309 178 -8251764108900652271
309 179 5040666139843343322
309 180 6735765361143536220
309 181 -5515112631512777536
309 182 4895266459656627883
309 183 5072742425252933577
309 184 -6447596716621901030
309 185 -4101321425605562754
309 186 -8004312833757527210
309 187 -6102390569979434685
309 188 7276159718579197794
309 189 3195161375418559650
309 190 -3611822383920511039
309 191 780047817432343500
309 192 -6947765924974168833
309 193 -2069536397180922849
309 194 4011280021555143749
309 195 2001186994301765323
309 196 5082956503135181214
309 197 8085503140563997542
309 198 -2823712099001486069
309 199 2302513921851256974
309 200 5760196229172672037
309 201 -1648320450228460733
309 202 5117063743539327972
309 203 7879218968416896950
309 204 18651340010182208
309 205 -6110336005675338905
309 206 8156399573662179204
309 207 -6420389307671216737
309 208 -7545858532695427181
309 209 -7403821458088670481
309 210 -5791950580115038979
309 211 -7826976289564693470
309 212 -5290256247791333019
309 213 9065557731275834480
309 214 -7817669328676134336
309 215 -3375126660761602853
309 216 8811603859773298491
309 217 5840950537059422050
309 218 4620964207643523758
309 219 -1675543663511853977
309 220 -6002000286205909567
309 221 -5056189808927129109
309 222 3289400067603782738
309 223 5098273430862219520
309 224 6841205500170272668
309 225 -2539086368472111530
309 226 17423398783781600
309 227 1141618822921464060
309 228 -3843450603163892256
309 229 1302470664465484330
309 230 -931427360054658317
309 231 2780757508148827990
309 232 -7632608602230208792
309 233 -4994940583148190174
309 234 527552781498125951
309 235 -4478459765371194535
309 236 5327867291027923204
309 237 -7627488057608078454
309 238 1124235243753906009
309 239 7727592599677651397
309 240 -2532912119043306688
309 241 -5445223084315970313
309 242 8164735022274327502
309 243 6724399902064647236
309 244 -6826708483686597802
309 245 1274780893635064334
309 246 -5626126194612181349
309 247 -4050947985614081174
309 248 9049722550320580156
309 249 9103996010510440819
309 250 3927204865523250010
309 251 1813220476622626454
309 252 -8318420219781044380
309 253 7455264838402851983
309 254 3398773674922752980
309 255 -1180792395926488328
309 256 -7780613100256491762
309 257 3110585944998187284
309 258 651968911276752982
309 259 -8445615570841833014
309 260 -4323211395484818316
309 261 -7177418357970319864
309 262 5844656277165616076
309 263 -5906124932287827208
309 264 -1426648511385635378
309 265 4046733876332306786
309 266 -2222953642104262922
309 267 1946029019591099180
309 268 -6695200066849774408
309 269 477150624259702172
309 270 7592596647967458586
309 271 719460360371206769
309 272 -2475569049647935608
309 273 70815734029926821
309 274 -3279248022549353665
309 275 1528312308825000766
309 276 6593895492193477007
309 277 -7003721184190053743
309 278 -8521223087205891984
309 279 -2538236185569267487
309 280 -1461950615828138300
309 281 9141771098779438012
309 282 8701606938897569434
309 283 6448681525625451930
309 284 -1865024886337317901
309 285 -6900370457308414544
309 286 6423447562283681612
309 287 5239129813909909772
309 288 4463542631085683402
309 289 245256782294104456
309 290 -5464527810904561040
309 291 -4652474599680617151
309 292 -6941486682563474456
309 293 -2803340157537859206
309 294 -8283857270537908771
309 295 8540387587490332186
309 296 1287256065292610610
309 297 3720514174601891666
309 298 -5879784466122524773
309 299 3569033260795167573
309 300 -4831232755552911242
309 301 7177767624084806597
309 302 2242301254461863125
309 303 -8036162075894646537
309 304 -2876337416063114298
309 305 -5823990846182576669
309 306 456750272949942074
309 307 3599815966102067290
309 308 3277727248439681790
309 309 3446298314543028654
309 310 -6818543555409105653
309 311 7544422346285740773
309 312 -6003364699522603257
309 313 -3568491414536712380
309 314 3782490376122795009
309 315 3961696320883194584
309 316 495291287485284006
309 317 -8364924321136603509
309 318 2150558408102567948
309 319 -2821668880260625875
309 320 1343804933489777348
309 321 5313902933612916967
309 322 8081140506049793238
309 323 -8277087634479576608
309 324 5989117477274902015
309 325 5664307761846736821
309 326 -7241833172657986432
309 327 -6774340366353700347
309 328 -480596204472228431
309 329 3260842706076262250
309 330 -1262786836900900593
309 331 5619921573523850191
309 332 2212930258352798858
309 333 -4176937811278629891
309 334 -4744066452529375594
309 335 9114892948952479794
309 336 2299095950089209336
309 337 -3777998805544064225
309 338 89206971968928249
309 339 -5123287170658409355
309 340 -5410413518862285163
309 341 1291669775714824531
309 342 2585679691775906992
309 343 2359156792234175925
309 344 -1406356278962885178
309 345 6018376328148225153
309 346 6454347466525284419
309 347 -4083551306588472747
309 348 6668561319612521555
309 349 8971810526429454069
309 350 2614584090221612640
309 351 9210163629183225203
309 352 -2743813112252218823
309 353 3236627537764140993
309 354 73749402635451311
309 355 -8789114455392573047
309 356 -9103657377817062295
309 357 677850468716667751
309 358 6886423711696139966
309 359 3636478908476321432
309 360 2492482636653218688
309 361 9090231276034614017
309 362 -839061074083851112
309 363 -2315126428280167585
309 364 -8273715479279973776
309 365 4810358117514563759
309 366 -8809453029295478703
309 367 1159347662145739882
309 368 -2122339625855479733
309 369 8904817292627862384
309 370 -15677334441911690
309 371 -7737368784164408449
309 372 7814851147414120224
309 373 7529392461588712522
309 374 -2739473401917204526
309 375 -5683774892466109177
309 376 -9000623302495853353
309 377 -4699486189867294801
309 378 4517262575165798701
309 379 4768470663008489778
309 380 7077381817246870244
309 381 6342838726163136896
309 382 -5664429210829808252
309 383 -9091972021944167662
309 384 -3693067584575130189
309 385 5217893417610391424
309 386 8770214597940297303
309 387 8916251032120101086
309 388 -572724861608818979
309 389 6331743788118743840
309 390 -1028194760984072355
309 391 -6648744764547442627
309 392 1863256250970243944
309 393 -6896405229685625881
309 394 4281700042555518162
309 395 -8434354737738327530
309 396 -5578423265224086185
309 397 669200829573507439
309 398 6778105275388549738
309 399 796714164651062021
310 0 -3458282892929000003
310 1 -5489889203795366443
310 2 5982836300177024794
310 3 2041874708914204834
310 4 -6165918385590930337
310 5 -1914523063862622339
310 6 -8086133003535963852
310 7 -4077969552299323628
310 8 8939157744008111137
310 9 4201843493662183232
310 10 7416181058340771747
310 11 2893358938104170719
310 12 4537459547840200633
310 13 901852766496222184
310 14 -2944811331550907373
310 15 -4318891841525351060
310 16 2501839001855196430
310 17 777273295931502528
310 18 875309138183208839
310 19 -2346967772046637005
310 20 -295782306886950524
310 21 8882903042517441164
310 22 8811979328889314252
310 23 -404994539387157686
310 24 -5484207031226008065
310 25 4811410211152264775
310 26 3038484952327281654
310 27 -805530794248588995
310 28 7446401651983341161
310 29 4837653233856938111
310 30 -3293357673156062019
310 31 5254200945695822228
310 32 -1702330134670718688
310 33 7140290282592347198
310 34 7072968975058305352
310 35 8380735516280836076
310 36 3212919393940297954
310 37 -7396907624435516315
310 38 7720945579536208610
310 39 8924614296631461359
310 40 -5191037241005448447
310 41 -2019904630712617505
310 42 -3197020055558082300
310 43 -539516661293990200
310 44 1063855519439540217
310 45 -4047183146465865750
310 46 8361426604608886971
310 47 -5032339126700601711
310 48 1339371670633410481
310 49 -2341179021285645248
310 50 -6641367479520551984
310 51 -2050644022257797467
310 52 5489384357864846442
310 53 8621251073994835322
310 54 -613460577513902552
310 55 4494808279658036917
310 56 -1235794909364033733
310 57 798086589408091891
310 58 -7273793816692495610
310 59 -6557948740058031131
310 60 7385215456087100196
310 61 -3741898214177232608
310 62 -2838986601594601620
310 63 2466920680176638714
310 64 -968733278026529327
310 65 2284279372818663407
310 66 -8237039762214716023
310 67 -8203288912710579288
310 68 -3662592127408772310
310 69 -2033383778293373014
310 70 3198881060318265705
310 71 -7767670482330930979
310 72 -1330251388237902759
310 73 5120443759399475975
310 74 -3938899182937681385
310 75 9166283400792629956
310 76 3306445550970012812
310 77 -7650049234598785072
310 78 9015808238501348127
310 79 5086262885518237216
310 80 1460369127751149887
310 81 4985601686786184393
310 82 -267491230262277428
310 83 -3650450190770867962
310 84 -7682850623649492325
310 85 2997882356799525866
310 86 -2454258211371094046
310 87 -2943772573941766152
310 88 9141068101054385827
310 89 4909943849317188489
310 90 3677515140397404088
310 91 39897657387086739
310 92 -3103089184240610636
310 93 -3183314131040549559
310 94 4827478729153621822
310 95 2106872329191829497
310 96 2159156751574242980
310 97 -214947994989832156
310 98 5247033796976304217
310 99 1324393547422560098
310 100 4837710674023462615
310 101 -1421469157646234850
310 102 9171033546639081967
310 103 2872582576565355815
310 104 -3605311570940108843
310 105 4470137802039812350
310 106 -6530630316538577302
310 107 7331130377457585121
310 108 1886162510851010377
310 109 -2739647129472644995
310 110 -8742442788275905727
310 111 -5861590885662355965
310 112 1448486391399568937
310 113 7198424801805808517
310 114 -8270259481911951619
310 115 4803708030903289013
310 116 8408328893397376767
310 117 -6642902645225891397
310 118 4935888572437227969
310 119 -2743334051514910480
310 120 -5326862922873045037
310 121 -626765840365796164
310 122 -2103233406542361029
310 123 -5770976637040748586
310 124 -2207933073668575249
310 125 625748674321014937
310 126 -6590788442808272784
310 127 6899278887650715822
310 128 -7008335276106065076
310 129 -8023196597739506232
310 130 -5273837919785129834
310 131 7404392414875262622
310 132 1190615652592465451
310 133 5744522444189777860
310 134 6819255478749651394
310 135 -3534997404757328069
310 136 -2944480435067766782
310 137 7505707668585542777
310 138 3925584272629204640
310 139 -6677150579113453849
310 140 5708904660737731362
310 141 3634241462426928302
310 142 -5767156700402098756
310 143 -5898288938527799274
310 144 601359573491244981
310 145 403328305085931230
310 146 6601816297360790391
310 147 1224559407371973014
310 148 5110948732503894215
310 149 8036095815038636172
310 150 -1221551429829632991
310 151 2287218451639083612
310 152 7325444998652950031
310 153 -7122252866225260461
310 154 8210628831216774466
310 155 -1638435793503429360
310 156 2037819164547262619
310 157 2170751147325546861
310 158 -430341154803097039
310 159 3222512984089319092
310 160 5568068695868108879
310 161 -836213501738672639
310 162 -8917516313864844560
310 163 4080080284028290534
310 164 -3275431732094120336
310 165 1922501247987751018
310 166 7688975819351020908
310 167 -6528166360662578453
310 168 -7147734564944721036
310 169 -4725968846232760887
310 170 2168432055228929268
310 171 3120377050585109313
310 172 8107650293111441827
310 173 -5892361460915645004
310 174 -6676759475886868301
310 175 -1180455560090580105
310 176 -5984448666513551061
310 177 5681012995590977687
310 178 -3159728648882055188
310 179 1099175389781929441
310 180 1200144544371775538
310 181 823828005147866893
310 182 1930578984117439326
310 183 -3846656826596204824
310 184 -8738441329548381991
310 185 -5966983224948055122
310 186 8342848251635552164
310 187 6810239454133272890
310 188 6460380497567326202
310 189 -641723462933715628
310 190 -7875736615571656626
310 191 -4711377712302835261
310 192 -8761909941853394489
310 193 -3603504046830528813
310 194 -41278555795264534
310 195 -1035148041769848722
310 196 -5574934064317946769
310 197 -4397997150287620873
310 198 4732670541616425349
310 199 -3488070568528017045
310 200 -8763056099207305943
310 201 -2636962493171587915
310 202 -9208248323430770983
310 203 5578503048527586865
310 204 -821544983310436970
310 205 -9105437697839772735
310 206 7757992252590308548
310 207 -320293672863774578
310 208 -720073836317963627
310 209 -4989675603461683342
310 210 -8921397117016018281
310 211 7336312487397382228
310 212 6027904102967827259
310 213 -2427654655982636446
310 214 -3726887778108647635
310 215 3475382944300705754
310 216 -1551801610915751405
310 217 -2047629466282297128
310 218 -1787679437306676830
310 219 6612482956189083778
310 220 2132869552564861689
310 221 3208108890106320360
310 222 -4011632134568242839
310 223 -2848796347804932556
310 224 -1607176426393694253
310 225 -8754346467546998165
310 226 6089212563815745939
310 227 -3752820213881669206
310 228 -3343394823744892347
310 229 -8836570922430726558
310 230 -5556518007911843578
310 231 5721417133637711405
310 232 4507751512315641874
310 233 6230558818427344953
310 234 -8051870707073722161
310 235 4530967382488937735
310 236 6386547818225489818
310 237 6882000609613080781
310 238 -7675327277837173146
310 239 1069477046490845541
310 240 7331340914397944667
310 241 -5033451258931443582
310 242 -7846680660895665855
310 243 2880402339673384954
310 244 5569059761139156227
310 245 -6551609752561678971
310 246 -3933278158515305656
310 247 3624985700763077838
310 248 2034187143766229457
310 249 -1489736420712526232
310 250 706131040606812995
310 251 -8236589276916515057
310 252 4220421922100737608
310 253 -7414097398309363738
310 254 -8781715369184475510
310 255 -5127880544353333386
310 256 7615105705814843810
310 257 2374934763768175878
310 258 5213558452047821642
310 259 -2242186766544066646
310 260 -1904596451249462569
310 261 -2099964763388987111
310 262 -5948474552212013060
310 263 -1404138764238516512
310 264 2999967425284780504
310 265 7979865812379939445
310 266 -3618752121157566158
310 267 8074651865417580808
310 268 -8405819054165110408
310 269 2631715801466710387
310 270 -280844254520925872
310 271 -1423178444647257786
310 272 2760225349024340844
310 273 -7312627169523555080
310 274 -8600591452899625067
310 275 -3110706933693081843
310 276 1838085039799383759
310 277 -8402198498598645461
310 278 -2719531448673941591
310 279 3076249140354677710
310 280 -4267823455585961398
310 281 -6513161555455790838
310 282 1083261110678662218
310 283 -6084937438233999207
310 284 -103614819183062493
310 285 3319381612989689859
310 286 2116741116962687570
310 287 -8904150111957290087
310 288 -9035905467245160443
310 289 -8746455053354096733
310 290 7485308627481299894
310 291 292568807544923785
310 292 5392119182037490975
310 293 3741464684816704945
310 294 -2101959710580947262
310 295 707558541735993726
310 296 1264842913244117534
310 297 -7905231486665162344
310 298 -8235526073367580212
310 299 3931793880467223972
310 300 -4058160397943310547
310 301 5926429369959921190
310 302 -920786018663070240
310 303 8810879249803261680
310 304 -8460739137926217991
310 305 9184391812148253382
310 306 -7422313732355184461
310 307 -3998328469441717180
310 308 -6511472975822550205
310 309 8685365108560125992
310 310 6434677091092810123
310 311 8087221365453697426
310 312 -2497424184740889802
310 313 -5362611920826054162
310 314 -1868065151793743761
310 315 3331601097883961809
310 316 2233186266869962496
310 317 2794117753871065283
310 318 -6638386345947518624
310 319 -1215984050195235967
310 320 8583147303012725834
310 321 -5651071515312433288
310 322 -5117777578757110628
310 323 -7118457577324349005
310 324 -4392450833176636747
310 325 8725240111894914739
310 326 -3557094427428935587
310 327 -3382643684967150208
310 328 -1051546882014862177
310 329 3441331774172500992
310 330 -3210041849741756165
310 331 -4553640162634556087
310 332 -7885660026949593322
310 333 -1382451181017891934
310 334 8995353787282431917
310 335 -8214979126818047723
310 336 -2860788705379538834
310 337 3892519124867345026
310 338 3974281214805985026
310 339 7715119612542001617
310 340 972105500456781654
310 341 -5773868425944145458
310 342 8736490911731486825
310 343 6395368948593703294
310 344 7219449600787687105
310 345 507735471983096213
310 346 -9002964811580048490
310 347 -8955570568973439996
310 348 5857983524389551273
310 349 7875326160265165435
310 350 -7381242663203304879
310 351 7967594504164683483
310 352 -4287648976840857271
310 353 -2441823924733994054
310 354 -169065139975866609
310 355 4543183922475555336
310 356 -3657620985897973068
310 357 -3400016532289391635
310 358 6045008671339145658
310 359 -7052635097366908974
310 360 5632244652572988024
310 361 -5144518255000509552
310 362 -772683624097828032
310 363 7326857695258956372
310 364 -8842224535285707751
310 365 -7546239227647814327
310 366 -7592537264613835896
310 367 -1593409646670199627
310 368 3558580841515904001
310 369 8662598776265293390
310 370 -6732065571829789833
310 371 -3223161257904875115
310 372 1445465011220608362
310 373 3755764343593504556
310 374 -3360776095804881837
310 375 1925013799338249800
310 376 -7124057436898761749
310 377 -7171856161956108438
310 378 7448461609909639433
310 379 6763546129945143769
310 380 -7077838628795719935
310 381 -2891538397612175893
310 382 -6406449776086492258
310 383 -7642570257601693272
310 384 -1962176673629063933
310 385 6934517035072091875
310 386 -3269436342827630394
310 387 -8658916923848949719
310 388 7594833483648298521
310 389 -5139901282520655784
310 390 -9176599358513804080
310 391 -4105555718386034029
310 392 -4402929381352204936
310 393 -5228657178119001206
310 394 -404599174622590889
310 395 5098107163560912813
310 396 -476291246312857696
310 397 1569397768804439717
310 398 4723046091521012208
310 399 -5497094508773686376
311 0 -4972035259530332824
311 1 -254661018609264859
311 2 -7811275726848234833
311 3 -219924815720700040
311 4 5722948204095197433
311 5 4271173577065500323
311 6 6954754728130490075
311 7 2122118651002732412
311 8 -8598758161160122495
311 9 1835813593540825916
311 10 8467911221906726535
311 11 8261939178113387279
311 12 -4369912178030579393
311 13 3595297425701337633
311 14 5690616542206210542
311 15 -9068295707101201307
311 16 -8397763461778092021
311 17 8274625951266948446
311 18 6952147459459128986
311 19 6374466775100100766
311 20 -2348442449380265710
311 21 3289657094668454577
311 22 -6678284557263126864
311 23 -8616101535885337185
311 24 -3612528128935276491
311 25 -3468594251200633593
311 26 -6422061871088105483
311 27 -2571931020477663723
311 28 403682885921962693
311 29 -535056949889034298
311 30 -9217012716690101738
311 31 -1148672060003054753
311 32 8896348392678505982
311 33 -3459025287909763165
311 34 -2680385427974625447
311 35 -6709475948137575534
311 36 4110329018115252432
311 37 -3049982149498622558
311 38 1699604152806476360
311 39 -3573086378966903485
311 40 4252558875719931850
311 41 -8147425106360567073
311 42 -4966569704090043334
311 43 6645210989746327982
311 44 -1720613756715566645
311 45 6214093071000792177
311 46 1732788008139574651
311 47 -9220678546199381698
311 48 5695391608187389464
311 49 -5049055689168351748
311 50 5458045805206133712
311 51 589267511777878140
311 52 8936691576048332501
311 53 1689480844898399270
311 54 6330761883219108357
311 55 -3081602655310888533
311 56 -311733248384281271
311 57 3694021645662472229
311 58 1767456321884825301
311 59 -4522857317401805881
311 60 4398396164451173597
311 61 9044863224606380268
311 62 -7691736142883104802
311 63 4646308412923152216
311 64 7031026957742671524
311 65 -4481740199052063109
311 66 2663055869359534324
311 67 -3279958659975850
311 68 3427742803404682083
311 69 -4118280843589664092
311 70 727290875197899033
311 71 7265382852881491637
311 72 -2268570886741275921
311 73 -4740326644629782367
311 74 -7537559699721585462
311 75 8506853944016106684
311 76 5198194721047156281
311 77 -1563101693858250190
311 78 -4501050557522122268
311 79 -730350241981098105
311 80 7994795867985530890
311 81 -8153174855135552778
311 82 6036455620880865510
311 83 -1612766369581469635
311 84 -2139771207335512782
311 85 -2104129996682917776
311 86 -8054827038947193567
311 87 -3206652189910482953
311 88 -3179499497399065908
311 89 4897177826358915624
311 90 665546242637401238
311 91 1761446732551540052
311 92 8719405655034906261
311 93 1181564890660888763
311 94 -1018359222272798584
311 95 2718360277754865022
311 96 5232614260444575617
311 97 -8382796700021233150
311 98 -4413656156169199143
311 99 -4582045355898576515
311 100 4617591028524588613
311 101 8000669008857122958
311 102 3136547373672854404
311 103 -139447241322935731
311 104 7647376755063059852
311 105 -587145610537906398
311 106 -606175103129906895
311 107 7052294263313219633
311 108 1162305862774104339
311 109 1846278756525618848
311 110 -2012827173999028745
311 111 -193215339776091132
311 112 863158709971899497
311 113 760732000978627653
311 114 2996482298847797733
311 115 4160475494324479296
311 116 6157594739043501618
311 117 7340031279938756691
311 118 -90123045289583202
311 119 -3061517693986267941
311 120 -1144900981344379556
311 121 -426757885888275362
311 122 -1127888789326013647
311 123 5196847541362167750
311 124 8014023209099122167
311 125 3509055854253218205
311 126 -7691226198197392272
311 127 -6923286393595007443
311 128 5576037067594360568
311 129 7175749939204021815
311 130 7729482536985260208
311 131 8738775669816774702
311 132 -4067405334328943149
311 133 -3223633515144611761
311 134 -8837235956488134370
311 135 -4247616742370688653
311 136 3144427600181685362
311 137 7362004618404174199
311 138 -8657150083609884182
311 139 2295969505464452644
311 140 -1918463732274734099
311 141 -5288663391033961893
311 142 6734461451105444160
311 143 5015654218857833721
311 144 1105676778996347431
311 145 -3287400623160119636
311 146 -1651387868639240106
311 147 1011775503694960700
311 148 564969553678454966
311 149 2183099871627526621
311 150 4054019126032127607
311 151 -2380404964288063943
311 152 2949777163920219774
311 153 2435725930576482458
311 154 -3237172077317712047
311 155 -9192888632898267803
311 156 -6287118586024337516
311 157 -49806717780024338
311 158 3688500407236661234
311 159 -1202496805829082628
311 160 5451820615961118789
311 161 -7629746859022401176
311 162 6397494578020605506
311 163 8969412162928502001
311 164 295136019544209201
311 165 -2217146526546289451
311 166 -9208746954212201698
311 167 6443048909944493469
311 168 5349420831413780483
311 169 -6236476185770480164
311 170 8848143530682712602
311 171 -1559794143702588597
311 172 -28758141403696307
311 173 -6513420857256679489
311 174 -8168756128314881371
311 175 269271210373577915
311 176 -5853321476576114993
311 177 -21351907472192105
311 178 -7063171845977343477
311 179 -3180915485823287403
311 180 6539114292209745540
311 181 7078682773805527104
311 182 -5932890566284161587
311 183 151995321744011359
311 184 1206283885663896669
311 185 -4732922999958926326
311 186 -7132792411825237756
311 187 6048400576489710152
311 188 939148655189588889
311 189 -5638126491158496932
311 190 -6392656132356340601
311 191 -1071088016999511396
311 192 2238986632252409670
311 193 -4409456717172896081
311 194 -7148768617150303807
311 195 -6897319191524229428
311 196 -3969929480712145713
311 197 4603424038720540329
311 198 2846212164851816809
311 199 -7160753859775718879
311 200 8397494536186584827
311 201 1691359668772420306
311 202 6121045534647503041
311 203 4095758937445070497
311 204 6106059261570517689
311 205 2500521108589530858
311 206 -7573068213827044681
311 207 -8534133897677221736
311 208 -9041787984838425529
311 209 -1317495868854054794
311 210 69807649213690170
311 211 4955268680590885925
311 212 -2625194854768166444
311 213 7998280011942170190
311 214 3584864447259439430
311 215 -8921185118082138667
311 216 4975165520903145760
311 217 -1051551075563929875
311 218 134217786994910724
311 219 1036652173616745160
311 220 -1055607939182987330
311 221 2053002618826346137
311 222 -9057076804385303596
311 223 -8907802402781519941
311 224 8718001432296137368
311 225 -4567704307051902588
311 226 9144518314029978615
311 227 -258181563373171943
311 228 -1128209562910525211
311 229 -6706310480358342027
311 230 -3030001860159720257
311 231 -4104008742707727149
311 232 4807937337889515745
311 233 7301786223264787912
311 234 -4184084445275515873
311 235 -5499623981487737087
311 236 -2838265478388419536
311 237 -8903210321465218862
311 238 535004535623279390
311 239 4823892208759691620
311 240 -2112657751582861666
311 241 3015374016493110962
311 242 -4290328720882050029
311 243 -4308317677842475072
311 244 -6296222782499638088
311 245 2557603173634143106
311 246 -3989073087733254003
311 247 1419777286614394515
311 248 6352011394440332758
311 249 8664102689844860347
311 250 947237095816106069
311 251 -214455312148636670
311 252 5869272214440920046
311 253 9122805621063054904
311 254 2315362243755636028
311 255 4873953435045379407
311 256 -2165935008016862699
311 257 6932297714608780050
311 258 4895065236898073350
311 259 -4057481272500207413
311 260 -1697619909143704045
311 261 -7939047233696805494
311 262 -667273373154481373
311 263 3359344877412167365
311 264 8883537157865657514
311 265 5877892606390865167
311 266 -4075770603222987927
311 267 -4300810101028218981
311 268 -3343916263687253591
311 269 8110069579740453929
311 270 230066452872960776
311 271 -933217825258466647
311 272 -7923412525579418490
311 273 1759961932290396396
311 274 6679054237510389750
311 275 -8610967165493322702
311 276 -7530097069940965666
311 277 3350929620102426414
311 278 -3061472206842116768
311 279 669394990264235671
311 280 -7743057803485168261
311 281 5112259285707634298
311 282 1514544779976804217
311 283 -8708772737481557641
311 284 -6030068265535632306
311 285 8197054419072703308
311 286 -2967910469337981089
311 287 4692525208065572939
311 288 -903708897721232724
311 289 6207876439989463031
311 290 -7825679300945566629
311 291 432054999192484978
311 292 -6368481237756178050
311 293 -3043433081902971014
311 294 609346979366362323
311 295 1531789346129456006
311 296 8102800248656475430
311 297 7067381761298170198
311 298 7056046258789038994
311 299 -8110041736572342739
311 300 -3923566414916230675
311 301 110336465549370523
311 302 -8831446581488759689
311 303 5530649865041801312
311 304 -2959606212627070725
311 305 -1141970635664031882
311 306 -1685528430183518361
311 307 -3615568438116077199
311 308 701639092078351740
311 309 5817001648732875519
311 310 -183028784103777278
311 311 -8155884038051700644
311 312 7207872352542927655
311 313 -5981028806305100843
311 314 -2449004772461187959
311 315 928548407682416400
311 316 -4295623247411263087
311 317 -674030964900384729
311 318 -6648661525270934902
311 319 -8645892572171912597
311 320 3688322202397194416
311 321 -331516883046160997
311 322 5716383369831340104
311 323 -4860676249242349033
311 324 7558867632388798413
311 325 4121096474008881093
311 326 -156162776270548128
311 327 6728440599811814676
311 328 -5715848034437569704
311 329 8528820633091992633
311 330 -6021248465151765817
311 331 -3678655622111962965
311 332 -4084840377037324429
311 333 -5237283789135551826
311 334 9144759284238362081
311 335 6650742421478456791
311 336 -7422894777040344407
311 337 3461031774121086553
311 338 -1944522717909230468
311 339 -4849496844377279673
311 340 -7075237864088034567
311 341 1315476409886856273
311 342 -742518228261066700
311 343 3526281063432025997
311 344 651577078582417052
311 345 -2073934646215020635
311 346 -8974655184709368337
311 347 1482814511687498259
311 348 420774379052434407
311 349 -3060412422465170826
311 350 -5697941239163595305
311 351 -2138741133391316983
311 352 -4628030742334902551
311 353 -4927435457816469084
311 354 4294666417872798529
311 355 3980318418747796964
311 356 -1620133480485209255
311 357 -2112141269777516908
311 358 -5498811498735128989
311 359 -3888759537735555018
311 360 -7483280679800642770
311 361 -3639988953780013811
311 362 5208649587463603960
311 363 -8121281344963209457
311 364 1370933643763174628
311 365 5130977807560725389
311 366 8390133216137516432
311 367 5861485925031128236
311 368 3141508208386056744
311 369 -6454199688151712300
311 370 -4281854808248104470
311 371 -5551853289372909647
311 372 -617504701230462148
311 373 861313005378672638
311 374 7846505817123946446
311 375 -7435986060632481961
311 376 -2007859755534748941
311 377 -6386315952415676236
311 378 -1538663496269410641
311 379 -8853069003009163446
311 380 -5023195935534784284
311 381 6331875719098368432
311 382 -1370128325263023014
311 383 -9163945006357826013
311 384 8476058904655317723
311 385 -7852867845811449634
311 386 3783423837067287945
311 387 -3528486398954064829
311 388 8518741302827834494
311 389 -8818812150406417429
311 390 -6067223685134066388
311 391 3348263709617419849
311 392 -7124766640185913132
311 393 -185282118605103048
311 394 374519145712008840
311 395 8374088259292849232
311 396 -1052030121507604742
311 397 8224726104999142446
311 398 7058056375357878113
311 399 -5118519026723307756
312 0 -4340909090665612729
312 1 3469760655610694603
312 2 -4127227331983576011
312 3 -5437232951720093432
312 4 1545478935715979675
312 5 100333703841698362
312 6 8983276189742618430
312 7 5089654422059339812
312 8 1414988744540590072
312 9 -8751013859364392943
312 10 8684927249963647054
312 11 5985821853698086003
312 12 5821849886103313137
312 13 -1370734221104221325
312 14 -1750091281062606129
312 15 4329764587971115613
312 16 8590163222003925859
312 17 -6383088150970945361
312 18 5847498451049634046
312 19 7954504372841636579
312 20 6554162442342905854
312 21 7719536657543410912
312 22 1005930853219909455
312 23 -2262543867416175889
312 24 -4996578812122753234
312 25 4134909450804633211
312 26 -944333430588186552
312 27 -8685416927069496589
312 28 -3533742237729045643
312 29 1135529383950312011
312 30 -3470164443644989894
312 31 8585525720930074770
312 32 8425951003703173472
312 33 -2194304664782887691
312 34 -5009901581591954495
312 35 5843379703165488470
312 36 -4673718334453521488
312 37 -5118319594332349929
312 38 -7143857952420775937
312 39 -2876506925126614975
312 40 -5733335636553017780
312 41 4249860360610970153
312 42 -2252985837721797432
312 43 8929933550596048364
312 44 299025381401522521
312 45 6296907464519569477
312 46 2427384086631725757
312 47 2230951557446575325
312 48 5787017189760692072
312 49 8013913783339020328
312 50 -7045777422812998745
312 51 -9181756498395219206
312 52 5040881012426280044
312 53 4723226111010737397
312 54 -5206681350401105684
312 55 3160339763233246877
312 56 1334061006931116504
312 57 645508939156504885
312 58 -7521592170123811678
312 59 -3719128831057708562
312 60 7973957371346678203
312 61 -4275016286586037860
312 62 -4446171167572977402
312 63 8961213435027171999
312 64 -4546191365213793193
312 65 588599768532226580
312 66 1613967791241303682
312 67 -8752547042360240143
312 68 6860994885897000951
312 69 7854099035928407664
312 70 -2634125123589044518
312 71 -1977681339317860661
312 72 -4416443887830949362
312 73 -3446051861046188084
312 74 -3287555863374815624
312 75 6593715546059997314
312 76 995003045655896394
312 77 6228449909057841764
312 78 2259637610420276094
312 79 1046351235646099196
312 80 3697719707011199405
312 81 -5495011405083280866
312 82 412613869816935255
312 83 1424452538221591250
312 84 -6356627346436426447
312 85 7223285200158468202
312 86 1581936377159063647
312 87 -95704165995032174
312 88 7991776341642076366
312 89 6238144172977642809
312 90 -5023494586746130665
312 91 2212426613763903548
312 92 -3427626027509400642
312 93 7594350020214626737
312 94 -7292402570663797485
312 95 -619402970953789450
312 96 220801495475794430
312 97 1928490654838621138
312 98 -3011114272157503783
312 99 8029746782499711215
312 100 -3180378478830307882
312 101 3126289869003328714
312 102 -8856855477303635231
312 103 5472537187849782011
312 104 -4257527904078351491
312 105 680771459811749891
312 106 6382221934499244482
312 107 965220079038465991
312 108 773320995392212310
312 109 -670057433754576261
312 110 -560923594048182343
312 111 787531280191282860
312 112 -4624004755408129260
312 113 -4201107553054767392
312 114 2795443360126183128
312 115 -1032145059365158155
312 116 3356896800222118823
312 117 5938424698996103084
312 118 2346192389525323224
312 119 -4302789409590440411
312 120 -4092681242718702270
312 121 8959327839365080252
312 122 8360746977607884416
312 123 -6353960277234433727
312 124 -4374308281492877987
312 125 705699894798517748
312 126 -4892487311837988662
312 127 -8645225019905929005
312 128 6014905382413861285
312 129 3821811555266518667
312 130 2134610356486254708
312 131 94243474832327044
312 132 6887157421133446605
312 133 -1680611270864399589
312 134 8328239543941102250
312 135 -8472415490808312210
312 136 -3294090846493077743
312 137 -3719476851293000932
312 138 -1766904348034920662
312 139 8140106513557324036
312 140 -5905315248083682318
312 141 6459898090758180404
312 142 -2251741340462685130
312 143 -969594723564288568
312 144 4375549697083163355
312 145 -1108648309331246021
312 146 -3642427513897957860
312 147 8913619565029207068
312 148 -5807655675131315469
312 149 -3229355372417828927
312 150 -6433173428282617481
312 151 -883237705098220089
312 152 -8698539619272846460
312 153 6028274472418889544
312 154 -7709986244379912915
312 155 6302784120095270394
312 156 -937215403081862223
312 157 -5062587393984787192
312 158 7611704836363358043
312 159 -5125352318254214408
312 160 -4871929014473924415
312 161 1632880225697288554
312 162 -2857990934114338566
312 163 4020518936579244796
312 164 -8850010660103249010
312 165 -1025933134792187047
312 166 3709143638723841772
312 167 3414176492855699563
312 168 2177846961959040229
312 169 3218854088646633935
312 170 5861315892589891472
312 171 5564971348976662208
312 172 -1253315013751084455
312 173 1832935535173663984
312 174 1828865064733431273
312 175 -8744329258041652293
312 176 4191622057939815559
312 177 2170812271745154417
312 178 1077167787918228126
312 179 -5838236246763987272
312 180 -619434735083547930
312 181 308776668822297018
312 182 -1409160059953975861
312 183 2615765625015938779
312 184 -8501208219026168241
312 185 4727981460116270959
312 186 7755050683284952353
312 187 -6228432835244918761
312 188 3487474738406205627
312 189 5357117543415726509
312 190 1707984979410201188
312 191 5791216669755817167
312 192 -3443528448670121784
312 193 -2084190711714733596
312 194 2389041764026278467
312 195 -7700451341339987672
312 196 -8648998762795050634
312 197 -429582989605888147
312 198 -1891060348472885488
312 199 684496811301666828
312 200 2900289618786916376
312 201 1119896968334016323
312 202 -9034985197218714427
312 203 2746516318385862900
312 204 5556053123636489227
312 205 7063196641719068371
312 206 -2190553717309226708
312 207 -49364764273934523
312 208 -6866437751348543870
312 209 -2742591125337012282
312 210 -1085431787503533086
312 211 5303109619427855443
312 212 -8909891862502912793
312 213 -3156482159634700680
312 214 2350180802870524656
312 215 -1753955034707360152
312 216 3023247071273156673
312 217 -175032218746311148
312 218 -8880384871234559188
312 219 7270416591185988030
312 220 -3544533827203437453
312 221 8515672328926367298
312 222 -4542820500461875958
312 223 -4740049974999567561
312 224 2779504391035374650
312 225 9069169552586551170
312 226 -3151953549978931912
312 227 2220699637288036612
312 228 -1149551110282691019
312 229 8647901001020656206
312 230 -1866745036322500537
312 231 6192909556453393035
312 232 3160519103755071973
312 233 -611259797483706979
312 234 -6921057789537896734
312 235 5320664006335726145
312 236 -3141472371080515247
312 237 6386787736082139241
312 238 7308370083779234731
312 239 2737483109992316521
312 240 -4252625957600032555
312 241 5733243346789483914
312 242 8530564460561367505
312 243 -8773215270333573670
312 244 -3523521927076305184
312 245 -7288484247725409755
312 246 -4106108006204557719
312 247 -6277868109925664217
312 248 4130987394505957061
312 249 7693108190961184267
312 250 5346671000327446567
312 251 -2495541737822168981
312 252 3103823029084366628
312 253 -3133859982079147490
312 254 6196554889970240220
312 255 -2174041891272228815
312 256 -4087692487832562358
312 257 -763136658169871842
312 258 -2914194667694779035
312 259 5128567207020068954
312 260 8968950193178440275
312 261 4900101262344387395
312 262 4457953427665571177
312 263 -2955525576591087043
312 264 4205584736305419636
312 265 6488147187988227754
312 266 -5693810468724729624
312 267 2688543184911324069
312 268 4942382421939751652
312 269 -67849326653511599
312 270 6719926280717782345
312 271 -6079844897913708315
312 272 6112473250709366366
312 273 -7003895070933072800
312 274 -1635862030076122240
312 275 -1784176614272693551
312 276 -1423480734281866894
312 277 -1838815158029814551
312 278 -2062502005448870346
312 279 -1889138173342271344
312 280 -1500134022888093481
312 281 6165598351487932717
312 282 -2059385428701457193
312 283 2977660180943304840
312 284 -4243357325708783489
312 285 9212844251846134760
312 286 -964476395069073008
312 287 2229982414899424778
312 288 -1811516326348195507
312 289 -4517676204334714085
312 290 4910167954468482693
312 291 -4237499713872342657
312 292 3458994161264634963
312 293 -1604822571778214367
312 294 -7273110293813049105
312 295 -2453317570941044686
312 296 -3150317750705635621
312 297 -2786685745346248741
312 298 -131337288633649403
312 299 5185366019749453979
312 300 -5040386580319626152
312 301 -795242185008923483
312 302 -1886424586906492892
312 303 1075614805850878281
312 304 5084483994043703720
312 305 5420520688375299782
312 306 -2520807364185407607
312 307 -8110004047014860804
312 308 -714165326506700672
312 309 1301623306264124606
312 310 -3276915721769954063
312 311 -966146961946794642
312 312 4090044941250398809
312 313 -6834501185394100581
312 314 -5090553559898763513
312 315 -363500582490833036
312 316 3807520007498528548
312 317 -6791742308974418049
312 318 4452156734154816231
312 319 -1943674240190229488
312 320 9015193540250566453
312 321 -2649059290508186930
312 322 -5824749287213092776
312 323 -1763305559298793279
312 324 -5338982933824607023
312 325 -7532775785560013503
312 326 1464514357479016794
312 327 -5530836225364898026
312 328 664148940123263351
312 329 -8852501566556058015
312 330 -2949977094149041331
312 331 7155164321285282622
312 332 -8132046104231105716
312 333 6162692216142410067
312 334 -8073158463891292298
312 335 -8895294106915426143
312 336 -1888234856179086727
312 337 -4246672551314653599
312 338 -7376633417285763346
312 339 7047351114698706781
312 340 -8121523666137494389
312 341 -4315400235975175924
312 342 590394518003527671
312 343 -2016419544458093454
312 344 3090860268190147267
312 345 -2283026643905870419
312 346 -4086102399320786584
312 347 -8086225997487056892
312 348 -9118833839559797188
312 349 2523431784492571202
312 350 -8221729902718415679
312 351 -8795741663052197552
312 352 -7952330948306272777
312 353 6045385482675174165
312 354 -3255447399494982745
312 355 -969223307207453656
312 356 4510112414439103092
312 357 -4419242839260232034
312 358 -1517521388513669841
312 359 2188611284283362345
312 360 -28046965449671003
312 361 -609093989625161710
312 362 2173145228864787497
312 363 -6124279353029510579
312 364 -864336210539836926
312 365 -7534972813132743907
312 366 2848848003784821610
312 367 -1165676756865709545
312 368 -2884578900686450608
312 369 8403881507991328228
312 370 -4473140060627069967
312 371 5000841585088913239
312 372 -2481825311874459718
312 373 -3760388593455337502
312 374 3573762187976599107
312 375 1558685070996942357
312 376 -7756143641650784012
312 377 8451927823394356758
312 378 3511228410605289021
312 379 -6703089477746152746
312 380 -748731132656192874
312 381 -4840528852639805724
312 382 3675033557403005664
312 383 -8721586040290425389
312 384 4064513852665845671
312 385 3259397722535547701
312 386 -875210630472697247
312 387 -3455847335395229151
312 388 8766268787243981479
312 389 8728060977684926757
312 390 4482574280095722610
312 391 -8640637459359083615
312 392 5677741475433731596
312 393 -196971085061185929
312 394 -8969435378666462541
312 395 -3451680506927152152
312 396 -4659830452142582781
312 397 -2765335756036043412
312 398 8516920916901195512
312 399 6079431912884784306
313 0 1382206180046059849
313 1 -4027334909643064101
313 2 2902487503808520622
313 3 2257034976446199795
313 4 -158235068848993023
313 5 -368809147335636001
313 6 -3750225026032220497
313 7 8146437064262033678
313 8 1681319537136232790
313 9 4357549102317264827
313 10 -4870032347188336125
313 11 416139587313072677
313 12 -595503177118752065
313 13 -1473922849312291535
313 14 3707432461613312646
313 15 554799703750684783
313 16 -1276251725398218600
313 17 3690327226319031220
313 18 -2865411726114733326
313 19 -4723378904055923499
313 20 4215054521886761123
313 21 5784718653848645377
313 22 1582778510985458371
313 23 -1669672237885598986
313 24 -5578071280284326176
313 25 1256400315639535403
313 26 -340975839775345963
313 27 5875371982442300667
313 28 7842804896675821596
313 29 2006991480334514179
313 30 -7016308992034715505
313 31 7337639798355309057
313 32 -2723827269688289813
313 33 7510643261140220752
313 34 8420908199114603826
313 35 2659066587056234020
313 36 -7827083106605352443
313 37 -1923886421023967807
313 38 -9200432633815692917
313 39 4321412108762749177
313 40 220618713942791080
313 41 4895490997608363669
313 42 2292203455093339864
313 43 6514607198020342675
313 44 -5633930715821816049
313 45 7862311407970837786
313 46 -6434006556970620987
313 47 3804022962139150339
313 48 134269470181544207
313 49 3345352112417391111
313 50 -6044429018653659377
313 51 5904099208157418637
313 52 4162848503526841420
313 53 -2342004132259909236
313 54 -8644593312054815230
313 55 5792548265325322171
313 56 6932751766254934714
313 57 6137144899950798434
313 58 1776978988129959439
313 59 1413387935310051272
313 60 -6728410842737860468
313 61 -5277902363187416926
313 62 813629284891538596
313 63 -1678067983522465172
313 64 -7700350671359117135
313 65 8113193134434339125
313 66 -7122854725092924292
313 67 4018076504861176925
313 68 -7411676855432327857
313 69 3498565118326798934
313 70 8776291036844397118
313 71 -2449711120454459594
313 72 6423638719663924966
313 73 3161068265097963123
313 74 5850413455030857246
313 75 -1196520320082684758
313 76 -5784730572734656174
313 77 -7955411385582688347
313 78 -78027694272351616
313 79 9116641676749965449
313 80 890331825435023277
313 81 6928552946743289637
313 82 5809610033983242957
313 83 -7193614530213439414
313 84 -5528554291160090932
313 85 -359158748627939839
313 86 7662707980670851959
313 87 153357658332617109
313 88 -7396210470951947919
313 89 -4063500592747610471
313 90 -6469082941715302595
313 91 2948740761870287668
313 92 -3851313362325767285
313 93 -4693273708798216118
313 94 -7152825211668594726
313 95 3470942748902104243
313 96 -3562903737049586797
313 97 3002589033987792519
313 98 1601676347658580339
313 99 6486703914201930312
313 100 1194691669660164460
313 101 532272246624995092
313 102 1609740325328987986
313 103 6256757774381783608
313 104 -6933235879789036396
313 105 738001338710010939
313 106 -6590335548823509636
313 107 3616134898994405670
313 108 7252560561668497860
313 109 -854224636348544471
313 110 3149455406727812706
313 111 -300709493361976178
313 112 -7664649591775723782
313 113 7146606286419135165
313 114 -8536975700993958648
313 115 5351985587116288693
313 116 -3235381741304715537
313 117 -3578498486864692035
313 118 3907159728633676908
313 119 1266971052966673864
313 120 -1946660407967587540
313 121 -1499470605955881039
313 122 -8848559355621032576
313 123 -466239279650219898
313 124 1378423286822304021
313 125 -2520482741562748617
313 126 -9137152149651048921
313 127 8633925804772143502
313 128 1384690871085912326
313 129 -2146034771122950683
313 130 -290462177075763296
313 131 8298594397394415844
313 132 -6064155026422198279
313 133 3136510028287875622
313 134 2956825269268824586
313 135 5457205571064939625
313 136 9217404702436872301
313 137 -6091948145662876644
313 138 -6628644495484852379
313 139 5144938928950660608
313 140 6386568738355620066
313 141 1865060737211443291
313 142 85391839987291493
313 143 1716130544844096563
313 144 -1347507611599832846
313 145 3876786467396595867
313 146 5023249780642233849
313 147 -4107932585486180700
313 148 8820764726304844111
313 149 -4659713942903707753
313 150 7936143280447177185
313 151 7431064274294044643
313 152 -7493023423008733719
313 153 8303988540835686452
313 154 -5565383127373522484
313 155 2364339172214427582
313 156 4457873398536052782
313 157 7348548072213044172
313 158 4211992483812118605
313 159 -5837593147380541708
313 160 6942639074738487989
313 161 -5665519116041496389
313 162 3217641152511497919
313 163 -222380986275897025
313 164 -2514774340672725353
313 165 -6646849700437330224
313 166 -943726564913702552
313 167 -3493500631302114343
313 168 -1176517921819896184
313 169 -8369762199140041443
313 170 -3937672808882501686
313 171 -8603638392739850731
313 172 -9007861569610537274
313 173 6984092082981051479
313 174 6635600925358315800
313 175 -2326836360846082639
313 176 4302909570983814378
313 177 7665987424679399041
313 178 -2452441683312409120
313 179 -2055664215656830009
313 180 -6609402723656977319
313 181 284007323216990868
313 182 -1113267764374095046
313 183 8828707860102528744
313 184 -2415293606820050882
313 185 3422544201153554466
313 186 6329557809797473360
313 187 6306214829625895669
313 188 -7145200748126019153
313 189 925317181622249068
313 190 -7498953420856337220
313 191 -8402607610300023752
313 192 -4480393841396735921
313 193 -6582294738898398233
313 194 6702003971680629105
313 195 -3267258690435800968
313 196 -3417550260595941616
313 197 -5633288632287518701
313 198 -19565666604321430
313 199 -6383562426671888079
313 200 8661388831862196227
313 201 5113467594036262620
313 202 2407957530725850528
313 203 8386810056826679327
313 204 -9216075009017689790
313 205 -900398326324500631
313 206 -494050798181428509
313 207 -5726696642846809037
313 208 -4837791338548035924
313 209 -6986680014443944818
313 210 8997753417541920202
313 211 -6388883537108624819
313 212 605918573562356845
313 213 6387793345247021238
313 214 8532341053433464273
313 215 1100130992373141246
313 216 6054951245616666828
313 217 -2645300955495463507
313 218 1808681802423105292
313 219 7195735960789083642
313 220 -5639610098288194347
313 221 2167271407660211998
313 222 8275677209046585864
313 223 116612670662147804
313 224 3525952057027919585
313 225 9191961572818611611
313 226 6443747075220572390
313 227 -3964612309502569289
313 228 2111004066041033780
313 229 7463977919540148810
313 230 6100938117488482598
313 231 -1983757154517556406
313 232 5248090364818227409
313 233 2215476775416752091
313 234 6756504544636821375
313 235 1147547130941884710
313 236 6910855598712557938
313 237 -7633647531403431590
313 238 -2283315198093821037
313 239 1270282854069834224
313 240 6435392057615720473
313 241 8661557462440826643
313 242 4096104530107066941
313 243 2330555758495801822
313 244 6662811920859239021
313 245 9129989052532244498
313 246 -3380217927548756792
313 247 6650840159159995097
313 248 7806502868716268438
313 249 -2473064639987943951
313 250 -7970158361996251295
313 251 772084108917517288
313 252 171767574496651929
313 253 2419876847775329967
313 254 -6073814777992263007
313 255 7091229843584738143
313 256 -1216013435239395945
313 257 2089985970780261917
313 258 -2207434429150995563
313 259 8248462643140985560
313 260 4680561868523663286
313 261 -2535963914158476861
313 262 -6329969671740369620
313 263 2247026381577932052
313 264 -4315799674980652843
313 265 6022284341946397669
313 266 603864582592450170
313 267 -1929831759636148543
313 268 5792929909421787532
313 269 -6443901659086663313
313 270 -6573717598793369528
313 271 -8579775778233297217
313 272 4794783125655121758
313 273 -1549464003800528825
313 274 8899799847332108086
313 275 5606734489358989397
313 276 -7705551802150798488
313 277 -4683010446749220568
313 278 -608590588069795747
313 279 7995777599604397715
313 280 9046793577703325116
313 281 7226373822317169298
313 282 -3503421499731514333
313 283 6024576738126532828
313 284 -3344115313293682288
313 285 -8161318709674215686
313 286 8797221296783657039
313 287 3386100829326185167
313 288 4785581087185731815
313 289 -5923884165827896097
313 290 -2134560785360754400
313 291 -7202569605510374314
313 292 -7556974356034114834
313 293 -1866445888622015623
313 294 -8358592954908118262
313 295 -1674515086373794978
313 296 -4481001145678230866
313 297 -1336319643120360466
313 298 3109255122448855241
313 299 2340996766152383282
313 300 876370010104797419
313 301 8257852992588433573
313 302 -9142743456205174182
313 303 810656560989857596
313 304 -1304278133486094483
313 305 7218175224138937778
313 306 4015348644324964628
313 307 4451660195931637574
313 308 -8279582438000033515
313 309 3827014682237218180
313 310 6614387038161457373
313 311 -6741379418052992782
313 312 -602209687947101691
313 313 8297939282281802997
313 314 -1111278281539426030
313 315 9095764786129605649
313 316 8451125670177117988
313 317 -1355263589652239948
313 318 96456833189033195
313 319 -6892843042989229656
313 320 301050744194439572
313 321 -8945610317113048361
313 322 5025768950246972974
313 323 2466851102136896521
313 324 -2390417778438016506
313 325 7531223075943202941
313 326 376227603081105244
313 327 6223991399268819711
313 328 -4581142357061201555
313 329 636832118124849667
313 330 2921663263667416195
313 331 4590520393324938437
313 332 4371826399304452000
313 333 3085192308707491283
313 334 -6427314341182139609
313 335 8514278153939025296
313 336 1504878467772557789
313 337 4022905107307119645
313 338 8636876805681999716
313 339 -3608601967677189612
313 340 55962079703386984
313 341 7007939050932027356
313 342 1269270457510220319
313 343 -3770700697620982197
313 344 -3881138540549225918
313 345 -345640399120325776
313 346 -4979775773416038102
313 347 1873670294885511608
313 348 6602829551482679833
313 349 -409588818310651673
313 350 1548076469344291523
313 351 4808259619349444265
313 352 539890136926553304
313 353 4968831914490251578
313 354 7157064849263783569
313 355 -5877250531289020823
313 356 -1496893723319005287
313 357 821983318550123076
313 358 -7258857568587299900
313 359 -9099219982291743772
313 360 -4343882472978155620
313 361 -8320894730792685954
313 362 -8766744806778955021
313 363 -6277496651310101909
313 364 -2910974992145911646
313 365 -8127698618924259602
313 366 5657690117136788956
313 367 3828499496212119642
313 368 -5012029663860712431
313 369 -8402468887945033568
313 370 2375501507812217548
313 371 4446311607839301143
313 372 286042935194924776
313 373 8037285985455331612
313 374 -2543186219965637846
313 375 -6496684405130331301
313 376 -7996206424260786491
313 377 1283363527343785050
313 378 7012310231716963095
313 379 1105181088492851178
313 380 5434682960972193166
313 381 1591947001722656201
313 382 2185897201058725758
313 383 262311387431666696
313 384 8828374121108212778
313 385 -8027372701449349684
313 386 2700420390352020833
313 387 6913100199048136788
313 388 7539300035738473755
313 389 -4296466716073147137
313 390 -9207531842843790470
313 391 -597581036757670882
313 392 3640865707211377566
313 393 -8076644444044486571
313 394 -5937433420577160791
313 395 -2049189452541622386
313 396 1909814632107201699
313 397 2302320235572908048
313 398 8139364634055165083
313 399 3287549148366066278
314 0 -5393000159922873889
314 1 -3261052286908799685
314 2 5201908269373279822
314 3 2362111017615328649
314 4 -1991141799719122217
314 5 3298197485000851084
314 6 6734246285416428381
314 7 -4617030506541756472
314 8 -1926259448511801927
314 9 -7489153065655188696
314 10 -5484853242421944418
314 11 -3753381698730023658
314 12 -3832348988579599285
314 13 -5637096514833997998
314 14 -6762906312556312531
314 15 8113814765360018945
314 16 1970455027515617545
314 17 -288659859880307565
314 18 5722360066072519870
314 19 351825104245285270
314 20 -2429885357364184868
314 21 4850239237900216555
314 22 4574145756388061518
314 23 5214440216571143228
314 24 -8566629932091560084
314 25 2936872896736456276
314 26 -5305407627968960847
314 27 -5837257212976435092
314 28 -3642724292958767279
314 29 -4167042935753651522
314 30 -296796829433817209
314 31 -1125710728839137522
314 32 7457331318767758641
314 33 -3382792813523114117
314 34 -3852144703245604562
314 35 4241514526890241885
314 36 5403133802834174651
314 37 835864700612406705
314 38 5065975916852344333
314 39 -1494147165312390619
314 40 -8970120436079391875
314 41 8456991074955725528
314 42 -5873821245840379961
314 43 -816422154282844468
314 44 2830172807939771601
314 45 -5996219687613496733
314 46 -3662554085774023714
314 47 189496870318383784
314 48 2365268618008882868
314 49 -4744696453219889778
314 50 3781252291105003528
314 51 -710359548696488269
314 52 2567975647937360805
314 53 -7130468695373408219
314 54 -3268182819903022676
314 55 -3623562522203927960
314 56 7263317491283365073
314 57 96583741120536896
314 58 -2989839873053100562
314 59 -3952156008925087971
314 60 -5155387433637967598
314 61 -558359689185683660
314 62 -8898428081210812748
314 63 -7703968102060575574
314 64 -112003702723701340
314 65 -419007056205058124
314 66 658032920608029025
314 67 4141882870697065290
314 68 3719394818429694743
314 69 6572471791434054755
314 70 5886104780056226104
314 71 -8504941723620222765
314 72 1309715527328226283
314 73 5059095342542586713
314 74 628602198785840653
314 75 6638588802483713925
314 76 8875972928267895914
314 77 8501127827979114671
314 78 2511794100206035394
314 79 -368860173109933187
314 80 -4327724442825987411
314 81 8111064258433457072
314 82 -4530718668374322129
314 83 6675434479381426280
314 84 11291154942045649
314 85 -4348141718437300560
314 86 -482487114533676907
314 87 -5231486681329405567
314 88 -244864360544449323
314 89 8382178549947980962
314 90 4913471651849233331
314 91 -6736245828151797051
314 92 -7708529670046616711
314 93 -2902210949747324477
314 94 -7693398277690622120
314 95 3282687786963288986
314 96 -61574665925426971
314 97 -9012973651902710581
314 98 -2349753906530363294
314 99 -5081111809834096722
314 100 5315032725346856761
314 101 -679696897337527244
314 102 -7679389677600197584
314 103 -5027010926160243015
314 104 740880760864526487
314 105 4406387513379534501
314 106 -2519422069103741986
314 107 -6335890239973919176
314 108 -2048947748234995681
314 109 5216895704667022658
314 110 6913348180847601011
314 111 -5748232650582457403
314 112 -5482306962613579276
314 113 -249363147476572856
314 114 -2051786412403732560
314 115 1395746995740820191
314 116 4283462904254331563
314 117 -605485637907713166
314 118 1011401599957772150
314 119 7790268744222601926
314 120 9216660215799350233
314 121 7644062978429902981
314 122 2149739776696122663
314 123 -3401550921378758093
314 124 -7258173186164996884
314 125 2068665621293600627
314 126 7975313637274339011
314 127 6986485143195540978
314 128 7346633007331996167
314 129 7127496944219450099
314 130 -6379197294692201319
314 131 -5233868122612971755
314 132 -8419952003009966327
314 133 -8578676432205000911
314 134 -6089339489687940839
314 135 1851056662659958694
314 136 -5580037956649132513
314 137 -3399190044241390855
314 138 -7285140118337077301
314 139 8854225425018502038
314 140 800812282912923527
314 141 9008475036084793194
314 142 -6392190794018481251
314 143 -5962222600263858111
314 144 -6181395294402798192
314 145 -6228724850805868635
314 146 3059909328440139427
314 147 7648281255708645170
314 148 818393105832063018
314 149 47383437215059842
314 150 300276682433240270
314 151 -247952254673040697
314 152 4315051113414177506
314 153 7009797091748060132
314 154 -9004993386295963829
314 155 3621587105088413870
314 156 1860678768839532023
314 157 7667228251377965347
314 158 8391281908031082886
314 159 5602310649628753956
314 160 23797422173101954
314 161 8769914592178616451
314 162 8214544051557441715
314 163 997819166714762745
314 164 -692583449675643184
314 165 -2763414025681138295
314 166 6616890165027198711
314 167 2757032142682803576
314 168 2185769073447956818
314 169 -564064623339671386
314 170 6332477769505431266
314 171 -999805417907973440
314 172 -8689433416067254368
314 173 268318220940081199
314 174 -4405901006560070598
314 175 8247805345569741764
314 176 701677257273205323
314 177 -7571565216086851233
314 178 -3265677967066364848
314 179 4653166377590816057
314 180 7091800829018392014
314 181 -8722639660278312614
314 182 1438827462783378504
314 183 4104124771205773260
314 184 826222000065386186
314 185 7985325161468396921
314 186 -6405579441501551411
314 187 3715065958745319765
314 188 -8117280352107039096
314 189 4903459725089751649
314 190 -4786962229980462185
314 191 -8892464478561795000
314 192 2330040439212462557
314 193 9189585619093226680
314 194 94149046804612490
314 195 -4186194701089271820
314 196 6604032067076981258
314 197 -1808945752728373312
314 198 -9054328890021668700
314 199 4778982347365288286
314 200 -4948275625354437296
314 201 153412802404354912
314 202 -8618889504664525853
314 203 1458023471328813690
314 204 4623512395318388419
314 205 6895485541047049804
314 206 -1891360494631635032
314 207 954368311311870273
314 208 1163694273771523220
314 209 -1644527614508061735
314 210 8017346475099901224
314 211 -2001697229275878795
314 212 2198538893278870423
314 213 -3307674577723438993
314 214 2424375523070856890
314 215 -387517332988529575
314 216 -5069502042712279421
314 217 2979594505180421386
314 218 -7668730075847365172
314 219 -5294150128350211217
314 220 -4637105720341708348
314 221 -9167161506690657823
314 222 -851123730728128
314 223 -4264765447676452557
314 224 2593191553006738350
314 225 8457528858590917602
314 226 5889343789702284899
314 227 -2788187881948083551
314 228 -8510361773766826032
314 229 2066821185634871259
314 230 -5562479392318287177
314 231 7285343727101541594
314 232 266756177096718342
314 233 6745247250004038970
314 234 7636674688442604947
314 235 6952495606401126304
314 236 526042170714642681
314 237 6234014552734747419
314 238 4604252407797290704
314 239 -7194579481126226957
314 240 -2124613433768239096
314 241 4403347460858912809
314 242 6493031490926803845
314 243 3218403483417643168
314 244 -1872178827719089467
314 245 -4544266299607114728
314 246 2138059460891635582
314 247 3988041142185774801
314 248 3211999349308602449
314 249 8431382928178282269
314 250 7866909155080805093
314 251 7168285019187360599
314 252 -2800175041276586414
314 253 2611579309969871049
314 254 7368374915805272384
314 255 1181958105865043209
314 256 1276527520274431581
314 257 -1775242399943496935
314 258 -1285762117908972801
314 259 -1884468079200799902
314 260 -4613723001546936684
314 261 -1359736150085515656
314 262 5513804106434372821
314 263 560956409308993437
314 264 4232589590092190478
314 265 6628187015577374863
314 266 -1891057646121812959
314 267 -7798071528957421295
314 268 -4023240694327012461
314 269 1083637469118322728
314 270 3888380403797496393
314 271 -1497489042972444420
314 272 -1188342614974705609
314 273 -1395313061014649824
314 274 -2333878609877185358
314 275 -4874250887852498947
314 276 -8172346783680249148
314 277 -7268508090613643170
314 278 292759843896500733
314 279 -7857095906064253631
314 280 1531867311720982977
314 281 1879656896477077604
314 282 -3129803864798701045
314 283 -3426440734425463436
314 284 2204357325480374088
314 285 -2415639995495597632
314 286 2627999834140757401
314 287 6513226998441141726
314 288 -1332426854377545918
314 289 -5301199288795142522
314 290 8046137190646695863
314 291 -8383856829922566942
314 292 -2350185122076552091
314 293 -8289331931835880934
314 294 5783914004467331278
314 295 547602511355925720
314 296 4464010874221574737
314 297 2576665446570632579
314 298 3145553853831124751
314 299 3947649431933096830
314 300 -5690632476068730538
314 301 231079189621780442
314 302 -5613894670860553078
314 303 -3594464504470120469
314 304 8857633684984499131
314 305 543934237826001528
314 306 5997489977299430779
314 307 4809172768989357537
314 308 -6117930506875862460
314 309 1755401438000001840
314 310 -1782145646870940795
314 311 -2168460041123461737
314 312 -7102185498278557930
314 313 -8909479699797186423
314 314 1998701397588388083
314 315 1404170454551621437
314 316 3903956880834798559
314 317 612220020362490656
314 318 5222219665823790562
314 319 3553781384718539656
314 320 7411848208453754027
314 321 4727368996077964960
314 322 -6956017650335139189
314 323 -5085171915193573990
314 324 -9088782542058704288
314 325 7526054110035107696
314 326 -6415838503553527024
314 327 7718644110794552388
314 328 1028763167318564752
314 329 468835405687713587
314 330 -8830416886444745451
314 331 7303563654598554389
314 332 8542118690879918221
314 333 5623826781379928147
314 334 -7310307982833549312
314 335 -6764527886073079320
314 336 5472835482360174504
314 337 -7503097303569173719
314 338 8486650581213425371
314 339 -5014747053925651461
314 340 -879402139973664999
314 341 3481757358766782601
314 342 -7725951666463883745
314 343 -4879342957899260766
314 344 7261819925614602155
314 345 6186919661894499100
314 346 8313666594200981230
314 347 -3558659421594153778
314 348 9127975959907073144
314 349 -4923461500410143175
314 350 -1356083476870634457
314 351 8209119107786712705
314 352 3360361885006895247
314 353 1311319541107205737
314 354 9134248195920865526
314 355 -4048059175582947068
314 356 6002524669705242198
314 357 6761662843607348437
314 358 1198685037315110493
314 359 6272546644358377890
314 360 8496514473806750980
314 361 -8561211867427645290
314 362 4999319330593158096
314 363 -4567035175136800067
314 364 236276134150898126
314 365 9086644281277558674
314 366 5537132274786823300
314 367 -5833820854871458678
314 368 2530543446582919468
314 369 -646918029027060530
314 370 9193511084032803554
314 371 3699736842931144075
314 372 -5932675904383411007
314 373 1608430775156016879
314 374 7856516645683966722
314 375 2065083286755939255
314 376 8904749787746022840
314 377 -1919444932672849011
314 378 6205989860900126711
314 379 -4616419765947927283
314 380 -835735350966984227
314 381 -3778554611577669599
314 382 -6877308885048046588
314 383 -1837508628999450298
314 384 2093104992960254179
314 385 5197908818127809111
314 386 3241724563594939804
314 387 689276105937864270
314 388 875014254685431774
314 389 6462689119937912185
314 390 -2524759004756882426
314 391 6807532183571941284
314 392 -3354150645880652784
314 393 7589732521960970149
314 394 -1708415373212195396
314 395 1933795182006783418
314 396 6548324629284508052
314 397 8041969298577015547
314 398 -655990161558347381
314 399 4149283301039995824
315 0 122650344989329892
315 1 7444790559995353912
315 2 -8734997081589631301
315 3 5416509364962410589
315 4 7878239128858570034
315 5 -1167293821546530390
315 6 -7072788969737605013
315 7 -8379504378282003072
315 8 -68972794769897831
315 9 8231778517073682350
315 10 2125914280493623977
315 11 10782994164018551
315 12 -1319695205731889634
315 13 6104916932700137270
315 14 5855813853680390887
315 15 -3816791655197241869
315 16 338105496006535454
315 17 8466314749450199294
315 18 4732129205120472205
315 19 -6524216826501509993
315 20 -5753046209582231401
315 21 -6139513459258586875
315 22 -8307695835540121728
315 23 2547875260855731124
315 24 -3893980517778701328
315 25 9148862603118497283
315 26 1902404886328814741
315 27 -7464045894985659196
315 28 4819183596892286525
315 29 4213536551595532324
315 30 6778167703289238724
315 31 5370288141198235294
315 32 1911448086341730407
315 33 -3245789838987193655
315 34 791490045241731184
315 35 -7017472982381900027
315 36 1021287438335727237
315 37 -178174315656110047
315 38 -3205025238272567228
315 39 -3218803120607123498
315 40 -1997004152148932067
315 41 284726568351507096
315 42 -503795063577696713
315 43 -4067662271375456971
315 44 -4939169582243556951
315 45 -3174304512914183639
315 46 -6256565222651566565
315 47 4914334183381389539
315 48 -5546867772211546795
315 49 -852530506446122484
315 50 -7618311311398172604
315 51 -2306709003818186555
315 52 -1775387334714514004
315 53 -3106445746520700070
315 54 -6112436300694681131
315 55 -6742367507503200790
315 56 -7345241643614208387
315 57 -6366243587166966516
315 58 -1168346731257050117
315 59 -7477604768696847420
315 60 4483417638715720670
315 61 -1573445736547898398
315 62 -3935394537581990638
315 63 -1169355623536952017
315 64 -1102352041128792840
315 65 -3338721333177525937
315 66 5864446707394874586
315 67 -1898606613745408067
315 68 -8483694647885190306
315 69 -6202808763338403462
315 70 -7463379207498673630
315 71 2079233082753561966
315 72 -5377277894507478977
315 73 -9151314007680185766
315 74 3761349980185618485
315 75 -697866227749633492
315 76 5552984338064653159
315 77 -4645302790879408594
315 78 -2102260539622080458
315 79 7965998213093364410
315 80 -277738492934421761
315 81 2259452559217744736
315 82 -5859949047685101322
315 83 -1081137677561735377
315 84 -1356755513674048035
315 85 -2864853507327117872
315 86 1854405026533401527
315 87 4246391005270483737
315 88 -324642095214314942
315 89 1276138913520719569
315 90 590191217535179041
315 91 -531648839311403623
315 92 2593564598891240413
315 93 1985971566636474238
315 94 -276564646829454323
315 95 -3544204294802190756
315 96 -8303378740948775322
315 97 8205183870529979473
315 98 -8281746506649295753
315 99 7181236415788560953
315 100 -1018497653298852103
315 101 7610135353129014558
315 102 -6200913220046402609
315 103 6028708499970868261
315 104 349216571183246958
315 105 6243572271805977405
315 106 5536256077297179378
315 107 292823871333461258
315 108 -8771654353162016511
315 109 913744868936676193
315 110 2618655946802225383
315 111 -2679417997209436510
315 112 -4000268360091332730
315 113 5692627594804854857
315 114 -1658637919999862316
315 115 -4972450121187222163
315 116 -1656745573454478923
315 117 -6976970837842014214
315 118 3912667227438653264
315 119 2957124981741591066
315 120 -7606394951932626313
315 121 -4214778384016422277
315 122 -8335928656364745560
315 123 -5814242691875708576
315 124 -3633247711345314627
315 125 7266769265712480227
315 126 -8058340711837001174
315 127 -2017961875090219133
315 128 3177397738707584915
315 129 6755482085882927595
315 130 4789975185689869865
315 131 5075305242027693864
315 132 3515788171059948094
315 133 -7481383706994041895
315 134 -1623943036347339123
315 135 8200183496488814795
315 136 371451376046939669
315 137 948228807911225138
315 138 911352300643036422
315 139 7024631734473684598
315 140 -5509234919320196458
315 141 -8457489167180916996
315 142 3350047245254271181
315 143 -6509043856622038693
315 144 4409262106835098023
315 145 4251935338405461958
315 146 -4629196238439342337
315 147 911763946657032777
315 148 5972297795572707773
315 149 3062354210070854880
315 150 6959832371492831970
315 151 3732604470197088479
315 152 -8475669606521667693
315 153 -6874074528138567844
315 154 -4122294113525807279
315 155 2568585855329379776
315 156 4279411291324687379
315 157 3023292017721778084
315 158 -5375379398118945757
315 159 -4023659739419870867
315 160 135750918119403663
315 161 -7940919487267465569
315 162 8854426263667907823
315 163 -8064497177740279569
315 164 3839874627189608881
315 165 5134964612892000148
315 166 -1636146684762818145
315 167 5580762877127647322
315 168 3331522817637726958
315 169 3315994854801086144
315 170 -4553117564008889018
315 171 6305542535125897506
315 172 5256846937043990
315 173 -3242812346272096844
315 174 7385663400305662784
315 175 -7469977286132132710
315 176 -7161464750984557453
315 177 1436974623014030579
315 178 -4800658555748551679
315 179 -8132958786021145394
315 180 -399538012770133483
315 181 4196356960808769725
315 182 -3907251903006236015
315 183 7163229882932842345
315 184 259002123450550392
315 185 -3796907646315987444
315 186 4428216030759712907
315 187 -3424075237657629339
315 188 1237208791830581640
315 189 1708275623667766720
315 190 2566743474332630010
315 191 117681959348721035
315 192 -3433139755159956025
315 193 408326282976312053
315 194 3834183416554731808
315 195 1474283025684192139
315 196 2892230625671444758
315 197 3072227988156916848
315 198 -4079074049309192981
315 199 -8619782453265162534
315 200 -9156368308883148121
315 201 -2850125201825542531
315 202 2545695170808941933
315 203 -1245074932331471931
315 204 -7183291143552850635
315 205 396352951439381223
315 206 -6899455943253764498
315 207 -6946169759019209871
315 208 2305563814579468030
315 209 -5226000314852740017
315 210 -7295367336437182888
315 211 -8297282968649386990
315 212 -984422172009630625
315 213 1241161538323965943
315 214 -4630404934254242414
315 215 -4755969371052529813
315 216 2729023788507992146
315 217 3342817434847981257
315 218 885013822463530961
315 219 7269933625743443753
315 220 -5282416303029194380
315 221 1046305120574178090
315 222 1437284159140616664
315 223 7955779908562294910
315 224 456163206903944931
315 225 6271245959222979061
315 226 8696794528572214216
315 227 4488859674341024471
315 228 234256106062086932
315 229 165623398523403332
315 230 -5327528765734245664
315 231 -7593247503165877783
315 232 8779542738616594410
315 233 3472717654277110930
315 234 -2645639982594931400
315 235 4592724926727521636
315 236 3108037135931129144
315 237 -880299072070930631
315 238 8110955773413456603
315 239 -6299465926074696169
315 240 -1351104292637452621
315 241 -8027832008269190568
315 242 3165250376224841114
315 243 -2508960691606085277
315 244 1748127091285409498
315 245 -5816157094002353188
315 246 2456168140271244698
315 247 -223723381642927294
315 248 -1864793512116646698
315 249 815137444119771440
315 250 -7647318549834072122
315 251 -8582486828176520204
315 252 -5239830619670038177
315 253 6797519892293890201
315 254 4805813263429270780
315 255 -885171276318181122
315 256 2463555612657356036
315 257 -4284477767481356603
315 258 6527877451854514676
315 259 -2598045833254029374
315 260 -216508534346682740
315 261 -7830985085763380461
315 262 2303578472793140570
315 263 -3149204997817784142
315 264 5152957536286731348
315 265 4434762201788237139
315 266 4660462106993262288
315 267 5022337136017980325
315 268 -2178348197487887269
315 269 -221072484870945512
315 270 -7545391101784176570
315 271 4906596289946667608
315 272 937186808472913222
315 273 -5539114151991229872
315 274 -4640094241994325998
315 275 2898064112262088276
315 276 8028896651687075343
315 277 470405550619435768
315 278 7747872341663359704
315 279 -3863795946660964188
315 280 -4425018045728895717
315 281 -8829974203311202610
315 282 -2972975876104875431
315 283 43172935661815913
315 284 -7083238076187096049
315 285 618748687447161493
315 286 8058727009725101120
315 287 6153879876191244294
315 288 8899363241720574232
315 289 -8692399950474374332
315 290 -4173962898834310246
315 291 600635281940120603
315 292 -5086683416564159935
315 293 5724575369294061117
315 294 -2137789544433233531
315 295 2993839656548558673
315 296 4017966493477842310
315 297 1824457884549131781
315 298 6281160428588695138
315 299 -141143467602258421
315 300 -5875830012898992984
315 301 -6297637779354392629
315 302 8806104848170072913
315 303 -4446928449270514443
315 304 7558352342873537887
315 305 8642405580146007407
315 306 8589871899091738282
315 307 -2690639039725246120
315 308 -7766125695088495410
315 309 1501490805149785269
315 310 2176716135521548214
315 311 1106177401609834165
315 312 7449046326836478599
315 313 -1069219070578723172
315 314 -3238624064670315043
315 315 -942250986720924874
315 316 5151834938439092591
315 317 -8694079992335888339
315 318 -6051947477613194513
315 319 -5533131373673641101
315 320 -3375577182357645261
315 321 -6060300817785799940
315 322 5697503331847293050
315 323 -6032719070714826930
315 324 -8908604739290835926
315 325 -5077294420442805359
315 326 6616488749198855663
315 327 -3264642987283773527
315 328 -3224913355927142227
315 329 -999792552382506011
315 330 -4575437450175911584
315 331 1206162367435105199
315 332 -6636781527179214889
315 333 5725130925588962502
315 334 -7601564635855614703
315 335 -6340087130446272764
315 336 -6988079118452344922
315 337 -6733141466811229138
315 338 40308446809785544
315 339 -6262964068421232198
315 340 1877802682752258584
315 341 4197666467062334711
315 342 7360990938117556410
315 343 8685944594620959120
315 344 -7731049968956017800
315 345 -6831708518737090987
315 346 -3099140398725772012
315 347 -8950566343841751499
315 348 392150182715839210
315 349 6632263945441641234
315 350 2921746694479253632
315 351 -711620515298131301
315 352 7243511164851801587
315 353 -2424548588991670490
315 354 4225352005191448699
315 355 4914335657577789004
315 356 7429389178522575780
315 357 -7979514833171409986
315 358 -1605450363032296225
315 359 2493476756499342985
315 360 9172386585444225461
315 361 159346291707618687
315 362 -8499428009142881531
315 363 -713143081671677538
315 364 3752498939902486019
315 365 -2728410723188173913
315 366 -543697198564957157
315 367 6499731972253527557
315 368 218252295266709227
315 369 -1145463715107118261
315 370 -2041080950146408927
315 371 -7213430848441302790
315 372 -8408247607185112743
315 373 4905413201220629664
315 374 -2223932210643179124
315 375 2063325657429363525
315 376 -6698073510617694557
315 377 1662747303545105122
315 378 5710373556549958578
315 379 -8735571240774214396
315 380 -8497996979530325173
315 381 -4857717535939542814
315 382 -4989772702251690537
315 383 9187293925262909243
315 384 6787157570544208694
315 385 -8639535728768256905
315 386 2137497316338314783
315 387 -764320183583746333
315 388 5030568158734398638
315 389 2775736533692153926
315 390 1777360646820083865
315 391 -8296748257985479016
315 392 7863414055391329550
315 393 -1489895328107721190
315 394 -1117969587938424209
315 395 -2360803948644739361
315 396 -144972117046286356
315 397 4968123064473353857
315 398 3022156271458158682
315 399 7042453079427335261
316 0 -1300941633814550498
316 1 5489423291879071462
316 2 5846753639725112324
316 3 -3552901895769303516
316 4 -7428347844529103001
316 5 -3815936533139367916
316 6 -4385575583422727722
316 7 -8893098145910246988
316 8 -907991011078016420
316 9 -2277861903505521935
316 10 376072477087157072
316 11 -6019338600241756633
316 12 5785487994947145408
316 13 -7940416999379408382
316 14 6620176982774529969
316 15 489834440127211695
316 16 5040582878641720203
316 17 3871801520127654537
316 18 7940009549658185076
316 19 -192585686994109877
316 20 -6020488393027690321
316 21 -7386260946931006364
316 22 7602333759812961247
316 23 55987525090608809
316 24 -8430952967331245065
316 25 3145351932153929796
316 26 -3996007401926695433
316 27 -6189619165918778257
316 28 -2941976218993750302
316 29 7961241458753871051
316 30 -7681675586003090962
316 31 5559273450303026585
316 32 4466782955007380056
316 33 4779464078964411846
316 34 7686285263378801026
316 35 -5446579142836935180
316 36 1075325172762600466
316 37 8947867018483586845
316 38 3727150783709225611
316 39 2952992631111141425
316 40 -6496374513827073912
316 41 8423011607533975119
316 42 -4638781214714253986
316 43 -7123447592696947884
316 44 -1124825304144430181
316 45 605049395742311782
316 46 1691247741475163453
316 47 5910903442131492433
316 48 5103235226773642213
316 49 261440950562271294
316 50 7359946067919267594
316 51 5893203147494528471
316 52 4850946178078771016
316 53 307595349208078242
316 54 3698352574409932014
316 55 4007049390893391895
316 56 3388383958493025807
316 57 -2349898200854879824
316 58 2577648895989026236
316 59 -2795007193793069395
316 60 -8371529098534291432
316 61 1395458148955679999
316 62 -7367452251760265241
316 63 4796912170242196508
316 64 4650688806017431165
316 65 -6569689658028635035
316 66 -2661954628936836332
316 67 -8536741516774195037
316 68 -945876441493428227
316 69 8761183738082940981
316 70 6248075447842235969
316 71 1066245332897242644
316 72 -6877833845831179003
316 73 5419915363138733879
316 74 -9223215956802966667
316 75 2468237524210080682
316 76 -3508751285027006868
316 77 -5563208862165771929
316 78 945542650465073276
316 79 2672611942448454753
316 80 3557473650801380960
316 81 -9104621394380997508
316 82 3562107845506898379
316 83 -3418267927159502337
316 84 -7945520733751558258
316 85 317993279071648017
316 86 -8813413869077018179
316 87 8125091480041310289
316 88 -5321764891800730999
316 89 1188345907403534275
316 90 3133272808340365370
316 91 770722971008191163
316 92 7410896104781475969
316 93 -4171407071373159731
316 94 -8362451484158001127
316 95 4167118345203416866
316 96 7696949376076261635
316 97 3566791507481467698
316 98 4663721989318723198
316 99 -7152391334778828651
316 100 -7639881346017188686
316 101 -1181824779293134042
316 102 9049534777777727139
316 103 -9221174584297331049
316 104 676255114470619619
316 105 681758948678342919
316 106 4174910464424386643
316 107 4700545986626805187
316 108 3277071007293010968
316 109 1319870447683520586
316 110 6422330820470429748
316 111 3951935905849336302
316 112 4372040543696607442
316 113 -3648687144976719242
316 114 7198652284581665379
316 115 1287759319696417102
316 116 7132955898120664895
316 117 8113213025092726082
316 118 -6715154846216986467
316 119 -2718335336832441221
316 120 -6888730846911278731
316 121 -4436743479358818734
316 122 6309152703300298230
316 123 3216611388439169815
316 124 8389646293086839618
316 125 3721017802189346354
316 126 -1000187654372100511
316 127 4031794050588959217
316 128 -4032262186809388339
316 129 -4990032089290511914
316 130 -7520873116171566809
316 131 -2446201725886196695
316 132 1043372969981848258
316 133 6509994307286626166
316 134 7106652904073045636
316 135 -5596537339052021612
316 136 3086285258672189973
316 137 -2410754480112859360
316 138 4893987162405293729
316 139 1721014415475403715
316 140 3494502693700353500
316 141 -1646444729436185697
316 142 1252216094962902157
316 143 5854712581830983653
316 144 -9116416263135430013
316 145 1747366033922850434
316 146 -5824796570098578617
316 147 -3232271401579041480
316 148 -917370843108127438
316 149 -7149022096390227243
316 150 4786987338140001892
316 151 8268942351723775208
316 152 -5040772612657876592
316 153 -4816660084081208004
316 154 -470040896176655935
316 155 -6532435163443089074
316 156 -4301321095274043445
316 157 7628572554318749304
316 158 7834342779099078787
316 159 -8958190039092773715
316 160 3994390551332618602
316 161 9123675104999332820
316 162 6982480360997332159
316 163 6949325342954684154
316 164 -7128586870998920840
316 165 7597811435700682362
316 166 5541880865076767798
316 167 7849728341747848777
316 168 -2429974630437773425
316 169 -3869648131189966399
316 170 1695342808006286131
316 171 -6143401012190041987
316 172 -1850741238561497921
316 173 2919635677510199245
316 174 8864522569768388275
316 175 375836952585878009
316 176 1414356744821547522
316 177 1679904999957360305
316 178 -7815050524688386893
316 179 -1490294534749315833
316 180 7666476203321634145
316 181 -7176570414122289457
316 182 277736661899285365
316 183 2596283459302883492
316 184 -4351472873238725827
316 185 6039758887073866332
316 186 2427739702694949209
316 187 -8765858156844605740
316 188 -3326114897667887732
316 189 -8969725715483605412
316 190 -4806453614407318123
316 191 6060667479277328542
316 192 -6096091310191348240
316 193 1478797142119028648
316 194 4889041126602610980
316 195 5300643349107459426
316 196 -9147935167406174946
316 197 686852875062903343
316 198 1611658881433919247
316 199 -6915002590076545989
316 200 -5507818077869611262
316 201 -3799893017418509515
316 202 -7889047150660697397
316 203 -8051965708527140475
316 204 -1263079869890405611
316 205 -2824314535371321755
316 206 -37103036611428099
316 207 7637096694435511585
316 208 4357005297395710203
316 209 -1746629352723057628
316 210 9070440331529340917
316 211 -1902662987362772582
316 212 -3925070798987072533
316 213 8065690253907029364
316 214 -4866830950719553820
316 215 -6125427329794599250
316 216 4253716353928745843
316 217 2093001853746512324
316 218 -8489876495729528599
316 219 3003743964478757169
316 220 -7498036569599709145
316 221 -3167148430214949015
316 222 -8322927840104526879
316 223 -1623699590010663127
316 224 2646819143445259210
316 225 2913330706205108596
316 226 -3873675768188877133
316 227 6498044560190386154
316 228 -5181398437936817191
316 229 8240750677774035379
316 230 1349476364994553082
316 231 -4530047327310640530
316 232 -4531423332696683846
316 233 -8514833714133448254
316 234 -1489996429838378573
316 235 9138602025305343744
316 236 -595707925303689872
316 237 -8596724016693592356
316 238 -6249935675151893344
316 239 -3600605493986755577
316 240 3853187163885105399
316 241 7746579698423341724
316 242 433296239209788708
316 243 3934585020352034556
316 244 2351730430327533098
316 245 3738134265811614394
316 246 8496447695825794676
316 247 -6358741960606737096
316 248 -5120301449264003591
316 249 7432105530891693868
316 250 -7528766013282836881
316 251 -6896292112008689360
316 252 192859539789976786
316 253 4202556156475881855
316 254 898238002962896323
316 255 8295674208242364287
316 256 -5530973502188068329
316 257 -8995718555980678793
316 258 -4352348938662002252
316 259 -4185584476889052554
316 260 -7329823066693603832
316 261 -4191984504260856139
316 262 6531114052197379970
316 263 -4628415701256059907
316 264 -3814344979920073020
316 265 477607969907695678
316 266 -6992617462593642638
316 267 8602631834775095287
316 268 4258275779717029095
316 269 -1071164289873126558
316 270 -3917379567321637641
316 271 1241561068300546008
316 272 4148752880162232612
316 273 -2060189736474011814
316 274 -4998348334660465734
316 275 7824700235858962255
316 276 -170103624330463527
316 277 2169958448408120291
316 278 -3393215679540266598
316 279 934622283220929517
316 280 -7434767241330706413
316 281 -3716766076404335052
316 282 -11053533426292556
316 283 -34795634212657357
316 284 -2401744592695139687
316 285 7616898898350476160
316 286 3012264817271269893
316 287 4778208247232737992
316 288 6005256335785023902
316 289 -1999312584946923932
316 290 5058897563622689775
316 291 3999701616768781908
316 292 1792598795432010503
316 293 7495446188399447918
316 294 1543746278612241367
316 295 -2459031422928784649
316 296 -8351179965638436600
316 297 2364667928733960571
316 298 7123458244083155959
316 299 6621477450142670188
316 300 -6549681739814291736
316 301 -7507286799960536690
316 302 -254663267482055442
316 303 -1268545167071149273
316 304 -8460922785189766075
316 305 5256257621365575901
316 306 -1558135945767999275
316 307 2003974597672172266
316 308 -4023686171616618032
316 309 299167380921187995
316 310 6346751907729940517
316 311 -8881641498933507959
316 312 4409716485431266601
316 313 -6051515858877033025
316 314 -2778990507463922542
316 315 8446089242753979570
316 316 -6348418992703767581
316 317 -3659010204567833944
316 318 -757756675594702199
316 319 -5923691396368136389
316 320 6625068435153828970
316 321 -6775663945977000169
316 322 -1579215693280560828
316 323 -7617317520284830701
316 324 6741383944909033799
316 325 9134493525129398262
316 326 -5273152589926958151
316 327 5483505578602864654
316 328 -4032012959617534485
316 329 119346313960024573
316 330 -7579231842957596346
316 331 6141103819600683725
316 332 -5691666468164656146
316 333 7892758762953299696
316 334 6794302681340053862
316 335 6166529286354110552
316 336 103592541038266452
316 337 -3143559123477125668
316 338 -4202208435164900774
316 339 -3057570929715194385
316 340 -8657712721255009272
316 341 -70290012957343134
316 342 5466746998070289945
316 343 -8365583111709730949
316 344 4298330113488514125
316 345 5947238643078646063
316 346 -8249645324190589230
316 347 1596758570264763959
316 348 5507024434215976139
316 349 2867661335842389601
316 350 7289350932925358464
316 351 -1445392024979871274
316 352 5205192628751392218
316 353 -3965823803215533031
316 354 5375093786393884804
316 355 -1604762344981510311
316 356 7574852799172070750
316 357 7089793676847506761
316 358 -3831298777294391316
316 359 -7542430620205223782
316 360 -39700442243716893
316 361 4718220979076235163
316 362 6389897037196684632
316 363 6434800948919185374
316 364 469047367734527473
316 365 -524737146940391869
316 366 1197935581109416489
316 367 3302536936474810434
316 368 8740009002079695438
316 369 17492512721011738
316 370 -7627804409036769321
316 371 -8184240595551927850
316 372 -2232532308340861330
316 373 -2347807522228273732
316 374 2772411159483011482
316 375 1275854953970352465
316 376 -9051971128390673304
316 377 -7335612141556039517
316 378 -3131087221596885039
316 379 -776734509750816371
316 380 3640238552661582157
316 381 139993909501846742
316 382 6827553379227705063
316 383 -2014965194328617519
316 384 7559452189348163619
316 385 -1890544548265289430
316 386 2854045790433944564
316 387 6278765352644291977
316 388 -1254173766926078016
316 389 7406926917257587128
316 390 170140013226153818
316 391 5309249055214511928
316 392 1674542614607880954
316 393 -1511491377696086181
316 394 6203861505281871181
316 395 -4987663172692769948
316 396 -7517271056816065489
316 397 8211097335742968794
316 398 4702002856208208436
316 399 -2329681133643444096
317 0 7796300544850344616
317 1 2681529588906307465
317 2 658886120547781303
317 3 1602349337651091926
317 4 -5570318720186756751
317 5 4053612110553168574
317 6 5762765586013403741
317 7 669932269928748375
317 8 -7361603437079382905
317 9 -2632545928871505845
317 10 5221659456503426187
317 11 -7450253909358084799
317 12 -3885477233634528749
317 13 -5027161716076816141
317 14 -40394246274746652
317 15 560124547682713431
317 16 -6675660116736820809
317 17 -7882128126460096817
317 18 -5767098874080941193
317 19 -7088307167720959358
317 20 -1523810198695162745
317 21 1263203595586111241
317 22 -103000780570651163
317 23 4912517708190444410
317 24 5527102298839398584
317 25 -8928200918809066891
317 26 5445338767608408642
317 27 5277265031349553683
317 28 -7548825645064817406
317 29 -7028848719396058467
317 30 3400649453430448781
317 31 -2222105345058154388
317 32 -7364907047053582566
317 33 -7183874944790348285
317 34 -6834652199487186711
317 35 -2578171664907076100
317 36 -6327286784642535220
317 37 -3925355172823981091
317 38 -3686551229959097857
317 39 -8094399014841669196
317 40 -5510460926329417048
317 41 8653302128648168627
317 42 -6958904432519690749
317 43 -26412483250425919
317 44 -1382218455281661961
317 45 -2146586986103833412
317 46 7688332179993667692
317 47 -6456866468641930697
317 48 -6487643522759905296
317 49 -6382672101070293785
317 50 8634314184186003131
317 51 8207722335447983802
317 52 -3747019851570802540
317 53 5737370660798489056
317 54 -1424062620580409940
317 55 -4756503621338223672
317 56 -244192750052274313
317 57 -1522746272311476475
317 58 -866450825651588407
317 59 1976851389695689460
317 60 997827597298158570
317 61 6696395315524097706
317 62 5194397244817448054
317 63 6906920203168894378
317 64 -8641632675696981131
317 65 -2083371780674472639
317 66 -3570841087168430391
317 67 -8529028161535483419
317 68 -8057139375031970767
317 69 -5208952176910022779
317 70 3141909109130900998
317 71 -1852713150532109305
317 72 -4362343244977159235
317 73 -3091364094134799207
317 74 -245351824943452926
317 75 -244356667285333323
317 76 8888656939411392670
317 77 -2953957068178555391
317 78 -6861695857732577842
317 79 8433744280264302870
317 80 4046455850601964742
317 81 -8839476209588392440
317 82 4858984182786726158
317 83 -5429158864149764288
317 84 -6345874124809935920
317 85 1384173194467250397
317 86 8481179377344223285
317 87 -4787320133776568152
317 88 -1445973815100637958
317 89 5916431845764040902
317 90 4723664957650012828
317 91 -4082587079878067770
317 92 7165073935763484644
317 93 2031391102029496776
317 94 7663016499935557638
317 95 8358838880057508275
317 96 3890003533253276869
317 97 5061511115647553703
317 98 4681781248699595539
317 99 -6829898985083257724
317 100 3974066607414214605
317 101 2788987307248683587
317 102 -2039023050333707072
317 103 -7800410101934299163
317 104 -4669106917486401503
317 105 -4831592402340757213
317 106 7386676855580218206
317 107 -6267021445211629537
317 108 -1778408536555984068
317 109 -2775868831525768945
317 110 8305344965637696810
317 111 -6481767094405964850
317 112 813673211106468790
317 113 2857461636725938205
317 114 -2154491150273423528
317 115 -1025464015669171156
317 116 556205605211640363
317 117 -5878545091393426986
317 118 1502115508246000557
317 119 -8948830494992382460
317 120 -8876464798284196835
317 121 -1600373061293758222
317 122 1060049214396743532
317 123 6157756727557116807
317 124 2678431775989688012
317 125 3753454770682939282
317 126 -1769235531828553631
317 127 -1040572091687940965
317 128 2887154500099548556
317 129 8177359833257774880
317 130 -6249161402297949355
317 131 -3209304224439924650
317 132 1519758661506425211
317 133 246378740582314083
317 134 3060405430421532996
317 135 1203614684467530575
317 136 -7926074091959187833
317 137 3876826548493996904
317 138 -1822664911606994324
317 139 -6690720545876465182
317 140 -7457657629918362690
317 141 8806650879636883667
317 142 7950988852091423093
317 143 -6323446878546141702
317 144 3069983982751827545
317 145 7647494713245332288
317 146 -169892166001054160
317 147 4629249429831400270
317 148 -8703742839202801742
317 149 -976173095792191674
317 150 -6178961534505510488
317 151 1787005155200583306
317 152 -5551033777917946394
317 153 1059387701544860181
317 154 -1373348950114936317
317 155 6992931772062282637
317 156 4041906723869186010
317 157 7016406292973474210
317 158 -5349337073643745423
317 159 -5694392367770835483
317 160 -827402905273747421
317 161 -148110275964832162
317 162 3014923655866758022
317 163 8877483435608900458
317 164 -4382312762032654779
317 165 4726241310358114548
317 166 -9200906547515188580
317 167 4283282438947457836
317 168 -6878628866774601461
317 169 8642594421031561400
317 170 -4033506284948633096
317 171 7858595545202627683
317 172 4668310852491574606
317 173 -7519925601374389298
317 174 -8229493556397730540
317 175 3289302855099570531
317 176 3181210381551122675
317 177 2666185288630368721
317 178 2081032667835120554
317 179 -5134224957630093319
317 180 1345609832997583841
317 181 -1384255604938293692
317 182 4776473426436684384
317 183 31395636988913492
317 184 5243000576846764353
317 185 -91277199502943091
317 186 5386689798972045236
317 187 -4321376674261018407
317 188 -7966800108130529571
317 189 982897946360012901
317 190 -4823759072688133143
317 191 3923424699917887224
317 192 -5720683889832517765
317 193 870881826734924105
317 194 8050104276612018945
317 195 -1653175503422616125
317 196 -8660776421784151690
317 197 -8080168548281184442
317 198 -6918841209311496011
317 199 198199831782623654
317 200 8599966991249498252
317 201 -4660432222294216562
317 202 5342452208106407082
317 203 -5660331341190769054
317 204 -7318410747441784800
317 205 1524984509020804084
317 206 2526119371528573118
317 207 -8647315757306063196
317 208 -6635026831111559309
317 209 -1512068283019711042
317 210 7742783713175631706
317 211 452216062251283471
317 212 4983216774887925407
317 213 -7342127560956195250
317 214 -2993553721320754594
317 215 8528668654736448876
317 216 687825009727898830
317 217 -159956719204130973
317 218 -3171742214135394946
317 219 8713877075990125773
317 220 -1820060518794164466
317 221 8937977680576683703
317 222 -877929551417271480
317 223 8709650669520138406
317 224 5810166706640557060
317 225 5171856909756204827
317 226 -7848669936187674240
317 227 -3044221936666947791
317 228 3720495793823688253
317 229 8335452501466562092
317 230 1274412128885689787
317 231 8910449432977870836
317 232 -3436157619800821168
317 233 -3239823489222901117
317 234 -1586549161368939570
317 235 6267102304492328464
317 236 -2302781799347878605
317 237 4009427727937354676
317 238 -2182821089383717850
317 239 2283769272659235606
317 240 22555789626657605
317 241 -6574124182439501096
317 242 7459057329670645111
317 243 443925605258662848
317 244 -9081863559669544571
317 245 -7039916574613239892
317 246 1278569610881930676
317 247 2233336567494592550
317 248 -6283530250548958077
317 249 -6828673774825204175
317 250 3734880351664952128
317 251 6114845709953102314
317 252 720500633463476788
317 253 1408757049241238941
317 254 -7163580613318205513
317 255 9174250224737738653
317 256 3651158589970219471
317 257 -8248847647274385714
317 258 -5856772721313459079
317 259 5664020542736282
317 260 2062962266155995607
317 261 -6531238734761038011
317 262 -3274741246487818809
317 263 -6293187096189614397
317 264 -1295158988792015833
317 265 2512374565898907378
317 266 8765223258905090891
317 267 2533579200320176369
317 268 116693021116836661
317 269 5279184490596940044
317 270 1499932804121551800
317 271 8307828811210607506
317 272 -6952078254718917762
317 273 3088906311601654499
317 274 -2862647485823186021
317 275 3074590375259658176
317 276 3157585739679643833
317 277 -9030387163446613385
317 278 -2090811058948078402
317 279 -8016652517856826176
317 280 -1215412031548174119
317 281 -8979771396538212016
317 282 5144995969092667673
317 283 4935150301072293094
317 284 8362224210840786414
317 285 -3258366997452308502
317 286 -3504958882535319794
317 287 2954714407107215920
317 288 -758540847688193027
317 289 8301214794314037983
317 290 -6614793896003638152
317 291 6069671272330481952
317 292 9154950137178730957
317 293 -7214870846839738554
317 294 -4901197671128972542
317 295 -5207042009980355738
317 296 -6666459047213089136
317 297 -8054438512363313355
317 298 -3808976076308510809
317 299 -201357613913685270
317 300 -5759901943315884014
317 301 -7632112346927503972
317 302 -5914434624197941753
317 303 -4765438314436518983
317 304 6550045956538957749
317 305 285587114933078109
317 306 -9215815628331417504
317 307 3614025843216796420
317 308 9103681044250053895
317 309 5643080503887071676
317 310 4194098973246335388
317 311 1027254296007372679
317 312 1268790665859620502
317 313 3147779898981445704
317 314 7058229897557009101
317 315 6353820231829961206
317 316 -7080596556547347469
317 317 -6331426128017295197
317 318 -3825937353545428367
317 319 -1707909115036455942
317 320 8784723565736997479
317 321 -5826165837153685247
317 322 4391442465105155261
317 323 -9154571524553036028
317 324 5574915171124568320
317 325 7373352904204460327
317 326 5373755450942507131
317 327 -6768193591226282940
317 328 -486444907679740504
317 329 -8973087071205863020
317 330 1727025409369072831
317 331 -8614339381081189684
317 332 2685398908256808779
317 333 -2234586454305601717
317 334 7072352275030927881
317 335 4587521760495244809
317 336 2647517397720750980
317 337 1503341704718617940
317 338 -4678742264220914613
317 339 8425991511208849059
317 340 -2933446432925107159
317 341 -6888118966811275988
317 342 4189503010570827602
317 343 4556757285808946933
317 344 -4759725563760554893
317 345 2703511943052329581
317 346 3679455227565695460
317 347 5685374831359017859
317 348 1999023346613037815
317 349 -206543709008121259
317 350 -6129110978889083074
317 351 -5119639709925583112
317 352 -6681320363598324405
317 353 8061865833092539296
317 354 -6513493488513583648
317 355 5027648202474903838
317 356 -7851975689585438379
317 357 1772825092744273258
317 358 3326170582978202863
317 359 -490235804266168541
317 360 -8085780424895287763
317 361 -169824130508661825
317 362 1881341941601071945
317 363 -3834504315310405399
317 364 8518381782708281478
317 365 1687687684400795832
317 366 7351197628387701714
317 367 4929192681619604560
317 368 -3922935323570772235
317 369 -8346729903752917683
317 370 480874629861197853
317 371 3064348845286956287
317 372 -3668901240689643597
317 373 -4660155686553953946
317 374 -3755550450638795602
317 375 8501249592407058317
317 376 -4315375378071482676
317 377 -1785301537140062197
317 378 494325835270443535
317 379 8954966256543337248
317 380 -2377431750001702437
317 381 -9185653546749030775
317 382 -5783661683470838736
317 383 -2419653292105195174
317 384 -2503813999798762758
317 385 8118062732043840040
317 386 8287455408560040501
317 387 7760756603883923086
317 388 -2836680746511980204
317 389 8224592597135643221
317 390 -640056846098469479
317 391 1295070852269205203
317 392 -6382247897389229348
317 393 2818573694888785545
317 394 -328315547324972217
317 395 2969679588414841076
317 396 3358149910328232220
317 397 4349485068256328282
317 398 -5695744358764238108
317 399 -7186699997176492844
318 0 -342804767534673964
318 1 -3502937283851917306
318 2 -3659774110284405916
318 3 7090503505418609980
318 4 4901895292770542628
318 5 4718584613293527179
318 6 2448626724466821441
318 7 -6394424668340861808
318 8 3957831360276955441
318 9 -8198703603857032135
318 10 -7608139478174350937
318 11 -6685845188325774832
318 12 5202241661723533144
318 13 389397374143304140
318 14 -1585170897157853624
318 15 -3173549853572416097
318 16 -3785032070744918529
318 17 -6377531859770865312
318 18 57642330953248942
318 19 1110951769353387225
318 20 1571615006317702025
318 21 -6716597838153973759
318 22 7708442104576790761
318 23 -7542747341244869942
318 24 7647982576082358104
318 25 -2176669056307644322
318 26 -6329629552416505905
318 27 1239347309593986454
318 28 6623180311731286541
318 29 -1453981659815543467
318 30 8841542451769486945
318 31 -5757674254951427594
318 32 -1863578976186140704
318 33 -1459082381055271958
318 34 -7708972310575260476
318 35 2333366419659173339
318 36 8118846950399104007
318 37 -3985541673690763435
318 38 -1889330087212959123
318 39 -7552214853146322232
318 40 -5279047131313910658
318 41 8346989831742950095
318 42 -6550676560024316007
318 43 6943656228113120023
318 44 -3409407415446781064
318 45 7996122446623761642
318 46 -8886070410206070109
318 47 -6786531239417136084
318 48 -2174060248784655040
318 49 -4239105124156272574
318 50 -5423446923405362502
318 51 -635338943402492579
318 52 6624168950400116987
318 53 5404994991055726508
318 54 -4758548915160317682
318 55 -6561204539025318854
318 56 6878180924501133602
318 57 1389569498799184647
318 58 8986721748970274991
318 59 -523315460762938126
318 60 8505447918878159837
318 61 -3604209606211482735
318 62 7533389347193496331
318 63 4295587922017186340
318 64 1558561050071771866
318 65 9197297861462184138
318 66 -7248260550915743824
318 67 5336560119319856992
318 68 9013748316005524902
318 69 7572070804667446980
318 70 -3551676609151340237
318 71 284079208009129996
318 72 -5161752216629674453
318 73 6689080174469484794
318 74 -8803035989449107551
318 75 -9156663254994296229
318 76 -634683978805417040
318 77 -126853719695391405
318 78 4633748941623937503
318 79 6224345339369797995
318 80 -3796080578026577417
318 81 9153317707091941253
318 82 8042281244056133269
318 83 8843756522665057968
318 84 -462119971485209867
318 85 4966347332547748847
318 86 -5343751311371174138
318 87 -66479640514935514
318 88 2754897125478892246
318 89 -5346782678335425171
318 90 -6758350016641012713
318 91 -5743105942103397940
318 92 -4008854060772669019
318 93 -6929754647441281927
318 94 3674826040381682942
318 95 -2035121291230566533
318 96 -6270438242241556295
318 97 -7545310533073755533
318 98 -4122257911369886827
318 99 -6261409928061930426
318 100 -4370018299333975156
318 101 -2424416053115851665
318 102 3858872378707847464
318 103 7862146311673782273
318 104 5829680851745342483
318 105 -3927236095001366396
318 106 -8528158087032630030
318 107 3793473171513177793
318 108 5814655070283810717
318 109 -3298346370989587180
318 110 4710642402879709381
318 111 7419559688610774962
318 112 -4879481237261799406
318 113 7758626391177993096
318 114 6260618045569923411
318 115 -5187322069345189184
318 116 -8528620718742656569
318 117 2911970991762719987
318 118 6798977044124236365
318 119 -7438675219512086849
318 120 6751787015765108144
318 121 -383181171254504941
318 122 9166405674621934848
318 123 -3156295965742687684
318 124 4955301383691457657
318 125 9044579667039519972
318 126 6007980268587198885
318 127 9099901151903301280
318 128 -8432762748931505253
318 129 4080996921453711451
318 130 -4213759622815696460
318 131 2669985615094693758
318 132 7059213707736881381
318 133 614052908187753655
318 134 2829405520457929163
318 135 4279658745871341173
318 136 -5865373045888216752
318 137 7967780757707290842
318 138 -2720945018611122691
318 139 -8050183314034912642
318 140 -8479206433256781694
318 141 -5218792061754101365
318 142 8130934926336651922
318 143 5316918680809886706
318 144 -5448506315497111769
318 145 -5646340878153931200
318 146 7101084649082172433
318 147 -4495191240751719960
318 148 -9118312184231551904
318 149 7413973111021456689
318 150 -2117699705975388346
318 151 -5370600084294558225
318 152 -1884472161556319820
318 153 2561299807827553719
318 154 3387022893709711829
318 155 7187468114527244499
318 156 -4291844585448131846
318 157 5055913497850872828
318 158 -6359688535551202695
318 159 3776131597688851058
318 160 8285566315542760291
318 161 5528147011920266465
318 162 -3316052854139433450
318 163 -4328346482576769083
318 164 -1790286016089190987
318 165 -5005666120834126511
318 166 8270491257992799754
318 167 5647105976927258154
318 168 293836733405597446
318 169 -446839792638898819
318 170 -568817549091177760
318 171 -8075585198816154322
318 172 6345206521724703328
318 173 -778887541554572061
318 174 5425011449617392453
318 175 -421621527016065942
318 176 7185250249506216776
318 177 -8280916595595639951
318 178 -1288044201216374868
318 179 4476936743998060103
318 180 7411922741541850784
318 181 -5067313308878941137
318 182 2560991508325960907
318 183 7804908731688993727
318 184 1994366304961113530
318 185 9046008721274346008
318 186 5977319670499240161
318 187 4595427836708576242
318 188 -8029950196036488653
318 189 -5683268484918686850
318 190 3670137127135112566
318 191 809021854270407695
318 192 -6506882236109592274
318 193 -4386319479527981645
318 194 7659839053548054365
318 195 32127627485947059
318 196 -6755397146774752346
318 197 -2290872250356378972
318 198 1979949966434206154
318 199 -4383355038866375506
318 200 -442052726386216283
318 201 -6548716839712371344
318 202 -1489120435526749655
318 203 3990349008809250530
318 204 5405123552280977174
318 205 700374327836175915
318 206 -6615501301150189118
318 207 -5373168274120740538
318 208 2556029770023123754
318 209 8590747157794850997
318 210 2255588540284818083
318 211 -73488801044748137
318 212 7088028506603692151
318 213 -6471273196993294055
318 214 3285611716211692252
318 215 565777334878464690
318 216 5946647803918916467
318 217 -2524099664759037759
318 218 4668828268100313398
318 219 4111028230921384849
318 220 6301111611388955989
318 221 -4758686591269564569
318 222 -1028456347374449294
318 223 5753979892765886806
318 224 1253123113945627512
318 225 7833392493649918713
318 226 6691460541370786424
318 227 5103420102751544566
318 228 5069133456606260752
318 229 -4615591039273141740
318 230 4485320842252852207
318 231 -5202497722616219634
318 232 -4252908568330778990
318 233 6416105041635648279
318 234 -2343112470645051024
318 235 1937688078825306346
318 236 4923839724692427058
318 237 9131290130521418462
318 238 -416034030060611292
318 239 -8287472775788622801
318 240 -6185863907006603858
318 241 1317849736467082584
318 242 7816240077946132647
318 243 8602594075515731083
318 244 -8957197422508578925
318 245 1110241247573680190
318 246 -7365852701467586571
318 247 -7007890749971388896
318 248 254660392067656775
318 249 2883080496764888370
318 250 -3827647568715359225
318 251 7468408134434094744
318 252 -4606673057665006593
318 253 5904965369699452919
318 254 -4688323682165090065
318 255 -6681980346919017868
318 256 -8793330650514080179
318 257 4539983275436531030
318 258 -8334548908487242215
318 259 7008098549625506349
318 260 -3237442017685617790
318 261 -7362206722237815127
318 262 496895798711219628
318 263 2003519765386616747
318 264 3860754761775993922
318 265 5125349881848264746
318 266 2641757107886524625
318 267 4126419016011198555
318 268 -5875120650250186582
318 269 -6521952852881848930
318 270 4505125593466187882
318 271 8404295336433039683
318 272 4181297771350211078
318 273 -7985856882268789477
318 274 -5466517977087709841
318 275 8209702384490163491
318 276 1563909119931916677
318 277 -2447418473266599633
318 278 -5077721542364911734
318 279 5973949834919330711
318 280 -6079564148721112865
318 281 942989746406564566
318 282 2038239405463108982
318 283 -5131657498559529737
318 284 6076376598532444469
318 285 5146036096941336569
318 286 4263767621923106288
318 287 -7973538534281082852
318 288 4927585763401382301
318 289 -8618261533005904050
318 290 -8052630303342679321
318 291 1096346188029495331
318 292 3167739006636638515
318 293 3759802227573706468
318 294 -3478749222642784790
318 295 59572201356515704
318 296 5269963813836939124
318 297 -6767118009014631010
318 298 -2829693125749452688
318 299 5687410576157206293
318 300 -2057501628615254885
318 301 -5404336332378916861
318 302 471796252646702446
318 303 -6022966562404533212
318 304 -3002852129139010091
318 305 -8948584126118194243
318 306 69761795950242388
318 307 -5241635275902012634
318 308 561339290778294832
318 309 -7800605640911990723
318 310 -3316314314346697153
318 311 -5236183228838619991
318 312 1192047252004264324
318 313 -249191133909088576
318 314 1854530536435252051
318 315 6596417241892768348
318 316 -8505911866926806290
318 317 6839193418328613950
318 318 5007145987347114343
318 319 4557842218329873076
318 320 -8962955682687636135
318 321 4847477687370190543
318 322 -1544888369539113708
318 323 6369385285360714197
318 324 -5299364378250684302
318 325 6584846488691290054
318 326 -4393620982354713661
318 327 8742820284364009026
318 328 5987563760971050312
318 329 -5549878711879129363
318 330 1546236724787549624
318 331 4973376522081880549
318 332 -6336822226057358993
318 333 1107643829737038370
318 334 -5868871268008150411
318 335 -2496851645573255405
318 336 -1036749468175014292
318 337 5345925474677867033
318 338 -8655896148927530057
318 339 -2344087289442857446
318 340 2907788490439709464
318 341 -3107180407632361175
318 342 7776651318949446096
318 343 6605486860640987679
318 344 914202781922193279
318 345 -580229185457043102
318 346 4778649356824856066
318 347 7775395600992504904
318 348 4772711978190689662
318 349 6322498347230843708
318 350 3640926594876972061
318 351 -7776033776990453255
318 352 2202122924640542739
318 353 3970909616307659943
318 354 5071775312557098374
318 355 -432508958536490631
318 356 3017867943387563239
318 357 4029235358831325820
318 358 5538961666625743114
318 359 7212903794087921383
318 360 64511296160919872
318 361 -7059271068642615731
318 362 4050449848666967801
318 363 451469449426375588
318 364 -553909560679747817
318 365 3953437886401478603
318 366 -6478621815343939971
318 367 -933190720746031137
318 368 -3982636070563050382
318 369 5271540477041793600
318 370 -4390690867601644975
318 371 5491130347500396448
318 372 -859095540968279098
318 373 -8133684479690240385
318 374 -2041007849058509568
318 375 322660621473233395
318 376 5635713143053717202
318 377 -7099822195519088026
318 378 -5438907071579121543
318 379 4484729498605732273
318 380 -2861298448264363430
318 381 730149563418691521
318 382 736043613206410752
318 383 1551396333385649885
318 384 5866744263328871195
318 385 4450609164364967985
318 386 -4547765930159790661
318 387 5703657920822625584
318 388 -7704194339937203467
318 389 -5015258524191616897
318 390 -7076448661877461634
318 391 8838678655035802298
318 392 4281241552955505752
318 393 1426364935251634316
318 394 4669170990367747144
318 395 783037959728737361
318 396 6079214630462814336
318 397 6578710110994702006
318 398 -4772102685648513617
318 399 -2194316158266765778
319 0 755488031115881336
319 1 2394830226335030704
319 2 -4890852452050388874
319 3 4332769772061507599
319 4 4709758243909930430
319 5 8406512374515916110
319 6 -6962441077571737926
319 7 2109451736399583209
319 8 5294410713798922076
319 9 -3283084521528303353
319 10 -9146215805104130466
319 11 -2589531343134028573
319 12 -1816547578583850179
319 13 5485210978385287067
319 14 -7309143172144785558
319 15 -1928662127526263158
319 16 -187767975734960615
319 17 5313493845814869313
319 18 -7266089078777819845
319 19 1560946776038543966
319 20 4311922467281028467
319 21 4285699953689489521
319 22 1363644034547704642
319 23 6057279048836025321
319 24 6891859324423565763
319 25 -7812816341445820113
319 26 2784196026435249383
319 27 -8623921274010747625
319 28 -5437262719202496904
319 29 177835086475531773
319 30 799513188908379533
319 31 -8338252008626262344
319 32 -2460786797522006263
319 33 1522541825157291727
319 34 -123316712875127164
319 35 6165659715226277440
319 36 -7867602944585945082
319 37 4630165885582741234
319 38 9044334819764279768
319 39 -6665646249944566585
319 40 6752838734079432423
319 41 -6629360532586768035
319 42 -556657402004353991
319 43 -4058589822082381202
319 44 3311449851008442606
319 45 6205519716047279498
319 46 6831546390889306532
319 47 -7463416486829243903
319 48 3349310027349101342
319 49 -8408533180724443656
319 50 -7649008222472224338
319 51 4767976006633570006
319 52 9042003991519577274
319 53 -8729688829582424801
319 54 2380396832176402953
319 55 -2850418398769814822
319 56 394488979891636550
319 57 3160781952864310901
319 58 3097450519704036270
319 59 8343000413067769537
319 60 -1160390946110989479
319 61 2979041223773766974
319 62 5741082596836636643
319 63 693375789574388824
319 64 6377681249403922152
319 65 2949821201571847327
319 66 3913577716554132473
319 67 5064072775078569851
319 68 2831514569710134341
319 69 1181331776549650522
319 70 -5051398278377138752
319 71 -6654761770738195477
319 72 6581391287980373463
319 73 890122022928717018
319 74 3271897397938316782
319 75 -4963766897667663506
319 76 1402045835499473360
319 77 -2288748204511145439
319 78 -7217557469752405890
319 79 -9113941862948897885
319 80 -735936423204474961
319 81 5428220482213590510
319 82 -4095642050836195057
319 83 305882517411778165
319 84 1437479562434044918
319 85 4451935696900705940
319 86 4783532676152715753
319 87 -5243166046065824436
319 88 1353621405060626265
319 89 -1411155861027175791
319 90 -5443029897945921323
319 91 732108187961176774
319 92 6208905469970241438
319 93 -6882230718000971752
319 94 6139556537178102075
319 95 -1063904916932951622
319 96 7364931820541705189
319 97 7574930204547310051
319 98 -1046424626878874760
319 99 8068284510468401221
319 100 7836643739901656178
319 101 5726833544144301944
319 102 -5085295171440250105
319 103 1153695184459103940
319 104 -2749704872446856782
319 105 1372323841933476279
319 106 8124652896689140357
319 107 -7449377522384000878
319 108 2029637311170121443
319 109 6039762404251386757
319 110 -1184591447223208455
319 111 6665663119422891029
319 112 1599328007454827238
319 113 -8552209743564969072
319 114 3751554938194462086
319 115 -4011400128083495863
319 116 3370717106813710230
319 117 3425909133577401032
319 118 3775284680871397938
319 119 -4540611999473378409
319 120 -6606636381000673886
319 121 6584045197891986978
319 122 -8607471533996686843
319 123 -3283552991420097587
319 124 5333961900412317228
319 125 5355441579638004975
319 126 -4649729296112331889
319 127 3735275550265547630
319 128 2469321461378256380
319 129 -4050686691232807244
319 130 -6736612400821039291
319 131 1895854130601612038
319 132 6513781094328399102
319 133 4421576990116327792
319 134 -8565164519145797264
319 135 -4406743430052535348
319 136 5282190688479027783
319 137 -7158198487857236835
319 138 7118508250811575735
319 139 -3488562601142696450
319 140 -8599078034901375644
319 141 -1471869480452219052
319 142 -7825974209783398218
319 143 8678239317586591162
319 144 -5111205947530228318
319 145 2240797089041261750
319 146 -5150999608472273385
319 147 1485935130930963169
319 148 -107197061222627173
319 149 -1483487204509282527
319 150 -7596213727308062979
319 151 -3374711530421375021
319 152 8424076615338875138
319 153 3483674382238483265
319 154 -6708336607317300878
319 155 73002201161845362
319 156 2795192708832874407
319 157 5460525007675901042
319 158 -6795494896709072330
319 159 1401513024997333482
319 160 2167679068612400536
319 161 -1459712489853352759
319 162 -39201361699980731
319 163 -5609461073178848384
319 164 5222124567091718464
319 165 -6147951773104759934
319 166 -3518110937924562331
319 167 -6937198195941680467
319 168 -412990085879241321
319 169 5006916969989169275
319 170 -6364886999269986054
319 171 6987646950820486255
319 172 -7649660286195548636
319 173 -1522991396238255402
319 174 -2984120294949501825
319 175 8090769287221136216
319 176 -6688995967236429091
319 177 3855418823732256614
319 178 5455055064415324812
319 179 5330435250777487100
319 180 -2598578310884334998
319 181 -6997809684541368221
319 182 3545815890644627302
319 183 7688755424362731940
319 184 -1041252664815191892
319 185 -543448229523288220
319 186 -8760058988378185354
319 187 -8912077579834367924
319 188 -5867730047498590577
319 189 6418712636492169552
319 190 1394933743661071357
319 191 7851883137612254068
319 192 -6847076732271301083
319 193 -8954657734472111563
319 194 -3853127822966048281
319 195 1623835325900211192
319 196 5684237110097223327
319 197 1675313320157419350
319 198 8676308217403485450
319 199 880545268518983607
319 200 -2071396757392672081
319 201 3190429958360637496
319 202 3969974696889671276
319 203 -4900302621222313286
319 204 -2144174929280615288
319 205 -186961124090683706
319 206 698864146828054240
319 207 7575405260315983743
319 208 -5086358731466156694
319 209 5736474676413583213
319 210 6430368179140489075
319 211 42097561850374527
319 212 3391442444622501220
319 213 6502118756069228735
319 214 978698336651428387
319 215 8978967980199725881
319 216 -3235263010581994097
319 217 -2620804105997395230
319 218 1969904377462761021
319 219 -7156646973381516660
319 220 -7381331890807869437
319 221 9180731435309177685
319 222 -4675719960213381239
319 223 -8575174672159447542
319 224 -3403799159481352822
319 225 -8345395347043264106
319 226 -5335639018897986753
319 227 2065348524583086127
319 228 -5708624315048728924
319 229 215159440692832161
319 230 5113558970105114253
319 231 6247138063133417262
319 232 6561745470972563990
319 233 -6800659702263831560
319 234 7231093671365191378
319 235 390969334738976189
319 236 1944902550045518051
319 237 -1141469767289444004
319 238 -660345548174824156
319 239 -8155993892335904565
319 240 -6773089799823363668
319 241 5868873779347710358
319 242 -2465778377254946246
319 243 4299862576225900415
319 244 -3769034053064853655
319 245 223477646926994700
319 246 -802410148343637743
319 247 2213250727500098638
319 248 8868835820553788918
319 249 -3411234216370041223
319 250 816308420531341859
319 251 -1895725494616429214
319 252 -2762371601307807108
319 253 -2839640478210156603
319 254 4371786893205976834
319 255 6526217512459961319
319 256 8705995514142846647
319 257 8927891923664471465
319 258 -4453550260697362833
319 259 4126693332298242392
319 260 4663949636024856309
319 261 1512514670065183842
319 262 -2369792878627251536
319 263 -2261334181389191826
319 264 -2097485113675291750
319 265 7135790005577864677
319 266 -5051610129885619057
319 267 -7042540510253568878
319 268 5413017545887292849
319 269 -3628597844778072074
319 270 -3219745940276798960
319 271 -4522361764930408513
319 272 -3325486234742504601
319 273 5980578581135190906
319 274 -6035519631717750504
319 275 -4520122344967037357
319 276 -8918648605797214692
319 277 -3607587490918134517
319 278 -5867950438928133388
319 279 -1339744035707153917
319 280 6140627666287519769
319 281 2523310967464066782
319 282 -2177362408929392274
319 283 7348131671802779599
319 284 7397734549215805740
319 285 -3797900561245972283
319 286 -4978449310561095834
319 287 -8501862587153613151
319 288 -4841287678720255207
319 289 -6969919950662421963
319 290 -3056105462964645597
319 291 -7145108136893671277
319 292 6060204570228625463
319 293 -4585688308894933532
319 294 3083222872023018537
319 295 -1237290939086879587
319 296 8643599099670862305
319 297 8307231390112106104
319 298 3870522995247607811
319 299 -786907644113350109
319 300 -5194176942831112922
319 301 -3187012487483637179
319 302 2444663768672160519
319 303 -6824563573752622040
319 304 -8090114286643185088
319 305 1927369623443724916
319 306 3929119869680350449
319 307 -1794742532869111490
319 308 -7147747217101659034
319 309 -8982856948698535523
319 310 -3067134311250189048
319 311 -1282793504675402006
319 312 9145602268301044512
319 313 5544846223157811520
319 314 3818922370682936548
319 315 -1203902857459866235
319 316 2082227138468007909
319 317 4075650644038902745
319 318 8794876638197395305
319 319 -7659531446761778943
319 320 2634356817009659615
319 321 9022750852246393641
319 322 511446133581251706
319 323 2370660130926701683
319 324 -3740879863044010855
319 325 -176893377136836259
319 326 4578341147949286582
319 327 -2012859999637595827
319 328 7953301073932162477
319 329 -926817780323763972
319 330 -545718148944990583
319 331 786784002925284690
319 332 9145400624618752105
319 333 3173666098162205268
319 334 5537014296812809180
319 335 -6463831864700443455
319 336 7842804884583978979
319 337 -4875012297595514616
319 338 -7649482169596134047
319 339 6571858789468699797
319 340 -7672259446994334799
319 341 1313461688832392219
319 342 -6870214342793869577
319 343 7957271880661237090
319 344 -5135142491662564298
319 345 -8892867772688013144
319 346 8368408738578027535
319 347 -7153464514681381620
319 348 2069297085229489634
319 349 -7289151918684700763
319 350 -7161978272233272775
319 351 4433499672879634714
319 352 -898733883119369944
319 353 -3840845062650082202
319 354 690797244903644633
319 355 2121624656619910830
319 356 2961924453471915100
319 357 1311286901910692058
319 358 -4715507982681372415
319 359 -4388950010398956745
319 360 6936580250361318738
319 361 -8901620307218278835
319 362 -7008066175332994822
319 363 8156851050908891027
319 364 9083140321683201679
319 365 -4429480435547949348
319 366 -7753647653343417449
319 367 -2265717032228521180
319 368 5864175689286337274
319 369 -5641378010850871319
319 370 -8886219024971306195
319 371 1013811464735628073
319 372 3038358267233329854
319 373 -6477568069817458790
319 374 -7915008359153868761
319 375 7350922638590926714
319 376 1496577855225562830
319 377 -9027792322570591862
319 378 669424987659475551
319 379 -6310562277334599935
319 380 -1384363519391557930
319 381 3753487507166954405
319 382 -5144178261636084445
319 383 721335793419934256
319 384 3945198701654332237
319 385 8076291539260606260
319 386 1335911654964783540
319 387 3763664588490351596
319 388 -788809632217978182
319 389 6004037886937854432
319 390 6752960276575206576
319 391 -4524658738682108497
319 392 511875487176337726
319 393 3813630851145075601
319 394 -6106907680923536750
319 395 -3023501706430197679
319 396 -5684863264703189197
319 397 -766737981237887166
319 398 1553676238454695444
319 399 -4675199913249491990
320 0 -2041123026771938669
320 1 -170171194772175757
320 2 -5876143046917200343
320 3 -6293310935663133457
320 4 -584599192061441438
320 5 149737117946968284
320 6 2636556712063998304
320 7 4195390069973647158
320 8 -8030538791301080773
320 9 7557608130434582618
320 10 7360831637004290342
320 11 -2815780700838976882
320 12 4014200484590813730
320 13 5274353159087954314
320 14 673810373687120007
320 15 -6754597912027662893
320 16 -6267939068665035506
320 17 6619214170452717938
320 18 -9091979986687926687
320 19 7459201814874986159
320 20 -3889934487186138374
320 21 -3030352976103484570
320 22 6730608562518370322
320 23 -7469549795607860150
320 24 3126363737513877132
320 25 1513308437223045694
320 26 6237392576992016184
320 27 -2671592612530405897
320 28 -2101587723817018208
320 29 -6843743849881543040
320 30 -582205283312326136
320 31 1067865820634997056
320 32 -8495256307198388543
320 33 717589481029045830
320 34 -997138594727508353
320 35 -2296231468884664581
320 36 4269419692812020029
320 37 8694368944454108265
320 38 -7760666308950695120
320 39 242361264576214473
320 40 645156978453147103
320 41 -7817477465006562549
320 42 -8000280129432652875
320 43 6612911527790925945
320 44 3463091693376303107
320 45 7205690068119733680
320 46 -868297248023313303
320 47 7907511642202172387
320 48 -4400048747766198772
320 49 -4533980583714516627
320 50 -7515695917226909402
320 51 8007022678711680134
320 52 5046174519807930660
320 53 2801549488151405262
320 54 -3116106307085525262
320 55 -8146603336684203190
320 56 -1824870483279761431
320 57 100123370390612994
320 58 508130473773277941
320 59 -5170837520650526927
320 60 -6563247475441361465
320 61 -3861422927025862454
320 62 3391208197961764132
320 63 8474275353191853148
320 64 -3889268963381180958
320 65 -7578023337023163713
320 66 1098530709549185458
320 67 -6704349693412072137
320 68 3870029266532770915
320 69 2240868705979162227
320 70 7159962843062110649
320 71 -2029806056307381257
320 72 -4180706540679384790
320 73 -6713692706742308984
320 74 8783440199286710978
320 75 -7527837765389388700
320 76 -824328192576313559
320 77 2859936548671257430
320 78 9202520761784334465
320 79 7733070608255342254
320 80 -7212360348227837292
320 81 -8739607626678129177
320 82 -7252796931931644814
320 83 -6376191317717670981
320 84 8545079471041064047
320 85 1690093242054935245
320 86 8727807438073593835
320 87 1094558574754319539
320 88 -7980312162319044996
320 89 2780912343354131166
320 90 -2748983971863142816
320 91 -1975652589867380574
320 92 2105122271333302340
320 93 6471994634678880326
320 94 6147195845847279139
320 95 1007163334717225796
320 96 -3922822122667284704
320 97 -7625922993093651480
320 98 2527991199265622305
320 99 -5120091598821879532
320 100 -1197836995579909581
320 101 3397969869766804616
320 102 -1344440652233241649
320 103 -5014833043539316298
320 104 -7762828027922544785
320 105 -5562034976281719113
320 106 9092357983509423864
320 107 8204907636310407185
320 108 -893322804268580577
320 109 -5086743476708997837
320 110 -6989487894027264397
320 111 -8795801436971238834
320 112 -100219626180427759
320 113 -2889793835687265942
320 114 -7722531499589866172
320 115 3102413070221068606
320 116 -4211841236746261341
320 117 1804255691875417601
320 118 -2541073643366536082
320 119 -2195068765096424569
320 120 -6455032183365638369
320 121 -4896002869278835967
320 122 3811853293288658934
320 123 6027815087775747000
320 124 1903703575945584825
320 125 -2603947117641456863
320 126 -7826597843820049024
320 127 5433326671943231545
320 128 -2085512344060713887
320 129 -5204003380024444309
320 130 -4243627217502483421
320 131 -6737292481698647208
320 132 -8753069585146900467
320 133 -8062690463379011234
320 134 -3666434443883999811
320 135 -4623222511602654491
320 136 1871542915592662469
320 137 1470905475028078967
320 138 7735831918524479418
320 139 7279376658378480194
320 140 2548805215488414580
320 141 -5136662779311344671
320 142 1761814908211876988
320 143 3315887528526990896
320 144 -6909195338626402060
320 145 -1257664420504224240
320 146 8306741839845204086
320 147 2827251032387120831
320 148 7469767734337347284
320 149 7163153744719312352
320 150 -8188871071798382004
320 151 -2777506663574499802
320 152 6767104941324646803
320 153 -1454160009823867318
320 154 -3876955318624471868
320 155 -4176880504257236945
320 156 9066600132165381443
320 157 6424485833671704240
320 158 4010278221885416585
320 159 7399855202819186533
320 160 6026700677424422005
320 161 2029248766953795647
320 162 -3303640961160887267
320 163 -2907186418311733313
320 164 -347507174410137731
320 165 -673882526296788801
320 166 -6453828922482720055
320 167 4656180276385796960
320 168 3258494022881866426
320 169 -409171762177076906
320 170 -7826550133381403999
320 171 -3355459392777374156
320 172 1616410493141615416
320 173 2367939450067231130
320 174 -1795779249397452936
320 175 -4214558230945647285
320 176 7570839913081372500
320 177 -3960936248651085701
320 178 -7218286653750066811
320 179 -3496816318902255472
320 180 -2879492564316814713
320 181 4846768645855227585
320 182 -8128273010261592733
320 183 1800219711543609211
320 184 2702365115973193115
320 185 -9120881423062065137
320 186 -1565982073689096223
320 187 -720683607986859723
320 188 5229358562029182934
320 189 -7148066388303475319
320 190 290397862270346619
320 191 6279862602816434894
320 192 446900691020192392
320 193 9200106392709869813
320 194 8554449478125696597
320 195 4415698365574852049
320 196 3535764749127573621
320 197 -6297220457516504315
320 198 -2504103523000015191
320 199 -4270801235527263621
320 200 -8262417151727355742
320 201 3741276509691938321
320 202 -1909582879190100460
320 203 66653230430600322
320 204 -6507465576151231397
320 205 9074171743560538882
320 206 -1849110256210184388
320 207 7880462309799980702
320 208 -998751983323404702
320 209 -8214244644877931009
320 210 -6133120216806844313
320 211 -715995221615207559
320 212 -4962543027888382176
320 213 -8752909589617114614
320 214 -6044680190707069165
320 215 -6997324022611201912
320 216 8178131109155208303
320 217 995483920600577914
320 218 -2888760902309464693
320 219 -8158511546589643001
320 220 7411217765231971387
320 221 -8365169428843975892
320 222 8070725623255387176
320 223 5738047475434548979
320 224 3689856292707520029
320 225 -8351768468882008576
320 226 7706719082225354040
320 227 483834460863939941
320 228 -7032711285858017113
320 229 5689815669470157544
320 230 -4111503133358841073
320 231 -4098171219275137257
320 232 -5516056435217928451
320 233 -9077105180541971956
320 234 4991995421451637914
320 235 6732047534754989311
320 236 -3272709536916928292
320 237 -4681816402500069146
320 238 -5874758581968677335
320 239 -2891653651840995620
320 240 -4838072421708031737
320 241 -8132007301134460694
320 242 -8507244578370901933
320 243 427102865709048958
320 244 -453441792080712915
320 245 387607304474771784
320 246 540286048375503106
320 247 -8605072720257374721
320 248 3269029042435024788
320 249 2719072401915429927
320 250 -1236667931257475395
320 251 -1464523081677626410
320 252 -3941484501811281849
320 253 2373985052067529582
320 254 5502171386359632227
320 255 -1399785532836275827
320 256 1496781219269122034
320 257 8088385035612695641
320 258 1145269505973862764
320 259 -4437326453198152364
320 260 8281455915043450746
320 261 -3503697649809675171
320 262 5292245993034373765
320 263 -737645072373900880
320 264 7968614591061674490
320 265 -4472519184853611176
320 266 -7638001656888317031
320 267 -6151131213365425641
320 268 -8409247699454043917
320 269 -6781117427938718783
320 270 -4196481352012019192
320 271 -7364518407338123962
320 272 2489934346213906398
320 273 754533697587281856
320 274 955851244366207648
320 275 6272020535167085980
320 276 1215394211709807165
320 277 1675989362857514389
320 278 8706306013213302971
320 279 -1946129033003987303
320 280 1777400197109998183
320 281 -1433266635040317541
320 282 3898856166233282875
320 283 5564463467442256933
320 284 2451367903299455923
320 285 -237891001757067599
320 286 4345053106925885361
320 287 5838070467923084634
320 288 5296955720857805100
320 289 1095596173163508665
320 290 -4772775016988736596
320 291 3559520778776478880
320 292 7194353421465449867
320 293 -6077114205200382254
320 294 5166067267541535204
320 295 -7726341319222386971
320 296 4463878713720962389
320 297 2103964377836085819
320 298 -6022222792101513275
320 299 5105714484604297296
320 300 -3578701835417033104
320 301 697728661147669036
320 302 -2258075950085880681
320 303 -25313526098485849
320 304 -8034300562119870318
320 305 -6748555684936780451
320 306 -8072467382698464772
320 307 -8381512865092675094
320 308 6814392958272150336
320 309 -3060470462043308673
320 310 -406830137027492308
320 311 6768840327681034249
320 312 2009615000428471486
320 313 6527061494514646738
320 314 -5528612542984713439
320 315 1155908094165792872
320 316 3056103869184463863
320 317 -5600668311423573435
320 318 -162637671579152460
320 319 -6082745497065568137
320 320 -3843058618521667688
320 321 -8856685130851486752
320 322 7846957087070646936
320 323 -8899178144833776382
320 324 -3724391616139303879
320 325 -8609872607101457991
320 326 -5440230565959594545
320 327 -1872617482427388452
320 328 5862120951595554921
320 329 7767667025430120096
320 330 -3340805458096063420
320 331 8446674613514500560
320 332 6864765763604787427
320 333 -5404730634923531591
320 334 -2071161623914417246
320 335 -4652894162147397651
320 336 5028779790488807100
320 337 -3299145251196556524
320 338 2359256664291430889
320 339 1910875699136195034
320 340 2368892687139994469
320 341 8496038595012944645
320 342 -2261809003566111589
320 343 -5472506604981358436
320 344 -368536962897389065
320 345 -2391694914314300809
320 346 8289009077666329701
320 347 4232131462557213586
320 348 6085514497490626812
320 349 -4084645378123695296
320 350 -3667572925009193515
320 351 6957280544398986855
320 352 -9028983826783162104
320 353 -9195970280046572785
320 354 -8596484273075081023
320 355 -1378489788615850962
320 356 8545871295524902362
320 357 -4042473927842535570
320 358 -9140434946664083520
320 359 -5718798497494065720
320 360 5376886746712400078
320 361 2325900954371943649
320 362 9085309324619346179
320 363 -7945136187518453337
320 364 -937490205347379985
320 365 -2429026250331842414
320 366 8386164751851876427
320 367 -5266235926401951184
320 368 -6834826695023742036
320 369 5277761706365695167
320 370 2912689606133173946
320 371 -7436288281835038561
320 372 8832353198519557777
320 373 -8508933796326499646
320 374 3762324837467401630
320 375 -4104808692716747659
320 376 -3844878604491634941
320 377 -7942341080092258500
320 378 -971709905821666353
320 379 -1466191017432765891
320 380 -1639073235517099761
320 381 4332063165231928541
320 382 5347997681155222617
320 383 3249655761391031479
320 384 4323209477782054487
320 385 3745783671425250219
320 386 7050935968523133869
320 387 -6703757623928001183
320 388 -8255002870265081859
320 389 -1335794465429252936
320 390 -826582666754812667
320 391 8036641408500202345
320 392 5865315131975720966
320 393 6971747218229707009
320 394 -1980850022496334451
320 395 -8290810933073679939
320 396 -3201685353235055006
320 397 3936226851347469677
320 398 -3712073616913114450
320 399 -7833640354233594088
321 0 5389027508247191847
321 1 6695744010687388957
321 2 -3549898013373973320
321 3 7094645327709852869
321 4 -4874454780732785672
321 5 8915628468686180361
321 6 9206873681521173293
321 7 7764751822775406623
321 8 7703187219038258577
321 9 1944812088440625387
321 10 5607550961217841473
321 11 2308399733571639980
321 12 3462645637483920359
321 13 -1052178863444159084
321 14 -2699712647644849116
321 15 -9212427906203026562
321 16 -6987804287448073275
321 17 -5195224850289929943
321 18 1144505045752164036
321 19 -643712461034577089
321 20 4083389492835992932
321 21 -1946123023239702686
321 22 7813118347866533924
321 23 -6719904705716256501
321 24 -7658676037270457877
321 25 -6622068704678775051
321 26 -7519930739897914724
321 27 3793306553678561263
321 28 430140141647004907
321 29 4258112746086234711
321 30 5089225586849163656
321 31 -2396553159849830832
321 32 8855692684141959190
321 33 -3076981670796955227
321 34 8911244454475659665
321 35 6327817888241556424
321 36 -4720106310738679713
321 37 8299518375666200008
321 38 -7289442849929428059
321 39 -7444880416600022938
321 40 4903748585369721897
321 41 5989487510482422236
321 42 -1580258005854683714
321 43 -1064874831329968517
321 44 -409952349088315990
321 45 -9150790130035256044
321 46 -3516876933073933679
321 47 3085577067460250119
321 48 1666890738635579709
321 49 8610358816959008506
321 50 -4536905968568568797
321 51 -501226542056023716
321 52 -1250175849870734880
321 53 2312870210404597748
321 54 -4211100322127415449
321 55 7409119338682974515
321 56 -2542832657834499107
321 57 3900453122665395881
321 58 -6273203505964632342
321 59 5720097224296273015
321 60 -6746978670818768476
321 61 -3130019515505099326
321 62 -8822388985868497744
321 63 2130915038845014536
321 64 -5715107354519712998
321 65 8494526682911485769
321 66 -2448216957045165928
321 67 -5050900167590898069
321 68 -3758713765801042410
321 69 -8940909974211366901
321 70 -1269281185516942401
321 71 -4577456201719720241
321 72 -4335699529475265509
321 73 -8207813677929347241
321 74 3645791942195281337
321 75 7865813103296429730
321 76 5315239616438459762
321 77 7836517757653583985
321 78 5483649307476114057
321 79 -5451680444269440574
321 80 -3741013858794380656
321 81 -5179563972592731166
321 82 -9168856738224069352
321 83 -2663233806430529832
321 84 788411621202996963
321 85 5080275198033222746
321 86 -8955310401810564273
321 87 -1152873426193391586
321 88 7704980966144190509
321 89 -6475438804928733160
321 90 1891006409536348938
321 91 -5992370253799896752
321 92 -5032418849483638124
321 93 -4654718186414125106
321 94 3416319427825681183
321 95 526805896189385898
321 96 -2551934812945538151
321 97 4501651364959806701
321 98 -5021726036434453999
321 99 -6157186772176581065
321 100 -9061844871422328095
321 101 3995945331241073058
321 102 -5347343567564042164
321 103 -3825756484796205353
321 104 6815655920860641279
321 105 1711425141530771098
321 106 768094454310208422
321 107 2133277283572792582
321 108 -6465710928246875898
321 109 5125679322766468853
321 110 526875699178366618
321 111 4378736792893886278
321 112 4920513058203949643
321 113 9079905099269851404
321 114 5899802911967107596
321 115 8293443606254530576
321 116 -7605859198127713999
321 117 6689487482563771557
321 118 -1743710577501727124
321 119 7421011298849485551
321 120 -3360994777065412588
321 121 5830043236555822151
321 122 34103892056561386
321 123 8320022460787595553
321 124 578493694692686626
321 125 -9201326901889242547
321 126 4580000644104217014
321 127 4754968472287047067
321 128 6382420561412978984
321 129 -5787160740306712196
321 130 7278407539520743633
321 131 -1834584496559951233
321 132 315675760882241381
321 133 -1104551245317460780
321 134 -6044936144620726938
321 135 416904473954336494
321 136 2076789381932770325
321 137 4619271969795084022
321 138 -7983049773911840582
321 139 -2066680058146890230
321 140 -4049787208852250550
321 141 -4342075639889552181
321 142 1471712661188847932
321 143 131691503377055582
321 144 1611414515422437110
321 145 1063782365443377649
321 146 8133760407268328036
321 147 5166309252277273567
321 148 251717517883473584
321 149 6192464405902944334
321 150 3164435304998173493
321 151 -4089862629843276830
321 152 8286883799686597769
321 153 -4886470740248713774
321 154 3309953808221365237
321 155 -1078127239027735137
321 156 1231472693928405501
321 157 -5180313108525808423
321 158 -8487538210426932913
321 159 1497856544593912761
321 160 -1471619228136602637
321 161 -6186632506629527985
321 162 5731666898758293037
321 163 -4592103870864207931
321 164 6117387958468865540
321 165 -4578946540588167992
321 166 -5394578735666410841
321 167 -6022087982414531958
321 168 -365450065484073853
321 169 -2174356445439782821
321 170 -4062817233095712320
321 171 -3686521564407818997
321 172 -4788997399777284437
321 173 6217226152888978729
321 174 6834649621820783201
321 175 2953236399518983273
321 176 -2872154406111665638
321 177 1038991014481982163
321 178 -869253220484626941
321 179 -7093248535167443828
321 180 1644933350215211285
321 181 3188101819497653757
321 182 -156650064456366016
321 183 9192381951989478627
321 184 -4638666460939693460
321 185 8645978396918564394
321 186 8654766927986733490
321 187 2389844089674359858
321 188 -6532347673373343633
321 189 -288798307030176100
321 190 -7867825954535466784
321 191 -6970848932267568244
321 192 -5808661220886264162
321 193 -8359643316821216230
321 194 -4953222117424196165
321 195 -2476821830664168066
321 196 -6864516868071396349
321 197 2208467822928945312
321 198 -9108942197119032870
321 199 4978139545249903859
321 200 -4993716902983203166
321 201 -137476016274440247
321 202 5921771028868067920
321 203 -8577025325500630465
321 204 3858687508355525710
321 205 8475322681082803367
321 206 8852315880505337189
321 207 7008787912950209918
321 208 154511519906900355
321 209 -6911652402603151632
321 210 2330768591568428964
321 211 9140769163891199711
321 212 4369399168382652145
321 213 4115154975835633852
321 214 4817050396665975018
321 215 9187675072967977373
321 216 -4693803750890716103
321 217 -7981879386091974385
321 218 -2171069107207769235
321 219 -479321437577354661
321 220 5772522994115561857
321 221 1793094266628230794
321 222 -8536423695042763516
321 223 4750578497451942931
321 224 -7838313439800822316
321 225 -6067174766949678878
321 226 -495161618861616518
321 227 -8584613884305167576
321 228 6274774973106033013
321 229 3203521007995750077
321 230 -3788367864942659227
321 231 3311903884283156481
321 232 -4810603782726099030
321 233 -367827772204253776
321 234 51994442076587755
321 235 2685916062156463359
321 236 4228135630693518373
321 237 -4290288779139816851
321 238 1684531896862306782
321 239 -8025494177950739467
321 240 3419086160340992641
321 241 -4822659008039609710
321 242 5037627639754022185
321 243 7164071895816422836
321 244 1954086143921872333
321 245 -1726405153151719669
321 246 7832400013275874065
321 247 -811700101384637502
321 248 -6939247128872960978
321 249 8790998020893150772
321 250 27905296477219854
321 251 2236286653639290034
321 252 -7692572183254080092
321 253 3052443290074914216
321 254 -4826574588876241870
321 255 3531834216263999031
321 256 3317037611594993624
321 257 1580115146399687532
321 258 3019319738352432092
321 259 3901713321368745844
321 260 -4157825061915488657
321 261 445885838290855802
321 262 1682287000162485715
321 263 5288710803881220603
321 264 -8153450332416198196
321 265 5560134356280899864
321 266 5860423806147359504
321 267 -660338031142448406
321 268 -4090418874267708095
321 269 -888725051870525499
321 270 -2680763168574662455
321 271 -3145430634989019862
321 272 4675776202761386679
321 273 8833684958052074526
321 274 -8429998968160660661
321 275 4258604975139113599
321 276 7968871042639231587
321 277 -5367499087236335855
321 278 577794942761345002
321 279 -531976077756971574
321 280 7507169031789224717
321 281 4259491128509563577
321 282 -4568552036208489981
321 283 7519239654613138855
321 284 7436832876318246621
321 285 7675294700750233404
321 286 4665707068534329374
321 287 4174141848696306076
321 288 7826762671866387
321 289 4273883271430822383
321 290 -8952417638992837075
321 291 1340881061432156689
321 292 4191623019483190060
321 293 -1597820375347685074
321 294 -5365660063520408575
321 295 4934107597396089568
321 296 2037860246237554382
321 297 -347579774637169462
321 298 -5069816595110771328
321 299 -8102762363680117175
321 300 -2176652007865137547
321 301 -4987411586013939836
321 302 5289902449235084784
321 303 6270476932141155358
321 304 -7552471825923000953
321 305 1565623121005356923
321 306 -2275099942842499725
321 307 -3992797603969616889
321 308 6439875041358906335
321 309 -1001043793019915928
321 310 5636475247347318289
321 311 5174811743332403255
321 312 -166294726254757502
321 313 5162626210311602129
321 314 3956165148157504721
321 315 -8254785984373894489
321 316 1750810362307489171
321 317 -2211068278681681106
321 318 -7866357568349625484
321 319 470924760218160809
321 320 -8623801519293570673
321 321 3815055595613189796
321 322 -7583213706358518359
321 323 5378525213932878539
321 324 -8902241409107242199
321 325 4289276933192521780
321 326 8649043633256478072
321 327 4263964230619402346
321 328 -358837766686161533
321 329 -2896399012379624850
321 330 4096661004216020819
321 331 -2064816090355674347
321 332 7454869577699298722
321 333 -3305062406970293596
321 334 -1435496231477665652
321 335 3963862998174274892
321 336 1514400375493955117
321 337 1339613382276665084
321 338 -255816182086549017
321 339 5414907180116020661
321 340 -2781283922431924819
321 341 -7097946206943543268
321 342 -6658412019924044068
321 343 -1493461995877173916
321 344 -7382576373645141214
321 345 3159140780804731256
321 346 2207768650986692551
321 347 -5812698341035052328
321 348 4401366148156570873
321 349 1653131194173197453
321 350 -8121033226089694051
321 351 -6675586737666560946
321 352 2467075721798064661
321 353 5009986410532668319
321 354 7288605032620770309
321 355 4234684859833245283
321 356 -346286855241551780
321 357 2915157287815889095
321 358 6395722591996577097
321 359 -5447282204160448705
321 360 999259092451174755
321 361 -7308945962992738837
321 362 -3723343372577931210
321 363 -1427229243305250103
321 364 3841281664130339671
321 365 -5090192869235746842
321 366 -1366908250900598144
321 367 -5116544624590554021
321 368 -5234231488545912340
321 369 -31437513228921540
321 370 -1606446770660516880
321 371 -1730666788591184155
321 372 -6828967236991085444
321 373 3455832377278907551
321 374 -4205723857728894462
321 375 3670986391656401013
321 376 7084576075504093262
321 377 -564902685666553982
321 378 -5307866058667873023
321 379 -797323964041383352
321 380 5935931655986524531
321 381 -2150008155233703751
321 382 -472406255161882542
321 383 7434540315656907728
321 384 4429668708541490126
321 385 5277587417795508022
321 386 4670734328231098241
321 387 -1566966192015374168
321 388 -4937279731814911186
321 389 4208231580238257771
321 390 265936932254118063
321 391 6540939404829710926
321 392 4531825641389466237
321 393 6653838456867868258
321 394 -3059945217812646196
321 395 5379679391712680648
321 396 -640854318261421481
321 397 2011413734346252080
321 398 697802012687311610
321 399 -912912383456921110
322 0 7180839120084201335
322 1 -1042794711168414069
322 2 2497389441483657654
322 3 2637498682060174683
322 4 -6723082398521220385
322 5 3703142598613653141
322 6 2278569646731733284
322 7 -7440150655200060222
322 8 940988597196012828
322 9 -1463450339199543865
322 10 1135793111453547375
322 11 -5879420805223895489
322 12 -8268496674966721407
322 13 -7060508347398001799
322 14 -1741997775665539866
322 15 8872090700855918134
322 16 4989720671334297625
322 17 -8484994814328450008
322 18 -6841832762994142961
322 19 5227957053523505250
322 20 -6329448256735501729
322 21 -6795633098989480982
322 22 662175941973467469
322 23 -7219531674159283462
322 24 9197369200426453608
322 25 -2979121249362066223
322 26 5358791904680236576
322 27 5570197252997338613
322 28 -738700617072492802
322 29 -7393890280050812078
322 30 3173807184164704148
322 31 2999204888440506902
322 32 9006088348770941262
322 33 1964559837573389841
322 34 -8241405848818093982
322 35 -1104925706049064288
322 36 2232812715745478296
322 37 -6774170387067749517
322 38 6600799532655997984
322 39 -2189889451118113947
322 40 6063460824282867138
322 41 -3153829420763364768
322 42 8700668516813113656
322 43 -6155114007498574331
322 44 7171343504099717173
322 45 -3403765609809598736
322 46 -3472550969911438972
322 47 6200655638444956237
322 48 8517225355270370980
322 49 -8616980905411656358
322 50 -5313742951063824377
322 51 9024464187132953698
322 52 7970958309800223914
322 53 3243515693301289209
322 54 -3430408169033731305
322 55 -7558734844132061581
322 56 -3507555565475851104
322 57 -7612038519108287181
322 58 7535399280209324786
322 59 1295033145668747694
322 60 3918545187062160938
322 61 -7403654061866172135
322 62 7521258282780929226
322 63 -8360744855590789786
322 64 8026049268273050213
322 65 3652249400129525416
322 66 -1240567178866910127
322 67 -6267260924840098126
322 68 -5249598492023701243
322 69 6987232784331423468
322 70 1966963779952154646
322 71 -5077983183787628965
322 72 9145295532529674721
322 73 -5513563357991931653
322 74 -5941555517768959207
322 75 13409206558853517
322 76 1290485404761233507
322 77 8514062200288008940
322 78 -6809335547188754348
322 79 -220731067093412247
322 80 445106516214908784
322 81 -2132905756575892392
322 82 -9104605577643206328
322 83 -1586974178788973552
322 84 -4599861430060501918
322 85 3793499715343252771
322 86 5854843794516914026
322 87 4710572118445191469
322 88 -5795175447504118189
322 89 3915803778101536319
322 90 -2731612513706200795
322 91 2107094202177790937
322 92 -8186190466266612320
322 93 8393266023447018154
322 94 -2042530015111594300
322 95 7275667885300243616
322 96 -2037451746237786265
322 97 -1394094235870418877
322 98 1559952677045223218
322 99 -3877634089504281329
322 100 -2644960622164873128
322 101 5020988564168906341
322 102 -4649848431037924698
322 103 -8400538046785915090
322 104 -223745714916484773
322 105 -6147918842611332037
322 106 3084053260508022786
322 107 8650873024321447450
322 108 -6601471611983116945
322 109 4949699772594675474
322 110 -7372964352370702567
322 111 -6115094293788398186
322 112 1047683011858594392
322 113 3351368298188278216
322 114 8983795874428271195
322 115 5405946610609428726
322 116 -8573229996613935417
322 117 5609314120522201141
322 118 -4307851564663278986
322 119 -2323411600493459483
322 120 1974033400422942588
322 121 -8331904092456577870
322 122 -5884696708895761845
322 123 -860011678947603949
322 124 -9189139719292749756
322 125 -8796532533660561808
322 126 7391746197506381229
322 127 -6356435039427403142
322 128 -1708815610032922284
322 129 7215290211074074868
322 130 -5024706130641144725
322 131 -6523339250697921198
322 132 -5409181618484748451
322 133 8766220126130160837
322 134 -67509907780382986
322 135 -2939507467227483098
322 136 -5706937737910916223
322 137 -7635098240064321566
322 138 2289162949592394570
322 139 9034892733717649827
322 140 8309639036956865045
322 141 7505519640109438818
322 142 7483718296584953744
322 143 -3770578626618805697
322 144 -8487063854444056501
322 145 1041321791937724072
322 146 -1544028094323662313
322 147 -2403619174959956642
322 148 -1910452481732064371
322 149 -5725764543002582190
322 150 5093575395647415788
322 151 -1040839976707779678
322 152 7740553221616112028
322 153 -9157576314708244659
322 154 -8352143724457672397
322 155 4446514143455165364
322 156 8549750091884187739
322 157 -1320971278593695406
322 158 -706210208481465597
322 159 4365025817443932398
322 160 -1344987845343645846
322 161 5364436694265243522
322 162 -4376381797831474237
322 163 9127589682555567163
322 164 -3005787286134298452
322 165 -2259469588141487757
322 166 -4124096868383399514
322 167 -280054436179505257
322 168 8017880133955402140
322 169 2986030822351699591
322 170 -2699393514994355047
322 171 4448020688221816268
322 172 -786096872631247155
322 173 3719616473098145590
322 174 3912460846129269004
322 175 -1692997086152392397
322 176 -2253456498893219892
322 177 5940547089628614388
322 178 7552995730403499151
322 179 4720873414996818262
322 180 7025124767629444224
322 181 -4314458406749150684
322 182 2114616602063142522
322 183 -7176957952385817504
322 184 -3088079139212175213
322 185 2854506880429229658
322 186 -4213326512534039161
322 187 -3779354391003925421
322 188 4700841712161497781
322 189 1871981797299601257
322 190 -6399179938126060864
322 191 -5183471368454115914
322 192 3803040990271085356
322 193 -8948413718487581040
322 194 184649043302712703
322 195 -6109614394085378779
322 196 -6843542767883468248
322 197 5895839088093971484
322 198 5573434223990332373
322 199 -2696249299474775160
322 200 -501875508977662853
322 201 2203673400717933522
322 202 -5850360182423556164
322 203 2672051743460019617
322 204 1492321869800076857
322 205 -4608818405423664713
322 206 2127212061218695318
322 207 983828971557431931
322 208 4660556823164892987
322 209 -8319504564107396870
322 210 3006820859876651153
322 211 -2328176505758882107
322 212 4367310458488109703
322 213 4255808122663626324
322 214 3135309145827882424
322 215 418908688641295273
322 216 -3545294747829414956
322 217 -365954065415311781
322 218 1902103217210126549
322 219 -8259944886900138246
322 220 -944184131294430140
322 221 7471331652321783665
322 222 -1429371842463400081
322 223 -5264731511776801950
322 224 -5769510332742556509
322 225 -1744088276122818248
322 226 -5069725104868428276
322 227 3923853166378008203
322 228 -4115800729599405056
322 229 -6604124971144255101
322 230 1446617836081068488
322 231 -6969601009502320695
322 232 -1828313957679610452
322 233 -6115457041481313
322 234 -1825925012659237437
322 235 -2748817530921427057
322 236 5653124284399428976
322 237 7445554859938541399
322 238 -2805077605640714958
322 239 7031011060405391289
322 240 -410726775798237759
322 241 9037781614933490343
322 242 -4312394840755312995
322 243 5209053601331323955
322 244 7812373997047423783
322 245 -3222818605654296145
322 246 3894660791961434860
322 247 3341506312802723
322 248 -8215203664516194531
322 249 6413401066241880823
322 250 8652354339499843703
322 251 -7707517445769395747
322 252 6242080253912610465
322 253 -6344853938205653826
322 254 -8070598158765771954
322 255 -1369262273579198520
322 256 1625978083321312910
322 257 -367965659903911232
322 258 6112484577640902881
322 259 -6759168007232651137
322 260 -6720101581840775488
322 261 291188129764255005
322 262 -4641896389452874265
322 263 2598722700737767879
322 264 -8957082541919004405
322 265 -2781353214258059619
322 266 -4974115461118615628
322 267 3935813609831153469
322 268 3914652027499756805
322 269 2163162656148189566
322 270 71589920593664730
322 271 -1775245596335013031
322 272 -8074082277168619423
322 273 -8467157108984770886
322 274 6187602137791554507
322 275 4619216252007584365
322 276 4960221026957311076
322 277 3691728720958121200
322 278 1970895342084296247
322 279 -175829745781578807
322 280 8973514457689420609
322 281 -4364512164373210474
322 282 2021668348150474383
322 283 -5556474101038584398
322 284 -5058492463865924974
322 285 -4869680145597432476
322 286 5057302732868486114
322 287 4162958443840992959
322 288 -9095145301226924376
322 289 1069166294187530235
322 290 -9222480902373426459
322 291 -5947337940534778326
322 292 215148403698559696
322 293 -7217062453956277235
322 294 -7268243977885672239
322 295 -8687946198336566800
322 296 3618136986862780284
322 297 -8699453385023368595
322 298 -1130443712250073069
322 299 -2636785918961544946
322 300 -839011954933638069
322 301 -7856643652064291698
322 302 -6437796649722854411
322 303 -3149953831928259442
322 304 3860260595466085853
322 305 -5456163280112099013
322 306 8545451678492257260
322 307 8250436242408785116
322 308 -3665654498628076279
322 309 -4003683184060236411
322 310 -3827956519593818491
322 311 1588663377588457091
322 312 -1300738250032205172
322 313 -5253714285887886999
322 314 522615137553389809
322 315 -6650002837945261474
322 316 -5498330966961637469
322 317 5223612220578098345
322 318 1219210656901483094
322 319 -2280249508153559178
322 320 7838812038035609333
322 321 -6344254557661008621
322 322 2742633916656118290
322 323 1562687320842820233
322 324 8399496524968326623
322 325 113259951881255696
322 326 -7071266841815729534
322 327 -2766541443661960228
322 328 1961463398454932295
322 329 -1327530025121319336
322 330 -49635848662897932
322 331 4411548308556195016
322 332 4053443688630951848
322 333 8995189720997705828
322 334 -7621746922456212284
322 335 -8663176748653608992
322 336 -7154022138155138691
322 337 -4025578688994854195
322 338 -7074672971774073783
322 339 2033405219417204419
322 340 -7040175914998561365
322 341 -5737400745130247675
322 342 -3882037457984961755
322 343 5283381070675741099
322 344 -2440517140587368638
322 345 6524769962251151979
322 346 -2650963906698588512
322 347 -5958109423398054014
322 348 6151966044316501226
322 349 -8793101738594610478
322 350 66705304264146364
322 351 6506998641917110208
322 352 1246065670262755067
322 353 4974714781361443139
322 354 5649653852627685232
322 355 -8283336589266520805
322 356 -318020928866832678
322 357 -5852404320180997002
322 358 8689415433639748939
322 359 -7774855731612011460
322 360 -2069269383156877787
322 361 -8666441075151373888
322 362 6621659164718428002
322 363 -3122451432313376140
322 364 -5874199205444936852
322 365 8198360950070142887
322 366 5432220181469182574
322 367 7253037032539361734
322 368 7865008957511203990
322 369 5160767399409165661
322 370 -7653851244851120514
322 371 -5909373436278999110
322 372 -1966347030076779761
322 373 -5059589053067673379
322 374 -2176776917118766507
322 375 1173068001458948590
322 376 1668016029093747518
322 377 2529465208147046564
322 378 -7692135067952925672
322 379 -4597143788383380649
322 380 -6859655344734835894
322 381 -7053921515864500600
322 382 -2367416924473052635
322 383 -8457935828619978584
322 384 8823476574667858617
322 385 2664818314474423998
322 386 8679520361882552091
322 387 982487676233937774
322 388 3471352229434410490
322 389 -2748328336066192774
322 390 2173306475296896529
322 391 7653098880305457321
322 392 -7720742274746194440
322 393 -3039409702406862171
322 394 6787209930241925549
322 395 2931484958569146084
322 396 603004661595735477
322 397 -3256365432191738005
322 398 -6756472135434170853
322 399 -4865411736656965390
323 0 -1619251650796485661
323 1 -7485928173869822513
323 2 1620915485738898266
323 3 -2701065017778640514
323 4 2867654114905924570
323 5 7026048560053543809
323 6 -6472774455506269020
323 7 -1573732948330544639
323 8 1654611299364339200
323 9 -5739616185602883812
323 10 8146055099991714325
323 11 239185994513151828
323 12 -6174631498850531233
323 13 -3890996280763530283
323 14 5191378944709439146
323 15 -5343356877756948885
323 16 -1285862045290845361
323 17 2211834425260675817
323 18 3762030761521428505
323 19 -7464833175310639533
323 20 -3606044553774112369
323 21 5841133326881159286
323 22 6200376236604684908
323 23 -6274339443506884245
323 24 2961889264272039797
323 25 -792945266295153722
323 26 -60458427402882468
323 27 -3936165200219440687
323 28 6243678622308437608
323 29 -3299063796481101362
323 30 4135814226402169750
323 31 -771206823213575329
323 32 9010696590852439638
323 33 -7567100335350485145
323 34 -8434542014923343250
323 35 -3157834448825311353
323 36 -4023200015429761348
323 37 2339884943268939725
323 38 -8058175725465319171
323 39 4048542712082883902
323 40 778381108764807464
323 41 4455036030635584672
323 42 8331514365680139183
323 43 8304953610886649747
323 44 2061048543628634755
323 45 -4016922031888836127
323 46 5647683487150151402
323 47 4968209927511688974
323 48 -2911870038612154231
323 49 3831854925635534513
323 50 -788029866612318154
323 51 2919708843052755664
323 52 -5753915112085526686
323 53 -7548314168917911730
323 54 -2815970437930577185
323 55 -907166547211867781
323 56 5019563097941395728
323 57 6768114147230077258
323 58 2691453030003257813
323 59 5374460110854639667
323 60 4607573640303472829
323 61 1030524237787776315
323 62 -4273343073133745932
323 63 -499058849735503365
323 64 2261863048882598898
323 65 3133515236224028785
323 66 -4794800456953149539
323 67 -4396715366295922838
323 68 4151307176957179084
323 69 4713757646547111822
323 70 3201310375368094905
323 71 3957076866589733247
323 72 6258567964780171210
323 73 -2125445262040582115
323 74 7052382932427899467
323 75 -4911868363084704171
323 76 6748127220518040559
323 77 5266491460320539160
323 78 4311989805035503456
323 79 -5663064228612798638
323 80 -6863208044430764054
323 81 -1795703799379592888
323 82 -3636494973468894968
323 83 -8138368343029036403
323 84 2276807900340702813
323 85 -1709461091516388443
323 86 3315116138021743674
323 87 8238085157623442301
323 88 4503002179169406474
323 89 -2001879822107928720
323 90 2228974711937864320
323 91 3804816088406629415
323 92 -2689590011516761693
323 93 1927433395834855240
323 94 5953205976190043947
323 95 250954593364859312
323 96 1132531950172682406
323 97 6024381640977376437
323 98 957959132714513681
323 99 260412352612348313
323 100 -3924924742872413907
323 101 -4452771837689944737
323 102 4713058804657094229
323 103 3211574015561766991
323 104 -3435189138715591781
323 105 4096334968137441567
323 106 -6092525810185969774
323 107 1003088246809934920
323 108 1669038480330827813
323 109 3967226519277330141
323 110 8107236713245485991
323 111 -8333073612350759227
323 112 -542029422192966963
323 113 -586140414921991199
323 114 -5741660156575137521
323 115 -5630818587390066776
323 116 8311702405857398273
323 117 -2146620866361888653
323 118 -1756784411536194418
323 119 -3278522162207369296
323 120 3151661058584974139
323 121 6121302408958130351
323 122 -3878854659349883914
323 123 -6852540379695371614
323 124 8000003055261959840
323 125 2482374335595891454
323 126 -747858603309106225
323 127 -7669054353294213063
323 128 -8011224181861229602
323 129 351128976316977679
323 130 963413844254455116
323 131 -5587232959276763810
323 132 1140464362294761788
323 133 -1726556727604858448
323 134 -1309353811567242394
323 135 -8063327088506504652
323 136 -1101613468917841064
323 137 -8958055432051826732
323 138 2769493757442152335
323 139 -2990793945922169167
323 140 8944022075805152835
323 141 3418372675810908664
323 142 3848089076606890201
323 143 3839344812485751861
323 144 -3500975762717063797
323 145 -1566512092485506118
323 146 -4928921484558130047
323 147 -4646434031151271178
323 148 -4874857887777648062
323 149 7510647644230812311
323 150 -8419866096380282515
323 151 -746984740674897782
323 152 -3706080566180582696
323 153 -2825120877943962881
323 154 -1400279994306515165
323 155 755810953544470343
323 156 30386544999945198
323 157 1470817598529361609
323 158 -4488285239081154060
323 159 -8471841758369151904
323 160 -6262908334892877476
323 161 -4067531212154083884
323 162 3707440988540737473
323 163 -6233429115189250814
323 164 2131942536136904969
323 165 613087505305086439
323 166 161163779465979367
323 167 -3553742307534920406
323 168 -7717943451759239581
323 169 -9169018022724217613
323 170 -1879812567504421641
323 171 8977325592925191585
323 172 -2392184058227399948
323 173 8983143158802099645
323 174 4187387562043297259
323 175 -1714805658024909164
323 176 2490302868940647583
323 177 -6380759845364662589
323 178 -2350988506603196306
323 179 -6307319061905578155
323 180 7809765780516987890
323 181 -5339101317158396941
323 182 6611579401276562304
323 183 5227677489806769261
323 184 -4538830404627884684
323 185 1507977549204772516
323 186 6736698518774640014
323 187 5038256720655331798
323 188 -1355460524541866078
323 189 -4032782566755751152
323 190 -4254592071453024333
323 191 1122051045102051945
323 192 -5927487734569315602
323 193 7121959284777066166
323 194 956530081500835624
323 195 3432112126577500868
323 196 -5664942079856048433
323 197 -3829437504230658208
323 198 -9205058883687077468
323 199 -9161945849930604955
323 200 -6802573037509890589
323 201 -9045788607765318839
323 202 -9031218307125542998
323 203 -5912413593225061413
323 204 5604749332144702399
323 205 2872781697802703020
323 206 3813113109990205750
323 207 -913027447268020326
323 208 -9153313798378249373
323 209 6832235004980686271
323 210 4162162932657292093
323 211 -7530243902414341064
323 212 2429528798413371492
323 213 4408630850513808764
323 214 8066650100142739083
323 215 3075447645848738173
323 216 1259550580359500674
323 217 -6485283963795661677
323 218 -562227357841670046
323 219 7607750010635689018
323 220 2271706689173048731
323 221 602867386294314639
323 222 -348344438281850483
323 223 8444039187222184885
323 224 1653251495776065374
323 225 -2825427976340329388
323 226 -3414977202017617783
323 227 -8137857645397124963
323 228 6124409949565947047
323 229 -7088910987465133405
323 230 -3672899798408146048
323 231 3140457338243685515
323 232 9050051585457771512
323 233 2248398255880957583
323 234 6926869946914920230
323 235 -8033991828777438044
323 236 -7476334225208648112
323 237 7652861429684866389
323 238 2120225194428677828
323 239 -1908530547737902710
323 240 1695140835003413252
323 241 429460481998140307
323 242 -5903251029705033301
323 243 -5838610148637144393
323 244 3020181118447314930
323 245 -3448960035303704054
323 246 -3540571023590268255
323 247 -8383855738425870418
323 248 3874864201509058106
323 249 3202581630864319595
323 250 2245862112786062461
323 251 -648516716972868371
323 252 3637946731952938793
323 253 -7697177218264484680
323 254 -7132429082929430220
323 255 1459119849542672569
323 256 4660798578873689721
323 257 3927148803716259145
323 258 8879539729058078945
323 259 -1823221921187744774
323 260 7940076497418493204
323 261 -4993014100525899451
323 262 -6910010052739135995
323 263 -3052301042658357300
323 264 -2007992917038338278
323 265 -1346225558977427057
323 266 8892922042929306139
323 267 -6714091097718207093
323 268 8393773968549385045
323 269 -1937283612151287637
323 270 5083701317054764941
323 271 8487649877404774715
323 272 -1411354321057596259
323 273 -380803968813669144
323 274 1722271128701643756
323 275 4558283484959473597
323 276 6531345869843897918
323 277 -1217766397941335886
323 278 -6611692736467379414
323 279 -1109915188825943456
323 280 1396767052318017919
323 281 -8042590919768281410
323 282 3889847447476603729
323 283 -6432511004958728736
323 284 6387956633625903576
323 285 1584834563173291569
323 286 -6161189363293300308
323 287 -2849801711902255898
323 288 5509056210741292351
323 289 -8887660408887967009
323 290 8293604614995614395
323 291 -7935879390038639889
323 292 -5517854512544808901
323 293 5608408840453455388
323 294 -5067987372156829494
323 295 -4250757195493279791
323 296 -3675915694683499440
323 297 -6891640516653623230
323 298 -647233127439876579
323 299 -8462977396800201780
323 300 -9213451889288816517
323 301 111136743447215391
323 302 -1891464242946812420
323 303 -4058287606666889619
323 304 7585639279240672076
323 305 -238049533610023134
323 306 -512940074684432025
323 307 6851788057174071512
323 308 4389099751708209500
323 309 8868280952969521858
323 310 2064530290651331632
323 311 -5345678716167455205
323 312 -4397120230622660093
323 313 4783860564388120666
323 314 4083583041634192230
323 315 -6798330212028329782
323 316 6324198023571896627
323 317 -2186688178613507380
323 318 8129510233350643521
323 319 6612254765864879596
323 320 8931301637151369308
323 321 2611289903183703450
323 322 3605771294504102810
323 323 8892077836957983993
323 324 1997153072735854960
323 325 5779970917029374973
323 326 6468612057718763705
323 327 -9026826022083198829
323 328 -3771943976738007890
323 329 5168140187356774549
323 330 2404344207974949814
323 331 4029615633274356362
323 332 8177880782336711848
323 333 3419995613012923940
323 334 4901580448886178749
323 335 1851073102698457186
323 336 -7926247271252938102
323 337 7985422968016341970
323 338 119838755598594223
323 339 -2808962995698587980
323 340 -7895004066858981241
323 341 3523203106098999771
323 342 7313685834971293667
323 343 4505488636126861614
323 344 -5675900801793107544
323 345 -5876986574388766927
323 346 3696211454225105669
323 347 -2384752823908309540
323 348 4649049932639493189
323 349 5707028752473378872
323 350 6680103884981587833
323 351 -6562032266184549941
323 352 -8289511908794174308
323 353 8415846915780197295
323 354 1722857335949012013
323 355 5569786003414532999
323 356 6552958352860090637
323 357 3953192383785803753
323 358 -6891033834577065734
323 359 4130327840440677688
323 360 9143457994396820760
323 361 -2474560999310195809
323 362 1509430230826929358
323 363 2950538162225496539
323 364 1452532045890307371
323 365 -4648084380033321101
323 366 -515235008933983662
323 367 -7569055565789210345
323 368 1409509142996086852
323 369 -7215676011548390709
323 370 516974506604120378
323 371 -6500311467869735209
323 372 1505478227793944550
323 373 6894459937642067268
323 374 5466517709047209466
323 375 -6436774703737518801
323 376 -388451664462544955
323 377 -9155898047640331908
323 378 4907458753244459266
323 379 5396342268713684697
323 380 -6987066152809545287
323 381 1588060942838685336
323 382 -6806263585682412397
323 383 -7211506811614803716
323 384 -1555678442875542711
323 385 357794960793095135
323 386 -6266715393596310514
323 387 7514653269383504987
323 388 7125182430238847652
323 389 -3375973653524208461
323 390 -5930240914952236280
323 391 -1956064185899964197
323 392 -6008922487468171996
323 393 2609993780571150899
323 394 -7205683916474794595
323 395 -248481359773569498
323 396 4167374723834404255
323 397 -7401058492110435424
323 398 -4684141856336315404
323 399 -2647591800393316234
324 0 -198514205325560307
324 1 -7189958928528950363
324 2 37217383986946145
324 3 -7688948935913139576
324 4 -9078525653155938761
324 5 -2165703599843338278
324 6 -3226885491733785640
324 7 6719164222350734412
324 8 550594610040685202
324 9 -5018044380914514329
324 10 -8675590856291728059
324 11 -4525855158907074396
324 12 -8972269666377857808
324 13 7395445215805860623
324 14 6799101008536570163
324 15 4923448905402138915
324 16 -909470362776893983
324 17 6105708030345967362
324 18 2533994478999577102
324 19 -8230238933296788480
324 20 -3472917550951263959
324 21 608709921813577348
324 22 2338075643269076820
324 23 -4361705849706790113
324 24 -999196419351484251
324 25 636110344916803185
324 26 -1766074324389191561
324 27 -4007141362422399997
324 28 -6820503980158329266
324 29 -8803235259914362191
324 30 -3699506619962642157
324 31 -2806067453072427702
324 32 7741925084449149644
324 33 -6281189150078945100
324 34 8043339863750891549
324 35 -5371055639833762072
324 36 4957592457728268692
324 37 -1966355781241516933
324 38 -4585758285831747907
324 39 -8795863506120458107
324 40 -8648844830336428166
324 41 -2873564078082397330
324 42 -2752462550958908418
324 43 -5734489452463872702
324 44 -2001901580483474695
324 45 5203191487064017458
324 46 3903239667338575592
324 47 -8625931076424725223
324 48 -6137942062180400712
324 49 8970740827402808663
324 50 1954665370953320660
324 51 -7418912036766186131
324 52 -2570929653229910321
324 53 -6430568093936151178
324 54 46005424311055810
324 55 -3812780443594577903
324 56 1051215347481956804
324 57 9137035047786541867
324 58 6311961158702243252
324 59 -4449327170933822654
324 60 -7781446344663174008
324 61 8861144436647792145
324 62 3852563500419185803
324 63 7834633164914536483
324 64 5044481945279395125
324 65 6477264909327091217
324 66 -6580544878408809629
324 67 674412150636509004
324 68 -7044587294092332421
324 69 -4022558319161220920
324 70 2143724462127377027
324 71 845463867406760233
324 72 -8702260184683135452
324 73 6798769811439031862
324 74 8679945123722419461
324 75 7658736936560505208
324 76 4697822257830661963
324 77 1471509073075733428
324 78 -5161422217942201860
324 79 -620792447124620714
324 80 -8442922456767907331
324 81 4620816759275983947
324 82 4107188301222485971
324 83 2734543585108836909
324 84 1790910375463004788
324 85 -184578462477763314
324 86 -9067208457577132030
324 87 6895092906802232253
324 88 -5017187146553765985
324 89 2862004006686775012
324 90 5365666391640929036
324 91 732462190035016843
324 92 7387926553320576393
324 93 -5268138202366482646
324 94 2042894345060577391
324 95 2255805203688128661
324 96 -2670376058641793276
324 97 7491691435876840302
324 98 7096361993454892618
324 99 -389948003289440867
324 100 -549959568117445819
324 101 4980964438402038534
324 102 -2335551534092336240
324 103 5392006523316164337
324 104 5017642737256296831
324 105 -384784485689025791
324 106 1936562086412000964
324 107 -6716086950610807285
324 108 -5609921284976406567
324 109 7507047312713335153
324 110 523569408702731137
324 111 -3510049228273024426
324 112 3563035009444099157
324 113 -3953010946063052834
324 114 4900779431510898044
324 115 5090422228856322297
324 116 -6994949940253651568
324 117 4242184242461126211
324 118 -6718909646707322053
324 119 -8874000088148597906
324 120 4380060889976699394
324 121 -7116110264303220069
324 122 -3538580462464853149
324 123 7336789603013287524
324 124 -4137760757262469014
324 125 6241303181474029309
324 126 1476003291449797547
324 127 -7764112917188965351
324 128 1149269705070789509
324 129 301177883390654941
324 130 -6885414101118128396
324 131 1050486798847473744
324 132 -391029834867337733
324 133 4013138478623694721
324 134 -2224477923125857677
324 135 -7059233465139572554
324 136 750027657689609871
324 137 -7542335914333908667
324 138 -2602275071853572890
324 139 3061161521945783091
324 140 -4109105386719215642
324 141 1578056255278669235
324 142 -3835353417814423404
324 143 -754869552735521164
324 144 3443720131718219090
324 145 -5946431304503561081
324 146 7278696506731276916
324 147 -3196884362731806314
324 148 -1405138137981061991
324 149 -5045337559962803838
324 150 -3168991513398553777
324 151 929743793933966531
324 152 2105241987060884502
324 153 -5281168911231727745
324 154 8230326511158867570
324 155 -2563970594681816320
324 156 -2102469194586294338
324 157 -3227177401866010660
324 158 -2541402584306408361
324 159 9209072099070605303
324 160 -3841983334908545537
324 161 -355006549636012417
324 162 -4724333039080729349
324 163 -8451529424833627236
324 164 4070828819494223436
324 165 -4980753897802385585
324 166 -5978219553029851921
324 167 8645125594792471612
324 168 -8068077679630835480
324 169 762169843662323730
324 170 4186461905811085856
324 171 -4824466509140830152
324 172 3611367505350741933
324 173 1141890205958311338
324 174 7190811517880916305
324 175 3852141436971008902
324 176 -1915142418494394620
324 177 -4791731198909291151
324 178 -7670915144223628728
324 179 2651873828840120689
324 180 6069114911221987564
324 181 6535220681580558164
324 182 5938569051715416913
324 183 -4009887440499683020
324 184 8961550273778183249
324 185 -6345107157192046742
324 186 -9191752081305581514
324 187 6696700758187153664
324 188 -3615819980229827348
324 189 -7234886477548996793
324 190 679603368606076986
324 191 3396175343545395255
324 192 2258517412985565716
324 193 3233578179716464814
324 194 1226474564026853116
324 195 3605536855832598281
324 196 328167841869252465
324 197 677781647414933240
324 198 -1048062084271352147
324 199 -8344528690135093224
324 200 2135016240805991129
324 201 6565392584661620426
324 202 4384991725648399924
324 203 -7234023901439216413
324 204 4710468261801342893
324 205 -5965616270573595161
324 206 8370927110811588287
324 207 -9066573443020573880
324 208 -5097612548062772222
324 209 2357080230766623422
324 210 7955414244979091539
324 211 7481993046923263449
324 212 4840267812993073347
324 213 -437528325758997548
324 214 2003339005363870480
324 215 -6413171530051235348
324 216 838657438176329799
324 217 -3010908109390046108
324 218 1483862630858730364
324 219 1785973784736682439
324 220 -4716402542180496204
324 221 -5501070207462488171
324 222 1635152761688509798
324 223 1259915543730393202
324 224 1292047977057298476
324 225 -1501740803608725313
324 226 -2306186458050689020
324 227 8754756980191709241
324 228 7833579499128393079
324 229 -4009768636662171776
324 230 2367176734105397215
324 231 -1541467337988579449
324 232 -8393249382222548086
324 233 -8485434912822992618
324 234 2111229122121169562
324 235 -6875039418512392837
324 236 -3354167406711498395
324 237 -7494365286743550222
324 238 4570962076675315920
324 239 8309350331024276638
324 240 -3220724334378592656
324 241 7142576405489786415
324 242 -2325764293104778150
324 243 -8673008522392909231
324 244 5512995351350567116
324 245 2848702029641926414
324 246 7864628933934084744
324 247 -7788948078272691357
324 248 1960182027909812577
324 249 -6049526913153848441
324 250 6907315711994934521
324 251 1827796880258525643
324 252 -3759518593778389375
324 253 -3710977182171767554
324 254 9118661141803468420
324 255 1687291361104826028
324 256 -5028734823671490624
324 257 8321154290099692125
324 258 -1663507162707852749
324 259 5236465001334476218
324 260 -6002340520008982595
324 261 8623028082049230089
324 262 8337451018108112774
324 263 -1838995582720844010
324 264 -4453302159869985069
324 265 2562681160757473938
324 266 -7504506389218660798
324 267 2696469744501883911
324 268 -3789735047754990399
324 269 4836825573766925636
324 270 -1636030787350894891
324 271 -5902392605100410535
324 272 6437910324972900841
324 273 -5195553486258335230
324 274 2499023064006960101
324 275 -6037735778017220963
324 276 -309446340109398758
324 277 -8305187991080595403
324 278 -8942916281115748686
324 279 1280249374246714325
324 280 3264415270661808461
324 281 644748443189442283
324 282 8585788072179947938
324 283 7142854657694024623
324 284 2366705018253615965
324 285 4934444523485501965
324 286 2648148512476429374
324 287 -1402124409464025675
324 288 -5475166800834814635
324 289 -3954149195317893736
324 290 -8117986311970464010
324 291 717939216374819869
324 292 2580484904740011653
324 293 -5087113774915891831
324 294 -1023319126387258992
324 295 -4985825161932171286
324 296 -3655785478164844578
324 297 -6160720934403017451
324 298 -1484992813676621968
324 299 -4467147333858815903
324 300 -2791691384455422438
324 301 2538164662833316378
324 302 1131640507001608576
324 303 -7939648804980675432
324 304 -8025439938582282928
324 305 -2830976916040555966
324 306 -5505534202732817711
324 307 -1637576514937368901
324 308 5633804939860964910
324 309 -1005571076335645855
324 310 -1905483002762945524
324 311 8897081447498059691
324 312 422560658469939291
324 313 -2862833147702836347
324 314 -6539707855255562170
324 315 540498533962063080
324 316 6711006120894245628
324 317 -2097843719508134134
324 318 6694220093384730868
324 319 2976527521767315022
324 320 1326069630187486468
324 321 -5088158499721346470
324 322 8841642609646852920
324 323 -7623742301515874349
324 324 -8535154384331338183
324 325 -8559527892004664126
324 326 8005848082592448551
324 327 7035955090796283708
324 328 -4374173710791557390
324 329 -6323146534867309498
324 330 -1008194569360582085
324 331 8241207554764399793
324 332 -7680790976914010945
324 333 -5207164525445398020
324 334 -7412084474322801182
324 335 -6099100667805509912
324 336 -6805671422507217943
324 337 -583252992767248454
324 338 3712787487170529756
324 339 4019550094588373803
324 340 -7311444495279066853
324 341 -7962786425909653857
324 342 -7573478187881485067
324 343 -7730962656780446866
324 344 -1612157175263623415
324 345 294515058054169700
324 346 -6572246762321396209
324 347 -1440680096427608922
324 348 -3308211146119535389
324 349 -6127739655989018260
324 350 -2113643549149807781
324 351 6861712064815885515
324 352 7484317102857082402
324 353 -3956893600009438872
324 354 -8931229286229606698
324 355 4188156230472854473
324 356 739008406726569248
324 357 8651803882575324402
324 358 -5220510886276443201
324 359 -8609993054645211416
324 360 1806960985096671892
324 361 -8138886456620486919
324 362 5022046353809439176
324 363 6201187794959860855
324 364 6504314974020210438
324 365 2123251207638040600
324 366 -5057280792036513580
324 367 -7168962637806441096
324 368 3917630679596418693
324 369 -2974766480493101220
324 370 837879735343267096
324 371 7277484726472625847
324 372 -2213560570655269336
324 373 7931086209565470776
324 374 7284328826845696409
324 375 -5838235086535335054
324 376 3174180413535261
324 377 5469991147780100926
324 378 114408720085823001
324 379 2591549794331919485
324 380 -5568060896853919629
324 381 -5281123046213524957
324 382 171385749961844097
324 383 5049844746480734003
324 384 8466905329426889578
324 385 5266130670013150590
324 386 -1060368196625355617
324 387 -559601967815145056
324 388 -3945022794717431401
324 389 914594994608086719
324 390 -1994869861515236867
324 391 -1290494599835672049
324 392 7377981701262312551
324 393 1447652728788451361
324 394 -5070330774872694598
324 395 -6515522735602517767
324 396 3397284662240121585
324 397 7005838916692093592
324 398 -5250753644089664832
324 399 -4687915487489894622
325 0 -468839112623397894
325 1 2356476938802320153
325 2 -7583039164475482023
325 3 4439128716344073128
325 4 9072266728279685448
325 5 6423269422836163154
325 6 7830423177334740620
325 7 7971210108290384136
325 8 -2465012216018996794
325 9 7767219274679899863
325 10 -3110433879306510016
325 11 6661172942054454977
325 12 -2859997708595856721
325 13 8780357762581512992
325 14 4640891440770255582
325 15 7873520382238910797
325 16 -891226376864917859
325 17 4518018269870151300
325 18 -8434903607784797189
325 19 -7921514255800456374
325 20 -1870711623753459872
325 21 -8301862662226363863
325 22 -8320112062275094015
325 23 -6607778146136671612
325 24 -8902678570030321079
325 25 1111130226861536823
325 26 1833507557120097777
325 27 -7125241081082633246
325 28 -2623219283092471993
325 29 2908772752818517058
325 30 4913278697117614704
325 31 6547283845169581481
325 32 -3449209844257955627
325 33 -3933173804128450087
325 34 7353563024080422157
325 35 -2255376195962448789
325 36 -244099818602068072
325 37 8040150230219188395
325 38 5082862161403995838
325 39 -7570202955568118994
325 40 4006473320729233444
325 41 -2425228060361442785
325 42 -150550980937535985
325 43 3411012370214926556
325 44 4338794395502120760
325 45 -6157628398480574780
325 46 2516692701373296088
325 47 -2488124914373727767
325 48 9005777040967254307
325 49 7634147038864283713
325 50 -3040448020398721883
325 51 -7240831709754210502
325 52 2161358045679307226
325 53 3133911496944427951
325 54 1593641318562922739
325 55 119761332644689096
325 56 3723086715687559884
325 57 -494896506793463082
325 58 5172986383862707829
325 59 8476557113069800217
325 60 -3573571131921647249
325 61 -2624559079996715312
325 62 -7484335145457236448
325 63 -4243464060725045958
325 64 7497310878888390095
325 65 5536122015449211720
325 66 6548223166221071962
325 67 8137252116289370216
325 68 4355312876661686059
325 69 9157478257078499531
325 70 -671008817417545391
325 71 -2838073821529938394
325 72 -392723505664523869
325 73 992805281470817988
325 74 7124094335770950945
325 75 1860382843921397760
325 76 7713762539427645925
325 77 -2456130779513605831
325 78 -7100381138722689882
325 79 -8921671339478194589
325 80 -7231083428054345134
325 81 7083214963283516809
325 82 4606472460443104736
325 83 8074312399673299611
325 84 3118012663146036645
325 85 -4332298937830887998
325 86 2206309484655699241
325 87 7074029900680653686
325 88 -3539384201773423000
325 89 -4249532879172535049
325 90 -2768870103967769122
325 91 -1633055305545668809
325 92 -1126096867913621432
325 93 6396323445389355687
325 94 5572436433964832009
325 95 -165162887014145568
325 96 -4392298863637920429
325 97 -8917917605186260031
325 98 -7335651905815244014
325 99 7201913296862272679
325 100 -378697730140084673
325 101 988765183031289022
325 102 1453953975887648075
325 103 7440625107329528057
325 104 7052133736755264182
325 105 -8684136890387727234
325 106 -187146126063468176
325 107 3287380104625729597
325 108 4782731169803406468
325 109 -3606217967629328528
325 110 5599149032694500951
325 111 5545247426714860740
325 112 6698362268395960519
325 113 7667243140231338778
325 114 7091280580478230305
325 115 -4980831857694438611
325 116 -3941240558231852558
325 117 5249418914046517065
325 118 4741992666028629551
325 119 8087436790904346591
325 120 -8566002208911119192
325 121 368424966591495988
325 122 -1194999631081139079
325 123 -2210160348990062437
325 124 9103629178179493113
325 125 5359651264221593680
325 126 -2566933380295448475
325 127 -5481895534493383
325 128 1411647023552455868
325 129 -6715951198319472292
325 130 -7668688753603168240
325 131 1141423055541908740
325 132 -8675381071304935542
325 133 -5409972979587410898
325 134 502269881110049938
325 135 3977704611420463045
325 136 2409180050976175951
325 137 8783033520647225068
325 138 -4366097446033828531
325 139 -3164050270294059768
325 140 4488001501256743275
325 141 8815542624954771239
325 142 8047987990162179722
325 143 -8212074319679855338
325 144 -4508402764511152013
325 145 -5445190586531890488
325 146 4585274839726672591
325 147 1638660231879787632
325 148 250348213387989597
325 149 -1888642747822890576
325 150 -7785267754616474615
325 151 7668996586749203869
325 152 1209615539483402414
325 153 8386666780680537363
325 154 4050217774555073269
325 155 1816466711321907550
325 156 -743170270455972818
325 157 1269897385262378924
325 158 -1229876072377633528
325 159 503548112571709012
325 160 -7574457076048069776
325 161 3923685216545596514
325 162 1146162067781172260
325 163 5530264082636633172
325 164 -527394659407409341
325 165 -2182000903707960403
325 166 -1601642190644563280
325 167 1172106921695144566
325 168 6711576881842130477
325 169 -1461221370158393776
325 170 -7601272955740712311
325 171 -5107002507723345825
325 172 -6124704587461617276
325 173 1523968506059392041
325 174 5191124875087519812
325 175 -1575636603099385216
325 176 8390736827629656357
325 177 -288148154952706979
325 178 -796457260667500151
325 179 -3367992900627981722
325 180 4807878359824394995
325 181 9140906393439656144
325 182 7797748781249959050
325 183 9141647452554510023
325 184 -2371564768899737075
325 185 -1466269421217428034
325 186 6274875195795084068
325 187 -8469865783684498292
325 188 7476348135055503688
325 189 2648023188156538557
325 190 1022612036972484168
325 191 -6117336685209127593
325 192 7926850516329349810
325 193 -1248307722882085562
325 194 7142411370473840031
325 195 -180447635086055654
325 196 6717737264411113184
325 197 -8882764794579539159
325 198 -4545811580038941404
325 199 8735527470724837675
325 200 -356447515786753902
325 201 -2008830191415496534
325 202 7294886627876515317
325 203 3442300703915644668
325 204 -2302523213299188434
325 205 8738817539601722254
325 206 5226134012964704213
325 207 5233873231769041068
325 208 -1671700514974514606
325 209 -1260640647904562736
325 210 -4393063843934431553
325 211 2514786731287276840
325 212 -174989211770810787
325 213 -7429886064874199225
325 214 -4044710649737538179
325 215 -8350893477737803000
325 216 7471105182459624200
325 217 -5053587055696433296
325 218 -446219242134546176
325 219 -9156014161782658825
325 220 -3803890035730146238
325 221 -4533716272017985022
325 222 3772863675942692962
325 223 8888556128936297479
325 224 796944664649899514
325 225 2349666016497179378
325 226 7816505999822509710
325 227 -5865307300478676790
325 228 -4815950494833345530
325 229 5524385728937855207
325 230 -8066736933407161975
325 231 8427911248726457608
325 232 -7336205253272539621
325 233 -2490816871521254008
325 234 -4270522755403889517
325 235 -3552676394307293961
325 236 -4606454771686125902
325 237 -2571206000063922627
325 238 1551335971897087707
325 239 -6307162144995881438
325 240 -3320273769652594293
325 241 -2948233226472968780
325 242 -1877195110411283362
325 243 -3592199405470126729
325 244 8821294704363650529
325 245 -8951485368407038074
325 246 -7819461900485769471
325 247 -4372587698482750981
325 248 -676547483237184667
325 249 -7440162406492298037
325 250 -3616717509952016996
325 251 -1974582860043675995
325 252 -5607338103291850276
325 253 -9056778452063388553
325 254 -5537844972852288646
325 255 2013573047094495086
325 256 3628181398165516452
325 257 5540776814939104269
325 258 6981025043178899506
325 259 -8899031359285327188
325 260 6875732339080916197
325 261 -7144666247031698479
325 262 2161876545462860453
325 263 -4597072841296628624
325 264 6312604025701233555
325 265 8035958931171858510
325 266 5047519800635792313
325 267 1527920560652995947
325 268 -6004606908694823100
325 269 -6557939145649797109
325 270 1384905423932785009
325 271 5463113328459219071
325 272 1089403032219830632
325 273 -5617099584145643760
325 274 -3682362765540654660
325 275 -4298031498753393312
325 276 8536094401564353370
325 277 7538390598511972259
325 278 -261851644896537433
325 279 4678936596173882482
325 280 -8775324072801650823
325 281 -7047813329607393442
325 282 4304712755576106747
325 283 8211820069436167925
325 284 1790607003157622650
325 285 -7036053848642964694
325 286 3990417210925383421
325 287 7104508980841714714
325 288 7098409773902872527
325 289 3084756654788010552
325 290 610446918897168609
325 291 -2216191617034526546
325 292 -3562483080991647148
325 293 -6980496057988193662
325 294 2622391139557559937
325 295 6454056646720808426
325 296 -1118374009674324750
325 297 7243813626677804488
325 298 -872425334763661866
325 299 1330825203711217956
325 300 261428520300799328
325 301 -8143232490989413617
325 302 -4126295608951351073
325 303 8338468356413670242
325 304 -7668237728423844907
325 305 -1210447454614018398
325 306 2993315095521756560
325 307 8802583443544928140
325 308 -6384873153825830094
325 309 -4820871698558298363
325 310 -913448891513390301
325 311 -6388030242179676562
325 312 760412755811039377
325 313 5309454883534873575
325 314 811358034875036220
325 315 1569281161125542153
325 316 3469528577829041434
325 317 -4362669854286266848
325 318 8734385989827099782
325 319 -5829947773775092892
325 320 -1615435190647781041
325 321 -8197652144595119687
325 322 -130782625456881716
325 323 -6067568538324011441
325 324 -6074897154118303625
325 325 -8397702464082789107
325 326 -5746931234730132696
325 327 7457541817589548827
325 328 5877071979846598416
325 329 -4438045328584544669
325 330 -8976266652285552668
325 331 -7658925395695691281
325 332 -2939420538755569847
325 333 -620442153907645531
325 334 3211112383391823317
325 335 -8129425841038234309
325 336 8152682102608462234
325 337 -7837820606385963543
325 338 -254040116400091110
325 339 8593441839506872495
325 340 668995036640188647
325 341 -7823546209385976374
325 342 -427453682155531094
325 343 -426728027282337240
325 344 -12344640531419898
325 345 -8293251905530991597
325 346 3952756339435367330
325 347 1265552944717135584
325 348 -2018951073254464384
325 349 6154984550514085891
325 350 -8016517339657759495
325 351 -7533989323629749923
325 352 4512684485898327818
325 353 7896489695307544415
325 354 2915362702600661114
325 355 149862681165504481
325 356 6228169423973780798
325 357 -1104811061759439947
325 358 2972770487186306651
325 359 -5721142143697670735
325 360 3919502943640433592
325 361 -2369117465621749883
325 362 8119820881028589468
325 363 449103846647848873
325 364 5540574889048632792
325 365 2740168199461366277
325 366 -5238099230795417368
325 367 -761055285348418545
325 368 -2833933861216248248
325 369 301587197119909260
325 370 9167101832105987963
325 371 7626590918214991793
325 372 -5136403442049190976
325 373 7859866832871857688
325 374 375848205444480927
325 375 -5680876249845229180
325 376 -1766195081190929415
325 377 -7203512131583404335
325 378 -7625145919737622043
325 379 5655020733730370992
325 380 7253258614980041101
325 381 8064415044562353389
325 382 5631931895079226369
325 383 -7256896813197353410
325 384 -1214055750847536343
325 385 -7016796019471758866
325 386 -1175584475600192799
325 387 -3654892279208671263
325 388 3358953706273182132
325 389 2599295778045946887
325 390 8284168790102622489
325 391 -3020590321726724893
325 392 1240539720577560982
325 393 1015437022346315577
325 394 -4414328773833378322
325 395 -7574887522618022626
325 396 2224953776566080500
325 397 7994743228447278238
325 398 -3939409412491061647
325 399 -917385630610905989
326 0 2155660699763469472
326 1 769341384576912000
326 2 3026532286398909965
326 3 -7577872385850083134
326 4 5548432798177605814
326 5 630321097102268353
326 6 4130444230893364606
326 7 -3183738579266373847
326 8 -462617116482058627
326 9 8441255691417059472
326 10 5078581353510583381
326 11 -8898044534051888025
326 12 -7231468674121938043
326 13 -7696101369781201415
326 14 7797257261861218698
326 15 8737817261308921564
326 16 2998894303529710661
326 17 -8960072860697362329
326 18 8783052258507818934
326 19 7007671631296391434
326 20 -1690661201416390111
326 21 -1140149946394240145
326 22 1816981242288134547
326 23 -5294539673112042901
326 24 4123586005296273582
326 25 -8941372393169448361
326 26 7725387932093198626
326 27 -5285565430411586414
326 28 7935955418806021513
326 29 5605705816080768948
326 30 -8803430222699022731
326 31 -6007345926735827024
326 32 4673481725602998729
326 33 -4703624293679081859
326 34 3339444251846928870
326 35 777073257091262219
326 36 -7799857829279562612
326 37 -5422613156112702150
326 38 6602894856719143998
326 39 -1797386836335613335
326 40 7518202360687421023
326 41 -4134275061182794698
326 42 -3098124807035763750
326 43 -7482569283216209661
326 44 6308596947289381876
326 45 8097539572358401399
326 46 1106461280824645262
326 47 -4026735208016219938
326 48 -7449751841453007728
326 49 5093107000332368080
326 50 -8079281655039994565
326 51 563023874603215687
326 52 1052151226847157454
326 53 6691314077351620595
326 54 -2379865589976237783
326 55 534746836212428221
326 56 -1960224523406474439
326 57 1557280791224654183
326 58 4236683899278094160
326 59 2641743915278455502
326 60 6907215896954761676
326 61 -5084482915330689225
326 62 8802007355383695533
326 63 337913227483741213
326 64 -7320965882312202738
326 65 -3370300411189749628
326 66 -5760804623842285234
326 67 -5688068696628092730
326 68 -6615062169280878015
326 69 -6258363619826526141
326 70 7233333029208862943
326 71 3196625035936138724
326 72 4344270322531805559
326 73 -610206937125848077
326 74 7676012791825817928
326 75 5279566818879654184
326 76 531639163347370088
326 77 -3444977586532732605
326 78 6196076063775350887
326 79 5262130744957869446
326 80 3525923009951183619
326 81 -671568314888112087
326 82 -2117335658360801422
326 83 4523083293134543117
326 84 -4716835666145079093
326 85 9031691431611267350
326 86 6836917939760127870
326 87 -1772238991338717600
326 88 4891704616253915951
326 89 617093621242744457
326 90 7231991871556019356
326 91 -8080217595526098396
326 92 5058840263973618650
326 93 -7627136907462758053
326 94 3457557956958675768
326 95 -6208161610251774482
326 96 -7954922445308974631
326 97 -9199815536532869201
326 98 3899112844549513110
326 99 7393424597237302862
326 100 -1462257112051612713
326 101 4199705289832120058
326 102 -1795906779979341304
326 103 437206951897353993
326 104 -3398231961457240761
326 105 6804913938126034872
326 106 -70661377759875548
326 107 -7720901048024914104
326 108 -1194576779450361952
326 109 6943216718435200867
326 110 3147047878417715731
326 111 -166325476732099287
326 112 7241152392456024505
326 113 2553690062088878617
326 114 5142376264952324246
326 115 -2680867357531805754
326 116 -992579442935073593
326 117 -1494801382552392036
326 118 1716007469824488771
326 119 8315716822577688129
326 120 -6441869110067135977
326 121 -8418829084370170371
326 122 6789422099232896924
326 123 -1877161124694102128
326 124 9107473843879830425
326 125 -610053244119426894
326 126 -6714135930872468795
326 127 -3416601274908210815
326 128 8773406469959010764
326 129 8126641270097717736
326 130 5040284568373328117
326 131 -2381876759490780286
326 132 8215553514876521261
326 133 -4559458630789357371
326 134 -2880921219426865011
326 135 -6106082267968302828
326 136 -2535478207663832208
326 137 -6125251629645612105
326 138 7015658019382049278
326 139 -6658085505544655912
326 140 -424218793845249921
326 141 1594753041338783263
326 142 -5296645097702288825
326 143 7114640041708565605
326 144 8518008314618935197
326 145 384734120996756192
326 146 2232889145866335812
326 147 -3802493976446751529
326 148 -3268162477152273225
326 149 4925896862022750766
326 150 -2556058336137836854
326 151 -4861499552070040243
326 152 -4826550422632928780
326 153 -8096852595082194918
326 154 -4713359320633675605
326 155 -7735039052722089913
326 156 1956749512306691814
326 157 -2452548514360259427
326 158 -8504916157805047104
326 159 -1268158284913440441
326 160 -7270207811133581231
326 161 -4014479617530875181
326 162 -3847844439071329389
326 163 6422801871258280539
326 164 -5644786719648653478
326 165 6827161269870914240
326 166 545667677105598846
326 167 -6762022473415173206
326 168 4945469899094970854
326 169 -3922709373257407895
326 170 -288741963345542118
326 171 2854445628677754399
326 172 2748605670992486046
326 173 3113931779725461068
326 174 -113799956343106702
326 175 1665643142622291282
326 176 -2136864537865919652
326 177 5282567848988588004
326 178 894115447854193469
326 179 -748359874977295716
326 180 -426616254450984202
326 181 817077253197922189
326 182 4660451136600249472
326 183 7029583916678119812
326 184 -7170077825400893379
326 185 -8389617402191965143
326 186 5660218397093577500
326 187 -3733605616856768548
326 188 6781585723039211863
326 189 -126510334198113531
326 190 -4593666719331561244
326 191 3810131135834696854
326 192 -961865513003426165
326 193 5837529110616883010
326 194 -713893238961726873
326 195 2574714826781826629
326 196 -2890316355321334076
326 197 -2743536980282274547
326 198 -2187133585438954820
326 199 -1646481473312519830
326 200 -6166998971716410007
326 201 -4650421401819328077
326 202 -6193556945865005622
326 203 -1715261067100349614
326 204 -8664355661187955583
326 205 5141911336929814765
326 206 -5623186782866767549
326 207 1940926741641626422
326 208 1783284402134059355
326 209 2951529200123791814
326 210 -3192395452849663860
326 211 3582101483826718305
326 212 -7887275556229033065
326 213 -5676183521820555975
326 214 5011095570262414216
326 215 8952036282742957768
326 216 2993215690142399198
326 217 -3784818954565327381
326 218 -7132457391960222050
326 219 -4265647696457059017
326 220 7477622596379964158
326 221 -7087051478320953138
326 222 1722967161049389246
326 223 3647130241454053409
326 224 -1334120494085855966
326 225 -8468665075172070352
326 226 -353318743992415033
326 227 -4125351478328604112
326 228 2703298982243402911
326 229 7457478377563651444
326 230 -8505728691427340571
326 231 -1592788197536472435
326 232 -2805820944542259379
326 233 5864601970989291091
326 234 -4078680892464998063
326 235 -6858831236486784449
326 236 1171850104913842304
326 237 7630004938286323759
326 238 6671738621088226411
326 239 -6668366984931178739
326 240 3601321854663321855
326 241 -751542529915181826
326 242 -2485172920404583782
326 243 -5014100546566188066
326 244 4622448558452575987
326 245 -974448604651310812
326 246 -4963590081279206554
326 247 9138864294081171236
326 248 -322552090645484171
326 249 -6840914228658883046
326 250 167257949846221181
326 251 7242929497601663861
326 252 4513053848059860484
326 253 -4153551025954252441
326 254 5284147081839336738
326 255 6313893147785666065
326 256 3132030377327064390
326 257 -3868397519959887903
326 258 3332284033064967941
326 259 2334138809368993910
326 260 -2534192109340620041
326 261 6929981521020494939
326 262 -1195860819732568088
326 263 -3658320582537971603
326 264 8822188658278486269
326 265 -2715755742481533756
326 266 -6810694411605494741
326 267 6625998521459245074
326 268 -6259135742085541677
326 269 -5718438960426468785
326 270 -433038279886622870
326 271 -2648932231981467276
326 272 3484518878508403204
326 273 -1387641974414903740
326 274 3379348013803886636
326 275 -5285963082436328262
326 276 -1563800360508533407
326 277 -6903040248114728191
326 278 7005410302747782838
326 279 -3915614774455217018
326 280 -383195856810537446
326 281 2184306250924690788
326 282 9099964439951013687
326 283 -5669217211681600642
326 284 -1721699231476113408
326 285 -5832465858223956474
326 286 -3151942481193527631
326 287 6678961525172577570
326 288 7485984571134247021
326 289 3696577177461153376
326 290 4047226428032065064
326 291 2779840754335790256
326 292 -7168624810791182105
326 293 -112621618620260720
326 294 -7983799433370420085
326 295 7352892041437548585
326 296 8129532487328913181
326 297 6650458167550810787
326 298 -7343997612214269580
326 299 2265983212292699228
326 300 -6501684955172837992
326 301 -4474969822201015514
326 302 1046093808152855607
326 303 2277260691957243737
326 304 -6866048324556581159
326 305 -5680993283961659847
326 306 3065781913427299650
326 307 -6622984032271235557
326 308 -5180806060997993368
326 309 788995480761370248
326 310 832013173506699569
326 311 187617326147949328
326 312 6507893811355325243
326 313 -5941831522256295945
326 314 -4510478736305643132
326 315 -1515961082654716564
326 316 -7394551160106683006
326 317 1666711644750531397
326 318 -830355935002438789
326 319 -233583042084471802
326 320 -3743525278023952424
326 321 6368671698017361889
326 322 -9106988959300875592
326 323 8243460855249258032
326 324 -2394981743233865471
326 325 -2964954092416353708
326 326 3233642363776441
326 327 8000103365172253263
326 328 2155978038087722913
326 329 -322676015659318365
326 330 1446891803174775678
326 331 6062100727212726582
326 332 5452111325244846886
326 333 -6097667497698922672
326 334 197779733616312852
326 335 -3346960520737586660
326 336 4559978219013287352
326 337 -6433987958252583222
326 338 -351782361268548182
326 339 4558074333367346592
326 340 -4306355091363492323
326 341 -3080834771039635427
326 342 4925847310478521290
326 343 -1156815002017778717
326 344 5127587110861322424
326 345 5197610146685496105
326 346 2385756609860623243
326 347 -8377651837829965719
326 348 -8559984612994550588
326 349 3031382315937779733
326 350 1167907786394974778
326 351 -2822025446890870080
326 352 6774483602592831240
326 353 8233147951695087346
326 354 7967527669816101028
326 355 6860991925957340714
326 356 1947554477998859946
326 357 2953573118239479483
326 358 3064578100337582791
326 359 6788623788069698939
326 360 3928588612048777287
326 361 -2438140288831498535
326 362 -2369044624388435178
326 363 -4385513712596995081
326 364 3761133719034728663
326 365 952759711818045202
326 366 -8118438950960829077
326 367 4584793163880800917
326 368 -8816307780862666391
326 369 3416724070672910506
326 370 -2771136347909674355
326 371 -4824912520366648500
326 372 3085939130865176472
326 373 1212689473494159336
326 374 8273800138462777003
326 375 3202174939836177117
326 376 3828246153858244305
326 377 -8606293357023691474
326 378 -8249575923585669875
326 379 -3618225712261483516
326 380 -5814049047042046909
326 381 3269279576401365730
326 382 3018608094984236222
326 383 -1668232001141525717
326 384 -5422834672744932273
326 385 5620877481321037883
326 386 -8944858858267043969
326 387 7498020458973195987
326 388 3381862956185207084
326 389 -7179885666354188477
326 390 -6436854152414501733
326 391 -1824325768810381404
326 392 -395743394636110551
326 393 1790634648950343288
326 394 -4379278625910877193
326 395 -2850007342666436674
326 396 2748703174529996231
326 397 -4319695401323557534
326 398 4535393724831947207
326 399 -4807912115551558625
327 0 6177358855427254784
327 1 550813151062114323
327 2 -5042522370494140202
327 3 -8059485249683432905
327 4 -3921140703053215597
327 5 -3335214152970114076
327 6 8171814059982326791
327 7 -5942542545412245989
327 8 6051242326865894884
327 9 2040780202120824264
327 10 1734029683380140307
327 11 1466755917908092919
327 12 2378771319748160744
327 13 -9130998799533150169
327 14 -4230561157953068158
327 15 -8600494964175988491
327 16 9027291450201959805
327 17 -6950602227114591280
327 18 3772311550028377899
327 19 -871822238483923217
327 20 -8489311272696910331
327 21 -3412558957423918871
327 22 8393541896434658443
327 23 8050939770799787345
327 24 -8174437915794758112
327 25 5685629099778604981
327 26 3695404415721895143
327 27 6044831863817649818
327 28 -6539505449941298235
327 29 4265326436230841078
327 30 -7826836949292609728
327 31 -4651674798767517253
327 32 4397529604760975767
327 33 5834605505286942881
327 34 1602860051197758280
327 35 1009354821580364410
327 36 -5126368113412751613
327 37 8817910792503466180
327 38 -8296284733887351629
327 39 -306205558508489550
327 40 8618062235967319983
327 41 -5056749738092811591
327 42 -4809651867125015711
327 43 7659632185898328720
327 44 -4270998658172449311
327 45 5196268415366551735
327 46 2407450692691476112
327 47 -2610593397689004710
327 48 8033489431199019238
327 49 5327382201840344270
327 50 4568384616015717857
327 51 -3105839526126226884
327 52 -3637370233019238472
327 53 -6603297647184007097
327 54 -991655308909312523
327 55 -2106973422325710777
327 56 -6964886776878739318
327 57 -5203560211773343420
327 58 -8997279534689080195
327 59 -6070354718390742702
327 60 6329226588419198834
327 61 8213644496995153986
327 62 -7897803638616127577
327 63 2106718400620758442
327 64 5192364894308732100
327 65 -2343823907458123484
327 66 1437035801408883754
327 67 -5610769479650399165
327 68 -6335577769601137828
327 69 -4757424163090895494
327 70 6589953851769850488
327 71 -6018586041227088535
327 72 1854553253871206217
327 73 -311011732348989815
327 74 3500533547288751729
327 75 302988976374758620
327 76 7313730481149453408
327 77 -7093451265073428654
327 78 -4172596802270139345
327 79 3253770215052894845
327 80 3146948046184388087
327 81 2921460620783816477
327 82 -8502361496850738053
327 83 50121321795041341
327 84 5154971360135914428
327 85 7145139615164369562
327 86 -3396046014199441240
327 87 926209584526059077
327 88 -3630712763252102567
327 89 -3975725226027017029
327 90 6245950189808456219
327 91 -5024636140021702577
327 92 6030416114488488647
327 93 5152724737723236236
327 94 2493948337873082572
327 95 8551740512357253444
327 96 -5101885846688595874
327 97 -4296515779934403815
327 98 558542545556280237
327 99 3343009106151452084
327 100 -7069505711795894647
327 101 39111787192111428
327 102 92495495531007515
327 103 -373761208020628062
327 104 7538463240694197905
327 105 -4202282763689712252
327 106 260180447891622814
327 107 8256535332952873857
327 108 3170077281766067743
327 109 2582777251677098637
327 110 -7497942900828860880
327 111 -484712055965486840
327 112 2712366640412965182
327 113 -5391500154749481373
327 114 1738970134570865380
327 115 2313660447835715162
327 116 -6671397696621186453
327 117 8778875725115584370
327 118 2279564458741532115
327 119 -263919584811600656
327 120 6669040564951597863
327 121 2243205379996330037
327 122 8158804053771915783
327 123 4783586948816829108
327 124 3737880540406342808
327 125 -671909513276167996
327 126 -6821460821591043955
327 127 369041716796894092
327 128 3800610379763010885
327 129 -5077217375236134186
327 130 -9090623942441380747
327 131 -8249768420029967264
327 132 -2398446171115281646
327 133 5773994196729122546
327 134 7067502746929365769
327 135 6543054349368352513
327 136 5704633570354780325
327 137 1499639646194472779
327 138 -7252823826379184281
327 139 -1549308923400918857
327 140 516627801442179749
327 141 907134549603330620
327 142 3624953769493385728
327 143 5050546484501683567
327 144 4462570149251616098
327 145 -5242698725383925244
327 146 3849206975945961770
327 147 -5629236735566242559
327 148 -5417560592351241464
327 149 3644703199517018741
327 150 2819258343603670075
327 151 3853319851283749454
327 152 -6648663685885455923
327 153 -5026323964290276226
327 154 7213833447114189117
327 155 8667278922724237090
327 156 6136667772777122990
327 157 -7956501097834844270
327 158 7717897525556904111
327 159 -890033749128339015
327 160 -2069747116697883829
327 161 1493030624927367400
327 162 -1471005082109616304
327 163 -7785324278907596220
327 164 -9056904154897714162
327 165 -2199042423189438570
327 166 5274985514884910448
327 167 -4128798111997897309
327 168 558461815190780317
327 169 -7720852254958801047
327 170 -4476949233050457969
327 171 -2800487703050779388
327 172 7190816962635165069
327 173 -8864128076566073180
327 174 -4234710914131095318
327 175 8583438097341092723
327 176 -3918516552850998603
327 177 988708048304996989
327 178 8895235189885765302
327 179 2205407119829731796
327 180 6975690923608656271
327 181 -6194372637397422499
327 182 -5413367689268311660
327 183 -2761941330425643644
327 184 3552689703781974231
327 185 6218715566357259707
327 186 -600179566494768481
327 187 -4693501983944884744
327 188 7884339648818521609
327 189 -617875885355709615
327 190 -5329209962541692716
327 191 2918341975643969389
327 192 4700305344707938032
327 193 5599193521347083508
327 194 -1796291430652587506
327 195 4861376423196427732
327 196 -8059612572289902472
327 197 -1444884164489582885
327 198 -1203277923945945766
327 199 5521478032528243203
327 200 -2307705670325084966
327 201 6999419274212812445
327 202 6071202813577454398
327 203 4268429000529911085
327 204 2800051714174604613
327 205 -6565809259395272300
327 206 -3769047254646669889
327 207 -1301826939447603276
327 208 -3355715535692223409
327 209 7116993527142302011
327 210 8587640324044224564
327 211 2482702109597499565
327 212 -3257538988626086380
327 213 -3455615272204402700
327 214 -6084150848806595648
327 215 -3552879770366079156
327 216 2376380258342876745
327 217 -7118702421584249559
327 218 8015988068863573915
327 219 -5352106029161699294
327 220 8002597708974018118
327 221 5614597753861082087
327 222 -2482137356915573246
327 223 -5228904046800098577
327 224 3893971830083466780
327 225 2865511398429674768
327 226 1049603135910547756
327 227 -7036032309232165086
327 228 8579796858203005940
327 229 -8724975886078301552
327 230 -9083667323879743773
327 231 9030745036312569428
327 232 7666086319001126720
327 233 -2243950828084403847
327 234 -3358575736417308842
327 235 -2312868244721662664
327 236 -7183968081161821183
327 237 7844185422648706684
327 238 8827363050995687297
327 239 5622039416772867565
327 240 4178538246927055492
327 241 6689409011681863071
327 242 -8218757899210261468
327 243 -1388474578755768962
327 244 7486661044401680513
327 245 -8339362592710531295
327 246 7538864446537210144
327 247 -4122505181822430384
327 248 -987402503563235156
327 249 -3637595570302453227
327 250 3084369246345166150
327 251 -7105670342276916203
327 252 -7791618569726455162
327 253 -4872240721076976381
327 254 -5983793284415776617
327 255 3162809825278781838
327 256 6188104105314744228
327 257 3121847810827617290
327 258 -3635037997493520047
327 259 -2787875197013584425
327 260 7144260802225363743
327 261 -3431206589950129984
327 262 -4889224214828063794
327 263 -1971640372829276047
327 264 -2435036248839028222
327 265 -3753678519511159896
327 266 -7508243776969299024
327 267 7312677762375504545
327 268 7152588830928702373
327 269 1187497267159953422
327 270 -5290939728464204288
327 271 -4365038605375192025
327 272 -9109916022963999525
327 273 -6197806233516802183
327 274 76558323314841947
327 275 -7284744965956837727
327 276 3925151414191888742
327 277 914833974124002425
327 278 -3320964508324044480
327 279 1105263811952579566
327 280 -2038033091828394362
327 281 -6219908228569845180
327 282 6038540544079751536
327 283 -7473096618997749461
327 284 267935238398511987
327 285 -494382508878934965
327 286 -8318110234350862211
327 287 -1201046775916430680
327 288 2315313347194567923
327 289 -6040260461048288527
327 290 -367152201802634380
327 291 -6257558261292522886
327 292 -8581175054012310575
327 293 -1195957404147524764
327 294 4548348331380129631
327 295 7023444358018729947
327 296 -5996449521983047272
327 297 -5038589261885185186
327 298 1211757122759438238
327 299 -4966660651181611094
327 300 708532928744862318
327 301 6148106737322417885
327 302 -8662354492128948191
327 303 6769723150182188761
327 304 -5936387200770292106
327 305 -3940773125542878375
327 306 3973122355665861723
327 307 -8420990252775725961
327 308 -4005669347543471803
327 309 -5857500315559970380
327 310 1438330549690548260
327 311 7307430073358044571
327 312 3202864134371324768
327 313 -4164570439593766184
327 314 5025318370276696762
327 315 -3715441937802432202
327 316 -2996205517387841303
327 317 4412303858448779566
327 318 5500161889973730195
327 319 -1077723074103775329
327 320 825616716420569400
327 321 3083253448186314938
327 322 -4654632318118942449
327 323 2380005275789092680
327 324 1821369059181050289
327 325 -8193435822833636778
327 326 6474811539086744222
327 327 2922855721530560479
327 328 -54412298831228820
327 329 747645749498279373
327 330 -3419191397432788018
327 331 1898338214476137997
327 332 -1728368816508413585
327 333 -3511797998307445178
327 334 -2373549690587180752
327 335 6454035061065577472
327 336 -1899976684646903597
327 337 -1291650255976123274
327 338 7241503022212729318
327 339 7049668620194587419
327 340 544260507501602673
327 341 -3929892787227847344
327 342 -8583854829858576832
327 343 -870501025774173778
327 344 -5457845707287645797
327 345 8362777666284239179
327 346 1889092738175696662
327 347 -6576203005482657471
327 348 -2606310906600351593
327 349 1374891001743868842
327 350 -3858675591990108469
327 351 -971600600334410044
327 352 1589878312324726457
327 353 7591444508152992316
327 354 -8792106160246430033
327 355 8481480680704911717
327 356 3270401583246328057
327 357 3956521130489061877
327 358 -862145676316932110
327 359 -2237026521426691750
327 360 -8209104373642322238
327 361 -4541221593256716999
327 362 -7690727216969130145
327 363 -3605137103175868440
327 364 3803262500942433415
327 365 4408907163710288236
327 366 -7355972972012806477
327 367 100388617136488826
327 368 1326248462512096487
327 369 8262603618158452688
327 370 4715207741364302811
327 371 -3883699128789840670
327 372 -5159431725006122538
327 373 6696649320266551407
327 374 651635502555410853
327 375 -5873050359048906090
327 376 -2136451399267265681
327 377 4616698924428764391
327 378 -2749031567105414372
327 379 -3605502750359115151
327 380 -442509837275875526
327 381 -1937575104780857060
327 382 -6748807580668004037
327 383 -7809062705751673937
327 384 -39677775785222740
327 385 -5089362970185186174
327 386 -6561336445388561975
327 387 8091395768468555724
327 388 -9258497720209098
327 389 -7641397066753104599
327 390 -24865871739210120
327 391 -2889763662330568911
327 392 -4072577688219276012
327 393 -9067263423584640643
327 394 644120105344711599
327 395 -7917788948484603439
327 396 8040100373444719084
327 397 -4762515932208534703
327 398 -2048505558935554447
327 399 -5587797361707226548
328 0 4340888958396687837
328 1 2998631952830962352
328 2 -6865342470911201589
328 3 -5130528431065336927
328 4 -5688649131485660113
328 5 -7640567632340503985
328 6 -1169493433794574011
328 7 -4258930552973776334
328 8 8616624985611105812
328 9 1965998674192743745
328 10 -8262488117005123433
328 11 973645426976035063
328 12 -2443726641358869024
328 13 -2225471084883260546
328 14 -1045343651513269029
328 15 -8228637101229713418
328 16 -8810046901537193609
328 17 1950007905505576501
328 18 -7087565192509707472
328 19 3658585999233226191
328 20 -8880590554038311017
328 21 -1158274110254819552
328 22 -2304547033960022583
328 23 -8158881213334709158
328 24 4856965873107808683
328 25 6235711385810189190
328 26 368175189454029999
328 27 -575806721562092251
328 28 -2463069012602456193
328 29 -5951964160429089295
328 30 -5372569274353498023
328 31 -2951981974215015823
328 32 -6481131156121476692
328 33 -469617414114597244
328 34 -5785198958379274667
328 35 -6162129367177703057
328 36 -889573957626178321
328 37 9058867106412695299
328 38 -2264673065196988176
328 39 4657194217624475983
328 40 8760598319167332535
328 41 -8691686610867422293
328 42 5882649725431583842
328 43 255647579488951510
328 44 2106986029640688407
328 45 3556730517106572516
328 46 -8981447121363301485
328 47 2906098684896321955
328 48 3236911732334109890
328 49 -1372041353238833607
328 50 4108856703902175901
328 51 1277216345180778721
328 52 -1305568836456142945
328 53 -306939514685800564
328 54 5634065916695992126
328 55 -2043803426926492024
328 56 -116946468088645180
328 57 -230304075368445191
328 58 7857247064098415160
328 59 8500432024938310564
328 60 6893404851965024464
328 61 6968592578598679129
328 62 1663473256304241721
328 63 5691421251249776851
328 64 -5187489369560434262
328 65 -5630455522997519376
328 66 -7693622762072800483
328 67 4931808458890019611
328 68 893939611601063769
328 69 -5609112319189747605
328 70 -6237189241017826971
328 71 -5596196260882326197
328 72 -4219012755513128223
328 73 -2870084661262498644
328 74 8565713356767639307
328 75 -3754257314464935098
328 76 -378828885817277699
328 77 -5419560144773323621
328 78 -8946299370588114035
328 79 2750280361946674063
328 80 -5089263312899874987
328 81 -7531193843246651010
328 82 -8750343661381951314
328 83 4963500296431016075
328 84 1835093637618618118
328 85 4236647440651714492
328 86 1521974738558525308
328 87 4399246963462556979
328 88 5349360625913694433
328 89 7818132844709978977
328 90 -7293423555810468610
328 91 6865403998011288268
328 92 2722795312757796258
328 93 2997252421042102054
328 94 4614574609672052661
328 95 -4650340527425892047
328 96 1041033267050008810
328 97 -1049290460443330970
328 98 -6208580683942549462
328 99 -5566206383947668489
328 100 1537456077065868515
328 101 6567564222120292228
328 102 5174833725135518654
328 103 4874349138519930199
328 104 -2549488533550822800
328 105 4917239619038837396
328 106 9060043241408702014
328 107 4940155452305383966
328 108 -7065767136114131915
328 109 -5997105482593115565
328 110 1865087086338051288
328 111 6940140738612029726
328 112 9182184599709486365
328 113 -4355109009970808601
328 114 -8564305035244827087
328 115 5163295917605486895
328 116 -138102144491277198
328 117 -499534023452907607
328 118 -371250337096693302
328 119 -6890066401310224409
328 120 6895354719314231182
328 121 -6288973774593542540
328 122 4223391057716985949
328 123 -5009750759693053651
328 124 -2387872565920530534
328 125 7203461897216635394
328 126 5069204292129414278
328 127 -4875188217289239514
328 128 -5751087489287562365
328 129 5892963483440552904
328 130 -3123969997804268445
328 131 4263247848212606716
328 132 2420808075752836845
328 133 3026033734168596511
328 134 5862527565917128804
328 135 -3862796083663317556
328 136 -6674441491010384821
328 137 -5953103734248238384
328 138 -5631153456665678815
328 139 3139971981906172728
328 140 -2535947520870467127
328 141 3792990912731202231
328 142 -6183340973060513614
328 143 -2795169188529936385
328 144 -8861954450404576327
328 145 7384011372884907283
328 146 -725965767304029492
328 147 8009419348366625178
328 148 -6062933158090878643
328 149 790302400731407202
328 150 -7839720780615716108
328 151 -5106017156459132543
328 152 -1420952491331011390
328 153 -1266525045817205206
328 154 5227210319230761477
328 155 -2837867260823003597
328 156 -4734814109448659961
328 157 -4500874791390838131
328 158 4918570907203247311
328 159 -7353513574968714253
328 160 34949411555476619
328 161 3857667760376668110
328 162 -1340119557716169491
328 163 -3539898811207891464
328 164 3127746809945704899
328 165 -1551604582712944266
328 166 2114262853416395479
328 167 6646822426929476802
328 168 4839826263096974783
328 169 -2296710394735464066
328 170 -4483835540867030044
328 171 3647799957820269153
328 172 5569285835653406085
328 173 6621194180653994962
328 174 4087516990789622802
328 175 2470909652157637322
328 176 -5660596108569509544
328 177 82924461609892614
328 178 -4728894137322607137
328 179 5842095744000046194
328 180 -4905881640460401852
328 181 -8809056300757490230
328 182 7920865071053009696
328 183 -4515016139644830813
328 184 -5645249277436979225
328 185 -5405438155720174548
328 186 8176675337315476313
328 187 5695639628509174256
328 188 -140473069445300120
328 189 -692777157623195953
328 190 3789845784241983958
328 191 3771676964370902715
328 192 -511906520876547909
328 193 6257041769508726201
328 194 -4541753341334220924
328 195 -8957906361848653004
328 196 2422929264019582626
328 197 -5543324577639454655
328 198 -2506850098940596286
328 199 -8874131723682215960
328 200 -2394918187692620639
328 201 -5148911875730338586
328 202 -4807834663508025721
328 203 -1136099145310719145
328 204 217400885500461253
328 205 3507481183176915883
328 206 -3949051895423636059
328 207 -5508985877772003342
328 208 -6041873369280538200
328 209 -8221351650189969147
328 210 -2901346049487765779
328 211 -6163556880945225298
328 212 -6472534819655051002
328 213 -1313413785128126504
328 214 -3030955062214433404
328 215 7274967515310490398
328 216 -5837614755472648001
328 217 -3673946915811653991
328 218 -8880225542826588467
328 219 -1935768029796997845
328 220 -6052228106379170197
328 221 -9074546567061140411
328 222 7957246050721571236
328 223 8881122926178368689
328 224 -5639430308073260005
328 225 5301950909931443844
328 226 -9080716873910821702
328 227 -4828989929277670036
328 228 7244521112293314377
328 229 -1419746302107507869
328 230 -7633956735612199522
328 231 -2090715332292775927
328 232 -4950585500289558367
328 233 -7086246046261102661
328 234 -3632434968974601443
328 235 1708885670600671316
328 236 6268160681430730336
328 237 -3656378216111313814
328 238 6479698389784473949
328 239 1828355354353050933
328 240 -7148746551935346809
328 241 -5502152176840705043
328 242 7600524141145698753
328 243 -193519269657765145
328 244 6449951683875817569
328 245 4030019297547232447
328 246 -826968155134627796
328 247 2713844141448545348
328 248 5350043869011795070
328 249 7495081174829082475
328 250 -7466640480419418787
328 251 -517713588851940931
328 252 -6630586741684016453
328 253 7850750374477498281
328 254 -6023170495192758240
328 255 -3315976250641094198
328 256 -4670615524785481990
328 257 -8289714840188657582
328 258 -5898563383753578031
328 259 -3479944329716349298
328 260 6618425249338111682
328 261 -4400381297433329155
328 262 -472816673476022127
328 263 -748564971215388985
328 264 -8567099743966824398
328 265 -2008669420822663243
328 266 -9192154204883230701
328 267 -3876706417140837906
328 268 -4433710232261109279
328 269 1875040895056997345
328 270 -8336726555526776237
328 271 -4245656157057444239
328 272 2171522663431762794
328 273 -2224639332627623461
328 274 -6535130788648812983
328 275 -24622393952211430
328 276 -6646230206243710849
328 277 -9163883318376367684
328 278 8595645132795643506
328 279 -3742537427623552402
328 280 1602820806745422039
328 281 6460617367772855237
328 282 7574758979131950504
328 283 1336169830827673298
328 284 5851027960457577579
328 285 -5382077056026021297
328 286 -6200282206918501487
328 287 2577918522261577188
328 288 -7125189854874431883
328 289 -1834060868593362545
328 290 6030719514101190435
328 291 -2592098885651614691
328 292 -8660067592278656366
328 293 -2361025141597366488
328 294 -3810237910236020857
328 295 -7903576241564408308
328 296 -8474050849688747122
328 297 -4175932651318968373
328 298 -2529322407128323345
328 299 -815416817209527269
328 300 1692784310088497890
328 301 -5856519199304600690
328 302 -4117142164277199687
328 303 8626235340855072921
328 304 -3059317310376382134
328 305 -1327552922566724730
328 306 5321853217141350663
328 307 7185231423207547275
328 308 -3686885977603631896
328 309 2346091175239887824
328 310 -7510590627585964147
328 311 -3577138219046125654
328 312 2892305214712395049
328 313 -2350262661322887065
328 314 2437652712814029795
328 315 6956228471429275626
328 316 -5016109926403034983
328 317 -1370351868241593016
328 318 -7647344632094929883
328 319 298802156599932160
328 320 -3456554311121393465
328 321 5096853165807012396
328 322 6240996683747271406
328 323 25579451856018566
328 324 2355910187663926033
328 325 -399577088214727026
328 326 5171549874897640308
328 327 -7713204787917550869
328 328 1598400761233206580
328 329 -5925500783468072599
328 330 7413012193617727434
328 331 5916695347819069405
328 332 586040937543739466
328 333 4266862880842272478
328 334 -4501221652289303859
328 335 1897526142104646284
328 336 3390752277110072971
328 337 5516844419533918838
328 338 -6439548656675725391
328 339 -2748359473887049000
328 340 4718121699605564713
328 341 -3765078171474739261
328 342 -1326527784977380657
328 343 -4673010415403909019
328 344 5580370013401432161
328 345 -694909947390282914
328 346 -7445568158142259918
328 347 -8596385851835897665
328 348 3545932853591007095
328 349 4724257367900013956
328 350 3814070890644077121
328 351 4892095414071073502
328 352 -7459895015677948531
328 353 2642689372231107707
328 354 -5727992146028885688
328 355 4536554817400381803
328 356 2785218373370771474
328 357 2195104556231713886
328 358 -4178349558508247104
328 359 5524774275466778856
328 360 -3012259972495910010
328 361 -992185382287511174
328 362 -2398702168111568431
328 363 -7340742689948345965
328 364 -1583606886339346048
328 365 -1622244972337877377
328 366 3660439122319272472
328 367 -1698513815495814381
328 368 2618086807448023232
328 369 2134224975240960610
328 370 -5082727177077216839
328 371 -2562063009751295952
328 372 4667542718594286169
328 373 -2537086001719180826
328 374 5081651658249839201
328 375 3162572576321173657
328 376 -4211690054203074217
328 377 241669252903710287
328 378 7626948326628708197
328 379 -4326992564314344752
328 380 8151695183486665146
328 381 -5681024291460758234
328 382 -3991759853574471526
328 383 -5276859591155449781
328 384 -7727563787376882962
328 385 5787550228905260401
328 386 6860221279482848228
328 387 203644763372219322
328 388 6613955666255729104
328 389 -2848195913687876489
328 390 -6316932180813579558
328 391 2363160896993645653
328 392 1949580870638608411
328 393 966858285317694796
328 394 4865991086266703466
328 395 -4213407165466820191
328 396 3289045911552900852
328 397 -6054337158998749033
328 398 3176626298041727725
328 399 3256423892411809093
329 0 -4085807932874017348
329 1 -810919404989290418
329 2 791644639289762484
329 3 5338715759820984697
329 4 -6298015013308130241
329 5 -7549783361968699733
329 6 4387793610279393417
329 7 6469088404619673061
329 8 -7816811558220655079
329 9 3629110215433352774
329 10 -965590841910190898
329 11 -7617047076160132971
329 12 6087467702423326262
329 13 -5896535169267903429
329 14 -728889688438142706
329 15 1683809821088809435
329 16 8279045252298127322
329 17 -430975236827988873
329 18 -3737278908090634018
329 19 4394077556344601972
329 20 6781088994560101901
329 21 -6251296219955668585
329 22 -7091719774926322190
329 23 -7138363549719971916
329 24 -3790444330294666316
329 25 6591265114469445518
329 26 -6181347051952967990
329 27 -1062177440541661597
329 28 -8218938281565340506
329 29 7116299427601223897
329 30 -7970180904872559304
329 31 -7273442571407605529
329 32 -8521724602444442462
329 33 -2792651116055357292
329 34 -2562906418248431469
329 35 6839181299242175194
329 36 -5990126483466097159
329 37 -5072460060478885904
329 38 6794064857004749041
329 39 -5766669564110614345
329 40 -4867833481882032375
329 41 -276344921258088220
329 42 -8798836142996312822
329 43 -3187162900945568332
329 44 -6908574467490084075
329 45 -5843677758222311227
329 46 5498828215561456679
329 47 -2486549040552088709
329 48 7529211620757978986
329 49 -7147617434887414106
329 50 -6172157450107166560
329 51 -1192997758050012811
329 52 -8651400907015068540
329 53 8696017376993874358
329 54 943820491026945636
329 55 -3939208378413522679
329 56 1972821095377432970
329 57 7644292512849840816
329 58 5305337181400382632
329 59 -9108097291813271811
329 60 3339948772754933679
329 61 7024166746413479314
329 62 7876916113868827229
329 63 3617434926408389955
329 64 -2482300765594774939
329 65 -6228019528034678075
329 66 3090372267990761997
329 67 7054297887435015575
329 68 7317940111338416555
329 69 -8666927665878554100
329 70 -100003661876381324
329 71 2810866643121967243
329 72 8371398883142428784
329 73 -56498968941806254
329 74 -3661540673799730014
329 75 -4059998452878635440
329 76 6077123666961884045
329 77 -2091043980175793649
329 78 2088717534206439448
329 79 3089448181065661070
329 80 -7401328004260509745
329 81 899507293918566536
329 82 7249566676838588350
329 83 841573523493742377
329 84 1881441444976706015
329 85 -1316958817981959435
329 86 6421614515315906804
329 87 7641199508325881441
329 88 -8201574010073471447
329 89 -6771302604134793872
329 90 -5489228277693798789
329 91 4956438925130580192
329 92 -7200158653938556696
329 93 6617203752923688538
329 94 8135462743135753731
329 95 -7882725343190639811
329 96 -318534157285189849
329 97 3569102916425217894
329 98 -6939624886820111764
329 99 8821388021052605245
329 100 578971815858012155
329 101 2600722478442403904
329 102 -9131673223596833866
329 103 -6569071587096104393
329 104 8313131706774759172
329 105 2100985533093284016
329 106 2915240322875693162
329 107 -5062527373819927945
329 108 -2617470707996465263
329 109 -1133055762229892845
329 110 -930809775617296302
329 111 -965669197839319293
329 112 -1997903594911364864
329 113 3341073377978786694
329 114 5849624101962266951
329 115 5586099628739365016
329 116 5141874795900143902
329 117 -7474869698327908340
329 118 -1375601697498171330
329 119 1628014515713784383
329 120 -6859139857350078530
329 121 -7735956786300209169
329 122 -1575773573656701017
329 123 -8338587214616992444
329 124 -4225372454830215197
329 125 -8947898887862651142
329 126 1706719020890735418
329 127 -2803435914731986847
329 128 -5113809614548912856
329 129 5677202417464466907
329 130 3318168867037210808
329 131 -5605961973057928365
329 132 3635212813894737262
329 133 -8054949151944968815
329 134 200494109992917199
329 135 7781681233245634245
329 136 -6278526943124158402
329 137 1923588930363978762
329 138 -7412714444278314813
329 139 3666682146452396731
329 140 6503394207583169886
329 141 -1210706017701320504
329 142 8032725358716669552
329 143 7609890782833981060
329 144 -8170655414447166310
329 145 -6060401618286324536
329 146 -8141637531959126086
329 147 -6937209148654474853
329 148 1761045368322966914
329 149 -5304022069320701420
329 150 -1259304157904386792
329 151 6035795444350282944
329 152 -6206254199069645269
329 153 6101305214171183742
329 154 -7137810355044185891
329 155 -5590502607181205081
329 156 -7954222298666729344
329 157 2348130484344181000
329 158 -1539007205359959231
329 159 -168547591078680621
329 160 81065395164051443
329 161 5757317287735765455
329 162 -8179453548207334353
329 163 -1786453917634426457
329 164 3856715885245478395
329 165 -1604046774304364058
329 166 4994238034594028739
329 167 -2602028065736906514
329 168 1596522333272166195
329 169 3868396612678786981
329 170 4333886653719204902
329 171 -6743696051735078474
329 172 482636490116541736
329 173 -8141585562214073403
329 174 -724486585249274894
329 175 5630167545272611613
329 176 -7500758166009424359
329 177 -4559060514934998765
329 178 7525075856710900371
329 179 2853947705848891488
329 180 8405119165760280528
329 181 5856242428563756678
329 182 2402943292231602450
329 183 926936648602227233
329 184 8266924388771407859
329 185 2842120437077197156
329 186 -4671808686104018314
329 187 -1092548006886317326
329 188 65158735834294067
329 189 4351935379240116875
329 190 -8947162349630558109
329 191 -4908253079046141242
329 192 939772390013032022
329 193 -5672053558542559244
329 194 5259702146937093314
329 195 6276320033045621722
329 196 5646250347671374502
329 197 7065575489240948942
329 198 4706853565075364336
329 199 -7767007200336405686
329 200 1557296984999534095
329 201 -4165841751795435045
329 202 -7733355169491292435
329 203 -6957580331393653502
329 204 -905978430509797188
329 205 3778657966924055256
329 206 796760365128041680
329 207 -1165400431523845717
329 208 5960507908887591817
329 209 6514801066384726888
329 210 -4909708951478163369
329 211 4377449724004287163
329 212 4810439377086777309
329 213 -1334234289257249878
329 214 1161741025078029008
329 215 -6905211312406609036
329 216 -1859179044028882127
329 217 -2203045526693190213
329 218 7152014284261085745
329 219 -5113375188453335500
329 220 -3873584306785479946
329 221 7486857944539540276
329 222 6818337946498884294
329 223 -6164533723125806792
329 224 -3198970725751026142
329 225 6711310310923169010
329 226 1861719452632285294
329 227 3050570051164468171
329 228 1868684622930377998
329 229 5882777778706661061
329 230 8702670737133697918
329 231 -6123932875125649815
329 232 -6610785132911272853
329 233 9022151932695395167
329 234 6857072202693855433
329 235 -7502641925180715865
329 236 1718154911336606552
329 237 3440510701812967390
329 238 -8745536944271385686
329 239 -5613955611033375269
329 240 842831199033544704
329 241 -8598336730639229061
329 242 -6440564913980251982
329 243 9002288045452215238
329 244 3407985574613118230
329 245 -83803700931661250
329 246 -7681077653390025574
329 247 8357753323365834125
329 248 -253422994447057301
329 249 -734225087196429985
329 250 9148155661191132371
329 251 8771773600465226585
329 252 1617801864741625382
329 253 -6426606354641691649
329 254 527989142257963418
329 255 6945558878329180383
329 256 8648440691004949876
329 257 4672888420961200355
329 258 4807868078136094924
329 259 1745368748475551358
329 260 3719922376134597288
329 261 -2350745364352392100
329 262 -4867787207463978450
329 263 -2062139167445394087
329 264 2652853233322889447
329 265 2584483995632711921
329 266 2576740871518407865
329 267 -5270349852586482431
329 268 8887646668173841209
329 269 3242076575017043419
329 270 -3746990576949966634
329 271 6557000047011613168
329 272 5116298298108739485
329 273 -8243037294885387905
329 274 2224256722099272863
329 275 6331312220137254624
329 276 3202526743976409941
329 277 6056167818623150925
329 278 -2591739752290269808
329 279 5820784742134705704
329 280 4398125859995599344
329 281 5789425263323005574
329 282 -2914508419192294179
329 283 -7211658134975783994
329 284 8993945489905353663
329 285 8813329079950033278
329 286 4178574511540923325
329 287 5019800974366192848
329 288 -3991576510074283503
329 289 8901879256392750843
329 290 -7123101887368196965
329 291 5861395594609964474
329 292 -7545868427878857449
329 293 -6186824507393357475
329 294 -4759790193406980893
329 295 735996248394807805
329 296 3842016893792358998
329 297 7693487708324034400
329 298 -3043876352587835632
329 299 -5873589359762075746
329 300 3536357193996513191
329 301 5798647722263576139
329 302 8189249086861231943
329 303 3165608608150125232
329 304 -1216119740506575906
329 305 -9194041608686537237
329 306 8901955865125220897
329 307 -7684860446668232120
329 308 3286568523293856916
329 309 -4416938712251334933
329 310 8550554612353939687
329 311 -306177903329141494
329 312 419135329518958429
329 313 -2059518571211133786
329 314 -3487576698182936943
329 315 3432394122501868933
329 316 -8131797116534182785
329 317 -7106603250878647988
329 318 -2787851857916055573
329 319 -4493746297383769617
329 320 5012103866872095563
329 321 6669077926186057751
329 322 -5026025655563276495
329 323 -3503688063695902610
329 324 -815403147703537243
329 325 -1448326139083623028
329 326 2684964913574850969
329 327 6151788219455325327
329 328 -5882198072054765754
329 329 8866662461164122184
329 330 -4466219643911930794
329 331 -4645462467446368963
329 332 2119403309351761573
329 333 -7302298328801939720
329 334 2672840841165005968
329 335 -5084086345741494327
329 336 -7857892577426665249
329 337 6020061676638822188
329 338 9012379392475887047
329 339 1287116955652087460
329 340 6977709458619405514
329 341 239814171487114338
329 342 -8318534215547966925
329 343 -3877458585278660517
329 344 -684490114477385927
329 345 8491716954571696058
329 346 -2478680939506047471
329 347 804324699775776998
329 348 3230854961492466777
329 349 4752319950111050963
329 350 3210683184232147826
329 351 4646777941728967449
329 352 5077186223738629477
329 353 2623519484868328577
329 354 1321251211451277270
329 355 -8727988981345339768
329 356 -8248903966108047609
329 357 1740007656723785652
329 358 -2770490783054379115
329 359 3839388060908580917
329 360 8257930170967586274
329 361 6126112530824743495
329 362 6517942070608271697
329 363 -4315650508787611263
329 364 6649531333675753071
329 365 -3050247920486189420
329 366 2553561936347470400
329 367 7268219259557605972
329 368 -8522093017764646127
329 369 -4399685611807249028
329 370 -7996870506066313091
329 371 -4302874268716908445
329 372 -5509862248334017168
329 373 8026904131440304685
329 374 7665604366215401949
329 375 -1580160253880537527
329 376 762696498181876010
329 377 166063943205413364
329 378 -8051554079410966174
329 379 -8397210831466274416
329 380 -2040582779266625837
329 381 -4182478199100193127
329 382 6120322006662053314
329 383 599765399578360937
329 384 3564957598231207602
329 385 -7246815765200158967
329 386 4183700749466627209
329 387 8569916717518013304
329 388 6979223959599448348
329 389 8058664293918992191
329 390 -8011110637369050830
329 391 -8398377996891061569
329 392 -4648933066510637678
329 393 -9057958371391824709
329 394 8965334233453441648
329 395 8243106955248779833
329 396 -715392121458386196
329 397 2122045332975602513
329 398 1581138445351235108
329 399 8476732919047131869
330 0 -1432084155543090827
330 1 6273408851002552850
330 2 -5232060226420349969
330 3 549955632591024158
330 4 5580713638469417352
330 5 8918855712358063356
330 6 8349052228692116783
330 7 -5310254158840579198
330 8 5905484002993748428
330 9 -2146488312840079850
330 10 -1778667662711773974
330 11 4842548921788275999
330 12 5191768384580963740
330 13 3975858147549443661
330 14 -1126615180158755146
330 15 -3197121023577104775
330 16 6819771295718410519
330 17 -1399587448468388045
330 18 -7473267600684851773
330 19 1874543156967010540
330 20 -1460906710072529797
330 21 -7075374598693634579
330 22 -7975205649854565481
330 23 -555740359719524713
330 24 -1534512116358101060
330 25 -2109695755239501312
330 26 -6802354905610869935
330 27 1491612099247696800
330 28 2163561408268766041
330 29 7933350008502202461
330 30 -5481830672523137175
330 31 963143870639123904
330 32 -1016879338348498224
330 33 8886471135370888330
330 34 1189638696829753961
330 35 -7592540914498996821
330 36 277690312156365873
330 37 -9207036447596075409
330 38 -3455481193263775551
330 39 -8178593104857680761
330 40 4180055384159806410
330 41 -4389923263830283392
330 42 4733354106688017464
330 43 -8339096312963225216
330 44 -6625210123392528382
330 45 4753378908480564527
330 46 -8966174995573446385
330 47 8526988753961472603
330 48 -2677016238037141457
330 49 -3405348544742623079
330 50 1500336404850211276
330 51 8245527187027937377
330 52 -5478430647532324572
330 53 1956486055367989143
330 54 1727175865926902146
330 55 512958655970090565
330 56 -5797873813970109631
330 57 -949415127301751905
330 58 9027746742655066181
330 59 1802611079268913938
330 60 934507788332729338
330 61 -7473541449899636413
330 62 -8697592673458113766
330 63 -3525759340364753732
330 64 5069390016977137584
330 65 3163463381155676311
330 66 -3372903670766538835
330 67 3817686137809481807
330 68 -6165355559775122410
330 69 -1876456857680992116
330 70 2596904187331015751
330 71 -6902216251757599318
330 72 -7515608967241681327
330 73 1668925853257680669
330 74 5315862029545056539
330 75 8074492070592668132
330 76 8657794903567457169
330 77 8643385877121338354
330 78 7619555342592547343
330 79 -8540097328525362973
330 80 -7564124050902304821
330 81 5322753301853831128
330 82 -2506705414547915415
330 83 -4185815486672564627
330 84 4565002968110613203
330 85 -4168970999689881079
330 86 947374714713968120
330 87 -1943357305504883559
330 88 1185897864798523621
330 89 -4776111269203248661
330 90 -4349103313910167524
330 91 -3961533225704754175
330 92 6328342152320441053
330 93 -4318760080766281664
330 94 -4609020539303093709
330 95 6379332957025586116
330 96 5453202936161499817
330 97 3577861507478454668
330 98 5441277651539264409
330 99 -3650607692475055297
330 100 1792622077106443212
330 101 -483283360909151628
330 102 -75924398956122687
330 103 -4985239792478386090
330 104 -5290146540916631358
330 105 2343330312659938190
330 106 6290395145056094477
330 107 -4629609557311428199
330 108 -1652664663780343740
330 109 -7161446070771788366
330 110 -2311611975526025094
330 111 2894169624513425836
330 112 9047519633314744002
330 113 -4816650793757711186
330 114 -2934780866093075510
330 115 -4200567519230727970
330 116 -5242623939038299622
330 117 6404287017266100753
330 118 3165502034655538330
330 119 -2141760793173964089
330 120 -7611526837146130136
330 121 -2987430205984174276
330 122 -3075739141617369794
330 123 1338567414992091797
330 124 2290426725406326827
330 125 -8674177552081099407
330 126 8504196335458457754
330 127 5680888754432563348
330 128 -4721456999795854723
330 129 -4653775446219495738
330 130 6826606003395299368
330 131 8076434909960994655
330 132 -5760785195512140382
330 133 -521323244796330173
330 134 3849990343718211078
330 135 -2091110255002383474
330 136 791164172666348358
330 137 -7787944761472181479
330 138 1229352960694814791
330 139 34822822633378402
330 140 -4390735991397653826
330 141 -5199767755638168536
330 142 8638155252228122674
330 143 571064610332125274
330 144 -5605246970197748410
330 145 -8049482716314142076
330 146 8661629399383301872
330 147 -4762925337897997652
330 148 -3413120469042558255
330 149 -3163589109236627768
330 150 -8512408541958284948
330 151 -4229125402329490944
330 152 -3673274815981628819
330 153 -2866276530048829932
330 154 8880908710223835023
330 155 -4051190975254775187
330 156 2817026980256190305
330 157 -2902507201567269691
330 158 -7038495176708253112
330 159 -3629454121337127874
330 160 8263908125530875108
330 161 3652658478060197389
330 162 3021829561416361637
330 163 -586135943967993176
330 164 -4565171620929320504
330 165 -1787165287334423733
330 166 7102430129494283452
330 167 1946969608193024322
330 168 -6193225824589100687
330 169 7505234851200017114
330 170 564108693246652379
330 171 43315146434446812
330 172 4216857642026509183
330 173 -1829058804886742136
330 174 1699761609567315328
330 175 -4537311328678692668
330 176 -6221093302006756967
330 177 8541680218917276292
330 178 8401529039629671053
330 179 603749419917362639
330 180 5639936661804244461
330 181 3139934119135046424
330 182 4092768063557481651
330 183 -8778800332630263641
330 184 -6949666408123705718
330 185 -2636679505391175280
330 186 1360889989063851543
330 187 -2937424177744340857
330 188 5363272509057518106
330 189 220799697332486077
330 190 2419880407517140314
330 191 2579738866695454579
330 192 -3624786192451262825
330 193 -2748743618186382634
330 194 6843885188424363606
330 195 9092524129012481447
330 196 3815581740319319408
330 197 6938088906959606917
330 198 1366579914614556440
330 199 -3510928672478071321
330 200 1834482775988560757
330 201 9111250397081741262
330 202 -8516708945727384881
330 203 3052974118474445562
330 204 -8107425634269591361
330 205 -5830925369302817822
330 206 -7599020438572239895
330 207 -171374830895386059
330 208 -706903920045389083
330 209 2088689592395308386
330 210 282520437597689927
330 211 -3182491300687670917
330 212 -6310198629564459010
330 213 -8259819622951471945
330 214 -563486809492052844
330 215 -310184650066984596
330 216 -7188663285431572398
330 217 -7946320473373324492
330 218 2197643193143771701
330 219 4240302321824722788
330 220 4261508272849342345
330 221 -5660994479639530751
330 222 3134061275826532079
330 223 -3173081999889714206
330 224 -8006587622278332032
330 225 5679556641183616241
330 226 -5030879208103709378
330 227 5015608207923165273
330 228 -6673199968246354160
330 229 2732515934790585118
330 230 -3484226590003843034
330 231 -1663683459110593870
330 232 -3603752564525201495
330 233 -8612546248333117707
330 234 1852706069011161210
330 235 -320533953283613674
330 236 -5963767875173952707
330 237 1352131361169072212
330 238 -707048403000610119
330 239 -2355943760259995220
330 240 -3432941789183795074
330 241 791670935763039479
330 242 -4655684749343282202
330 243 -4387458144824259235
330 244 5116909084182236968
330 245 -9184698472004135761
330 246 -3884818582724074783
330 247 -8033518659114563695
330 248 -2928950670263419519
330 249 -7104117354164610056
330 250 8818734545065839242
330 251 -8028591606699088030
330 252 -1673082823915802850
330 253 -4867469608187537333
330 254 8174789757201741986
330 255 9136978916222266284
330 256 4245331050496252142
330 257 -7111707741280959063
330 258 3074898962191999504
330 259 2692007509993065557
330 260 -3984256248146196542
330 261 -6349176473304632248
330 262 582367986274500726
330 263 -5525594532120622167
330 264 -395474505485418693
330 265 4730597517498016927
330 266 5972352605474058592
330 267 -7911445755757443058
330 268 2744388370387085966
330 269 4242782304578114372
330 270 -6120488226653176399
330 271 9217516012481935171
330 272 -34539106360052778
330 273 8302316250739488030
330 274 -6871276964174423611
330 275 -1505044722503437059
330 276 2339168092506120551
330 277 2839706263929392759
330 278 -2585465388537503753
330 279 5370002136606922985
330 280 289716922083868837
330 281 5283596924768174991
330 282 -1132700831099501009
330 283 347120752198593578
330 284 -5737628906035461643
330 285 -3007821950521107395
330 286 -569226006354734426
330 287 1479596547227249124
330 288 8946406777249026115
330 289 1364619229916738205
330 290 -2050444361496691927
330 291 -7506265456948836076
330 292 461007225512060968
330 293 -4670117508818890175
330 294 122085687500550231
330 295 -6067436468104740395
330 296 -4929343215295475877
330 297 -2907031853719376181
330 298 -6825134570128723668
330 299 9006652070823962962
330 300 9186954502522369997
330 301 5351649773436671921
330 302 -3771961676003958006
330 303 -6722427608241592702
330 304 3820061570421705605
330 305 6443973489097609215
330 306 4051199609326520212
330 307 3768376281874297615
330 308 -6116567796231097675
330 309 3140287268703366142
330 310 7765874317369374449
330 311 -4132194674534946987
330 312 5339659749880730766
330 313 7751859094271424732
330 314 -5110873477542213349
330 315 -5801405764996850436
330 316 -273672223579095379
330 317 7766406968475357992
330 318 -4420122527571964884
330 319 2894880704983623797
330 320 4937815898432175725
330 321 6655523887092909852
330 322 -7149633152015185106
330 323 -1148368338999007244
330 324 7767123484450790846
330 325 7643704727660758201
330 326 4138568346834256927
330 327 3620876817667971796
330 328 4925554309577968342
330 329 1453641980764640077
330 330 982621781664889596
330 331 -9072821099770865697
330 332 -3501693701022224551
330 333 2869415151510729670
330 334 7552299875925243086
330 335 -4917994032427374553
330 336 7000608373375611223
330 337 226472139252580238
330 338 1983380564353708634
330 339 8297492563724298387
330 340 -6863577015844701983
330 341 -3168751373644598012
330 342 1407385646666734530
330 343 7240908513677800885
330 344 -7016068231400995849
330 345 4126075366610589157
330 346 6682688278757915367
330 347 -272489993721270661
330 348 8282043830277346511
330 349 5819039278396100658
330 350 -7285814709870713348
330 351 5110574583776601653
330 352 1128184100283904270
330 353 -70071503219326710
330 354 -3091229312535742859
330 355 -3349153775891497467
330 356 7635959231268075606
330 357 -8850604533083163777
330 358 -4271436422824530193
330 359 -7197348918519417330
330 360 -6202736463376921938
330 361 5229312885315550405
330 362 5320627818549476648
330 363 8011852679913387644
330 364 5234717075417033709
330 365 3918012993421879858
330 366 -7151695540489391235
330 367 6998932774493451971
330 368 -4369244644746332942
330 369 4774338874010563082
330 370 -8351329313767171512
330 371 6556296158967875842
330 372 6176216224010726614
330 373 -5702478894608416433
330 374 -2735478874724987255
330 375 3270475079319230260
330 376 -406524906480558609
330 377 -3394815663587398967
330 378 -3381418268109311349
330 379 1809565305021465460
330 380 -3391872875248781732
330 381 884295388518116342
330 382 4856054663825167345
330 383 -409397930677633184
330 384 603189888726047474
330 385 -4928145310122370945
330 386 -4161866812061252323
330 387 6188583641038238663
330 388 3523454376926127290
330 389 -7088682868411830748
330 390 -6784004753848943423
330 391 -204554226318050103
330 392 -1394222880700890833
330 393 4482236928078469828
330 394 -3226225924954641487
330 395 3153387394134647436
330 396 6337207843327351264
330 397 -6214244731910007107
330 398 7448167520045939088
330 399 -1204842057808950961
331 0 -4480438428496657751
331 1 375283638260231858
331 2 288825984719841742
331 3 8098300337070861344
331 4 4030966340568941655
331 5 -491531240579054926
331 6 2761611340847871841
331 7 4153635253634588148
331 8 -5867680362481465990
331 9 -5380309986449956055
331 10 890613775116376167
331 11 -80081780894007606
331 12 5389296623706098229
331 13 2629945009784777789
331 14 5580301836589726733
331 15 -4126034756800733544
331 16 -2800226751245926332
331 17 -1225376614474372842
331 18 8185245633287313717
331 19 -4186603186669620495
331 20 -332932651088472290
331 21 -7210688573795111405
331 22 -3222758209072357413
331 23 1346812591293349589
331 24 3571627660902393211
331 25 -1791262600481119331
331 26 4054452504617036181
331 27 7777804310436809751
331 28 -2267999229184272800
331 29 852342360881261536
331 30 2124734603240068631
331 31 4425861306962951989
331 32 2137642363388344756
331 33 -4847059160647177557
331 34 -3738031818251487505
331 35 -1136760039108882745
331 36 2434498167738979870
331 37 5268384350885274153
331 38 533867460730117053
331 39 -6092490843775578100
331 40 6103795275814583167
331 41 -818877992913285581
331 42 -5508745214100745103
331 43 -5283738327380223364
331 44 9206776869303889815
331 45 -7749471360565592829
331 46 1606345531189340471
331 47 4698729234088180321
331 48 -368439259153515886
331 49 -5083637694242277806
331 50 -641665056142309476
331 51 3710896335719449341
331 52 8666646800250680172
331 53 3721135301937195268
331 54 -676602782565125029
331 55 -1193546635569745386
331 56 -7424699667545910442
331 57 -8979314792578962979
331 58 -6022403822409909067
331 59 -2260566810445067438
331 60 927893641830108057
331 61 8839932508395201300
331 62 -5786554426971124025
331 63 601940152916858168
331 64 2165266738507977907
331 65 -807163290631414578
331 66 691621105433651504
331 67 4596779628861005789
331 68 -5485711781397736506
331 69 -1208002752775323521
331 70 -4956709158943118647
331 71 743712837239328269
331 72 8294607772805086335
331 73 -1147668347484154708
331 74 2016424935104317144
331 75 -8090988459681465593
331 76 2138754454544961451
331 77 6339715076589360677
331 78 -6904163814765578564
331 79 -7825114991607161368
331 80 3225515658167288078
331 81 1239356455961136919
331 82 3752750717674100497
331 83 887050779025893177
331 84 4196615270163469152
331 85 -6405515353863811923
331 86 5492695677288975585
331 87 -5697646983339927669
331 88 -1801723934068960243
331 89 5390411248008368789
331 90 4343511690532497910
331 91 -5544839926621872624
331 92 1818090272960488338
331 93 -4653079290314904887
331 94 3791420008996654356
331 95 4249476928031589351
331 96 3867627128501853589
331 97 8761536760001789520
331 98 2064785811864243071
331 99 4470350309149102145
331 100 436675954740923926
331 101 -1788088922005260406
331 102 7248811968952370123
331 103 4092070326800855605
331 104 5573091885247934934
331 105 1904089768430906954
331 106 294367808431616033
331 107 6564005206217684913
331 108 -2188941373649956892
331 109 -3527635670251494749
331 110 2980099444435619687
331 111 7014804161771093858
331 112 -9211360630256387067
331 113 -9174093480347143345
331 114 -4406733451403955095
331 115 1822923831748264111
331 116 5149609110032527951
331 117 6523229649205815530
331 118 -7705689965617948471
331 119 -3554167987725695030
331 120 5307357567016151130
331 121 -8613499686800871180
331 122 -162551881012477759
331 123 -6320916165195192898
331 124 -6792264885336121518
331 125 -2928594032048805132
331 126 7320779505446112574
331 127 5017658026595053009
331 128 -8610936650469041954
331 129 5885538547592204918
331 130 5109579508139678364
331 131 8277216570828089820
331 132 4294396898403794132
331 133 4018084867807767802
331 134 -5781323136167791360
331 135 -1153874132709545193
331 136 -7640009930703317008
331 137 -1486681842884660591
331 138 3078071347053959110
331 139 7467024727525596268
331 140 -1139471960615490698
331 141 -2960746620017957709
331 142 -6174971138260962168
331 143 5122126657533723293
331 144 7593889420875251082
331 145 3232104657684276421
331 146 6271553838980842230
331 147 8033447105482976103
331 148 7249841567329876098
331 149 8722372973887947609
331 150 -3382296194515724271
331 151 1832747308907746778
331 152 6576077267352310545
331 153 7470057130105690586
331 154 4305188418937615809
331 155 6541149084700092407
331 156 -3065405661429490042
331 157 7502272203366491753
331 158 8857827823588013761
331 159 7294908466267694330
331 160 8193987231325326780
331 161 2690132924337556930
331 162 -8510520341101943013
331 163 -2356275811894647008
331 164 -4587953344711330337
331 165 5098528356726229243
331 166 -8377943353575026841
331 167 8707317843114774002
331 168 3242171889315682496
331 169 1507801348694340609
331 170 6782953749490929682
331 171 -7860758380498919147
331 172 3403177192255509099
331 173 -4700358506962242868
331 174 1600056593760151735
331 175 7584682830851208721
331 176 -2027477155357673678
331 177 -7901186024324065982
331 178 1432596145032678628
331 179 -2205657919055622806
331 180 6753369794979122791
331 181 82531054365998423
331 182 -6302688563486203656
331 183 4766947985032205085
331 184 4054818533185665890
331 185 -3165176971993293884
331 186 6686482063448440350
331 187 8437367447629057742
331 188 -7237108280779639365
331 189 874782477177658928
331 190 83252380970675350
331 191 -6193417543289482810
331 192 -6512255823748143475
331 193 -3394398558495205413
331 194 -4531001417082852941
331 195 8622993108250957887
331 196 9064569639084504759
331 197 9214865637296472007
331 198 503928662043310163
331 199 -4210733574397463373
331 200 -6885718175715148785
331 201 788835368633747671
331 202 8134781557472797712
331 203 -7399149548502373823
331 204 8846341221894406369
331 205 -4210274260344754254
331 206 4571308397961676171
331 207 -6046380138546342798
331 208 -8554292005889728131
331 209 3910477388299666747
331 210 637740533281214061
331 211 -1943891800592278117
331 212 -6756780143832606495
331 213 -5468145803784003546
331 214 -6304453966420760038
331 215 -8041425267692469711
331 216 5916469169312399880
331 217 -5140639671927723917
331 218 4143818827685325658
331 219 2945647562865761062
331 220 -350196398830298700
331 221 -7486691830117422871
331 222 4730899977609176936
331 223 -1376121432306155065
331 224 6166874050007180185
331 225 7098683906037822118
331 226 6424507173074577015
331 227 -7490750303476440589
331 228 -751528786229974774
331 229 4138449661015632093
331 230 -4712217998728796334
331 231 2062573109904712627
331 232 7890218153455107875
331 233 7023042537630194237
331 234 -993303716594313152
331 235 -5198055199995282032
331 236 623983148776264592
331 237 5711366376789132369
331 238 -8506863700643481767
331 239 9084216707053833136
331 240 -6154060565818835352
331 241 -5923346423002384898
331 242 -7291416306041810284
331 243 -4871243364114868840
331 244 8120468328321410564
331 245 6298077694265225779
331 246 -615736320283386067
331 247 -3615669571603950030
331 248 -1261347131390279789
331 249 5347230576729868296
331 250 -8359243286051430661
331 251 -7123014127268884289
331 252 1835531759577698666
331 253 1239463535036875894
331 254 -1059266153798436136
331 255 5546413221534387323
331 256 -9223308136199292470
331 257 -601246310528841506
331 258 5322600336602905820
331 259 4580938763266089973
331 260 -5456610296562315364
331 261 975494139237961436
331 262 428766432976072342
331 263 3629181321648018785
331 264 -949708353595013629
331 265 -223817425329105706
331 266 -8627192156594850794
331 267 1379784814299412667
331 268 -48784845981779248
331 269 -4234876163870659464
331 270 -1289639133048823862
331 271 -6583213710998042172
331 272 1103846989262320927
331 273 -4785350106781704435
331 274 4696433022120201600
331 275 -8591906152802261142
331 276 -1429841157345369395
331 277 2246860476147376127
331 278 6118820973217077809
331 279 2430492590949758992
331 280 -2820593211728343312
331 281 5332678582609418020
331 282 -1105364396669265623
331 283 -6500422088068062886
331 284 -7287251681264617089
331 285 -7526341838361384893
331 286 -2419222895249544456
331 287 3121321592833480838
331 288 6659545896384691756
331 289 2864672378926309347
331 290 -8553687684925731886
331 291 -2568748123437056553
331 292 8818197394016924117
331 293 5193303289147910262
331 294 -1612513343506527399
331 295 -255799863017017853
331 296 -8126762065672953723
331 297 -4963333979728338868
331 298 -2714732287334380263
331 299 -8615512219550490658
331 300 1958536078913029478
331 301 -3859896747786095593
331 302 3132356509469678272
331 303 7531791311255823120
331 304 2133296181770697070
331 305 -5310740537669276945
331 306 8989294614223450674
331 307 5416050540051383938
331 308 862895107754818052
331 309 -5709357171054578402
331 310 -8326805613846125513
331 311 4252030882867348968
331 312 -3611504068814072942
331 313 -5935908680853255006
331 314 2147245104060000930
331 315 4712696593018097083
331 316 6340783349571406054
331 317 2936561176543126601
331 318 1869256580531225740
331 319 -4429301960399536170
331 320 952297204682847887
331 321 7557574259347003420
331 322 367638673035616507
331 323 7016048497428248013
331 324 -7583483094222066202
331 325 633467441478799810
331 326 1296597624880874484
331 327 -8502450361950293044
331 328 4018227928215247427
331 329 3460616887705208791
331 330 71988572563247346
331 331 -4955143655947286665
331 332 4140306590241192570
331 333 7275809693243512648
331 334 6642820143940960166
331 335 -5873120051329913023
331 336 -5447672613867581948
331 337 -6049925548150423261
331 338 -5119989520761644750
331 339 7974186687569988834
331 340 -2947002265732185350
331 341 -7796568091249446290
331 342 3952610558064975879
331 343 6511242284014491728
331 344 7603775613484498098
331 345 5812226199366753685
331 346 -5023709288445896986
331 347 -2831208675677671989
331 348 -8772268733362068568
331 349 6767354544008490128
331 350 -1312265427782326693
331 351 1314434026375040940
331 352 7174326770841056563
331 353 1269361414657627986
331 354 -7223562025300360026
331 355 6624763657848506637
331 356 5617229266880765492
331 357 2233290497902828881
331 358 -8060097497607075783
331 359 -5729457716356793009
331 360 -6487576110062839506
331 361 -4187698981599031295
331 362 -8559031356277635665
331 363 4511563727634411981
331 364 487394211477485561
331 365 7122020471667364798
331 366 719113783732881159
331 367 3127557365010396242
331 368 -9153981735456546434
331 369 -2948649217417469153
331 370 3998457373498102366
331 371 -7211789792236859837
331 372 -4688095081681966108
331 373 -849567773078654614
331 374 -5112973314930026712
331 375 -6168167637349872386
331 376 -8560715057548546710
331 377 -2794813875355094626
331 378 -8409263293863513127
331 379 6502919885355270827
331 380 3143463114008294727
331 381 3028520251779053796
331 382 -6956146723719465355
331 383 1527825848123774322
331 384 -4156803909305386670
331 385 -7422065973216052957
331 386 4433502510039736149
331 387 -677405046434463725
331 388 2516484188759141355
331 389 -3625081509645987603
331 390 6982230522631109970
331 391 -3965455752530201022
331 392 1946732473025781470
331 393 -7773812785079378896
331 394 8111520626344181028
331 395 2372269822487701571
331 396 5876816674746017151
331 397 2021230746084259926
331 398 -5098796474102809766
331 399 7159629043191837096
332 0 -884926310481129785
332 1 -7417538592128600201
332 2 2823079405469789771
332 3 -1415524602362554993
332 4 33976725356744195
332 5 1468314126727991098
332 6 -5177927307257487274
332 7 3714964581256589996
332 8 1554142063778771245
332 9 -4910682181424798509
332 10 -2692347048057452872
332 11 -5082795311621976789
332 12 5082079224177919091
332 13 5657294537275430910
332 14 -6729453817671559128
332 15 -9093005123955466536
332 16 -836812010795576014
332 17 3614978740654467773
332 18 2385144310743640138
332 19 8057287275778170361
332 20 -4972798675382072278
332 21 2318709531348432241
332 22 -5239105172655510107
332 23 1245693502909660385
332 24 1612825571148856247
332 25 -4109468256539096650
332 26 -5987739838548760398
332 27 -3955432279898647026
332 28 752206263485866742
332 29 2856722329094374492
332 30 4693399420603517391
332 31 -617658237929474930
332 32 1618846942504225911
332 33 -4181473616627939241
332 34 -2869713505937359690
332 35 -5267123959615448264
332 36 2221147901520497160
332 37 -1151724133940128689
332 38 -7239940033288840606
332 39 4798018186857147818
332 40 5100540084459903853
332 41 381425165972182028
332 42 -3480722961061084496
332 43 7759181902688761118
332 44 -1901490645604980494
332 45 -8895588096631041752
332 46 5616897136469799572
332 47 -7991307971715640430
332 48 7057796472381983050
332 49 7133055298603047917
332 50 -4874489889105938197
332 51 -7233508931382200818
332 52 -4917808616142779557
332 53 6783870495446701129
332 54 -8391067067758440866
332 55 -7382508433011624547
332 56 -2710550725678573564
332 57 2683746753510758474
332 58 -9003623564873392903
332 59 -3795196446871037284
332 60 -470228110852894777
332 61 -1384558960415127328
332 62 1865810951388007349
332 63 -7822204351258378544
332 64 -647305856208502764
332 65 -5025208501739255887
332 66 6748997945267067860
332 67 7523169958201008895
332 68 3837791529188585361
332 69 -4657254576001944163
332 70 -9176701085664929399
332 71 -3365131132553829007
332 72 2115296565172774301
332 73 8331833534320142390
332 74 1091050248369922156
332 75 -6952582211132391562
332 76 3934200683936142864
332 77 3489064848741609516
332 78 -1065893451543902746
332 79 -2432263358785552568
332 80 2985787456521544080
332 81 4108953759369347807
332 82 -2061396813031187088
332 83 4734976167472635996
332 84 -65228245585900827
332 85 -7246261934568597656
332 86 7754080168808233229
332 87 -1078953586279117971
332 88 723591843251388150
332 89 4712390329332976390
332 90 -8627056581118400426
332 91 1758219767115781524
332 92 -8201160318905314621
332 93 4445315274422050349
332 94 6901176199162125610
332 95 853923828719969015
332 96 -4100639641449528333
332 97 4537470745414013675
332 98 6146645021461200008
332 99 -6860550927533622252
332 100 1453304851285684738
332 101 2671484383469265926
332 102 8367749840416834761
332 103 3202221224144726591
332 104 2445191600713376194
332 105 -8863253262673041502
332 106 335093752457858808
332 107 -2576120166573451989
332 108 6395501609276080219
332 109 7067573609001501996
332 110 -989127828778457037
332 111 5531798329932390909
332 112 -3264363832702059729
332 113 7694408830235326135
332 114 95781050314938034
332 115 3325129540108536863
332 116 5126076075241260163
332 117 -7390917209997622936
332 118 9177064571585615190
332 119 1526969724752092360
332 120 8645528205071308691
332 121 2130502330535046952
332 122 5601294047704902392
332 123 -1249114571969182978
332 124 6588941128673329770
332 125 4840309840034571676
332 126 -3983702699595228621
332 127 -8210747794802001730
332 128 -9213456721273200569
332 129 7586858555507181746
332 130 2355358920219627675
332 131 -6982502377121467895
332 132 8830826524228431463
332 133 -8537221075151173806
332 134 -8584258050822014987
332 135 -2365733149504501257
332 136 -6035332445191502284
332 137 5827699906439995581
332 138 8846302836878243046
332 139 -2396488946164116089
332 140 -4014000890738501277
332 141 6552151184134845204
332 142 8534604384010474033
332 143 -3349755412827937202
332 144 1596685041046096174
332 145 -8287848113496268124
332 146 -609429246308416489
332 147 -377287062237463963
332 148 -8342646766413269082
332 149 -8095407917118920167
332 150 -6966604587636643520
332 151 502141518398596409
332 152 -1749035164069570492
332 153 -2982854446768193666
332 154 6894914630374917796
332 155 6736750309359768040
332 156 -7381999320876441014
332 157 -5414158374810244637
332 158 -4681624565286528788
332 159 5692052769029336406
332 160 -481423486219561929
332 161 2160935998326441683
332 162 -3590935423786221106
332 163 -4369341540124552252
332 164 9097123998285788705
332 165 -359664006846034197
332 166 4101601820745856690
332 167 -4765012300524792756
332 168 8502274709245609164
332 169 7435770636963522714
332 170 544717574547676102
332 171 3032879285209837455
332 172 8115103767098622462
332 173 -7708344780425454606
332 174 3529417504066133458
332 175 -3593004772223323606
332 176 -200595636745385839
332 177 7478528806947653260
332 178 -5857119782090368094
332 179 5386672172568994765
332 180 8628332410570148965
332 181 -5776614558524330178
332 182 2049435474624910003
332 183 5479717356183387368
332 184 934404682906845037
332 185 6822921243659669528
332 186 -9165081501420498124
332 187 -5940008920392306830
332 188 -5287608590632157753
332 189 -7181278188133540434
332 190 4928018985750449620
332 191 1663561998945777469
332 192 -7884993433201318217
332 193 7557112600055507044
332 194 -3633279528297052602
332 195 -4989589621187686965
332 196 4085460499822777003
332 197 -2338832937362423127
332 198 -4421901225652076598
332 199 8485658126988104599
332 200 -4103977568455811641
332 201 -7525117984615293564
332 202 -8391856634735948889
332 203 -3830878172154226275
332 204 9126988485480866196
332 205 7803834100514732870
332 206 1733105526727006906
332 207 8589020504488375141
332 208 4444722512087889057
332 209 -3636261944691758922
332 210 3128102594914206199
332 211 1835212373694671724
332 212 5782239736395833406
332 213 -548516141255897078
332 214 -4292599642633736643
332 215 7227041200804001026
332 216 5518717586123919579
332 217 1437203917217998111
332 218 -4381272541989301820
332 219 -4775646280082601846
332 220 8400451601945376341
332 221 133764624230473889
332 222 -4580857597846165932
332 223 -5065279099769558985
332 224 1664301603685570319
332 225 3469795388075496752
332 226 -1860470372205581708
332 227 8020971220079884657
332 228 -8335176610545182844
332 229 -4180995328231122973
332 230 -1007379198485699345
332 231 -3772743835687978567
332 232 3869311671856116091
332 233 5073050297105792377
332 234 -8627776881673430524
332 235 7454596548575165516
332 236 1079823422915925983
332 237 -8464608186161795680
332 238 4961053620154681372
332 239 -2966807934911958394
332 240 3685404308821198600
332 241 -2656629128116740946
332 242 -3411777793522674069
332 243 -6884040997303790755
332 244 -8882952140900582103
332 245 7244754984407641566
332 246 2942812024709883149
332 247 -2046024878769194086
332 248 -3068067944755241664
332 249 7014164342578746318
332 250 6708846282588419204
332 251 -3613135816025318414
332 252 -405567500887349686
332 253 1107834735167721309
332 254 -1159352270915877351
332 255 830456380694671359
332 256 -6069695569750420299
332 257 5380181567795675510
332 258 769304531468911021
332 259 -3253596792934257596
332 260 -1894849766339264516
332 261 -1716657808532008952
332 262 7128890564449511184
332 263 -4346836633829423749
332 264 4502430379785838235
332 265 -4942038681622893819
332 266 3314536420812821303
332 267 8065215748924172676
332 268 -8598626926659963020
332 269 3211185814807403497
332 270 -1697379603300787134
332 271 1181449445066363291
332 272 -7419671050212154398
332 273 -6996065985262499522
332 274 -4975989719739833503
332 275 -2243912976264257430
332 276 5263605060705712215
332 277 -7298149863176310396
332 278 3320797161506405769
332 279 -5228116656028957125
332 280 7415818043886486243
332 281 -583649412377809619
332 282 -6839807106340344577
332 283 -1513793655392101666
332 284 -7378227754236510866
332 285 -3265568855454110565
332 286 6924609897750055874
332 287 1626924665634495407
332 288 5765665897336313698
332 289 -3253202989443195836
332 290 255541338041735127
332 291 4641474971386803021
332 292 -4354169905967529069
332 293 819737827289040416
332 294 -5556091961471359437
332 295 9100193166499919039
332 296 6212582647752581532
332 297 345100581600221814
332 298 -5721054513948764775
332 299 7717580618103712902
332 300 7955909932677628754
332 301 8628456862509867920
332 302 -8304900141107691169
332 303 8463452677015109467
332 304 7889606459046722755
332 305 -573276034553601587
332 306 7901031294413623243
332 307 -6437182795438303860
332 308 4268902162562894896
332 309 -2840249876982677701
332 310 6948891711493158883
332 311 -7169398472221634978
332 312 -2359604422524006252
332 313 1700280580885250895
332 314 2230886624030141170
332 315 2040961701629281344
332 316 1739164030483066986
332 317 -6925394886642543815
332 318 -7614706918897890728
332 319 -1319959800010523812
332 320 -3172854174201274295
332 321 -1805320509184777731
332 322 -2182564645048533376
332 323 9006588212092040874
332 324 -130338768055269571
332 325 7147607498846667398
332 326 -80671873829979891
332 327 -4961588968627335455
332 328 8229140371137094700
332 329 -8443275730586093886
332 330 8637347045428281914
332 331 -8450456224108644834
332 332 7352527926631864488
332 333 -4917282247941648223
332 334 4731559730515026714
332 335 2088512827919260785
332 336 -1673735146429791732
332 337 -6870027574737501073
332 338 -5160757800641877439
332 339 9129721073647806331
332 340 -3600149647399784207
332 341 7194821861315853178
332 342 -1237955427319818242
332 343 789502971661698189
332 344 -3955285923425072558
332 345 3126482192772957132
332 346 5170607032284958578
332 347 -7126996792872723730
332 348 2919517444672614762
332 349 -6786018327550371517
332 350 -6289869897107060044
332 351 6994595206544357569
332 352 -8861481150864526466
332 353 -7068256236707951693
332 354 2469825602774661866
332 355 -7758404265913942865
332 356 5514189547668801706
332 357 -7368621767292845389
332 358 8342695775145440278
332 359 -207592148024149193
332 360 -2840950627656886607
332 361 476853939479727692
332 362 -8856000176169367770
332 363 3943405815940849941
332 364 6861536372817958373
332 365 -703078916994420797
332 366 8953061118007874903
332 367 -410906745504024852
332 368 4680505763301913308
332 369 3614569292779515402
332 370 3143447371835710864
332 371 -5226613248649307229
332 372 -1270490827330548176
332 373 6739076719959293987
332 374 8574437413946862455
332 375 3482003883535453407
332 376 6362090068822321546
332 377 -6109225314950638476
332 378 -8954321258395823724
332 379 8557041763439741371
332 380 9219205388316934708
332 381 -7482944895123134466
332 382 -1955698060001885348
332 383 4599198900688483887
332 384 -742391088305935028
332 385 5960312872449963877
332 386 8577744289971679478
332 387 1169612992082425606
332 388 -2823556822022847441
332 389 9152642804870425039
332 390 -8591068173036933
332 391 7468806712344087896
332 392 3558358376842977476
332 393 -1269164621627325501
332 394 7552784821140666477
332 395 6030841248157069627
332 396 2394919803970545339
332 397 2493303640556272843
332 398 -5697094513589269818
332 399 -2134221829123058568
333 0 8489838264133467758
333 1 3767445165873728015
333 2 8497007584166190166
333 3 6415210592480820998
333 4 2051829848190190096
333 5 4363927750986609392
333 6 -4429971095657693326
333 7 -701010593162504524
333 8 248103957016421776
333 9 -2166222432276972479
333 10 807945787329051108
333 11 -906200474299227178
333 12 1123495835691654162
333 13 -1460219050984612402
333 14 51615962458555400
333 15 -1124956109398421839
333 16 2336166887405940063
333 17 3721064349559341542
333 18 2084704573088619396
333 19 -269181207494156631
333 20 4662364160809683544
333 21 -728453694976997295
333 22 8462486034062003692
333 23 -2071952458596791429
333 24 -4221607743170213242
333 25 4830740604028420164
333 26 3601757217037224551
333 27 -311192649065005586
333 28 -8704450379503427219
333 29 -4007822867199373438
333 30 8502741531944263004
333 31 7706837254888382246
333 32 7277136026484556374
333 33 5585559082355461326
333 34 -8373309027672018022
333 35 -3901947688865441614
333 36 1261890390929427395
333 37 -2033287901276207199
333 38 4669063629510069523
333 39 1397271885343284752
333 40 647734782702209214
333 41 6049785133051997231
333 42 5617180437448287567
333 43 -4957989122240548935
333 44 6597170755354283398
333 45 -1596071675333260720
333 46 2373559980040103927
333 47 6676511572752046355
333 48 -2293831447149069585
333 49 7858542207729663329
333 50 9105470042303013243
333 51 3920400542339171910
333 52 -2601214055092536971
333 53 -970615608628027806
333 54 568817972102367712
333 55 -5207138507743055397
333 56 -407133407380166649
333 57 6420882183367056100
333 58 8587761602814015722
333 59 -5064536026598781205
333 60 268199911939398763
333 61 4987145963988206101
333 62 -1646384676304192331
333 63 -3102106416216629759
333 64 -1558182015266780373
333 65 -5479430441515731789
333 66 -5774461791998534897
333 67 1318376185939888887
333 68 -7607473332090420256
333 69 4467717210697364247
333 70 -2256363936267295101
333 71 2777265136670401612
333 72 5446225598084630620
333 73 1702078157227318024
333 74 -5885163135023295432
333 75 -5299281538447827364
333 76 7909051612591101134
333 77 -6855004066735548479
333 78 2661344546184950265
333 79 -5247985939783062339
333 80 4278811675967215273
333 81 -6845650552805828844
333 82 -7634775007915880263
333 83 -3901503303645035669
333 84 4242091230073674034
333 85 -6557309657147175236
333 86 425895295821160837
333 87 -4054230783213896174
333 88 -8164568037131327682
333 89 -6638959700744290455
333 90 -8175505556697705569
333 91 2590190590432056534
333 92 816882780254263005
333 93 9150858021645277484
333 94 -2141760069674434814
333 95 -5392861643821632886
333 96 6168187316919067974
333 97 7736991266582769973
333 98 -7076510233189625873
333 99 7798128540338843662
333 100 3843334807825554167
333 101 -3509421608823433318
333 102 1730332248834756136
333 103 -5911537454311299958
333 104 1972419066963484471
333 105 -6542957830784046060
333 106 2161939269140735723
333 107 -1370442540565685067
333 108 -7341205545604479750
333 109 1874968296380151448
333 110 7450557872568380711
333 111 -8470906829981872661
333 112 7995137434595649075
333 113 -7903782683568426307
333 114 3307034908933172928
333 115 -115543648005652810
333 116 -2554060637420656235
333 117 7415740660596284657
333 118 7784611096889887489
333 119 8360086747187552282
333 120 -7116709017675303237
333 121 4985603660707296635
333 122 -6225733045156044774
333 123 -949286469731012543
333 124 -8184396062054049993
333 125 3344565407308809883
333 126 -9035196274628258074
333 127 2563344408824458455
333 128 5362879747476276604
333 129 -1216748092834424443
333 130 2428185016346948818
333 131 6996820959003413425
333 132 5419052353952086531
333 133 4427666284588149684
333 134 6525425201125458557
333 135 -6571283317164884609
333 136 5658383159292267536
333 137 -6582544505615542080
333 138 4932922835211631612
333 139 581810093238524406
333 140 2394658169787443191
333 141 2106091428087786712
333 142 2784432967502897924
333 143 9147476048194044408
333 144 4195588506453557334
333 145 -7025588814700808728
333 146 -6188842979481356846
333 147 -8287798261133986733
333 148 5734806253697722322
333 149 -316849138063240678
333 150 1634925592686232957
333 151 5658968705879271474
333 152 -6212963033185000697
333 153 -4047778104083255240
333 154 -5308150488309933753
333 155 -712510621800199748
333 156 -9058089755141518254
333 157 -7033359144973340577
333 158 -5520844245302630262
333 159 -5862533519201201973
333 160 -2332905566007582042
333 161 7682329793995569839
333 162 -961273002299425833
333 163 3017746898714789637
333 164 -3498883684655765788
333 165 7042951360357068988
333 166 8707380667071214711
333 167 -254973541368071841
333 168 8299811931318761252
333 169 -1932758138250475252
333 170 -8329530464562020819
333 171 -6290916833179210532
333 172 -8996365652499073751
333 173 7774309496369656086
333 174 -2163309743246197964
333 175 -783700310227504299
333 176 2225032056242423712
333 177 -3319908942848115000
333 178 4631037725170467219
333 179 8476125867713720881
333 180 -1063677736056958473
333 181 -243973180338828001
333 182 7969260765368961630
333 183 -5225570756912820647
333 184 -4476694155126569985
333 185 4423889051571055526
333 186 3772979158899684819
333 187 -3905911418333589031
333 188 7782703295211308027
333 189 3488665233828472647
333 190 -2090875625899715356
333 191 -6032278726597963412
333 192 -2014355951590033969
333 193 -5989811258294208964
333 194 -2870291266773192398
333 195 3074038827708516018
333 196 9184042810485695208
333 197 -7658051019780911058
333 198 -4344901073563257357
333 199 -2781422159137143148
333 200 -2137388594405378695
333 201 -1344242224796141888
333 202 8020668829926446485
333 203 -4222020545697118608
333 204 -3574757338610799531
333 205 4959831274763988972
333 206 -1145595400862869922
333 207 -5497532370645949274
333 208 -4283815043558136247
333 209 9511828887746513
333 210 -6311284870057923721
333 211 604905680305728443
333 212 2807316640113702676
333 213 6133162518325757455
333 214 -891798091585178357
333 215 -4927009879416984896
333 216 -5045274667118965084
333 217 1240580520130085797
333 218 -4402204030376645375
333 219 1961649611873581638
333 220 4736818321252398493
333 221 9183636203874301740
333 222 7690275168540613770
333 223 -8244127176017146691
333 224 -4846203516585837654
333 225 -5225670460793774757
333 226 2573759143664866821
333 227 4586250138934294470
333 228 -5558991008662491338
333 229 8303890839953226155
333 230 1926021711960818742
333 231 -5460305047594107224
333 232 1261562927336829019
333 233 -515610538090560337
333 234 6355423648980681
333 235 1347461090296632812
333 236 -3264864927200980369
333 237 -6913903748912890603
333 238 -4807207129888569951
333 239 2809198758386265400
333 240 -8557471714241831506
333 241 7627770951241995601
333 242 -1542776628053230438
333 243 8895904088825525925
333 244 -2533809451046501253
333 245 -5903208490657718727
333 246 -5460080267428467449
333 247 -5854530202895739324
333 248 -5015791364215497066
333 249 8935643478610254193
333 250 -4756136370001528405
333 251 7104335672814912496
333 252 490581511583120684
333 253 -4280566028168340375
333 254 5040957469988114058
333 255 -415371885981071550
333 256 7122949488540699479
333 257 -4917862098919801322
333 258 2770373636383742123
333 259 1852073073877564301
333 260 -6797518885248680073
333 261 8210435980959639885
333 262 -1743950422749908877
333 263 6772329551377473614
333 264 2817763558519465570
333 265 8607625457802412870
333 266 -4879048181818691246
333 267 1995889577111386765
333 268 3276326779524813591
333 269 -4293042261963654969
333 270 -7460034214594132533
333 271 1891164994887119247
333 272 576386884642491370
333 273 -7601079670114482810
333 274 -4579771526627631192
333 275 3690619073112895559
333 276 -2750643905767881746
333 277 6543648728382516322
333 278 6243458168539822910
333 279 3787222464442043767
333 280 2329075887426001623
333 281 4835987093268098120
333 282 -2815132346498503825
333 283 -3812760113845430998
333 284 -8536730260589865755
333 285 -2448547956103684458
333 286 -5049074238179795290
333 287 -2906757819757981722
333 288 -4322116477433085637
333 289 1814245895732876717
333 290 6328567817580620994
333 291 4208463769549614255
333 292 -3361463690746427003
333 293 134209428217032728
333 294 -3069314765738213863
333 295 1301738553641538610
333 296 -3439326075864785051
333 297 77737563031135075
333 298 5968232160447436858
333 299 -1239123156769698138
333 300 -6658330280473156932
333 301 -8146485287291214781
333 302 2093917295337258942
333 303 8759238367049941457
333 304 8526194339762818980
333 305 7050548811952434817
333 306 2940748748466634860
333 307 5485856831974018288
333 308 8646452227610345455
333 309 -6997379777919002540
333 310 -5412572343994132482
333 311 2837172136409817497
333 312 3684988105306783999
333 313 -5486137247573488975
333 314 -7783157788139593364
333 315 -5477631454648848849
333 316 -648704383921296935
333 317 -3125305380915137330
333 318 -696114274093501772
333 319 7420992252098848857
333 320 2789551397254009793
333 321 -6671516807172703163
333 322 -2832779473972888374
333 323 7676870656493113913
333 324 8085244045067024186
333 325 3045135464748593374
333 326 -8161995559775011253
333 327 7902091738715319195
333 328 7157534723181096413
333 329 -3297101968068273787
333 330 4260759955318809543
333 331 -8887095237600157234
333 332 -5859741975577447114
333 333 -3308263774977181770
333 334 -1157265426160585345
333 335 -2562340956781763538
333 336 -5321026754359848656
333 337 3657268957394682346
333 338 6203939034165456811
333 339 123362928880141212
333 340 -6924539414071134644
333 341 1178246677099814935
333 342 2620766472697201986
333 343 1388215172073477620
333 344 -2397347947038209076
333 345 -88783671354696050
333 346 -3896742595441957797
333 347 -7764566679789176920
333 348 7547895853791569438
333 349 -3796893718957158276
333 350 8831656751533803332
333 351 2048538627684367092
333 352 488341185197158188
333 353 -6069228658655062242
333 354 -3083429415944157108
333 355 5993498706164376748
333 356 -3009776669854171551
333 357 -4108934818300199345
333 358 2477333158562787443
333 359 -137825745026658020
333 360 8545794035772452756
333 361 -5401336786047501655
333 362 -531993119713888354
333 363 -1801602531879556867
333 364 3771410568941854517
333 365 2916285941237005479
333 366 2631912445804548987
333 367 -6059608271359477422
333 368 -6028326958986855503
333 369 1752411284789244582
333 370 6849424732159471877
333 371 6835031010898151223
333 372 6709606097913992456
333 373 3778557996226943847
333 374 1287721130188737926
333 375 -696172887930224377
333 376 -8402148704452572751
333 377 -5726982279235937316
333 378 700178041668668210
333 379 -4836812338781360641
333 380 4290521546249730119
333 381 6970558026461373458
333 382 5813826735034490342
333 383 -4192274098238191230
333 384 8923159198954952400
333 385 4509193137041967530
333 386 -13457753883889328
333 387 -7216982348092803284
333 388 5463479761952882039
333 389 -7013245751609255146
333 390 695227496082110237
333 391 -1420778311218931257
333 392 -3280351240456899989
333 393 -7985591482623533739
333 394 6615111235020413269
333 395 -4942603971094184927
333 396 -1062095639489075143
333 397 -8402506451050934480
333 398 -2281628725848247142
333 399 3020024609571185879
334 0 -4934774216500984930
334 1 -7061169707866720673
334 2 3583942987371953678
334 3 3104908330515872337
334 4 8893050675279644216
334 5 -3369165855574709509
334 6 6037063044730389123
334 7 274055164924293921
334 8 -7362955847295638083
334 9 5592271666015226165
334 10 7084158784180742540
334 11 -6099168446524269493
334 12 -8263988929031782288
334 13 5886604441073890282
334 14 -1291045515561960266
334 15 -6781454935576557020
334 16 7945666747280717623
334 17 -599826667832417240
334 18 -2374280700277903100
334 19 3333771776890891224
334 20 -6942624988426786154
334 21 -6403875085543139215
334 22 9087149149814884064
334 23 -6629495236545997122
334 24 87665460963187483
334 25 -2449386184099093708
334 26 -3135107006024406830
334 27 9088640677607121852
334 28 -8453456606126648903
334 29 6970678264718090116
334 30 4658195787397091758
334 31 6973617256046053431
334 32 6509955646127201035
334 33 5489973172597650462
334 34 -986632771990937768
334 35 -8211569306743377189
334 36 -305529239242073891
334 37 -9145465141231312134
334 38 -6112305855524022119
334 39 -3262471350343709611
334 40 -821923792535343604
334 41 4200240218544674348
334 42 -1079925877608313381
334 43 -4503539384350134692
334 44 8130258239617835070
334 45 664366214936830822
334 46 -1093033192454071393
334 47 -6293100466407804849
334 48 6928899907445110871
334 49 3876967669629478184
334 50 2442771387161481274
334 51 5409571800516780996
334 52 3853038607253919586
334 53 7723975713244214558
334 54 1730147836426880952
334 55 -8876299172884463063
334 56 8956574369816513737
334 57 8161017902824858932
334 58 3186930521802044588
334 59 7715261846972800345
334 60 6208368306760003941
334 61 3403551395499537232
334 62 2291916944752752153
334 63 -4537708452571060449
334 64 6475285023153385604
334 65 2054632812449238896
334 66 9216971348156552931
334 67 4585524208558488770
334 68 1036025443893973605
334 69 -2526517754599302502
334 70 186159557120946439
334 71 -6526209979403039102
334 72 -8532435235489161575
334 73 -5606113148166767621
334 74 6230796194446326881
334 75 3425518538840347493
334 76 368331365282080687
334 77 8927822962631415924
334 78 -7353184159288998298
334 79 -1394953429969652404
334 80 -2814208813836910484
334 81 -3514881342274312894
334 82 3765764780817162253
334 83 -1968416166021330933
334 84 -5925198598823138819
334 85 1759833623427732627
334 86 -6078101885270722463
334 87 115951528200157533
334 88 4514313612786956096
334 89 2038389953339113760
334 90 -6408944155908215271
334 91 4406078746679875406
334 92 7307599823002902700
334 93 -7700868432334988382
334 94 5460516505386174699
334 95 -2913220587828636801
334 96 -3264952657123006987
334 97 -5505193696955390206
334 98 550234171445451177
334 99 -5864300944650221781
334 100 -3334847129465418379
334 101 -7184690819586738733
334 102 -1705230049125726285
334 103 -6165100436815914702
334 104 -370319909240890982
334 105 -277744062835292525
334 106 130243635831794696
334 107 -1537972494839825594
334 108 8070894014345960952
334 109 8268242909813715712
334 110 -2272199963540528234
334 111 2848513374908490720
334 112 3892849435068833562
334 113 -8937882365004224795
334 114 784546721287141804
334 115 7613936818399273604
334 116 2014144927775207918
334 117 -263101175446798060
334 118 125492506129987204
334 119 6359528605783811558
334 120 -4668390654581031093
334 121 -3833027959826294346
334 122 117807104445877086
334 123 -3946648457245609886
334 124 -4699480766107010372
334 125 2067543406664480547
334 126 -4278507599635091092
334 127 6949346899418370069
334 128 -4965116535710095943
334 129 -8391387693544668893
334 130 2665684813746337484
334 131 3456685087662113688
334 132 8935034449664761909
334 133 -3952907059005428728
334 134 5492851919954716602
334 135 3333903829670734762
334 136 5738263825628874422
334 137 -7517884313856072381
334 138 7029348628092080502
334 139 3741090995642916002
334 140 -6193014868023710690
334 141 1434634172502960201
334 142 -4693063251433416203
334 143 4489479784879150258
334 144 -5871178197720838043
334 145 4325474693379495835
334 146 -1698018369900007861
334 147 -4003010794568629842
334 148 -2871068321795502919
334 149 -6749269806926168352
334 150 4113968012164343438
334 151 7524407021396338802
334 152 -2531056488097417245
334 153 4481273863036475248
334 154 -2171076017601533050
334 155 -419448492517004632
334 156 -7280997410200862906
334 157 4868152655974963394
334 158 -4074594779523770066
334 159 241670069467846523
334 160 -2348079629059101326
334 161 -2792078338522275997
334 162 5561201505781094520
334 163 -4523651047926012758
334 164 -4223563437269248416
334 165 1569062870229640972
334 166 8445633302110290438
334 167 -1364656367783149156
334 168 -5714390567279498164
334 169 7666378849649587799
334 170 2471859673445940971
334 171 -4105683101430548151
334 172 -5406374819242020802
334 173 -7999074660176261597
334 174 6067875561694947973
334 175 -254595468319128007
334 176 5127705420443583455
334 177 -6600078516953694657
334 178 6864770388881938266
334 179 -6761018178313360364
334 180 -859426865778093991
334 181 604890177955358799
334 182 -1987338674302522811
334 183 -3098157068003350682
334 184 9092146215977308981
334 185 -96779057884867863
334 186 -4972935476143035647
334 187 -4008084872117666066
334 188 -3829818367540132544
334 189 4154414081969634916
334 190 1994288440254413236
334 191 1052346713926516149
334 192 4786660833526073081
334 193 -2479146772165774217
334 194 7820627336083999560
334 195 3792982152796764788
334 196 8188241932338391133
334 197 -7433550887443711203
334 198 3999230838923675526
334 199 -5789856103111391238
334 200 15709229529297343
334 201 -8325862223749445568
334 202 2685439326908133699
334 203 -3758200020180997280
334 204 5461794279618119888
334 205 1722409342073447131
334 206 4155386906963608374
334 207 -2299348580503270372
334 208 1948151485187172355
334 209 -3895367477642844130
334 210 -4164669112298771778
334 211 -4597461459080976123
334 212 5428782745995628764
334 213 -1629777268232969029
334 214 8900584468277207263
334 215 4137259709007391611
334 216 -7782091995522242936
334 217 6175905487316247315
334 218 6353938111706601483
334 219 1554571355555135517
334 220 -7111555033019659673
334 221 -7385381144320487239
334 222 -5375298716081290067
334 223 204747951222912576
334 224 -2646809089110898760
334 225 -2556844254502182151
334 226 4923035063208826382
334 227 3402170733290140051
334 228 1764141611540615530
334 229 3604942026762358906
334 230 8872086892731516612
334 231 5794333387409100160
334 232 6068369312327142203
334 233 2785370122946989938
334 234 -6672185185586778165
334 235 8299750618535384303
334 236 2139264551162823433
334 237 3056017854486752802
334 238 -4880793990844000691
334 239 7349016193708645514
334 240 -9207691016591935604
334 241 -3169396371970256871
334 242 -8279165927752043024
334 243 -6910964059165927354
334 244 8097744043767559108
334 245 -5718285611483526734
334 246 -759420098234222501
334 247 -3497414121559097309
334 248 -5679881201920506993
334 249 -9029470843622366059
334 250 -4528390961007212439
334 251 -9043656085259508004
334 252 119049242448411287
334 253 5550978561204934909
334 254 -7613538720095220937
334 255 4135395944271428380
334 256 -6480563313748390279
334 257 3722981792713366068
334 258 -8280628135181182088
334 259 -743554135442659621
334 260 9122333023725757914
334 261 2057590692025722716
334 262 -388928805209103939
334 263 7686185181807672493
334 264 -8082802023900228894
334 265 6447834077555401383
334 266 6744117326215296423
334 267 1603297067095089440
334 268 -5254724985994166783
334 269 -6033852620472802748
334 270 -3738852554573416099
334 271 7619513327689039158
334 272 -7573178148079577119
334 273 896011818029523477
334 274 117717761905563436
334 275 -2309845640862093056
334 276 7673561022651786042
334 277 -6181985299363891738
334 278 -981697835504370526
334 279 -870520572837280063
334 280 -2522846867925095958
334 281 7839825059391781100
334 282 105685442963343681
334 283 1250375709968762994
334 284 -9077079081423540539
334 285 7089357466991411810
334 286 -4264246369480731054
334 287 -3328210653468891596
334 288 7015415524946550478
334 289 -6675040604081113667
334 290 7860567996247546503
334 291 8490372546373792253
334 292 -3427542956906067935
334 293 -5670865327019431339
334 294 -1029049525603303663
334 295 -324393454052420648
334 296 -5359872662175807907
334 297 2334179128216697839
334 298 3560970133204508465
334 299 -6486301949166926443
334 300 -1362306709739915520
334 301 -9054021754775071488
334 302 8921821493743159786
334 303 2248079424631655432
334 304 8701867011547233855
334 305 -3087900649233288240
334 306 -102924016681562230
334 307 -3857684261558993555
334 308 3538240533092520021
334 309 -8278742872790137258
334 310 4735086575087469478
334 311 4127301442731784763
334 312 4777320357275336046
334 313 1019219078682735173
334 314 8606266671000891599
334 315 -2641754178906408549
334 316 1984849302339203232
334 317 -5986986976730545502
334 318 8031790837576339623
334 319 7254763544948962020
334 320 -1614671015061169955
334 321 -33567269938680575
334 322 -6507602375981308963
334 323 2234787413295196542
334 324 3991517736225378782
334 325 3116048665509654701
334 326 420561504435574459
334 327 -242728747283948189
334 328 9093085842746797765
334 329 5231057202619650564
334 330 1905631310773958906
334 331 -3006267960907734248
334 332 -6579616802479694567
334 333 1936291492931437124
334 334 -5999513811299615886
334 335 4115023636372216570
334 336 -339371136033965629
334 337 1082022403018660353
334 338 -1817069103863309184
334 339 -290818725461511451
334 340 8772560684961957548
334 341 -4365141146968293587
334 342 2944762730982705601
334 343 7807678367369405934
334 344 5316731700818793317
334 345 6740275233151409116
334 346 470595254578308711
334 347 9179805165757878251
334 348 -2702494454825159301
334 349 -5126874889325712076
334 350 -5085528204559170640
334 351 -4307536847590553320
334 352 1076651760133261539
334 353 3788659324118610783
334 354 6884780276286011365
334 355 2335440598887776586
334 356 7884296739038300436
334 357 -3874257157118802303
334 358 -5856560030755617578
334 359 8951350203596882144
334 360 -2174530829215594399
334 361 -2468951888018097706
334 362 2463917595029553037
334 363 2081815114437783377
334 364 7691940838768395087
334 365 -3080254700708974396
334 366 4208456544712642248
334 367 -5783897939737115644
334 368 8272544669420878070
334 369 7103376156813501411
334 370 -6320325074354647570
334 371 -7270316632905651200
334 372 7354131945424690705
334 373 -6535525559086223793
334 374 703892249925887870
334 375 -3394585678638579646
334 376 -3280702027593742376
334 377 -7811464391413828305
334 378 -6006124938331249209
334 379 -6819347299458950947
334 380 -7133133476068655155
334 381 -8422000689104204886
334 382 3580338285512726798
334 383 -5102096565599057364
334 384 5583569818405591115
334 385 -4331349881956868412
334 386 1349204208110553507
334 387 6209241549331267212
334 388 -4898584967829286369
334 389 -6710778872502113846
334 390 7349990211913947648
334 391 8959102457736980129
334 392 6101683770567868533
334 393 2621196799974332709
334 394 -3169246873498079853
334 395 -485978142498437076
334 396 1048357885400333046
334 397 -9177786687015509090
334 398 8270771705951466351
334 399 -957414274648002732
335 0 1516793131826256689
335 1 -7819570533062114625
335 2 -2305688610727449628
335 3 3551942173008799842
335 4 -2465845603179532799
335 5 303861650770442951
335 6 -1960033115699830242
335 7 -7480611661811087246
335 8 977970939965589588
335 9 5612112778198731102
335 10 5270130066656486692
335 11 -5314263577276031339
335 12 3065913292587997861
335 13 4783267302280658808
335 14 -3166881662919357696
335 15 8183756553840433458
335 16 -7058573893682637821
335 17 -1993648088309683769
335 18 -639965286053239747
335 19 -4481771428519633617
335 20 7044176994579200856
335 21 -6080979062338163310
335 22 5100200102192723602
335 23 6418512019793432874
335 24 -8608783542010110061
335 25 -5565042567311794771
335 26 -3692531736383565575
335 27 347179387002613157
335 28 1888733280891313903
335 29 6788509082922943622
335 30 988680928855213735
335 31 6080153601523612559
335 32 1008012157159019577
335 33 5988764889746998808
335 34 -1055542741450069013
335 35 -6379646629135641768
335 36 -5118829353856440743
335 37 463315719672251382
335 38 -6151261093937322960
335 39 -6545735243939552484
335 40 6280077178129780058
335 41 556259767792306865
335 42 -7197277970265103928
335 43 -4728296547750533119
335 44 2305670914249031409
335 45 5674953343649111502
335 46 2071642654596967090
335 47 5077910425719699942
335 48 -7868853424613619125
335 49 2150180408570414104
335 50 -6185796128193857491
335 51 5891047902726452032
335 52 -8948304423966624629
335 53 -8706678530980251459
335 54 3706805595382935286
335 55 735395509364261636
335 56 4274849624564387076
335 57 -580787478643835207
335 58 3169980277273889583
335 59 6993517643263226467
335 60 -3185227894062104708
335 61 -1911907592873108520
335 62 4964148271562809386
335 63 2649148905578821366
335 64 4499064213577854179
335 65 5474110626845513545
335 66 -6292734339421176902
335 67 1610141212998732879
335 68 234150142389019451
335 69 -1222047653648389779
335 70 6291841688828776738
335 71 -2895944829489892180
335 72 2736571613457906634
335 73 6705033183515930132
335 74 5417809085210293817
335 75 -3657450201444547621
335 76 -1574827254465705578
335 77 7173892255610486413
335 78 -9065921632288740620
335 79 -8249744592940492388
335 80 -4241432936220284479
335 81 6554851115545687342
335 82 -2006008261478689872
335 83 6135967121409755013
335 84 -6991264001314836023
335 85 -8860157009409731629
335 86 -3380024889905749760
335 87 4774193519031170612
335 88 1258182534263093748
335 89 4886957332719668996
335 90 -3950796204146933564
335 91 4723519451656336401
335 92 -5338835168903500987
335 93 -9104501451743550900
335 94 3908878782487053394
335 95 8559372106390173767
335 96 1311169451642002626
335 97 -7091787561203201080
335 98 2833997792656261507
335 99 -84422704693435413
335 100 -2296833464087490188
335 101 1636756454694864718
335 102 -2755238561587204880
335 103 6150538790019036595
335 104 1526130776399898634
335 105 3579394407864313272
335 106 -6941399676907180865
335 107 3779899822983328771
335 108 7670619177361276073
335 109 -3717261784084459722
335 110 -7249440789429298176
335 111 -6765966441618923765
335 112 8855358032342879741
335 113 -2574888859479019855
335 114 8384919580515272421
335 115 -3288663426296384808
335 116 -2677412511145363895
335 117 6623139488891865561
335 118 3461189690572072467
335 119 -415786314532042137
335 120 4476915278632379886
335 121 -3043525522335314706
335 122 1893848903649969787
335 123 5024142441131671950
335 124 3647890563219189321
335 125 5198826842476039693
335 126 209064023348673121
335 127 504722782343553184
335 128 8975915832566876666
335 129 3849247669969037664
335 130 -6307221157951135737
335 131 -905689648847645170
335 132 -2956952587987434880
335 133 5896312860667579606
335 134 8108113773219781664
335 135 -8925148769416823090
335 136 566146850301899900
335 137 7111907095900303269
335 138 9089610407126649296
335 139 3801874509201574732
335 140 -315855724888898206
335 141 -6078493832523645355
335 142 7021240038774411054
335 143 -1918488742537127256
335 144 8591377727939683042
335 145 -9190760385477479710
335 146 3554641156504830752
335 147 -2599720040595837535
335 148 2915633176207375499
335 149 -4915760945102536628
335 150 5085651860566294231
335 151 3519620600762953756
335 152 -8552404523544510157
335 153 2116724592905505953
335 154 4741981006263848053
335 155 2305318802621495788
335 156 -1253659023232881530
335 157 1189085246868189339
335 158 2900620097287339647
335 159 -742801409153597231
335 160 -5818513643983592333
335 161 -152228168728209732
335 162 -6924338051174726694
335 163 6334473735794643761
335 164 -7320869008945952594
335 165 2898306818450995925
335 166 -9095253252246785787
335 167 1566546938614005371
335 168 3415200138747777873
335 169 -6151547770798358229
335 170 -5084371818211471645
335 171 8436076389076449958
335 172 -1646893296700598195
335 173 -4842322351418608193
335 174 -7810245166454850707
335 175 -7647984968969284965
335 176 2753924483671986771
335 177 6876409826889876520
335 178 -1092649869488457681
335 179 -123478280847256732
335 180 5190998342080429547
335 181 3027928688657120740
335 182 -7589792660185812668
335 183 5888411345110141594
335 184 6832359618641779680
335 185 -2206545280255050115
335 186 -3165463090201772390
335 187 -9141006650171163532
335 188 -3802120059801408487
335 189 -9049832340118920110
335 190 3438812879794892329
335 191 8980030609646742089
335 192 -7840923583976714813
335 193 -4548691852495012913
335 194 -8920763431020093273
335 195 3647081637713054108
335 196 -8059720736754272628
335 197 -1534167010664250706
335 198 7312902091058871426
335 199 1233645129942489366
335 200 -7971794347638857043
335 201 8583855135299746388
335 202 1244691436476255518
335 203 -1088221475790253222
335 204 -2439291286178937423
335 205 6946978967489172449
335 206 -6345822457704283660
335 207 -8670280954758344346
335 208 -2429454952899566465
335 209 7798525200680563366
335 210 -5782804644397066617
335 211 4288212442541237449
335 212 7402553077941406357
335 213 5433210795806825886
335 214 4803025074439294401
335 215 -1639475086517978757
335 216 5591158190674160075
335 217 -2899727308573411963
335 218 8575768619601369478
335 219 1032337302311898621
335 220 -8707319217659422764
335 221 -3043439024155705433
335 222 -6316104828719755943
335 223 -2060580304118396985
335 224 -2962367991979786256
335 225 -4324834530231041088
335 226 1759023053840119843
335 227 7182632718755113151
335 228 6056396712521921389
335 229 6627405991362085999
335 230 4156512710822380668
335 231 -6672022340887179375
335 232 4187123000962989931
335 233 1807353803350026720
335 234 3670614252163148320
335 235 -3410771312670470995
335 236 6047852403799187923
335 237 8720414418219246954
335 238 5515244495218129524
335 239 6196692647714773294
335 240 7653677001040242053
335 241 -7293634488882787628
335 242 -6206371487952055852
335 243 -4321641933298200286
335 244 -4077155411233421039
335 245 -1597659027217481790
335 246 -7401881541501685868
335 247 -4578360563620111135
335 248 -6394817386571376740
335 249 -7029985202340559901
335 250 4404709481910837971
335 251 -6692597930496829028
335 252 -402023718357197325
335 253 -1164751645010329279
335 254 907327186267947268
335 255 -7471583517232145245
335 256 6174293656427517868
335 257 3951747153461219977
335 258 3629222459349302508
335 259 -6318012897814370856
335 260 -7435210254067157239
335 261 -8045198809026464620
335 262 4228819376006951118
335 263 1334313796434591742
335 264 -3233064295480263843
335 265 3440375681832754676
335 266 -7686533003999179580
335 267 -27981178267920227
335 268 9070490030540034648
335 269 -3049841195425053427
335 270 -4750516489723023806
335 271 7364694549068511891
335 272 -8416208471208945166
335 273 8072762964716194344
335 274 784321590214611586
335 275 -2224888795579779453
335 276 1859897354793725780
335 277 7397911297234255095
335 278 3485710336135773343
335 279 3598196685965302507
335 280 1003560850691538520
335 281 -24597386877675322
335 282 2597174823052105250
335 283 3702401564789663736
335 284 -2326357978841137246
335 285 4581739431405032148
335 286 -2422046704443587559
335 287 614188717178313478
335 288 -2086003193577090139
335 289 -2282603096515424879
335 290 -1548117440404210609
335 291 -6541787864052480221
335 292 5426973281460962536
335 293 -895474158974513833
335 294 5377730249384592755
335 295 5564766525286273148
335 296 -4353334561244874225
335 297 -2785818382197859273
335 298 -5657649406971436661
335 299 7775981714657625672
335 300 -5616915443077563994
335 301 6261658146208765912
335 302 2479157174356211953
335 303 -582043427355259094
335 304 7787652239527046315
335 305 -2859983848982947720
335 306 -6269553314633254826
335 307 -8233479350571462164
335 308 -570725493007257118
335 309 1124873045900971979
335 310 5255189771312730621
335 311 5067315198724550898
335 312 -4028313443891873625
335 313 -6405187566989887470
335 314 -8132711389912332963
335 315 9045120569673225276
335 316 -2932586906072632519
335 317 -4090751246065882342
335 318 -6847177041509958140
335 319 1751759375378700687
335 320 612032868989311466
335 321 -4182408597622584969
335 322 3377055837509983560
335 323 -5991601712470807845
335 324 -1693321652876514260
335 325 1748353267525486357
335 326 -3328484829387068340
335 327 6763947607240408723
335 328 9201915915124549381
335 329 -8576461816794813124
335 330 5796498694029059526
335 331 7537143410946088512
335 332 1733255027502548928
335 333 -1260414352736482592
335 334 6496321901868584135
335 335 -5991828654379087441
335 336 -8502066696015039827
335 337 -3235095799319692020
335 338 -2197655342224289870
335 339 8166055877431218056
335 340 -4139455665985386201
335 341 4192294194862567429
335 342 2607043558454391681
335 343 -1012997289331226496
335 344 -5954031937135359410
335 345 1995353065661529604
335 346 -392086894597865295
335 347 568801647050910263
335 348 73894421865098022
335 349 -2309692187612261109
335 350 -6732424253151656443
335 351 -5849140418657129220
335 352 -5275187174493175024
335 353 -7232947752847714472
335 354 1846924031315344188
335 355 6346474626781190029
335 356 1495195152985029406
335 357 -2472827108875977279
335 358 -741560198761754452
335 359 -690561272373613241
335 360 -8049105441123254316
335 361 1559997957484396859
335 362 -249130690730141344
335 363 -3202113624284485527
335 364 4227793375617869490
335 365 4784506189412880483
335 366 4557914423499280309
335 367 -5162221863931216273
335 368 -7380320701298098734
335 369 1475209425132794652
335 370 -2065896786290755230
335 371 -5710709916475769892
335 372 7708286697701073947
335 373 -1967287134480203306
335 374 4247305307392513196
335 375 7315494335044497487
335 376 -6276801733981665069
335 377 -3025591892530729864
335 378 5878296243953981442
335 379 -2261564176492427550
335 380 -8800299665813310999
335 381 -4187579230311688905
335 382 8597845686082842062
335 383 8094443174549654885
335 384 -5755992875843911250
335 385 2777648583041760073
335 386 2192253085495204219
335 387 -6011318153207848852
335 388 -8728838011394965212
335 389 2548221001179491067
335 390 2294579490626643289
335 391 -5175894094270154561
335 392 3485614072186529466
335 393 -5819017582877865670
335 394 -3408420347322642627
335 395 -5969020335877326767
335 396 1774604869501176846
335 397 7418377171761163093
335 398 7348391641346507063
335 399 -8951142571864262280
336 0 8327321817143527048
336 1 -1160261790240737734
336 2 3523557110939829084
336 3 -1650641693991896908
336 4 -5140740560040850025
336 5 -1603419846385647317
336 6 8902841701118007991
336 7 -301901551050014092
336 8 2529270575719194764
336 9 -3043519070491409215
336 10 -5422561084749404066
336 11 -8581081995864990399
336 12 -8718683998938671188
336 13 6823076928304793649
336 14 1022354151741618135
336 15 3872727633162503527
336 16 -4398377214935158506
336 17 -7307161049834809699
336 18 -614119541227571222
336 19 7852445801645550171
336 20 -4089579367720624976
336 21 5290256733490493289
336 22 4678521906235102495
336 23 1191809930550740634
336 24 4170620666016723224
336 25 5638017124663506174
336 26 -3674242672620763257
336 27 3754715129651622510
336 28 5505151663493683733
336 29 -6533700195917895218
336 30 169662471293208258
336 31 -4981666271376391983
336 32 -2594108866291630386
336 33 -637198925779803509
336 34 1882905392921029848
336 35 -78438421055923076
336 36 8003374443307733904
336 37 1214051115898708265
336 38 -5806802133336288923
336 39 -5658569928381956527
336 40 -8396817399050679767
336 41 7849409531331973488
336 42 7028739750424454854
336 43 -831344515073874630
336 44 6423012769506283858
336 45 -8576877181490724225
336 46 454554348157685317
336 47 -8253376274289629184
336 48 -403181474995526586
336 49 7307893351243318212
336 50 -812099057120187050
336 51 5312940185125156336
336 52 -8106898577818860035
336 53 5247304220380720853
336 54 2869411199324365256
336 55 -4639199513792986299
336 56 4255841646180608071
336 57 5547813931976193513
336 58 -3841066670453137243
336 59 4242505268528087551
336 60 -8802217153206518060
336 61 4218205018220631737
336 62 -1908522250690489316
336 63 -7689468643863253886
336 64 -4320364604729361908
336 65 3269720163626870908
336 66 -7623328300472283564
336 67 -2142487212652301444
336 68 -7186014595191111333
336 69 -1038292628943352984
336 70 2715837948127627468
336 71 4796030602400768796
336 72 -3642085428460360339
336 73 6293193353788804442
336 74 -7109173281814646546
336 75 -5854955306565686573
336 76 819001586925794839
336 77 9166095612257604680
336 78 -4826501704160732834
336 79 -7994226083537031343
336 80 -585245889258669146
336 81 -2554929624179780123
336 82 2281071313057554422
336 83 2680868208453708376
336 84 -8244095617310902484
336 85 -7523370565102502629
336 86 4156125613751096604
336 87 3722864894087658230
336 88 792498836114883375
336 89 7848279938122061902
336 90 -1306675564237847017
336 91 -405851944188063420
336 92 1796821863888166411
336 93 -3122876610619955823
336 94 705279390409478875
336 95 -7687427667759425040
336 96 -995940112752789371
336 97 5201810193722443205
336 98 -1333562914153982474
336 99 6016020834822322458
336 100 8360374532982349798
336 101 -1989990469395614941
336 102 4421963630193425750
336 103 -199901036513175758
336 104 2593244763417613084
336 105 -5830640014446628257
336 106 3780289642451706978
336 107 318789149075015256
336 108 6449931104886248974
336 109 -6305129823204814354
336 110 -1998475638707982528
336 111 2323999789488591479
336 112 -7841516112100099250
336 113 3533457822632925842
336 114 7581702395058869530
336 115 5818824257369972181
336 116 -2750574689000790353
336 117 5200491749286751924
336 118 -8189095574592863910
336 119 -8185256183422747811
336 120 -6455901372509447202
336 121 3565355382008669066
336 122 -8737251735544920391
336 123 8412157452130180077
336 124 -4536829275540993533
336 125 -1242637154416132368
336 126 6130400121533407175
336 127 2606277327117474757
336 128 3224281743399119177
336 129 -658599514764248338
336 130 -8106874667692222041
336 131 -2063853679158320310
336 132 1215319233606828843
336 133 -2002713596590045120
336 134 -721378588721409678
336 135 -7506632925966815834
336 136 2256641671219484338
336 137 7396602321252891967
336 138 -8769107485717897502
336 139 1150327929117564000
336 140 -3269706681528973656
336 141 8834120113992959617
336 142 4932036995540828119
336 143 1890721883677259554
336 144 -8838778916585326450
336 145 -5268305858540642814
336 146 -384100212594996769
336 147 -6611265602165802939
336 148 2221988733678220669
336 149 -5613943674994081381
336 150 -6718426360249749186
336 151 -773783689607148430
336 152 1323718182604332483
336 153 -4175754688208352844
336 154 -3763647993842689911
336 155 1839662154146834995
336 156 4787478600168246377
336 157 -3953834279583928112
336 158 2704998169654004226
336 159 3840136055583453417
336 160 321164263802056634
336 161 7147493076093886645
336 162 1753089823375021322
336 163 7091728988346051311
336 164 684555928464597312
336 165 -3981427021267232812
336 166 907403983618038528
336 167 -2332168041290689872
336 168 -5370672989540366207
336 169 8871252676635757236
336 170 7353261777832451220
336 171 4503390575292492832
336 172 -3006311742463263137
336 173 -7682911656944764004
336 174 -8652462191282931372
336 175 -2682151303184129955
336 176 4615779834679387961
336 177 -8902235115011088605
336 178 285909369508605267
336 179 8638876324156380359
336 180 8319068335740917184
336 181 4367035740825081598
336 182 -2283595192986744901
336 183 -3620837040013679461
336 184 1710124363885538179
336 185 -7672186300628536705
336 186 2944881235408701430
336 187 3005151214152988271
336 188 -7831307550589875450
336 189 -9014497600359554392
336 190 -3803677134363671713
336 191 6275073711046640017
336 192 8238562060362496830
336 193 8568469022076037991
336 194 -4029278309946779023
336 195 4545523955812927721
336 196 881610298224651421
336 197 -3766639221408562682
336 198 2688910799709318071
336 199 -9056106828125583858
336 200 7744509032018764877
336 201 1392343619173699715
336 202 7071031224739435483
336 203 8185627571545062359
336 204 -3948058970726938830
336 205 -7759804433977330647
336 206 7362970358446489296
336 207 196989535002642967
336 208 -6462215353220133565
336 209 774080068955243110
336 210 8022068983732943181
336 211 -3196103015454576294
336 212 1195659277761860852
336 213 564146925491663287
336 214 6126058452490327401
336 215 -6354442421391103762
336 216 -6582672050495031362
336 217 -3814942478939292352
336 218 6062334495908816924
336 219 3178045068359672620
336 220 -4911851729725619670
336 221 3086966832402924870
336 222 5776637053788289836
336 223 -6867717470459974279
336 224 -1558192364906083701
336 225 -3160097431848606899
336 226 -1828366595554134115
336 227 -9143344442920991631
336 228 -940132084764790182
336 229 7106614470340512442
336 230 -379756124399562963
336 231 8257938781591410988
336 232 6165102771809928648
336 233 -7995990399185153429
336 234 8451369991629619260
336 235 -695872343576579053
336 236 2510205163992258450
336 237 4609788947063003593
336 238 2370955198726160127
336 239 6201295316394218065
336 240 -2949742612021501396
336 241 -8949742159233452770
336 242 1895501037733359633
336 243 -4729014270022934302
336 244 1669825763736388650
336 245 -3766510513564582111
336 246 738468868624014990
336 247 -3515286623363189741
336 248 -1386296999376094051
336 249 389358652758057441
336 250 -5122543096065562483
336 251 2751271250855855756
336 252 -8814548258682960759
336 253 -4143225953502511393
336 254 -2223898187354720853
336 255 -5207100973711304856
336 256 5400119332709919443
336 257 3776949877822409330
336 258 -5427196745955534646
336 259 7632637251136658424
336 260 -2950777217953451716
336 261 -8759506247996666803
336 262 -793108403748815214
336 263 -5156708608565041391
336 264 -1954901732472428416
336 265 -4296755615540327901
336 266 5566989035987301187
336 267 142170527240491696
336 268 3486736988854540079
336 269 8804608945571506494
336 270 7088614240719311274
336 271 8547729607889256849
336 272 -189697206786525426
336 273 1931271810231152775
336 274 7681816887695436881
336 275 -527751141735570145
336 276 -3406561284124959934
336 277 7339487493003937563
336 278 -6995643187441833071
336 279 -7793165832411998485
336 280 -6816455138227795576
336 281 -1024962077852416439
336 282 8182874146771639164
336 283 -6205518777796964202
336 284 3690613745742183362
336 285 6037759125533369499
336 286 -4083560734691237570
336 287 668228559801499059
336 288 8725409076864614204
336 289 -7672200022978275498
336 290 -2475665356021839297
336 291 -8896963284747181350
336 292 -6869207395962311296
336 293 -2695847646952877788
336 294 3474657401103892794
336 295 -4992384935824040774
336 296 -7975568559342548198
336 297 -6505677888980897364
336 298 -1608783932033428461
336 299 7678001937103530569
336 300 -4606578835769659377
336 301 -4235782663537816623
336 302 7247318732384982128
336 303 5086869635366352257
336 304 -7761399896983395011
336 305 -6340388607412579901
336 306 7393025604042970551
336 307 -1154254947737754733
336 308 -4899263402099996135
336 309 8667857895085471042
336 310 -6110876755534093090
336 311 -6990711140936538537
336 312 -7811664350196784783
336 313 -4326201882628334701
336 314 6727191537133888820
336 315 -507672083215289747
336 316 -7104435533715464266
336 317 7249615047956629229
336 318 -2115967398028856174
336 319 -7949692227101904037
336 320 -7783538031592678035
336 321 -3789066920903535497
336 322 -6166236195580331436
336 323 -7077241053851748598
336 324 4178747769395143013
336 325 -670718743209456013
336 326 6754369877026293340
336 327 6280094231392580818
336 328 -7116701362135299564
336 329 5469883952274360811
336 330 -2153028839407868563
336 331 2433881015049427213
336 332 -4425580090435260058
336 333 7280635441720133483
336 334 5307728021661986636
336 335 1955548619481278370
336 336 8851248016647449344
336 337 -7123055969174162847
336 338 2772058053444505651
336 339 7307137847041943911
336 340 7574123749053460742
336 341 3577540171299726056
336 342 3902853570187252984
336 343 7029342391844718233
336 344 -2439619913708496408
336 345 -6351157805279854765
336 346 1264636005864442873
336 347 -2823434579297720421
336 348 -6215225415395295349
336 349 6184009942609955029
336 350 1792416959030018269
336 351 -3699786294840156670
336 352 -3751112614344893407
336 353 683198305059654876
336 354 4942612528126892395
336 355 5420576280632010397
336 356 5086750558697285106
336 357 -4925230231156977879
336 358 -8197673072228713335
336 359 5192648761860843631
336 360 27359044013192416
336 361 8681954311009867691
336 362 -4624991215605510215
336 363 5696056786087928390
336 364 -4191822540710262544
336 365 -1460731066430690714
336 366 -7898219611516910631
336 367 9058489733738332858
336 368 2328376674495735200
336 369 -4558894476933215002
336 370 -3059045575004639882
336 371 8982666293469949847
336 372 2281843764811108079
336 373 -1752694345996732268
336 374 8493196844603390761
336 375 -6663511935204516003
336 376 1218302380040738919
336 377 -7458200541971757796
336 378 8976018028776923936
336 379 2597939582882948629
336 380 5175045205038622978
336 381 3380380244393794842
336 382 5506348738199815324
336 383 -8169797174327631363
336 384 6016729186089457642
336 385 -7344979751979834691
336 386 2672515661985306790
336 387 -9095262454206881284
336 388 -9104241965753925009
336 389 -9209467430708178157
336 390 -2932331950196214167
336 391 7434780506989432010
336 392 -8212482283067389015
336 393 -5371025385681131922
336 394 -3828815476307473776
336 395 7311803274411627768
336 396 -5369372166075549647
336 397 -1612749621622099806
336 398 -128025170591870958
336 399 -7221453999247455487
337 0 2145123217687936569
337 1 -4560252218960453477
337 2 -1975453319916060622
337 3 -7318925790205938165
337 4 -2393011866341856324
337 5 8910543094735393553
337 6 -1788268828355713392
337 7 4682858733977981678
337 8 -4287402011150543557
337 9 3937988257258131448
337 10 -8587724012833986287
337 11 -2005344669779314856
337 12 7174241006350406128
337 13 -6646450970254202155
337 14 4524122961774821028
337 15 281295818411439560
337 16 -7412031508442540667
337 17 3105199813733465623
337 18 -1972310698497689519
337 19 2352267496495585641
337 20 -8209988947003847102
337 21 -828061148185217275
337 22 1733225014379354196
337 23 2935828179617021842
337 24 -2303920957747287370
337 25 579246773459940376
337 26 -3903374868133721537
337 27 3725208533595830616
337 28 2543924359687285655
337 29 -6834203466550678889
337 30 4171390900361076217
337 31 -542320983510819583
337 32 656055928858596311
337 33 -1659469591096429450
337 34 -5868863424679785195
337 35 -6566847673477547314
337 36 -1744049590806120955
337 37 -4830469932923685748
337 38 3547555349730586177
337 39 -3838926999972395321
337 40 1519356098258033693
337 41 2761276806138608585
337 42 8912701434957762526
337 43 -471311288073262485
337 44 -8648378368502308595
337 45 -3715547150359345019
337 46 -2308491038972767133
337 47 -7835558389469218274
337 48 6211383933097686083
337 49 -3824191773456636461
337 50 -1867098741104033379
337 51 -3228202706810183629
337 52 8252797039611069581
337 53 5303280640659873335
337 54 -2901874152630881575
337 55 -8932550153943367934
337 56 5655108948199082453
337 57 -5709914530528711125
337 58 -8821246367336739853
337 59 -7294692018546950617
337 60 -3234559316044695090
337 61 -8332363025886159432
337 62 -4369178460158754232
337 63 -5089359262321282948
337 64 7077592314522966141
337 65 -5156302602860287895
337 66 -4961123678215445209
337 67 4709471161699426333
337 68 -5160689747434285913
337 69 3870709911860704740
337 70 -4415364737630815475
337 71 -3159813399042353759
337 72 -269278594170747078
337 73 7052138775129239667
337 74 -5258418890291259597
337 75 7196062668344158851
337 76 2841809034128310785
337 77 -605895717332322474
337 78 2860128241256124630
337 79 -9146181279412150571
337 80 -489273250665845292
337 81 -961068421422192251
337 82 5462566606230872528
337 83 103955211739688098
337 84 -1284505782144582236
337 85 -5561908706283999498
337 86 4723554342550897573
337 87 5755063735806577041
337 88 3092295601181639885
337 89 -5672530422384036979
337 90 3699105054880579182
337 91 1956785953979201926
337 92 -7830004988049065537
337 93 -7030719368816056203
337 94 3047218728362400258
337 95 -3101869253003819675
337 96 -6777651111635290477
337 97 -1659453432925806676
337 98 -8887806350335485215
337 99 4103997616468243853
337 100 -3529746786148797749
337 101 4138179310980984999
337 102 778405089651592108
337 103 -4717145184908867166
337 104 -4126616035666560504
337 105 4935167472583880858
337 106 -4634571715235235414
337 107 3057843357649217004
337 108 1643803170292372530
337 109 -6660541009885001081
337 110 -6121066857454023398
337 111 4949940470919259322
337 112 -7916598553627485085
337 113 1139309272947788994
337 114 -500156924051268604
337 115 3692414602131330086
337 116 4685512888039236997
337 117 -6442589279291849856
337 118 3273782115241203094
337 119 -8003907086602682406
337 120 1612031933078764016
337 121 8219625532805781157
337 122 8211875473916716992
337 123 5896205071813944809
337 124 3037449124149648070
337 125 4980865278222222069
337 126 7945881218296572130
337 127 -4314004576449004478
337 128 -8456190992934003527
337 129 3575991474650834420
337 130 -2901622564589123063
337 131 8914763312245473339
337 132 -7939544139629913722
337 133 -7858493434620557652
337 134 -6003193825424804341
337 135 7535614689681185109
337 136 5696254229739765786
337 137 6994409478336760447
337 138 -5916456301918455434
337 139 5948478879366653654
337 140 -7150542632648673137
337 141 4783450725183307542
337 142 -5298056486940801185
337 143 -7618887530783739425
337 144 3693968575943246568
337 145 7194051634397771913
337 146 3513319949665138008
337 147 -2309295757738853391
337 148 -8306207056861353161
337 149 -4331935198755051469
337 150 -3331077618917452940
337 151 6817546638262082676
337 152 787809532766117380
337 153 -1188063693364193789
337 154 1874069470585934229
337 155 388536977291423550
337 156 -7795839606298004159
337 157 -5865293213774722077
337 158 7797415828561424554
337 159 -3474649973587775241
337 160 -4923034890614169158
337 161 -6777020072760916802
337 162 8229830718327877444
337 163 -6329866098373963068
337 164 -4064708934003215826
337 165 6925646337929557419
337 166 7365410568540479888
337 167 4422821033711860309
337 168 5255731024078398202
337 169 -4353114125162080467
337 170 -59368660072162766
337 171 -4078198871057744127
337 172 5873965851085021910
337 173 -5921854118178747444
337 174 6686195884177729051
337 175 3232962933619937311
337 176 3409393331419002628
337 177 -1498488916931052005
337 178 -6200602002779457820
337 179 2613649175322776528
337 180 2963149061631248340
337 181 -8312516399085294397
337 182 1108947688609433493
337 183 4577807124116331031
337 184 -6032741633845398428
337 185 274021442478900609
337 186 -8091479704029733001
337 187 -3973938967023826817
337 188 9094208103428092375
337 189 5739958988154725165
337 190 -270302178753845450
337 191 -3508558021178296146
337 192 3674698135247058005
337 193 3755549221199424585
337 194 -224170962618780942
337 195 -3570957848874727178
337 196 -1945538022462346212
337 197 2585352451607855124
337 198 1877061147043121314
337 199 -1550767603003840194
337 200 -7328715298768980925
337 201 4511928948077274811
337 202 -2992197451079347358
337 203 4313243658679555043
337 204 2223352295217372227
337 205 -1027300334225044732
337 206 2488154223788878818
337 207 -2625833235188358189
337 208 -5388082332407007540
337 209 -5775153025796322865
337 210 -8439370976031780463
337 211 3466678052623881596
337 212 2638150272261468040
337 213 -3038926191138448994
337 214 -1334010051150286505
337 215 8805375049602678559
337 216 -4365885291823960358
337 217 2235852259757020931
337 218 -7359915230271756530
337 219 -2555741506678105219
337 220 -9196906407105008068
337 221 -1277481230565227931
337 222 3686665057887893903
337 223 4534597708628659466
337 224 -7840497072417811187
337 225 5145420071352507321
337 226 -6144410094386519
337 227 -2909878311551693467
337 228 2151332931710888069
337 229 8975376705044376818
337 230 -1964493478678804
337 231 7632882149321605158
337 232 -3825045518200354218
337 233 -6475583618929563386
337 234 -1592209740592674116
337 235 6494712856050117759
337 236 7116648948664735067
337 237 -7587629750844926279
337 238 -6349484763886491067
337 239 -1244859978597254413
337 240 -1061354565801724605
337 241 -802152952314825175
337 242 -601487835653827881
337 243 -7039421990114365343
337 244 -3970891923983917925
337 245 8491364479022143990
337 246 -1736329020873040347
337 247 4522791596049959246
337 248 5608814793533463607
337 249 5060696816662650243
337 250 -1534647687797281382
337 251 -6934947005573789805
337 252 8052303352016168719
337 253 -3624415611949416578
337 254 -541005464451576556
337 255 8091847304537668399
337 256 1988024060173856459
337 257 -481645378335601688
337 258 -6691530572698673741
337 259 3984328882478420944
337 260 -8347725538756308539
337 261 4574978131778876004
337 262 6182958435758295771
337 263 -2742863212515374213
337 264 6837080894261777282
337 265 -6582886640985955945
337 266 -1372996832526922793
337 267 -8626507418255445156
337 268 8364448621090952917
337 269 -3662449455822073452
337 270 -386638568110755455
337 271 -5151432703742526980
337 272 4877634081291729431
337 273 8929807987108990708
337 274 4914116963250132445
337 275 -8232942471740620044
337 276 -4414421181923260952
337 277 5904769967226202057
337 278 -8869764631447344429
337 279 6589692757744794556
337 280 -3849652939993763475
337 281 -987001456388444115
337 282 3830794758344061563
337 283 -90034641963880960
337 284 -8909990234473562132
337 285 -5743293623525718328
337 286 850236808724017872
337 287 -751015844459577825
337 288 4510300545673558203
337 289 7939697882344108551
337 290 -6783253700953249278
337 291 6915396392842333848
337 292 -1233401707177717395
337 293 -5190590817737435056
337 294 -1892120850499557380
337 295 2188310758607882673
337 296 -1007403854454722587
337 297 3719609852375145533
337 298 -1411278894537283815
337 299 -7838669055303354610
337 300 4710297630386904110
337 301 6286447678759445077
337 302 720223151597935953
337 303 -3706743908970241868
337 304 -7397857860591085815
337 305 -7552861249488314674
337 306 5106931723732955752
337 307 5546930956930797741
337 308 263321823124283421
337 309 -8128233086901012108
337 310 -8065900045483450383
337 311 -4626545386588787075
337 312 6944890743025662621
337 313 -8379876826684867599
337 314 -2866159290672569108
337 315 7605269817574693626
337 316 3406241529360682278
337 317 -7900552976936904230
337 318 1756691770035297701
337 319 1306791243478508568
337 320 -6923933367884100072
337 321 876280903075766019
337 322 6967277654285407241
337 323 -5455610152310804213
337 324 8703598430206200097
337 325 -3156358134089264895
337 326 -5485124523380476135
337 327 3578893224206917861
337 328 -6247253712214127809
337 329 5876036011854721793
337 330 7528916519765681044
337 331 -4270096699937078555
337 332 -8055085303006716323
337 333 7789451673999463058
337 334 2547510195567903101
337 335 -1659978964319835420
337 336 -454579101980126487
337 337 -6470114090908122519
337 338 777369296528786775
337 339 -6000831419112200414
337 340 8020517583978816223
337 341 6933293266921348834
337 342 -7836523387218097153
337 343 8300379716223379270
337 344 4598583426251722835
337 345 5691275767603863214
337 346 4423644416015466534
337 347 3630317000297880552
337 348 2989174772114908002
337 349 8837570297947489508
337 350 2346901204517076878
337 351 3456112667198925123
337 352 -6623023005637538866
337 353 -1077121636252473550
337 354 6734854533886588793
337 355 -2965788312283209151
337 356 -2909172186368226617
337 357 6512188405871600559
337 358 6559704073019763722
337 359 6461922663240329764
337 360 6870942746613277994
337 361 1145903059166779992
337 362 -4585086954409117369
337 363 -1676515886531410115
337 364 3333497580125116746
337 365 -1421089104119733849
337 366 -8332345336716702072
337 367 8996973787443886433
337 368 -2859955938895204370
337 369 7006673717394750721
337 370 -5845964984963103664
337 371 1499260542864609993
337 372 2435220120517718785
337 373 -6457538875269486633
337 374 -5298911388043636078
337 375 3170277379763225062
337 376 3701864686585008746
337 377 -5842032980953093649
337 378 4100794803059740565
337 379 -6037203540472895211
337 380 -6558466761117334843
337 381 -2413648802704206576
337 382 5204195639819360925
337 383 -4199590800878161101
337 384 8487041173754245295
337 385 -900508225086695550
337 386 5015639336378536154
337 387 9111949987830074847
337 388 8226887674267325570
337 389 3568849996947926344
337 390 5091376270259483014
337 391 -2827704285034441164
337 392 1762564920403333455
337 393 -6276611699174670039
337 394 -2762319942109262204
337 395 1324052696459021180
337 396 3624807718929088193
337 397 815958176816831874
337 398 7107931723539949752
337 399 -120817775859066859
338 0 -5632881317624784963
338 1 8926092506423025403
338 2 -1608079016556306144
338 3 3937611190831687842
338 4 -3534576514770430569
338 5 7152547731525444743
338 6 4917885538520946541
338 7 8411641406274935635
338 8 8687692416368037300
338 9 8432276874285547952
338 10 4784662320890449620
338 11 6661187570412277528
338 12 1339640561645709623
338 13 -7390939910093940235
338 14 2307326653628095671
338 15 -5923459604130893136
338 16 3754186964904383495
338 17 5323053314058137603
338 18 -7881631934275232745
338 19 8171114813679668606
338 20 -2779314517299744154
338 21 -2592906075067782743
338 22 3542043465085576531
338 23 -7533322707499502975
338 24 -4317011184665714568
338 25 2356872633170346754
338 26 2604296098008044817
338 27 -4670769865324612773
338 28 1486682339979991289
338 29 -5458497564313889142
338 30 8258178152481444348
338 31 5908259747414680694
338 32 3806738473632296312
338 33 9008249651826216460
338 34 3085145492756152755
338 35 3298239973892033192
338 36 2908168473058932578
338 37 8715267798848207906
338 38 -1552927393740321545
338 39 -8090742966569696247
338 40 5255009873221644502
338 41 -3764122092660173927
338 42 6204323405217456306
338 43 5280059345698888370
338 44 -6059152085557790096
338 45 -6398816262081647088
338 46 -299530641981073282
338 47 -5348813673330372787
338 48 -4957234596112252744
338 49 1991597214327482405
338 50 1586025072705497004
338 51 -5126240862415524065
338 52 -1789545475682977480
338 53 6212716898358931960
338 54 -2940382489322336858
338 55 -7517651535035446682
338 56 -3522354248949477945
338 57 6769610557782141968
338 58 -8915880547730013542
338 59 -7117375190827032850
338 60 -7657934188380264612
338 61 -731843902559271355
338 62 -5044492796544505521
338 63 -5250904031667160970
338 64 -5328708081882557481
338 65 9138749433577266176
338 66 -7474512981126818782
338 67 -6382554384391408845
338 68 -2497853689861979106
338 69 -925493956826352691
338 70 -3315258921947751830
338 71 -589353671349395196
338 72 -8920707414120649220
338 73 6009725411400423544
338 74 257225599139477502
338 75 -6950701682321286984
338 76 6032021639929550375
338 77 -2564983850734921464
338 78 4672812597819487858
338 79 -3199148302977076527
338 80 -874858046582538784
338 81 187773317762893045
338 82 -2513634305995582534
338 83 6924157724288568251
338 84 -850136491633770595
338 85 -7630430473271156334
338 86 -3435605492732242048
338 87 5684159075203513991
338 88 -9161482067639926869
338 89 3567061520693722988
338 90 -8050834833937871393
338 91 1381437410888635376
338 92 -1223599825216161407
338 93 -7696335905205412156
338 94 -5300093661095452590
338 95 -9119739299283882621
338 96 5379572524542053180
338 97 9000556206479841563
338 98 -4979779177808277698
338 99 542331742306382833
338 100 4354708985326834605
338 101 -7188364708724012753
338 102 102684307033468672
338 103 -4549312245052518847
338 104 5240858200335273618
338 105 -2292328423838105919
338 106 -4081466729004638404
338 107 991648432945101522
338 108 -2491001757913420153
338 109 -6412102654464300774
338 110 -3356705051670376304
338 111 -8152879604760536819
338 112 -8367855540668622044
338 113 -7769858235153477320
338 114 -3873904480114137555
338 115 5731085608563345904
338 116 -3882552800719109230
338 117 2323176402415992024
338 118 9158415552489346651
338 119 -4544560387428639457
338 120 -7395008382823425936
338 121 -7151210398918988882
338 122 -5021391568271557918
338 123 54773143126052379
338 124 -5189041694565784880
338 125 8550259856838686232
338 126 -72117510756319475
338 127 6174070730460564105
338 128 7987019164099878325
338 129 1724925505944967230
338 130 -3919784872511984549
338 131 -9196627862527356926
338 132 4183348449090199348
338 133 3594381466810606113
338 134 -4047194371000629290
338 135 -5187680660824899495
338 136 -3463882123584049101
338 137 5893923390124043829
338 138 3765577563034481257
338 139 4847086845150874742
338 140 -7983341276862032414
338 141 -2921157693751509268
338 142 -7310266715646011348
338 143 1556351354493016108
338 144 8426566513570054515
338 145 -7661796049833093965
338 146 -3826336523595111188
338 147 -6292542703379875511
338 148 -3888607495304862022
338 149 6909292782576764716
338 150 6786005525827491716
338 151 8802892697780824596
338 152 1975898353344083305
338 153 -3719662441009493528
338 154 -4963464738292468802
338 155 2889323579140285842
338 156 -7438926703834125732
338 157 2004519485627657396
338 158 4277401305576588785
338 159 3963617939107814509
338 160 -8779646417981674454
338 161 -3655913181037943037
338 162 5327689885224476856
338 163 -2128143004824818645
338 164 7691057621764340152
338 165 -6042564558789811169
338 166 -5244987255694239871
338 167 7486278848363243327
338 168 3937100863909536216
338 169 -2107517025971836483
338 170 -6166958757129548629
338 171 -7498304938477363595
338 172 -3062877995276048099
338 173 -6532460488605962454
338 174 -6626477889412300885
338 175 7013010717634405456
338 176 -6415000106343976818
338 177 -3598537622349178775
338 178 1550247271847052179
338 179 -579977573135858249
338 180 1989477659607895680
338 181 -277519675214597973
338 182 -6330947090318893709
338 183 1148565201389202112
338 184 8840952078454671990
338 185 -1674009177260590688
338 186 -2876037242027327492
338 187 -1456480006684707445
338 188 4367006246407490891
338 189 -8599771190180296919
338 190 -3905097219242541234
338 191 -2263121779884337860
338 192 6700352327860997207
338 193 -5414075597545477216
338 194 4921156457816706798
338 195 -5121075561433318392
338 196 -5719687334451906030
338 197 -542600888210196040
338 198 3253814140544175945
338 199 3306302506731991035
338 200 -5952093260713559308
338 201 -5066304955594683835
338 202 -997951287222352326
338 203 1838292357991609503
338 204 4824098054272996830
338 205 -7792333280674215069
338 206 -9219869999322306865
338 207 3795187682347030435
338 208 -7133235576393088365
338 209 -4447801724576403013
338 210 -1091566814536275595
338 211 -1526759207258424996
338 212 -640925876205246130
338 213 -7693112202536669156
338 214 -4155573974539306050
338 215 -8941152657238432132
338 216 3217338426355280628
338 217 8405743426839828313
338 218 -1271030838032267168
338 219 7029318666504528777
338 220 7378724309151421805
338 221 -4703244500244445183
338 222 8803152812674272883
338 223 5419213884420581537
338 224 -8409511947054971951
338 225 -2978776454347871878
338 226 3920393329287681640
338 227 7493822300016269252
338 228 8800696167267249692
338 229 -3826095476549407450
338 230 -1800641810146221135
338 231 4916488439079944112
338 232 7571130240015987141
338 233 167647333394143821
338 234 -5256424280351839964
338 235 6184342830890933854
338 236 -400527683362774893
338 237 2911116564551196891
338 238 3770803435158943708
338 239 -8809859611127741778
338 240 1409153328518489607
338 241 4014724695133378948
338 242 -8353397401063825888
338 243 -6906251292527254021
338 244 -7336767111661666229
338 245 -7954636369168281066
338 246 -3516908140835672416
338 247 3913760661748949694
338 248 338604615960673621
338 249 2536317178229634810
338 250 -3121850253194285479
338 251 -6297106693474289472
338 252 -6732524970389027615
338 253 503654673006149185
338 254 -525154982161983839
338 255 -2598495984558199007
338 256 -5736365628514261392
338 257 3489858757045628732
338 258 -3066805996410869769
338 259 -4032774894992491373
338 260 -1047426037371400840
338 261 3375411215099212796
338 262 5001894996849886328
338 263 -6634081784149691392
338 264 -2876887546502862486
338 265 -2766031288694564160
338 266 3225512184045645824
338 267 -604453445388218808
338 268 -2706249841553363733
338 269 -1374877470938036967
338 270 -2790551850281064916
338 271 -933646160818699669
338 272 -346413868026136045
338 273 -4437968368817821371
338 274 -5852895737416114580
338 275 -728365030424379715
338 276 4319301541482387126
338 277 8197163652191554416
338 278 -7659103627134046515
338 279 8755352000460727192
338 280 -6571415021617474066
338 281 6386825947108030555
338 282 307295986142796773
338 283 3954464348743127727
338 284 -399834439818719057
338 285 4970201420445625060
338 286 7654996180636136677
338 287 -7518773854817341828
338 288 832333706128969113
338 289 4686279124651128039
338 290 2219423498950866612
338 291 -2336109770121511718
338 292 -8226570968936168293
338 293 -6700139427389940166
338 294 5736265150310949138
338 295 -7882824002067843698
338 296 -973118342817938000
338 297 7249469742839078463
338 298 7937681856152860528
338 299 7437031599491575908
338 300 2566561504852695265
338 301 6648894937975717326
338 302 3667407010308030965
338 303 -2754456593015190324
338 304 325109689149171231
338 305 6505883848877558499
338 306 4005271410978255352
338 307 -4044063450618032019
338 308 -3954246171855427061
338 309 4764925506228732463
338 310 32716049626945597
338 311 1407156785448696746
338 312 2204731180904220733
338 313 1457231570246543926
338 314 -6323421128380171832
338 315 1299855318564745337
338 316 7251306513593333431
338 317 -3361542804938133148
338 318 1456563076124968062
338 319 -4437998477805184243
338 320 -2919321425430740022
338 321 -8590007355905076198
338 322 -578574821487188759
338 323 -2120962924555652822
338 324 239676735030434893
338 325 1326557690299284297
338 326 6830161038106386707
338 327 -5404860476736750037
338 328 4789936214977423544
338 329 2754473643207021836
338 330 -499361518879602853
338 331 -2787466543070865932
338 332 8254916864519210899
338 333 -5539024545251397185
338 334 -1096961487637513967
338 335 -8350579195537963019
338 336 -4590732838782355315
338 337 -7493255211341349890
338 338 7711474404630219149
338 339 6142825177632249659
338 340 2840281966541527421
338 341 -5148764211780850848
338 342 1166048126334088008
338 343 2775292060405255584
338 344 1962912018999531344
338 345 2051869770413642441
338 346 5119115566311424616
338 347 -1033903351184563941
338 348 4185219375299057178
338 349 -1468667678157596495
338 350 8400334019423204016
338 351 5148914050414155082
338 352 626787629969482994
338 353 6568271110970527793
338 354 4052493968203796255
338 355 4532097960687585746
338 356 4993672760317047966
338 357 -8831850543259826646
338 358 -2253945443440857815
338 359 -2204328835507294922
338 360 -3698838859280580441
338 361 -5485365605480194788
338 362 -1921930491947053148
338 363 1804551275650476827
338 364 878132992314993904
338 365 -4629498936509052299
338 366 806366892985434913
338 367 -1629074530852035645
338 368 4528974737504100688
338 369 4012233049694226172
338 370 -1900233148826171341
338 371 -4326983410212862283
338 372 -3471081869629146364
338 373 -8140929447117945363
338 374 1411456458121117848
338 375 3193474657728374107
338 376 8856918888663968714
338 377 -9021669252805512220
338 378 -7145400808557667600
338 379 -4112725124618502828
338 380 -8164958741502434248
338 381 5901537407039901906
338 382 5791644707525268947
338 383 -1882184138244088296
338 384 -924420473406153720
338 385 9027079778610989127
338 386 6845621180077076051
338 387 5879766444144467085
338 388 -1350337837629296879
338 389 7139322421446202501
338 390 3563859814429122717
338 391 -6466811738813739176
338 392 8708539039622559739
338 393 -1012285358963706666
338 394 1461781733615058303
338 395 -9038680959369322612
338 396 5564866445257877837
338 397 3582296556436210633
338 398 2408958454442732615
338 399 -4719672727371462826
339 0 -3256565615200689496
339 1 -4095513823969889239
339 2 -1215814258957148644
339 3 -649075224303138942
339 4 -3875095822208914842
339 5 3625973217912578166
339 6 2754724694411091840
339 7 -6416563750912455169
339 8 -741959135635144064
339 9 -3740236619200584471
339 10 -1886150725168945879
339 11 9157083165933707437
339 12 -8807889937602788877
339 13 8355807410770376673
339 14 7485117809324510278
339 15 4701446989117152549
339 16 -3589988873098346686
339 17 6013401171568553793
339 18 -4299245404089658686
339 19 -1895388898732870679
339 20 5678442096153849778
339 21 4692865768817082086
339 22 5905920061578395734
339 23 5084345315432574653
339 24 -4805319136302533175
339 25 4691935172303723350
339 26 8600461576326251391
339 27 4016253088325081064
339 28 805107918904500123
339 29 7693532039345472288
339 30 4501335504871328534
339 31 2060082147134394617
339 32 -4641337926799155821
339 33 -1307708523221930549
339 34 933821867770295167
339 35 9046537105627188934
339 36 -1547916862758490118
339 37 3868460398645070517
339 38 -2550720054123907145
339 39 1390354257086746610
339 40 -2874308543064857085
339 41 -2947633610880345293
339 42 5501713738141453352
339 43 -5443977802765905920
339 44 5119663463508353502
339 45 -4066024739266189419
339 46 -9176004904842448930
339 47 -3071798427667912694
339 48 -4890167028245065935
339 49 -7242167879731258232
339 50 -4656066967322317687
339 51 -1479520172725856892
339 52 -8947651956104895178
339 53 533657260863363705
339 54 214470101698189066
339 55 -1167146597556395066
339 56 -1787844128459114467
339 57 -6610370021736762247
339 58 5800074323348405435
339 59 -2897323831307337504
339 60 -6038236303701863889
339 61 4102093976818250125
339 62 -5896598478346979589
339 63 7098222234174020246
339 64 151645248014976184
339 65 6743302213844911926
339 66 853869042778978512
339 67 6888315911291790089
339 68 -2978859308368534765
339 69 -1914114200649364721
339 70 6965006867874089478
339 71 -5864976897323492271
339 72 -5170315860434411464
339 73 521796700355638010
339 74 4466305534423787976
339 75 -4243473816965299836
339 76 -5455588694302872611
339 77 -6478368098427850998
339 78 3596249899916126136
339 79 2918890832048631879
339 80 -6396314338014452682
339 81 5502820899336361036
339 82 2253394684162032258
339 83 6742291379367517319
339 84 -2747557659675949520
339 85 -7107193528165891163
339 86 -3764320487989962402
339 87 -1436377565172514160
339 88 -2587782453123941030
339 89 6210956354297814285
339 90 8264857381453474423
339 91 -5409589026530295137
339 92 7667262652833867482
339 93 -322122255489252230
339 94 5015482223169843695
339 95 -5706100124499659889
339 96 -2112819957432635033
339 97 1804718494223790194
339 98 -9071680141992863806
339 99 3424033981645297142
339 100 -203658731616826889
339 101 -2771588027231891390
339 102 -8531344269008420141
339 103 -5563692408196645914
339 104 -5447955942236715743
339 105 -8103761238943730413
339 106 -6232871916147229666
339 107 -4359399041124292375
339 108 -8710713095687610117
339 109 8829035219677829167
339 110 -6717153845644068179
339 111 2189152254190874297
339 112 -1400156009578224466
339 113 -7208805186092939453
339 114 3074654431706975556
339 115 -8735525549583165383
339 116 -8463637814783550810
339 117 7790844707072840117
339 118 -1070000396426751288
339 119 -2640043290640808353
339 120 -2703251026857665904
339 121 41007374057398675
339 122 1355288038580146919
339 123 7505769081352882943
339 124 -23760369182538388
339 125 8596816652326133694
339 126 2033080717612822378
339 127 142011440835452735
339 128 -4283546116550984261
339 129 1539772025309912238
339 130 2877886993272712890
339 131 -9121116465965622197
339 132 -5483809481346706017
339 133 667195059910040115
339 134 8478369210195743081
339 135 -4862353913923627781
339 136 693186188867961254
339 137 -1515627011323843770
339 138 -1594368539639119539
339 139 9180070624974811776
339 140 778825282671206446
339 141 8533694580801577450
339 142 1026852433252797720
339 143 -7517765462109316615
339 144 -4053053804276879592
339 145 7800081169812688164
339 146 7485486941541408013
339 147 3320387000740934790
339 148 -8650288116901537299
339 149 -6339083132879403555
339 150 2442683331959399537
339 151 -471566733239401717
339 152 1126617744880514229
339 153 5430273866148366502
339 154 8735081947675115700
339 155 -3862233491915019551
339 156 -4655106491226611497
339 157 7984931889420989984
339 158 -1899495940961845204
339 159 -2441588498851429550
339 160 2022030347403303819
339 161 4116857051005769769
339 162 -6210632182305596647
339 163 -1235837631998804147
339 164 6779933658990007327
339 165 6417923058377093173
339 166 -5101856046413114421
339 167 5711345077092372824
339 168 3309446633451340973
339 169 -628787835567374495
339 170 8393253844858393529
339 171 8733760553228276777
339 172 -886631915563072745
339 173 434218254216686203
339 174 1495051820389862521
339 175 -4662117972446880668
339 176 -2616024569461639262
339 177 -7921308267091485714
339 178 6093656304867267228
339 179 -5607749985347267973
339 180 -4739777934952947139
339 181 -5285095483747327366
339 182 -83614719136905974
339 183 -1656470214115288680
339 184 -7522316419926022963
339 185 -4623409778881714329
339 186 -3701636587844757922
339 187 -6561030469027118693
339 188 -3245004532468001681
339 189 2706449555312545414
339 190 7953147810705024736
339 191 -5381167875728687841
339 192 4708464293968000482
339 193 -4394478801291606319
339 194 -5961688659247395003
339 195 -5302582577052810067
339 196 535429553237691012
339 197 -7012400636032476998
339 198 -1312573222758556008
339 199 -652838262189860320
339 200 -7305060403489951118
339 201 -1504921159602064916
339 202 2418283938174523723
339 203 1416741967323919539
339 204 1012169943051948510
339 205 7384048019488776541
339 206 -7031561771647482683
339 207 6280109933548951978
339 208 1223080101451363076
339 209 3242728896095478427
339 210 8039339868190417403
339 211 7021741563984291169
339 212 599153423101446671
339 213 7088925159314351927
339 214 -3148650510255003630
339 215 4058686368562677716
339 216 4508216222209823360
339 217 -4360862800670279547
339 218 -2413682736596795447
339 219 -2279718495347139447
339 220 4852034314862827844
339 221 5600116496442159498
339 222 -2915836417272162048
339 223 8670939846116009732
339 224 -320832152867595045
339 225 -18997611367119587
339 226 -3112460506801726070
339 227 -5663109487196514111
339 228 -7882278719106995243
339 229 -7698618212893442903
339 230 8842501468290921299
339 231 -1540261364883610830
339 232 6254289107522001790
339 233 5017514079596950976
339 234 4309662504576620067
339 235 -7206771636905146681
339 236 -5780639411701886075
339 237 2529179280065087627
339 238 99506726459348572
339 239 6656615551196238266
339 240 -4018499203944950988
339 241 -1171921348431634710
339 242 6305882631545315624
339 243 1476660712274986888
339 244 4967036881231715369
339 245 1623269402850838189
339 246 1481242267133242303
339 247 7346533746211758730
339 248 1176719017760692517
339 249 -9037989312141056141
339 250 1101813919859047459
339 251 7320475456270059489
339 252 -133735012975498048
339 253 -6668716874511386036
339 254 5273046726102526371
339 255 4164535094222107320
339 256 -3254434036809009936
339 257 7141835316429601164
339 258 6925550356595045658
339 259 6518016041411113852
339 260 -5028540669881649609
339 261 2592455495072088286
339 262 -6419152676279146477
339 263 -580967719335314398
339 264 4968891336962873511
339 265 4600831526176302887
339 266 -2171821574655592628
339 267 -8148362766435753078
339 268 -8290240909534288326
339 269 -3414373907631072222
339 270 3075909364415303187
339 271 2657466799002801108
339 272 -5986179928547987140
339 273 -1731843413042159020
339 274 -8844253012460844777
339 275 3128620198032650546
339 276 1441783842575084252
339 277 -7080815901126803784
339 278 -4447801713250590718
339 279 596021225988843034
339 280 6620218439497403454
339 281 6911124270892135855
339 282 6109614508065000156
339 283 8850636425630943116
339 284 -5634031311708133535
339 285 4788110409551476595
339 286 204765684400946388
339 287 6261390119331795324
339 288 8689140861339690697
339 289 -3874073462040460654
339 290 -6632622499939892924
339 291 -475295792979090882
339 292 8424102724291860498
339 293 7257076769048431943
339 294 -5361220956133804563
339 295 7109083172061184954
339 296 -6970853146392666577
339 297 6053458941344391089
339 298 -5070358922570533292
339 299 3389581733506103635
339 300 -8345686132251348004
339 301 784484220568041785
339 302 780360694304849569
339 303 8857265343423249994
339 304 8451818973189454639
339 305 -6923639891943265502
339 306 -126539234257086461
339 307 -8030011513510910490
339 308 5089499226623940269
339 309 -1525106678930604274
339 310 3239013012209665895
339 311 5980593335657101308
339 312 5702636309950048268
339 313 -5685102462879408585
339 314 -8174838030772474931
339 315 5529809363554252583
339 316 3209688334182801740
339 317 8227781440267411633
339 318 -3097700898444278351
339 319 1550268519912431693
339 320 -1283856709726203724
339 321 5959434356003648420
339 322 -800219342643053746
339 323 -5962866521670309017
339 324 -8628954542439518414
339 325 2097257743493637859
339 326 -8008974007907242560
339 327 4354147617167628178
339 328 -7292046997225487559
339 329 2507739244834414192
339 330 5721550186199171652
339 331 1767627439303013088
339 332 -7469559376146114593
339 333 -6190136516234138588
339 334 8872731436229534643
339 335 1031060424390017060
339 336 -8572472522327907015
339 337 4142080898292742401
339 338 7790675199897869431
339 339 -5153313279968689539
339 340 7776478868927592877
339 341 -8914230728474533321
339 342 7798775683619839888
339 343 -1565369349413600782
339 344 3049361052335019217
339 345 5299404243890152554
339 346 -8235320316818943566
339 347 3467589415121791344
339 348 2726180640805886872
339 349 1178397645035254326
339 350 586497124733608499
339 351 -5573551295398649908
339 352 -3660691485528374494
339 353 930332061345735373
339 354 -2445869794585646013
339 355 7552581664558275435
339 356 5714813931832014688
339 357 8605098563085785850
339 358 -2356473736847342789
339 359 2372759550351605749
339 360 2609362612783108842
339 361 -1794763296591297090
339 362 1802863372693317463
339 363 -3781182534926972820
339 364 3910684331158019762
339 365 3304579286892102571
339 366 -3064361715462727906
339 367 238543338817773117
339 368 1716469695037666245
339 369 -8067404915054574637
339 370 8252506819872847282
339 371 5928844504274863529
339 372 -8993366199759809609
339 373 7362545119522116314
339 374 547024177547789340
339 375 6184053391178027857
339 376 -7876653456415507542
339 377 -947985465164261354
339 378 3531366080434659382
339 379 1736224662007986539
339 380 -6014003919535936212
339 381 407420787144174173
339 382 -4122910709802570747
339 383 3713295701491783642
339 384 -5088932208143852289
339 385 -4940098013820366495
339 386 -5275498800565252755
339 387 5207393878016642269
339 388 -2946976152585686097
339 389 8542646536177660183
339 390 -5316592869339398806
339 391 3114619808872979393
339 392 4304769802315307763
339 393 -5805828772807952546
339 394 2027100430953604214
339 395 -3739035978015500648
339 396 8108102655745027972
339 397 -4862293863088941162
339 398 -8580972960544576363
339 399 6285084447138907487
340 0 3473392291629068621
340 1 7797692521763984299
340 2 5965022254861783402
340 3 -7753803736902991983
340 4 5630228008137177442
340 5 2517934061023544442
340 6 7351775214014334677
340 7 -2860131464248666245
340 8 1869373405644441901
340 9 7268882713853571933
340 10 7772045125824714072
340 11 419002756851165991
340 12 3501363310234124313
340 13 -4592656390939284702
340 14 -8360869557008559036
340 15 -433851557746041875
340 16 7992032405887110085
340 17 -9106651031878321022
340 18 8832689806778936348
340 19 -6675366984606737333
340 20 -3491808310572620560
340 21 1963144948558070517
340 22 -2597513255981988866
340 23 1717181540579883476
340 24 -4787823383450533967
340 25 2739203315715074915
340 26 -5965607339221461232
340 27 2696776282103189694
340 28 8547062055505136418
340 29 1889931620563256299
340 30 2523135227835420686
340 31 -3876643563098393058
340 32 -7489238558774924440
340 33 -6556961021971358654
340 34 7429910875517255757
340 35 -4216840643669785788
340 36 -8536803051935589104
340 37 1296276050500894504
340 38 852660158575277876
340 39 2947339821445294755
340 40 8673689738786001539
340 41 -5829281606376264388
340 42 3003982314569400317
340 43 5664048496045365062
340 44 -4710296239948426355
340 45 -9175821821001794758
340 46 6217823673067662992
340 47 6985284460197705716
340 48 4629490739865567023
340 49 -2510894988514725255
340 50 5527169519392349659
340 51 -4032572732838128384
340 52 -1685489611307877593
340 53 656673202525715385
340 54 2492051669117014806
340 55 -1013792283770300024
340 56 63967701057352470
340 57 -3101992125927540828
340 58 327761070299048898
340 59 8117435315802327197
340 60 738484727259776563
340 61 -8386812857798964191
340 62 -1338012117374281739
340 63 3568091641873508737
340 64 4888340581724456699
340 65 1988533000374739963
340 66 8614021620736103699
340 67 1713368446532927777
340 68 -4460207125638130893
340 69 1567831644184822128
340 70 -4577570890652992286
340 71 8963368132637831118
340 72 3206337315624834873
340 73 -27706909745407731
340 74 6627862275903183162
340 75 -4940269531636799030
340 76 7433239254140140860
340 77 -8864990733380111174
340 78 -2661642739187784607
340 79 7995810968196413600
340 80 3072253617915979314
340 81 -1486066627836268808
340 82 -6381354143830908385
340 83 -670380022989750776
340 84 8309888510977768779
340 85 2834258658346381053
340 86 6080191391567477353
340 87 -4725315879579005688
340 88 -6849139866016765392
340 89 3389352330983634097
340 90 2479622511525834485
340 91 4687397351299517502
340 92 7607906642340634709
340 93 8528414865099647592
340 94 6991308615370393346
340 95 476665710420576564
340 96 -7071777785274054903
340 97 -4309612868509102987
340 98 4792331554326991191
340 99 4679126848522379105
340 100 -4070949100656668272
340 101 7510216830734035975
340 102 4743620831195665720
340 103 6663448465631836944
340 104 -6480213927784563452
340 105 2961474211346315160
340 106 7568917207330311986
340 107 6717041459765261611
340 108 -1214065268271834623
340 109 -5044011262803849612
340 110 8926495061099924605
340 111 -75331088356990723
340 112 249034156676819045
340 113 1051236176686138404
340 114 8824294996389705127
340 115 -44568805688879121
340 116 -4085205112990812581
340 117 744305614144104308
340 118 -7891180170577553252
340 119 -3954497345448452030
340 120 9116986688302773999
340 121 -6511384052442681986
340 122 6866300495493633445
340 123 5574789762647640134
340 124 1100326932547039838
340 125 -3110190685705326818
340 126 -3526956140131236172
340 127 -6426366081366881668
340 128 7502397379190216428
340 129 -2883110283730341474
340 130 -1101135282594016262
340 131 -5009331920314124328
340 132 5594993548346095655
340 133 -2711928526203362463
340 134 6267176969176979441
340 135 -4796526253817889461
340 136 8244746310450983182
340 137 1556013336649223165
340 138 -2312994227967198156
340 139 -5463651710168927898
340 140 -6619842423389431018
340 141 -6256234138616139780
340 142 -2187742345043853102
340 143 4073540158613704144
340 144 1746059197523557747
340 145 -9007170140178058210
340 146 -7318139647610816282
340 147 977100338768598217
340 148 6488401456296937655
340 149 -6728737491031781430
340 150 -2194679635163250343
340 151 5361235532827169217
340 152 4579620380722202703
340 153 3838839143934941340
340 154 -5080602531581826703
340 155 -8370157131312485829
340 156 -5551254300503272839
340 157 6557497082299411511
340 158 3069151306498484991
340 159 -4787322438768751486
340 160 8783023519518681778
340 161 5880869897797440507
340 162 -5578124769187008292
340 163 937978296240130139
340 164 -8363649883942989016
340 165 5425408193206532853
340 166 -8780214927883751793
340 167 -2951923724769207268
340 168 3248283418789317304
340 169 -5488239283656642586
340 170 -6553649767602867760
340 171 3990767934388844636
340 172 -7704170406786022151
340 173 -2064858084505340673
340 174 4567480413393289122
340 175 -3878499537031401797
340 176 352548109364485082
340 177 4352021023010323152
340 178 7985848349165012382
340 179 -5764950500783163151
340 180 5404089392090335382
340 181 -3818813037330200249
340 182 -5980121487306768196
340 183 -6059355448690316058
340 184 -4964067058598895675
340 185 -5107591540213755389
340 186 2602221195966671128
340 187 4451651176832304251
340 188 5299139470273052209
340 189 470382267778949052
340 190 2223907539140500248
340 191 1405573951091479693
340 192 2182282390633398712
340 193 2124362680995282560
340 194 2330260019212566765
340 195 -4451168883080436872
340 196 1916597117053197736
340 197 -1342764579230385600
340 198 5981075367577127486
340 199 3234672407492736587
340 200 -122961726725038220
340 201 14961588799481050
340 202 8715636772134805681
340 203 960448017383813691
340 204 4368099940706257175
340 205 -8658572204558188724
340 206 1341241447704066307
340 207 1608467860083118729
340 208 -1661342639269361211
340 209 -5011151572196797396
340 210 -4036551628770721015
340 211 -6629660228717992338
340 212 3204583283203693620
340 213 -1410462903290391106
340 214 573419885294566253
340 215 5161829353716677387
340 216 5030812467247667912
340 217 -125789903181422851
340 218 3213575846316749172
340 219 6667055809962233270
340 220 1125029419821069529
340 221 1611357933787656740
340 222 -3173668953195018906
340 223 4218489699821313503
340 224 4054548376500095026
340 225 -3159565740869896606
340 226 -3474102435509363500
340 227 -8489334446934375985
340 228 -3174825503056470870
340 229 4598945909625566328
340 230 3949484414377640493
340 231 -136665030731376084
340 232 4412851260497854886
340 233 8174331563767010451
340 234 989867721192163206
340 235 8004367003094567819
340 236 9100210277336383617
340 237 -8487556557638012615
340 238 6976105359168987357
340 239 8215099322225938913
340 240 -7568847731918825308
340 241 1895559587437214940
340 242 -4871344456598123925
340 243 -8503999549334778701
340 244 7998136996300150109
340 245 -8438576089077767524
340 246 -6903071513473270894
340 247 -1357730288353005024
340 248 8888095973671246219
340 249 -571620961294565406
340 250 7696519777808190482
340 251 -9186069965508170723
340 252 539848967068861507
340 253 -2528043699293383551
340 254 6082269361224842904
340 255 6170494936221222692
340 256 -2526533078938643780
340 257 5354834504911473755
340 258 7947087255102260127
340 259 -4588958645957993760
340 260 -2581471490416245359
340 261 1083664697151785928
340 262 -5755982500126716269
340 263 8749846510397926271
340 264 -2004906002258706703
340 265 5789334029383604100
340 266 6289921310454256486
340 267 -4962378105713042172
340 268 2045420929322381957
340 269 -4389779754578772388
340 270 609472912796007055
340 271 -7400291420866663182
340 272 -6460151400547505243
340 273 -3650559380482544791
340 274 -1871620912972524264
340 275 6610109990082064475
340 276 -2469959088872263908
340 277 4701093736291571492
340 278 621019880892472545
340 279 -3926217472251762297
340 280 7488958257417969934
340 281 -965868668001108544
340 282 -2322239034309441206
340 283 4100748245437622953
340 284 -4916482553144540985
340 285 -2917931147625388363
340 286 4225239098044561388
340 287 -4558017801907275741
340 288 3238975538980582320
340 289 -7332037744807972604
340 290 7686898813779729465
340 291 -8102361201417996162
340 292 -673711708951027677
340 293 8307332082717498912
340 294 -3981511331638722014
340 295 -3554396636163822602
340 296 -1090000769511340889
340 297 -8825111839599073844
340 298 3251824189638539118
340 299 -311984568316549539
340 300 1700938627688412775
340 301 2683401255586113785
340 302 -2445994327239234661
340 303 -1090956099639526579
340 304 -5988501548665364243
340 305 -2520254125365560752
340 306 56146730170088911
340 307 8464319747858066857
340 308 392250098268595141
340 309 -5442523674060381017
340 310 -1116225886371666582
340 311 8874829872275349586
340 312 -5876342167821369875
340 313 1613993974468270275
340 314 -7428572634969268745
340 315 -3390448680805995598
340 316 -5405036329403461238
340 317 4517011208297113219
340 318 -3794631534353317555
340 319 2355310596482143457
340 320 4280922244386338476
340 321 -8345043646705873055
340 322 7063735951096807992
340 323 5692149461413898169
340 324 -1362068821103026408
340 325 2226777766182307294
340 326 4269538048351532520
340 327 -7662870212858793664
340 328 164639348646752342
340 329 -9007265879372863132
340 330 7446648758267354725
340 331 4398537377790012433
340 332 -4757457336293525105
340 333 -6282744930460875294
340 334 -7728758278925086162
340 335 -2530760242248599454
340 336 -3449061412626447218
340 337 2615719084116855439
340 338 -2440793900418048627
340 339 4363861133209959971
340 340 -6512971248805115105
340 341 -4746788511616481576
340 342 2060353509512362007
340 343 -7193805057834467532
340 344 5093240902040454805
340 345 -186452270281898659
340 346 -1049027542335399875
340 347 1655255304215102286
340 348 -200339690723738803
340 349 -9192689768047268732
340 350 -1814690073584470047
340 351 -4509352075493557865
340 352 3102957210917832945
340 353 -4345883640972075203
340 354 -1084346959877350473
340 355 -1348631876891028677
340 356 -3013038432389589636
340 357 6436994610425966945
340 358 6485594630412182837
340 359 1741460369662036754
340 360 723576991557364408
340 361 -6599010889239277673
340 362 1333575624522828932
340 363 602627586666280366
340 364 -5779214897627701689
340 365 9066947490154171769
340 366 -2969865351869052105
340 367 3022496699789239800
340 368 193416033605983319
340 369 -3771688613479693193
340 370 2958081947557769454
340 371 1036546877646216992
340 372 -1605360303731624237
340 373 1876379973102591341
340 374 -4184828180040836358
340 375 -8191238515507902303
340 376 745910168099259536
340 377 8790429147876556643
340 378 6170077233698873736
340 379 8021187233922655958
340 380 5116200692823044757
340 381 -1362868744634472042
340 382 4572305824467628351
340 383 -6916894924598906780
340 384 8222628591987803613
340 385 -487636356642700931
340 386 2780719246702383657
340 387 -3378555355635590871
340 388 4016210015331771944
340 389 6515444686139298738
340 390 1824692579270472181
340 391 -1096481375393185870
340 392 1125914091174473826
340 393 3676729520228860044
340 394 3783349967587508708
340 395 -4330238523021871575
340 396 -5105495411045304630
340 397 8879484555355383080
340 398 2428840786338143266
340 399 -7486116510523924203
341 0 -1836938408615353934
341 1 -6178171978633786127
341 2 -8066070685872503347
341 3 -6668613018741061126
341 4 -8249527063912651214
341 5 2154402149140662681
341 6 5510620474787837175
341 7 -5618814163847154416
341 8 -973025415341383116
341 9 -3784362574764134445
341 10 -5929330802721197679
341 11 -7678637145458943529
341 12 6796401410039702825
341 13 -6475924336131666325
341 14 -2324520340494529150
341 15 2859579563825932054
341 16 6617263531932628122
341 17 -541375743688897691
341 18 3631938992938596702
341 19 4000307394750926275
341 20 -1564430310344718271
341 21 3967045571541167493
341 22 -5080816131972685846
341 23 4775890124616793943
341 24 -4216095254799994365
341 25 8284654087847087133
341 26 7780170522923519017
341 27 2413409377812608901
341 28 5908775640654594153
341 29 3655355003391024269
341 30 -8641750992001156165
341 31 -4212037939432929499
341 32 -2819263041849808810
341 33 8995944972092374920
341 34 9085317686504297059
341 35 7403503942549469801
341 36 -5628104518257289305
341 37 -7130652246801541484
341 38 7202059252758968384
341 39 8831212364124894881
341 40 8579917411485432955
341 41 -7598112832026094686
341 42 5917684611121129705
341 43 4020884123296556567
341 44 -3067792550949812536
341 45 -4379982715536520333
341 46 6622950056489675600
341 47 -8466256872208683038
341 48 881134092631257770
341 49 195142051179692264
341 50 4734098525506438319
341 51 -7099663080923965937
341 52 3602118046097973027
341 53 1669008121180305449
341 54 -8188017676095218813
341 55 -6219275007678447874
341 56 8752833348711437022
341 57 -6794836988868647309
341 58 -8839768852934354468
341 59 -2210018989868241127
341 60 5726491370168869751
341 61 -1273565847269918724
341 62 8300543838115134797
341 63 -4617597674953766593
341 64 -3973782256109783447
341 65 1348872107316132784
341 66 1412217745343150896
341 67 -8875974141013288956
341 68 2774962514691777040
341 69 1627192007900361726
341 70 7218031096056351905
341 71 8319529471062499539
341 72 -3025341969181793543
341 73 -5889627196742041929
341 74 -8372158120043850895
341 75 -2760154453539692607
341 76 3479933778118205262
341 77 8804911692166603489
341 78 4718849907675683953
341 79 7458404427680705886
341 80 -3564122072020903325
341 81 7357274034064238488
341 82 -2405802998103686833
341 83 -8838614325362479615
341 84 7668023593995157843
341 85 -378212951473586982
341 86 -4283481832191486109
341 87 -7050018442125639221
341 88 -4966430919279724193
341 89 8511589762562628216
341 90 -413983464752002838
341 91 -5277854807851951722
341 92 -3472091116665365665
341 93 -3760317852625388021
341 94 -7440277211842615813
341 95 2156505312473475600
341 96 -1151927562032900834
341 97 6472555610813203483
341 98 8222474158490904176
341 99 -5744557224310191580
341 100 1850277375292475108
341 101 7151545121467750769
341 102 2743034180644337409
341 103 -8924276689888538477
341 104 229598797226914085
341 105 -4243073417738964007
341 106 -2967154922154731097
341 107 -3131136648466379826
341 108 8255545224773694359
341 109 -6299375697768061976
341 110 3653086065959493666
341 111 -1067316816499396550
341 112 -7781944607826220788
341 113 1027870276333345739
341 114 -4854186442201676961
341 115 7636294371723105369
341 116 6443907336112107528
341 117 -3013946044226281500
341 118 -8442103294954133910
341 119 6241145114246515375
341 120 2822301761513251526
341 121 -3141729198797561700
341 122 -7945268691655136743
341 123 -934529571197173808
341 124 -4247112421671966493
341 125 -207267068863056367
341 126 -8561972459882652000
341 127 -3103738880918681145
341 128 -6186956759133494150
341 129 7843065364656755036
341 130 -3048549631776901793
341 131 -881278418681718897
341 132 -956625847450037194
341 133 8993886364777668984
341 134 -4729666503120177703
341 135 120555207776427042
341 136 -5300546266249340643
341 137 -8056930692016874797
341 138 2709992736614730820
341 139 -69167984890283306
341 140 -5470637026790958114
341 141 1501756837702659165
341 142 -1055928057746259357
341 143 -8443703737769101527
341 144 8468650419853715365
341 145 -1906980909208173568
341 146 7893100830416923633
341 147 -5202373320002328310
341 148 -1606119410748784082
341 149 -1339290329854702974
341 150 -7069320012828774345
341 151 6007742313075416832
341 152 6804428764580255911
341 153 -2892245719506421395
341 154 -256877318538308022
341 155 1388145014415996157
341 156 -7569413381751397861
341 157 -556262376623692746
341 158 -5275140648056969789
341 159 -2097910709187585561
341 160 5111107632598113308
341 161 8669863022666791322
341 162 -5094034249114413041
341 163 8111164172416385344
341 164 2962262694216878535
341 165 5900994807600044114
341 166 5989192013679917972
341 167 -3742933321978753522
341 168 6312328735226905820
341 169 6103689185516172622
341 170 1280988543437018414
341 171 3383109418384369550
341 172 -1468030500841528144
341 173 -1764471975464929372
341 174 -6332678865379773562
341 175 -3912753083755763626
341 176 4041079918992179862
341 177 8881255920342575260
341 178 6895839016560511640
341 179 1857042111864737844
341 180 -5219089824220491881
341 181 -8899471712138049492
341 182 8362045824817166383
341 183 -5329101294347586187
341 184 4319249677436865879
341 185 -5387714700344625212
341 186 -7308992124006619811
341 187 8393783965968642977
341 188 -7255644364400165959
341 189 -6502448367173767273
341 190 8246020105706744862
341 191 -2365751023478103518
341 192 -6690664024430634584
341 193 2215074640519585319
341 194 8626002482489794130
341 195 -5159983813137262009
341 196 -8912038419725630199
341 197 1377413071312383796
341 198 6551038038763181263
341 199 -4443124929397775962
341 200 -1853853686878742065
341 201 -5674416857007102427
341 202 -3090957214434330130
341 203 1446607003884437584
341 204 3736771347540787085
341 205 -1153039675553005359
341 206 6249785374954073254
341 207 9156629616758880882
341 208 -9041074988693841154
341 209 -1216616005937744490
341 210 -276653330073425681
341 211 5747045349234933824
341 212 8916174785064870754
341 213 -6669981023950371194
341 214 2236996304539100199
341 215 -8535196041822574754
341 216 4530353200215073291
341 217 6004385414665721852
341 218 3814538349364326252
341 219 7181052501308847895
341 220 -8019397039263036112
341 221 -2073347531783812172
341 222 -1257256415857027582
341 223 8569404318836755932
341 224 3733787734860192052
341 225 188768736219205110
341 226 -7164357748447022445
341 227 1210699091716627318
341 228 -2804629244982871355
341 229 43512215629394155
341 230 -1031920398918913686
341 231 107116992964322750
341 232 6780226752769385963
341 233 8569704309724700150
341 234 1323626965248117566
341 235 -5724445230708788543
341 236 -4187449297890786919
341 237 -1015245495517177865
341 238 -7875098958821923902
341 239 2071360265452974369
341 240 -3606144871389191798
341 241 7465739125264962504
341 242 4659183571977789177
341 243 -722098374828547762
341 244 -2031565111770219350
341 245 -2489798277519318511
341 246 -7558599316440291188
341 247 -1903740176920078673
341 248 -3736957615749390612
341 249 -2120001326122915957
341 250 -208536348640278477
341 251 5145642456838888554
341 252 7736781734753359439
341 253 7199101698234485803
341 254 -598029292538334913
341 255 4814780342700364460
341 256 -2591937817047116952
341 257 -3045913625696572636
341 258 -915556030828543295
341 259 -2903041949240280823
341 260 6052569701556934856
341 261 -2618444491765907456
341 262 455437624717789309
341 263 123856858300031649
341 264 -3292656464562605464
341 265 -6692592375138211646
341 266 8426318616656086530
341 267 -3933424501606442807
341 268 -1653345627378874182
341 269 -2589326604112435125
341 270 -305872748093989712
341 271 -7193746228484217943
341 272 755751236532017487
341 273 7113667717420700613
341 274 9205461449048308719
341 275 292417770844826860
341 276 -6700475400613567284
341 277 -8512995697420947780
341 278 3115835164288100718
341 279 6188226316481143
341 280 2108576907292156961
341 281 -1357021811177256112
341 282 7674474589186745703
341 283 -2067075246497190929
341 284 3534574869551909869
341 285 6719554421390336488
341 286 -6173730701884789963
341 287 2144306040402779131
341 288 4986217705734769136
341 289 8682904356624820011
341 290 328154930021921108
341 291 -2671442196091888434
341 292 8442103631772315133
341 293 -1574283861808375101
341 294 -7215546261678336706
341 295 6604083136099852091
341 296 -778795814024199031
341 297 -8729790994548250704
341 298 -3859748008283455925
341 299 -5699185072238149855
341 300 -4048487705800604300
341 301 8860503530998220018
341 302 2537300793075244072
341 303 -2992592969538548697
341 304 6531040001384915642
341 305 731537710341814092
341 306 -2829457241179378982
341 307 4239286250858097895
341 308 2633969354438934905
341 309 -5130808288433175435
341 310 -6683332737524617528
341 311 -8513732774671037725
341 312 1797319068890973071
341 313 5975166341363048662
341 314 -205266168035130950
341 315 5619668915821700211
341 316 1945627386487673130
341 317 8282909494464307336
341 318 8745834867535456298
341 319 2941279151157173861
341 320 -8516818021238551729
341 321 5149464285397907127
341 322 -2364018863547358625
341 323 5451604381495569673
341 324 -6775752652527762117
341 325 -4346791569402948364
341 326 -6121069556964294742
341 327 4645452329935922736
341 328 2104337951697896554
341 329 5269866020098454637
341 330 6447293480359983576
341 331 6454720736302869964
341 332 4309572673987760610
341 333 -2451146146745197388
341 334 -2387669996814520358
341 335 5755865672524526049
341 336 4519510783027514003
341 337 4629452721024912437
341 338 -5187363719603907724
341 339 5069545725256050404
341 340 -7025243356997405155
341 341 6952718732849576544
341 342 -1342701170575923497
341 343 6878953027152689050
341 344 -3843017331643848933
341 345 6974405684131217230
341 346 4079146539284485924
341 347 2434704119411328795
341 348 -6049716053664517497
341 349 -6659662101095518382
341 350 2005419436233792437
341 351 -8717021130515011059
341 352 -7422949191415873351
341 353 -6638006640621806611
341 354 5207733714082751895
341 355 4172315074270868676
341 356 -8948926698570069088
341 357 8105696783249252999
341 358 4816562868709001882
341 359 8610988223959683541
341 360 -1685356999474565463
341 361 -5678852232768731538
341 362 601618582555503501
341 363 5573846353493995460
341 364 5786459896172044259
341 365 4313882064838506916
341 366 -6894227876415973995
341 367 3972822348026809022
341 368 2080932713035206863
341 369 5878584204434951506
341 370 7831390191319172860
341 371 2683186397305943780
341 372 -5844510656447802151
341 373 -2700176546779408880
341 374 7586807945931077089
341 375 5277549816314969270
341 376 2164520731924391827
341 377 1483954299472197182
341 378 9061394715557487874
341 379 452283018397598752
341 380 -6732759032612517892
341 381 8164029988406252283
341 382 5643686788597571193
341 383 4572404684449231816
341 384 2043139091996989769
341 385 -102960489118885416
341 386 -8341685484621551184
341 387 3992416249252103099
341 388 7887622981266911888
341 389 -7630493420060540717
341 390 -3873198902744562787
341 391 -8086919726330985447
341 392 1144839659693262811
341 393 -7800005461727293730
341 394 -3858647233893306157
341 395 888495909264192646
341 396 945833270215646740
341 397 -7161673907401154978
341 398 5659850884592585807
341 399 -6716933927232108496
342 0 1233235154195272579
342 1 -3638264360543041578
342 2 -7058188535452800133
342 3 9101016769115101628
342 4 -6385887747978369830
342 5 -8308794011469817193
342 6 4375721871113272808
342 7 -8614889373848304551
342 8 -3000105111872391804
342 9 8640923658802961116
342 10 5965712253729076419
342 11 5454039743397262707
342 12 3071373955546393243
342 13 7813601625333637046
342 14 -5987087727987768458
342 15 4224082374573490723
342 16 5583503401089997003
342 17 6936514387563755807
342 18 3108106389786428433
342 19 -2990358062165528493
342 20 8679129994277802202
342 21 -7570095053064281210
342 22 6870176592225512508
342 23 6490951891738406105
342 24 7396102078205387073
342 25 -336151814706374067
342 26 -8696509934766632217
342 27 4456415887322522243
342 28 5242429980760688957
342 29 -317574025264872695
342 30 5159729303797690182
342 31 -5285642285951276445
342 32 8955009239082847470
342 33 -6907742151068933530
342 34 -2772142446593564581
342 35 -2793967348543695127
342 36 1105924446908851991
342 37 564171841601669930
342 38 -606397245436273175
342 39 8444269595454374966
342 40 1044607113946703810
342 41 8896555175591372883
342 42 5457804645319574678
342 43 -4558846013695504114
342 44 1291976964249429465
342 45 -9057743391928521638
342 46 3677630961558529694
342 47 -7684410071774720849
342 48 1148937062087251919
342 49 -3191464053060889030
342 50 4324745473141282931
342 51 5546677462151703036
342 52 3177555213166645902
342 53 -8868747580063546972
342 54 -5134571236500974144
342 55 2445408032372564611
342 56 3935432451095935564
342 57 7579057393494793413
342 58 9120228759344494373
342 59 -6438695285306002994
342 60 -3129496541034370252
342 61 3635340414676966871
342 62 -2735211004332693382
342 63 6101268332146842061
342 64 -4283999099638668472
342 65 -1216454473551483072
342 66 -5622264368859655831
342 67 -2287109282521405590
342 68 -4832652882028279074
342 69 -6273709134771343958
342 70 -8006988961394776194
342 71 2437935907013710111
342 72 8408144648539669983
342 73 -5312105308629867680
342 74 8478776133326803635
342 75 4286852292150080820
342 76 4915193222410743293
342 77 5175300663860960791
342 78 -6169395384089563677
342 79 -4765363857557297077
342 80 -9054033939490205640
342 81 2632042266087546819
342 82 7154384090391288056
342 83 -510967171063064563
342 84 5819533092825107155
342 85 6656344741083599636
342 86 5262764968219820501
342 87 -6740655221027377972
342 88 -7493068446321524763
342 89 628632824284665568
342 90 878452790146398723
342 91 8949196251644611344
342 92 -3847840911179538560
342 93 4237553778735511436
342 94 -1569028888624630183
342 95 -1374757089741378340
342 96 -2089844032973594045
342 97 -6890441124251290917
342 98 1113795350653791761
342 99 -1993036029078594338
342 100 4271734183454700405
342 101 2082073923814506444
342 102 119774242089529275
342 103 7792657873053401709
342 104 -4422150105019469041
342 105 878657675968452953
342 106 1400977741698848150
342 107 2993097285391684738
342 108 -6193600413060267793
342 109 -4011631912161502342
342 110 -438136162238662097
342 111 2281655374099555040
342 112 -7127009455128055364
342 113 718060908887998422
342 114 6488744690186962274
342 115 2428725751890821655
342 116 6858364302215516130
342 117 6287975988279458962
342 118 8680455002127521005
342 119 -3489260428395329860
342 120 -471719496950986451
342 121 1800162517261980833
342 122 -6418854705027500142
342 123 -8116342179508113176
342 124 7424530361466261463
342 125 1520982901600804155
342 126 3569094277400951771
342 127 6089284682674196465
342 128 2985867360335158353
342 129 -1323810072460167611
342 130 -2631967922056685442
342 131 8696746554408315249
342 132 8336866059767561550
342 133 8707882458816311230
342 134 809612542206380577
342 135 4906341189879668527
342 136 -5679884692671689632
342 137 -4424321743934489145
342 138 -5208619071758709495
342 139 -262324890254744252
342 140 2218743506102385902
342 141 5200917668266988530
342 142 -1602471420867083118
342 143 -6724604154838901837
342 144 1872953923810420856
342 145 -742197590104610359
342 146 -3660416957653467713
342 147 6329993392421187331
342 148 -6389651933000803625
342 149 2731066719461779395
342 150 6553595427353300497
342 151 6871807083166674448
342 152 -6902174351706938972
342 153 2235433594578755815
342 154 7106666785790985598
342 155 -3999077767576621913
342 156 -6810525268500909651
342 157 -6169247567266912716
342 158 3067343526969818226
342 159 4358662178777115267
342 160 7030273827023630691
342 161 -2266157797654171113
342 162 8938036334774638477
342 163 6612492524888241172
342 164 7513074773666905980
342 165 1685868705836996591
342 166 8148270390735005873
342 167 -5815194701766313987
342 168 3038291502082408049
342 169 -2431723705636201356
342 170 -5107150260543916376
342 171 3930720258512079022
342 172 -8134471869914164820
342 173 6660857025164068285
342 174 6851029123321229310
342 175 4803258604195097984
342 176 2071972239388910781
342 177 -2380165450274065732
342 178 -95994266231432823
342 179 -8841907218584073072
342 180 -8836194069016808667
342 181 5550371076016794183
342 182 -5559263060860265288
342 183 -2782660923594724156
342 184 -1107621158373081936
342 185 -7385132173881112804
342 186 -8961130808230900784
342 187 3099410397604924942
342 188 3916562258129139381
342 189 -2772212109236251341
342 190 8492988314245186117
342 191 7115268675137940496
342 192 3612035754675081553
342 193 4416772300795665515
342 194 -79238973907578516
342 195 -1522715889478194046
342 196 854564651355227478
342 197 -520317803931824409
342 198 5693470671475318670
342 199 7102145210046356224
342 200 -7433609268125066880
342 201 -1156334193687066248
342 202 4655399052358198051
342 203 -982400829324969081
342 204 6287599757248355978
342 205 -8700767670428396731
342 206 7283998102894605670
342 207 8255889903211246040
342 208 108983083542373819
342 209 -4511642777996632142
342 210 -458250448794278278
342 211 -4408561539610992933
342 212 7924313607971700621
342 213 -1862638447941734272
342 214 7533725994966289612
342 215 9050649392907009864
342 216 8484657156400148304
342 217 4245177682730738450
342 218 1784521876664336939
342 219 118973289782145763
342 220 -2574646267296857717
342 221 -7974838056047739513
342 222 -6691440296317675166
342 223 8093771846030382193
342 224 3782207080862679777
342 225 202172815278104504
342 226 6338525422531623491
342 227 2622296247268961545
342 228 -2204956460576058347
342 229 1233334727093987134
342 230 -7658809390374620540
342 231 741205751122433206
342 232 -535129363288864780
342 233 5496592992278922391
342 234 -4920386601001817605
342 235 8568297238403519409
342 236 1202185807664073662
342 237 -2394821638539057597
342 238 -7044637661076172864
342 239 1662517236454931257
342 240 -3402861509910571498
342 241 -1241059355967136059
342 242 8948427554663960849
342 243 -2441503960194390538
342 244 -8150330376754138648
342 245 -7078346481553682079
342 246 6235757374171498992
342 247 706252739556376073
342 248 -1562690853600061446
342 249 4636462513294585549
342 250 1543693350583567244
342 251 -5140522633195022723
342 252 -81190337553128452
342 253 7728558460121259119
342 254 -2191016088699971003
342 255 5525299218710668226
342 256 -5452296204425021179
342 257 3334329710212510698
342 258 7598305442342802543
342 259 -4259661402953066857
342 260 -2349458796956322592
342 261 8335838246999361114
342 262 -5075820627897415614
342 263 9040572413702358517
342 264 -3665901474687373138
342 265 3291274090196916097
342 266 6239975233414067844
342 267 -1925227846876061703
342 268 -3527826399765512018
342 269 -2906421872523197748
342 270 725964898426954336
342 271 7884756306773539866
342 272 -6781584948514570943
342 273 -5543223916604560574
342 274 -7799936976930095474
342 275 3808899787287601511
342 276 7402866499217700811
342 277 304947244818983168
342 278 -3776273481601164953
342 279 5022385105021686872
342 280 1098588493450325024
342 281 -6408031996317579396
342 282 539781093367187496
342 283 7606180537471913637
342 284 2067316616029886108
342 285 1985212671303350162
342 286 -3612161819109525663
342 287 -922582298997433011
342 288 -8115605883521457028
342 289 -3654295387869021840
342 290 5197820530853182056
342 291 7668999307957336850
342 292 -7888676492358070760
342 293 4433919588331573126
342 294 -8692685870647447776
342 295 4938695996453192318
342 296 6306671016944171489
342 297 -4039816382414558245
342 298 -8591657114115584790
342 299 7459539599610366855
342 300 6483460714057273957
342 301 -5937167621532262695
342 302 8215119513969694171
342 303 -4537823366343002961
342 304 8692389644020953358
342 305 -3004321330207837516
342 306 8682376569068031413
342 307 -3115182743473119605
342 308 -1640752126309905371
342 309 5288907652422600910
342 310 8170060856098078402
342 311 -851209958363997377
342 312 3818501057742264064
342 313 -473167549183116602
342 314 7942843040892975715
342 315 4140896573504398176
342 316 -4724180135313725941
342 317 5023239614511452646
342 318 -7000355948375732540
342 319 -859849583842638003
342 320 3748366864140180242
342 321 -6933823501155375884
342 322 -5645178698320643236
342 323 -7630328223844290693
342 324 -9012597287823345122
342 325 2771740815354714718
342 326 -3204712087527800012
342 327 2342598453448663248
342 328 -3627333868259336311
342 329 -4825422710827164348
342 330 -4657111442791476076
342 331 1433959937058998952
342 332 9104916555817106963
342 333 -3700298446426166434
342 334 -6618609154477509800
342 335 -2100385434767718317
342 336 318090312099879839
342 337 3000235049582169357
342 338 4146142336999989260
342 339 -6845399927485737548
342 340 5931663964099461085
342 341 -3351012847031821919
342 342 2366357856937476930
342 343 1691491478454988781
342 344 -1807615234663282698
342 345 7856364764511365029
342 346 -4345673973785855911
342 347 5605707964896892600
342 348 -8680536329355372248
342 349 -7006674761048409867
342 350 2842946336336441905
342 351 -282995157134856975
342 352 -7049023685574082759
342 353 -5025733434809870226
342 354 -4194106144895334780
342 355 -6966253863748778070
342 356 -4467923184437369390
342 357 6783394588165004449
342 358 -1883516262431365760
342 359 7962786006601361688
342 360 6694948564721810498
342 361 506570359087036927
342 362 -4382782634486321928
342 363 2497490044845847271
342 364 1597794034605350526
342 365 8838817601339273475
342 366 -2352040318162925645
342 367 -6878453092532504882
342 368 46312170980771986
342 369 -8005166347790556669
342 370 -36388351699002475
342 371 -1784613674616525927
342 372 -380367143731631442
342 373 88386957431178228
342 374 -6419218327233809851
342 375 -658865958101667402
342 376 6624162069814953787
342 377 -2195993770338091151
342 378 -126431738714050037
342 379 7804067272357752944
342 380 1385238494582340017
342 381 6933029338562267411
342 382 -4430224493201350248
342 383 -8017631424612811294
342 384 -8264722201566108252
342 385 -4807168578145355821
342 386 -9099015503148972364
342 387 2845792099016545586
342 388 -997315434400288914
342 389 6418989710750186815
342 390 -955118934492801115
342 391 -8537613081787103021
342 392 -4832946820120231788
342 393 6262506152402401089
342 394 6409014745793110774
342 395 8380640385994054520
342 396 2351525648463384083
342 397 -5236653340031633999
342 398 -2880661444979088038
342 399 7235322329114359173
343 0 -5298377614584742959
343 1 7575532970297128129
343 2 7055279113967574067
343 3 7767957163076492947
343 4 -1962470626333990381
343 5 86514557843303150
343 6 -2024083327021457693
343 7 -1236282914260443570
343 8 1551100729983490979
343 9 -5689412078882512127
343 10 1374094620452090532
343 11 -8379993011944124077
343 12 1821282450092890611
343 13 -6109128863918520848
343 14 4290826464282525704
343 15 419933282669910335
343 16 -3671736304226294416
343 17 -6249903799483760353
343 18 6565600744329766487
343 19 -761580085202904423
343 20 -1175504004573238335
343 21 7839100088248181522
343 22 -6778868549790368035
343 23 -6991947242796478257
343 24 -8823076802876192837
343 25 -7811997235537616995
343 26 -8473752853097935284
343 27 -7259335043696602605
343 28 2466341771494318566
343 29 5854468844486628144
343 30 -6583398587404857585
343 31 -3893170954330189255
343 32 -6968274120899892370
343 33 7772351922765064257
343 34 8339482038894680132
343 35 -9089722696704369440
343 36 -4773922156865623992
343 37 4476533762625883531
343 38 -8790115971528620426
343 39 -5454052558873335278
343 40 -402281083095344781
343 41 7897935928802163505
343 42 6758156678453686210
343 43 -5607651207907813469
343 44 3781131998867667898
343 45 7944484005840481613
343 46 -637264939702583417
343 47 4317304912005116711
343 48 -7469218266721933971
343 49 -2327695036689176011
343 50 7925096045990401061
343 51 3133478373422816309
343 52 -4203812333848698293
343 53 -3419691133803663469
343 54 4961998176480407127
343 55 8382383743370453391
343 56 -6367199046458661911
343 57 8887922572964740295
343 58 2815074575955424884
343 59 -1336347989404567881
343 60 -3193719495732095829
343 61 6071570537430776808
343 62 3119371344015680065
343 63 -6514413321571569285
343 64 -7312746616205483929
343 65 8345774418959563919
343 66 5825186959833535392
343 67 -6277773026167907434
343 68 -7430722212693735252
343 69 -1659610475500869813
343 70 -4837322890740436500
343 71 5462058807219673257
343 72 2949123570782263228
343 73 869365062204828145
343 74 7426652214253682579
343 75 -5608006694825867991
343 76 6264059265312245915
343 77 6137715613926384788
343 78 4687797920138669827
343 79 -2782181681362412566
343 80 4706380082486844056
343 81 3130941320221053327
343 82 -8258314902055733368
343 83 5034655285757128895
343 84 3207733836464449740
343 85 -7004937709271686234
343 86 -6364629714241713961
343 87 8981436275813000806
343 88 -5502679200517244450
343 89 -6819960370099050452
343 90 -383850505196843627
343 91 8712494959826240963
343 92 6301030011555632852
343 93 7763231797637651868
343 94 3852418615247117482
343 95 6054332159694774576
343 96 -5248010982875918903
343 97 -3924793811833882248
343 98 -8390933785275908825
343 99 -2771648477653703769
343 100 4531870091495861359
343 101 3978067081824651076
343 102 -3683378786259476055
343 103 -7382903900943765965
343 104 -8174215734231117595
343 105 3172780115030816147
343 106 8179879919268356658
343 107 -3284198391074653054
343 108 3876668605545490947
343 109 -7816864575955946274
343 110 1390599952606705530
343 111 -1224052938909008162
343 112 -4079381026072296470
343 113 3514703615464026786
343 114 -4777264117734099077
343 115 2248961012138753827
343 116 -1211512584644578073
343 117 -1971639301909354082
343 118 -1513044977707299481
343 119 3096308564675317510
343 120 7368314391789036697
343 121 -528314590811182015
343 122 -5927893976398551283
343 123 6431790789424614761
343 124 -4843836414166139018
343 125 -1113136151118252518
343 126 7844479659157458306
343 127 3686217459055341620
343 128 -452336736957242327
343 129 4145151695008551662
343 130 4410153768735233869
343 131 7972181573552632876
343 132 -4817283602769063479
343 133 5473488829926018901
343 134 3998661794185859890
343 135 2383812182587564662
343 136 -2007302393143727928
343 137 -4836080284123339220
343 138 -4919537581054261978
343 139 -1936427879962795410
343 140 3046699008578131899
343 141 8382550107578683044
343 142 -2946819969237153499
343 143 -4096641241479427252
343 144 8245909891006250109
343 145 5811472345218100729
343 146 3924636384041826656
343 147 -5673946903629696352
343 148 -758730534239261986
343 149 -8057589328516137394
343 150 6113150633763999012
343 151 -9113550449330977459
343 152 3434337019877873243
343 153 -2424604610200149073
343 154 2806495275183555629
343 155 2302155407176595763
343 156 7742255659057706387
343 157 482003888687341086
343 158 5240006526456912723
343 159 7377958251061539072
343 160 2432895315871260356
343 161 -8187717915074677344
343 162 -3765687761392325521
343 163 -4597737075497047772
343 164 -7095411793420063010
343 165 -5574655070443291761
343 166 -6298025691318554248
343 167 650954415097366355
343 168 1159174753890796349
343 169 -561826640705314587
343 170 -244767644832624358
343 171 -5640252598645214099
343 172 1464064246150757936
343 173 7631173642699160711
343 174 4812646102103837221
343 175 -7731699430626688754
343 176 6728457246616183628
343 177 -7661418291982162627
343 178 -1858291596889435253
343 179 201374910184103923
343 180 2474701654774659919
343 181 5385523211539444896
343 182 -3209267028258877049
343 183 3411514702672406906
343 184 3422727409610079404
343 185 -4664977602041765156
343 186 6427482210603844068
343 187 2757960686637122541
343 188 8926484474445291507
343 189 8090183043557146837
343 190 3319835779474676132
343 191 4378359365464866921
343 192 -674183994100155432
343 193 -8719252392920985098
343 194 -5414464173451026027
343 195 -334656970540914589
343 196 -2603923981352887081
343 197 7567192172264977462
343 198 -7766724505441165937
343 199 -2960580441671498945
343 200 7762981717524807729
343 201 -6979178087783573227
343 202 5799794842784675511
343 203 5102244710499991807
343 204 -845360381720240702
343 205 2106273932027527334
343 206 -2390785766789388810
343 207 -7837021700210591734
343 208 -3872073673225258780
343 209 -8623769353698557201
343 210 3820540612539627733
343 211 -3347512083815491227
343 212 496287863051628303
343 213 4964721130654709867
343 214 6332014502198799894
343 215 5067039414003410126
343 216 -1476283905142909044
343 217 3202919948379654182
343 218 -5380676861648692879
343 219 7501272183625082617
343 220 -2201226485777832815
343 221 -6709078168626262344
343 222 1433218653072570769
343 223 6696352438696279276
343 224 -3595367787511366212
343 225 -918766986169685704
343 226 7363350606671663549
343 227 5698326355653756429
343 228 -4100733104014323427
343 229 1605342827520134726
343 230 1678311307704765962
343 231 6277724576671367684
343 232 -5948216679195009465
343 233 1381025674278682838
343 234 8923818536652080614
343 235 1478643956786106798
343 236 5073146823803293526
343 237 1802829660979502783
343 238 -3505543801737696524
343 239 4056331575518376311
343 240 -4870964950744929555
343 241 -4003518291330011158
343 242 1227785353777995933
343 243 -3976974670103008929
343 244 2661607748615571327
343 245 385226560386411376
343 246 -739643910505880233
343 247 2763759921754919280
343 248 -6257056030567322311
343 249 5258264924559883431
343 250 412639877523413911
343 251 -8413444574749989347
343 252 8780786325749604678
343 253 -7906449737449751035
343 254 5595894180256850352
343 255 -8512515778123832188
343 256 3060654773667375428
343 257 1503052866715553960
343 258 9146693259345677525
343 259 1308856309581995520
343 260 1532843849577230854
343 261 -1223759267649921098
343 262 5908074891347519718
343 263 6923881725774872403
343 264 -759762699401036944
343 265 -798618631851644391
343 266 4802942435767196739
343 267 -6107130124115997826
343 268 -5886582906543045222
343 269 -7706261441330016858
343 270 -2207784490260782808
343 271 1707512688950979784
343 272 427665863687260271
343 273 -3362602570880009578
343 274 -3712633347131844377
343 275 5551522032033704777
343 276 893595218137194985
343 277 -5696505836828101152
343 278 -2719614791823376418
343 279 3195793849130400370
343 280 85048102215893139
343 281 7926118761266763030
343 282 -8175919078727820537
343 283 -3482654927756933196
343 284 -5599295961253480599
343 285 -803682370012587200
343 286 4740723511992035627
343 287 671407242257546698
343 288 1369166318986529643
343 289 3094907417932046268
343 290 -8531971017856156371
343 291 8077780702792854180
343 292 -8002103060559913902
343 293 -3783870268587116167
343 294 -783863025361687409
343 295 7521589086614726896
343 296 -6155233046507503102
343 297 -996245719262701512
343 298 -1557831791920463543
343 299 8209729404669166999
343 300 7122234916596580414
343 301 7240126166868005998
343 302 -8386727019480212629
343 303 -2431725888126884897
343 304 -2060148637426178703
343 305 3822729728643757292
343 306 -2712666241132996270
343 307 -5329802656962230174
343 308 1178318672994969855
343 309 1508472160780346033
343 310 7128444746198846837
343 311 -1452688010751272667
343 312 2646464259353539702
343 313 9189173767086669224
343 314 8103461950198570811
343 315 5348760061568337105
343 316 777765121570653941
343 317 5121171176114898946
343 318 1408854333082494710
343 319 -3176644944170956660
343 320 -8682343883854282061
343 321 -501595940638713922
343 322 7017371413043994077
343 323 -6472278325032298080
343 324 -2595885608622318660
343 325 -3392531112383248158
343 326 3795919270009640311
343 327 -2510176921721923690
343 328 1736770654343751452
343 329 3522835436826500836
343 330 2195236664209450403
343 331 -3198992394880017018
343 332 -7384201335930912543
343 333 974906008911671974
343 334 -8175352127867767376
343 335 -4628655414294050710
343 336 3792276400146507177
343 337 -1461643979282456554
343 338 -4297688853520191698
343 339 -4334672055488666428
343 340 -414377152417428174
343 341 8215670449305318628
343 342 -6176547383198506090
343 343 -2525408761181975703
343 344 1394230407131757178
343 345 1896432903023499431
343 346 160990511131512729
343 347 -4055558048998496679
343 348 7868180766436104814
343 349 -3793871986048060390
343 350 -4886140098486295903
343 351 -2322684349040838801
343 352 7472052329873954590
343 353 4295089133398608567
343 354 4836209049465432086
343 355 2488525440040732469
343 356 5310315500737987985
343 357 2600262109762186421
343 358 8015247344117929179
343 359 4440834184296312629
343 360 -306642354658257939
343 361 -4305166673114020183
343 362 2154896283071611214
343 363 5837398888273575268
343 364 818919052163141847
343 365 7235687353097920624
343 366 -8038896062816375881
343 367 2737792727094039132
343 368 3711523988240259223
343 369 -2137964199879505742
343 370 3452602204042724450
343 371 3061156561955814838
343 372 -1620023936679932487
343 373 -971238877142554337
343 374 6968001770229292327
343 375 -444725288098083259
343 376 -1123095090628883102
343 377 5854009228170931435
343 378 4165629694385692275
343 379 861286987931836572
343 380 6006581752547806969
343 381 -3864474707348376226
343 382 2858650136271567298
343 383 -713074730353101597
343 384 -1909064372614736820
343 385 -7407642530795077187
343 386 7297801299497404289
343 387 5155090817498826579
343 388 7266826865152822033
343 389 -530041614752462212
343 390 -7424730884849415818
343 391 -3232461924064566063
343 392 9104310177724086895
343 393 7564404714476209843
343 394 7672320626376286898
343 395 6792793750251691197
343 396 3953559340249769886
343 397 -5598832668591669732
343 398 3105288284961192129
343 399 3267669433220038622
344 0 -1371888526206420051
344 1 1175645528931610699
344 2 -3745161802509179968
344 3 4383596071795858121
344 4 708111563337966113
344 5 -2392008265522394726
344 6 2899946888279083451
344 7 1869921929278527145
344 8 -8785959348545780877
344 9 3838649389890602096
344 10 -74871369870591384
344 11 1297819811987765650
344 12 6087482800276349982
344 13 9044664688168367672
344 14 -8123888039819621633
344 15 4299939424559322980
344 16 -6908783294425714196
344 17 1222261888318020170
344 18 -3967503240490072924
344 19 -5662352516807770214
344 20 -8417630989685694465
344 21 5836798251651286774
344 22 1774181217117863030
344 23 5423186098703617972
344 24 -3678112971577506243
344 25 -4733711354020043762
344 26 1576492956429843065
344 27 -1371948997281376489
344 28 6880735556234363969
344 29 -5363249275888049747
344 30 5886330982193812801
344 31 -46755324172418056
344 32 -2233790939435457726
344 33 -6827810716679882062
344 34 1027857008117931151
344 35 6149305819229605431
344 36 4309854952663215079
344 37 -3517343261404406946
344 38 -8998740232605259117
344 39 5540986345718498021
344 40 -2534722255764010484
344 41 7593604952903220881
344 42 -6715434422617754755
344 43 -8016135128867423301
344 44 1720916981931895305
344 45 -2442966329703742747
344 46 4979972718358468078
344 47 -4966719836238447685
344 48 -6262750712380192679
344 49 8473270422393825902
344 50 -6798261848093691741
344 51 -324742845421004189
344 52 4623384954740288191
344 53 -8637988963852011600
344 54 2588388768591990514
344 55 -7263440395126706039
344 56 -6962266797961305486
344 57 3154853282563952125
344 58 2399587801345317553
344 59 2326299151900604914
344 60 8478182995899740967
344 61 6383489801816286868
344 62 -7013765466666913719
344 63 -2277342544067868970
344 64 1374493770918321494
344 65 6638036816701084764
344 66 -7752441398650677668
344 67 1404304795833861748
344 68 -1145308269234772514
344 69 5163027222492337736
344 70 -715675369360850330
344 71 7049834758090886969
344 72 3094908740264925224
344 73 7946035035919255548
344 74 -3391158708439968828
344 75 7810603251231209550
344 76 -6699100117359851511
344 77 6341941003661518676
344 78 4108449569278319724
344 79 243311960584054140
344 80 -5788306854897357204
344 81 8421454934845151343
344 82 3767919852009720070
344 83 -926704708578628089
344 84 2229337218699776578
344 85 -3081146438000273962
344 86 -7654526798010772469
344 87 3465403196156860626
344 88 2104993772973711158
344 89 638399615445136936
344 90 -7779339366425872538
344 91 1112872175208826020
344 92 -4602392851807775438
344 93 4117943297801100520
344 94 -2263220857659454662
344 95 8262850553491825333
344 96 7155890150110553828
344 97 -5054134859076495381
344 98 -1691387029635310292
344 99 3269318317089671688
344 100 -7372549568475388116
344 101 7415995392976756598
344 102 1611909499243588089
344 103 -8862729950675272282
344 104 3516198305002381853
344 105 4621250027485305017
344 106 -5266445559760936414
344 107 8511220248112621561
344 108 -2283066489084304878
344 109 6675510023185054592
344 110 916705952434762260
344 111 -3893887272383607528
344 112 -6413161178254927786
344 113 2575535383644449141
344 114 3314006532499356578
344 115 -7931909483855331770
344 116 4126389703124366041
344 117 -907010571392510967
344 118 557645873110269744
344 119 -3485095766299755658
344 120 5773973600750757285
344 121 1977716932567288240
344 122 7013391177815470296
344 123 874278818484659507
344 124 3489571464119253823
344 125 -3221030175364538308
344 126 4762553679721781225
344 127 8598359346456941297
344 128 -7406828115693235519
344 129 474857563570785818
344 130 7325790223436731277
344 131 -6789980065858214299
344 132 5036348683053074696
344 133 7895183516964369599
344 134 3756543907450004808
344 135 8607106426858246778
344 136 7616503794873046696
344 137 4504158919433752034
344 138 1667597388211514067
344 139 7049412663452515884
344 140 1234327667558641071
344 141 -1392387961896288571
344 142 -290969248301213327
344 143 -3502803376172689987
344 144 -4247787480183268853
344 145 -3415476004705171909
344 146 5806902637061168566
344 147 1406983595250937506
344 148 2758111434627573485
344 149 -7475775349747221264
344 150 -3567689081074503229
344 151 -9209558292289272213
344 152 3283927020562518751
344 153 -9201642776245086646
344 154 4058782082616136553
344 155 -326763217402508735
344 156 -811120642413403534
344 157 -8039849376681969737
344 158 2700572992060839318
344 159 -8299085199494506744
344 160 2449332113978103776
344 161 -7103152794840032809
344 162 3590386301186146667
344 163 -7135073385204906249
344 164 -298656893941090044
344 165 7670583405125223825
344 166 5258835325890110043
344 167 1497829342567695388
344 168 -6968444920940743581
344 169 8621877646551766927
344 170 -2778745273784938801
344 171 8747854820415373616
344 172 613676965498194618
344 173 1051106339042399578
344 174 1883488447806935741
344 175 7555428763313107880
344 176 -4583130824801819526
344 177 7986010189554556020
344 178 410440271489315335
344 179 -33988551115253784
344 180 -2695050039737183913
344 181 4622493825060380221
344 182 -1776902098598403585
344 183 -3106514226429151850
344 184 3460498973926073412
344 185 -7692348329770588919
344 186 -8576825230155958609
344 187 4943786192328098238
344 188 -3775462099209636421
344 189 -6528698691352067816
344 190 983796427402156647
344 191 2931878988587501157
344 192 -495641928878662732
344 193 -1939069555520577401
344 194 4197850136195742222
344 195 -7734789376247492796
344 196 6191744075335870623
344 197 -2565211725496338254
344 198 -6463783513377801140
344 199 4555069456244294244
344 200 3446936406941558246
344 201 -3388858710017877648
344 202 -8605000385296097635
344 203 -9216458916106840966
344 204 9134408625683021873
344 205 1363927099987254200
344 206 -7477721971793798100
344 207 8349648077362063435
344 208 -8801339637713563717
344 209 2176292121492071357
344 210 -4286732466814395386
344 211 1417955232196538816
344 212 6102884082793547606
344 213 2730699244218512383
344 214 209577711064176236
344 215 6040025459026258461
344 216 -3311146143117588041
344 217 -5414548573401620794
344 218 -1455608867917146320
344 219 -1872625233701177830
344 220 5347982640368565328
344 221 -7613319068665637438
344 222 3420909794466903392
344 223 2664614969375120971
344 224 4452048307600961659
344 225 -5876598232143771911
344 226 5427916419263558992
344 227 8934972588703871858
344 228 7748732514686871439
344 229 6870732408552193207
344 230 5959499128010496644
344 231 315583217455790427
344 232 7143704043297728643
344 233 -3990753744398588356
344 234 448631833994132314
344 235 -3586584861453772932
344 236 581376012489984883
344 237 6835051125567703645
344 238 -1347298203011409836
344 239 2349142018693954980
344 240 -6793901155312887316
344 241 8351922994321613079
344 242 -6245099838067717519
344 243 4895616322046365302
344 244 8361417143336840266
344 245 2395681048597463640
344 246 7466125563898348818
344 247 -4751051826084377873
344 248 -5198683083243469106
344 249 4844060120230128452
344 250 7462089609659219909
344 251 -2125423280640621201
344 252 2438328122489642553
344 253 4838466337232906310
344 254 5022635717114770884
344 255 4566814033944476133
344 256 -5302037204687520839
344 257 3711468616219092316
344 258 -223233315897161705
344 259 7756038749460638972
344 260 -7323153243225327611
344 261 2201563876872083111
344 262 -479241228192740998
344 263 7561568329935181650
344 264 3837201916767083623
344 265 -3002414911574728598
344 266 2084699105993219440
344 267 2156657308206183297
344 268 4641963334371085115
344 269 -7030215191165077488
344 270 -5210514204563370168
344 271 591365103575417569
344 272 5091585357414147422
344 273 813100705296905615
344 274 -7749198744248352952
344 275 2598686536696830330
344 276 8131413597527124237
344 277 -7132262954067184615
344 278 -7389173749195314865
344 279 -8827255431844943260
344 280 -3346963634230333474
344 281 8910402425037096240
344 282 2485328013970635332
344 283 -1081149156058747311
344 284 7062094768708246667
344 285 5414081168435146074
344 286 1392046951974390912
344 287 -1723042478374337655
344 288 1445857114655802056
344 289 -5647234095444856051
344 290 -5568825235079443127
344 291 -4593076019667088938
344 292 -98071231793648837
344 293 -1431281722669066783
344 294 6360244917166981350
344 295 -7911670898421251011
344 296 -2543563134261511421
344 297 1169363882659516836
344 298 3008389213059209471
344 299 -7512054450350419155
344 300 6597472432701828640
344 301 -5487867203750306340
344 302 -2328207091009027027
344 303 2907297845419986207
344 304 -5363759640787354470
344 305 -2647930125012508755
344 306 2127487183286253897
344 307 -8580181363129567508
344 308 8930064910804618772
344 309 1932968794173439014
344 310 4007700518230721166
344 311 6565206176835653551
344 312 7267579124760679479
344 313 5429843867605573163
344 314 2810993213450293212
344 315 -613563020014452950
344 316 -1172002148987837460
344 317 -6415044785524197263
344 318 4795302769778796059
344 319 -4319408621438104831
344 320 -4722841709956131529
344 321 -6545775927470059903
344 322 -8110462345670726237
344 323 -4825027819623175186
344 324 -1685809015855090713
344 325 5985096176476663985
344 326 -3280125916879742417
344 327 -4091565125541940112
344 328 3788081638468800923
344 329 7538874603468468784
344 330 7174520204059019064
344 331 1384618701649412183
344 332 -8188168238137972074
344 333 2116002884806135902
344 334 2687689712935987964
344 335 -2048525723020698294
344 336 -1758833465845987939
344 337 -5998901352523149493
344 338 1671451711340780984
344 339 6615948358248162883
344 340 -2365104063962984701
344 341 2079595933131190832
344 342 -3668108490197648068
344 343 -1485067781414638928
344 344 3462797944886543637
344 345 -1205046385389183295
344 346 8272844769806925447
344 347 3227917771927692302
344 348 2326850994437262099
344 349 -8845594372151616536
344 350 3784604863391091395
344 351 2416579408026034743
344 352 -5589001188608293340
344 353 -788820702019806894
344 354 -4840193440666845065
344 355 -4545538436397279971
344 356 5004749451980126920
344 357 -566484655919867810
344 358 -7453865577892307022
344 359 -3703457342552806967
344 360 -820926317587178838
344 361 8098642143318987843
344 362 -5777549830232803128
344 363 3948449779009312513
344 364 -1563984156948819855
344 365 -3579613578897568615
344 366 8336132237433527081
344 367 -4800393702174004800
344 368 433831829507295154
344 369 -5400902168649204865
344 370 -5031912896428055400
344 371 -3763259138922849692
344 372 -5329009549474802414
344 373 1214357830353730870
344 374 -7914918981154290411
344 375 -253823405898706109
344 376 -6291359811375860001
344 377 8044667741582191048
344 378 -6597492847273830491
344 379 -814948275387493859
344 380 -5393184462944034327
344 381 1821036107117519556
344 382 -9138092287210926618
344 383 8225749414331046697
344 384 -8069569691069858076
344 385 -1335634697848665550
344 386 6869196135692597646
344 387 4217621896972427965
344 388 4565733392527613572
344 389 -1390117552052373108
344 390 -6491768089764566818
344 391 -7170777056737073051
344 392 -4012797136066809896
344 393 -7705221468736006783
344 394 -442483604701867871
344 395 -8244075470006563744
344 396 -6052817925116227939
344 397 -6593093582912828193
344 398 -2546456716396997466
344 399 -7332130376824538354
345 0 -7186302708143745311
345 1 6839811965974684340
345 2 3691649650111625361
345 3 2580370575703069117
345 4 2830392876528757348
345 5 857489755074773717
345 6 -496864546059215990
345 7 -9027960354574714570
345 8 4086709904839575155
345 9 2315350092473055632
345 10 -8110114015171077978
345 11 -347404097609765739
345 12 4202365801314314945
345 13 -7175621977739257508
345 14 6490410778100113497
345 15 -7636111815786689735
345 16 -7532082121845714520
345 17 1475101264448948576
345 18 4520853783828085132
345 19 -103898890637878501
345 20 -3375558578848618614
345 21 4049664803317885094
345 22 7038871786418340343
345 23 3923945020138323278
345 24 -5072025220077789835
345 25 475386803755130506
345 26 -8741844248466784413
345 27 8250893132814712305
345 28 -1464766675752824113
345 29 961949584675757036
345 30 -4479387475179028850
345 31 1796713661081709560
345 32 -5465912819702027182
345 33 -4430911937605248706
345 34 -3315251863667252137
345 35 691315594508336769
345 36 4263153790560781008
345 37 471297364350533185
345 38 -960068092567106597
345 39 2738106814619549464
345 40 2890052232710463001
345 41 8635652375098388632
345 42 -2286485794501460630
345 43 3685054011338439106
345 44 4273998442801902033
345 45 3231178331771566460
345 46 -1521475623096700074
345 47 611696437528070658
345 48 -4708521723394424776
345 49 -1511729904561602153
345 50 7007557398310762184
345 51 -3892445504126728104
345 52 8891996696318757512
345 53 914728135500021339
345 54 -852274200797350431
345 55 1918844561422551131
345 56 7004784420243092792
345 57 -1604449415597509573
345 58 -4412027063393867256
345 59 -5791140574172738070
345 60 2070600299184929183
345 61 -1030803569421184154
345 62 5065815134634457717
345 63 -7564963197978299572
345 64 3951477839482246958
345 65 6114932717816298763
345 66 6378547275423362377
345 67 3956028715801243873
345 68 -3922217134561341100
345 69 7089359043959996712
345 70 3954985112179937414
345 71 2684704948034324668
345 72 -3725618325546108331
345 73 -4413790017007268189
345 74 -2990622656403913253
345 75 -5602738688926009836
345 76 7800913425344289681
345 77 1047132985728525907
345 78 -597166431823454794
345 79 -2161200825600808716
345 80 868558987637792684
345 81 3781192762473352500
345 82 5054887756564438458
345 83 -8341561596829413167
345 84 -8511060586479274148
345 85 -1049528329803971607
345 86 -7495867787691116141
345 87 8149168315868910128
345 88 5409952520021702434
345 89 4566547055205199972
345 90 -8179876667928606013
345 91 -6580787903122080056
345 92 6983196552836806608
345 93 -8545297470918419670
345 94 -5215573294512941762
345 95 -3750742475381159836
345 96 -2528944104393524326
345 97 5578960779692988370
345 98 4166398874755964172
345 99 2680163158480518876
345 100 -3955127100512428900
345 101 -742791014609034775
345 102 8579131090620502469
345 103 -5188558973866243718
345 104 -4551669736192397300
345 105 58426108266319303
345 106 -43830640711753108
345 107 7206759005005165149
345 108 -4475951899418324232
345 109 -2998375094075484862
345 110 -8752619211014975109
345 111 -2109937450052074453
345 112 -3293236618772291637
345 113 -1695933201266502747
345 114 -2506583393653730161
345 115 -4068813719704468835
345 116 2827569012244397043
345 117 -8472308243423328264
345 118 -1991376354747456972
345 119 -6480607766240365749
345 120 -8461514938647924183
345 121 682464989494012136
345 122 6212936643125390743
345 123 -2724289082429886042
345 124 7527907798988071475
345 125 5995806606357311306
345 126 -6219596363340422683
345 127 -8034484664459179030
345 128 1500256917604824617
345 129 826619503417598787
345 130 -6238637171946207393
345 131 -7464419267932490699
345 132 -2513116802369219672
345 133 2449617732046477018
345 134 6454629181624192175
345 135 -8014323321002503024
345 136 -7666287106111770120
345 137 3446203373864530047
345 138 -4960493725725791972
345 139 2979838521129723594
345 140 -1777387263320141334
345 141 4330138916735000096
345 142 2694318118506545301
345 143 4872026842154120383
345 144 -7891777320367062496
345 145 8698209796553159015
345 146 6175737300289072437
345 147 999414757558611772
345 148 -4141256930399668606
345 149 -1470421134316667262
345 150 3604009101798734159
345 151 8666256893044437399
345 152 3572389111357470847
345 153 2286359175540785939
345 154 4383379224763057751
345 155 -4945565656349416501
345 156 765817511544212913
345 157 8561026385851359397
345 158 -7152839473124707558
345 159 4889297799651767299
345 160 7356579426536312168
345 161 -3701274025823577787
345 162 873116335380011004
345 163 6562212812815132363
345 164 7189494716467915751
345 165 -6792417466344994845
345 166 -533881257801066844
345 167 6096197544332089963
345 168 -1997204822128841786
345 169 -2669546491023611858
345 170 6752529910785232582
345 171 -7088684139458063626
345 172 -2440811062986038525
345 173 -7134686200343142839
345 174 -3898034079477306217
345 175 7411682503385941027
345 176 -8587050518885592285
345 177 -121117671404027062
345 178 196191201089937873
345 179 4917655292489236873
345 180 807120804930359475
345 181 3912895765480022718
345 182 -8826862677962885141
345 183 3013191245363231134
345 184 -7478317448535321201
345 185 5715070910725711232
345 186 -7393861984541784016
345 187 6462126226924797035
345 188 669967622216434697
345 189 -2802270936532435717
345 190 -3858718729916074333
345 191 1336286169297008039
345 192 -5940322759097191806
345 193 -3422047100444156124
345 194 -876951777764548925
345 195 7410638854175107034
345 196 -8834058422146105259
345 197 2008577709450238152
345 198 -2916785844417020945
345 199 5054523342485277303
345 200 -8330555844974764168
345 201 -7301446826074142154
345 202 2827275997001512152
345 203 8878182914828375735
345 204 3996693730139526799
345 205 -2110529497549371353
345 206 -2862270277245886137
345 207 -3143892929293561294
345 208 3925104487701213226
345 209 7919140887627921125
345 210 -2292770596598007375
345 211 6577027198427555888
345 212 3227904699328661740
345 213 -8582133656946899529
345 214 7240108149797278898
345 215 -762812206649742137
345 216 791719835800921263
345 217 -3358085984844224516
345 218 -5142587499594175105
345 219 -75609827656871917
345 220 -4617175652083501677
345 221 -8634821375632021910
345 222 -542433736915269566
345 223 740065332971045238
345 224 -2938163877387521571
345 225 -6853735585090131662
345 226 5557789591116175679
345 227 -1692079924161248383
345 228 -2487779316272346230
345 229 -8602075361754580712
345 230 5152331915936774559
345 231 -6840398194559185924
345 232 -2857600127976851535
345 233 -1937972316778527448
345 234 1699865689873540190
345 235 -7492334325196615838
345 236 -2388373549058628930
345 237 3013674534218264490
345 238 -2453779955558025128
345 239 -5105927672009388215
345 240 4760246267739475577
345 241 6077993421945930595
345 242 -7605842398726882693
345 243 5824499423368158514
345 244 2492238796953744175
345 245 -3959469677680714917
345 246 9217180628365515331
345 247 -7258196015867727640
345 248 6849407353377420565
345 249 -2187932370101845210
345 250 2458712243104169908
345 251 9039512161017545496
345 252 -3479762893921912201
345 253 -438908260115651961
345 254 331160637459909545
345 255 -4566555875128536505
345 256 7260120374235662045
345 257 -510527715558987723
345 258 1932749202519746184
345 259 -453711687067207628
345 260 -6903624893553497987
345 261 -812502214272582300
345 262 -7722032373180361010
345 263 -6984803967393585814
345 264 1596548864928704715
345 265 2430979307612619919
345 266 -7052265348148014459
345 267 -1037326508282269675
345 268 1511535393624888296
345 269 1822363574650745367
345 270 -8902865325663105230
345 271 7809338971817101766
345 272 -3115399026665756940
345 273 -3016892827299914584
345 274 8590231021507965267
345 275 6494310767186886881
345 276 6970567427069418830
345 277 1466433312916503160
345 278 5373079331643058660
345 279 -4469403980569680246
345 280 4288238909404143645
345 281 -1227633642822800890
345 282 1818392000798758155
345 283 1490097744990469602
345 284 -5901942633917556096
345 285 1304732497803144626
345 286 8539574788216792721
345 287 2830144784434380735
345 288 82811782295526677
345 289 3015800595848686138
345 290 -3687850835920290828
345 291 -1937953387285197154
345 292 -1098428460390036908
345 293 6036827389428730066
345 294 -6208096582582809329
345 295 4258912563926716485
345 296 26515088144075620
345 297 7547451129973371765
345 298 -6439837886071077308
345 299 7100771225520058032
345 300 -5581052967557925492
345 301 -1469535971287789146
345 302 7492752628378958221
345 303 7351321929904854180
345 304 5036536886752595044
345 305 -7682326787461613997
345 306 -3591503715537619416
345 307 1857140329098754312
345 308 7187657086487947747
345 309 7574414663803109356
345 310 7313569161585800730
345 311 -5272852608139479567
345 312 -2893102681244622880
345 313 -1032334543841763761
345 314 6471214632344914421
345 315 -5303450066729948711
345 316 -8427642780014356848
345 317 6453882486866265458
345 318 -7833082862172120177
345 319 -3174726514919240179
345 320 -2371431830647509978
345 321 4717137586735920710
345 322 3651792034631447095
345 323 -8498557082457220719
345 324 770412799827402310
345 325 5746716818677846448
345 326 3085348356108233636
345 327 7642987818181065581
345 328 6215260134335448562
345 329 -6158724918635323857
345 330 -28117508577513193
345 331 2581081152358464963
345 332 4443413099215796437
345 333 5382516186966381293
345 334 2138097396647491571
345 335 701955061591805087
345 336 -2386001905029263905
345 337 6340743567873805974
345 338 -7450212291380506520
345 339 -6667621088298499952
345 340 9222320935595451431
345 341 3305432985499968557
345 342 3650731968237693149
345 343 -6804074280813214579
345 344 1209298932198375756
345 345 1856113722726727533
345 346 -5828533930779276632
345 347 -1834677966264019448
345 348 143231340545692744
345 349 -8603928177830984643
345 350 5706020613497462510
345 351 7415096906426524201
345 352 5842046037861208560
345 353 -6595608224956266537
345 354 -2248523918824507750
345 355 3480350995337711471
345 356 -6064582455700690930
345 357 -8339467167275143295
345 358 -8081703201670120700
345 359 -7898636722842730135
345 360 4309730667317175034
345 361 3358408933116499967
345 362 -8531032466045628806
345 363 -4921705648583078414
345 364 774228775543416609
345 365 7732149042468590309
345 366 -8688240792023394816
345 367 7404495908586632106
345 368 -1915724259810271082
345 369 5727838018710600545
345 370 -6660658773748513792
345 371 -3297325662439675484
345 372 -5764154524770088976
345 373 8756112566821737179
345 374 -6203678045303086051
345 375 -7511273874771504814
345 376 3226431707849692202
345 377 1485021826031675492
345 378 -5937154064190508663
345 379 7146012422319761742
345 380 -1539105008349086556
345 381 6035743635893060284
345 382 -7117666879162458377
345 383 4266626341956137094
345 384 -8207575850667248848
345 385 1504185971363082395
345 386 5944095213219316351
345 387 -8404872482540527687
345 388 554986502944083076
345 389 3110236596398944255
345 390 -7715287754814753082
345 391 1885423053810262038
345 392 3974787231226861575
345 393 2877205736965890204
345 394 7238202677507407381
345 395 2866367575323390654
345 396 6459886769981441899
345 397 -4114148179185582808
345 398 8705076818797675154
345 399 5203573474049011606
346 0 -8610955870064108841
346 1 -2257603978998848227
346 2 5413738953275471582
346 3 6664205754638145144
346 4 -6889256863585343639
346 5 -2480176106674658675
346 6 -1188500645922970844
346 7 3301958128219078661
346 8 -5053439815259223468
346 9 -8583894637801626760
346 10 -3317760009139183415
346 11 -1199380443034244731
346 12 3155971660783467406
346 13 6177157795377250997
346 14 -1868111870630109986
346 15 -3956432471801056048
346 16 -3866676931101560860
346 17 8176429075029772692
346 18 -6727717933900922681
346 19 -8979369179938752373
346 20 -4325430579951351944
346 21 -1733019428775162089
346 22 -1028392117424446467
346 23 8111127454886591720
346 24 2895238845877483308
346 25 -3418106301390977196
346 26 1824296990958441916
346 27 4833852073913346482
346 28 8627535417975319460
346 29 5791146637884460489
346 30 -696792716011845745
346 31 -294349070656590350
346 32 -8785156987245721663
346 33 -2718864331403547272
346 34 -8102687579937469555
346 35 -4338187936347522573
346 36 -8533455221624019910
346 37 -3916879956835915860
346 38 -4883654359991908833
346 39 -4191059891856154073
346 40 -5260524820397134680
346 41 -5497593179772992365
346 42 2861745479395785337
346 43 2610989608584512591
346 44 -2506544706878804733
346 45 394190085130573862
346 46 1495015907903090420
346 47 -5024270849771633010
346 48 7508154197833602506
346 49 -1280036767409836087
346 50 -6191692100688345914
346 51 5368088641835052866
346 52 -7508660406729390595
346 53 -353849456717119043
346 54 7500137530083217261
346 55 1308253609054744299
346 56 2210360741025866954
346 57 4265530032903591332
346 58 -7374498784176777768
346 59 -2853956391988128267
346 60 2131232191994049008
346 61 -9180010912064836385
346 62 1187119826881840306
346 63 -4028905601902336237
346 64 2231724233440138940
346 65 -8617590680987004979
346 66 7296243809612730492
346 67 8896388744357678230
346 68 8265921518498454453
346 69 8985514678252669709
346 70 -4362163822372227568
346 71 -1891293629124546106
346 72 -5815703343617158758
346 73 8200120332217034202
346 74 8530142099509594897
346 75 -8520870814355165540
346 76 -1483402509122008333
346 77 -5945491838406294394
346 78 -4121891215664766984
346 79 3713039058699250418
346 80 -6723267317134089640
346 81 -7038377476090889794
346 82 -2135698453342392310
346 83 7942396098790917411
346 84 -8560614148101044210
346 85 -1019873570350158172
346 86 4605038133675994024
346 87 -5504420397733632879
346 88 -7840418936850729516
346 89 3123775365848579241
346 90 -3136338568595805818
346 91 7570704112231123998
346 92 -2548183071155758325
346 93 -4940046145469539246
346 94 27632962972424660
346 95 5889039617189133649
346 96 -8954444369132791153
346 97 -4137216589186582243
346 98 7975373634114341793
346 99 -6438215559544883593
346 100 8304183638666427771
346 101 -5345601251364588571
346 102 -5952516970402913613
346 103 1761485048643609025
346 104 -7331293264686238719
346 105 7498458573496119019
346 106 3350108993040580912
346 107 -2233774056332178788
346 108 975225614540365836
346 109 -6064182951483742992
346 110 -4414451590151609487
346 111 -4393356639142901481
346 112 -8477695291688985714
346 113 7765341105711786142
346 114 -8932736507671580485
346 115 -5568627928087100009
346 116 436896037199713085
346 117 -2482345950293232929
346 118 -2593979691296024247
346 119 -517954850113140295
346 120 5633279650974570060
346 121 1884131380687446198
346 122 229793163148719191
346 123 -5053365592022638095
346 124 -7088404406807186115
346 125 -5370928302915960007
346 126 -3089821391319919921
346 127 6591818863073380453
346 128 -3852347865631090701
346 129 -9123410932716207566
346 130 -6956014892485711748
346 131 353314830256447966
346 132 -1848262779691951533
346 133 -7128740328462171992
346 134 992462768987738875
346 135 -606462757903009947
346 136 -2181515473953671253
346 137 -4758499784103712253
346 138 5764397175202683627
346 139 5234011292295975682
346 140 -5388020305398141035
346 141 -7190103831425644218
346 142 4571370077243631815
346 143 -4177687960260592473
346 144 -8685724279735522697
346 145 -1879916886387499785
346 146 -715724055984285698
346 147 7752131445301543795
346 148 9173777370490033021
346 149 -4289724179327127981
346 150 -3442499212076104766
346 151 -7109369921213301469
346 152 -8018508416793123971
346 153 4388974384147794040
346 154 5143023848606857668
346 155 -8046438230835248429
346 156 561866895498088461
346 157 -624924516517077112
346 158 6785947925070022141
346 159 -4212121148883879599
346 160 3173477243553701964
346 161 8698705674569432456
346 162 6349086770984487064
346 163 -3326630636615315699
346 164 2599261312238349531
346 165 -8607299352736554200
346 166 5393738367532498924
346 167 -8183790490801224064
346 168 -1853860015131319648
346 169 3728417034369324471
346 170 -866675407001012612
346 171 6705014404571574472
346 172 -6477888996331412731
346 173 92767356565227001
346 174 -4558022898412078429
346 175 -1943000418775891225
346 176 -643000333375261500
346 177 3742723969218816168
346 178 -1616294090226052763
346 179 -5476317968474820524
346 180 -4767431959586703928
346 181 4579003856694247546
346 182 -506321570629492754
346 183 9080893884566349315
346 184 8492018811203092502
346 185 2295669143651351490
346 186 -4341534745278584203
346 187 -750902573179578058
346 188 2778015925449618091
346 189 -1505453911752147384
346 190 5090323158147051356
346 191 7340761097553930099
346 192 8136078891491787765
346 193 2998648099727422596
346 194 5948661750562720368
346 195 -6234908275558981028
346 196 -923788991753559666
346 197 8592460529434812161
346 198 5378284088771514692
346 199 -1957824896133222566
346 200 7709207427572633495
346 201 -3320699789708669776
346 202 7436041520669543377
346 203 52717541985654113
346 204 5983716532825506728
346 205 -3977758934494700250
346 206 863798145712854249
346 207 6590705012491625763
346 208 5850363759148811594
346 209 -2195198162287577296
346 210 -8393006323831052262
346 211 6880403930795690240
346 212 4241035229399806674
346 213 8611367904960341211
346 214 3267993751433179150
346 215 2791352134389048636
346 216 -3169953970117911901
346 217 7218041065792012405
346 218 -7124866056968942062
346 219 7265455184656580667
346 220 180812153750585797
346 221 -8028709577555014628
346 222 3597253543769653723
346 223 -3208833511865900476
346 224 -7137833208636712981
346 225 -2479268222218083809
346 226 -5298409040198951417
346 227 3142896583257862405
346 228 103137624821309117
346 229 -872405322375524018
346 230 2198928549576312178
346 231 1354390020006254702
346 232 2881157745019340206
346 233 -8048580862012760216
346 234 8955624953565658515
346 235 3556186768934919022
346 236 2972928461922376540
346 237 3876088530643922718
346 238 351036148055987074
346 239 -422175903693381222
346 240 -8503086351904917924
346 241 5755200700793218378
346 242 1115677381152713248
346 243 -8224317721321391535
346 244 3752408828458195733
346 245 8277321815848639824
346 246 1983282635889007943
346 247 5384882067884044152
346 248 3382792845630988639
346 249 -895528662671056186
346 250 4597504712373580658
346 251 -3559325833411953642
346 252 -1358024416676892531
346 253 8554585078746752494
346 254 -1104071180111150539
346 255 -5899299697422903019
346 256 -5209911255901490451
346 257 105878042950739679
346 258 8569885594305035075
346 259 9074909259501272197
346 260 5059511566616215917
346 261 -4651452768602046666
346 262 -73615189555494184
346 263 5417524617826603084
346 264 -2738119377847644622
346 265 4297376408541917957
346 266 -5907366990720375514
346 267 6270946927771006717
346 268 -5348849451125066128
346 269 -5119642159360317986
346 270 -8747620195896096046
346 271 381105259110058601
346 272 7068730233180203573
346 273 3672276327282347093
346 274 -2690537737954403182
346 275 -5859253266667212127
346 276 -2155158236853316954
346 277 1877039551943784959
346 278 7311534623853199510
346 279 -4359783631310732836
346 280 502732888891212848
346 281 -5935708033187926654
346 282 -6875563331800882485
346 283 -1843600676503130596
346 284 7724804610592399568
346 285 -6778326583336956480
346 286 3079479982942825303
346 287 4503408024469806227
346 288 2328240056367118362
346 289 2269144122165112838
346 290 7603342597956365056
346 291 2158136681970751946
346 292 -2310577240133075909
346 293 6635697668296082468
346 294 8206403845768997444
346 295 -6576955852200120603
346 296 -2977562309255821945
346 297 8771216250757434584
346 298 1876975977496103969
346 299 -3434208200179776298
346 300 3834854189595807272
346 301 -1990751374482541142
346 302 7145711354707436275
346 303 4726335336415942332
346 304 8518414841340406707
346 305 3457847972220413916
346 306 419193923714279066
346 307 -1055777570838426098
346 308 -8976911533390612074
346 309 6905789104791853322
346 310 -265756956542311554
346 311 -8147143839386993770
346 312 4190091483634623311
346 313 -473669444287101329
346 314 1682140968569010062
346 315 680751456531214064
346 316 -6236830925505948067
346 317 6115044205990813163
346 318 -6249362283835578849
346 319 356146479565905309
346 320 -3735454567724684072
346 321 -96502349468381988
346 322 -7831016774539103774
346 323 2866326567278569745
346 324 4247797021645159247
346 325 3913180948847275770
346 326 5170585362718257192
346 327 -6861496269019714393
346 328 -8371233867459662464
346 329 -6182137179092444626
346 330 8916046705480083131
346 331 5847649192521209088
346 332 2110444768608737975
346 333 6462582266908336311
346 334 1323546006031277885
346 335 -4380597349781552761
346 336 1093658101254592820
346 337 5890656428151932464
346 338 1320460545953302180
346 339 439427579214165923
346 340 -2795334136895041809
346 341 43251691439752636
346 342 6905833545406014706
346 343 4706026159883922040
346 344 7641421253319712444
346 345 -7326643717918736870
346 346 7718806004887948206
346 347 -2997949397589446848
346 348 2692087750896141041
346 349 -3246143416422908431
346 350 -5028502396688368471
346 351 8809201777219862087
346 352 6574026866437608066
346 353 -3478922095714451479
346 354 -8034644342893954893
346 355 -4398059223245315163
346 356 -7591204866546850634
346 357 3533972009405043481
346 358 -4176327208884134994
346 359 608717589730241686
346 360 2555848414968335333
346 361 7610565263926237480
346 362 6870094751635283259
346 363 -2601351961895997959
346 364 5508023341339686608
346 365 6706732387890985486
346 366 -5957846717330398573
346 367 7769374947030722929
346 368 4371815644413808115
346 369 8905087653458016032
346 370 -8029624422254257593
346 371 2294756054000846111
346 372 7815163070978175239
346 373 -7724217161040701800
346 374 92971820674001700
346 375 344512921891257920
346 376 -3824134889933805956
346 377 8937628418799267285
346 378 -8488391650128320425
346 379 3556318186225045992
346 380 -2905039881737277989
346 381 -1922307760239079999
346 382 5792819380212126957
346 383 2798965633957060493
346 384 7205417254447299921
346 385 7128681437716627602
346 386 3525837395597196538
346 387 5952440720833436805
346 388 -3040572974381725333
346 389 -5239945902667382456
346 390 5593221797081522706
346 391 5148027773658972583
346 392 8064845438156668249
346 393 -1401008898349886881
346 394 8317136418233846196
346 395 -8946160784227697212
346 396 9116744960437650870
346 397 6230942637023252920
346 398 5688893986429510902
346 399 -8289489987921724007
347 0 3982955360711839171
347 1 -7542853100510955897
347 2 3918710840112840041
347 3 -3551351160399245617
347 4 4180215771765785556
347 5 2716845190543855442
347 6 7632553446328682410
347 7 -6312651991090969433
347 8 2615554047703165656
347 9 9139456948261844504
347 10 5948389471678899564
347 11 -1400390615698607695
347 12 3978274571679366307
347 13 8806411820138217933
347 14 3748274702243805990
347 15 8399085031880838122
347 16 -2490192723270927222
347 17 -8628237293414132796
347 18 2929584576199841945
347 19 8677764252203802526
347 20 -1888197708632383790
347 21 6238071037279789770
347 22 3444071698548865231
347 23 -9076726769096752380
347 24 8481592807238153262
347 25 170186532377088037
347 26 7172818125971493452
347 27 7520812562679781102
347 28 4567973946250711843
347 29 480249763675348786
347 30 8109579326668025349
347 31 -2821710091453851624
347 32 4771672657716979189
347 33 -735594110382600522
347 34 -2421668836524548781
347 35 4716287284185656736
347 36 -9161435890799267312
347 37 -4988185151841081335
347 38 -1182800090570655139
347 39 7930770654454930005
347 40 8638072409496309995
347 41 -4712538310773031917
347 42 -6867468426114301447
347 43 8352408558122910954
347 44 9051457746358883892
347 45 -7596723408630277974
347 46 -6593477002121853733
347 47 -937230397743082230
347 48 -6335742215460540122
347 49 2230247603403985946
347 50 -4919014846864594009
347 51 4245986083678962444
347 52 -5398133371205007601
347 53 -3986084232875085740
347 54 7891531567925876003
347 55 -9001078521291514081
347 56 -1944656329374145705
347 57 -7727152137357109866
347 58 -431171752585616493
347 59 8999966274322511994
347 60 3393438941263012821
347 61 8546608873320010120
347 62 6163648429574714025
347 63 -518541799740872740
347 64 5750343632686125865
347 65 6321119167593638854
347 66 -7858488268002297129
347 67 -5892712026900795126
347 68 2435719127762899950
347 69 -7060881646037474890
347 70 -5517870125580223472
347 71 -7529987274475208154
347 72 4065792812952175776
347 73 -8028880216324331491
347 74 6959284156309984094
347 75 -7781927538832703760
347 76 8662569626871315212
347 77 2847357845461064863
347 78 -791091492041897866
347 79 5801540091113117101
347 80 8324548629761021878
347 81 4465637994603911528
347 82 -1941365944418526830
347 83 -6562802689244213665
347 84 -2216027338473026402
347 85 1964176454602166904
347 86 -2138657975133292942
347 87 -4142028557085021678
347 88 4250469563543793169
347 89 9028268410574720173
347 90 393736110145510151
347 91 -1911589894894062767
347 92 582903719492578502
347 93 5896050481812494322
347 94 6135765471337315827
347 95 -4905188221365987924
347 96 -8118142239828837931
347 97 -4683746647735989112
347 98 4702460918527712104
347 99 -7264708848361241281
347 100 4914394055183862375
347 101 9095775305019726148
347 102 -4881812471190590418
347 103 -3063817285291564871
347 104 1802512767561450045
347 105 6344102322997825169
347 106 -5239643201157418703
347 107 -6847129653085909008
347 108 -1960066958425470842
347 109 4348894256179030523
347 110 -147380962262701379
347 111 2849389022001360547
347 112 -8708313183760663411
347 113 1724884180022699995
347 114 -3813342320268155407
347 115 5775137085616475016
347 116 3799640849644749268
347 117 -3545666219917458543
347 118 5020445954312290486
347 119 -4884769639508207710
347 120 -8706627852592162977
347 121 4289982189585231280
347 122 2193185146461607614
347 123 -8631439404104344255
347 124 3235853970380588728
347 125 -7081182371378400149
347 126 8861922074227799118
347 127 -5420582689837199768
347 128 -2330976142646680940
347 129 7934389978466433112
347 130 -7505752966950021489
347 131 1097224295071940175
347 132 -9015397705846910860
347 133 -4081533963705699370
347 134 -3483193413372290683
347 135 5758705845658457890
347 136 7433189661711848222
347 137 257465696052014148
347 138 -4981130301891841381
347 139 9196543715344378069
347 140 -1762731592651496099
347 141 1914582907284984128
347 142 -7989761785974791666
347 143 6376002153278393546
347 144 4148702359779538665
347 145 -319981884689533360
347 146 2608889046255254923
347 147 3350459099532521455
347 148 -2378353171039372661
347 149 -584532630589062945
347 150 7528693500709670774
347 151 -8978808407606175594
347 152 -6510487317584725280
347 153 -8458914701656712684
347 154 7009960521191434571
347 155 -2183932174433626751
347 156 -6775041462014125057
347 157 4778650941713028237
347 158 -6677812083927435887
347 159 -5232365292918775230
347 160 -7218628383487514034
347 161 -832988313584258999
347 162 7067912655487563586
347 163 8082879548100704287
347 164 -114287135551760689
347 165 1502647701551326527
347 166 -8212271655212663031
347 167 5626224080679286458
347 168 -7585660332611970233
347 169 -2406384775018528595
347 170 -8333018905535228866
347 171 -411578518851770138
347 172 2040483980871516037
347 173 -6884668668785886444
347 174 -7234565591697623433
347 175 7620870206832349527
347 176 4485891104348002227
347 177 6640592345989335056
347 178 -746740922229673379
347 179 3421000300285595104
347 180 2864883904361891500
347 181 -4079724971202792546
347 182 -2153533584802970861
347 183 758773591854668335
347 184 1716804853091444630
347 185 8860820043448217038
347 186 2390144851580322037
347 187 2063696247739692320
347 188 -1048898050801196227
347 189 -6460576046685708466
347 190 3133822722378182414
347 191 4083376694933493621
347 192 3861077182476510379
347 193 4724695750420328405
347 194 -353192403605832646
347 195 4012498546015110243
347 196 -6995726381219952712
347 197 535770103735608770
347 198 -6978232279229666648
347 199 2373920895086016331
347 200 2091450292651012820
347 201 -1979189623394919866
347 202 -819448784393495846
347 203 -1217086971636569895
347 204 -5487565155366956022
347 205 5939690172989228627
347 206 350039539949152368
347 207 7501486872562216643
347 208 1303328817873871620
347 209 3145473241012527236
347 210 2946587665444764919
347 211 -5805436552607268749
347 212 -563342082828181082
347 213 8305105289337215687
347 214 -1881722915108481481
347 215 3501096564442857103
347 216 -6342709670212954131
347 217 -4780777984638495158
347 218 2297435526406651437
347 219 -6595570692276628977
347 220 6456755264566058472
347 221 -5993989349667091652
347 222 -3025998628687603843
347 223 8549268510992878222
347 224 -6994358420839753117
347 225 783304039540028074
347 226 2075730094172532623
347 227 -1854285231305854106
347 228 -6871718363378593775
347 229 -8041246767462098478
347 230 6617213180721405246
347 231 4873001958962627663
347 232 -227929639759849991
347 233 2792485052717576910
347 234 -6272135366318492811
347 235 1813144484067670595
347 236 8653735028104578662
347 237 9145676009452911633
347 238 -5460904068744122555
347 239 -1522190031125298177
347 240 -8523197215158235359
347 241 8075221430404512976
347 242 2366412349111947436
347 243 -9034487367287017216
347 244 -6299306026570556356
347 245 6184237493879035588
347 246 7905246374161439542
347 247 2516463712711746274
347 248 -7379857793828119522
347 249 450139129162160506
347 250 2915238871253763463
347 251 -8475570452946906007
347 252 6080337591986928054
347 253 4752326709797925620
347 254 4841815983965376063
347 255 -8566704863426145205
347 256 1897020254318895689
347 257 -5642620673057920627
347 258 -2521622432194723279
347 259 -8233642254518563870
347 260 -5356444335757865408
347 261 6318444559487650345
347 262 -6150486291321144566
347 263 -4523540235427769656
347 264 -747911575887334774
347 265 -6509727576362303065
347 266 3936430387639902481
347 267 -4307166115106118332
347 268 -2787482780661245456
347 269 8701746272710116056
347 270 8641529201817557605
347 271 -5059987589010476952
347 272 3669406656207207516
347 273 8189409780218480190
347 274 -1414257013619598419
347 275 7034554376895534759
347 276 1966868075404616350
347 277 4305663937976587276
347 278 1946497879529825272
347 279 1302480485216670674
347 280 4113458934513847244
347 281 -5276261699658633028
347 282 6596474536361538181
347 283 -4925088636065412485
347 284 -7199815064678627383
347 285 -530213658048533734
347 286 -7720312970542100861
347 287 6013075647952067984
347 288 4204130737478395790
347 289 8797538390542148079
347 290 3463361664439493429
347 291 7238522433482747353
347 292 -1285634787485179677
347 293 7096556895054144018
347 294 -6066901405487914606
347 295 2535075898029341875
347 296 -2672287076431260737
347 297 -335649394648987540
347 298 -1395717166198835618
347 299 -987174548194216033
347 300 -1974661278751958576
347 301 -7188247967655668411
347 302 -7300017025673868330
347 303 5316072825938171409
347 304 -8711035521460776051
347 305 6756077686943409386
347 306 4156365195975647740
347 307 -6192532277167219281
347 308 8607581064419610836
347 309 7648737874311589328
347 310 -5049722000908426395
347 311 -7761644203259926134
347 312 630413976685765981
347 313 4758186423311779693
347 314 -9143619424607504765
347 315 -3009365884167668012
347 316 -2510238995851904349
347 317 -6138112576428049637
347 318 686703984491389266
347 319 2014109378043892894
347 320 -1952837071344183803
347 321 -377843274113759867
347 322 3625613917133994009
347 323 4711565230140337083
347 324 2574932367226366701
347 325 5113824528704601051
347 326 3195084749048225719
347 327 -7284654900629691082
347 328 4719780266697405212
347 329 5902828673751194738
347 330 -6054333926441168637
347 331 -253819013887458207
347 332 -5950183934894831264
347 333 6592938400481011548
347 334 -9087308553328566060
347 335 -77668059816278562
347 336 -123589718763327923
347 337 -9153967070518438205
347 338 2386552706350039972
347 339 8082918581108237640
347 340 -4357640853929730267
347 341 -6237302324078957982
347 342 -4046769802490651160
347 343 8888217469500236004
347 344 1986277107268760669
347 345 5597547367807102304
347 346 -3913173779319442001
347 347 4341354287033576614
347 348 -3447194607793042812
347 349 6298464697637595233
347 350 -4237161539272101092
347 351 -2851321090689672748
347 352 2440683327856960725
347 353 1177312885648043759
347 354 -9059867411031878111
347 355 3706314412930512223
347 356 1222648810152901839
347 357 9074078508927140620
347 358 6067049220025801010
347 359 2819631268149188354
347 360 5420574395593622369
347 361 -8250758314355064651
347 362 2349259525780785370
347 363 5679487153553227605
347 364 -3395718155678179783
347 365 5659490855013727701
347 366 1953823702861984935
347 367 8363348619991292934
347 368 -4510474218147689311
347 369 -4139039596826336287
347 370 8190798007646753473
347 371 -8591512141646259037
347 372 2198600755568926740
347 373 -2645173553644299607
347 374 -8049349711300064956
347 375 6012926262878988921
347 376 4391264227497381236
347 377 -1203001880704718777
347 378 7419324212073841678
347 379 2229713890512032738
347 380 -8545295905594889545
347 381 5599724858659968704
347 382 -5637853434789412898
347 383 -5891332115933609028
347 384 -7945269344573554845
347 385 -693985022723652591
347 386 8081283243450713726
347 387 -7094150603994915848
347 388 -2684975744837206386
347 389 1137454107969523000
347 390 2642422635538386165
347 391 8730583638779644514
347 392 846580357757772119
347 393 -1894508870203649070
347 394 -3259318387074922106
347 395 -6478178678011071459
347 396 6910714290646885355
347 397 -859881926966606799
347 398 -7704881289099107843
347 399 -3945944080524593690
348 0 3977002962212667567
348 1 -5432710555689944292
348 2 5254967600807638317
348 3 -2269745351920316927
348 4 7028462442787264501
348 5 8153120017346768743
348 6 -2994196150815093778
348 7 5418504169016627655
348 8 1751326665882015714
348 9 3697185306372285062
348 10 -7595867868580856721
348 11 652647521284790478
348 12 -4152097190790762951
348 13 8289991438982777404
348 14 -1961244717549144431
348 15 -7886804071412449381
348 16 -7847657231464366454
348 17 6719032161016012182
348 18 -5222335774974671618
348 19 -6404000808442025314
348 20 -2971809272458430710
348 21 -5171476194405615989
348 22 5868057885013713347
348 23 1779914688605066712
348 24 -7138260001123861805
348 25 6212974788103775180
348 26 -3743711404076194565
348 27 8337326098979195631
348 28 -2767606874701228525
348 29 -5216136957517677354
348 30 5975129649559335918
348 31 -680961061703045454
348 32 -3024648438883062014
348 33 -6508670488270030621
348 34 5222441416263119916
348 35 4561410097565474945
348 36 2278906733524628096
348 37 8496329720574686572
348 38 -5716460192493712804
348 39 3475031434143143113
348 40 2550984986091982995
348 41 -2527795406207331671
348 42 -7137005227739429902
348 43 -8743956281458910476
348 44 -1364744456914117424
348 45 -332531545832718906
348 46 -5916875620323937148
348 47 -4683702410535023198
348 48 -8086201344264788888
348 49 -6827575281635625823
348 50 4625647388119708150
348 51 2905772264644186399
348 52 7449539075160329704
348 53 6408648009716761394
348 54 -6782181089585887673
348 55 7272479436112991987
348 56 -254588100037476189
348 57 2499991682790947123
348 58 -4063029928484663354
348 59 -237782782703304029
348 60 7676955439297950376
348 61 -4242430967703885178
348 62 8045043726150051270
348 63 -902079420303053862
348 64 5806498879532790835
348 65 -6644460290023489424
348 66 1561633634448859885
348 67 8361617519227944162
348 68 7303032037559673598
348 69 -8721367521670652617
348 70 -5706192853162385722
348 71 -1105076291768753809
348 72 -7499356567478424567
348 73 813150435828070558
348 74 -4156596340371413095
348 75 -7239760909427222464
348 76 -2678555889883735812
348 77 6782502869577214093
348 78 2718938808143526405
348 79 -7098380307606580931
348 80 745786049887430678
348 81 -8184456448255660462
348 82 7901182112669434919
348 83 6693890098390122982
348 84 -6778662540323903277
348 85 5955622843534778054
348 86 2719758862118907165
348 87 -2916469420775464728
348 88 -7077428358584162450
348 89 -4558437422643273530
348 90 -1442693646360829209
348 91 8695278733515784300
348 92 -6193838842348690000
348 93 4071561221745742450
348 94 7401620356700386350
348 95 -7576236823904899988
348 96 5690939348313018887
348 97 2411598049008868635
348 98 -3274636406283962452
348 99 -1801841643809453163
348 100 4961494717831206455
348 101 5975238245986247016
348 102 5906582839637320168
348 103 -4442001621077196478
348 104 -2351210530124386276
348 105 -2561222374253439716
348 106 3130426346692657107
348 107 231732964447520518
348 108 -600932024934668156
348 109 4886514748144765388
348 110 -7919538534353549106
348 111 4391134409079930532
348 112 -315154555748127956
348 113 -6273873910923120767
348 114 7442677340831551931
348 115 7220978410730126145
348 116 6828627875272345576
348 117 -7270601053324237816
348 118 -6812691551627254740
348 119 -3097662477986284726
348 120 -6752697609481814611
348 121 -7644424821817180273
348 122 6747223372642421570
348 123 4609813230658696931
348 124 2229427324406937946
348 125 7220112122982870040
348 126 -2625886586568959220
348 127 -3227235432653159908
348 128 -3103057429329015481
348 129 -569677109684517716
348 130 -3723644833531956048
348 131 3901006734112004276
348 132 -833541863084490680
348 133 -1059441794413997587
348 134 -8869393559539041026
348 135 -4330470579707635065
348 136 -3599839680559317850
348 137 2786368160162755850
348 138 -109275119987205553
348 139 3397752066701447127
348 140 390640847577565802
348 141 -9217700904304318413
348 142 2127838449283840698
348 143 6858623869784766178
348 144 -6975261270648723917
348 145 1065844916951221011
348 146 -2341010671359791297
348 147 -8338508640259972862
348 148 8675395316565031297
348 149 6104503503799741393
348 150 6772443072206952928
348 151 3131383249204993499
348 152 -5021530135404093611
348 153 -8814598373452957565
348 154 7723196922884057066
348 155 142055465292587068
348 156 1784416867848405498
348 157 -2078358387311817891
348 158 8405511032214351455
348 159 -8245590582122038258
348 160 1960992465782878223
348 161 2163227666316721669
348 162 -8224650753624746524
348 163 -8636470992396386770
348 164 -7507689365670161080
348 165 2296256127454920888
348 166 -8783322643683886253
348 167 4503418442155460108
348 168 8102513554071575612
348 169 -2743427210379272602
348 170 4081939660346441698
348 171 3238997176584285750
348 172 1143907735826068655
348 173 3118748560154557801
348 174 -5933689833380986801
348 175 -645502277461623489
348 176 -5930702782311630224
348 177 -9139651749459290078
348 178 2367981226889486113
348 179 1301644146522221832
348 180 -4846869267068809498
348 181 3117261638660443482
348 182 -7654011552933277576
348 183 3139841778240572714
348 184 1142725805372831171
348 185 5625759684806889423
348 186 2700941953263969814
348 187 2123543552632375758
348 188 5431341089478663264
348 189 -1388152406701992610
348 190 -4380892123773373611
348 191 -992443413240187229
348 192 5278754026456732914
348 193 7275802397704574951
348 194 324696088984233733
348 195 6604149116695747793
348 196 2813613661641907097
348 197 2729886315860551716
348 198 790707025305717597
348 199 -373370904192608741
348 200 545091555310200681
348 201 5699925772211970693
348 202 -8168650385185073126
348 203 2398626573474138596
348 204 -5464639613385296618
348 205 -504965379323635
348 206 -1848254148769417277
348 207 1646535917883028018
348 208 6281630791388559161
348 209 -2985049364432437375
348 210 -1635314587615956883
348 211 -1180385314804305715
348 212 6197907340344227097
348 213 -3851120421117106097
348 214 247078134419876416
348 215 -7321155402532831260
348 216 9011218101232142736
348 217 -4121957286469531820
348 218 -7110979750864189638
348 219 4886434238511241997
348 220 9003275904810438341
348 221 -3492796751463232078
348 222 -4228623362112776774
348 223 1025619710128577701
348 224 -8468758114143823633
348 225 2324280569071406245
348 226 -2389364227447546959
348 227 7287233933150357320
348 228 -3445515004619078791
348 229 7380227707948908236
348 230 2055915768055739766
348 231 -7464209802053259161
348 232 5228746029434446871
348 233 -618948618694237800
348 234 7527298401431279033
348 235 -4196913788047727577
348 236 -8596553555161314500
348 237 7073729398434637836
348 238 -5170405803391961360
348 239 -3167117699931181311
348 240 -6257398810425936818
348 241 3413614234431693350
348 242 -6862748735689734770
348 243 -6883175061934570140
348 244 -1297386699612752822
348 245 -4952734025928975676
348 246 -7985020740789171782
348 247 5380607285471798815
348 248 4921636687133168275
348 249 336332685076344188
348 250 4483108905636064295
348 251 -5901884112669374744
348 252 -8709862001548608418
348 253 5872844676091966560
348 254 -1783207493521306127
348 255 -5322132409945874358
348 256 1838117314797135980
348 257 8889263988314437790
348 258 -821495801473414428
348 259 7524857272966105552
348 260 -6433444953729914943
348 261 4824185295621405465
348 262 -5366914562558502539
348 263 -6532346870193898489
348 264 6603886349357472846
348 265 -8069230263383562695
348 266 3862050514018130166
348 267 7303057781370332775
348 268 4135555777963431411
348 269 -4754053132692373624
348 270 -7305225639234613604
348 271 3770443572997115639
348 272 -5021740098480705184
348 273 -9067406774044391821
348 274 -6326612225161599293
348 275 -1888221648652242373
348 276 -2305840967989579143
348 277 -6534967458656996675
348 278 1140529532464947752
348 279 -706579722493879220
348 280 8727840166243142292
348 281 -3444363951017350870
348 282 -1785743718281577676
348 283 6588584329094106661
348 284 -1663418499972009140
348 285 -3285588001065018638
348 286 6464829708698674291
348 287 -8193777774941584580
348 288 3804928810358464143
348 289 -1158379890781594391
348 290 5738257685191091865
348 291 -9019321734903106471
348 292 -7906740043775037089
348 293 -167654336775529120
348 294 7921787839329767495
348 295 -3420023165799907289
348 296 -5610998560486599511
348 297 -3436563465544667393
348 298 2742670804738778957
348 299 6551044024412783660
348 300 8654832769962478591
348 301 2038918745972137679
348 302 -6586510413901304263
348 303 -6814978286434576060
348 304 8726706616107715931
348 305 4755189366879612404
348 306 -5851664216709796018
348 307 2948649262857467693
348 308 2921106569871301957
348 309 -6055428383536221451
348 310 -8023034421031949726
348 311 -8871095013556378420
348 312 -8926936283995339954
348 313 -1635275623814487527
348 314 8919959542159966183
348 315 1443223988454989270
348 316 5211727866200508378
348 317 -4930030595739446368
348 318 3470951664630368652
348 319 -7028139219050525884
348 320 2996945745169175235
348 321 3793768884441395434
348 322 8352319789876309650
348 323 4352699591184157401
348 324 -307985909459591262
348 325 -9059314556743088178
348 326 -806228380177943241
348 327 6442431271392649124
348 328 4537395853865365198
348 329 7530626802248473948
348 330 -8482572727977954825
348 331 3917198082092197393
348 332 5627289652378967479
348 333 5010514046039107513
348 334 4795541080202392644
348 335 573124182321954026
348 336 8444834862403396165
348 337 -4532973621740745633
348 338 -2997248729728309662
348 339 7874994924002705827
348 340 8808626063918295579
348 341 2060805711747927518
348 342 -2757143084928339900
348 343 569321808845378482
348 344 6323455804832032692
348 345 3428134241893428674
348 346 6229145482609451847
348 347 4558984437330409650
348 348 5251414122175335122
348 349 320558502632892184
348 350 8235415763627844869
348 351 -6408885857700556373
348 352 2212359963680964759
348 353 5049417753637384674
348 354 -8960209343572991782
348 355 -2249395693141448069
348 356 8608039103285529300
348 357 -1021757656818257112
348 358 -7888478744266396775
348 359 3995869558488377483
348 360 2957997574072369916
348 361 -7874506401475902843
348 362 6310016689116479146
348 363 2739244146944996155
348 364 -5878618793916809151
348 365 5378463873509798535
348 366 267806086591986829
348 367 -8349694767609148439
348 368 1226816677233775156
348 369 -3599683902786988080
348 370 -4495718103168680919
348 371 -4367157993035578198
348 372 882374484113662250
348 373 7335112296415805478
348 374 7066230823996255299
348 375 8904801886568680082
348 376 -7594316838117059507
348 377 -1905157149456990780
348 378 -2261420285213898407
348 379 2954154426112314634
348 380 -7168949538162518421
348 381 4171747718217071049
348 382 443873804851166594
348 383 4065059511193601192
348 384 -193119992272774976
348 385 -1278127488828329605
348 386 2519434872090129533
348 387 5667351947304243307
348 388 7889867817544657847
348 389 4268539914706142613
348 390 5819604690506887032
348 391 -4385273621157193263
348 392 -5952920138764265802
348 393 9063652013222395836
348 394 6601911841662265155
348 395 -3846040863362419533
348 396 2602401542331218131
348 397 86017125685663099
348 398 -8966314437129295612
348 399 -6200307345145965779
349 0 -5257884246606533509
349 1 8617163420437094999
349 2 -2136838401566052172
349 3 8278621653397289117
349 4 -1105591053466966595
349 5 -1941109618028804175
349 6 -1163704941510988455
349 7 -6144747862568252647
349 8 -7100871829838432856
349 9 -4192190952373917591
349 10 8999127019318065608
349 11 5611976739103574598
349 12 -3815432710646967597
349 13 8263319602171051162
349 14 -6578464739425270843
349 15 -7987977842456393919
349 16 539354160312818779
349 17 6712150610125952282
349 18 7688546148469580773
349 19 7263448796282246417
349 20 1198829687039877654
349 21 -1711015608563151271
349 22 -5245086830529880701
349 23 5920338253334240821
349 24 6114462803092823088
349 25 7190639768964920410
349 26 5184514763929928667
349 27 -4433228973579310944
349 28 -5876784639850021762
349 29 -4416834601349235814
349 30 8182042711270050114
349 31 4530269456640091868
349 32 1147933565744828891
349 33 -5155085234982051601
349 34 -4119148052021471917
349 35 2790174679552289122
349 36 4667422556560933984
349 37 6119964034335509401
349 38 5805120837532953113
349 39 2754150504617420982
349 40 8702590979102396911
349 41 9067797918101678812
349 42 1805941019656369589
349 43 -6016740829821571733
349 44 -485806919700589500
349 45 5283662027701689923
349 46 -2048133778006789674
349 47 -5213789458728382274
349 48 2213701072049135129
349 49 2572917808004003167
349 50 -5564480807120789396
349 51 8698372636628330877
349 52 8528000537240342063
349 53 -5871404730569641400
349 54 -1112616125016799660
349 55 -3576716201709242264
349 56 3709972240124024407
349 57 -1107513897486882846
349 58 1570510332192607331
349 59 -2633862597273980001
349 60 -2243686358389766116
349 61 -8067857451069263137
349 62 -5058540599782845410
349 63 9074452848263790505
349 64 -26640595307138792
349 65 3328964985872967270
349 66 -2246065114100459691
349 67 -8785409812843353116
349 68 5269033968303815441
349 69 -6266618751992054769
349 70 4899030405893618232
349 71 -933530358123917730
349 72 -6484917549293234736
349 73 3967880700115453448
349 74 -8128072087911405770
349 75 3187398037350518102
349 76 1861457353114991293
349 77 -1852417851609294660
349 78 5954911213043234627
349 79 6284216238348985483
349 80 8720850121680383132
349 81 -2794573886845104535
349 82 -5715381398514123521
349 83 9127824887522715015
349 84 -7680288175795920838
349 85 6702811903671027968
349 86 -6071710652637273861
349 87 -1203696511085974372
349 88 -8344223771623051409
349 89 -3642761918450278797
349 90 -8930697706217804505
349 91 -3972753348473274203
349 92 -7369297826738038701
349 93 -8690773533490479291
349 94 5870233817167628631
349 95 4614981830923180113
349 96 -149277145349618143
349 97 8241861489675501743
349 98 -1261341141798228815
349 99 -8456004324569144807
349 100 4335224328714987459
349 101 3127864895158710564
349 102 -8106413831391482489
349 103 -6777688219462565044
349 104 -5694368213835700768
349 105 3636700248695630737
349 106 1413481315705148466
349 107 1804573887934667645
349 108 -3906675363568841569
349 109 -3923751185871004957
349 110 8250437409501585034
349 111 -1290849260009140265
349 112 -6826915787559396425
349 113 -3137360669214096862
349 114 -5204048575269240534
349 115 -3101055159232548823
349 116 8446320632721929146
349 117 -2125854439921362199
349 118 8336888662394727040
349 119 -6629622527360929387
349 120 -576926037051179236
349 121 3680313321270026048
349 122 -8342767080025824538
349 123 -8003718226689065471
349 124 3430671853614389333
349 125 3772619433414607109
349 126 -3607508256915611994
349 127 -6698266204305854779
349 128 3961668653940558853
349 129 9180787751613768112
349 130 1156617872330436596
349 131 -2904949294863331372
349 132 3721697388899846424
349 133 859210353964223894
349 134 8784958694834003494
349 135 -3620505355815268392
349 136 7427368774932169598
349 137 4979090033442156653
349 138 -4899747095240470992
349 139 -4670279797822663528
349 140 5338485668871292651
349 141 -1456413793899786768
349 142 -5693330642079252686
349 143 -5373910464588090163
349 144 1684370894642573999
349 145 -5589146386957119080
349 146 8772697910184942294
349 147 1982755258380188021
349 148 -8080602997144545340
349 149 -6989233278094752875
349 150 -8119484181224181076
349 151 -4014640741291697074
349 152 4033460423221848822
349 153 2852004643172943912
349 154 1524003144191375179
349 155 -1928014571769622286
349 156 -2777032938247079781
349 157 7116493830831729764
349 158 -4358978698961195131
349 159 -3834173869837313311
349 160 -6178117578718128020
349 161 1629319905681800109
349 162 3090579387227569718
349 163 -4147459479516831829
349 164 -2586059339027779747
349 165 4619592408242501606
349 166 4928798555803403312
349 167 -402956197142036768
349 168 -5347110878207018922
349 169 -2509585473648226956
349 170 8808781839962515709
349 171 5974832641907304775
349 172 -3227017466779914756
349 173 -932924186858167745
349 174 -456747993095287289
349 175 3214241766331067531
349 176 -5283537791106391140
349 177 4743028705182730542
349 178 7786818527594757910
349 179 -355103041994468490
349 180 -3625075373292911366
349 181 3826351888117174576
349 182 7829571353498203130
349 183 -4159781665104865023
349 184 864395082210451229
349 185 -3936937028295120751
349 186 147730868097924857
349 187 4721720691061463112
349 188 -2328336247727232846
349 189 -5991730820206582281
349 190 -6343310374409491897
349 191 3484352390365891761
349 192 -948616357487745055
349 193 7026723045494833478
349 194 -3262180884106231692
349 195 -7559975143497724074
349 196 -4189397096092377209
349 197 6948389445840128981
349 198 2079962174279760716
349 199 8386800719232765384
349 200 1431574375392862395
349 201 -5188330300909535992
349 202 8096220525401312418
349 203 7411339044913786869
349 204 9071968524671384912
349 205 6926496864177609881
349 206 -173643961839621301
349 207 -5479557154895445220
349 208 8940355353461183043
349 209 -8048665811093119650
349 210 -4174231064817905146
349 211 8811343551433362015
349 212 3038966674229908239
349 213 -4123324870534501306
349 214 -2543086021618820786
349 215 8050881086246635495
349 216 2221798055920378818
349 217 6612253286098653167
349 218 -297530304011088734
349 219 6229340831522300680
349 220 -3646436388878167086
349 221 -6857530691854438260
349 222 -3664435033009953129
349 223 -6098495347709405970
349 224 -7902279034633965721
349 225 -9121486122249658012
349 226 2754034611367899630
349 227 6911265782391860672
349 228 -1870874614702292195
349 229 7674843447712910285
349 230 5923971129084957483
349 231 6036323942823358234
349 232 7620546739120302697
349 233 -7245773848153056773
349 234 -1517777833808421056
349 235 -3603773886180180389
349 236 5193124515798458324
349 237 3077631908504965056
349 238 -2858185272420731124
349 239 -7711059516518253889
349 240 -5907808022927963773
349 241 4186557047075353467
349 242 8208961360474565253
349 243 -2358340588793899157
349 244 8510568562976962372
349 245 -4066840539533205168
349 246 -3414540160566302806
349 247 1982464393934273840
349 248 -3100899991160872848
349 249 -4293737055414000262
349 250 -42374857363461140
349 251 -7949443533813612028
349 252 -5345508908312950914
349 253 9181037699580580517
349 254 -2941977878067771623
349 255 4004470878405610935
349 256 675812642963814925
349 257 5372160436350824275
349 258 -9166277330684132424
349 259 -1260690358495401987
349 260 7061738869720620285
349 261 -7806536708018478706
349 262 -7998545910984487300
349 263 -3238223574028093723
349 264 2931860176359166379
349 265 -3496457462089019363
349 266 -6597810942029449777
349 267 8339549748662157208
349 268 5330767171907642087
349 269 -3428225195795234969
349 270 -7294763669947699374
349 271 4443640846948737091
349 272 183074066666047764
349 273 6472635183559318467
349 274 -2093833282037188659
349 275 -7464731596897077231
349 276 766886292548695729
349 277 7720435112688116164
349 278 3162914355092706148
349 279 7266424096111812345
349 280 -7875598262493478485
349 281 5331186988205384006
349 282 -3930269795470464588
349 283 5550175314187756817
349 284 1203780491708397757
349 285 2054329436371231113
349 286 5756903515418067416
349 287 -6373599451784366584
349 288 -1735168160782324379
349 289 7639990268897066027
349 290 -234650129590294483
349 291 -7561588953868129851
349 292 5129293196206632052
349 293 -2601455070178937343
349 294 8573826758432771910
349 295 -3087581526046354022
349 296 7777073418060287022
349 297 5700881777567639930
349 298 4984953733700101891
349 299 -4071090095703403394
349 300 -2050585986495974040
349 301 -7771948257281222263
349 302 -4527530710639619847
349 303 -7080998657997779795
349 304 -2096520718385748095
349 305 1248643334943410820
349 306 125740857267310034
349 307 -8795385871145437416
349 308 8288390806652281307
349 309 -5901517990425696876
349 310 3919396245316321208
349 311 -6527869312642956791
349 312 650495688224159834
349 313 -6115325933700907242
349 314 4608564771170100858
349 315 -3001227685466432117
349 316 5667764112253255637
349 317 -6546986943193887020
349 318 -8897035782269891939
349 319 -9111105001717506897
349 320 -2694687698938371977
349 321 3616089954062063186
349 322 3469105246613291783
349 323 -5712827622103744782
349 324 3159892811840938225
349 325 8712730601872200877
349 326 -7524332952205214634
349 327 -1145737334040755559
349 328 854764626502658426
349 329 6644369505694813324
349 330 -7506334793143717212
349 331 -750783674626686136
349 332 -8987967334660777690
349 333 4256574743940013746
349 334 -2999168832407181245
349 335 1667440358263955470
349 336 8641473696762697090
349 337 -7919553089635301887
349 338 6945233027498158223
349 339 -6408766811464669992
349 340 -2085206087083518123
349 341 1182736637170387683
349 342 -9012011142500701402
349 343 -591805441418972932
349 344 8288899962939081686
349 345 2772020483647487120
349 346 -2479215509495787880
349 347 -5725463147152867818
349 348 -2589886558136379429
349 349 -4981812587350059177
349 350 4873641681229440735
349 351 -7744377707333341007
349 352 -3926996460974265584
349 353 1394878470725045118
349 354 -4187270082280656269
349 355 7468915115522880642
349 356 6722403451129668988
349 357 -3889226654147982662
349 358 3101481091857412341
349 359 4728466118378753504
349 360 -253623642233810642
349 361 -1539442878329114756
349 362 5764749013670182263
349 363 5757246068885649433
349 364 410427457188695794
349 365 -8908299035293247295
349 366 -3054343822218671640
349 367 6364045178162977048
349 368 -7399206163728740805
349 369 7820719327602953296
349 370 4803034603109106139
349 371 -5963802484162369132
349 372 6579226688707177996
349 373 -779219676994305092
349 374 2851084474747563349
349 375 -6739518205729208084
349 376 -8554632446349164975
349 377 288475734811273802
349 378 286157361028604144
349 379 -1363431364836330749
349 380 8096359468379435251
349 381 4952886205655172244
349 382 2418314591173421114
349 383 -7503183571140002074
349 384 -8966404270749036480
349 385 4284924194997350944
349 386 -5613923007426132927
349 387 593995261400240804
349 388 506978215147354680
349 389 -6542721692797112268
349 390 5359217048209520380
349 391 8364450653114144872
349 392 -8287792382030417608
349 393 6717990913671793132
349 394 4702702349117906908
349 395 2346478967276277212
349 396 -2487106121440206553
349 397 -7672968303018105068
349 398 7890037598873885658
349 399 3685360512857854011
Tempo de execução: 0.0670832 segundos 
