400 400
200 0 -7858083381270226934
200 1 -3247761400201146844
200 2 -892505713268219204
200 3 -5494933376247038851
200 4 8982444699150386155
200 5 -6587778283739939886
200 6 5773697870815781031
200 7 -8579262091143653034
200 8 -5403001798389504618
200 9 -490713846015883628
200 10 -7113271438388935837
200 11 -8644122222724005099
200 12 -6231536804090579412
200 13 8789331803904493186
200 14 376429142408984240
200 15 -7864140983903737505
200 16 3344028924044743794
200 17 -410217428586421179
200 18 7429396318247990498
200 19 -8974858694968765492
200 20 -9060861719264728129
200 21 -7529485909523253159
200 22 -278324509745874681
200 23 -3190223451187938554
200 24 2734216620010541413
200 25 -8984541871941745677
200 26 -2434025499276205996
200 27 -5446302959879908941
200 28 3386712228027605623
200 29 -3014145157985662395
200 30 2661262263298925742
200 31 8621853304349414200
200 32 3987879495245462240
200 33 -4564195221718909716
200 34 -383391399178114051
200 35 3493352934350868097
200 36 -1701457376277961105
200 37 6764014029902019076
200 38 -8135292360468546558
200 39 3476097812513590419
200 40 284392464446429286
200 41 -3302739972259027221
200 42 -1926327770509829887
200 43 -1700180380067974003
200 44 -756980979689380132
200 45 7889950581158574015
200 46 5616698358371727556
200 47 9114208621659145675
200 48 -6473188976255675074
200 49 -8290074737391252758
200 50 6798214576614241911
200 51 379631897911545228
200 52 -8107663717913925139
200 53 5213835344204033845
200 54 4237295761358025844
200 55 4916641459081672719
200 56 2370952600054621086
200 57 -4825081628046448454
200 58 589813999992893072
200 59 -7392188003606183642
200 60 4413888869997802938
200 61 -2189574543843206665
200 62 -5772473522695594703
200 63 -2948847107903315588
200 64 3821081187490025480
200 65 1998940960719544631
200 66 2888419332088778605
200 67 -3719203815435364940
200 68 243706468081302790
200 69 -5975034304802456836
200 70 -1296585674496096640
200 71 -5877914211041695430
200 72 5158104090245978694
200 73 -1910320769750681032
200 74 5706061021189754543
200 75 -1449986454362287734
200 76 3379295276909501421
200 77 1059566337651251220
200 78 -4970463422155279729
200 79 8081340066037788797
200 80 6631956386974218816
200 81 2358577786850347185
200 82 -5613336082898808594
200 83 -7298255370997410617
200 84 -8460578452885752575
200 85 -3606403037876298786
200 86 6600572134637404885
200 87 -7325278943353301990
200 88 -3327240658864054810
200 89 2227055882293300561
200 90 3357844667200749053
200 91 8579712141463005611
200 92 1501384453217613364
200 93 9091656494894806941
200 94 -3512677376476659360
200 95 295517815740176123
200 96 -5626968357051315186
200 97 8640958312524570825
200 98 2463904177807682086
200 99 -1601741743638233141
200 100 4007283429351641901
200 101 -5362248587267465196
200 102 8617243719986222686
200 103 -5729399873386676779
200 104 5944191312130786972
200 105 4328436241807979722
200 106 6026335742974991637
200 107 -3439963934160482267
200 108 3902500747062492090
200 109 -1126391781561597585
200 110 8642473482818619629
200 111 -2128058662105574478
200 112 -3916599147715019072
200 113 2579328568544836980
200 114 6805531226914805258
200 115 -4942560935733135711
200 116 8942227841910495809
200 117 7493139966733387682
200 118 -7133415355984421475
200 119 -4090541797345763631
200 120 -91757674034631917
200 121 6925429755480091130
200 122 -8822379429973662276
200 123 6290816460663167208
200 124 -5579331616505222907
200 125 -8673830296376312764
200 126 -4857931819504785254
200 127 -3370781637027288971
200 128 -6830684605351833658
200 129 905050519604157084
200 130 5262276790604140418
200 131 -2652661432126979599
200 132 2229686622303891947
200 133 -5550113449988048981
200 134 -5653122094063230728
200 135 -5767182298806853752
200 136 8694810738473329129
200 137 8041156838284938899
200 138 2898959668944551090
200 139 2152782750811654303
200 140 -3076583778737872129
200 141 510312774657825104
200 142 -8310626918983902024
200 143 -8842219436602523305
200 144 7780575422135008136
200 145 920512604258765105
200 146 2438228044115517678
200 147 -3644031361141369794
200 148 -2070148116356916283
200 149 9057704292541643069
200 150 1072372493211266510
200 151 -6343312761286476110
200 152 -929330408889108854
200 153 7486222577488038737
200 154 2600850379055939391
200 155 -3377586835663015350
200 156 -2499806807043295974
200 157 627835664282569208
200 158 4198291933678500332
200 159 9007953183620402648
200 160 -3197840890923575753
200 161 9099665250588161013
200 162 145447565373540281
200 163 9067870583800412304
200 164 8631558569530371085
200 165 2534118436295441831
200 166 4150405529035363904
200 167 -2802926374900911858
200 168 7769541714015349839
200 169 -5031697941957027849
200 170 -7118388034119702762
200 171 5238151238857385862
200 172 -8405878703464408437
200 173 5222463953078082046
200 174 7732686974838145042
200 175 -7562256195425262572
200 176 -4636487358014273958
200 177 -2982364506824642083
200 178 -5393802607951639563
200 179 -8296895714117282941
200 180 3836788181855845088
200 181 -3753248628093894872
200 182 8415502554378989605
200 183 -1204870079371300511
200 184 -1949941166882243079
200 185 -2441125561287362913
200 186 4705677256215505334
200 187 -7093719491086035404
200 188 -5489312051350206257
200 189 -2391544611856691670
200 190 918471151159519045
200 191 -4507684923967739247
200 192 725300928388388513
200 193 5666561424126994275
200 194 2398293562757133592
200 195 2059485498241481334
200 196 -5386348052972668395
200 197 3337358688665084864
200 198 -6841139622742019723
200 199 -1155319140148943630
200 200 5113227695737518017
200 201 -2788322700227724463
200 202 -4407808577158215200
200 203 5805087576854658817
200 204 -5751365251979534491
200 205 8754434354929086806
200 206 -8107982041417328637
200 207 -8519865202551912380
200 208 5858972371046268470
200 209 4239387780907478600
200 210 4855112326959298112
200 211 2436010037533445682
200 212 7390394637729305042
200 213 -6319915488469079620
200 214 6800883636743133690
200 215 -1928156818220780673
200 216 -4073597150465408692
200 217 395644385927147271
200 218 6931423136520671302
200 219 -6996391298730513370
200 220 118477872662240320
200 221 -6023825242885404003
200 222 -6471805625264740459
200 223 8219377933879779548
200 224 5093235606177323834
200 225 -4899263940356298070
200 226 -2734496368440561906
200 227 6864180614653797072
200 228 8786115868696733358
200 229 6831659964066500192
200 230 5302018045946617169
200 231 1721123871761330312
200 232 -881111496146409372
200 233 -3633885429226052787
200 234 -8389461336611200677
200 235 -327152682296689956
200 236 -5006452462654688920
200 237 -240525241551426950
200 238 7825028549688810029
200 239 8340497938582792461
200 240 7410608705738414195
200 241 -1165287061715668941
200 242 4888687025666317181
200 243 -697207577490603628
200 244 7675516406484817957
200 245 -7657868998855296142
200 246 7382235096758554745
200 247 -8712328699465130700
200 248 2301629478709662221
200 249 -2586242309951625833
200 250 876256924444712806
200 251 -3110991142175274351
200 252 3508087981246375683
200 253 -8618110065554844231
200 254 8655836779196978553
200 255 2029878101040058915
200 256 -5938706982549109976
200 257 -1729075128143419978
200 258 -1081575686426398476
200 259 3990165218567287202
200 260 2432365061972907823
200 261 -8539166976368708250
200 262 7650181391422514038
200 263 5638442732434325302
200 264 -7604196913875784815
200 265 2690618892944000979
200 266 -7945342782165454049
200 267 3100488368886256476
200 268 3973515019579134245
200 269 -9092763475035600821
200 270 -1898358720360471080
200 271 -3318011473512188134
200 272 -7835933836124013745
200 273 4998323168452959227
200 274 -7658122843547045995
200 275 3937910909546825178
200 276 -5206307885762431456
200 277 2273721549157023238
200 278 -5781447544302686363
200 279 -477037737138751712
200 280 6877280264490448335
200 281 6488736971387655513
200 282 2728683370544879116
200 283 5864087616298411119
200 284 7055843208673176400
200 285 -6618128343463540978
200 286 6579934876397400997
200 287 -2528564333317952890
200 288 -6367637483098546150
200 289 5848827251555135448
200 290 -5102109904606723145
200 291 -82202070296181260
200 292 6390796415814645222
200 293 -7444213713293692256
200 294 -7394068526931761435
200 295 54536037994073393
200 296 4858606354109103089
200 297 7360489521178478056
200 298 1025191906091552426
200 299 8060773134468862404
200 300 -6806342277738729840
200 301 3974230369906088356
200 302 -977215878967486954
200 303 515007768667338085
200 304 5613392636201336392
200 305 1923170583881647532
200 306 9213012124601471087
200 307 -6581158869755940426
200 308 4303058582904588717
200 309 7905718430272839431
200 310 2334688523399150418
200 311 3587026647760519578
200 312 -1565063231932587239
200 313 9062608681412309904
200 314 366829073055235409
200 315 -5230505134450820358
200 316 5557506838770969557
200 317 3531146468573792815
200 318 -1977019778428794716
200 319 6625264241684996800
200 320 -998892272755033086
200 321 -1310751980507852905
200 322 -2092785240065490796
200 323 -3458369922861736412
200 324 -1540713394568912034
200 325 -2988981119885582051
200 326 7341887083685009297
200 327 -6942647785979674790
200 328 2959786901439519057
200 329 1124191048873982423
200 330 -2452061560023862902
200 331 9044822819670412821
200 332 -7075758288643677543
200 333 6059874423346567106
200 334 3164292830913255911
200 335 7035875064547237716
200 336 -6508410141675438714
200 337 4994284756436635428
200 338 -4120537763115310223
200 339 6936497171496533881
200 340 -1746084237593101467
200 341 -1328342483169268235
200 342 6004866181498940483
200 343 1677096978986503120
200 344 -8118883076036038709
200 345 -8870436819866688402
200 346 -113067716005080079
200 347 5195266225156123760
200 348 -6180301138769071859
200 349 -372272378994977940
200 350 5890058234566671676
200 351 -4638733848889552100
200 352 8871058014852019498
200 353 4904530532568648985
200 354 2484024256654065692
200 355 3705528464784463513
200 356 6578470448735084017
200 357 -4163205681568765419
200 358 3656069105601622617
200 359 3713237532964121832
200 360 -2422429177029331911
200 361 -4919334476712699927
200 362 2611134891773435498
200 363 -8536195473026183850
200 364 2345834216187903060
200 365 -9171653986228454582
200 366 -5331245636903598931
200 367 -8577700193153085237
200 368 1672692082161079159
200 369 7897814813711773810
200 370 4749722916182176025
200 371 3098040497412634017
200 372 644894858432103072
200 373 272455436634502649
200 374 8134494556654825879
200 375 -7901307728923870883
200 376 -4485651161375284674
200 377 -6973822943454594857
200 378 7060821210146612382
200 379 -1984446432203052594
200 380 5175157555044333065
200 381 -1284237802159322825
200 382 3773192645617292442
200 383 9178886073522242176
200 384 611165184713837662
200 385 -2496769641793009065
200 386 -7353562714712648460
200 387 4738837305901780080
200 388 -639674386549953378
200 389 -738591838556841566
200 390 1477251451480759607
200 391 3397003652256647561
200 392 -6726484016183726518
200 393 5690148936907222483
200 394 8295767921151573961
200 395 -6215350543908030513
200 396 790671909698269502
200 397 -1348883049304022614
200 398 7508516855710849113
200 399 2520836097896121446
201 0 5981878864683047947
201 1 8904493385912752445
201 2 -1012747793376873058
201 3 2723004479470089345
201 4 -3917584697803134203
201 5 758998408593211106
201 6 -354737682733799740
201 7 -2619850479805745572
201 8 -8623929325900154080
201 9 5319666039016232829
201 10 -3302042997400460347
201 11 1875554990559964961
201 12 -5056757331177001659
201 13 1341341350848508782
201 14 -7352749606219665439
201 15 -2979987718684009941
201 16 3549614217750042440
201 17 -5615047833418283244
201 18 8380867144940149200
201 19 1379550574162957649
201 20 8595677025899614554
201 21 -7252102159283466686
201 22 -1073718212308658951
201 23 -1929969781134461734
201 24 2255172825281069968
201 25 -6613644431666987550
201 26 4050007831595278699
201 27 -6992108879109857409
201 28 5908423470165311071
201 29 5261650828204718942
201 30 -8218126614493029537
201 31 1465816021672587871
201 32 -3236569553219753737
201 33 -6056186134055818491
201 34 -7171557238375850634
201 35 1032134131383162767
201 36 4643393259103392088
201 37 8272744955304757407
201 38 -8966353928698630856
201 39 3147913005631267340
201 40 220266476083010685
201 41 3857227790906754443
201 42 -1174984949691841614
201 43 5795608931785711753
201 44 3686828522584022154
201 45 -602882478808761429
201 46 2301892896277498134
201 47 2487035422691803887
201 48 701294137766257209
201 49 9186675010740943555
201 50 -8864203474073341102
201 51 529059428632652679
201 52 6859256542451913051
201 53 -2254934497565432841
201 54 844887048977258797
201 55 -3240623274334561431
201 56 2566108882504699665
201 57 150439368630871374
201 58 -7889143583267876371
201 59 -2850390318318210058
201 60 7361389799360278336
201 61 -3004768023156464509
201 62 -6678879734828713975
201 63 1143541023205625150
201 64 5855672489877922607
201 65 -7810003710373148680
201 66 3136408806353291353
201 67 -8812604253281014262
201 68 -3658998205938471060
201 69 -5878237732410003176
201 70 4885182170075799118
201 71 3564398595135870331
201 72 2096381032309865109
201 73 7879472696899772616
201 74 8936540300391455145
201 75 -7613339166793486500
201 76 -5726993806193724032
201 77 -6816664731732320470
201 78 -4576409704366091309
201 79 -4663019866795961411
201 80 -8934738390854906944
201 81 6637294792179872550
201 82 -7686062668830552919
201 83 8368177128507501162
201 84 -7542644311072149427
201 85 -6980980061023440095
201 86 2571127403300599698
201 87 -218005885192929331
201 88 8363438330989078248
201 89 -7093986925739735649
201 90 993560700200066760
201 91 1427653152662083174
201 92 -5851890003113438856
201 93 -1878530585586950971
201 94 7833039132581718257
201 95 -6677200446912097629
201 96 -3943997212818149886
201 97 359994874058359532
201 98 3184612007659021441
201 99 1454047996917036031
201 100 -5793452390073330610
201 101 -1036091141151706242
201 102 -2787300217096007824
201 103 896855050437722194
201 104 1643390536503143221
201 105 4328093235825058302
201 106 3951904833115046566
201 107 -4790681035976582798
201 108 -4190129266471524350
201 109 -3073638044128304868
201 110 -5590528326713838551
201 111 -4453076238717659163
201 112 8960389166849864655
201 113 -3854287895376763520
201 114 -6655530170203842109
201 115 -898775114305062104
201 116 -2128946749310118922
201 117 5799162805174677525
201 118 346923262872647270
201 119 7212668408479506597
201 120 6071420003530036105
201 121 5523779464379639378
201 122 -1115460782653692090
201 123 8752514640430506861
201 124 -8374090901752843300
201 125 7181294709464217637
201 126 -3461515442062990728
201 127 -4748842707299420414
201 128 1810350014226750094
201 129 -2091036583807396967
201 130 4774243354611768938
201 131 1389828871429176780
201 132 1629166497302395273
201 133 -3581843004080872349
201 134 6528270095167848456
201 135 -6114961564287732791
201 136 -3444375399846817943
201 137 -2962229835202377581
201 138 4894859369918071791
201 139 -3599989422540871831
201 140 6023076794170008670
201 141 4742161326166672382
201 142 -1808930082661727212
201 143 244195193358902602
201 144 5231489347213060978
201 145 2241497828860734302
201 146 8541531858364588172
201 147 494742977201255468
201 148 6006266627590228790
201 149 5339994467447193837
201 150 -6160248313232884758
201 151 7022007890276899306
201 152 -788590684548160590
201 153 -1399043441655364954
201 154 -5788467875124728614
201 155 -1974242563466220505
201 156 -2097941094295554833
201 157 8049337075250539003
201 158 -5001058472472154979
201 159 3564089948770973401
201 160 1495206324657373859
201 161 7293121154601590868
201 162 -450992759415449347
201 163 938242381015860984
201 164 5774169951441109524
201 165 2135944999116402905
201 166 7600873169266802299
201 167 2408299623430011746
201 168 5978092252690657214
201 169 -477714419498712931
201 170 3009359665474401001
201 171 -6673111585199255316
201 172 4507009295539760037
201 173 -7710807925800537950
201 174 4734497826701617280
201 175 -5104540131547505253
201 176 824711979154923061
201 177 -4596876231190046443
201 178 5498479907427491802
201 179 -4138934303029611711
201 180 2634189566385350537
201 181 5319635987336734794
201 182 3546549466097034528
201 183 8568947130742298499
201 184 6729513550599636650
201 185 7803702028324191524
201 186 7811963693723223725
201 187 4193759720126038526
201 188 -9048017553328518701
201 189 3090976240039919886
201 190 8684747714131765964
201 191 95263871357777741
201 192 -4278586905624325292
201 193 2936154146831953928
201 194 1931636932913096322
201 195 -6644416597094041369
201 196 4251831723995857252
201 197 -7708169025412522353
201 198 -5513109957631322601
201 199 8283593214628616322
201 200 2310811109055907382
201 201 -7780084213632975094
201 202 -9040940328391716107
201 203 48855854594722128
201 204 7256206401727058460
201 205 1851978365309272021
201 206 -2186361053265086474
201 207 -7311824645512165361
201 208 -6717016039881654119
201 209 -5241596579877817548
201 210 -1234426290500290719
201 211 -408058313666303660
201 212 -5456428274509130423
201 213 -8894884240805053063
201 214 5536889297526912418
201 215 -5656268096611294424
201 216 8272320851383176539
201 217 7355536857812359899
201 218 -2696295392146602090
201 219 -713063969482595695
201 220 2733430037204356641
201 221 7199072623064481526
201 222 -3449068240962779490
201 223 2567722776136522813
201 224 3003066469854726922
201 225 -6097344028413879123
201 226 -3334019507980213579
201 227 6550002850729856823
201 228 -1419720347257328787
201 229 -902203072579664731
201 230 -1649262524580017317
201 231 -4373852017003432137
201 232 -3332136143749576285
201 233 -5644885067205816328
201 234 8031307805001177859
201 235 5697310126499692771
201 236 1586451474419702060
201 237 -3896645670658618757
201 238 2841947118020456604
201 239 -2187319192844394490
201 240 4183753577648319632
201 241 -8220128407434311681
201 242 -5025873500442462843
201 243 2641506261790530093
201 244 -1988275351411180351
201 245 -5279299913239048869
201 246 8653415662702208717
201 247 2755863905769123810
201 248 8456602030825940546
201 249 -335712177908759784
201 250 -3096665351608242739
201 251 -9093006485881766518
201 252 1098886746457585095
201 253 -7107128012128620900
201 254 -2303001574299339352
201 255 8751592034230544886
201 256 796038580814011024
201 257 -7782267637158433254
201 258 3859690412584670802
201 259 -4052266961474673204
201 260 6430760655057379406
201 261 -4117297652928540756
201 262 -4009048073924856537
201 263 -7352131594335002893
201 264 6224308185342967043
201 265 104422307283476257
201 266 -112866106436677114
201 267 -7905351399531894970
201 268 4300582246531212166
201 269 3065404796037408209
201 270 91256714136287634
201 271 446255529883382104
201 272 8255090857938571109
201 273 7461993397576462178
201 274 -1974247907202524165
201 275 3525333791847207488
201 276 -2994405186605549259
201 277 4633034454231627882
201 278 -6133718747333699308
201 279 -7344309383068719254
201 280 -5977307344425374397
201 281 -3062901027380510464
201 282 -8402364039557120204
201 283 -5416763842384497172
201 284 1721191203982655264
201 285 -6502590748549365390
201 286 -8385963308983801979
201 287 -7177091687016347711
201 288 -993825302769179265
201 289 3108538376096898028
201 290 1787631214569822227
201 291 -6157934964632540718
201 292 -1108919368229508302
201 293 2893477261166724639
201 294 1321686654837760457
201 295 -1805371200688048157
201 296 -2161844965174783441
201 297 -8287115856698533928
201 298 -527627077627406548
201 299 -8666124247068145440
201 300 9096243678836596790
201 301 365134690244411094
201 302 5327128829543555086
201 303 7190656153890254281
201 304 5982489925047913647
201 305 -2665752658129992286
201 306 4148225583419631054
201 307 -436547744874904612
201 308 5207298647494899131
201 309 -2769403829848833717
201 310 -1744775736950627501
201 311 6773067614012536081
201 312 -7951747993488909836
201 313 694400609424368475
201 314 5451835082125010426
201 315 1837677253512343168
201 316 7784433187162360202
201 317 -9062767021408649732
201 318 1075597792397317953
201 319 3847710781201580034
201 320 1054105694752043365
201 321 -2296162497750381843
201 322 -6771788397905626190
201 323 3986142404231542135
201 324 -2382937850671136927
201 325 -3201945080626109167
201 326 3664655035959379252
201 327 -3582888116852761307
201 328 4832110347383915407
201 329 5617213209164780326
201 330 -4021626997344587801
201 331 -6121052815100343035
201 332 9161533958006049956
201 333 2767402991217002244
201 334 -3990222787122345586
201 335 5812175652371609138
201 336 4934716307329465108
201 337 2127168028084917618
201 338 -8742302695172964965
201 339 1638465073990693528
201 340 6420483230506666640
201 341 535876248379980871
201 342 1722012544060146588
201 343 -3695551615887958109
201 344 2487858722237134799
201 345 -7750211430779687132
201 346 3831377321070707074
201 347 3351652731522052075
201 348 3041376180773101273
201 349 3073301441037510359
201 350 8898283641297482317
201 351 6521329216705459528
201 352 8939982874509346424
201 353 -447964543254960171
201 354 -5159911141337549467
201 355 1636454202736894209
201 356 934587673805730061
201 357 -7321803297759725408
201 358 -395402484111339431
201 359 7009406134061031992
201 360 8396827268101316038
201 361 3409948417772954108
201 362 4858376571047710775
201 363 -8083263454539988920
201 364 -2151418079215673999
201 365 407701999066066180
201 366 -3776917639044733670
201 367 4697098516676812012
201 368 -1640701831694060723
201 369 -1093867354131454427
201 370 8043139465949603772
201 371 3871226765479886077
201 372 -7250723640918650447
201 373 5653175316528810430
201 374 7574348884208883265
201 375 -1919501301300844327
201 376 8882623782333987427
201 377 3093378583356085226
201 378 -8324288865711656010
201 379 -2610384207514452216
201 380 2030900165847708750
201 381 -4612966722205611064
201 382 4609103540120623334
201 383 4764594289970335508
201 384 -1550361619795187887
201 385 -6381863785318612777
201 386 -4739797016596677061
201 387 6007648250749685608
201 388 -5690108720227252226
201 389 -8626571648054006425
201 390 -6060465315345647376
201 391 -5589829992426490475
201 392 -1745899150326040387
201 393 -7757829097126509359
201 394 -8867344366112682027
201 395 4151344689139872043
201 396 -193296911145504013
201 397 5088580193475670758
201 398 -3892334108128538067
201 399 2425347325985269062
202 0 306408981083479316
202 1 8712228283949971686
202 2 1993494628227990266
202 3 -8281873151645056625
202 4 4489814942327848368
202 5 6998796803699746321
202 6 -1442556293701864760
202 7 -4254065565934066189
202 8 7249209010336247269
202 9 5440040139692615677
202 10 6697329587189710294
202 11 -5154248262623522591
202 12 3291456410029666567
202 13 -256868642095986077
202 14 5633317486895122859
202 15 -5530582768685641209
202 16 -7333643220909869974
202 17 4846522602854961913
202 18 -5731995627780500506
202 19 7943056065541137408
202 20 -67830530630046436
202 21 8105288624550335831
202 22 7285748334911062775
202 23 4259860819528886451
202 24 4697421076443904702
202 25 -1915832985939163868
202 26 8721439475694564524
202 27 3616878672407216184
202 28 5162623565594406495
202 29 900646174429119295
202 30 -4300804886544509827
202 31 5040922904318989943
202 32 -3706578839550131860
202 33 7499697461278947223
202 34 3537520478975578240
202 35 -1129266134435738545
202 36 -3009581142574580822
202 37 4084038071092746045
202 38 -8905853230295559689
202 39 -6389735819870791420
202 40 3703186727550271244
202 41 7217473783459329737
202 42 -8634888673279699020
202 43 4397092117415433306
202 44 417895646822129183
202 45 4333363889574330297
202 46 5071882043421492740
202 47 9213598512828676495
202 48 290137625281784903
202 49 -16757887008757300
202 50 5326550530442062346
202 51 2873430256182637761
202 52 8945947861637205861
202 53 4261950086906596532
202 54 7342367914222006524
202 55 1142764651958012812
202 56 4143945547653473586
202 57 8870068262953859255
202 58 4954276510914281267
202 59 -6879838091206822621
202 60 2382060120667598989
202 61 -2433669242703319693
202 62 5794516529743580794
202 63 266874963186541216
202 64 3401839921841156770
202 65 -1874591535457318740
202 66 -355971444648373855
202 67 -5688452817777855760
202 68 -3274590977463533632
202 69 -5019544558810933175
202 70 9178564461623784771
202 71 -4254437191306301252
202 72 5026899801082040483
202 73 -7068144830705938564
202 74 333400592328682989
202 75 1593389695597996880
202 76 -3952468648890670196
202 77 -2158314583450911603
202 78 364365600431393625
202 79 -2441938006294696180
202 80 3763943786657374732
202 81 4080913344827232717
202 82 -4735493984577159995
202 83 -3893046875296037466
202 84 -59254580498164091
202 85 1081305572996409194
202 86 -4872878197997345782
202 87 -1012961339282481881
202 88 -4787879001198958411
202 89 -5907319026403538580
202 90 -4406014196107815745
202 91 2683397080747899656
202 92 2075721956093283114
202 93 976360751660984877
202 94 4345437249831750710
202 95 -7507170039931229255
202 96 -3985672092698496288
202 97 -3361998721356515853
202 98 8812741097365299308
202 99 332443905267046167
202 100 734761990785620070
202 101 -9077878863139528179
202 102 -7766344510767178390
202 103 8915022262770055521
202 104 -418557659644016206
202 105 402617157769176282
202 106 3181467965900782247
202 107 -3710041037339984924
202 108 -3490769340942860444
202 109 -266165032520091605
202 110 -2745070673347680317
202 111 -4974150352479184373
202 112 2441413746583879273
202 113 5872744054187925612
202 114 2127812867721626278
202 115 8005641238452216165
202 116 6434125982679024390
202 117 -966102603969026867
202 118 -6025231097151934765
202 119 -1389269267412801284
202 120 -2303315993267111053
202 121 12931526794574876
202 122 8132189505323235125
202 123 786586284085065088
202 124 -1866482234143862330
202 125 -1290988526682034200
202 126 3906812134882750192
202 127 -3834568352003208806
202 128 -2786137309432814647
202 129 -6064750292983437668
202 130 -7747286124475743648
202 131 4528634335063353643
202 132 -6662598741139343919
202 133 -3038364565404349892
202 134 -2983326529572800135
202 135 1414104145079146553
202 136 8471991075044159020
202 137 -5699672055357913303
202 138 1662965230876574052
202 139 3947423545238284637
202 140 5481040478886431317
202 141 7748966194983386756
202 142 -7927184485334752128
202 143 -1222740830826740081
202 144 -8258094556006979531
202 145 392618770509684011
202 146 -8718541251739374851
202 147 -8854950601611875727
202 148 8591531824128631337
202 149 -6118984994498362119
202 150 331805368751031715
202 151 9167458146924681500
202 152 2738295370349390277
202 153 1089151510352586753
202 154 816553816240094105
202 155 -3432126713969446415
202 156 -4113936009515370301
202 157 -4353897639537685689
202 158 1621906805017816790
202 159 -7040565977351257093
202 160 2363434898657441036
202 161 -4484003364747511456
202 162 3253403162304434935
202 163 7558883130686736736
202 164 -3643064040629992220
202 165 -4357268151984367866
202 166 -2232229165723168983
202 167 -6968908621227920745
202 168 -4176226083982129259
202 169 -2071919510041031959
202 170 5392847837500799222
202 171 -5710357880288790909
202 172 2792981616735342590
202 173 7591918902682228968
202 174 -4787850983969773922
202 175 -3869580799576903570
202 176 8077246721204626977
202 177 -1861183495317348219
202 178 -1131393491803220317
202 179 -3335071196291544902
202 180 -1895262273384097216
202 181 -4598426141978280280
202 182 -6093251440540510389
202 183 444081985078973089
202 184 1075102369227430301
202 185 6106833357380654744
202 186 8370609634277733408
202 187 438655998834376723
202 188 9167224952523268488
202 189 -8701526841215204310
202 190 -1254442667430625162
202 191 -6782610475020728995
202 192 5978179161962675667
202 193 7109928311580456396
202 194 3395375337546021557
202 195 367360572359389735
202 196 7630182886200821519
202 197 8484378493737151642
202 198 -4520453179266188404
202 199 3676560735125850507
202 200 -4330207853688856710
202 201 -7303207300083852088
202 202 2608575142372795974
202 203 -4919513803864713685
202 204 2315524039282984369
202 205 2523533082878521238
202 206 6801596002864296583
202 207 1152650495593364830
202 208 2547683718463901898
202 209 446514038333069579
202 210 3055897068158383977
202 211 5064079241516484090
202 212 -7495314964425751365
202 213 -1342160192349228182
202 214 -3751280063455709632
202 215 -7150513604329440404
202 216 -5859326658542652953
202 217 -2386880728305825717
202 218 -2082843673626646594
202 219 -6214278936896502787
202 220 -2062117068583423938
202 221 9103660060793522841
202 222 7600225220576149518
202 223 -1055364431614874766
202 224 1596572036131910227
202 225 -7885852616118497572
202 226 3350990009509584779
202 227 -2956600376973980549
202 228 7070672917266959651
202 229 -7222272234355376508
202 230 -3164695414584334289
202 231 -8939368655954414632
202 232 1057900072296268552
202 233 -4719684407368912616
202 234 7554115544799583252
202 235 5550044491453139442
202 236 -2835799181835225060
202 237 3613123971629694669
202 238 -2744376726117758141
202 239 -1261448696448786134
202 240 6045315598443097235
202 241 2951232075130219445
202 242 2410278515892066543
202 243 -8717608462130075788
202 244 -8908000959693763429
202 245 7318601622781662753
202 246 6435794211468219051
202 247 -6647345998396964245
202 248 2774545121883156690
202 249 8730737212986719573
202 250 7173371490721100544
202 251 -3185256126572271852
202 252 877556805321560020
202 253 -5175934930342718049
202 254 5227809232052169670
202 255 3120256915044563872
202 256 -3707099220218510552
202 257 -4105595606622256489
202 258 -5481087791718675610
202 259 6853193691958928028
202 260 6012305047914404644
202 261 1890275812866045430
202 262 5205523805359040365
202 263 -4793877414831668398
202 264 -5505240456132278096
202 265 -8261955566716058406
202 266 -8717369670655779732
202 267 577715806867023720
202 268 9089911935099313975
202 269 4644048501164057060
202 270 4319087727109880356
202 271 6308019088812225930
202 272 7219921640655991086
202 273 1980822010947116633
202 274 -8445162703835034441
202 275 -1990620482505193741
202 276 -2049046297516901419
202 277 -1471645826009387176
202 278 -7788718159443136062
202 279 -5529091103496679430
202 280 -3433377990023006625
202 281 7489559936076894353
202 282 -7990326410942009599
202 283 9177556448236041905
202 284 -5894176955963966045
202 285 -1697931634048607213
202 286 3690122706671576843
202 287 -4707974628083134926
202 288 -670867952460908254
202 289 6215339893027039789
202 290 3238785037228089116
202 291 7485594419305164919
202 292 -1126019516610418111
202 293 2404609731640973303
202 294 6132781744887868044
202 295 -4282878710148630574
202 296 565978777784117518
202 297 2169583800786895280
202 298 7157918929277874107
202 299 -3051878267900226413
202 300 -5208332547500063857
202 301 393507604360287796
202 302 1674440627376552203
202 303 -5435303129241433075
202 304 -490341435409807604
202 305 1862538298077868666
202 306 -6153301644740422235
202 307 -5662393858891817783
202 308 -9147663585575947792
202 309 -521755088693350325
202 310 -2878490562342174030
202 311 1316041065456853075
202 312 8013969558085444756
202 313 5666090802511174533
202 314 2828882601410625075
202 315 -3993043739373893765
202 316 8264198333024779759
202 317 -8215357392687880147
202 318 5352314396701660674
202 319 -5171136009054665358
202 320 1855241257165092787
202 321 -4103494454629691719
202 322 3282534268489784481
202 323 198599501316306905
202 324 3394036264143173664
202 325 2481172502353616623
202 326 279810007976097238
202 327 -4329742385343912398
202 328 7381684298164854882
202 329 5904857227123483294
202 330 4371165024293280358
202 331 5827926002196240999
202 332 6911183278431498724
202 333 -6042065262286120633
202 334 3416938953703387882
202 335 4478743380091714771
202 336 -2662601823952055191
202 337 -1629183884780867091
202 338 2345763320903311322
202 339 7869463580345635821
202 340 -4777071112942125999
202 341 2336148051662162406
202 342 -7169574305420101950
202 343 5141728627206355705
202 344 -7603057362424451629
202 345 -7367944269927929349
202 346 9008670799647764612
202 347 2866140080297390514
202 348 -1373995519995911592
202 349 4235447031803895689
202 350 612727990626597435
202 351 4465746013861662875
202 352 6375995162134820342
202 353 -5663213591642514077
202 354 8595550249778437081
202 355 6683459589616392830
202 356 5909125642589030079
202 357 5857830852168711323
202 358 -7630257256811088422
202 359 -2175218133193574430
202 360 -1344496249875200032
202 361 8704588324226756981
202 362 -2330624459628008819
202 363 6894626025878048716
202 364 -7994344090119437802
202 365 7835597945171225562
202 366 -3994045466222701033
202 367 394389419237023313
202 368 -8462732026211594528
202 369 4030611172947855926
202 370 -5436033155926610568
202 371 8515980005832219173
202 372 -5350758833853326220
202 373 -6685215263311267596
202 374 -6711577390221927811
202 375 5906729363619890479
202 376 1074608717560360819
202 377 -360009899128004874
202 378 3363663710856149412
202 379 -3538901389881682371
202 380 8623921106999863807
202 381 -7476408767722852192
202 382 3771799768464090476
202 383 -3863209464762950845
202 384 1158654233003521122
202 385 -5963047398991164085
202 386 1091147127157656337
202 387 8247605428974251964
202 388 -8093118874082002609
202 389 4078517073097455686
202 390 2130444841880981363
202 391 -7126217357983347602
202 392 4511570478557683995
202 393 2322310475764981005
202 394 -6626784466328267010
202 395 -2979752001011835147
202 396 3916864939384320770
202 397 -3281371285677949124
202 398 7825406409369474940
202 399 5838476451943614735
203 0 4256991510974521620
203 1 -9075945016083519394
203 2 -2160714730472175920
203 3 -4416819930198048209
203 4 -7944448839452674060
203 5 -2323167563733867617
203 6 -6283117661318216700
203 7 -3451757697504050311
203 8 658003166902667918
203 9 1111797934855351712
203 10 3482173433759212491
203 11 -5696819353994020967
203 12 2812220274838813168
203 13 8913258303539193879
203 14 -1599923061010359034
203 15 8985120621088610105
203 16 8462737946438463597
203 17 9121614793024632707
203 18 455800825505753198
203 19 2949890317384333397
203 20 5164688209676447307
203 21 4683856342757183583
203 22 -9178803477419528730
203 23 1995855023652030546
203 24 821601106176065209
203 25 3429393926941670318
203 26 1194719115411090820
203 27 4827842321749648743
203 28 -1102726172232021935
203 29 -4126227380514510190
203 30 -2867733647247061458
203 31 -5745706346505073548
203 32 5549553981592936766
203 33 -890683553075825574
203 34 2386185345114710933
203 35 635988140151037850
203 36 5932103009961004696
203 37 8462884164888330969
203 38 446605424828236256
203 39 -6006844280323791958
203 40 2647650259137602762
203 41 5037607324195696572
203 42 -5528340778219414058
203 43 -5554507770681150708
203 44 -6585345297763547544
203 45 4106490891163970709
203 46 8376666616968924521
203 47 -3352569369153314434
203 48 2781956577189895775
203 49 901233440395333018
203 50 3559445034168258595
203 51 -6959440904989040404
203 52 -7799007776803586736
203 53 3908859039956278782
203 54 8517468040487809178
203 55 -1910039259588695358
203 56 4138903511918178655
203 57 5603476796766579418
203 58 -4543295684802564728
203 59 743373653135492580
203 60 -9033780027093091560
203 61 -8619601455503217160
203 62 -1867909855693375370
203 63 8262971586194492307
203 64 -4390466112870802052
203 65 4791902559063704998
203 66 370333370311418234
203 67 2379580071025278775
203 68 -6070481415753808385
203 69 -336011142604055962
203 70 6596919805384833849
203 71 4636209869614180484
203 72 -7015773164590941411
203 73 8757555964448311095
203 74 3691891300077891019
203 75 3381594460009007233
203 76 -1943854114230776288
203 77 -6886984980799298076
203 78 -7991306306078503093
203 79 -6264151072536878458
203 80 7477345173418611065
203 81 -4879028933865350422
203 82 -2776595385794359817
203 83 -6377689327475063956
203 84 4418593223668402046
203 85 7636829907477376822
203 86 7349649598882826930
203 87 9049485662078642244
203 88 284432801460351805
203 89 -6708766499830177169
203 90 8266290935516836496
203 91 8981889192893752634
203 92 -8868801246958976766
203 93 -7483065467939234020
203 94 812281130430613984
203 95 7790234808747378927
203 96 8165338170952666062
203 97 -4824384606238125436
203 98 6238944275171843771
203 99 4885012072491474422
203 100 -6409250887241402364
203 101 4223502447834545460
203 102 -1269810073918132820
203 103 6562367771919559905
203 104 -3892673699055582005
203 105 4966642235386296509
203 106 1606204734277332853
203 107 -5209059471890921509
203 108 -6755839543474272754
203 109 -8762604130434336890
203 110 8163767287954464058
203 111 -2257967898645239396
203 112 -2361020094502819916
203 113 955881586377423553
203 114 8982122435680492251
203 115 -3295643941088304811
203 116 7805838602267158998
203 117 595230546407869152
203 118 7508207062030347111
203 119 4769368887925643042
203 120 244004589061204873
203 121 -4942767070394467476
203 122 4452032166968301073
203 123 -7897460577908068376
203 124 883971147056923578
203 125 -2174174018037341379
203 126 -5283061194418935086
203 127 -7834812520832078870
203 128 6779397757239999990
203 129 6580140955167576771
203 130 972088179211188017
203 131 7357825422364854310
203 132 1787259495499270495
203 133 -1933176890024311208
203 134 -6764708788288563961
203 135 -2827847233187041465
203 136 -5515010278310104926
203 137 4050054097644817353
203 138 3798759266902435665
203 139 2950399355428374824
203 140 -5165484603891506155
203 141 -7279309141641838485
203 142 -6879950368939109885
203 143 9116357525855107745
203 144 -4721627096027666240
203 145 -178411498677214052
203 146 6764645763356034913
203 147 6620349521723574602
203 148 -7312630260971295635
203 149 -4385213134471611800
203 150 -285053584841168131
203 151 8501404042870861735
203 152 3306714745265116963
203 153 -8630216941348280432
203 154 -2476002100761177147
203 155 -556524167937018067
203 156 2847640805257651400
203 157 -6873219182081206520
203 158 6369659307098421732
203 159 -8552417974600122404
203 160 1614672329646341606
203 161 -8962973004375833169
203 162 -875956795704811848
203 163 -156124544085169409
203 164 -5225417973350452930
203 165 7561171746737048275
203 166 7992755099414359622
203 167 2422606858676619177
203 168 -158761352855777237
203 169 -3951041545110558950
203 170 5351035142162368049
203 171 8752616992868603647
203 172 8767711861286194512
203 173 -6711567889514418417
203 174 -5281516171433662355
203 175 -7179318715792975332
203 176 -7173385416565337200
203 177 -2858077494172936515
203 178 -8788924136121273323
203 179 -1032168014810588619
203 180 -5475829316571558206
203 181 -8409900348726363511
203 182 -4245181263142860582
203 183 7299613307685675475
203 184 6443152164033206254
203 185 3590790828781601048
203 186 900414172121870721
203 187 1846227338796646638
203 188 8275414104412281396
203 189 -962674560012739199
203 190 -4966746850045976214
203 191 6677833645554755823
203 192 -3768328636188453165
203 193 1551916692462556989
203 194 -2670310166886196761
203 195 4942828731642100764
203 196 4665822766463897826
203 197 2514358498945103631
203 198 -1860542680724578636
203 199 -3389081665773276015
203 200 752787554515331910
203 201 252693056482347974
203 202 -381765395616380002
203 203 2004727988471349748
203 204 70613387896290389
203 205 -8481228395515710823
203 206 -6319275795152281431
203 207 1039719422273112352
203 208 7619800857084116692
203 209 3890582222211006766
203 210 -3576627229038382385
203 211 -5066476354938811564
203 212 1859369697837580672
203 213 7511891978206122840
203 214 2082830629992539466
203 215 277176505442819542
203 216 5846204063174780781
203 217 3525032007118931841
203 218 5392197663992023732
203 219 2000683130369793368
203 220 5896878692617055151
203 221 -6864761518441287827
203 222 -5638363818639174271
203 223 1273406623870168332
203 224 8340255019197614863
203 225 -8975444987722677139
203 226 -776619872055828373
203 227 2298365031825840379
203 228 -2458575829227682557
203 229 3329806536672229724
203 230 3382283694452408673
203 231 5094356638608235733
203 232 7939998207133402644
203 233 999501885712897773
203 234 7328178775967713391
203 235 3894732475351588608
203 236 8029534916486456331
203 237 -475674443875399225
203 238 -8442121769902859344
203 239 -117347736765230727
203 240 -5863213754667975145
203 241 -850287436227043275
203 242 -6127662792319166852
203 243 2095076933680341865
203 244 7533740413125062716
203 245 6559712389977700309
203 246 -3186984649025242114
203 247 1311484789997611731
203 248 6011819560142093815
203 249 712558997933667179
203 250 -6463787223144625760
203 251 8345061023311217383
203 252 2773711407307383539
203 253 -275410114771328269
203 254 -239886273193810239
203 255 -1154457486893223500
203 256 825422785658893696
203 257 -2628268059879955685
203 258 -7426892612768441355
203 259 2829252545774299271
203 260 3866299547964406780
203 261 -8886595164412815905
203 262 -4806994789655599543
203 263 2246712042478304903
203 264 -4483876896944698541
203 265 6114450441801909226
203 266 6985073321954395960
203 267 4101551863246329050
203 268 -6317630360487786427
203 269 3737314087739793400
203 270 -5864793768951214746
203 271 -4262554601338048603
203 272 731343117185903208
203 273 7391016663125786012
203 274 -8522738424087301214
203 275 -3443016510891128159
203 276 -4217934606342991498
203 277 1238057454789866589
203 278 2655516070665238191
203 279 8804935795794486423
203 280 -8766089515428113285
203 281 -3079104366133418210
203 282 2790100472860919277
203 283 1720164901325842230
203 284 3727990408842083018
203 285 -6347911137451307189
203 286 -5054693704609187941
203 287 -299364335389645705
203 288 4985514130810758463
203 289 4018419827021241260
203 290 -3333302728778728493
203 291 8841136852332706188
203 292 -4750522352371020670
203 293 8418090960580069218
203 294 5427304327645152710
203 295 -2131197882580931426
203 296 7977278494620022994
203 297 -67144292946070213
203 298 -2978609622406264023
203 299 9171282868584642443
203 300 8794779389432496147
203 301 -1140735025135321072
203 302 8004697781253971691
203 303 -190512603349433938
203 304 -1930791954970371560
203 305 -1501419070741376263
203 306 -3533322912436349332
203 307 1038213701784658373
203 308 6848942379138866307
203 309 3182284853373967934
203 310 4121782343729134613
203 311 2748157447915572096
203 312 314337050011775421
203 313 644510533559568192
203 314 6205024153260606584
203 315 -1500065372458909015
203 316 839344610190998837
203 317 -1268219959126896315
203 318 -3086095145891579208
203 319 5948342172659820071
203 320 -3034279573944864511
203 321 8204216542939280386
203 322 7412169610152653503
203 323 -4393383461752525667
203 324 -3857723597498606090
203 325 -8396853729271204893
203 326 -6892712980316065315
203 327 5007337252802012699
203 328 -7782570599841640365
203 329 -1875132880455946938
203 330 7897541461393937706
203 331 -2761934059684434863
203 332 6427769839770327364
203 333 -1135459596656812941
203 334 -3282050397425619974
203 335 -5552775232794605640
203 336 -2005297581865802958
203 337 1189727417043664304
203 338 -1228253137860728093
203 339 -8318476439363450310
203 340 534519755506984781
203 341 -5656937141534292589
203 342 8079398780545615989
203 343 -1761554272079068066
203 344 3161656345181329659
203 345 -5478428550985553010
203 346 5677476521808734069
203 347 -2043769966664358084
203 348 6063837774068503792
203 349 -7130193044495621020
203 350 3960147868111738236
203 351 -1490382712255993198
203 352 -7315196499607535142
203 353 -7671355415325016218
203 354 -3055788852171702161
203 355 -8344956186590089133
203 356 -7670601525981174577
203 357 -4468624850572526440
203 358 7600292730366629240
203 359 -2657224973864879901
203 360 -5820441662096391076
203 361 8550244271457714598
203 362 1475803772971124503
203 363 -3155194762567807688
203 364 6402805862912984625
203 365 6922150504967484455
203 366 -4833522292660779757
203 367 -7590989383890332906
203 368 -2484222240250986035
203 369 2499224730676000005
203 370 1655866029087372576
203 371 -564158388051212862
203 372 3945582766972369462
203 373 -1880884526352360970
203 374 -2097471288653628231
203 375 8970571112601945201
203 376 -8230550624250977844
203 377 3286988301386957277
203 378 3913888637919756891
203 379 -5306227045402976644
203 380 -5900418903548185166
203 381 -7013180907074726908
203 382 -3318818153935562759
203 383 -1148490218397453301
203 384 -5385429213451159671
203 385 8622770180571034335
203 386 124848781005805838
203 387 -1009223644039218492
203 388 -5589726477417844569
203 389 -6341826592198414744
203 390 -4061784846551125970
203 391 -1095928121483691268
203 392 6606980747822650005
203 393 4498725476402476793
203 394 -2679506979397102269
203 395 3364171482949224021
203 396 -2411301435795681201
203 397 -344405946816020580
203 398 4766696992506916969
203 399 -8425272115466943333
204 0 4514551786464382724
204 1 -7325078477006765657
204 2 -5663932063186229199
204 3 -7824082134085234144
204 4 -5938389319048774113
204 5 460897515819679074
204 6 -3632225925181825844
204 7 7920325647586781012
204 8 -8724081599357865558
204 9 2421712240301036992
204 10 1341529687276748603
204 11 -6396204667836729292
204 12 -2339036348960909825
204 13 8525296015078755935
204 14 -5038406634380475204
204 15 -2057427991828548582
204 16 6614413829526098836
204 17 -3651677779172955617
204 18 7460681550085817140
204 19 1691502612726747230
204 20 1804410083095257270
204 21 8477647505782154131
204 22 240602714892709381
204 23 6180388181487207360
204 24 260681306646983039
204 25 9221562418944999058
204 26 -5250618480065314557
204 27 -6160082496782556608
204 28 2795275884475162500
204 29 5059157709943405201
204 30 7917265781593703913
204 31 -2950836578506462508
204 32 -6767543702921025367
204 33 1878206898248132344
204 34 -533129283087404674
204 35 -5988230235073413020
204 36 -4494865843568799139
204 37 -6551103288732823643
204 38 7283121383006910397
204 39 -3389118649956409233
204 40 7247556178295250481
204 41 4049986364520862958
204 42 -583569601826352722
204 43 -6727060580755292098
204 44 -3826275141279811362
204 45 -1760146363453638787
204 46 -7948101043291385744
204 47 3054903004122745140
204 48 4289901170809487340
204 49 2238434291572244545
204 50 -5397754423212744125
204 51 7043781328040946057
204 52 3972669127840168288
204 53 -715413998918143816
204 54 53525833007254345
204 55 5165346004285169403
204 56 6003123742398489639
204 57 7006472347236760719
204 58 -463744294662466225
204 59 7506580371014902751
204 60 6963804078613962377
204 61 -5255891395278601293
204 62 9103086357030165287
204 63 765919699250000206
204 64 -4106730366463313985
204 65 -6462794185049358579
204 66 1411158647234106592
204 67 -483601558835714149
204 68 8511570394636468104
204 69 4127307375612324230
204 70 6102768584468188979
204 71 -571097464179805944
204 72 -4404255593038429296
204 73 6075956725153437168
204 74 -9036740791315323138
204 75 -4686027551124186475
204 76 -7254120812722754216
204 77 -6550784400793052095
204 78 -6232242693424990308
204 79 5271020392286262912
204 80 -2114415315579239416
204 81 8185872656006870215
204 82 5596466484523389758
204 83 1018247738320728250
204 84 -1331763550998427268
204 85 -6535200411363860684
204 86 -6241514530782407098
204 87 -4400876027240153550
204 88 -8799642320790028331
204 89 5189353089305742102
204 90 6581544445221127268
204 91 -7647247397511375101
204 92 3128880920312830091
204 93 7422464725511312551
204 94 2676898032295754673
204 95 3799807077990195612
204 96 4307637597465841473
204 97 -649444034535746706
204 98 -1820387995489058431
204 99 -7014525862964068340
204 100 8107674680322436344
204 101 4745897385582927968
204 102 -4998599338842384244
204 103 -1266712989692727901
204 104 1746701417456911914
204 105 6165843651527252811
204 106 -724867174429888585
204 107 -8968938296601500048
204 108 -4468328727178997641
204 109 -549546232061322469
204 110 721116564478679485
204 111 -2515725275731408915
204 112 -3561955246393153172
204 113 -8041654530166439794
204 114 2424648712710342487
204 115 3749935897898669375
204 116 -7154431770857824673
204 117 -2169199914819341206
204 118 3180773216235193111
204 119 2616365453093264404
204 120 213889476626900866
204 121 -5145931245226386407
204 122 -6699540277847824759
204 123 521738632211095390
204 124 3478500585557936720
204 125 4600511598955771947
204 126 -1587133853990547465
204 127 -5654386489162545022
204 128 -6247645172041631339
204 129 6399935857954461814
204 130 6452011092794397647
204 131 -3668085312833026576
204 132 -6723564175234012528
204 133 -1065322871056994234
204 134 2833385916095041090
204 135 -7789200419382306263
204 136 575805330400743187
204 137 3860654223093444768
204 138 -2707873503716249677
204 139 4571967166841230687
204 140 -476046665238745527
204 141 -4022444229781490081
204 142 -5730631957979545578
204 143 -8720859457612636164
204 144 -3556466362301404441
204 145 -8546439962878299657
204 146 2704764082887363545
204 147 -3444711176730961815
204 148 4543078828698440076
204 149 249350004563716182
204 150 -7387984268136190661
204 151 5899971886398936364
204 152 -6792242844043851679
204 153 -1029309379809757471
204 154 6880406041792314557
204 155 -3170190534229202405
204 156 -7269860584994395101
204 157 8777239541956480897
204 158 3477534637744662494
204 159 6784727988212647614
204 160 4768720477779466836
204 161 6254558405832264779
204 162 -5021811378527365836
204 163 4070218327462680744
204 164 3429546344015004615
204 165 -7378615927991556777
204 166 9148340742205698414
204 167 -2988939497194400295
204 168 -1944348718833084095
204 169 -8472551738759248664
204 170 -2702601073716880608
204 171 2129269407290327606
204 172 -1455544051283802987
204 173 6033327065340868571
204 174 6652869244436075661
204 175 1595196520011100457
204 176 4303693301664734374
204 177 -1674615603758188719
204 178 -838919607775868605
204 179 -1817195103791769381
204 180 108237717793400373
204 181 140266252137172926
204 182 -917754266465189027
204 183 -8576794426264865771
204 184 1469370067646160967
204 185 -1209144794718559512
204 186 3607850023881247459
204 187 2968852531745049465
204 188 -4568768944323927093
204 189 -5768461605280888570
204 190 1509492943693419006
204 191 2511895910731009116
204 192 3032959298769587881
204 193 -4571187023961788533
204 194 7207329400080539911
204 195 -9080545079877876058
204 196 -7042476719502962492
204 197 3842398608381276719
204 198 5906050956605150117
204 199 7153378936856238151
204 200 -666972427251528090
204 201 8437773200436779162
204 202 -5526945194965754303
204 203 -6500397579298321846
204 204 -5883320525664557339
204 205 3147735886151388921
204 206 1906752627465597132
204 207 2131992516931674136
204 208 791242603114783823
204 209 -7236054361915086335
204 210 -5721390974056557076
204 211 73502571223243583
204 212 -4923384057687218265
204 213 1042198602063050753
204 214 -4613231631598480115
204 215 -7185972739904668670
204 216 -7575222339919156156
204 217 1502990991235714207
204 218 -4352986385411636637
204 219 2165057411382958922
204 220 2581321700813534745
204 221 1645940230917869319
204 222 -2443064466093073085
204 223 8224245040489876234
204 224 -2073569797714208709
204 225 6350985130952318763
204 226 1216971697343068172
204 227 5236482552049022343
204 228 4860449906368800343
204 229 9217687759558747800
204 230 3296732230897034537
204 231 -2135195296110550336
204 232 -2148001533447578499
204 233 -280103682351369955
204 234 7532990920906525628
204 235 7376691248138969793
204 236 5393634893391526061
204 237 -3076233417779023543
204 238 3693863754320224851
204 239 -2607805280175672621
204 240 -3074684489229714418
204 241 -2143056996385152775
204 242 8984197366200053453
204 243 -680243408529568299
204 244 7177517662941370875
204 245 -1733548074286329368
204 246 3759332223443773985
204 247 -6058689293965371568
204 248 -8680478730975117412
204 249 6188535132149954161
204 250 8125664924379138245
204 251 8961943323006392662
204 252 -1346686739304409007
204 253 -6950671524894168557
204 254 5598923452734519522
204 255 -7613759554865611591
204 256 -4218985025395401933
204 257 7546019372840337395
204 258 5595673943163906295
204 259 7811717728251696713
204 260 6745103667242910655
204 261 1452669024235559687
204 262 -780858350508605257
204 263 6989164127040528101
204 264 -7326535286832696580
204 265 1165591707150007961
204 266 -1413100841527285884
204 267 -5565682490729887129
204 268 -1827609947170577667
204 269 -1978473486624528597
204 270 -3230679665634968524
204 271 -4742524724458568281
204 272 -8559780138322641999
204 273 -2722362828304247028
204 274 626999277070112753
204 275 -337684633640403779
204 276 -4300191685174943082
204 277 77598697425036638
204 278 1237522442978387986
204 279 -4914020460141008335
204 280 -1229033243023724851
204 281 -7800967020726571821
204 282 1316309285496421018
204 283 4951424805517831059
204 284 -505726096005203734
204 285 -7283429504571121161
204 286 1438670253607975150
204 287 2056775752092267093
204 288 1539993067444256157
204 289 -1482013612609164234
204 290 3769525115719581241
204 291 5577496068895730269
204 292 4940314727418017351
204 293 4991659089543187698
204 294 -3183856915812457233
204 295 -2743723035473580903
204 296 -175172697415221814
204 297 -1770381307264994021
204 298 4521978217107041808
204 299 4709782969375557286
204 300 -7718642784836596838
204 301 5495084590897941016
204 302 -1116969087885995815
204 303 -1137322741811159
204 304 -6708740825291080475
204 305 7778643574786326432
204 306 -7616747970593915682
204 307 4966538318852849010
204 308 -9017464585193496939
204 309 6000840976991273406
204 310 2174031287889309176
204 311 -7683853931571129883
204 312 6695365682582134762
204 313 -3383605383279363845
204 314 -740878780665107794
204 315 -3536084892317118877
204 316 202377199710182761
204 317 1422718522304406264
204 318 -5435201984750694361
204 319 4959226806852708559
204 320 -8108303614859265537
204 321 -6993984281306240198
204 322 -8226177531968149381
204 323 4275080230739263378
204 324 -3508429895819362264
204 325 2471659387494850239
204 326 4077997178335800063
204 327 471234723620043467
204 328 -8414793442283857832
204 329 -1333881045432547884
204 330 -2574512996758369640
204 331 -6136362689203789554
204 332 5032103298096017857
204 333 3901559627400051925
204 334 6646364334916440229
204 335 1723950105468061013
204 336 2819192983016747087
204 337 -6784717196518112882
204 338 7509278416742410195
204 339 -4225930095427776206
204 340 4230839392499732614
204 341 -6714063108210332158
204 342 4124461819331103485
204 343 1849772289158547531
204 344 6623842073028538133
204 345 3896509150368756067
204 346 -2325839949783307020
204 347 6828559621842633481
204 348 -7671630005286666567
204 349 -918716545272367306
204 350 -7637699340333800713
204 351 3637747563274529630
204 352 381242536981468405
204 353 7798749788351157128
204 354 -816092350360693727
204 355 -1756071672197818048
204 356 2478815767164680904
204 357 -7054861296677404997
204 358 8642196429023439619
204 359 -5109328097973347871
204 360 -3663001126392949133
204 361 -7589897732516717310
204 362 1416946551193724040
204 363 7950268165132164239
204 364 -6694538678853859410
204 365 5482253082914478373
204 366 -8467216595878000391
204 367 5037225094195080180
204 368 3588740964946807542
204 369 -2388710164031989077
204 370 7956019386680233830
204 371 5364545401792802695
204 372 6116003864204398196
204 373 2450752383991299638
204 374 -111216836104279579
204 375 121610373186062596
204 376 -7355085188890447223
204 377 1596058751253291457
204 378 310812084439014380
204 379 8783882543073213003
204 380 -971871098503043538
204 381 2486670694212416017
204 382 4684468946886919080
204 383 2826477286416279526
204 384 5854044494073189488
204 385 -2856765035085532660
204 386 807620448286729358
204 387 -4026649039965619041
204 388 5065726062786287243
204 389 -6906645085407868926
204 390 -7879175213339288045
204 391 -5452631574856638140
204 392 -1256787499605548058
204 393 1181822126760786854
204 394 3720128543320329747
204 395 7104634763188121542
204 396 1613387322017247687
204 397 -7277159644327799393
204 398 3766030796249680488
204 399 -1867090276234095474
205 0 -1114023290275198326
205 1 3871789772246665581
205 2 7389466510249262129
205 3 -6069331146880115425
205 4 -6711159609896874983
205 5 -1233623074150667601
205 6 8848945852695628314
205 7 -7571497688899192595
205 8 -3851967806300434168
205 9 3964061510939995167
205 10 1132639429339550400
205 11 541314888703367926
205 12 -5875839366395749027
205 13 7779320240667913256
205 14 8602576837709236107
205 15 7028868958944983238
205 16 6108792403745489071
205 17 -5691295202346385733
205 18 -762473506143226353
205 19 -5326090273153042759
205 20 6209669285631158537
205 21 -8489983584661172622
205 22 -2650156232620634842
205 23 -8411506576639236447
205 24 -4156840752759950974
205 25 4515331115947450235
205 26 -4289265606546917126
205 27 -7579548718731372768
205 28 -6827060169406052152
205 29 2669941123465191181
205 30 -9043559831381318272
205 31 7103265172226819432
205 32 7583931722565210001
205 33 3760572723876875308
205 34 -697794265779333237
205 35 1951202706227722220
205 36 2623693974552064143
205 37 6679668147292066329
205 38 1000084079101520289
205 39 3395333560984686294
205 40 8137878934818998141
205 41 -1465656759567270567
205 42 -6956218807712194642
205 43 6525687118825625056
205 44 -4506472897909192634
205 45 -7307559965369865699
205 46 216653395916915454
205 47 1368179207953981158
205 48 -2908978749858106
205 49 80074401795148074
205 50 -460371463946032197
205 51 -4099018151144387449
205 52 6938162732567494109
205 53 7345092038748696976
205 54 -434407046656047975
205 55 -3979717788469918690
205 56 1833621497243302879
205 57 5202398485107182426
205 58 9100153446716346838
205 59 -3499896051237608510
205 60 8841732408757748255
205 61 3000287157441063408
205 62 -4505626564896249478
205 63 -8448371655009149959
205 64 7962811138744332477
205 65 3496358833840109670
205 66 -3132935339634984283
205 67 -1379257694837673138
205 68 -6686928557682280413
205 69 -6302859397501489649
205 70 -1784293412320638006
205 71 -5301100995936134600
205 72 -6680508974336901552
205 73 -6356734630271611605
205 74 -1807948781365329936
205 75 8380917983797512390
205 76 -7701613689202681842
205 77 -4038353410393305287
205 78 -1037453367549423265
205 79 -5393541350417608927
205 80 8221508447204479542
205 81 -2744935899263904671
205 82 -3386280621498846735
205 83 -5687572001396643610
205 84 8119584381365891686
205 85 -3271701457548991148
205 86 -477142958201686249
205 87 8039564804827979018
205 88 3635501869872171892
205 89 -2555345447219523002
205 90 -3327639969573838726
205 91 5816410831570116750
205 92 -6511219539301727232
205 93 878165366675589991
205 94 4902837104727644559
205 95 -3438218049847423217
205 96 6694383242989914886
205 97 -767381049969165274
205 98 3552384802725472075
205 99 -9000756489394196777
205 100 -8084764114422406646
205 101 2741136419689131724
205 102 -7598986000630412026
205 103 -2940639261592254434
205 104 8060331124277591401
205 105 -2086019387326213391
205 106 914934642409896099
205 107 2247689516246050556
205 108 6662463921004767220
205 109 -526842528053606986
205 110 -5076416313852200298
205 111 -2268746277176462696
205 112 -5795388517026354521
205 113 -5412908201337634296
205 114 6329787257247421851
205 115 -4282935562709159747
205 116 47575928577049329
205 117 6845670433104486761
205 118 2530725000835590164
205 119 -135687704574865692
205 120 -1367992345994510131
205 121 -7716614600407135768
205 122 5475854259726931529
205 123 -4695945881428774933
205 124 -66259722822036129
205 125 -2365044473520284037
205 126 -1243730288920911031
205 127 3061894845105131088
205 128 -3482574896343167612
205 129 1992098183942520109
205 130 2283788714979303078
205 131 544614735209099354
205 132 -6967501531654721921
205 133 -7476700575292766318
205 134 -1885097190515894056
205 135 -8682180792136704521
205 136 5345157346811188779
205 137 -7740020126002304242
205 138 8866018608074098733
205 139 1749802833827292509
205 140 1575490156650531020
205 141 562295596270921582
205 142 2641275557235379632
205 143 -6976930223009023097
205 144 6836047141217007775
205 145 -8733262184701358071
205 146 2360429946872627180
205 147 -3306287151736387566
205 148 9152557543471046270
205 149 3509270976895511045
205 150 1141104848115555443
205 151 -5371656127910383894
205 152 -8879947997703933795
205 153 4015163794905661876
205 154 8543100998434640585
205 155 6459686159408278328
205 156 7201649742546111302
205 157 -19100009669386375
205 158 -4659843838565461028
205 159 6832511447511190451
205 160 -2269312211588571412
205 161 3211401469080520483
205 162 -4054783524818227963
205 163 -2037589849054977574
205 164 1568922738241280175
205 165 2298787315431621977
205 166 -5568200659611901915
205 167 1879421695604484235
205 168 -4321307929905683080
205 169 439760255343761108
205 170 8706662658204094600
205 171 -3283418793071832397
205 172 3164654912338554684
205 173 -3224642752418045150
205 174 -1113414416186285846
205 175 7797819623605559395
205 176 9153301386853888208
205 177 -8364733131599368228
205 178 1503935573838740924
205 179 -456882315622344231
205 180 8227586939797039316
205 181 332215185284886685
205 182 4045151230692137407
205 183 -1994975594707469415
205 184 -6825093534136156034
205 185 -2808814119422316772
205 186 6462318702172968775
205 187 -6876499724357490311
205 188 1068333709649521423
205 189 -4511761734518957230
205 190 -6554457109083434860
205 191 -3739436706278495415
205 192 -4725209170366282056
205 193 -2427043180318063160
205 194 3145508280231418418
205 195 530287797944676770
205 196 8424176425875646962
205 197 3988549446843020412
205 198 9067073613194422475
205 199 764860046244322444
205 200 7198953710432746329
205 201 -5652822904876435462
205 202 133727043893540141
205 203 1032968696291160632
205 204 880266445612869525
205 205 -789478807723558506
205 206 9107097106591348756
205 207 162164534504293890
205 208 3810939123335853937
205 209 -7653123294229460455
205 210 323274298951715323
205 211 1381920575605184409
205 212 5862064539451026941
205 213 -1617238705206017323
205 214 -6595109004504117559
205 215 -8228881846379788358
205 216 -7664935136595602156
205 217 2053933775802994939
205 218 -2618201007343174867
205 219 -36200244360562523
205 220 -2778150856812561051
205 221 6718430298014870987
205 222 -2799038530191121971
205 223 2760312374233148828
205 224 -7643784426403507636
205 225 7858983488504674109
205 226 7530343628555379811
205 227 -1196506780059769210
205 228 8536704962635199034
205 229 -331191355772220547
205 230 -6819545329318267185
205 231 8252801843331340077
205 232 -8022805554908818315
205 233 -287247862902461986
205 234 -1436200387223504348
205 235 2866297736479712447
205 236 6838610024390293923
205 237 -7552002877868009299
205 238 8885687673613899309
205 239 -7156388787357885780
205 240 1537615779132129997
205 241 8467883356060755031
205 242 -3577884368271334297
205 243 -8243537816289468914
205 244 -3725927851785722388
205 245 6304978971985422715
205 246 -7774261424939193380
205 247 -7449384707278449267
205 248 -6749932054169617795
205 249 -1622624318182290164
205 250 7491114968893926415
205 251 -9097027240986117939
205 252 3952747593119647147
205 253 5424555122660195341
205 254 -5588539628488584707
205 255 -3304482374003478391
205 256 -7666562046878406194
205 257 -6941455547685922937
205 258 7349695438099852196
205 259 8362448085556558704
205 260 -8230722783449621109
205 261 -7923218263848727454
205 262 3243716169344594645
205 263 5707178467344106425
205 264 3010412061871795430
205 265 278595284238485638
205 266 -2081205738975834860
205 267 -9173221574527769844
205 268 -2877211857680351677
205 269 -3307546982271412645
205 270 -5021285739831142583
205 271 -2222068778633536192
205 272 -138650561832469389
205 273 -1616674922304964951
205 274 4142730531667899919
205 275 2131748705767564664
205 276 -1520298994212827641
205 277 7049133276139462612
205 278 -2297507361688816114
205 279 -6059991195818535364
205 280 -9144846576812984014
205 281 -8835290587153483237
205 282 -1436654880981985819
205 283 -2952810147573489406
205 284 3267325575446319246
205 285 -7251441084629571808
205 286 -4222233160348935325
205 287 9025772168684148472
205 288 -4751059448500272952
205 289 2655508100898966022
205 290 7174727159915786941
205 291 -4710032456919732943
205 292 8875947387671475750
205 293 -7269830658384036736
205 294 1583249131142952623
205 295 -9091419917160316090
205 296 1100174098759964284
205 297 3810140005820773100
205 298 -4192617907101821481
205 299 -2280742941153584282
205 300 -8948588442330860296
205 301 -2234168857447649451
205 302 2045078267125307001
205 303 5205221626003138915
205 304 -5574275792503541329
205 305 -2687667381456968744
205 306 -417910259880905304
205 307 -4042684437740743289
205 308 -8360086047610890298
205 309 -4369404098896973496
205 310 -4990688294035521537
205 311 -3330451232467276836
205 312 6901470680462099561
205 313 -50244386402869221
205 314 9117606419371933688
205 315 -6633359320966590053
205 316 -4268995703428477714
205 317 7527713365758627075
205 318 -530986076288110345
205 319 39706599488275542
205 320 669165127680046760
205 321 3221910672740229521
205 322 365726983389975157
205 323 4760044036296371423
205 324 -2819650304215955449
205 325 8280145059310855308
205 326 -8944554650505902731
205 327 1605042303680676731
205 328 -4364669971164129752
205 329 -4626466046261291148
205 330 4591103516793608250
205 331 -6420692930249653480
205 332 -7550212700888621085
205 333 -1870643247535395811
205 334 -8024418428577027113
205 335 2333027641233917011
205 336 -7871372329859964839
205 337 8427728687460535042
205 338 -1996000304329259369
205 339 920317806451033139
205 340 8759689715616349410
205 341 -2050399267711423907
205 342 6030024001302566388
205 343 1389712809488917454
205 344 8149763692215835416
205 345 3446702082882610124
205 346 -3167835843343785694
205 347 -2095916328256544530
205 348 -571242046923731371
205 349 -8715298505832185436
205 350 8136235548327701927
205 351 -4566956523131405292
205 352 2060150541403950463
205 353 5511116173734223011
205 354 3047030797885896498
205 355 -5481595126177135853
205 356 6524772414011139323
205 357 -4664769678022202062
205 358 -4612342471837955757
205 359 -757790993056343476
205 360 7784446543813874338
205 361 -2559842419639225683
205 362 -2600624356445578446
205 363 -4945462208968070070
205 364 8389933291382368606
205 365 -326226473704144455
205 366 -2687217411829619021
205 367 5507294865308554882
205 368 -7263141994195575518
205 369 -953811086411532783
205 370 2455272314935742951
205 371 3584227277923348037
205 372 2312979284355108955
205 373 6528087265804586233
205 374 804932389320328739
205 375 6747403357689617854
205 376 -3746240812328468997
205 377 8374798506263825298
205 378 2437561228732273743
205 379 4665645697932677745
205 380 -3856093010239241181
205 381 4037995031991138519
205 382 7606823450370144587
205 383 -7634442804893792084
205 384 -8601992478392181303
205 385 2478798774713007658
205 386 1242643623775448186
205 387 -9132355707851082210
205 388 15508981715024938
205 389 5268193243294460610
205 390 5188176167101027779
205 391 7732073139695647089
205 392 -4702211712363595422
205 393 1975370225958922780
205 394 -2688339702399646173
205 395 5768334793580468919
205 396 -6516781886626352185
205 397 -4302058312868570593
205 398 -5502689109905761959
205 399 6060807022310825194
206 0 2226408628529237423
206 1 -379047999964326187
206 2 -3943539092090349290
206 3 -5435183462107489012
206 4 -2344563161596320463
206 5 -3721278901956652899
206 6 -8402715668873849928
206 7 6130198859113225863
206 8 7518798497569702585
206 9 -1716220388666699135
206 10 6008281141965699920
206 11 83488530867504038
206 12 -2008227553081614075
206 13 3269456283272285651
206 14 -4190516242019752299
206 15 1718386254930409912
206 16 -6403783402010195464
206 17 8721922317499980009
206 18 6296369687927653220
206 19 -6995851346015679415
206 20 -5289489084033276019
206 21 5134764132577574401
206 22 -3472451619479399958
206 23 2320452314439179490
206 24 -1597335878490143262
206 25 1440161367952587348
206 26 375881037713329609
206 27 7184481696878884635
206 28 3439171403159090948
206 29 -4469083490516837753
206 30 1302505496905805184
206 31 1468190022897298606
206 32 -6055854803051590627
206 33 3731357162569688798
206 34 7417479301611250398
206 35 -1439769534908291130
206 36 4382887718531175725
206 37 -7984300968650482396
206 38 3099927912207438191
206 39 -5764142971951383740
206 40 3363794917173241780
206 41 -7283709906675593415
206 42 9132789376953948361
206 43 2739554890574766934
206 44 2790720561570781465
206 45 387294051794288610
206 46 1573314817917732710
206 47 89964684984948337
206 48 -5319287546403016342
206 49 9031122799255140756
206 50 -5488864077773224224
206 51 1483707970110171518
206 52 -7727046201446058339
206 53 -5152854465369165774
206 54 122603868946901708
206 55 -3844417482103573487
206 56 8038610853478746103
206 57 -3319702948231660251
206 58 -534197582573262189
206 59 1038620945654761891
206 60 1714493093666628530
206 61 -1999867606967743759
206 62 -99726827617288125
206 63 5106551495336929899
206 64 1314945001125189750
206 65 -1814398284969150773
206 66 384376618501189096
206 67 -4497255329260911761
206 68 3542565206435125500
206 69 -1507939582857911350
206 70 3715373565899838087
206 71 5457001992483598393
206 72 1446140205967143810
206 73 71799204384992515
206 74 6495808869169379658
206 75 771500005390057748
206 76 6633366095102388775
206 77 930357107704267408
206 78 -8761664238777248424
206 79 -3888476605565308356
206 80 4427522731989308137
206 81 -7805177715724663693
206 82 1291547415296135440
206 83 1752191901229006714
206 84 6089080858541939401
206 85 3989616276145748929
206 86 4147708921540809950
206 87 -959971043242493030
206 88 -1488703628566128106
206 89 -8540455618803299959
206 90 4394843476206371665
206 91 3252020708876142451
206 92 -5323938923960571408
206 93 303074711836202086
206 94 -1091573443432418114
206 95 5411255408371764234
206 96 7171845897864356582
206 97 1223924681862933472
206 98 -4485010531130256742
206 99 2731203197357931049
206 100 -7343702259773391833
206 101 -8121178717032712547
206 102 4302144728454693310
206 103 161624615709004839
206 104 -7693899838300193836
206 105 730358504446592744
206 106 8354015451849606879
206 107 7641238154238980976
206 108 2526415101242365808
206 109 -4137620824236551927
206 110 -7936179150199236847
206 111 -6434978568093399202
206 112 6977826409031718876
206 113 2856675079409197433
206 114 8880072652209984785
206 115 -1510321769082806068
206 116 6744859125795305249
206 117 7775769176546344759
206 118 -983635769061383798
206 119 6742674684739040142
206 120 -6183023644904690382
206 121 2082030117793472464
206 122 -271582931648755558
206 123 -1180269982438043981
206 124 5102740542091780997
206 125 -8147893160668576640
206 126 6756236931363984992
206 127 -1366681931469247068
206 128 -824720626693347328
206 129 5230327448244861527
206 130 2365066141136434958
206 131 6955604648093874023
206 132 -4432504620261375534
206 133 633361025515624019
206 134 7681624381759456938
206 135 7258450935371375228
206 136 3669819901174246290
206 137 8895665917684193811
206 138 -4108066227411481286
206 139 159618317765697937
206 140 7163082081159599927
206 141 -5201214471219794264
206 142 -3942890022600033745
206 143 -6661844422312066456
206 144 -623413334978008832
206 145 -4579072045964324001
206 146 2081796721565558466
206 147 6590827123685421670
206 148 -7971613912096039727
206 149 1418577203745871851
206 150 -7941402497007172818
206 151 -4891325447150377989
206 152 -8916664310339252310
206 153 3465849645467132285
206 154 -8810159767699969133
206 155 5403780394166404399
206 156 -8530232067892138443
206 157 -4051749337743117788
206 158 2324649198801232642
206 159 -2656415370171174984
206 160 -418868482718902654
206 161 -4624453804854820962
206 162 7354523898426586453
206 163 314443832419134186
206 164 -447369305835442729
206 165 -1397601950991926149
206 166 -4782541091299168813
206 167 -9093075490337844207
206 168 -3560644272890825873
206 169 2772645126286194876
206 170 7989227363135254352
206 171 7605837215827840206
206 172 7047692267335601402
206 173 6584323616519049085
206 174 -801064306455271558
206 175 4009455015083827199
206 176 -4298273441074645920
206 177 -7501163567809594952
206 178 2095452734348435770
206 179 5557746447664113003
206 180 2234235727903411445
206 181 2937401960953405107
206 182 4470402756756860589
206 183 -715193414374831884
206 184 -7367534367709318043
206 185 2945774766897800098
206 186 344832738701856570
206 187 -4128641358912262276
206 188 2024013396396988643
206 189 7478469778309221034
206 190 3462707525481948421
206 191 6529316251811325849
206 192 -1965590047554349236
206 193 1023405225838895737
206 194 2330540474060235929
206 195 3758359276519149199
206 196 -6636960322776238946
206 197 5848017732345879974
206 198 -1942318628989031551
206 199 6483955294010065202
206 200 -7330804959571806197
206 201 -4980323236369975638
206 202 8035911431441507706
206 203 2188708865841019762
206 204 792260059416779378
206 205 1518532000477771092
206 206 -8171104124232810428
206 207 -4907951531618996349
206 208 1516426014885176324
206 209 -7486777957711726355
206 210 5743750662702920436
206 211 -4858000502303815520
206 212 -317260111426586786
206 213 289618963366294898
206 214 -7110923520011528784
206 215 2198367787757737448
206 216 3003594218570782455
206 217 2223468585667539118
206 218 7578074335006375847
206 219 2833190435171945334
206 220 3835594227862076976
206 221 3634690192716039011
206 222 -8196772918479090786
206 223 -7141456086763824599
206 224 -3819303648582185118
206 225 -2478197785035585456
206 226 -3824559683558128351
206 227 -7762872664301514207
206 228 -8697949723313993160
206 229 6330264725553443140
206 230 -4452857990853967921
206 231 2349733668048392490
206 232 -1731456786403710002
206 233 -7463060116871724935
206 234 4736838552216867140
206 235 -5689238251956646153
206 236 -4698027744830388763
206 237 6670810405833521429
206 238 2525320074081208140
206 239 -4362443977638600671
206 240 -5695351744497505702
206 241 2021245920172417778
206 242 8730424714730962234
206 243 2276438436925388701
206 244 1432751613999600710
206 245 -6835567083360908677
206 246 837877885437936901
206 247 -2065956494540047269
206 248 6388316205455207480
206 249 -1526312747497236044
206 250 -5910455128422716908
206 251 -5206107823794688819
206 252 -2782538833517217861
206 253 -3811246546767192655
206 254 1758721866640634230
206 255 8811590845677648456
206 256 894527370664223400
206 257 -8023828312043489357
206 258 1993088690163348749
206 259 -4655692322228684657
206 260 785214668104711086
206 261 4882087800402840016
206 262 -964205074712849540
206 263 -3360591948605433778
206 264 -3382985414056985289
206 265 7042664738166640041
206 266 2262592391016140414
206 267 3814257137057184210
206 268 3865587108811344198
206 269 -8785892684361832628
206 270 5791071042751075292
206 271 -8547869789230067117
206 272 660563309715731359
206 273 3067336446450283874
206 274 -6149933834719448556
206 275 -1496087790261196053
206 276 7276375191227080067
206 277 -7497191495585371053
206 278 -1319262274881828513
206 279 4349447057441442427
206 280 353800077222752266
206 281 -8031454704116368467
206 282 -124060004904594743
206 283 -5898410036533763293
206 284 -4482992104476454623
206 285 1095037693660187544
206 286 3354096626461162655
206 287 6978635104307492573
206 288 -8731273490590866978
206 289 -6442903418517431447
206 290 -22646428298075170
206 291 3861187024400770867
206 292 -6807837222821182412
206 293 2998674032770166531
206 294 9164465532462930138
206 295 -3971172427671044752
206 296 7320452517295816082
206 297 -8285739691520211662
206 298 6704868623003208215
206 299 -3214285046320800087
206 300 2254154807992477497
206 301 -8674597588266966763
206 302 -3787725941796247481
206 303 1239452954032918648
206 304 7141968048117847828
206 305 -6082299070827711565
206 306 -75151360079289800
206 307 -4176769210859592273
206 308 -5635989784588208202
206 309 6318046664378775723
206 310 8018124962634885671
206 311 2655445884315513039
206 312 -1880253375956138846
206 313 2301090021917472307
206 314 -7909484486073132255
206 315 -279025269182914965
206 316 4140106901698428103
206 317 -623443927106303194
206 318 -5709384953354023128
206 319 7711745408193190529
206 320 191739748646809685
206 321 -272275524935301520
206 322 -5794654630252257575
206 323 -8528011342093404377
206 324 -1430599779717052976
206 325 1561593407429177405
206 326 -2867065903061761983
206 327 -8323902142666597516
206 328 -1079496065551403108
206 329 7388423473152108799
206 330 8557851867122031096
206 331 1181414937448671473
206 332 -5234723468152648446
206 333 1172329143716314332
206 334 -6812714435868814145
206 335 1811281484915004761
206 336 2578773621890502977
206 337 4458425496470537739
206 338 -8031564630808341357
206 339 -4044297784002304357
206 340 2252431510948350580
206 341 8566336062796778651
206 342 -3245976122165707990
206 343 -7622433200660328242
206 344 -1842058455266063879
206 345 2227897676789053289
206 346 -3555499641915112045
206 347 -6231061544425016673
206 348 -1514950847607646993
206 349 7702942202609048131
206 350 -9082621594501361243
206 351 -6231793304593754076
206 352 5670846604472916409
206 353 -3594765678315468267
206 354 5037766008917390627
206 355 -756407130503458002
206 356 -2758755139360131371
206 357 -8221583345535543979
206 358 7558150808836954354
206 359 -8839116474338985242
206 360 -9037421174070583227
206 361 7903576443646105937
206 362 -9109067570959088918
206 363 -858616711807766042
206 364 -1003622806923749672
206 365 -9043354317141380219
206 366 8604222416844117630
206 367 1929068857146214570
206 368 -9014532663000548694
206 369 7870307988033315440
206 370 -331279745380566746
206 371 -8408759516339070023
206 372 -299999585948206396
206 373 4921646499191519311
206 374 2595714319437368747
206 375 3240114275628188693
206 376 -8535718584090061806
206 377 3307656550544006809
206 378 -2783318303540838332
206 379 2168267763637237032
206 380 -3822982551303733100
206 381 -4376537684557417445
206 382 6251160488665594675
206 383 8883723944215838071
206 384 -6145143375816638556
206 385 -506769661393264960
206 386 -5599580881674378470
206 387 -4132697496687886832
206 388 -2984347697601877747
206 389 2306231936622531663
206 390 481854713580344395
206 391 6367317640628145325
206 392 -7485558886044233152
206 393 -4764340646148852955
206 394 -768042712220980253
206 395 294924341497822772
206 396 -6430996119895630250
206 397 4370303401741347323
206 398 7019418472021568054
206 399 -6516439416990677655
207 0 7137929120631705848
207 1 -8300083005236792104
207 2 -5066097993216292220
207 3 6488245198962868633
207 4 479288126894363224
207 5 6176508392041660394
207 6 130595904546489070
207 7 -3625253153147932192
207 8 -4317795034279487357
207 9 -5804396125899397655
207 10 -8914153850831798701
207 11 -1950125886090804560
207 12 -5033984996806447712
207 13 -5754543565844208285
207 14 -5576839476722099188
207 15 1230858150503038725
207 16 -7083954323334729352
207 17 -6862681641508798650
207 18 -7177585386005484423
207 19 -282979576404246859
207 20 304279789238938857
207 21 -1086684562856268767
207 22 -5886967254568470032
207 23 -7237112399438317490
207 24 -7034797378065292540
207 25 -2525865313076330072
207 26 8644404005197476694
207 27 5194211277044518906
207 28 5722993807471097168
207 29 -3914608250387332783
207 30 5518658701932095036
207 31 -5790849448495423754
207 32 1959030469501074522
207 33 5747004497371424263
207 34 -806572750444383017
207 35 -9110540470827526562
207 36 2942482261540728693
207 37 -1837869638837073972
207 38 4712618698053496180
207 39 2261738908268628272
207 40 -2772012307573067039
207 41 -594542455336222128
207 42 -8875990201170397637
207 43 -1732098943866882212
207 44 -2266393264144071172
207 45 -4289238916078998726
207 46 -8995064783209341599
207 47 -2747120118454934306
207 48 -3981468563202862671
207 49 -6992026484897466196
207 50 5126360895361100993
207 51 -2560779146247525184
207 52 -5732867481250294901
207 53 -7658105347801489701
207 54 -6240089745085544165
207 55 -4232418134500032024
207 56 8243345128271938981
207 57 7956425693132025685
207 58 -1616676450964812358
207 59 6622146236465398907
207 60 -19777855310778935
207 61 -4745740508102513642
207 62 -8355770189340201121
207 63 -8163421000613456807
207 64 -4047385942363622310
207 65 262517265295056328
207 66 -510258670514520368
207 67 -3950655446518869656
207 68 865841476916590680
207 69 -8514410509190191408
207 70 5348588500891638602
207 71 -6554056029190244648
207 72 -5633718066325720817
207 73 -5615908154323620481
207 74 7436135708961714074
207 75 5528580505900702130
207 76 2967462259459573981
207 77 -6253128025074435312
207 78 2405998473883749919
207 79 8514584795617732473
207 80 1163466537740000497
207 81 3672520844420463608
207 82 6807986465562006812
207 83 -6650687694323777221
207 84 -5322298227287283384
207 85 -2342997113283672380
207 86 -2805612929984453366
207 87 5949978275718828312
207 88 -7535189688738422749
207 89 -3401201016397223918
207 90 4960006071009906335
207 91 -7379430335048182038
207 92 5917449858131477248
207 93 -1539236211013131746
207 94 -5795366532369727831
207 95 8507403724394009424
207 96 7337789529735036597
207 97 -5860244392689420511
207 98 2437665409007822135
207 99 461863740784662208
207 100 6233958136505576889
207 101 1982400421477100042
207 102 8943984951752816829
207 103 -8718335315978341251
207 104 -537567370339262673
207 105 -3784534090773373092
207 106 632559298513695038
207 107 9140111953463131961
207 108 -1569038632941081662
207 109 3658448106792094490
207 110 7857609821919608018
207 111 -6392696880925456464
207 112 6906357724489874764
207 113 3908812443216654693
207 114 9117287240570991611
207 115 4169867724426887830
207 116 6873759664716179480
207 117 2213480492817622837
207 118 -3987720602671564477
207 119 9063372516422511250
207 120 -6406173376049804319
207 121 -1389192850473708749
207 122 -4633940010208298882
207 123 229675768642663793
207 124 4041845324768077081
207 125 5277314287497057010
207 126 81766528891005108
207 127 1006806048470686595
207 128 9003478618886753207
207 129 -5259774497190561901
207 130 5717468341132934789
207 131 9149110631904433838
207 132 5320638927402283006
207 133 5223471235383210585
207 134 -5936075556584938980
207 135 3051610002027752886
207 136 958149974210194420
207 137 6438929953877745289
207 138 -4195543623950296874
207 139 3875619780951979016
207 140 4826519179391675148
207 141 5650720245514717106
207 142 2132940226379263280
207 143 6839544349223602145
207 144 4740437611144145700
207 145 -2762011716331637042
207 146 4551605576484846131
207 147 -7440079524340395616
207 148 -4114453315650669149
207 149 1630187839656514665
207 150 5573912436090118298
207 151 6921089710036920218
207 152 3618430927215867299
207 153 6247381029048553067
207 154 2376195891797215272
207 155 -2257998492032882875
207 156 5241202800430498303
207 157 8022117116236512510
207 158 7866946631949030313
207 159 -8940235007978786636
207 160 -1415149667555828224
207 161 6052742035726706260
207 162 -2473496327602036625
207 163 7882551941079233343
207 164 -6748279870994971962
207 165 -5595634526905363309
207 166 5902904178622663747
207 167 -4345889416794777106
207 168 4948201239511872942
207 169 1427770023756552244
207 170 3268627537550604509
207 171 3004217031020783554
207 172 6789337823405135919
207 173 5971326748726101769
207 174 2032230812538201587
207 175 -1094505709576613180
207 176 -4833992359333965587
207 177 6394655232755126933
207 178 -2666830321466985698
207 179 8941950456362676629
207 180 -4805816073142682952
207 181 5395870151371422285
207 182 6555527919531060089
207 183 -148573967708654682
207 184 -9207287359399964669
207 185 5139958872949026930
207 186 3775741362706817802
207 187 4321502024796457291
207 188 282132541491927983
207 189 3740290584133946350
207 190 2221669742271540719
207 191 -8077863588567910520
207 192 3235662385036465949
207 193 -4258001293783548556
207 194 -7524910389359373098
207 195 387780724866385792
207 196 -5735015808009877741
207 197 -3835469086091623719
207 198 101426166271639366
207 199 6402747482358166952
207 200 -1452657615625867510
207 201 -8382416467372332200
207 202 -4145081559805598781
207 203 1850254937759542105
207 204 2689283397242910502
207 205 -9202449233017330858
207 206 5750558238517381908
207 207 -6954642210976342309
207 208 3785791394401393296
207 209 1151318940318643502
207 210 3081780314381392898
207 211 -4285528995597015235
207 212 -8666765870929120299
207 213 9171280583622020707
207 214 -5867047088382061005
207 215 -1038916056525539050
207 216 -7284700970459916863
207 217 -3170514749192104824
207 218 -5723206506768775085
207 219 8806119450267465270
207 220 -4119595820332333381
207 221 5672380677417325109
207 222 -5424151502760121119
207 223 1150558409208146268
207 224 -6180695376341537606
207 225 -2085673044565482569
207 226 5963527096744328960
207 227 -8107845237393696096
207 228 4512789752602577993
207 229 8940469404327590380
207 230 8016456359569745391
207 231 7179793789364401547
207 232 3061372910404255296
207 233 -7635280427164918179
207 234 -138545296316752858
207 235 -6967584455422002447
207 236 8698420485438237806
207 237 4280201978189757650
207 238 7057810481886512115
207 239 -2583689890488823505
207 240 2462846844420200419
207 241 7164739302097701558
207 242 -1269044028922628300
207 243 -1092974231176827264
207 244 -6656356790134314056
207 245 5079634137314284248
207 246 7174092738808843210
207 247 3591367538346028477
207 248 -5082561986204373921
207 249 3899484782695420048
207 250 3353841198688226586
207 251 -327517461345207775
207 252 -2087876242597053440
207 253 3882757759410486199
207 254 -4512739233478670677
207 255 -3356940855115987569
207 256 5312851906129777617
207 257 6955135106309368759
207 258 -1512957947191582507
207 259 2089103683230150610
207 260 6334083222845003547
207 261 5943402793180400906
207 262 5240572420110056093
207 263 -4644124207546536005
207 264 -4501785150020759043
207 265 796063921651471032
207 266 921001647793020459
207 267 1073162063604538288
207 268 -5920483634246796758
207 269 6056144415783589603
207 270 4910457858806219875
207 271 9061484247816603440
207 272 913193166800067060
207 273 3717341983550425015
207 274 604910698467211713
207 275 -7009010150026888386
207 276 2259959821056460197
207 277 8657780445005775370
207 278 -4830434615122649221
207 279 -4651701907383072262
207 280 -5437334040453976073
207 281 5676439606139617762
207 282 -5420989529299389883
207 283 6475659983090887321
207 284 4430152301461651104
207 285 2114356107277876689
207 286 4111134225496778739
207 287 -267280307432392073
207 288 -6054116924154759090
207 289 3159921281919120452
207 290 308522385298961818
207 291 -7858291616485313641
207 292 7521908804660891035
207 293 1021965989192053721
207 294 -3778015923267444827
207 295 5582758793670618362
207 296 7370017622486935882
207 297 -2160195216491309382
207 298 -2330171157359552496
207 299 2017953745845086766
207 300 -4877399141667767985
207 301 5552946192502549858
207 302 4627550091741818179
207 303 9035497486245901559
207 304 -8935249023979455430
207 305 8634203244149463951
207 306 -9179245117804080723
207 307 -8696222231939013361
207 308 -8259048478899355923
207 309 4248571730775398162
207 310 8294962957590594075
207 311 -2238023982370483481
207 312 -6252387372536318521
207 313 -3777668053017387490
207 314 3484151489051900996
207 315 -8102924689748821149
207 316 -3384386667179908810
207 317 -3514026821887772661
207 318 6374134772738108940
207 319 6809237231786674664
207 320 6141268240971664527
207 321 1626467247011034214
207 322 -7908239283167315259
207 323 6078586655412803884
207 324 5629971954311215168
207 325 7061362408077698852
207 326 -7760121885545455511
207 327 8560992208183002284
207 328 8576752278611699125
207 329 7826345180953642102
207 330 -1640030243031006632
207 331 -5802224621178085257
207 332 -8592861760698734715
207 333 8641126648582113748
207 334 6865536998348396917
207 335 -4161750314321739455
207 336 6457801939834959658
207 337 -7758035845317667986
207 338 6090660225131494502
207 339 -5235020922185938771
207 340 -1854396853259950465
207 341 -1251720624924179506
207 342 2973726033780311479
207 343 -1529168749422244599
207 344 -7338397448984831944
207 345 -8453258404936745948
207 346 -1849463414057395837
207 347 2012783012974389627
207 348 -4719253953792517116
207 349 484156560267095357
207 350 6191227035471249450
207 351 -4309044924819595237
207 352 2111541380491417567
207 353 3242524932642458422
207 354 2419506249040363136
207 355 8784323767531116489
207 356 -7567126235617937868
207 357 5304936801371895451
207 358 -8887219273010207527
207 359 -3812773247987642644
207 360 -1727445330479857120
207 361 -1154292626049020180
207 362 -9131941957986355721
207 363 -8604250204204359465
207 364 5611878785478607483
207 365 -7745108078393657304
207 366 -1265411974635277893
207 367 1252600440165382907
207 368 6083827967163048534
207 369 -7694514702821909726
207 370 -9215149655580379965
207 371 -1612503204297021298
207 372 2262577720646348765
207 373 53852095337070983
207 374 5591005134781455401
207 375 5698385016600725928
207 376 -5236643713891444355
207 377 5969933206428555903
207 378 -4204330069668573857
207 379 -6825690487492409680
207 380 -1927562034260808583
207 381 4632149444377731553
207 382 -5843191301582605036
207 383 421673502324809848
207 384 4477741357193923640
207 385 5013039266260686599
207 386 -8951541485745655733
207 387 7030238806339142826
207 388 -3746723505114940825
207 389 3532655341378804283
207 390 -2525079634854611305
207 391 -1434746992499923068
207 392 7510626062930255584
207 393 -2314210446046740932
207 394 3167842716305933122
207 395 -5658083434049336653
207 396 5232888746310659828
207 397 1571210608966205480
207 398 5104971256133989396
207 399 1864533341983790629
208 0 -5161608582818093285
208 1 3050784073789120361
208 2 4826861169801828423
208 3 2413794654933921748
208 4 -7224456100505781927
208 5 8175771313313374686
208 6 -7370621388785666574
208 7 5397193129917692725
208 8 -8113128163079049877
208 9 -3164139243277131157
208 10 7250259043001014326
208 11 7821711497663834246
208 12 7418137166915056755
208 13 -1012630915461861905
208 14 -6038392648882606621
208 15 5959524836577716536
208 16 -6361350527241716792
208 17 -7547335026845065992
208 18 4488471397743052463
208 19 2594143055140663467
208 20 2620265134317057201
208 21 2807358597566098811
208 22 30469504596913913
208 23 2217519815955607406
208 24 -8032397532790085605
208 25 2598570363794505207
208 26 -4758153992962317616
208 27 -8131877109863954413
208 28 -8008555532493577242
208 29 6210555232518336516
208 30 3967152237111938800
208 31 6417921935898410965
208 32 6295585798097793083
208 33 -4651847328327404954
208 34 -7423398153058628849
208 35 -3919349946771944448
208 36 -6198741185659833630
208 37 -2696017348182756855
208 38 5189375434288353654
208 39 -9178139923917123339
208 40 3500773371108547143
208 41 -5439954185227862592
208 42 -638795068648743186
208 43 -1020942100889702894
208 44 4929910384694553981
208 45 -6585394415512220796
208 46 1216616865778469996
208 47 8573858157643488319
208 48 -4713161509663811928
208 49 3871142473132277775
208 50 1513389622953155323
208 51 2967131977611918221
208 52 -2103877352142360901
208 53 -5803442376710447659
208 54 111989810743458267
208 55 -9047101473247860416
208 56 -681145832188331016
208 57 -7817155297420157315
208 58 -6071177732686525870
208 59 6500999310552446688
208 60 -3231240478388029997
208 61 5576547465597233269
208 62 -6829385391368494602
208 63 -4573147124529550064
208 64 2768612714107934621
208 65 5418601150783967462
208 66 7543500932337620992
208 67 -8886010178216371823
208 68 -298683108914872765
208 69 -153652913731635527
208 70 8835566557644730008
208 71 -6354481924155802978
208 72 1847679341912286646
208 73 3885186598694281612
208 74 -5442986184953035567
208 75 8696384824180504683
208 76 -1979639433018058645
208 77 -718753915251061022
208 78 -5974917473374403435
208 79 -5254208234840440692
208 80 -5330052301843079318
208 81 8080510618176543616
208 82 -6618557581606232967
208 83 2726984355515314237
208 84 -1618044545005745358
208 85 -7000489596991599804
208 86 5596687999471033942
208 87 2489234669912725228
208 88 4875939969901939321
208 89 -7289808679046310444
208 90 4562023167738773357
208 91 5361024749745489539
208 92 -3963863880809724495
208 93 -2134680333975856239
208 94 6518243249878465923
208 95 -7992493881501718654
208 96 1836463311580567815
208 97 4739718422479617606
208 98 4082255053724897108
208 99 7579542902452285697
208 100 -6186462552701225638
208 101 1865950375186062189
208 102 -5565723635558052952
208 103 -6367594290709596735
208 104 448368989905662971
208 105 8681185312550942976
208 106 -5541097379131013752
208 107 -1000038280358633084
208 108 6103763438941097369
208 109 3202455075230672218
208 110 -8118366169534399557
208 111 5312620634291017151
208 112 3224847048137428469
208 113 -7212222861192753960
208 114 683752665301310349
208 115 -2195946725637787751
208 116 371947098639985973
208 117 -4331367119545553602
208 118 9117824789949450409
208 119 30175260514799314
208 120 -4316672172509879005
208 121 2541621113894670780
208 122 2126456516194236440
208 123 5208807849083445650
208 124 -5128279533623009775
208 125 -5102251575635100295
208 126 463556535165226866
208 127 1726232126187628894
208 128 6444411666380580138
208 129 2405596211474129207
208 130 5940236515569097156
208 131 -1472060800578302773
208 132 6572461570631441410
208 133 -7992062080544413801
208 134 -8420285891441505107
208 135 -2174473793250298176
208 136 -962967339229994014
208 137 -839756636153182469
208 138 6532767632461316905
208 139 -8617804087487750355
208 140 -5186730487236354399
208 141 -496823079225678766
208 142 -1213041744262038427
208 143 -7639058225685529804
208 144 -1578074510340732999
208 145 -2866466938504195859
208 146 -2340021116078233436
208 147 3406099345566279140
208 148 -697401925731066631
208 149 2827905063124390706
208 150 -4458299891759466939
208 151 4513492201055255993
208 152 1420579740949329019
208 153 -1238487476533619707
208 154 1410231778177684976
208 155 -637831409779620452
208 156 3899339180047267494
208 157 -5326518046841794548
208 158 -743502570017905749
208 159 -5192024629033302413
208 160 -4688866509760277857
208 161 -7692070913231674320
208 162 -8716260235659660074
208 163 -9048123626244829656
208 164 3705829912994197326
208 165 -2951451624411767013
208 166 -7880566204254989360
208 167 -4423639015557786891
208 168 -1466991789102526922
208 169 -2049293830813874865
208 170 4117934429188058013
208 171 1869726143211890715
208 172 8785622012835414309
208 173 2680320369289233835
208 174 4267860131792555771
208 175 -4875555000805203978
208 176 5168320834573804035
208 177 -5763091089543053887
208 178 -8809104785643750523
208 179 1341234308193229185
208 180 6712998620241997529
208 181 6929642440925313149
208 182 -7148637606376597751
208 183 -8257462979548354302
208 184 6221804382188581043
208 185 1843803448779467651
208 186 -2208142211173845859
208 187 4193429435324485171
208 188 2685211289725731539
208 189 438254731025946243
208 190 3288367031761468600
208 191 -8270620843386020945
208 192 -927727374056374428
208 193 -2218354852255226846
208 194 -2656447895064833180
208 195 5468387316984023003
208 196 -1229569469677860358
208 197 7864092908206733494
208 198 -201049650956220991
208 199 7143541126569432296
208 200 -8476205039625302588
208 201 -5698276916823615076
208 202 -4048641779886406074
208 203 -5961437204322931101
208 204 -1919676260712947216
208 205 -8674904181948672805
208 206 -5515913400827425726
208 207 -5829080509406747843
208 208 -6578570021790786608
208 209 5835134610660026472
208 210 3390568178274511743
208 211 -4373634500372172449
208 212 8862977254471629155
208 213 -3664429504449372791
208 214 1120183190029248541
208 215 -7571117986676172665
208 216 1758595469401159696
208 217 520709246650453797
208 218 -6278365980311215692
208 219 1905852468839204650
208 220 -8458620909713986741
208 221 -6661634421918847208
208 222 2182028712841561387
208 223 3937239488825114713
208 224 -1242375482435738177
208 225 2970466899264721695
208 226 4055008072422752928
208 227 -2576347235808058399
208 228 2962053792515864478
208 229 1404007070426850856
208 230 -2481260277325125603
208 231 2793448851325422306
208 232 5654404403867978874
208 233 -7558363146001950395
208 234 3648992480245688481
208 235 1337257594476917889
208 236 4304072155482484685
208 237 1092110672662618635
208 238 7033614697739159437
208 239 -8780657894694904951
208 240 1525617531276488496
208 241 -8841367731305345025
208 242 -198829441586967618
208 243 2122427986966028941
208 244 1924215792093615994
208 245 -4002888471473863636
208 246 8582124480732725224
208 247 -6293958669846146302
208 248 -4041278946742149313
208 249 -6236808484894833029
208 250 -1343057389713934761
208 251 -2811982391177233790
208 252 6475967897553470342
208 253 -2017201411186582109
208 254 -8474978577979646501
208 255 -7689878630974145633
208 256 -1236779362527313668
208 257 -5492192940093489843
208 258 -8486928913754268389
208 259 -3962620041097011158
208 260 -5232789529214474873
208 261 -75145182796354989
208 262 7497895566163231928
208 263 728242954500817424
208 264 -6280875470701983262
208 265 -2107683855103039604
208 266 8907518968194363501
208 267 192953269914570424
208 268 -5332473542525968413
208 269 -1080873684174155727
208 270 -773611276804714022
208 271 -944672865541475327
208 272 543100672168610179
208 273 -4476330708248880179
208 274 -5272401263651273370
208 275 -5233324504348065301
208 276 8926417531740172260
208 277 4168343696226012594
208 278 -4835209212794163736
208 279 -5369212074355391366
208 280 -4157229818771543417
208 281 -6366423725642423563
208 282 -1992025861789474727
208 283 6132386582568638809
208 284 8765037292688952624
208 285 -7728589331129445047
208 286 5916762983272693251
208 287 -1071192160450089197
208 288 -8435414497941999453
208 289 4329946697655394365
208 290 -5837320929535128149
208 291 5315604961407774511
208 292 5949118016984457735
208 293 -8283583189046013849
208 294 2154615769531739241
208 295 -2281616855508038131
208 296 -9065631253764572015
208 297 1073230264550222032
208 298 3489701754944196762
208 299 -8171954943677063863
208 300 -6937190652122164702
208 301 -1981976340481114433
208 302 8212576906362682015
208 303 1548528443724304963
208 304 -7147442053613052600
208 305 5787279673496449634
208 306 -989967643100630735
208 307 -2210838507341364540
208 308 -4237288405941673781
208 309 -6905458273430715872
208 310 -991072477904515776
208 311 8203332538006044565
208 312 5741347266947556751
208 313 1002899375877573000
208 314 -2257545264133624905
208 315 -197882038516900897
208 316 -9174096744482885990
208 317 -3485007442119912860
208 318 6838155831851649613
208 319 3019667558163480231
208 320 -3985408491503770109
208 321 1697492399678653797
208 322 -386546033959119670
208 323 790851069893950607
208 324 2508110787763623616
208 325 -8328281083850716828
208 326 2332699460389798627
208 327 -8232643862594321832
208 328 -4565518821777732898
208 329 -1711634649998329530
208 330 -8351585576629731800
208 331 -8542403383785032348
208 332 -5886814751398113562
208 333 4999869776138499147
208 334 -3734595624076419332
208 335 294788077107869838
208 336 4232854613748083842
208 337 7092927988797641687
208 338 4165715507191885765
208 339 -5180782260517227719
208 340 -6144575228111314184
208 341 2828058461473960065
208 342 7083240604014818365
208 343 -7420190751059747118
208 344 3257387733491731858
208 345 -8758119957194286005
208 346 3216042287037520013
208 347 809331947946512262
208 348 -7521657985076261295
208 349 -7502204757516272611
208 350 -5915047117045755732
208 351 8860436405817121453
208 352 2447915691388456507
208 353 5408736717387182771
208 354 4644225784211964020
208 355 -4285629032947982194
208 356 -432454727983998704
208 357 -3631126184404442574
208 358 7904506539378284162
208 359 2036016571062734710
208 360 -1794471609245876546
208 361 -1922935498722248903
208 362 3172311038799738343
208 363 8325174794845456833
208 364 6732513389350850848
208 365 -3081427612311064676
208 366 -5957054450914577268
208 367 -2786861410966706856
208 368 -6340518497752683054
208 369 6718217885340159922
208 370 3830050621035330773
208 371 -1916825728697194761
208 372 -4888241244513171188
208 373 -5173252704226777557
208 374 -9210064621599860913
208 375 -2214099984613035906
208 376 5346871979270337183
208 377 -298744136537788909
208 378 -4892124733451533889
208 379 -3901266260855618742
208 380 3629176485369458439
208 381 7751283297666941403
208 382 998886892573586811
208 383 -6938900688454003809
208 384 -3566109213482504948
208 385 4078592732410283685
208 386 7562764271380216815
208 387 4142503605117236987
208 388 -6146313522018594663
208 389 4412621298449437446
208 390 746332425435848914
208 391 -3453155832062159818
208 392 -916755963278648821
208 393 -7915796874088885253
208 394 2972177060475369337
208 395 -8971126254117998659
208 396 -3770694409686449246
208 397 -1673669074968661878
208 398 -3666805804634978388
208 399 -6802285953350951241
209 0 3507504426253959660
209 1 -3005166257529503816
209 2 2836603947378335654
209 3 -2357918616625151247
209 4 2449795872660414899
209 5 8037765944004848201
209 6 5247162634323878205
209 7 -3094214827544296501
209 8 2455285616567364332
209 9 -3413020120377290187
209 10 6076344976000164467
209 11 7578592758560220220
209 12 7623584980638759390
209 13 4810482776733111012
209 14 8230417699723241472
209 15 -2506814806131238058
209 16 -7401020203981191448
209 17 7911243297955640190
209 18 -1358958142148156292
209 19 -2205724975879348885
209 20 -5649560746895794139
209 21 1207076023101190682
209 22 -1670714111274684264
209 23 7024236855365471457
209 24 -6206384460146572489
209 25 -1141758005381028445
209 26 -6337808756052376460
209 27 8437595110173469358
209 28 -8867701867640267873
209 29 -4901434235890850104
209 30 -212865893339161716
209 31 6956583534041874918
209 32 626010740335600453
209 33 3640480823720387981
209 34 -5450077168554520223
209 35 -8496180818426521294
209 36 -5556095549932479205
209 37 2934052398928876202
209 38 8750146772354158602
209 39 8543700631858696078
209 40 720473005364685920
209 41 -5748737103569169679
209 42 -2106205205639441952
209 43 -6997863840266536349
209 44 235460835026236537
209 45 660516468174574446
209 46 8662601796460995492
209 47 -7932424948967988615
209 48 -8474393285816857778
209 49 7917428458577506343
209 50 -3969278563248518373
209 51 -3317054353927543595
209 52 -399949399280454714
209 53 -5556111774262540115
209 54 -3391358224094103886
209 55 7025078284289899136
209 56 -1076499651569614464
209 57 4064433201316293292
209 58 -7419871623786654673
209 59 7839051695258540615
209 60 -8054052628842027015
209 61 6296601351162637281
209 62 4504883653293283997
209 63 6933527973496457727
209 64 -6123240978099244657
209 65 578585530420769978
209 66 3912368163176056497
209 67 -3799005046003726702
209 68 870143723409747809
209 69 -549791112463998094
209 70 1727464874760106510
209 71 7795576382279658346
209 72 1652632973314540295
209 73 5859483410153419604
209 74 -2477356269076771253
209 75 -6974369930055667806
209 76 -4630451082776890235
209 77 -8121345711525164650
209 78 5750516834840835689
209 79 7805894412554783805
209 80 7785762725547185130
209 81 9006472484209990156
209 82 -7858752504944016155
209 83 111698072383211126
209 84 595203783577434431
209 85 -1947703698635610540
209 86 -2308433041380707596
209 87 -3964795585440466857
209 88 -1785142832270198114
209 89 8165736457584758132
209 90 4680255977442160994
209 91 -4681001903293477975
209 92 -577272118956156672
209 93 8070776804362674099
209 94 -1522000887507506771
209 95 -7529591192890724212
209 96 7143729737188580264
209 97 5143554157717430456
209 98 3578655030004258839
209 99 -8065678093329895415
209 100 9004790960848082522
209 101 -2215168550048953041
209 102 2921131097142741994
209 103 -8794536311609391804
209 104 -3844567718641832543
209 105 4559474326169622383
209 106 -1453607443036992815
209 107 -4748002298783964183
209 108 2196474751419445462
209 109 -4546139201177219882
209 110 6063933177806617258
209 111 -4418603813111794932
209 112 -1599007070161026677
209 113 4055766431641507340
209 114 -3981620736049760171
209 115 -7155440919166267213
209 116 -1014771737121615024
209 117 -8215880122285294037
209 118 -4851791237582916717
209 119 3514953070418492618
209 120 5253926130026364531
209 121 8890575141495505096
209 122 6303538031618974301
209 123 -6995776366745555526
209 124 7009458099872692895
209 125 -956898121407767468
209 126 781058976803000931
209 127 1922947771465588351
209 128 -7613406590113020196
209 129 2605444227428119617
209 130 8458606695225298121
209 131 -9050121444881093001
209 132 -2747781321200934621
209 133 6542476022357216422
209 134 8249866825244645544
209 135 2448319346445435724
209 136 5182141549602540715
209 137 -8422135195458950354
209 138 -4034061392284044212
209 139 -1330894040937731480
209 140 8736650459621549003
209 141 -7413580438396296274
209 142 8762027267426478784
209 143 -2036895891531855794
209 144 -1709132136869120402
209 145 1968046883702123871
209 146 4755198729741500648
209 147 8600855170671370688
209 148 856226980058922720
209 149 -4044831471878065068
209 150 1856619962040572884
209 151 2959471563044231884
209 152 4993111519760976479
209 153 395360942933567722
209 154 1554980330565644318
209 155 6097330237339054060
209 156 -5439300469413092597
209 157 6361241972370023950
209 158 4157331483492034860
209 159 -7845738960087355631
209 160 -9042523763877460154
209 161 -5930476022731398212
209 162 4859965017088920429
209 163 7912886042111944184
209 164 9146752226488946409
209 165 -5268063607192071530
209 166 3221203840661428540
209 167 4493196374629696820
209 168 -1667997602580148991
209 169 1334765799046255566
209 170 -989144946110015002
209 171 -1759059207263499446
209 172 -475281822911594414
209 173 -8468639247107197726
209 174 -6612726685415485224
209 175 5538252751986503056
209 176 7373042676597984541
209 177 -7515897492347299426
209 178 -3791484285263771426
209 179 -5623378376464950474
209 180 6930379536907655838
209 181 -7374389349214007801
209 182 -2760521024767310631
209 183 4662108037570664776
209 184 -1817621538382856422
209 185 -930975084470924093
209 186 -7490564313098656681
209 187 -7702743312507068460
209 188 5139390069328829783
209 189 -8984578369641308858
209 190 256154904204990766
209 191 -7769365222063498126
209 192 -7708850749377894906
209 193 3474829903751660979
209 194 2660453743452410083
209 195 1320335180803044286
209 196 7586002152150170701
209 197 1898672493168229222
209 198 3519407323544165958
209 199 -336433868051956446
209 200 4275882943738478786
209 201 100596186609442178
209 202 870650861035587344
209 203 6786087507558735665
209 204 7291340161826043014
209 205 3635948325869124416
209 206 -4506215618992064985
209 207 7471343143237392897
209 208 4451649868830183566
209 209 -5889197936419565754
209 210 8638425778629191899
209 211 -3232899138000313425
209 212 3093372959688181883
209 213 3884085766158172241
209 214 -1039762931578041356
209 215 952214853549678209
209 216 3391819773692638517
209 217 4283844513500548043
209 218 -1397022734993899144
209 219 1622616955345347073
209 220 1876058367160047430
209 221 -6307811574555944554
209 222 -7484766729945907386
209 223 -3964178843458610605
209 224 5431431329664980023
209 225 -7261453700983385571
209 226 -6285879211948322222
209 227 -8613872866480434036
209 228 -5837026089085003438
209 229 2381668411283671806
209 230 2219328761446655554
209 231 -1522127105996249811
209 232 -5893638957612541238
209 233 7737519140788249278
209 234 -4707182544911668031
209 235 -4106938458205023168
209 236 837646093264402066
209 237 -1277510636799963091
209 238 4731279623824427437
209 239 -8879096589801731523
209 240 -2324517048811346465
209 241 -912010756462395442
209 242 64075580531924598
209 243 7854146225157697935
209 244 6859484542918697452
209 245 -8772119949627686000
209 246 -3891681464971435644
209 247 -6168696564684171665
209 248 -4375158494689905655
209 249 -481503811719420237
209 250 1656529177305270956
209 251 5196178865583772576
209 252 -9048174642894253732
209 253 4925357719529595870
209 254 8016391576885352289
209 255 8402155061129884477
209 256 -4278361222977099461
209 257 1605736396432087276
209 258 3915676661362914554
209 259 2196189869060673199
209 260 -1392945910321200422
209 261 4727331180087363076
209 262 4948117610659781283
209 263 -3590858374914087779
209 264 9034034388371262696
209 265 -2724073211219299731
209 266 833008347450161735
209 267 -5246481082445246754
209 268 5401702437014708216
209 269 -3997961875025376660
209 270 7337512885484285445
209 271 6391789772153342990
209 272 352938041332036095
209 273 77568858953922788
209 274 5134578971210066373
209 275 -3639847046563706827
209 276 -6153275749593769501
209 277 -7628948027685866950
209 278 -1181158712968521387
209 279 6938184325049074587
209 280 -3296942527933432830
209 281 760289096087921405
209 282 6140785370089738847
209 283 -3163184001970048734
209 284 443508341794373397
209 285 4640611097562023369
209 286 -8630505936856852867
209 287 -2745246873695843534
209 288 -5704358177975727224
209 289 -5989974142728477867
209 290 -4639615545493421101
209 291 -6592409188819925311
209 292 -6326809247209785498
209 293 1636323409483397627
209 294 -7351271297116183022
209 295 2472068186506274222
209 296 3793763358310109926
209 297 6457086449086820384
209 298 -952155608206185615
209 299 4723512578305091146
209 300 6939607031952828907
209 301 -7988104863118251270
209 302 -4148030899536530567
209 303 6223446527317275180
209 304 7064000126770952492
209 305 -5402624716064720414
209 306 -2590190843152396013
209 307 -2292266663191976154
209 308 -4684236181531450775
209 309 -8220725412215203157
209 310 2380527825610509055
209 311 -2653289905921175784
209 312 -6589125551782701056
209 313 7298641297087416381
209 314 -887807861356445887
209 315 -7171254523551917897
209 316 -2904273981593846802
209 317 1009510731853333900
209 318 8114696864719058867
209 319 -6602870386803637410
209 320 2565593315776994459
209 321 -3821540582001085481
209 322 -2848203023596056778
209 323 8773709657411555673
209 324 2557203650679426659
209 325 8554991346787326538
209 326 -7927098369342887365
209 327 -5405167195295087051
209 328 -3561581096971960496
209 329 2137346815257615114
209 330 6193141139326329585
209 331 1019065073127165566
209 332 4934173198202867135
209 333 5277285259302440980
209 334 7158477142639806013
209 335 -4556323829620009301
209 336 -8465899126361733082
209 337 -8709554621114653601
209 338 -8630530562161150555
209 339 -1051493428211034422
209 340 3901339409265354869
209 341 -5627196459374976053
209 342 3407534365518723751
209 343 -1813662829869670277
209 344 -3895841336582422766
209 345 2724803301673718533
209 346 -6391894321803454380
209 347 -8754199479105298001
209 348 -3965545118446460901
209 349 299350617735941446
209 350 6854718674669070595
209 351 1148821157278533477
209 352 -6436657342271103738
209 353 6987855740546795809
209 354 4894033941256081867
209 355 8863327560621189928
209 356 8842947493494173320
209 357 -8855471744351522224
209 358 -8181152169183452507
209 359 -7217370601810795185
209 360 908881404114804912
209 361 2454541076306321391
209 362 5304400170387244702
209 363 -5728707411168898621
209 364 -7399158903630898047
209 365 8088111716359008440
209 366 468949668337861108
209 367 3892708915331106581
209 368 494832520694055312
209 369 -2904569852794147978
209 370 3728711576728156984
209 371 -958599565850502819
209 372 3596638034321320858
209 373 573813247549172744
209 374 -5375350339218272494
209 375 603459255861907708
209 376 -7775523409792252140
209 377 -534334274910800421
209 378 2202162706386361594
209 379 2160427890212431993
209 380 -8097681166875700582
209 381 -139029349635941570
209 382 105074567867532717
209 383 -8922791534941729731
209 384 4880282005119185610
209 385 5245057952890252699
209 386 -3557033007701452443
209 387 2898581396488749018
209 388 -8200728368258376763
209 389 9002716134791222734
209 390 -941986652794144334
209 391 5679896984532666658
209 392 -2412626826964291418
209 393 -422449053074314820
209 394 -998599886430030713
209 395 -6923426325506127871
209 396 5641961825657744001
209 397 -5129815397149527124
209 398 3587647152979256382
209 399 8521703027228960543
210 0 4924839172871914357
210 1 5549982518469856864
210 2 5261200375387751576
210 3 -3364286802010170393
210 4 684480883601003362
210 5 787879294883611246
210 6 -2104230866129809258
210 7 -5034827070610543642
210 8 6942498496129521455
210 9 -7946143054871804026
210 10 5211740391593956746
210 11 8406327414974974323
210 12 5807301661535085064
210 13 -6157513042475705828
210 14 -269162072302345063
210 15 -3349965374121969978
210 16 -1321447057543144613
210 17 2528698769552945824
210 18 8808000728236909310
210 19 4174135243925686456
210 20 2416784829104929005
210 21 -550940082319112908
210 22 4533472704539057293
210 23 5416943940916470048
210 24 6054283020557636980
210 25 -3902580870623647716
210 26 -5137689302823420168
210 27 3672032830627539557
210 28 5568258213056828890
210 29 1517824405728996990
210 30 568661008626462200
210 31 8857139470681285603
210 32 7747103334265580444
210 33 -9045589688561060909
210 34 -6110155993540410005
210 35 -2074483584361729467
210 36 2682279297427301605
210 37 -345708867511730138
210 38 -6406009887640151420
210 39 6104205994597570748
210 40 -6992716710325016061
210 41 -3860290547343153540
210 42 -4923462406953214493
210 43 8964849687594936325
210 44 2100010757514198156
210 45 5054217084380338370
210 46 5027614996262453099
210 47 5087102682611279221
210 48 1327357072948897812
210 49 -5868777829178171419
210 50 -2111115312590245870
210 51 7277137962241475402
210 52 -7129701247455986451
210 53 -4104356486465842076
210 54 1557294284244395192
210 55 2716843686703345569
210 56 7429641088110430685
210 57 -5960650684051422538
210 58 -8038561098110319597
210 59 -558599878737304648
210 60 -5577026530764073841
210 61 8214471556934671498
210 62 4419504132392545542
210 63 5462016884368347272
210 64 5206815902937214754
210 65 6424635521823779690
210 66 -3438932169763241386
210 67 -4513198954341308138
210 68 2521161574681751926
210 69 -4272767541256008520
210 70 -2518971894949402945
210 71 2443266975687126467
210 72 2575678863364117829
210 73 -4974624514068789418
210 74 6020769410449373971
210 75 -2016446778997223775
210 76 -5595338353603805034
210 77 -4295994045284246799
210 78 3296948503627182399
210 79 -9184998617326300188
210 80 1873493172225192914
210 81 -7658547857624618415
210 82 -3557722088159829941
210 83 -4178407124251585055
210 84 -8599883418929202547
210 85 4582943277750834858
210 86 6682537230758320345
210 87 8919623266549853604
210 88 7404488705435073928
210 89 8765145028351533083
210 90 -5305941454784094175
210 91 5957988429964436757
210 92 -2252170235745995085
210 93 -3741866873699468984
210 94 -7842637541315081122
210 95 -4916296350549426529
210 96 -5900936008433489550
210 97 4777606881046517802
210 98 -4025111444482693743
210 99 -434346018220579008
210 100 -3746717402677407632
210 101 -3913191214363324842
210 102 6914562853540003874
210 103 8921084816275124281
210 104 3384639319023794263
210 105 -3376173255190494597
210 106 -2977597679270292803
210 107 -4330837237951120376
210 108 -6038291778222374310
210 109 7884216851139734942
210 110 -4114531800366386204
210 111 -773082846612942854
210 112 -3507290673699157732
210 113 -4924346246174404115
210 114 7767924666642874476
210 115 2158939213839145631
210 116 -1025448230629205605
210 117 -2492603368706619565
210 118 4251091317208484745
210 119 2314615224301879684
210 120 -9019848825614675936
210 121 -3641276821894035135
210 122 1904497965598381597
210 123 1263275023959296000
210 124 6037537639338220358
210 125 9073484463391332094
210 126 6383090767822551548
210 127 -2004121195387517334
210 128 -5372371548880461095
210 129 -2064131988057228139
210 130 -2771337319281147337
210 131 8430669350906885925
210 132 3170283350985344293
210 133 1624678616644264676
210 134 -6226232230476353396
210 135 -3967100547603842649
210 136 -5824300064975825536
210 137 -2333355791515736573
210 138 -8537342289601845216
210 139 -315013032145461352
210 140 -6883879442564825860
210 141 1987720368656775243
210 142 -4091026965609876563
210 143 -6529075359446379132
210 144 332352717630903824
210 145 -5828752701625784541
210 146 4371241492358895065
210 147 -8243801738004638151
210 148 6451771369728839007
210 149 -3600244220423964823
210 150 7551682597854624866
210 151 -2897489082649511694
210 152 5327014660085900824
210 153 -3822009383851430867
210 154 6966525061945479319
210 155 8793115815937513653
210 156 5446432252634430634
210 157 -3147872537934045497
210 158 -9115119736237701779
210 159 2144709602721615211
210 160 -5917332714241418587
210 161 5501142658775916084
210 162 2487940638134046808
210 163 1252564885993604327
210 164 -5321589834878441522
210 165 -8393216669848666829
210 166 -3361612596533695680
210 167 -2311995207927336902
210 168 -2914673778279125964
210 169 -6724553705501139426
210 170 -8171428102612702753
210 171 200583038789412604
210 172 4215883744890146240
210 173 3862594866814700708
210 174 -8143798296544133219
210 175 5645439485822376284
210 176 -2999562634165393354
210 177 3847413076306908581
210 178 -2351894020149806292
210 179 5633250040919674895
210 180 -3120427807390319698
210 181 3536914989644545195
210 182 5468441708981463283
210 183 -5899847507854421203
210 184 -2313935302097752033
210 185 3544934105165168376
210 186 -8297526184633747222
210 187 8651345775867055985
210 188 1957622310361502513
210 189 -7266081854497591350
210 190 4152718676556125636
210 191 618235969671732151
210 192 8374917313483478700
210 193 4278578605582415089
210 194 -5093380316321558411
210 195 982302998784918863
210 196 9122603974152331691
210 197 -3464853715257639300
210 198 -9097480384261503299
210 199 1931409876271471549
210 200 -8176454435352526512
210 201 4857361426106494292
210 202 -20475944970500347
210 203 -3213281701460950171
210 204 1286648323330159507
210 205 -2882609675804641416
210 206 7571189849382158324
210 207 2630373816161770248
210 208 4401804887890686896
210 209 3091624477903151551
210 210 -9171918793113231991
210 211 -6600483569509944142
210 212 4886430759645073478
210 213 505973704478864853
210 214 -2830698251167976929
210 215 5777558063352874822
210 216 -4240611360410639546
210 217 -5831160424897198451
210 218 3322668113715620641
210 219 -9067236977460520273
210 220 5653575177559705137
210 221 3546941546996215608
210 222 -5028894715574538974
210 223 2035947215127916052
210 224 6639083589765291516
210 225 3192385593189997182
210 226 -6875651803577804288
210 227 -6560013500319439178
210 228 1138203171557429733
210 229 -7977656676602676102
210 230 8287872082300485794
210 231 -365389827120993450
210 232 -4323308195044220846
210 233 5088135474682525059
210 234 3420343666605073507
210 235 -3536509320423014168
210 236 6114015398536067542
210 237 6444798801860420573
210 238 4143148017523520049
210 239 -3983464823689480501
210 240 8412793692987179097
210 241 -6658238839195752637
210 242 -4810677656024301816
210 243 5018704683657304105
210 244 -6568659608142659049
210 245 -771381042483399048
210 246 8752174575513149877
210 247 5883201003371501335
210 248 -333415304235663829
210 249 -3957821961659277294
210 250 354819739341368059
210 251 4366867630009416167
210 252 -8683505654986773869
210 253 -8627792557106869322
210 254 6182149111812168730
210 255 3010447837012966476
210 256 8508400706983089713
210 257 371997104002452956
210 258 5781724752064621138
210 259 -5557235683434990155
210 260 -4226855228078940142
210 261 7490037542914755399
210 262 -5276534688010498884
210 263 -9138179411227732695
210 264 6900429116575394838
210 265 -6131628886062400839
210 266 -1752878481963438372
210 267 -274415825690108693
210 268 7577165503476505118
210 269 -7031144257528418786
210 270 -1404782774562283528
210 271 6488219403093590533
210 272 3329650079131796886
210 273 -1160990670151646926
210 274 7917139866749063456
210 275 6662475175112372072
210 276 -9082298906317658992
210 277 -3216521098996726432
210 278 862661889588844961
210 279 1650791311267493008
210 280 -1616300414012611319
210 281 -338985338010850518
210 282 7496356168950976187
210 283 1533266070381625407
210 284 7204512759070383236
210 285 -651687791975652229
210 286 -3434464908411685173
210 287 7879455534445356311
210 288 1895335249668572030
210 289 7920357246765855869
210 290 -611275006201751149
210 291 -3346403418387156398
210 292 8676381782124027940
210 293 -4004444046861994315
210 294 -2809595742174516167
210 295 5176492745261248239
210 296 1784561529380920042
210 297 -7381856072301444678
210 298 -4127065673583917850
210 299 -2357278552973390059
210 300 -4987758987496925654
210 301 7764881575439301836
210 302 1470459088422450362
210 303 358600784938460800
210 304 5859358618376611928
210 305 -21034404543887668
210 306 -8720020208589396272
210 307 5031568071013021141
210 308 -4098471498777772951
210 309 7426158689332913015
210 310 -2760828746960620912
210 311 2941199327664010979
210 312 -2550439190744513389
210 313 -510168056137335332
210 314 -4627033716086216784
210 315 6472827524167744
210 316 784540126359965002
210 317 8050583846510083550
210 318 7042259000891330644
210 319 -6327260165786563245
210 320 900146125383036000
210 321 3940500599996660247
210 322 -6214156378824257888
210 323 -8376168512876981518
210 324 -8759825519150078813
210 325 -7214949266949509096
210 326 -4849869215623542697
210 327 -8639591341795216819
210 328 -2944503691730038191
210 329 -1238329348577990563
210 330 -901810373244565097
210 331 2930173308872010862
210 332 1895774177373740211
210 333 -7530980846100572256
210 334 -4307850481114972168
210 335 -8480740638390491605
210 336 -4002826665031573234
210 337 8502793194580501780
210 338 4247359383938581300
210 339 -3859028314149231255
210 340 -6948360236188057259
210 341 4996761448392906251
210 342 6035108486634760635
210 343 1608577689821963998
210 344 -4851656148714310599
210 345 -6781903956504095309
210 346 -5352441886001066426
210 347 7684917720773694545
210 348 -5203422835273954307
210 349 8774748807013661595
210 350 3960498654102713109
210 351 4006105916380585357
210 352 4005056969079254788
210 353 -7368204353980110593
210 354 -2832466643538380646
210 355 523896946323778370
210 356 5214805256750030459
210 357 954685630670242975
210 358 -5218842761680594142
210 359 -4994782989164682795
210 360 2987015584913016083
210 361 -4452583653129453866
210 362 -1121568250604557992
210 363 -8577059054915588257
210 364 4175555990561398654
210 365 2202190503522984253
210 366 1244913703606429260
210 367 -1881363369197084445
210 368 -6011638563427735304
210 369 -4584955184417808419
210 370 -6212512644007119706
210 371 -6706593022874649440
210 372 6590633557520431237
210 373 2677697852987837392
210 374 3239710191820448575
210 375 -4181460855778163139
210 376 5866890717389375829
210 377 -4634960601773325490
210 378 3825466753707285814
210 379 8223944846706504624
210 380 -8062940859550632914
210 381 -1462210633972600869
210 382 3896735716620919500
210 383 3378149102572007375
210 384 1157709663101057340
210 385 8875580649779150557
210 386 3135195757389747914
210 387 -64927076400889921
210 388 4381345683347964246
210 389 3364650549434999388
210 390 4941699607212611911
210 391 -2469716237387219343
210 392 -6951576541953806976
210 393 -255444252080826918
210 394 -3906366627837479605
210 395 -7015095980213296227
210 396 4383156500151150394
210 397 -3715515104401577449
210 398 -8127113190982541678
210 399 8844716471083714525
211 0 -5187706247477452859
211 1 3228110467340232213
211 2 -8551567637284441184
211 3 -8083993248681544530
211 4 -8715407382269273856
211 5 5957582232552443408
211 6 2944802134860128055
211 7 -2735138496920213602
211 8 -372876387154757736
211 9 1006004871587412909
211 10 -352645017815785092
211 11 5360345935680746230
211 12 1024170796630293780
211 13 -2409683496303190001
211 14 54557152376375663
211 15 3960650127532236010
211 16 -7803709221188554360
211 17 -7968993890990264311
211 18 -7085116387800659137
211 19 -688857077483826801
211 20 -3701788185268341687
211 21 6849657553111322366
211 22 -2129860286309259957
211 23 5324770025248897177
211 24 -2646885656644544290
211 25 4474105339943261516
211 26 7283483322527281814
211 27 -2472554673568267537
211 28 6585770347132401557
211 29 8322535827796516892
211 30 1842369953942377505
211 31 -547994015025623137
211 32 8433706373760585755
211 33 -3184365018625438851
211 34 3873205133868141358
211 35 7603182277100994910
211 36 2150539335233371405
211 37 386109455263946211
211 38 -7094654468170206953
211 39 9125365505822062922
211 40 -1549818981901641833
211 41 -7652244685240197350
211 42 7946397869342077595
211 43 4981160378965791425
211 44 2531964319547340535
211 45 7291783316272017106
211 46 7702570986389920794
211 47 1992987284693023587
211 48 -7905111511681190611
211 49 9056665538777617679
211 50 -1138689014324983904
211 51 -1329589368005961091
211 52 7271124645387592884
211 53 197401766784432568
211 54 -1286941877952951555
211 55 -4237856029517279393
211 56 4257208858521919463
211 57 -2115366994429839276
211 58 -158174036392631177
211 59 -6034474780246637896
211 60 -4871039238937079760
211 61 -6069010157014216445
211 62 114924957760989418
211 63 -8493948214551095298
211 64 2706453747890641852
211 65 -2351834516715803398
211 66 -7178852054566364559
211 67 -5096042349018789833
211 68 5955542017202557707
211 69 -6203826185006015672
211 70 3575403734926739888
211 71 -8684868264258172079
211 72 4963707008694622434
211 73 6365174394549834606
211 74 -4389401073069439663
211 75 2264289388769772296
211 76 3571685881943509132
211 77 -1407629579073635744
211 78 -1861615986097633237
211 79 -1989163349627995797
211 80 3332736375242315113
211 81 -6318636188387980173
211 82 5788705064064478586
211 83 -8479766131820580054
211 84 -9136291617028239890
211 85 -5153465598451176032
211 86 8204584044507370435
211 87 -5331818602409903630
211 88 -2707624213540909896
211 89 3330533993192692415
211 90 8365944087290966278
211 91 1574515026247146806
211 92 -7249703502091171610
211 93 -7377960140385287386
211 94 -6535300315330050482
211 95 3449357112600647232
211 96 6687794826549078101
211 97 -364954819988441428
211 98 683820828956466691
211 99 -8782275448150792354
211 100 -96025014160409475
211 101 -8594717947602729942
211 102 -7467533117806527280
211 103 3695847156227884991
211 104 -7831307003325373636
211 105 4483831297870491339
211 106 -7194906796156009201
211 107 -7449256827987354718
211 108 -2142794745243169240
211 109 -5103782306637137509
211 110 -6376024336377601699
211 111 204472761370631398
211 112 -3141743723528596835
211 113 -4864389212212755194
211 114 -7020723801835713266
211 115 -2940199015670144667
211 116 -4623865791041909651
211 117 -9085852074071604243
211 118 4909947885271802918
211 119 7897373615793885228
211 120 8143526517101821938
211 121 -5007803879679348800
211 122 -2123790188175469145
211 123 5493643903344692011
211 124 -3507222932730757988
211 125 -919936768931114905
211 126 7889773642335155134
211 127 -7404715793354963525
211 128 -2639588729239160980
211 129 -6048654824411411487
211 130 -5733960920281443985
211 131 6980096026233885434
211 132 4721893039748214863
211 133 -4802455464415455003
211 134 -1524951174340232626
211 135 5436655320076658318
211 136 -3487822872124299075
211 137 764113159485812645
211 138 5856918540639491171
211 139 -6192139994913934321
211 140 -3494104544090600856
211 141 4178547508437728682
211 142 -5473597899685259189
211 143 -5786144438861636942
211 144 8672055961027952096
211 145 -5823897737855085516
211 146 4647492508865086305
211 147 -6536134917572403876
211 148 6176632441207659369
211 149 758992209288248187
211 150 -4454586601814914203
211 151 1287798735961532598
211 152 -7771648353851472343
211 153 1715160580132819841
211 154 2526501848766729192
211 155 5904485715846222085
211 156 6616175186394387763
211 157 3025448623959477315
211 158 6334468078177745683
211 159 -4939447218480151936
211 160 -1345137339885768002
211 161 8820108405661577079
211 162 7284175229771119813
211 163 -1241212112387393768
211 164 -2603131769608785387
211 165 626876955738409974
211 166 2134735027425319175
211 167 8004217496339870542
211 168 4102567299688713121
211 169 -2131335785668075044
211 170 -2370827107302614717
211 171 3168338392285101489
211 172 -7370330345137691561
211 173 3560407398822210929
211 174 67533236192426287
211 175 -6617882965203882102
211 176 8464183802475641507
211 177 7311818379195205220
211 178 -382862529107436371
211 179 330963463878783232
211 180 -8386075750805614711
211 181 8256418912210365735
211 182 -1905676784695257827
211 183 3937308052645549049
211 184 -3791718998034835788
211 185 4051555000573007952
211 186 -1876849802279950652
211 187 -4110395624120141646
211 188 -2724597339447797824
211 189 8729956076211564823
211 190 -5906583568349060782
211 191 8848202010611363630
211 192 -8048822986230179745
211 193 -5087861296930665804
211 194 -2901386748866181571
211 195 -8086191399787729714
211 196 -8593380459226883985
211 197 -197517862630161019
211 198 -180026524075111351
211 199 5441899358649362017
211 200 -9151850434786246553
211 201 1239546496465317531
211 202 8369440983073045563
211 203 -7586150200207480396
211 204 -5237132295965858424
211 205 8551916824493219280
211 206 -6177302287817623998
211 207 -3117862850429434234
211 208 -2511226321552004177
211 209 5655803903786753972
211 210 234001089558463757
211 211 -7213313449453609034
211 212 9185219646082473755
211 213 4919960660022454220
211 214 -775374086844207518
211 215 -904556075045991125
211 216 -3630631556863565600
211 217 -2361573909030465436
211 218 -2207575913210306935
211 219 -1523053196937111189
211 220 8786689306749191356
211 221 -1417953641801084709
211 222 -111974458239585504
211 223 517740109408450912
211 224 2612895924419886194
211 225 -5353483263101584139
211 226 -7051607180386211521
211 227 -7721151835817629185
211 228 8305174423791412013
211 229 -6069635707984560356
211 230 7050809930105766117
211 231 -304092730345446885
211 232 -199883281488148764
211 233 -630181740400097764
211 234 1581982847486864897
211 235 2024438202510182853
211 236 -1454836041489548141
211 237 6960710378902536196
211 238 -2091059899076007656
211 239 -3992636781950252059
211 240 3606044723634804396
211 241 -203309302017664807
211 242 -5089558485215174232
211 243 6970832707249379005
211 244 862726261918847036
211 245 4579787519073701967
211 246 -3082633579094494669
211 247 -4797315840211494523
211 248 5537203813861974184
211 249 -4089656142513807474
211 250 5786466813427674655
211 251 8572790562758816057
211 252 -1213985811519553694
211 253 -7830758805044222585
211 254 -3666529016308682144
211 255 -323015620797825474
211 256 -4708185211792998351
211 257 5582881463828418168
211 258 3174277229722111777
211 259 1206105311619089029
211 260 3140482161654310606
211 261 -4113957070022731216
211 262 -6746929432616529098
211 263 -9060509125543233089
211 264 986639920027688532
211 265 6443175913175637540
211 266 4587226729270414011
211 267 -4819805056358272902
211 268 -5166172113529625145
211 269 2727263239844746290
211 270 -1240026536083127113
211 271 -5973059657385066597
211 272 -4268317711416043690
211 273 -2794189401239527183
211 274 -8318347677005406455
211 275 3557538713570021976
211 276 5829709401319969626
211 277 -1649809086271728696
211 278 -1800438241179698608
211 279 -6088593180775337036
211 280 -6966166050372435165
211 281 164323884518900388
211 282 -7523927840042762687
211 283 8874390572777229056
211 284 2952095624664611154
211 285 424002352322024049
211 286 8894279843273246568
211 287 -1901521088449824388
211 288 -5481943738531271210
211 289 -7937151027788241001
211 290 -6183371061197006793
211 291 -2784671698511696566
211 292 4626763709828582323
211 293 -8535903879864663813
211 294 -6116702386965497355
211 295 -3547377907275213624
211 296 -3847447805320037864
211 297 4566789476957352934
211 298 8446134415378962945
211 299 -7924623216911598479
211 300 6442744846050346602
211 301 5189355607338862935
211 302 8140661256418106693
211 303 -7545458689686023430
211 304 -603030163674089199
211 305 3108187528520717796
211 306 -8740034191229256044
211 307 571516251262558545
211 308 776349582849075989
211 309 4786011437313545641
211 310 3318095113217191904
211 311 8658532192470442377
211 312 -3522566895060034738
211 313 4453272287512433695
211 314 -3574498558819387141
211 315 -3877111062800710106
211 316 -1473853743865216492
211 317 7634460042468718679
211 318 -2109947630599424502
211 319 8337950697116591661
211 320 5133514889157903086
211 321 1722207579358237168
211 322 -4944720090661625040
211 323 -3384680050802444926
211 324 1879317289279415683
211 325 -7640492291059153575
211 326 -6440567373531568435
211 327 1361577909919064968
211 328 -6490619675314601361
211 329 6577960190844445376
211 330 -2392231257114235776
211 331 4403828603337234118
211 332 7863903364645205749
211 333 4107653630743200830
211 334 -8425906728112119445
211 335 6563984244392870291
211 336 -4466263521955408654
211 337 184228144588978915
211 338 3284296979900110335
211 339 3431561298823854497
211 340 6785051805210032640
211 341 -2885597284465936644
211 342 -5719697088506129403
211 343 -6089729867715340043
211 344 -8520424729557024036
211 345 -2074431069354047179
211 346 -8330579032006519145
211 347 -5615648512376819370
211 348 -4583906337705169112
211 349 -821863807009504931
211 350 7761655663513719620
211 351 -4943029960002049116
211 352 7198144019830957752
211 353 -2226470877851498634
211 354 6843184591823011184
211 355 -8638131483324948375
211 356 6133639400864650006
211 357 -4172654327721663652
211 358 4515598261347258808
211 359 -1223713105324723237
211 360 -2962706948180921197
211 361 1563919215000856353
211 362 3532669211625911269
211 363 5868820964895653411
211 364 3439298030676526147
211 365 8955409848730549081
211 366 -1485101564442136410
211 367 3402319541571631430
211 368 2894057092495984622
211 369 404816762503502258
211 370 860613734877071463
211 371 8871668917104585395
211 372 3806230841768611363
211 373 -1446304901240687696
211 374 2294066912413216267
211 375 -6369054222802430371
211 376 -5905927649559636566
211 377 5337643538863930008
211 378 6392901147882805442
211 379 774582231546573885
211 380 8087887382863852365
211 381 6328551556335210708
211 382 2517244831518681540
211 383 4644879281946885499
211 384 2825635779305442924
211 385 -4675754066922972343
211 386 3954924351399485367
211 387 -8431323975320964091
211 388 2606592834742697731
211 389 -2977055628723685975
211 390 1659083864682897041
211 391 -7160841308329205827
211 392 -6960049073301849598
211 393 4887369403118453603
211 394 -7833646414940656537
211 395 5496795127372356476
211 396 6463885880964116901
211 397 -7012434083753424032
211 398 7314062210554360984
211 399 2011073167175430669
212 0 949110013742014933
212 1 4083295523809650657
212 2 4779876705503629982
212 3 7802159765228204036
212 4 -6808421527878144653
212 5 -3261056832293335012
212 6 7804620652137191416
212 7 8624311064353275363
212 8 2257894039028055653
212 9 -8487402517496148880
212 10 -6558733464480491348
212 11 7790405793646224401
212 12 -8531678134047801794
212 13 -5665837858172422759
212 14 -4258300417110971914
212 15 6570529983482465427
212 16 2512461509594869012
212 17 -5007436746653747975
212 18 1159109950983696931
212 19 -3121637314276367066
212 20 4207936353847118280
212 21 2011795515658200570
212 22 2892019906919673292
212 23 6849433416369618841
212 24 -1047292304123962644
212 25 -3776432637669536690
212 26 5040510026778362849
212 27 4925943861786098370
212 28 -7576103832676390010
212 29 2728238324982045953
212 30 -8926884639839852133
212 31 5678638286980108118
212 32 8352918804717527414
212 33 -5372923221996818683
212 34 5456562353584415827
212 35 4168395856079945942
212 36 4498878393694602345
212 37 -6201749057481693832
212 38 -585734755613110032
212 39 -1326355714220354302
212 40 -2958863127673519600
212 41 -8424726913120401498
212 42 -7600124175857973711
212 43 -2471418410297810261
212 44 6682997427034614903
212 45 6414823135214148091
212 46 7699686236195064813
212 47 953672567413858454
212 48 6669580418159993247
212 49 -5216550044346143798
212 50 -4314186923840481062
212 51 6634137735929376315
212 52 116592282246402544
212 53 -3660575774360539978
212 54 -979073052682821858
212 55 -3674352253513225580
212 56 -6582528785918721939
212 57 -4753029593879385178
212 58 746779314341699255
212 59 7527095602748579355
212 60 -267025560707289185
212 61 690563336039303926
212 62 7861899395956610427
212 63 3273524969387281703
212 64 -250062180451437355
212 65 3646799115180399692
212 66 -6820826733984462030
212 67 7552872864086955282
212 68 -3366921593743861705
212 69 5271222181214887822
212 70 5283774027175877060
212 71 5824806681977981616
212 72 5083635034106430442
212 73 3849234875757749119
212 74 1192435873285187611
212 75 -2294829611017367298
212 76 1375412467368494989
212 77 8100759848814367429
212 78 -943962389200724821
212 79 7320153959437070968
212 80 6175845124197416876
212 81 1297482968535981579
212 82 -6153706111682965361
212 83 -1860076502013761675
212 84 -6554155826627599495
212 85 8725034425310782454
212 86 691856477712466402
212 87 -8115848922456257134
212 88 4543191976000940934
212 89 -8589806789639809306
212 90 -2760300632934585171
212 91 -8116912969925878462
212 92 9073261260454791325
212 93 6629200518789859661
212 94 4366983153591735899
212 95 -67315636719447079
212 96 8140955158367978002
212 97 -1642432317896126497
212 98 -8027693862285207113
212 99 2575110871525237535
212 100 4495630928605740802
212 101 -4537962283693358716
212 102 -4636947264600064175
212 103 7185061960762830510
212 104 1405006992059328890
212 105 3565948124781616471
212 106 -4605577425279525218
212 107 -5291735520344350493
212 108 -5856401660015252450
212 109 8526874412161583111
212 110 -8363268787811691335
212 111 8673634037058670919
212 112 -4264930270855649447
212 113 4407979962892955611
212 114 4732526088641434965
212 115 2530882078007639819
212 116 -4352869866196955154
212 117 -1549168341996740261
212 118 -5288636434727938131
212 119 2733588326026610605
212 120 1068944851687056498
212 121 -1343971862845312521
212 122 5649162676365083650
212 123 -8253002924106369641
212 124 323427112718469974
212 125 -2173656271940944087
212 126 -4417618462867475732
212 127 -8350058680584968412
212 128 -6627268310346585341
212 129 -2503863474559277157
212 130 7678398794106734436
212 131 948929878130690987
212 132 7421312586880747841
212 133 -3798959753326480756
212 134 -4396336001278352241
212 135 -6529986932255993416
212 136 2170875614592626458
212 137 -7660793209565504013
212 138 -750822366637920569
212 139 -2396778876701055506
212 140 346107104297954304
212 141 -6916781178919088143
212 142 -4515673678558181745
212 143 8047022049836557615
212 144 -6343193257958595959
212 145 5194395415120733801
212 146 -2704600547063603485
212 147 -815247634339266943
212 148 -6001874135660495110
212 149 -2618291372155815827
212 150 3276065636393893344
212 151 -7574351245185278906
212 152 2894510411304983240
212 153 -7896872056738669256
212 154 8018263221763649302
212 155 1195416338086037566
212 156 7099739185327985696
212 157 -65024111966072605
212 158 2630069724158517359
212 159 -5040067768046692032
212 160 1458309944562691272
212 161 -4645434891250366947
212 162 2754921334501605511
212 163 8965827076080211620
212 164 -4646805491497821992
212 165 1432722982537989892
212 166 -2868710965221953580
212 167 3174602422321564693
212 168 -8837806593394093530
212 169 5634086096122469322
212 170 -4421026782161721858
212 171 -64935879600415564
212 172 -1446436119641414462
212 173 2799906125030445244
212 174 3400612980583112575
212 175 -2136860077723162476
212 176 7348454675123684884
212 177 -3908268502602030017
212 178 -2974750826392150308
212 179 -8076026827958441208
212 180 -5811812514153786815
212 181 4679336837270215821
212 182 6942451184811475878
212 183 2762924236129910147
212 184 -1671096346082546316
212 185 8607533869576702666
212 186 -8572887110165243517
212 187 8286921514777250815
212 188 -6312414997318038852
212 189 7121712311799561151
212 190 2595874988236440795
212 191 -5331449462266142874
212 192 -4991735218344858015
212 193 -6689767886198297912
212 194 3051566236293286359
212 195 3218272895347638814
212 196 2263508806401916715
212 197 8799225886148092061
212 198 -8439682042965517211
212 199 -5299459581304201297
212 200 7924504195994188292
212 201 8771625706088131138
212 202 2446265377714038424
212 203 1311135527418020010
212 204 307344832142019312
212 205 4747864637001077981
212 206 -5542647640009773105
212 207 -9218468639835375486
212 208 -1299228841976442671
212 209 -7434104053474709331
212 210 -8552902170610623015
212 211 -8185058369382565768
212 212 -4109306689748769024
212 213 8054803528734807515
212 214 2490112124873641691
212 215 3120297245161877665
212 216 -1803662835256316779
212 217 -3906525819383148477
212 218 -6130501729111967531
212 219 -527835992266689381
212 220 7134442901409120839
212 221 -1906327108284891950
212 222 -9038137339749613520
212 223 -8283636011522515375
212 224 -1056617648860244406
212 225 1705221243642848716
212 226 3993418331827961897
212 227 -2161022397133720736
212 228 -2438796484518231853
212 229 7901844863334318093
212 230 -3078604727517964333
212 231 -4859943257662950164
212 232 -3265922249635329187
212 233 1666369533716091107
212 234 8390117492882896039
212 235 7832013550405835649
212 236 -6960157885561233549
212 237 -3886688592557432974
212 238 3909611811731940468
212 239 7764673759429953624
212 240 -5032295449923905117
212 241 -873250878777173939
212 242 -8912986056691196445
212 243 -3318575489436311785
212 244 7847312132728720758
212 245 6137318331970465478
212 246 -7237328150952791760
212 247 6595351871419248673
212 248 -4904717956085867312
212 249 7105226423896993940
212 250 2386883981959764061
212 251 2381377808940491672
212 252 -6039704311575118238
212 253 -3125678892580709095
212 254 528715872324082008
212 255 539273097283607974
212 256 6782720688269451221
212 257 -3704637853643981470
212 258 -827356140276115566
212 259 -694728773388686338
212 260 3024868565264890336
212 261 1335138178690576741
212 262 819232439759811132
212 263 -5446690530024662310
212 264 8655251130619654710
212 265 8528784551460578396
212 266 -7640684797581840415
212 267 3056964871715777552
212 268 3395063759091939371
212 269 -858541645278736405
212 270 1016193005005500641
212 271 -3201576125553637391
212 272 5440659681872634877
212 273 2657072016494108925
212 274 3752410404065346051
212 275 5338736611504173493
212 276 -806144036512283288
212 277 -588889447899885329
212 278 -7213094478709889660
212 279 6903936767696465954
212 280 4442330036936143335
212 281 -2266929806198828612
212 282 -8268534870960252950
212 283 -375103771324650309
212 284 -2204493672943648506
212 285 -5465830599031438318
212 286 -6756975651159917509
212 287 2598958352581366842
212 288 -7302682164008838975
212 289 -1064026302955321616
212 290 -6426839761147521349
212 291 -3841151943954929057
212 292 -933213762128144092
212 293 550159861514691365
212 294 -6352865495202602191
212 295 -5120099550009072171
212 296 4726484328307585863
212 297 5197349393115220842
212 298 -982369738865596038
212 299 3563060357704851757
212 300 -1054058095275689236
212 301 -4686684657858570211
212 302 -8446493595359863668
212 303 -4787706475621911933
212 304 6536403119145490379
212 305 1385696040631111679
212 306 -386388663550088048
212 307 -3966082972222539451
212 308 -4511337197385299382
212 309 3721761899348468334
212 310 -1777929863619886113
212 311 -1786446114815889294
212 312 2355084539425935395
212 313 -1561864329402734826
212 314 7668217824789775214
212 315 2982449835173743563
212 316 -4437073331919755701
212 317 -1195368205793567407
212 318 4020342976988112452
212 319 1440447534652578751
212 320 6232172385659820216
212 321 3432358008143216528
212 322 -395801552365060768
212 323 81884333984799530
212 324 -2220382696619245567
212 325 7753038281517879136
212 326 3590834465955962480
212 327 -2320334950218528217
212 328 -6885706688945249678
212 329 1386457956895294020
212 330 3307243806858726301
212 331 5416567287849920357
212 332 5453517975384833218
212 333 -878774364859211948
212 334 -121572892465766742
212 335 9190797308290791497
212 336 -9196952992237687736
212 337 -6633189614290232228
212 338 -8599635680884623711
212 339 527414281589790021
212 340 -5627269258249681794
212 341 7296349955117446516
212 342 1786977285644888159
212 343 -7058256885073173432
212 344 -8049868519659033325
212 345 3370744565215040434
212 346 3432485377632984902
212 347 3940528609977665700
212 348 -5496898257920048315
212 349 -6174314651387931979
212 350 -2824351727891329356
212 351 -1655825578090527465
212 352 -4995597216613624679
212 353 -2034906340056506602
212 354 3403110260296795500
212 355 -3332527007397496777
212 356 4139222240000747359
212 357 8771681648004418489
212 358 -7938266551220997955
212 359 5619103587873485999
212 360 2848966084317837064
212 361 -391363219336618077
212 362 7704650195782220962
212 363 -5543496601033138812
212 364 2866364297658649924
212 365 -2834644367978478467
212 366 9023364617584215802
212 367 7064300693015996529
212 368 4974253064254445009
212 369 7799716593439831753
212 370 -2926639576224812512
212 371 -7282177444475868989
212 372 2946522608045540654
212 373 -4830374048054979108
212 374 7031124001203734748
212 375 -1568269553407391960
212 376 -4628954961996035257
212 377 -4470450011440296739
212 378 -7646262099204120839
212 379 4539930321931955223
212 380 7532501372195682683
212 381 -5460276099572737104
212 382 802637382907380749
212 383 -7646547991484401541
212 384 7691191898463402848
212 385 2360339317168871596
212 386 -1467138992546916475
212 387 -5869717670894623446
212 388 -7263859895245148522
212 389 -1380644671117978601
212 390 -9170776412273630779
212 391 -3528842569653359021
212 392 5383398724332478746
212 393 -6471851070276084320
212 394 6431199615935343075
212 395 -579506270760288880
212 396 2135698442356326659
212 397 5696853315030112105
212 398 6081839181819647021
212 399 -6281409222704007614
213 0 -2813399892313687239
213 1 8721399938123473339
213 2 2492098511141535165
213 3 6387609600748341415
213 4 -1724026232649439733
213 5 -5415498507206418692
213 6 -2599784400908848660
213 7 4698196198721997765
213 8 9202224321098943715
213 9 6909587904292734811
213 10 567191160141306205
213 11 5996736607175288543
213 12 -7299690801489503495
213 13 4774198005536394832
213 14 7175972074724597112
213 15 -9115474556677004403
213 16 5202788939433142586
213 17 1600315571278244043
213 18 -7369512175808161502
213 19 -3556259032532666436
213 20 263240649679368819
213 21 1778687944240275339
213 22 -8104786926465806933
213 23 -8681571093400037353
213 24 3866563950492846975
213 25 -11234181381508784
213 26 6973875642446232673
213 27 -7842164852303911343
213 28 -537334370998825993
213 29 -3308540254509391669
213 30 -372601104833470927
213 31 -541069876691414057
213 32 2571793654043844289
213 33 -2407818961283912269
213 34 -4315871082537908914
213 35 -7066959792515696911
213 36 -5019718746397882569
213 37 -1466642865599511276
213 38 4878553284497661487
213 39 744595464994087830
213 40 4515486930935302845
213 41 -1244156819953917163
213 42 3238932992823159382
213 43 2894010010924161433
213 44 3297332333683075332
213 45 6882226743603853268
213 46 -3660632734640783824
213 47 -8423313338473411080
213 48 -7813181976707986493
213 49 8409097855467639843
213 50 -843038734156469442
213 51 -5237788393114824975
213 52 -6538233173815239092
213 53 -4136286593701255401
213 54 -3483627041980183383
213 55 2495131628801557097
213 56 5258192734902312143
213 57 -5588029636115014693
213 58 996538107663792550
213 59 4836100398095538578
213 60 -4825636216074016638
213 61 3202787175783902302
213 62 3347391021280421038
213 63 -1127751333883041521
213 64 5701739785423119110
213 65 8768805060713433888
213 66 7770716810757762956
213 67 5930655585196576532
213 68 -1444480756478947268
213 69 856026291625542249
213 70 -6759558253197036687
213 71 -2048674623516477088
213 72 6827638611206801441
213 73 -7908431891696437105
213 74 602961518918532795
213 75 -5950322999049166374
213 76 -1319704000989099040
213 77 -1166086304572480845
213 78 -4945506591930452562
213 79 5087239351440956938
213 80 3741295337554008569
213 81 -3621477930397723346
213 82 -5219094362488321011
213 83 848223701169228130
213 84 -2178155150858567303
213 85 3027213629737938884
213 86 8837452287373357364
213 87 945220761803884300
213 88 -8681786178692227148
213 89 5016280261361038502
213 90 -3025586362732634470
213 91 -6924284053858646256
213 92 819178561183567836
213 93 6675285244413077726
213 94 -5058529284715561144
213 95 -7079282724493082802
213 96 -3544270141107668190
213 97 7377455697185362969
213 98 368438348780000456
213 99 -6359508859158397927
213 100 -4639163106802853752
213 101 -2335896129963439577
213 102 6539410627082342405
213 103 1731976889112942254
213 104 5611010933821435642
213 105 3900589353567638911
213 106 1021637226114583496
213 107 7935379355182021815
213 108 -1833594331385704435
213 109 -4395930739331935964
213 110 -228761200652797472
213 111 -760856430710180741
213 112 7055998922139593032
213 113 5913470174429208767
213 114 -5193921888567121476
213 115 3287773128289920511
213 116 900718962813095177
213 117 -8451651572501848354
213 118 4170673592804079972
213 119 -7457314286396257739
213 120 -1396215813331195626
213 121 6318957634240107051
213 122 -337632474300321911
213 123 -8776977145156102178
213 124 -2276482892497085902
213 125 8392674236494935999
213 126 4414478673431993015
213 127 2958098108145863611
213 128 -4480729002296697934
213 129 6302209028238178116
213 130 -1481124093987708837
213 131 1776120230015462017
213 132 -1861471201175711707
213 133 -7677160305899123045
213 134 6209210092411346312
213 135 8695401784815372299
213 136 4500990480679592374
213 137 8648709855654426880
213 138 3161106950146815185
213 139 -7885390363565837978
213 140 -2547385871553615147
213 141 -1991115038444677206
213 142 1467166179805907925
213 143 5157281226661184187
213 144 -821574863392655191
213 145 4633617897479825541
213 146 552894338842968967
213 147 2903313325252897432
213 148 6191823615574261086
213 149 -1263854846209059252
213 150 2571296359885653205
213 151 -708205485568453186
213 152 1166412095897132271
213 153 5037037162806076464
213 154 -2446886641300640205
213 155 -8480065017269787578
213 156 1708712940967837565
213 157 -1718365023759346974
213 158 8317216169246376317
213 159 -8579620862645620037
213 160 1961542717678176407
213 161 -7492281956704420200
213 162 4897502211129943266
213 163 7632928702318112807
213 164 4992183177229554237
213 165 -571282335365037556
213 166 7251743851581051619
213 167 4641681688556411800
213 168 8999428956290771278
213 169 470468794826290539
213 170 -4719201767190194956
213 171 -4289881883465964564
213 172 5026434570680235059
213 173 -7603674049727273027
213 174 -2786092204435074014
213 175 -6820780064690637914
213 176 8238509627165498363
213 177 -6087422905964749727
213 178 5414175135968884391
213 179 -4739874031880612390
213 180 81156742237870169
213 181 -3205888137318673959
213 182 -3735422798026306468
213 183 5958824682557477252
213 184 -7671104379982156304
213 185 3163793635613344997
213 186 4790862008809717094
213 187 1836396216173791415
213 188 -2674507852384388593
213 189 -7751072807802102670
213 190 -6592216252864388815
213 191 8679804647491121628
213 192 -7876495640736871633
213 193 -3302745677108234206
213 194 426452681807731852
213 195 7931347763866817191
213 196 -2984336855771674657
213 197 -4967824774907543933
213 198 3322983003789834515
213 199 -6851485115667004278
213 200 7584384605721982965
213 201 3146438653044386816
213 202 -6568583877267529353
213 203 8347307990643827083
213 204 7061616554297549910
213 205 3821608173014516315
213 206 8977863993829524606
213 207 436256685068855154
213 208 -1446379439758356043
213 209 1028045211448352955
213 210 7838868365023526936
213 211 908473999303306964
213 212 3518394038435424562
213 213 -1624368988817350376
213 214 -8531611021678326222
213 215 -7302319210112899347
213 216 3358333311796854721
213 217 -4482034614166637933
213 218 2030201922922673895
213 219 4661353247791950455
213 220 -4447343798719271628
213 221 -846948291505409914
213 222 8654327257050459603
213 223 6666016774736714705
213 224 1982282422759055637
213 225 1868458632810040498
213 226 -2588446397988740802
213 227 6209966388438989891
213 228 -5963292533054731035
213 229 5427323616198297049
213 230 -9080701108504896396
213 231 -1874215099131976736
213 232 -1926184860520188400
213 233 5071832113057800454
213 234 -2051237963347608985
213 235 5277068730838676424
213 236 938262834043556273
213 237 -7518641520238810192
213 238 -8783474042614049016
213 239 7511410556252889869
213 240 -956083668242285142
213 241 -1280709448988847985
213 242 4099779618369298510
213 243 -2831227933907481575
213 244 -4896740884182434847
213 245 -4531548592546299718
213 246 -3979942313125321289
213 247 -5233714108374249924
213 248 406029284162891118
213 249 -7323496080947547132
213 250 9132000210097336438
213 251 -8204349752428792269
213 252 -3217926023693837720
213 253 -7560688098294852161
213 254 3416724438110435232
213 255 2540378728140408611
213 256 8261639639545082739
213 257 8669899519141213201
213 258 -5303804232823345960
213 259 2697732191563189718
213 260 6391656607322984772
213 261 5036401288078097735
213 262 3195684101131299087
213 263 7928308842392278708
213 264 -1854575931381586723
213 265 6258205137554920818
213 266 -7770636689766763958
213 267 1341659575746996364
213 268 1226842646620740830
213 269 7779181448434055544
213 270 -3148776792230304256
213 271 1591840310219594405
213 272 -2547641097741851135
213 273 2955753967739218044
213 274 -5893104671454182274
213 275 -7966623940296608909
213 276 8200067799854931263
213 277 7054332234813237679
213 278 -891230501541948971
213 279 8404498099545975255
213 280 -4060513677236102206
213 281 103515084730355569
213 282 -619487375478522498
213 283 -8061165988274697464
213 284 -4049667777528332983
213 285 -4104472625757995122
213 286 5847771297206440301
213 287 3184840146950285824
213 288 2792405113768964608
213 289 -3750560969373559514
213 290 5096210147120732909
213 291 113383541063019153
213 292 -7621279250950426166
213 293 -8384822465720994192
213 294 -5737958257998246384
213 295 1535482069301012302
213 296 -2872694926052533708
213 297 3418000589476096877
213 298 -4183531015574679194
213 299 -3755844966297354844
213 300 -7104550304208207138
213 301 -159971206442436998
213 302 -3912506643138331057
213 303 -910291737228072705
213 304 3845687367626967315
213 305 -7854184456296129658
213 306 7898601625568183744
213 307 -256193995860664806
213 308 -800633765975467698
213 309 6711545513474603128
213 310 -2661766858999300158
213 311 -5574724434072470356
213 312 5492810271081189048
213 313 -7386878027627778653
213 314 8627119717538816586
213 315 -1070282244864020698
213 316 6413866223303143660
213 317 -7540313140395024217
213 318 -5836741991664731314
213 319 5972244772605623160
213 320 -1587503343443011627
213 321 -6753838883791853491
213 322 -3714866635507426975
213 323 5718600815402391482
213 324 5066063054934325084
213 325 347311432930772125
213 326 1389905177648714896
213 327 4949121998346163804
213 328 -7968587418788197466
213 329 6380660793330131306
213 330 1006542625918411237
213 331 3106322073130687278
213 332 -7339067603205177620
213 333 7627838387827951607
213 334 -1466759643654901961
213 335 -657297577813506377
213 336 5389389702250882473
213 337 -5116063995081934458
213 338 -4521290849471245320
213 339 1669289007003674851
213 340 -7323970467750859811
213 341 2903563190066904915
213 342 5685810166733013367
213 343 4309426922631202422
213 344 1817546461158907459
213 345 1665013273833585474
213 346 5761687691823161700
213 347 -5158460300970683639
213 348 -5495819944874341170
213 349 -4130310571291816027
213 350 3303749275806110994
213 351 -75737386760665962
213 352 -1795998249779262031
213 353 7025419305326594276
213 354 -3547552025880346949
213 355 -4286507246421488110
213 356 4630849896245465932
213 357 1997114825127161575
213 358 5497082602590384379
213 359 -2045232791557405285
213 360 4462838547080102462
213 361 4267771344001367240
213 362 -7043634283895012794
213 363 7001830092155138644
213 364 7125678877676427430
213 365 6501589128265997140
213 366 3391008142992895137
213 367 -7158474551791412359
213 368 -3762347518690455038
213 369 -3057514917965991194
213 370 -2656363678189260840
213 371 -2144801999964400536
213 372 -2330470072233468045
213 373 7769547289032224142
213 374 -1061529481161549788
213 375 2784697033009388780
213 376 4533776944975497652
213 377 7113286793226635561
213 378 -3161278238597208031
213 379 242997803536434848
213 380 8681035857298238017
213 381 -6312244773529911303
213 382 -8087883608460804206
213 383 2256091523876692872
213 384 6351851635161937590
213 385 1783815566112441419
213 386 822550909471449889
213 387 7706525165767351722
213 388 2470899853860061392
213 389 -2311550104938464471
213 390 6529233342511934981
213 391 7389331955046298529
213 392 2145540085729656399
213 393 -6519631234271232870
213 394 8599327437635898824
213 395 -8425233937464377833
213 396 -2920727344695881737
213 397 3592670980529241479
213 398 -258828627282831003
213 399 7811726355887757306
214 0 -6681591793259704691
214 1 1983808295821270727
214 2 -6321910056812008577
214 3 -372138856698419396
214 4 5432178537799024257
214 5 -4933779010603962358
214 6 -5002501223861366478
214 7 -5922595205079016704
214 8 -4287555204119917490
214 9 3737494916126185453
214 10 -5700961656985627968
214 11 8332130635868998967
214 12 -2001979628910983804
214 13 5536718835347705894
214 14 1051577363407254946
214 15 -3356767102698672274
214 16 6856309897047359472
214 17 -7761843206566738335
214 18 450933318402740166
214 19 5848924450367345724
214 20 7851061459726859674
214 21 -2651531204673437958
214 22 1274930557013880884
214 23 -2382529838858478514
214 24 2144427222102167912
214 25 -8479521748530482045
214 26 -3074141944743108401
214 27 974023106168937626
214 28 1440731268369295650
214 29 -1783861788229475634
214 30 8853445004989807988
214 31 -7052854111689695043
214 32 8172261722241347901
214 33 -443402592536620626
214 34 -4910696808881968119
214 35 5728824287220540838
214 36 -1234233287487557353
214 37 2462541791129335088
214 38 -5304917643100172657
214 39 5217563546626805578
214 40 4750615852949612595
214 41 4789902781064379346
214 42 -8624826371306019861
214 43 8494110525695543234
214 44 3066473775915333070
214 45 -299182724819705375
214 46 -1690985162192469755
214 47 -4593426933021469189
214 48 -8690942023292702889
214 49 -8441548253645795498
214 50 -7413902836471169234
214 51 2221370502774850636
214 52 4943784460304804259
214 53 -4941616505273936152
214 54 4868487090119318889
214 55 -2869920416169294630
214 56 -6461141550585517772
214 57 4158329140221616381
214 58 151534450570515184
214 59 -5962873029203204258
214 60 3942562779084592506
214 61 -3141211128741386136
214 62 176352704023774215
214 63 6739675254460132165
214 64 7348561442015131271
214 65 7033963253608089083
214 66 -2101681788900711175
214 67 -4113063615306376883
214 68 7814831246616130414
214 69 -39888417100024600
214 70 -8630441102505174597
214 71 3112231366767775487
214 72 2997071511764299434
214 73 1324386085745175391
214 74 -8725755715143170948
214 75 2720738805588261074
214 76 -4781667488827115880
214 77 6468631549815414252
214 78 1673936106035277465
214 79 8929233782092323468
214 80 -7275841700184589385
214 81 1977915665206807557
214 82 -4508506553418086654
214 83 -1800790845297532535
214 84 4289139613055876496
214 85 7973521231182325136
214 86 -6970218413970953596
214 87 3109077561925465101
214 88 1031650222690178538
214 89 -4139629827511875238
214 90 -2067375429928714421
214 91 1525793793111655953
214 92 -5231060968385719576
214 93 -1919614301830196862
214 94 3070340594921911391
214 95 -6859041832635260449
214 96 562650030111578103
214 97 2757004905471854431
214 98 8748681708949337037
214 99 2047355352618937008
214 100 -487090549078217711
214 101 5348772227284066841
214 102 -2570520043665238065
214 103 2697368569814237048
214 104 -2079042552713704557
214 105 7974154497866146707
214 106 2126010597790077559
214 107 -540699935024596877
214 108 -8579463658524121004
214 109 524292497675945724
214 110 -4257043851333503472
214 111 30287955261943914
214 112 -4512295429590398243
214 113 -6760967502586401327
214 114 -3731725733203278278
214 115 5004227199741186916
214 116 -3597878547668153898
214 117 2907338662592067283
214 118 4579169725256892062
214 119 7490832467990143328
214 120 -4974624533518807985
214 121 -6488232413959311083
214 122 -6428206831913950333
214 123 -7335626938585403269
214 124 -5331936532011302663
214 125 -7946046858654548842
214 126 804955137787137833
214 127 2579814498592685704
214 128 4494734820929138687
214 129 -7845353849678519623
214 130 -8485406123120473037
214 131 -6660472315400063195
214 132 -7750904244210170874
214 133 -7811417687631090957
214 134 -8529765679378154443
214 135 6025709674114180202
214 136 5906536348964707533
214 137 5790627923231548669
214 138 4295816599817251059
214 139 -3508039636796432406
214 140 424605036915514093
214 141 2137827084563412272
214 142 -3534772021058005339
214 143 8905008180943993157
214 144 -4887112057304853589
214 145 -2931836265243862976
214 146 -7960276660140838368
214 147 -2608944543397768863
214 148 7307264018202721424
214 149 -4799696954624258100
214 150 5840249528210190254
214 151 -3437033681931980016
214 152 8350187158934764933
214 153 -1759334033577549978
214 154 8003187912413039843
214 155 -7736886088188173882
214 156 4337052479272890983
214 157 6163498678434064667
214 158 -4944084055461934997
214 159 -287444273667040400
214 160 2585108187576295059
214 161 -5464907116122659279
214 162 670042358290827107
214 163 -4650845122989431825
214 164 -1699322374376696539
214 165 8373055930639697134
214 166 7106040842610277507
214 167 2707002321220532237
214 168 -1633216734322865070
214 169 4419507672930724853
214 170 -8143410167505718252
214 171 1930227698337566973
214 172 7746525631653865827
214 173 1812007209089435754
214 174 -1143235262973257330
214 175 1592787420248461243
214 176 7932377801028122250
214 177 -6259740834462013681
214 178 4521219599699115918
214 179 140415230240288293
214 180 -6656772257421217904
214 181 7753658216594698631
214 182 -5968552541588444629
214 183 960042913211170367
214 184 8995276294412378840
214 185 -9213219861452448821
214 186 1499725470325017694
214 187 -5338539128672158972
214 188 6163640366098866050
214 189 -290310856535267595
214 190 -5483476997419271164
214 191 -3375796732441123730
214 192 -8082951833095316658
214 193 -4902716422818739866
214 194 -3607596418772254286
214 195 2388926738593985475
214 196 -4660233521987770884
214 197 1830994040586078174
214 198 -3335178335912276174
214 199 4180771585696455219
214 200 -7885648200652005605
214 201 -5880910435679484990
214 202 6540043048718760341
214 203 123104109544304290
214 204 6605833445432283424
214 205 711736307875556798
214 206 4806632980126575651
214 207 -8706643255513923637
214 208 -8927873093633651796
214 209 -1426548955155787528
214 210 250238829472142589
214 211 -252081513692272797
214 212 -7849027244840618742
214 213 304714659299765341
214 214 -7336603754419298857
214 215 -5082103849409212561
214 216 2223627075220674539
214 217 9216659089344568257
214 218 8017064028604822056
214 219 -139046455623514862
214 220 1800886562535699553
214 221 -5214453819795905977
214 222 1325337936683336989
214 223 7466994993571835372
214 224 -3308397759285008448
214 225 4339302088299901735
214 226 1470041031605855647
214 227 -7834930463198879861
214 228 4252489286461133737
214 229 -5536647120507116117
214 230 -8038028719483541048
214 231 4179978125111547862
214 232 -4757037227607841226
214 233 2059126559178429467
214 234 3016189175551538584
214 235 4192420733805408847
214 236 3883638059721244498
214 237 -1314970813695776496
214 238 -4415049915998004566
214 239 -3640341314243449939
214 240 -4681142465942765379
214 241 -3903761951812531399
214 242 2557275776048612244
214 243 4296593317707758802
214 244 2203368164552308216
214 245 -499645810825793528
214 246 2069297816115263012
214 247 -1748884825987158434
214 248 179293789516156116
214 249 -2716492461456730048
214 250 -6016865676082300832
214 251 4791867279907837109
214 252 -3224164785660927512
214 253 -3865106398581945346
214 254 -4946793026211292936
214 255 6492789871670814199
214 256 -7780384982827414940
214 257 -5648515036111778354
214 258 6708128482366302276
214 259 5610577968233220469
214 260 3539360913343466060
214 261 -5952203485750188048
214 262 6548156038492217653
214 263 6044988030404600564
214 264 -802119545293225228
214 265 7000815257072648245
214 266 220160008894444151
214 267 -2891518706019107044
214 268 -6268162757108182767
214 269 7372378882367557628
214 270 -5211008979732210813
214 271 -1964982819330076731
214 272 6197445618742411120
214 273 3105009488385852481
214 274 -5913982258278489173
214 275 -8841466403171100332
214 276 -2088988031118172013
214 277 -328644541033692674
214 278 -3273947490068300434
214 279 -6931431008300283987
214 280 -8857404938527273837
214 281 2754969630529852676
214 282 -7913629527570239697
214 283 -669357315825595465
214 284 -217609618015893227
214 285 1236315927010460837
214 286 7486824870314144484
214 287 -3075322719102129666
214 288 -6210364452475734484
214 289 -7896927922388740190
214 290 -6290425597997459683
214 291 -3191402597147399045
214 292 -4998400555365650041
214 293 -7510532193107211437
214 294 3177595823957091408
214 295 5426873212038069932
214 296 -6435430220903206534
214 297 592857468798458389
214 298 8758243341783011105
214 299 -832288154912195344
214 300 3604028024418600093
214 301 3149782763930826257
214 302 112971614104520392
214 303 -4348329220068751288
214 304 8622816297172634317
214 305 -1862161841664446821
214 306 -7104848093898910420
214 307 -8389031517465357462
214 308 297772069416967074
214 309 -7296750230370465575
214 310 -7423564870777619213
214 311 -2378643536088296672
214 312 2815465063931136623
214 313 2965662813443769866
214 314 -7058890346278076766
214 315 -4956945633503739190
214 316 -591967154409705965
214 317 -4113455281136093206
214 318 180367763007714636
214 319 -7059248523462979003
214 320 -856129380766383922
214 321 -5741706129570163352
214 322 3086690400400612047
214 323 3136045536041154361
214 324 7552107373563211244
214 325 6498641264989886690
214 326 -8946224959173567007
214 327 5431048308182492890
214 328 -4228347758782300962
214 329 -3768353198428492216
214 330 2860158128649418150
214 331 5980237616929949166
214 332 -4154782092999856206
214 333 -5278717755639124738
214 334 2938319638554143124
214 335 -7923523417680639097
214 336 -8868195872224166815
214 337 7990762333242004598
214 338 7388658531965562195
214 339 -732532799844764158
214 340 -8064367807777960093
214 341 -4185593201643867001
214 342 7208884589001039069
214 343 2569528875272346092
214 344 3572820708968947547
214 345 -7878120298319310473
214 346 483929898636397531
214 347 6254409536860924377
214 348 -4417680548758746900
214 349 5256080776265265898
214 350 5248081752411300332
214 351 3865383409495679783
214 352 -5420184583126173500
214 353 -2923567580203916354
214 354 -30512030787200086
214 355 -4200164703561172663
214 356 5186666893399472683
214 357 -3546730749292513693
214 358 6157564778859542975
214 359 3623055908911466592
214 360 -2164250523169998815
214 361 -7971397940256215172
214 362 5174442800755270201
214 363 -4676316992647574458
214 364 3363963196070115373
214 365 -4134291368584093181
214 366 8965202363983552607
214 367 -8709660411623741881
214 368 7927514423656148663
214 369 -9082180584996593749
214 370 5110115576174519117
214 371 746250243743768663
214 372 -5538624657881101951
214 373 -7138071086031402586
214 374 -6761696135541633491
214 375 1998640981516514470
214 376 6065420808237776152
214 377 -4304461854681727369
214 378 -3414442710392182296
214 379 -6520886946032614972
214 380 814493528545329674
214 381 -3522577131072124574
214 382 -5831352167894449925
214 383 8336009082923637155
214 384 2300531206516633851
214 385 -651230397097743642
214 386 -420913004462772513
214 387 -2428372143881675420
214 388 5707989424014702917
214 389 196218195680041766
214 390 4082964633637364743
214 391 -3384901090290775284
214 392 -8024133445873588343
214 393 3610852934840205256
214 394 4565632383864584518
214 395 4729505811949652197
214 396 3169203033648825756
214 397 3507432258382103384
214 398 -7740586073765499216
214 399 431198602463908813
215 0 -5741809383063822135
215 1 -8170066292343501167
215 2 8475655873931213298
215 3 -1869703782535807835
215 4 8005804169255277372
215 5 1684577181097570469
215 6 -5435233372185521454
215 7 9068829184419074495
215 8 -2221000595758556838
215 9 -5841921084772162176
215 10 -8820373725473626443
215 11 -6293523740159399548
215 12 -2088966192035623593
215 13 5167554564132261654
215 14 -7342370514969798572
215 15 7319148154666184926
215 16 -8850104521944788737
215 17 -5168063530295421418
215 18 -4357179966899693733
215 19 2323604256013892839
215 20 -4576077607123843330
215 21 8123977928545692794
215 22 3221357640012792915
215 23 311342684403855108
215 24 4774975736755499630
215 25 -1701388519229979489
215 26 -8710515608220927310
215 27 5514323556077269206
215 28 -7064630682923851515
215 29 -8449373644300465642
215 30 3930171768230259282
215 31 947419025960627363
215 32 -7772171991547337824
215 33 -5607791839806777752
215 34 7404530010113539119
215 35 1234039840116257999
215 36 1082701021017205540
215 37 5879358385067630572
215 38 3514222962702467956
215 39 3691496821239678487
215 40 -8892627390843356245
215 41 -8231661185363869554
215 42 6956446388390946244
215 43 -1830993787545949111
215 44 4553407074288183680
215 45 6279334860980575082
215 46 -53790854434551985
215 47 4282159335974455084
215 48 7889068888785382655
215 49 3014065295214758602
215 50 -7711947672780150178
215 51 -469821634201178877
215 52 -2546413373321273830
215 53 3659433099954908802
215 54 6424095676865033484
215 55 725184624955664645
215 56 4842403290857874108
215 57 -3964373889680179927
215 58 -6507626599462875752
215 59 -4765577907792479159
215 60 -3961448276880781841
215 61 1766630333964769393
215 62 -8303942208769561252
215 63 4371826492316902554
215 64 -7689774381320034256
215 65 -3398611707721196958
215 66 -4883733354578704987
215 67 4747272926300459173
215 68 -1754930526009976443
215 69 3164122075148251850
215 70 8388731608736917512
215 71 7289016417015610861
215 72 -4298079803438937915
215 73 4250763717846124097
215 74 385321681257131945
215 75 -6179506278237834388
215 76 2730460709187580062
215 77 -5118232468369878578
215 78 4005706267594335751
215 79 432452698944820521
215 80 -2065315995908078461
215 81 9009188937013442311
215 82 -746555395109808911
215 83 -8333973227694188779
215 84 6727866019630772201
215 85 -106542218416318518
215 86 -8830449037908216701
215 87 5533147166090185306
215 88 -6145438269845707981
215 89 8347100419390623044
215 90 -2883451145640315403
215 91 839861799739103974
215 92 4893632697180294459
215 93 384938366116021111
215 94 5711022445753623224
215 95 129273728693723759
215 96 -1513075104795458704
215 97 -3290445625180830776
215 98 621400954415009596
215 99 -7258896959887282204
215 100 7910129745346314606
215 101 1999452560296074022
215 102 -1040461170326181997
215 103 -569134311823195457
215 104 3806445481800753421
215 105 2482050314527026665
215 106 -5288059434932547286
215 107 3511117186973407417
215 108 -5730783728053855068
215 109 -2112140966047104447
215 110 -6324033761019044653
215 111 6711472208340748040
215 112 -7496647787736121972
215 113 -3155547969578479033
215 114 -2536748033720312486
215 115 3826909881179278564
215 116 6364972030915115143
215 117 4042195249003979253
215 118 -1084052642732192905
215 119 -8907372181851986184
215 120 -2002661037447503518
215 121 -4214489652825548677
215 122 1025695899306685338
215 123 4640356851132469505
215 124 -702329534227458682
215 125 2860595300275926530
215 126 6879027248011733212
215 127 -8287495889926279264
215 128 5926225241281100238
215 129 3584975874223272796
215 130 -4392208252380779777
215 131 4756237676575880982
215 132 -7249648438842032318
215 133 -4135286807241227157
215 134 7167921302570792401
215 135 -1757939070954743067
215 136 2817006533253482480
215 137 -8956891866339427432
215 138 976819881941570624
215 139 -8900998988766973568
215 140 7290604343515048941
215 141 3648904280636536821
215 142 9044923216485598612
215 143 -6649936845949314275
215 144 -7527732406959993326
215 145 7614216744825531768
215 146 -2409266763071916183
215 147 -7315966266339237356
215 148 1311873812791656537
215 149 -9222914021125042722
215 150 4191893848590960174
215 151 -7099653784711512712
215 152 8971057048972948151
215 153 -1046753363605899807
215 154 -8101102416650888636
215 155 1195384008043768503
215 156 7184201903950513005
215 157 4398131699172136229
215 158 2897794804064465482
215 159 -9180357092804525731
215 160 3007250122023542693
215 161 -461259279387657082
215 162 -4013930067707566801
215 163 -671010391299181819
215 164 -2811791097274375024
215 165 2945839431520246736
215 166 4271986315026507654
215 167 -8604759398197140732
215 168 -61176727085686684
215 169 8812400031443966781
215 170 6173770947180979168
215 171 -1747469250467219552
215 172 -1610495561220743722
215 173 4253745212485688328
215 174 -1446351498795154065
215 175 -5782563207079552676
215 176 541677743206592497
215 177 -641803332159501443
215 178 -4519708225357717380
215 179 2566282925484271705
215 180 6405632951826341361
215 181 -2412761682559993667
215 182 -5097743897393022459
215 183 4512488731655915584
215 184 -1277474720264958169
215 185 -222154465753695690
215 186 -4856989723320431816
215 187 -225712015402582411
215 188 4573730715346918516
215 189 4689400922061382018
215 190 1390625665127039354
215 191 249145055552909244
215 192 4227390988600388627
215 193 -8857607162732415707
215 194 2724487723080786183
215 195 -7407510452171253367
215 196 6212917328166236963
215 197 2911520673428037683
215 198 3942927570913256416
215 199 -2159227509584792520
215 200 -2879332326242642454
215 201 8610943858463447433
215 202 2021614154484395052
215 203 -9126235818249131822
215 204 987265364793337477
215 205 -8363941147180279329
215 206 -6021645837755472706
215 207 283841588501805300
215 208 -3644007576581771072
215 209 2216756173886695554
215 210 6185239108859903146
215 211 6143914494798141584
215 212 -4445181265060063761
215 213 -1659917393986042492
215 214 -9207535633878436835
215 215 -6795227322905532545
215 216 2314330145440965402
215 217 291852400144993138
215 218 4107441254854936660
215 219 -7598333191638296270
215 220 5032202522922451057
215 221 -4448109019258425052
215 222 -854873212842672799
215 223 6402499138024480321
215 224 1824107275455634360
215 225 -5588174038426820224
215 226 4682440307315202665
215 227 547759657970289938
215 228 1593475378169422321
215 229 5489659263332437969
215 230 7664290060569680695
215 231 98870071986224675
215 232 -7403228237393546423
215 233 6057249885247229767
215 234 8097456337741550454
215 235 -5580523449335397349
215 236 -7625089091164781216
215 237 -5264437027377584756
215 238 -5596464836718196016
215 239 -5181128613627676174
215 240 -5272876182236440296
215 241 -5295585112240367824
215 242 -4748087924422950443
215 243 -3947602650122518439
215 244 -2900089450841393684
215 245 -3418876854170134442
215 246 4955876512950449651
215 247 -6080507292680585029
215 248 4687414603852410543
215 249 -5231264014192480762
215 250 5813399589098923389
215 251 6733511015206774267
215 252 4341618105959097393
215 253 -730000453981922634
215 254 425722668583044163
215 255 4635198803229763014
215 256 6515387611310565634
215 257 3094009721570898916
215 258 -4703225996856290960
215 259 2726180198376293274
215 260 -2405673705445809346
215 261 -2819633778284468288
215 262 -7558673830952538447
215 263 8611499852507763322
215 264 7151559182895530688
215 265 -835117888782126836
215 266 -4222003066374728636
215 267 1628841271974480748
215 268 2794503326529792722
215 269 8472287373535370688
215 270 -6502347198292533167
215 271 8354544700924544077
215 272 -6805242433565260123
215 273 5577001246471755379
215 274 5072357483167481881
215 275 -7219211478633717172
215 276 2136752321998002454
215 277 -9220100500758497399
215 278 3404999013995425400
215 279 2919042319932337151
215 280 5804255735549561400
215 281 -1907798592526691987
215 282 4118902209842006734
215 283 -5897224433320613465
215 284 2075440883913562006
215 285 6395420729676866453
215 286 6268887872360109653
215 287 3267269092552446373
215 288 6236159256163618085
215 289 -6499577616397866456
215 290 -4432168387631834134
215 291 2237034336526654000
215 292 -1361917227365044498
215 293 3262992930684288855
215 294 8357340288620754684
215 295 -5684903660607848700
215 296 4706397228746078249
215 297 860672244952474236
215 298 4044172760716313695
215 299 -3337601964413572101
215 300 -4157215377494295223
215 301 991996025519748031
215 302 -1286904553133723286
215 303 -3571805282327949727
215 304 5962872377597113224
215 305 -2991541462154882652
215 306 -4416037789114591643
215 307 449244663266295862
215 308 8404873436561885829
215 309 7331926537107216206
215 310 1362413078626671560
215 311 -8604556931372738027
215 312 -3718257711089202477
215 313 -8523100498455255622
215 314 9128031735537985354
215 315 -6797892800724319236
215 316 -2272942308502509567
215 317 9075059179239679896
215 318 -7604995913759251073
215 319 -1535861013227668941
215 320 -3658808992408855211
215 321 8912883159264822322
215 322 4961197556404662053
215 323 3442502340387294245
215 324 -2778387718947471248
215 325 2042464172636267762
215 326 393401088139467490
215 327 3272849505978190521
215 328 -1499524407370860089
215 329 8922307123930857907
215 330 -169491360419384243
215 331 6979138159797034633
215 332 938270057210285786
215 333 4581321840818349084
215 334 822691521075798752
215 335 1594629702728596083
215 336 6073460825197736278
215 337 7748532565219812720
215 338 -8429959902979066870
215 339 5115898217502881145
215 340 -8533758095335816664
215 341 8581945898040970195
215 342 -849437076274102737
215 343 -6653018212969449875
215 344 3417611360747986563
215 345 652300123298844553
215 346 4074425886412072359
215 347 6757359359062100615
215 348 -6639320751054205158
215 349 5385679626854514030
215 350 5424028493949183342
215 351 4759362246388659578
215 352 1953807418882099213
215 353 -6047337031550223947
215 354 5798886263871138794
215 355 6088321869077759056
215 356 -2158559440247463658
215 357 428469263873489743
215 358 8070748241390455165
215 359 4921708762231065492
215 360 1127807365033776364
215 361 1531634652280093338
215 362 5903882076652438351
215 363 3090986286155278115
215 364 2477666596178399821
215 365 -6055984307636489905
215 366 -2552587463200985010
215 367 -231316724675112267
215 368 -681009181526612252
215 369 2225403179187347
215 370 -2808135003049708548
215 371 8251382450019717802
215 372 -3224427177347399831
215 373 -6440232331022610918
215 374 4932394706612982107
215 375 7296691237971541419
215 376 -3868425816105706875
215 377 7148769813340357061
215 378 785563272224315666
215 379 719102279248193673
215 380 -6484664459836767993
215 381 -5766952870472798793
215 382 7687028167919133437
215 383 8724024648928280316
215 384 -9054676531115965939
215 385 -5393372011615692759
215 386 -6068307437101340160
215 387 -2564182415352421022
215 388 7695333320442716197
215 389 8529894906164824081
215 390 -5425745081871081128
215 391 -6430420710656112264
215 392 -8157930631696468698
215 393 4736792477552039887
215 394 2802142797065884761
215 395 5120102802254950864
215 396 9161999540154109543
215 397 1359247863591253763
215 398 -2407724708984326623
215 399 2422548891208466863
216 0 3488063456882495835
216 1 -7289192210413027484
216 2 -8008146037547871329
216 3 1449003189376998411
216 4 7229416915597954179
216 5 -5244248045571819721
216 6 -4186891841561100509
216 7 -6471253278829518007
216 8 -6564827976902770422
216 9 4945972361304944622
216 10 763635414520030296
216 11 -3280937633584210188
216 12 -7702543644475662691
216 13 -3171587005480209375
216 14 -3236977822810962167
216 15 3878925882906104848
216 16 -1061201360721456646
216 17 4872326960317590157
216 18 -3839778683157446754
216 19 -3036613119211292306
216 20 -4113735050185424659
216 21 -3765420338968729194
216 22 9178155116916994007
216 23 -7798433765761301831
216 24 -3178651503202174695
216 25 -2527059123110526211
216 26 5146883234418902056
216 27 -7629016430162219864
216 28 2380222291044061634
216 29 4485252008531187882
216 30 8730574566747505189
216 31 -3379272810848495013
216 32 -6463373149823566252
216 33 7837685156883418841
216 34 3821090213165529050
216 35 851856885067201045
216 36 3757920097713680843
216 37 -9000767259674642934
216 38 -3176680888037515353
216 39 -7376243192410402699
216 40 -4879106934710017319
216 41 7207656662794400898
216 42 781389316895160219
216 43 326816333450240749
216 44 743634532802340253
216 45 -6141206813549049666
216 46 3802800941754608059
216 47 946118570913086891
216 48 -6762912413725934078
216 49 8281647366282207336
216 50 3494309122819224660
216 51 1359849505326808544
216 52 4631340259759848237
216 53 -5166769063897533045
216 54 -4437876922124609994
216 55 2808923101731219348
216 56 -8067493713610493297
216 57 8037077783257989217
216 58 -3379938394586058556
216 59 9031974701505433993
216 60 -8429164930111256465
216 61 -7828142922623187139
216 62 5536706696468730094
216 63 769665277291022505
216 64 3608488497881848565
216 65 8341093625547384484
216 66 -7059637688798710201
216 67 375930494177668264
216 68 -8035985504920736814
216 69 -1551443505320305810
216 70 -7031391034600520539
216 71 4587902024780842205
216 72 -8479828583080888122
216 73 -8230422674874615647
216 74 -6150923089546155908
216 75 7597933058406439233
216 76 -8841238246138658792
216 77 4995252404526205922
216 78 596857343757279552
216 79 6212843992923960734
216 80 -2221786109079220078
216 81 -3130205046848433951
216 82 2570687215047557417
216 83 4415137717264915913
216 84 -5150110178507285716
216 85 8734601497309698482
216 86 8415934640900885211
216 87 1521289834506737562
216 88 -5497952512688659745
216 89 -4159253282682520080
216 90 7100336902709470732
216 91 -2123678609204719703
216 92 4729560533400064961
216 93 16968738216161503
216 94 7984632370433041232
216 95 5166824959737839487
216 96 -6946143091386847021
216 97 -880810845322107568
216 98 5707469752092375362
216 99 7499860161121173839
216 100 -2105421120180185955
216 101 -7359470651179001356
216 102 -3181833926714781675
216 103 -1095798135704212602
216 104 -1932597976922121093
216 105 -824353081164224036
216 106 9030847459806566103
216 107 8290667590845771744
216 108 3215290973658024512
216 109 2282158698066307491
216 110 9086240282855949469
216 111 2389261613939805191
216 112 -3201202526933356553
216 113 -9001133915393448307
216 114 3968711765078348690
216 115 -8976975475847943380
216 116 6085738102934365080
216 117 4774637430577003374
216 118 -7708291815452080975
216 119 -3010649307346062
216 120 -3885712763550609945
216 121 3259890302799844129
216 122 -7600218645706671663
216 123 -4543241007509641126
216 124 6796725617087175836
216 125 -1508061437363263616
216 126 6267090575401669618
216 127 2062329951423816010
216 128 -1131978984237911144
216 129 7740348392327251444
216 130 6661303590201310639
216 131 -7641260393459726663
216 132 2631346261186298408
216 133 4835195177418251870
216 134 -231469171968249413
216 135 -1756746916687763243
216 136 -2399127560311857896
216 137 6343850266096680699
216 138 8495013514147988554
216 139 1922146631645514662
216 140 5112496246964102844
216 141 400942723650959898
216 142 6447441369260450308
216 143 -6143091178671102306
216 144 -6880491388425051701
216 145 514358134077351341
216 146 -3839741602493141726
216 147 1157276186770060238
216 148 1934473698829006510
216 149 -2547830840731821672
216 150 -4518733652790655646
216 151 -6878768213252252600
216 152 -5062004014023306970
216 153 -6187829558142531622
216 154 -4777786696818914473
216 155 5215636370078570052
216 156 2504623206759888105
216 157 -4360048972099353451
216 158 4705666941587160900
216 159 -1370093405552156193
216 160 3263509136190765182
216 161 -1016155377122740517
216 162 -5758277095613557674
216 163 4749160541142185564
216 164 -5194235112626298893
216 165 -2413079064870792260
216 166 -4236286295958507771
216 167 -7128564057545730267
216 168 8972036069021693051
216 169 1452661716477363431
216 170 6033189004726904317
216 171 5786149993784341727
216 172 5729961795995569271
216 173 -1005453012380539695
216 174 -1041314371508845700
216 175 -1706003181159044048
216 176 -1585011355978523951
216 177 2269284714033662794
216 178 1900542165992229132
216 179 5270559564138064763
216 180 -1660253096191182386
216 181 -6244114572916719839
216 182 1687661843720351940
216 183 7740171335663329088
216 184 2192738982210849
216 185 -5905913005900133708
216 186 -7409829787982112089
216 187 639980616222231524
216 188 8923616935819994796
216 189 -7132712526111572748
216 190 4982442794814940118
216 191 -6930864454003688344
216 192 2488046169106038204
216 193 -4262057889315553845
216 194 -4662649163606676668
216 195 -6255203211198792271
216 196 -8546031438474024223
216 197 7841770868178521730
216 198 1365653235825981510
216 199 5938583495212975489
216 200 -6300232023038321747
216 201 -3461609515017505319
216 202 629669282229901409
216 203 7281299982537605778
216 204 -4615503992365731552
216 205 7391295466762143880
216 206 6297029613258348933
216 207 1297486200187656699
216 208 -5725320058007414275
216 209 1353342483243003082
216 210 1054676610178520759
216 211 -2007571910605008839
216 212 -46416021881361995
216 213 3456161587914978419
216 214 4606620171087125718
216 215 -7417524974329087889
216 216 638428154464898685
216 217 9190908146325792650
216 218 5445580998694579750
216 219 -2188407150750847058
216 220 -6058938336540689538
216 221 7144425746728518044
216 222 -4072069172573211988
216 223 -4716526587114994873
216 224 3237986977582360129
216 225 -2953783461244857817
216 226 5081212508511200993
216 227 -2478676994398898343
216 228 6639223822382937260
216 229 -7970989064186052522
216 230 6678385100130744484
216 231 7007574586666594147
216 232 2053772350876856810
216 233 2088595169559598087
216 234 -6112703555532667143
216 235 -227014233138818815
216 236 -2562895330414341129
216 237 -2275306443186442913
216 238 119624374522084113
216 239 4165900639975083865
216 240 -9137584890673381497
216 241 1875236208044299981
216 242 8969904461548150181
216 243 -7870572230692164216
216 244 997649385769814988
216 245 6652318031231337271
216 246 -4908446913805412101
216 247 -6624658608551957649
216 248 -8687942286782474849
216 249 -3911501160335792660
216 250 7123292108438416792
216 251 -3218617532003918292
216 252 6179942123454388257
216 253 -5633330417568707922
216 254 -3594461203336266097
216 255 -8296829005861948036
216 256 40176163661284176
216 257 -109719592070784012
216 258 -4181286431033860673
216 259 -5590377388066354388
216 260 457511534329220427
216 261 5011759095779792335
216 262 6815736601753706950
216 263 4999007840682049098
216 264 -2364410563926310624
216 265 6489907694383153817
216 266 6389861255648153886
216 267 7220718505729364705
216 268 8160974237390607962
216 269 -3464163152277984661
216 270 -8675557657343752013
216 271 7396688021502496432
216 272 2213557734076012043
216 273 2375697015919390099
216 274 8136479435332811810
216 275 1794814232584008165
216 276 5401964552782839569
216 277 7317241013184181871
216 278 6349981025666906280
216 279 -7189981588184332621
216 280 -6820257086913880044
216 281 -7540959122975735290
216 282 4442360970438938779
216 283 -463346921326251039
216 284 8592336987949696205
216 285 -2470930411018601930
216 286 230907529750611917
216 287 4650888036716599414
216 288 6522137664270771742
216 289 5566317720389693526
216 290 -9101054795644728590
216 291 8666928768555388346
216 292 2680757430973367665
216 293 3445245480030259615
216 294 1765095016884259112
216 295 6317986925388497952
216 296 -8060274658772571898
216 297 81832987132982904
216 298 -710143683994993105
216 299 -8203614066973895080
216 300 4831401911457672825
216 301 -1296362114226676721
216 302 -5691395117669192406
216 303 -8823541180454510476
216 304 -4599378065732939239
216 305 1261790973866252065
216 306 1248136097791927110
216 307 -2844021486879326320
216 308 -2855436750061255943
216 309 -8635543909875271558
216 310 -2674364238338045300
216 311 6814541855355063915
216 312 -6687660761970743406
216 313 -1027472788954597496
216 314 3589019383070159935
216 315 7960950741359593665
216 316 -6232056539223780297
216 317 4199665766574801838
216 318 -6993440415790922482
216 319 -3238484913132840097
216 320 487106404353240985
216 321 -8404127870484562787
216 322 2144393461296757543
216 323 2584506169226824691
216 324 -7122677978530881613
216 325 6095605864689267362
216 326 864715814500834580
216 327 -3384025338643880551
216 328 -3155004178953182982
216 329 -4911598598701315177
216 330 -5184364970031429219
216 331 -8321722652102378940
216 332 1246421726838535883
216 333 7883131270000967526
216 334 -1069773156481875153
216 335 -6097269909900275536
216 336 -8214497416435819059
216 337 -6703498771308086139
216 338 1748339818463486823
216 339 5197703583681376438
216 340 2818562195197103057
216 341 -7270746520613778134
216 342 3026354137865083725
216 343 -6620220442567338039
216 344 6656619364560441574
216 345 4335858365009832450
216 346 5758332293392695262
216 347 625082121073467571
216 348 1665291532983108266
216 349 6034595711390076894
216 350 1229687607600511314
216 351 -2575206079801017893
216 352 962387981226262812
216 353 1583663503831643312
216 354 3951564887453141221
216 355 -4444706327305760403
216 356 6277927185894403580
216 357 -6740855054586364877
216 358 -4557080755290103060
216 359 9126082350496553137
216 360 -6395075441501520806
216 361 7875400415590627800
216 362 2588431768795348303
216 363 -4141142875553798386
216 364 -1005375592896197734
216 365 2990654745690006803
216 366 -3743039970620159758
216 367 4511134071006149519
216 368 -1628049976993966371
216 369 7232757368618348132
216 370 -2620664903992230467
216 371 -2249632901224498657
216 372 4728997490957624975
216 373 7820342365774794834
216 374 -1380649875672261307
216 375 -1605641417663851096
216 376 -3986134722372527091
216 377 -7677493424232784812
216 378 760404664955497349
216 379 8032694537399464591
216 380 -8080778937286581823
216 381 7792735722786407295
216 382 -8128584738903619594
216 383 -8704762908518114842
216 384 5013100275531849544
216 385 -8624331103183279307
216 386 -6255194934001475817
216 387 -1371517141562972570
216 388 -8918645429763528682
216 389 1038264134030075495
216 390 -620294008620031813
216 391 5016408552191102365
216 392 -8577994223737531878
216 393 -8182365674340524016
216 394 -7009567029733025883
216 395 4715430556937274520
216 396 -2997706461281710780
216 397 -1218259095746782983
216 398 21144781502950595
216 399 4570381468410694631
217 0 1268473123853848470
217 1 -6962589035304296271
217 2 -6807156766294114568
217 3 3652010464116817226
217 4 -3834244376537623932
217 5 4458857334653887174
217 6 -8378034040436247175
217 7 -7828877874483490784
217 8 912731401926166987
217 9 -142072506161361788
217 10 8088305888472010454
217 11 5626133844864589533
217 12 -7493105664765298613
217 13 -565005718965835
217 14 8088691622037611735
217 15 -8345323089456492959
217 16 8426765227560501691
217 17 3207585103665909982
217 18 -8946051292266978456
217 19 3369402199876840523
217 20 8731997807896596747
217 21 3936536136758027475
217 22 3181304526658846102
217 23 -8998686484478420541
217 24 4007690124186388109
217 25 788230135162645970
217 26 -9072919451966057086
217 27 -6302704743619903336
217 28 -2342012099906488122
217 29 -4510793422175195356
217 30 3832389521607765997
217 31 -3349494668574562816
217 32 -6062207669411556068
217 33 -2514603956006703383
217 34 7569837819011844712
217 35 3041760237316434889
217 36 2007218215737541603
217 37 2854091547404430292
217 38 -6355127135528091520
217 39 -7966388633453953538
217 40 -3727746858974507356
217 41 -6452040496266554614
217 42 -1957557543932892797
217 43 -692591936763315138
217 44 4602837732227253260
217 45 2395021308710699577
217 46 5815562957239946753
217 47 362714938979399178
217 48 1493949761878425283
217 49 -1419913204021295889
217 50 -4285180507367002492
217 51 -8004386638748078357
217 52 -5181625175901310887
217 53 7373600626845014644
217 54 -949683838880550779
217 55 4763277719022198338
217 56 -7178454253139963002
217 57 -140930328724309481
217 58 -3843083622972905844
217 59 7711260473835523303
217 60 4485284037716564995
217 61 -8006149561268133382
217 62 -8210228432151041986
217 63 6646743756267985263
217 64 3801686818152576210
217 65 7410888962100586462
217 66 1005826307999150913
217 67 2941945554293164675
217 68 -946589238184643461
217 69 7458552492861826135
217 70 5972599204603831615
217 71 2162382008218419602
217 72 -8043210669624287609
217 73 3624682984140643032
217 74 -4328192172804258048
217 75 -5939939931206271631
217 76 2634110933497199255
217 77 -170987952498876433
217 78 -4881659854003912944
217 79 6188433865519158852
217 80 -7441509852677520419
217 81 -1205510025517869634
217 82 -6147496433643195810
217 83 5490841405329714037
217 84 4278779665769945587
217 85 -6147930508629664844
217 86 -4648253079000965117
217 87 -1552153017980934500
217 88 5587408690463322269
217 89 -7430575933485748658
217 90 -242319976216775208
217 91 -5962040178896674378
217 92 4385946295611317617
217 93 -6443997246051823101
217 94 7165833497244008547
217 95 -7635620709433657025
217 96 -8163167846909189142
217 97 3683955787832359281
217 98 -4912564495492500214
217 99 -491662651649871138
217 100 7484754676589481220
217 101 9046885749653522778
217 102 -7890303499797249477
217 103 1644923028714079616
217 104 -6465590998687581031
217 105 1838258286026024686
217 106 -3347336299430147520
217 107 2364982052788104256
217 108 1810881585982235421
217 109 3653792532549274338
217 110 -209018247262866915
217 111 -5847020045691136559
217 112 4808393037736313686
217 113 8665203263611808392
217 114 362923661495617643
217 115 8561670262301190388
217 116 -4321655623186491210
217 117 544991167486028006
217 118 3118346170967394012
217 119 35991301906389393
217 120 -2024636899540303096
217 121 -526280992749453925
217 122 8001437525673617275
217 123 -1936947803680916880
217 124 1018777426643925682
217 125 773523885397152900
217 126 -9170547037491794355
217 127 7860047382205370835
217 128 -521418821929594947
217 129 2915801864487498002
217 130 2225623676734069232
217 131 5772525911055915915
217 132 -1582150486893631792
217 133 6784893617151816287
217 134 1767527543021523016
217 135 2385187310637766307
217 136 -3631142665906028627
217 137 -2406836030596802104
217 138 7803078950263092181
217 139 -4541070601207198273
217 140 3725726949885941585
217 141 -2027838931270366818
217 142 -1560951384527277074
217 143 3261929225911946968
217 144 5136799198665497117
217 145 -2650898296030768589
217 146 -3984851013516743802
217 147 -9134766220854725626
217 148 -2772041107675180910
217 149 -7376574542180155059
217 150 -7701102301404219023
217 151 -2037099378621121725
217 152 -2395802719475005998
217 153 2760422877441380100
217 154 6649999861869473605
217 155 -940608354937358278
217 156 -4327772647848650967
217 157 7189960611065140831
217 158 1131410914590857729
217 159 4326539313350315648
217 160 -3063611623345549468
217 161 1420136846439412825
217 162 -4434319723924881101
217 163 7761877208008663198
217 164 1099157440570979734
217 165 9016382082779484772
217 166 2917356745278335446
217 167 -7012928653539463412
217 168 -7741780268828605509
217 169 5513379990177126732
217 170 -4153580193736673378
217 171 -579486645143067201
217 172 6478062141946712441
217 173 -357696720020556323
217 174 -240309256583965023
217 175 -8907648400627881497
217 176 1128975082700053950
217 177 -4149473243877771571
217 178 7845981654177427375
217 179 6839225020196685066
217 180 4316579396626282515
217 181 8508323176824646721
217 182 -8107274681175222395
217 183 3065746190068944333
217 184 2398131765959810983
217 185 175350893568238558
217 186 -6455721224693701145
217 187 -3657603073506773274
217 188 -7808984835154382756
217 189 1735613454182723591
217 190 2111868246981795612
217 191 3300977240318586978
217 192 8057132233334342181
217 193 4937996188182100848
217 194 6392080394580984342
217 195 4791483990172656614
217 196 -8069853432483072430
217 197 -7760570519280622447
217 198 1672532396081328286
217 199 6162287405531958014
217 200 6375933682698523090
217 201 6544198816591728086
217 202 -8886125029134902881
217 203 -8501553240372976665
217 204 -2868162390128189446
217 205 -2247126586632476578
217 206 -1443608747233227382
217 207 1754877936820086329
217 208 5415691598632478065
217 209 4201896894830221670
217 210 -7556855965987113625
217 211 -4156996694003876061
217 212 4998311224150835165
217 213 -4093194867469774956
217 214 6851867105271548220
217 215 -2094180085917509791
217 216 -2785862945297328300
217 217 3352181110731925405
217 218 -5724038783590633238
217 219 1870057346265595896
217 220 -6509286054233397638
217 221 -461415739802338226
217 222 4002375464896131010
217 223 -6412088021415020326
217 224 4597480649922161146
217 225 -7895129423779814800
217 226 1005449814804823124
217 227 -5681867137584548524
217 228 -396925684289009342
217 229 2830213046881102760
217 230 -9161397578622040590
217 231 -8542771547606848399
217 232 -7693162157833079031
217 233 7106251026008842500
217 234 1952457991694957308
217 235 -2955657386747435828
217 236 3304191405305847683
217 237 8738517021404041148
217 238 9043950337159523780
217 239 -6928646956623817589
217 240 -2162165983246019247
217 241 1834949455567728482
217 242 -6411386159804186734
217 243 310914889623712596
217 244 -2392775783806466657
217 245 -4464564087958646020
217 246 8280092354918930321
217 247 5114697756156391766
217 248 -857388099078048737
217 249 9181758259542354893
217 250 2717985967859006897
217 251 2961449991992164380
217 252 6848433231135997763
217 253 -5658505784315436676
217 254 6761235234311973488
217 255 679403264753860172
217 256 -7531417296390406013
217 257 -4077288001950338092
217 258 6253426617523985834
217 259 3029241546704156541
217 260 56907716902268126
217 261 8476393132053439592
217 262 -6456833457794782501
217 263 5649256007482392974
217 264 8076332660159887585
217 265 2344529637380300738
217 266 9101694939882370192
217 267 2461625795395818475
217 268 -303598685965482309
217 269 4271202033135308307
217 270 180846705529759691
217 271 -6333587069259713951
217 272 2383868533822615917
217 273 5930685184551844484
217 274 -672842271874049459
217 275 -3851226113112998603
217 276 7028030711644557566
217 277 7220188231632284316
217 278 4833114969217888342
217 279 -2774745545766383728
217 280 6768286562588403850
217 281 -7052646260491582523
217 282 -7548486569372320702
217 283 -5235016366887763073
217 284 9017355026565843854
217 285 811598351060488272
217 286 8098961156822908430
217 287 -2919942784315313708
217 288 7339019783228080161
217 289 -1990166358915270816
217 290 8394472631023077644
217 291 1132664463945552610
217 292 -6711227357657842000
217 293 4866494402196457475
217 294 -3738253438837827377
217 295 7104260341609114027
217 296 -4549326267262009807
217 297 6994199538898875512
217 298 8213575072830410632
217 299 5418994305402395729
217 300 -6711026592622522371
217 301 7902991542039750883
217 302 6331767291828116144
217 303 -4287730274848612946
217 304 -5854095199951952220
217 305 -7409194971109475238
217 306 -8153055799911186387
217 307 -6082029700169947114
217 308 7323968994154841033
217 309 1902352566752090904
217 310 1604452109064655592
217 311 77149605519565708
217 312 4290256294369608273
217 313 -6911511912838256374
217 314 -2444662575715294014
217 315 3966362171257511075
217 316 4041527060047268828
217 317 469498731997177981
217 318 7212470000955360443
217 319 7896532679891274777
217 320 4907438266689587229
217 321 -8350673525778037412
217 322 943260286244711644
217 323 -6929541503614868603
217 324 -3750309405252589390
217 325 -2346410390378645317
217 326 6926698647525235023
217 327 -8554613298310031757
217 328 -6282259422031168544
217 329 1196017699586501561
217 330 2685275460624744302
217 331 476455125448868766
217 332 3331110241577247585
217 333 -8917314133496709865
217 334 -3627183790861235487
217 335 7199706454004535119
217 336 -1168130111213883060
217 337 5681582480880523255
217 338 -4632357170039097687
217 339 -5692372103819683231
217 340 9178507303067602759
217 341 4642305874312720403
217 342 2350912262689213335
217 343 3596826473813080912
217 344 5307586755577656018
217 345 -966340064478852436
217 346 -8028126074756390682
217 347 -8232386330678538159
217 348 -1089820349200694106
217 349 -1767550962521666972
217 350 5506022122230996416
217 351 4874264105968443340
217 352 4665967118487244000
217 353 -7769789362974351594
217 354 8754429789099033065
217 355 4881788667653580144
217 356 249291311524107724
217 357 6083628059930562802
217 358 408190968466703560
217 359 6920251960971194195
217 360 -250653168664246610
217 361 -235187714073183850
217 362 -5253239720730073970
217 363 7262529088220849375
217 364 5948744904819196885
217 365 8519069281410054170
217 366 3412681538823820508
217 367 -6880370040360663218
217 368 7898061783381695422
217 369 6738507564934982772
217 370 8191414418542196650
217 371 6786377435985647969
217 372 2316860626909429131
217 373 2854958159631686855
217 374 -7812830828970211009
217 375 -1396661404281226437
217 376 -1725524129854392640
217 377 2822678183113637535
217 378 2646311531950403633
217 379 -5724972794223869770
217 380 -2441845253935219562
217 381 974530625387465314
217 382 4609761615625347345
217 383 3979665720369513378
217 384 5684782942139039367
217 385 -4309556096225416512
217 386 -1869615578549603959
217 387 6442622771468875134
217 388 5690848481252799259
217 389 3995902468463162389
217 390 -1523155825633153820
217 391 -1289018917608150776
217 392 4450692422565427217
217 393 -114174772774629642
217 394 711973864718083904
217 395 1670690977552069649
217 396 4377564204152213663
217 397 1878266318146548270
217 398 -6205205237987991176
217 399 -652294065549885863
218 0 1256024906615538610
218 1 -3085630144456980986
218 2 4853873568899282633
218 3 1048568556670233116
218 4 -5824246923519965385
218 5 -3304934960278765355
218 6 6152900853660389282
218 7 4034755258121367595
218 8 -8971986931166470460
218 9 638996701092602165
218 10 -8321450383841848232
218 11 3491331448324347672
218 12 -4152710411545926823
218 13 -5535012881614102160
218 14 -8747492032412441063
218 15 -310640041798584250
218 16 -7767316862418317350
218 17 -3817099026684959040
218 18 -3662420000366302947
218 19 1818103849182523830
218 20 3321994669249611427
218 21 4661864974849173987
218 22 -7519876530984357778
218 23 -698884997450878762
218 24 -3749592976554384973
218 25 5970106625209865378
218 26 2077691452606005772
218 27 3504579026593375774
218 28 2230594111512610360
218 29 732610117064622
218 30 -2356897223687666757
218 31 -1401744949861877448
218 32 5673599264195174673
218 33 -3793596432984584585
218 34 9088262618083528
218 35 -5750919774421469078
218 36 7488671416388183262
218 37 5935793280310459684
218 38 4921094124088957428
218 39 -6759530357212078878
218 40 -7924165475490416345
218 41 3584504106992654591
218 42 1916634105256770343
218 43 -2858688376148206391
218 44 1382458256105040599
218 45 -4574030852047423441
218 46 -4398343578625853606
218 47 1911094016229461027
218 48 -9039945878778586354
218 49 6833826139922395095
218 50 -2041171298943059909
218 51 2531563371421988826
218 52 -8974587039422942540
218 53 7363741846591432235
218 54 -4779553873338380651
218 55 -4142242629526162760
218 56 7053535170357789417
218 57 152062248079173610
218 58 3558662276290072679
218 59 -2906033464921096610
218 60 -2275992901608686540
218 61 -4199178860149754366
218 62 8893706428662968164
218 63 3025440156617375851
218 64 -8960013303201730216
218 65 5245117300230064631
218 66 1066082947754822801
218 67 2521241700727242976
218 68 5754384330537759190
218 69 -3344086917757399832
218 70 -2549798165989596543
218 71 -1334474250090942946
218 72 4350421161004424954
218 73 339741820314220938
218 74 -5837349477720400781
218 75 6872651579707358392
218 76 7078165927640215015
218 77 -6184339702638316755
218 78 5314325482980627305
218 79 -8878950450628188640
218 80 -6015119442933312532
218 81 -7275112059332732683
218 82 -2627084990732221537
218 83 -7744395319029522175
218 84 7354292181863739010
218 85 -7128942758265653051
218 86 -2769099596421696394
218 87 -2934209133261385500
218 88 -3457450587099043827
218 89 -7705705767984073016
218 90 -9190060980894896813
218 91 820096595288759153
218 92 -1321491989679519342
218 93 6541809920545771300
218 94 -9153508440055877996
218 95 -8714356115676941907
218 96 9048350082175122417
218 97 588871072321863135
218 98 1392040879938982096
218 99 2953734620215028723
218 100 1749209550979568337
218 101 6694185552624604635
218 102 7488409716339440097
218 103 4241423148227223613
218 104 -6762532762903478110
218 105 -3850912971193152063
218 106 -5906973815706845448
218 107 5148304917077274570
218 108 9189888682099291676
218 109 -7276769739511302759
218 110 -1085479996760748991
218 111 -7440457642297555583
218 112 -6796898936891289910
218 113 -7363506187843998310
218 114 3242589572811924998
218 115 -2781930579480370341
218 116 -3672393183694633274
218 117 6834276567193299558
218 118 -7916438116658812593
218 119 -6197657598956980818
218 120 -7974353223861502456
218 121 -1237086790164313942
218 122 -3905483685216222277
218 123 -1787403809771134335
218 124 1662468581176448400
218 125 -9092084636453954190
218 126 -7012147793766576256
218 127 -2910821903147152710
218 128 -7058095559822739640
218 129 -8156368139495883664
218 130 -8970751759729472575
218 131 -1100141532987276416
218 132 5582357959332391574
218 133 -3750727594601336837
218 134 -6724516809030077072
218 135 103322637938974861
218 136 -1777644052200343298
218 137 -9211340252804514096
218 138 1842675454121855834
218 139 7759339989515723721
218 140 2074510274518131296
218 141 -6621649171423183966
218 142 2847517027193281196
218 143 6637399208939523260
218 144 2830624464068090536
218 145 -3933933678449386520
218 146 7894204150541397889
218 147 -7170847622640421685
218 148 698847304637064439
218 149 -8071078402492941131
218 150 5562146692784666412
218 151 -195323001385145400
218 152 7366366794340254878
218 153 7169302512208257498
218 154 4726798805274938190
218 155 4149573362948888918
218 156 -9218573677013080314
218 157 -4307674183473628829
218 158 -5832359957397344144
218 159 -7082082582482551546
218 160 7825247095994064086
218 161 6480085607812345692
218 162 9198569139766392778
218 163 -8478484597095816568
218 164 -6452024714585452139
218 165 5764882045376527318
218 166 -1536720942333790203
218 167 -5890794444897359951
218 168 -623491652282883264
218 169 -7866121969874530295
218 170 -6269088423506935751
218 171 2773998688160278141
218 172 6849621627275087734
218 173 8700779391530327410
218 174 5056672676139455305
218 175 -4167939111243636002
218 176 5377701293201514932
218 177 4591953544613963843
218 178 4105982714333271583
218 179 6185554438099995035
218 180 2533071944841648505
218 181 -750896680406222077
218 182 -943157883770758812
218 183 -2817262802895009970
218 184 -7094808180072629204
218 185 -5295545798675506947
218 186 -4710728835871172848
218 187 3680124511440903288
218 188 5526363644948187603
218 189 -8224231213578802140
218 190 -2978461630880413900
218 191 -6571020521158745152
218 192 -3794202848694501194
218 193 7960529315874455385
218 194 7585375062653238230
218 195 7201716966149237435
218 196 1773204109805355560
218 197 -138285842456014550
218 198 6022915912834600329
218 199 -5252203126352412936
218 200 3534006379552134673
218 201 -638811947097494177
218 202 -3701632244381637412
218 203 -2061508839646087013
218 204 -2064131681174016349
218 205 4414891612377982157
218 206 1021708704190015286
218 207 -1328756629293376500
218 208 -5384588359768048218
218 209 -1868295522407137810
218 210 -9009911653733103906
218 211 -5807015685612906226
218 212 -9436624214074494
218 213 8282894882945721743
218 214 4075993541086633981
218 215 -8408907027134072627
218 216 692554097730989736
218 217 8511414453421164302
218 218 1848234188649824396
218 219 -7892244814479842114
218 220 6012347028507746106
218 221 8601391108958370123
218 222 -5236734134427246200
218 223 2896111816376545519
218 224 6325999835565547212
218 225 299904047490447349
218 226 5616002441197037804
218 227 -8327461079704331021
218 228 458151020015163646
218 229 -6161161021228753240
218 230 -935327555469091160
218 231 6571695985818831263
218 232 -8126119052027438031
218 233 8344509769431628699
218 234 4994852327567879362
218 235 -942954746121915577
218 236 696466877696627099
218 237 4698355884136399057
218 238 501500807238864137
218 239 -1319278672148869989
218 240 8866043776860915876
218 241 247569685723062491
218 242 6853813668040205313
218 243 4448471577518956105
218 244 -440954563158929567
218 245 -558520680920512026
218 246 -7709591380729524146
218 247 -7008335295214096435
218 248 -9196919216492730705
218 249 -4569149080114966032
218 250 3050303194450600906
218 251 4011400174883473244
218 252 -3851393390705908371
218 253 1651138848307175202
218 254 7456411357555016071
218 255 -8842521767091576042
218 256 -4038598112932290357
218 257 8841334212628160853
218 258 -259716247498483338
218 259 7728049077182676294
218 260 766265947445073392
218 261 -9053637447961235519
218 262 -6782600620976594336
218 263 -3341709124549818036
218 264 -7833301571118873420
218 265 5327043923927787691
218 266 950973562988433205
218 267 -720088365406238762
218 268 8650276482354451984
218 269 -2316464449025440571
218 270 9007406573745402746
218 271 -1839077932352879629
218 272 628652367491066863
218 273 6300758734146124407
218 274 5975225308416924759
218 275 4497926159443110384
218 276 6635811853511676406
218 277 -4326617754927838812
218 278 -2777493733450997991
218 279 -7390343659912740388
218 280 6933577402853431437
218 281 8640353129951093743
218 282 -2672912669495731615
218 283 8795620611458440976
218 284 6163486576549982964
218 285 -425186255810588810
218 286 5190712225812465807
218 287 -8020375297786504122
218 288 3238733106805257637
218 289 1320852742953760067
218 290 3570996073289938963
218 291 -7538647205590157400
218 292 9012933940518076363
218 293 -7917784341503258258
218 294 2215720805767052050
218 295 3054768044533313776
218 296 -319490713711342049
218 297 8271728180306062848
218 298 6965502549731945632
218 299 3496943080148659890
218 300 -5373867233293811840
218 301 -6160212335810670861
218 302 -5330119988083037566
218 303 4952649256249193272
218 304 -2284265596651903959
218 305 1166018447758164736
218 306 -4256857867052304534
218 307 6293455700169967586
218 308 5682505462733321859
218 309 8812526055833039037
218 310 1488203935638303195
218 311 1465223086283972636
218 312 1518102438337355368
218 313 -3505863068952659597
218 314 7371441056934293072
218 315 -8307433656794920590
218 316 6252016391242238585
218 317 8577733491188419948
218 318 -4013475385580151211
218 319 3950508776027012112
218 320 1868264180959481804
218 321 8401200993564054370
218 322 6648361706888146016
218 323 -7469985313360403506
218 324 -5166796492369166042
218 325 3678445169844390758
218 326 3662394411316753075
218 327 5689333075761256799
218 328 -4297464269702261751
218 329 5612492481810513454
218 330 -2731341348753099292
218 331 7487011357879346159
218 332 494083440811765286
218 333 -6926538897118145786
218 334 4977577275429407757
218 335 -6663018097119544384
218 336 -8142784221110144792
218 337 -7069272516873520499
218 338 -4689231534564356897
218 339 -6635590342493602498
218 340 -5972905630823037916
218 341 8374891121402713885
218 342 -8843229966879131819
218 343 4237781165048258347
218 344 6175311575098523305
218 345 -3233055565628931853
218 346 3308469163097048447
218 347 4609656514385927817
218 348 -3566090828597634018
218 349 -7481627935589207563
218 350 -6305983472119963628
218 351 -6938444691655050752
218 352 4835014811966809260
218 353 -4394318952039008896
218 354 -3504928105344928390
218 355 -2625959005756726427
218 356 -1927501356889686413
218 357 1305677389093936056
218 358 5530848181759885363
218 359 -8776964891840501552
218 360 -8392733383942979843
218 361 -5989166220990765853
218 362 6935772367693401298
218 363 253819880478678947
218 364 -6739733394521052141
218 365 -7871647971453520941
218 366 241222880258457752
218 367 -7805853830252209925
218 368 -5892117800079813056
218 369 8503928131642809057
218 370 -7777645968293598403
218 371 2946941689921194880
218 372 -1912309796785018136
218 373 -1437750291046631581
218 374 4464518059358731074
218 375 -5558524071558924761
218 376 -955963318240856760
218 377 -8716932359765504842
218 378 5038194301241536057
218 379 -8186757959635147590
218 380 -2210093803712789735
218 381 6953805225566767096
218 382 8739677394409329086
218 383 -1639050930503848711
218 384 2020109482988755535
218 385 479671927478619981
218 386 5590434719259750485
218 387 -2969951245228688050
218 388 -8880384213871934559
218 389 88344995349152411
218 390 -2752971740322601369
218 391 -2038961067268382353
218 392 -2894400812444293327
218 393 -1648255676562424368
218 394 -5408177992336980899
218 395 -5951041327470634218
218 396 1625300359921192165
218 397 7015257528297588408
218 398 -47048149600333765
218 399 -8263114906387705091
219 0 1864347672674177712
219 1 -8739165479694970331
219 2 7308154252833809218
219 3 -4947748814760957234
219 4 3797541424661747680
219 5 -6136485961537796385
219 6 -1639097612933656798
219 7 8409828994094384011
219 8 -3401615459387746691
219 9 -8780001044426369630
219 10 -4194080716684453368
219 11 618725308037526934
219 12 8250472423269805824
219 13 -2216202662519765185
219 14 7900888370873642072
219 15 1232201079212649468
219 16 8924804018764862312
219 17 7288304110216789896
219 18 4622496969052584117
219 19 2056430702731470860
219 20 1569036202060607172
219 21 7929592147406180611
219 22 -2245145101770144481
219 23 6965904121798003139
219 24 6703521240284096926
219 25 -8570425891915900989
219 26 -4908355647242766096
219 27 6500776037358131302
219 28 -6752403822184705888
219 29 -6206638985265228964
219 30 -9015469401152052143
219 31 6628238691282848045
219 32 8978230956637990148
219 33 4024723885399999279
219 34 2349936805624359156
219 35 -5006573554658292313
219 36 -5748146961703413748
219 37 2945381076378253768
219 38 -2966495069242658452
219 39 -6774018720275579278
219 40 725807378575750692
219 41 2040868492928816429
219 42 6882275003635677698
219 43 -8796925743892457808
219 44 -5199773413637156473
219 45 -266666289720864375
219 46 -5917996983556550876
219 47 8411981006714182031
219 48 -5804905703299942556
219 49 8425864203142589878
219 50 5303679714762659530
219 51 1825849609221124446
219 52 2154719463483813993
219 53 2289995019137564983
219 54 158976217206333733
219 55 -86264905098401019
219 56 -3716825622832014887
219 57 -1841272607349590923
219 58 -7898713474435478412
219 59 -7001286396422230588
219 60 6712566264403328145
219 61 7898391548300732686
219 62 865961421324625629
219 63 7198870365032389319
219 64 -5857045489896369188
219 65 -7349894975569035766
219 66 -3214138238550260840
219 67 -7398790773225889448
219 68 922629778095556086
219 69 3044793711916909207
219 70 4223212271236303578
219 71 3790575317698627059
219 72 -1557701982095042207
219 73 -3910681570735030676
219 74 -866546036973738111
219 75 -3310993050780683381
219 76 -3073512280335284374
219 77 1879632746809922663
219 78 609478460033144407
219 79 -2059145250018211055
219 80 -7561568564423610433
219 81 4242966858906758777
219 82 -6002096672984136174
219 83 5667723558418946757
219 84 608020551561358012
219 85 2195339414891597328
219 86 -8836030474656317080
219 87 -6238861906787791996
219 88 -5577924283648946395
219 89 1871373142441112570
219 90 -4712931610588993411
219 91 7813710443963096690
219 92 -5542045111490026680
219 93 1446482583004366034
219 94 1858144253601332254
219 95 2166574551691096116
219 96 304566878622774123
219 97 8548840667742768957
219 98 -8795933899293807264
219 99 9164490394540524500
219 100 -5198349619418149245
219 101 -4917288290207077363
219 102 2199111325410965588
219 103 9061480522764811933
219 104 8470696479890207581
219 105 -5927830645232716633
219 106 -2217657457235223363
219 107 -7110890483980877904
219 108 6464927006429844223
219 109 -4509971057595841630
219 110 -8415889308896533560
219 111 -7749903575346629476
219 112 -6268696453654713684
219 113 -2993105957127509257
219 114 7941753797151938956
219 115 942420921175165400
219 116 1488866855416069407
219 117 7338349477626249454
219 118 2398305758501573585
219 119 -5932284634674552130
219 120 -8872606677262157035
219 121 6949228139131952613
219 122 -376269605058020825
219 123 -8290023848599008913
219 124 4270278851490771521
219 125 -7385305016465450581
219 126 6080138524500060202
219 127 -6893562676520400217
219 128 -5637068514608923282
219 129 6449227080634543449
219 130 5140070593143905337
219 131 -1293092366567630556
219 132 6298138933486825237
219 133 2825494053284103713
219 134 -5731263055629502221
219 135 -4234765710536157993
219 136 1108386787702040844
219 137 5301042100742961251
219 138 -3437656280700943795
219 139 5001017627103389653
219 140 -1595119599683035091
219 141 3947869003506810243
219 142 4968181891109560331
219 143 -6175227043681662545
219 144 -2265962866908686825
219 145 5510417986543858670
219 146 4142971536095978089
219 147 -596656866792772571
219 148 -1245161390892823380
219 149 -8527777519282491484
219 150 6636005533776380907
219 151 -3772105932823993211
219 152 7749714758062511927
219 153 -1716290868420339979
219 154 5636463006767232234
219 155 799726598036510748
219 156 5422010840721054911
219 157 2383883035324585684
219 158 7712445077849011756
219 159 3201646594941588242
219 160 -8113314740097608820
219 161 8521752639996226538
219 162 -661201946730947390
219 163 -431076246552843116
219 164 -8654046574620790002
219 165 -7570182177825658613
219 166 -6974461147631982082
219 167 -8670440195566105426
219 168 -6045028166127989606
219 169 -4220272607173536797
219 170 -6644666604056700470
219 171 1124936429516576345
219 172 726921671364215068
219 173 5125261584402098853
219 174 -8223496209404971171
219 175 -14736097824540047
219 176 -1892660268252602576
219 177 2161493445887145443
219 178 7233950837175495404
219 179 2407461359936645998
219 180 6989582746802424657
219 181 6984408001974465627
219 182 -6883733624295802512
219 183 -7392858623528004073
219 184 2613198306480220951
219 185 4751004982369078614
219 186 3962148704562084271
219 187 -4472407057517482190
219 188 -3707934546915179089
219 189 -7614742821255973534
219 190 -294937215050560964
219 191 -8249756359110656415
219 192 5274150298487201995
219 193 -8238654313291937567
219 194 -2333678741947512406
219 195 -1814867508768460926
219 196 3697019256091992273
219 197 -7561978575459920713
219 198 -602285856983088461
219 199 -8499698820934975922
219 200 363143961955576440
219 201 -233265815112016464
219 202 -1717817162912067145
219 203 7711060789910558271
219 204 -1213830951290644248
219 205 3950215090998675408
219 206 221960059837919684
219 207 7020366629074177043
219 208 1709760249457553444
219 209 -803784978394372369
219 210 1142842995832924506
219 211 -6465922758270001642
219 212 7951204065685389937
219 213 7965890203211025901
219 214 5141838781545889630
219 215 403034884080248275
219 216 -8426511190322594353
219 217 1890024314347420275
219 218 4866856774793769826
219 219 -8004703896893428256
219 220 -625121157912641501
219 221 -3489447735199583336
219 222 -8273591473112905135
219 223 8339232845743394464
219 224 -4325745877757304854
219 225 5154572384811664005
219 226 6646297284374565630
219 227 3888184475986043923
219 228 -2556631967315921110
219 229 -3290642782491055556
219 230 2908761505302965517
219 231 2578388469151560730
219 232 -3436950717999176656
219 233 -3228705414744645376
219 234 276572947650840794
219 235 -2064409016197989726
219 236 5137921058407433139
219 237 -9180777481956255394
219 238 -6608568621281919096
219 239 9202683982826567366
219 240 -8373172948438303670
219 241 5424749962692438391
219 242 -1212646111136092946
219 243 7542661668598135922
219 244 3147050857248450825
219 245 -9001019585844750953
219 246 -674434464279203060
219 247 -2585842150122656949
219 248 5807775460685721945
219 249 -5644419333924850699
219 250 3488501984109963679
219 251 6723137357867324812
219 252 2226339204335652049
219 253 1962880721131872175
219 254 6480517211733846244
219 255 -8878631084239590195
219 256 -8901778911753415384
219 257 5662119426405218611
219 258 3390307825107115103
219 259 -8317367676845158098
219 260 6311411114696644540
219 261 -4242310964403486589
219 262 -4513550810193307339
219 263 -6869071091872807523
219 264 8823804655179325951
219 265 7237008242949820620
219 266 -7004047227052074162
219 267 1681270941825377384
219 268 7927943424783439930
219 269 4824778275630255203
219 270 -4394691017781532475
219 271 -3186808877388627325
219 272 -6954325789235454847
219 273 4563328412426536808
219 274 410548832065624674
219 275 3986586484083469990
219 276 -7234977784566882174
219 277 5405753059175088700
219 278 7472124684158440452
219 279 5433874334458943113
219 280 -7048047340332055707
219 281 -2254553174697854136
219 282 -2533229357889777882
219 283 -7436316774964057958
219 284 -8703919082887840610
219 285 1266529614840836428
219 286 6132994020774721499
219 287 1688122023067132502
219 288 7073822107889725337
219 289 7761663205491147357
219 290 1214823049969300094
219 291 2709546156654885639
219 292 6739790184300935182
219 293 4573593120939068487
219 294 6318254776552872034
219 295 1145381510627595974
219 296 -8191195305005307447
219 297 2711360686036309640
219 298 -4934829153665493912
219 299 2896123225924593975
219 300 7138682951531184945
219 301 -5789855539051004558
219 302 2350821978102100882
219 303 -1904752161604664673
219 304 5388735610161475831
219 305 -5506704318131679238
219 306 -3987134526032042848
219 307 -6457507138594525332
219 308 1373650733569501573
219 309 -4462927312574554658
219 310 -199507304921929134
219 311 1508023765890878759
219 312 -2723366720709624823
219 313 9122446895216683557
219 314 -7801109579745697109
219 315 2158657313666876631
219 316 415974214604902697
219 317 2771364301351974033
219 318 -8292694193294077182
219 319 2938354636828114245
219 320 -5673514036308855723
219 321 4754787164158442665
219 322 1320396561491610038
219 323 1645072768108468995
219 324 -8810707156304481377
219 325 1012838948776578897
219 326 368237823494669041
219 327 5649487012540767524
219 328 2452187608740000760
219 329 -733876454770125475
219 330 1720967893258607030
219 331 7204902128767919605
219 332 -1397404254881771356
219 333 -7651388235275503095
219 334 8952695254422449008
219 335 4467777405700735631
219 336 -7771923745142564867
219 337 7304596537877625874
219 338 8843036640626623372
219 339 -5500605833760837206
219 340 5078741857634921165
219 341 4906907347457005344
219 342 -49323243410654863
219 343 6229393082938807349
219 344 6111899350750573697
219 345 -182293296612712271
219 346 -787673368194901829
219 347 8966599554886967741
219 348 6389643333392905503
219 349 5829003556263289758
219 350 5632919728257767918
219 351 5002428482081816309
219 352 -2208992328360053398
219 353 6445529862587492380
219 354 -6886561041654290581
219 355 1979512469890204319
219 356 906472914634431824
219 357 -8865764919458450190
219 358 1852798079421442297
219 359 -620993484454671737
219 360 1577134439644418272
219 361 -1086394914620761638
219 362 1970290277237017001
219 363 -6898716596128313883
219 364 4674724291712855621
219 365 6879756209678573925
219 366 6745783025268282163
219 367 -3354436892937891433
219 368 -4318203663902305067
219 369 -7864967012680134222
219 370 2908363679205865078
219 371 4460608402939808174
219 372 -7290142053037162927
219 373 -8482437946888179115
219 374 -2240892948323905489
219 375 4239803206528367356
219 376 5872988449935593315
219 377 6332023404204367627
219 378 6159365921705369932
219 379 5549332134676186687
219 380 7390905283770956679
219 381 5771654128165262850
219 382 -6266625671153107187
219 383 -3974892044825488421
219 384 1149820980905829228
219 385 8221160077512022533
219 386 520956892392538304
219 387 -3065807913433765534
219 388 -1347248756162710524
219 389 866275972387224042
219 390 3010267801056221210
219 391 -6620209175240048281
219 392 4478582554555477690
219 393 -2708480655759473612
219 394 -6002647486202167647
219 395 -8011177327443294153
219 396 2399376047378927388
219 397 -2476738048112230564
219 398 5727294212924886048
219 399 -5149277500743694428
220 0 4451113881780357681
220 1 -3838899925059395106
220 2 6597527836367653595
220 3 -8418032008153556176
220 4 -6143024480718609046
220 5 -6671148996934714921
220 6 -1578730083342317891
220 7 -5357431842882709312
220 8 1588231517779045524
220 9 919077303924898901
220 10 7248920471530558688
220 11 -2853727331275559447
220 12 8138160077372398543
220 13 -5879878926950212770
220 14 -3038233030365680675
220 15 1757116633386990766
220 16 -6624343047414732201
220 17 -841236158379269820
220 18 1826833189549249518
220 19 -400129002445905569
220 20 -3270429183936507267
220 21 9097772264381333434
220 22 8631709091920317692
220 23 3303481424770401946
220 24 5898177393150326142
220 25 -4861486581269043323
220 26 2376933364746624951
220 27 1828395548336697125
220 28 482855248160879402
220 29 5070416250695514923
220 30 -4906223586253295234
220 31 -8853053120278626777
220 32 5550058251221388255
220 33 -5273217067050748164
220 34 2985118689974628848
220 35 -2005316619707209869
220 36 988966014438195594
220 37 -902555649567301678
220 38 -3232030696573611561
220 39 1326038164369319433
220 40 -2706226521800982905
220 41 -1770770025602889460
220 42 -8353859091890893303
220 43 6970434932658296542
220 44 369762875826150358
220 45 -8867118036969509669
220 46 4370142580351297850
220 47 8807252769528325247
220 48 5094342049955206924
220 49 3900641066603384894
220 50 643259059233949542
220 51 -4946002834165091514
220 52 7127563900033838314
220 53 4834635073178027682
220 54 6936854250396652400
220 55 3038755595634762058
220 56 3626956079430660149
220 57 -832423622257601511
220 58 -8162569894719120088
220 59 1643616613858361170
220 60 4271780597733389257
220 61 4371828132451418468
220 62 3805098307079277347
220 63 -5296719228265334657
220 64 -5651784857422152865
220 65 6097428565733930788
220 66 -2079970087737261290
220 67 7838271877982594091
220 68 8830694527974683562
220 69 -5353776806998610519
220 70 -2249818761264829091
220 71 6108031404065660064
220 72 -787317662194972503
220 73 1465571135559528743
220 74 -572643847525545265
220 75 -7896803485036146435
220 76 5598041596796795779
220 77 -7933236859681209056
220 78 4672465145349063071
220 79 -3856090579564425057
220 80 4919599749140189967
220 81 1586963526127719650
220 82 3132693418762521941
220 83 -3167337526055394296
220 84 -1170866742661562122
220 85 -484550211415611104
220 86 -6780185241890843526
220 87 6967928138056946002
220 88 1561012003784918082
220 89 -4993840812901307573
220 90 222715303923029489
220 91 7979760284302599163
220 92 -7419621402002182037
220 93 4384220492902056438
220 94 -7349673641561005099
220 95 5115534031645179673
220 96 4638667119204594605
220 97 -6957490449356983212
220 98 4649263724218682909
220 99 8041684712998104284
220 100 6064920421536081662
220 101 -7482667890337553497
220 102 -6365789020146490229
220 103 -7479266769523903333
220 104 4303825765383594130
220 105 3022475337350285400
220 106 515286989878781612
220 107 8806824518691204182
220 108 -2387579037135550356
220 109 9006978464822879520
220 110 -6228735457760125525
220 111 -6612802794958915114
220 112 -4835048525466207708
220 113 -2305468871978620999
220 114 395754856028623028
220 115 1885409656617839035
220 116 8726466206207472331
220 117 -4172244587203193334
220 118 1280779688653402821
220 119 396789898613844454
220 120 -5049575537905274443
220 121 -5449002002549547561
220 122 6748938328060195896
220 123 -15381237346033952
220 124 -7581603393986254468
220 125 -7889088788434406899
220 126 4621780542008983735
220 127 -3827326653606718299
220 128 -7654547392004662415
220 129 -5337277373858627734
220 130 -196677208507672827
220 131 -7571932679777240070
220 132 -5835862066034895428
220 133 -4089735343660968974
220 134 58994909466176016
220 135 2138250048909451438
220 136 1678594450659487057
220 137 -3446226479041813956
220 138 -5235293611554684403
220 139 1867766236526981162
220 140 6098379519190404722
220 141 7735610624045410365
220 142 -2431490745731905472
220 143 -917434303322158158
220 144 -8432120310033003721
220 145 3570317601142526220
220 146 6683538830571528149
220 147 7123705210933711121
220 148 3714145434646277429
220 149 4963253234011992213
220 150 4052163128256717930
220 151 5187338522232453971
220 152 7252438582654987502
220 153 2121758905485487391
220 154 -1329653581209157485
220 155 8539062258764721325
220 156 -4874844698567681511
220 157 697112930297688292
220 158 -7864365434708101506
220 159 6324551663094657239
220 160 5573065295759015423
220 161 5568820781462760754
220 162 -2558774529064723985
220 163 -893570985063759362
220 164 2255249525438442943
220 165 1734068077252539995
220 166 6041295159059711080
220 167 392131199608246152
220 168 3837314134406300625
220 169 -8992829822947342078
220 170 6806150775975967634
220 171 5657235340429180757
220 172 7346049349579774884
220 173 908024879729675076
220 174 -1360188574084255435
220 175 3660292760199624963
220 176 -4791030484681151826
220 177 7219164689976108115
220 178 -7513530845273390794
220 179 5037489685936405175
220 180 -386346063158500952
220 181 -4197640777829103562
220 182 2986060278345181947
220 183 -8510381567809564040
220 184 -4076484665850827272
220 185 5426160654718760201
220 186 -968854433416862516
220 187 8839179570245045395
220 188 8288481363175781712
220 189 -5944210211281598821
220 190 -3657604766915922040
220 191 6013978357448536689
220 192 7715916391643491061
220 193 4092436293392244698
220 194 1087706858630079173
220 195 5842459377260611236
220 196 1894334735486314978
220 197 -8106899525727903520
220 198 3065031182447103166
220 199 -7199963509332089535
220 200 6121240986847218354
220 201 1178482080961692196
220 202 -7323194895601955388
220 203 -5837007331797646854
220 204 -3087532816259974904
220 205 7613162021017461608
220 206 -2188443750397501917
220 207 2713794611847293168
220 208 -8738313872533534580
220 209 -8754204127127858620
220 210 -8501512503446273952
220 211 3267074378492163193
220 212 -5115912008340277083
220 213 -4853767146967180047
220 214 -4526720915293821517
220 215 -5417451899529724160
220 216 -733442000995470529
220 217 -6352967911760202507
220 218 1874354989211468864
220 219 966082656686518883
220 220 4031096517560925499
220 221 6652818324797428412
220 222 7400029757137691695
220 223 3867472801051205746
220 224 3008203028448874986
220 225 -9049117476278287827
220 226 8948416602625761747
220 227 2420471405904580574
220 228 -2968943864672194653
220 229 3973482618331000723
220 230 -1393269979262174178
220 231 3960172878225896136
220 232 -4910428374496800639
220 233 -3910838911200295677
220 234 241816346043350591
220 235 -793668437233301679
220 236 -1964791418165167657
220 237 -2022234439878932365
220 238 -7777254132133740071
220 239 8019070202425982557
220 240 -6077150344240851319
220 241 4283515761237792788
220 242 5651414998463063558
220 243 7373473167442199068
220 244 -3076348586922220179
220 245 -7155911361722277736
220 246 -6619617970973557175
220 247 3717575628498350893
220 248 6639781117084249706
220 249 -3848044019164905976
220 250 3849392598469602672
220 251 3202564116302932218
220 252 434296234090872169
220 253 -6308233431858121340
220 254 7605605294829974565
220 255 653822499535283822
220 256 1923448308200794739
220 257 6793105543736435787
220 258 -3230395003402182690
220 259 -8604748859713092508
220 260 -4108023979891042139
220 261 -1989332729928687532
220 262 -2415964227038631241
220 263 4169705051392258856
220 264 -2247049740058195755
220 265 7277577971441247488
220 266 9711132130084507
220 267 -2808550260503772758
220 268 9069476154514618820
220 269 2700832680711917956
220 270 8805849322406091972
220 271 1059689712719145475
220 272 -2385942985106327128
220 273 7026474392030606682
220 274 5621465018254815954
220 275 3371030466947338333
220 276 -3605093383166330564
220 277 -7456317090761410623
220 278 -5153072009607456380
220 279 8539704870075893125
220 280 -897433187667950181
220 281 178076600929041343
220 282 -1199810420031977063
220 283 -5534661432914444772
220 284 -8628115934534660521
220 285 -8662791752033441541
220 286 7946526701932843483
220 287 -5911266052181904747
220 288 -8711671554489788357
220 289 9011840619056814522
220 290 8135726879636535852
220 291 -4732035987304290708
220 292 -9135078971645252412
220 293 2213194572569325172
220 294 -3100375078974250753
220 295 5754124165283706891
220 296 5525594007214563733
220 297 -421130277895611555
220 298 -4303147024153666682
220 299 3673382873801238591
220 300 -6939176367404821111
220 301 -5965880070851245494
220 302 -9046308992376562431
220 303 -5703639052592238848
220 304 -3331306973259487238
220 305 -5247246788307718275
220 306 -7189910127925225815
220 307 -3624044621383916375
220 308 -8703195949449958052
220 309 999939459780406335
220 310 -4652467834687306696
220 311 8680548322654535279
220 312 -372981149468800561
220 313 8240166187590299904
220 314 8534458887627398394
220 315 475163807198954657
220 316 1280184444164805119
220 317 5005043511978068627
220 318 -7731539319542709338
220 319 4520412860335093388
220 320 -568563980174311453
220 321 -1207806477931231852
220 322 -1076493758876609245
220 323 7910784702695428911
220 324 -6038214271275514685
220 325 173839788759453928
220 326 -582098033260964406
220 327 -16580939830111411
220 328 -8173433972297998635
220 329 -5387215436699619718
220 330 894521626403971815
220 331 -619454251146859630
220 332 -7772134403611303582
220 333 -7918484297020699214
220 334 1430423621362061182
220 335 7421049569735130330
220 336 -3952872875800947391
220 337 658129730341688184
220 338 -3305206319119608945
220 339 6726750451539251791
220 340 -1784222722514664655
220 341 -4450944683428688994
220 342 6901166883596772898
220 343 1540949483484366466
220 344 1197036096312057030
220 345 6561920329481361708
220 346 3514270851345283156
220 347 7812669588366939620
220 348 -7443216644779498361
220 349 6669990707108146134
220 350 3359161785759537915
220 351 -435290189515025513
220 352 2220890261992225179
220 353 8974137680635331066
220 354 8322857049636290739
220 355 4568796230697461937
220 356 -4931216621865858662
220 357 -8952010575396345849
220 358 8655520669776601006
220 359 5960712347715566546
220 360 -4026277099779496696
220 361 2794504728266506595
220 362 7376663879523134428
220 363 -1305115304170427171
220 364 -1062040961610653791
220 365 1586524493179650605
220 366 -5228124836864544565
220 367 8972493626703430748
220 368 7637539305460092795
220 369 8269308091925749457
220 370 -183270561865896368
220 371 -2874363634961383053
220 372 -5654412306788901769
220 373 -2274899008525189269
220 374 -6392289515378547629
220 375 -1730889944256644605
220 376 7753653253352089172
220 377 3917879061975170949
220 378 -7289891926663259071
220 379 -8179110328410083172
220 380 5733234795597477180
220 381 -9197794754178260639
220 382 7988439733192091747
220 383 -4373075382736859221
220 384 -2899951212107465217
220 385 3332410601032314074
220 386 -655631150613025126
220 387 3810748469874908571
220 388 2878886890881627968
220 389 1689465989989833307
220 390 1194540136702774052
220 391 -7225337100946429005
220 392 1705463398791681354
220 393 7870295924211805767
220 394 7702314541051305340
220 395 5419012747783860831
220 396 -3776277479046812515
220 397 2399868554243417131
220 398 -7810404911544216445
220 399 427671944198203464
221 0 -5682527144597862363
221 1 -4487223761367537032
221 2 -7232989146014241994
221 3 1865459397952757828
221 4 -7857370459560929578
221 5 -6156334845930951276
221 6 -1001434173080182498
221 7 7035986877035606731
221 8 -6473442709662200645
221 9 6712296298661993348
221 10 4851834128427444062
221 11 -5105305215407340129
221 12 -8897594048554518925
221 13 4896963141278996256
221 14 6319346684688142134
221 15 5216233122424723807
221 16 -5152432388099946623
221 17 9176317680579806802
221 18 -7592189175774136389
221 19 -1382574509361100196
221 20 -1591076750147137663
221 21 -8898734393834247249
221 22 -1120951058649923353
221 23 777014120935104446
221 24 -2191267220166019697
221 25 -9051470810443613048
221 26 6953857154508411991
221 27 -3639212252915953512
221 28 -1827461911249713308
221 29 8998312510436433939
221 30 -5305048036688925765
221 31 -5001804100138028775
221 32 -4673259257478264468
221 33 6655346062623639737
221 34 -3187515926113510107
221 35 2479934169774166148
221 36 -1489017234364267979
221 37 -9107882728815734301
221 38 -3627311844603586961
221 39 -4520915741269777684
221 40 -4398436261263258174
221 41 1746200310509976215
221 42 -2043002824417337740
221 43 -6352483574433046640
221 44 -8672506928328478610
221 45 -2662974173210463040
221 46 5786307642832110920
221 47 2827112574087467090
221 48 -1026890003403695288
221 49 -5486322925338391825
221 50 3055306168125881469
221 51 -9047493887958758771
221 52 4977254627383406260
221 53 3201644140895537585
221 54 -3403184270818818007
221 55 -3123988874226718645
221 56 -9048261293109036933
221 57 -3975245213351035751
221 58 -224392293522565539
221 59 -7069480730980552269
221 60 6023605906843453523
221 61 4978995580098978599
221 62 -1217531605337400064
221 63 -80909567292287729
221 64 6516588821563391703
221 65 8884726392877380523
221 66 -2332468196781506623
221 67 2299660599928173574
221 68 -7733555786200716454
221 69 -3847328452157801855
221 70 684193141336416938
221 71 8466449208356769465
221 72 -1780267838253608001
221 73 -224201556103448336
221 74 7271456412375502892
221 75 7172303244547747479
221 76 -6902608389446937273
221 77 -1908636971595553228
221 78 -4667896738757760130
221 79 -3921244481748932016
221 80 5043231303169659235
221 81 2689898740493712422
221 82 -703319679880714127
221 83 -391584516027794540
221 84 -212478534750326148
221 85 -3530714569583636068
221 86 -6941080314817011087
221 87 -2436471512112749204
221 88 4503350468491403161
221 89 5123084906583721692
221 90 4912441871572727771
221 91 -5650082831682865373
221 92 -3786359774518826916
221 93 -6131861948018250638
221 94 668345234274879983
221 95 -916989957857577408
221 96 8885578410383535741
221 97 -1276461114469761783
221 98 -7737734511217717028
221 99 -5605378990998719476
221 100 2727487255997757952
221 101 9052674887740900027
221 102 -7410748358982073834
221 103 2219467838501017117
221 104 8099017048831528621
221 105 -8255654658157036481
221 106 4381868249071079386
221 107 -7008894780602567789
221 108 -4989974883076305216
221 109 -6237630942374052119
221 110 5393622897186631622
221 111 -3552806040477796076
221 112 -2408218929021671921
221 113 8250348598673380234
221 114 -8066117889954071637
221 115 -3997182513676389521
221 116 132007855912017346
221 117 6972100162894172998
221 118 2338251385879834201
221 119 1305860963128925247
221 120 -564959016156999186
221 121 289770547556429833
221 122 4444556863012306997
221 123 -6865311204026934329
221 124 -3020692571819076675
221 125 462807807191711709
221 126 -6192450269336401514
221 127 8093164928236629697
221 128 7201374760715436323
221 129 3374637566438015970
221 130 -2558756001324172453
221 131 -4472938877223305621
221 132 1775465943618657385
221 133 -8595969085659498377
221 134 2314858564141706281
221 135 965950265665741573
221 136 2923084039871223644
221 137 -2822833899492482594
221 138 7775506856667332192
221 139 2103063256318028029
221 140 -2032072437443845331
221 141 7254372688810576584
221 142 4043790951592034618
221 143 8185470390874523522
221 144 -6031333324173977151
221 145 -8986049830865113306
221 146 683493710913225388
221 147 3622588716580930472
221 148 -4040169891703720893
221 149 -7669569212364690872
221 150 1503057894716826567
221 151 -3461404332289830190
221 152 8054856633179030338
221 153 -4301701015365985281
221 154 -9137748189069383873
221 155 2222965690315947051
221 156 3480966677839204516
221 157 1379620238559259802
221 158 -2975362692839601882
221 159 -7609120990301956335
221 160 -2552504649721383826
221 161 3811608627812878424
221 162 -6022965370162581120
221 163 4464855718864520415
221 164 3032945417165996418
221 165 8673994487610129714
221 166 -6165197978900073957
221 167 5077092275963448182
221 168 3621003347548586589
221 169 8575936013166599542
221 170 4872152264987758671
221 171 -3389863043924009424
221 172 -5452634095886282267
221 173 3899109613630042840
221 174 5527731157700640513
221 175 -38025114198740236
221 176 -7231555140606069656
221 177 7035266609588824270
221 178 3283294739748368877
221 179 8859598782709360278
221 180 -5003313967605908950
221 181 -9151678669178683371
221 182 -8248983840423060951
221 183 509755533522923497
221 184 28423751241502714
221 185 -4965655389585374704
221 186 -4147431568159293104
221 187 -5616778765468759265
221 188 -1799570086595291916
221 189 -4889349454510876083
221 190 -6937448142061025118
221 191 -423591193905943476
221 192 -4828988221215163275
221 193 -6731302878870297888
221 194 -4502839758427721574
221 195 -3275305120420830120
221 196 2283310626669149283
221 197 -9040903734371212237
221 198 -4020014755390650763
221 199 1444617233027835810
221 200 934086077035359298
221 201 -1232473243250421278
221 202 323610896119278253
221 203 774029134044332817
221 204 6333457308767187461
221 205 -4097633214897092804
221 206 -981836930057888975
221 207 2713579215523258191
221 208 1701357075733639326
221 209 2500882519276955675
221 210 -8109598900740706175
221 211 -4327703048503589780
221 212 589958704486582822
221 213 5097268980051557213
221 214 3423939479493931222
221 215 -3445079980366332243
221 216 -2689170060777758450
221 217 3298728609584052668
221 218 3207737639433919528
221 219 4305782574822778570
221 220 -6174723442628170107
221 221 8294332114985385407
221 222 -5444644052527585863
221 223 8351835847094871523
221 224 -8318844534070748055
221 225 -7301298774048713495
221 226 3523694029875769128
221 227 -5518203358528698338
221 228 -4162444501344896178
221 229 5900181727927485768
221 230 -9087559690834689712
221 231 5924488057222354789
221 232 3796514077593776664
221 233 1483692699062985458
221 234 -4537684551064023863
221 235 5708882455479874558
221 236 4604361172848281312
221 237 6375969441468146615
221 238 -6316521587159108280
221 239 -6302412694311176311
221 240 -6338680299171372677
221 241 2261719909146741068
221 242 -7131817418516357031
221 243 -4146913935620101221
221 244 -4936007000366149433
221 245 -3255267520874491081
221 246 1241436515037188941
221 247 -5219503972832403333
221 248 -2525023767395694360
221 249 -955720275023416995
221 250 -7604615147997494900
221 251 2215184880177821237
221 252 1701997495202787783
221 253 1845906402497208721
221 254 -6321763411869219385
221 255 -4721548544961530389
221 256 7828278012195085501
221 257 3303412115213500995
221 258 -1586790967089143766
221 259 -1544868312398702658
221 260 -2645234856104474372
221 261 6134272904966938562
221 262 -5626872450929000893
221 263 -6799287932674978415
221 264 -6440480962175259190
221 265 1804194946685608253
221 266 -394195922648336684
221 267 -5872143697789101897
221 268 -8585680989684021352
221 269 9049067443765663901
221 270 8629575097670892613
221 271 3532617917902581103
221 272 7390803106286975763
221 273 -1857278944670712533
221 274 -676298725085887465
221 275 -5259689070824260817
221 276 258151449935210960
221 277 5673667813827023445
221 278 -8298591798260097707
221 279 416323320464163610
221 280 754914524515946948
221 281 -3670494300556682509
221 282 6803458108559914461
221 283 7974821063629550071
221 284 -8592850668323681714
221 285 -1084098737520010772
221 286 1181124260231680712
221 287 7474629196437799041
221 288 4221582873942626277
221 289 -3740456373364055727
221 290 -4771028555998642703
221 291 -2614287429612989253
221 292 5081182447439780205
221 293 -4553954622254968756
221 294 5452444722551005128
221 295 -3897921018340225008
221 296 4613915899948794197
221 297 -797011428984135080
221 298 -1298669975127177693
221 299 6513195106180434646
221 300 -5466859740872748421
221 301 -3011779393374463388
221 302 -2143215881264982677
221 303 -3567712213067494081
221 304 3036975830652933100
221 305 -5586337027992735071
221 306 7746695091541464803
221 307 3893726422961883372
221 308 -6477090019770924737
221 309 -2109442316139646207
221 310 7488579506680997064
221 311 -6644047619256499776
221 312 3124303530064451828
221 313 -2106215121546216392
221 314 8931852007279655872
221 315 -4123294319163826747
221 316 7953064141277268265
221 317 118438489239651099
221 318 -2940673614411562063
221 319 -8698600548120412016
221 320 -7240850952404205931
221 321 3940748734537651934
221 322 -6007686822174117232
221 323 -657775731815791681
221 324 -2928087504942440456
221 325 462806970207385213
221 326 6305269021706526723
221 327 -6820421321173292898
221 328 -5001164531575086371
221 329 -4261164775572504124
221 330 7550246326478181996
221 331 3721537135098391769
221 332 5121460863993180187
221 333 9018585546827145744
221 334 -6224727120514007352
221 335 -6337172553072947466
221 336 -2853120229494230644
221 337 -7023435708235203702
221 338 -5661469380321597768
221 339 5508027493798472979
221 340 4577527827438321441
221 341 -1423528014123326434
221 342 1344770401203542092
221 343 -3137667153992556380
221 344 4975406980714585670
221 345 2871128569941090828
221 346 -9083819426651837074
221 347 4754928253453595255
221 348 -848935734093615064
221 349 -7587361789495210112
221 350 -7471140149698818326
221 351 5660953558744451293
221 352 2393075589230566332
221 353 -6687832514853342620
221 354 -8006961576403364400
221 355 6053107917711741516
221 356 4294217834869334313
221 357 -3142191213746031630
221 358 -2112092843608299191
221 359 5201477002567490024
221 360 8597093477343564387
221 361 8816334624233598799
221 362 -7582632964410401924
221 363 7495176144421037369
221 364 4324597422812084762
221 365 3434905554881317659
221 366 2290711604195728179
221 367 -3976768791931010063
221 368 4308687661529743865
221 369 -5386286696800376597
221 370 5583481034314534921
221 371 8749503240005136402
221 372 -7861958988360321081
221 373 741845168458294504
221 374 -5209914288979498170
221 375 1004936634280450556
221 376 -7544827363330724586
221 377 -211393751459061968
221 378 -5755974995547733214
221 379 7669851764922926490
221 380 813099224190159812
221 381 -7444453532082558568
221 382 -7015645887391906687
221 383 -8973089849229656519
221 384 1795689473817953515
221 385 -2528483984632226444
221 386 -427129001460240554
221 387 9098073651198203186
221 388 -1788178569493649279
221 389 -3758956558339516133
221 390 -8637998885133152170
221 391 6071919642908889354
221 392 -6633958246384753482
221 393 -6132139307887776710
221 394 -7715499205581902578
221 395 -1877765464850856023
221 396 -4586231289584843167
221 397 -7388504603358175635
221 398 4145235273885175962
221 399 4978311580229513352
222 0 8646374302494571890
222 1 1881600695993373011
222 2 5585442398642684006
222 3 -6296167522946266724
222 4 -3809364994748236818
222 5 -668225851105015376
222 6 4997177876266177869
222 7 6856171940420840655
222 8 7532594269904028152
222 9 -6998897730365954996
222 10 -37568621370398505
222 11 -5792633698588507595
222 12 8463665907429491167
222 13 866149207448116052
222 14 -6580512286227940567
222 15 4854851736535771100
222 16 3459093336171518753
222 17 -2152876503626385349
222 18 -919699797105253643
222 19 -4453311627160329320
222 20 4805716102696819019
222 21 -493938824875091920
222 22 6482115872368398011
222 23 -7674725635550043207
222 24 751535553289746298
222 25 6373139578095462755
222 26 -6050400412938271750
222 27 6344813269408844081
222 28 1250012403105332758
222 29 -2800959550192257711
222 30 5944831484531129029
222 31 -4175047932390753505
222 32 -5630304069725887473
222 33 -3155302536242998986
222 34 -2932107798040961840
222 35 7257473289827685623
222 36 -584470609991495917
222 37 -7565680192502833212
222 38 -5052198285084049392
222 39 3773199106785278304
222 40 -6418697276685274826
222 41 -4912797996659187393
222 42 -18660417482070246
222 43 -8294420249649885305
222 44 -5812943243955925166
222 45 -1602074527568276894
222 46 211011597645093180
222 47 167129076347595304
222 48 -4900039687213155392
222 49 5324343068696352824
222 50 -6500317460830925706
222 51 7629158153676573657
222 52 5817852209363320201
222 53 5488999472086976746
222 54 4740322612306672438
222 55 5780324959469497406
222 56 -2655950602202245617
222 57 -4353206014858946717
222 58 -1802149681727085149
222 59 -9007748992325939510
222 60 3784374220196700817
222 61 -7544385093855596790
222 62 4686938533352382259
222 63 5973873264155766238
222 64 3647829898775034783
222 65 -136022077601522655
222 66 -3406562049260531370
222 67 4571980458429136522
222 68 3458308567090055045
222 69 2811230376917818429
222 70 -2134279683867767644
222 71 -8538256372239381083
222 72 7667755458749527355
222 73 -8018314895890356110
222 74 -8668942875941728870
222 75 4181906558245632626
222 76 7096964494105318704
222 77 -3678030325161984936
222 78 -1929157005636490140
222 79 -8083312593250795944
222 80 784197436876323968
222 81 -1952976433728927234
222 82 6131596975968468894
222 83 -6497677652257031556
222 84 4915653936860351174
222 85 -1538309720682796168
222 86 -75313489266979501
222 87 -942675404102920620
222 88 8557454602235154956
222 89 -6252324545615988399
222 90 -523705519782612414
222 91 -8587506918038345823
222 92 -6976257683412089915
222 93 -7591315298598478489
222 94 1583910448928240575
222 95 -1099012438388462499
222 96 6637993798445133742
222 97 -7912020396713357582
222 98 701390076966069137
222 99 86996676488338933
222 100 -7704456769119276287
222 101 7456369698278918945
222 102 5853037472882447275
222 103 -1304080678627789705
222 104 -7875911062365125051
222 105 2814163765282571483
222 106 6997919887591717111
222 107 3940707082379100594
222 108 7644134795933423150
222 109 -8237287269526651972
222 110 -6520551958861636544
222 111 -6783017440791785605
222 112 1474820290894840118
222 113 -1317065814558877460
222 114 5201910818068255250
222 115 -8806396838574988160
222 116 2578241817294264108
222 117 -3713293998854536758
222 118 -8913432101052401916
222 119 -162736717105777165
222 120 8832790864315572189
222 121 3782732128102151971
222 122 6950204624023186104
222 123 5826144569372575701
222 124 7239984817537082273
222 125 815562668971236099
222 126 5059455721812377041
222 127 5196048630679037692
222 128 -46727639252200175
222 129 -9164061937405508270
222 130 7844340135906247006
222 131 -2111236368786575190
222 132 -3645395259007466092
222 133 -1952587620359408275
222 134 5750039641079989487
222 135 -1435107574494590002
222 136 3122338163795307115
222 137 -1412347705042812090
222 138 -1377995080656001502
222 139 1452320060615848985
222 140 -7085382316459696529
222 141 -3993656416813323326
222 142 -1784694401944317547
222 143 -2509612889844187150
222 144 5960742254302117786
222 145 -3592731947443087802
222 146 -8999572453691669278
222 147 -2349560381886699627
222 148 -1312291553700790115
222 149 -9107425506774821061
222 150 6253873578523926948
222 151 6711332512211604097
222 152 7473472969597341017
222 153 -2481418445429412379
222 154 -7626301476130259342
222 155 8499863365759876407
222 156 1756007060147213800
222 157 3279530270136187146
222 158 -7439801564785139979
222 159 -3943675376899370548
222 160 6433050286172308894
222 161 2389560382556479950
222 162 -8833850849086108404
222 163 3076538857057170994
222 164 -1869172577205105835
222 165 4308212134223501212
222 166 6324712910373522871
222 167 7061247785577034160
222 168 -3813415679956036071
222 169 8631352635487811903
222 170 8166896002177797807
222 171 8638890911931293823
222 172 637333786512740479
222 173 -5625276496387284685
222 174 7279071565839795010
222 175 -317438834744023219
222 176 8277505228415337230
222 177 -8641240146268606314
222 178 9172688203340129204
222 179 -1268125951673019906
222 180 -7299367468489678387
222 181 734140602219236457
222 182 4214648232977935392
222 183 -3912639922753256582
222 184 4009877467185191318
222 185 -4195232744607520912
222 186 -167685892782340610
222 187 -692272401409182903
222 188 6748924471435965228
222 189 169184535442361877
222 190 -3446995482527237193
222 191 6393291132913315460
222 192 2572247273637436907
222 193 -5813853611661240030
222 194 3422882951684460712
222 195 -8882458515840591297
222 196 -5458441121063258528
222 197 7395161006985081575
222 198 -2861056394671277952
222 199 -3275107952074754408
222 200 3582111928409046573
222 201 -3020891418554532510
222 202 6277752294628880696
222 203 -6610633021518759047
222 204 -6289225895882760246
222 205 -6689064390575898409
222 206 685109872508523111
222 207 7490734241124030387
222 208 -1998707809308278882
222 209 816243050708581692
222 210 458058916632306506
222 211 1158747605324830183
222 212 8458472147982767766
222 213 -6240698262072567899
222 214 -1107285915695702963
222 215 -6403683794505118860
222 216 92175570324915447
222 217 9125914211343492859
222 218 -2470392307517048370
222 219 7578523382922193347
222 220 3998250075660278116
222 221 -7067017891665936579
222 222 2656708126002960896
222 223 -7881335136577334830
222 224 7943971846273741176
222 225 -3297959250144354533
222 226 -5306005479278943934
222 227 -1110731994818749246
222 228 4191610043001963321
222 229 -5136919673434613949
222 230 9093253326669174354
222 231 -6141398572166433232
222 232 2256001333104846654
222 233 -794145554036045231
222 234 -4965003689718354354
222 235 -7550600598227017595
222 236 -450085194678805095
222 237 -6004312860493741518
222 238 4096069285382137303
222 239 -7025453185772178720
222 240 -2644986399144689873
222 241 -8463133060522556187
222 242 -7865238247025819420
222 243 -8727576248932910297
222 244 -4364486630774445063
222 245 -5915239049329752716
222 246 2764952423074279561
222 247 -8500397098163886599
222 248 -2642318944502546195
222 249 -2832773486806101054
222 250 -4249728045286313480
222 251 6373940782472031006
222 252 -6339213465994848867
222 253 8618309526681805616
222 254 -4885084243867537591
222 255 -4311508594423835276
222 256 -2519706116809966360
222 257 7064458932922026336
222 258 1808336822872739585
222 259 -5762040671006981215
222 260 1405030711752495470
222 261 -420967160639478007
222 262 -3241800540055368793
222 263 3261557999613870380
222 264 703052689230580331
222 265 3839009011223391940
222 266 -2670990696585295262
222 267 -7533027785851282773
222 268 5795827968681067986
222 269 -4776663109372166081
222 270 -4104487788511554124
222 271 6249800099097221004
222 272 5875720768998219220
222 273 350618114412407495
222 274 -4985392259705710467
222 275 -6399920190700168936
222 276 -4496704727322528198
222 277 1141134373263245702
222 278 -6782888789453933155
222 279 8054423744542704394
222 280 -7258782285864580818
222 281 2057183814159139119
222 282 -8564931371572708746
222 283 8987553674165438188
222 284 -5286836870855982985
222 285 -9119951288235140092
222 286 5458496991470389277
222 287 -7203599276065884626
222 288 -4537598835667241781
222 289 3477149963976280660
222 290 4273609027866925274
222 291 4125317942647559688
222 292 -4438818512632577604
222 293 -4504881555373406542
222 294 -1970934875529335986
222 295 4932607274016191336
222 296 -5397074099837330380
222 297 1781195088828169347
222 298 -9123309475219516401
222 299 3605574174418441043
222 300 -4328143747269395296
222 301 160634115850589950
222 302 2707422152741045134
222 303 6336542491694802593
222 304 -4752161706620398533
222 305 -8131960607422574329
222 306 1801934041656687885
222 307 8164556677026769157
222 308 8757342330765838
222 309 1310035221408704001
222 310 1457003058524302875
222 311 -7135599924845418704
222 312 -7925937377287364391
222 313 -7874149886757028460
222 314 8202192388850551282
222 315 1949993593456255105
222 316 -2837731287161282256
222 317 -188944916719345624
222 318 8424747715547841483
222 319 -1478158899575908569
222 320 -3993483073138267740
222 321 -5811164011121595236
222 322 -623246251477752853
222 323 2153934098885602088
222 324 1354706010090922753
222 325 8086784771925795464
222 326 -1425828631801188789
222 327 -2650490883580412700
222 328 6535021324611719339
222 329 -4628417306477598724
222 330 1417562734456185871
222 331 3331405618082536058
222 332 -6209805578696049754
222 333 -8573300267089093040
222 334 442368198293503401
222 335 -236224003639593505
222 336 8420704030887127414
222 337 -2093096001275032071
222 338 6633755251418356138
222 339 -808317958046681024
222 340 6371877791805084458
222 341 6933234331803758909
222 342 1343334280775051173
222 343 -5814920227648978014
222 344 658027603760270527
222 345 4377852241856732848
222 346 4791532200796641168
222 347 -2874757381504745967
222 348 -7816393880443912458
222 349 -2020197202271476657
222 350 267093993603850211
222 351 -3053685531721621283
222 352 -6533199298364610533
222 353 7655256246301768162
222 354 2774585966175010445
222 355 -4084647344130399997
222 356 303340573202547756
222 357 4728771168857989624
222 358 5673354814771068685
222 359 7773371974970747277
222 360 8876986788487775044
222 361 -1459247307520045512
222 362 -4582298580642631983
222 363 8499360083286869052
222 364 4533773193105958632
222 365 7674908387657561005
222 366 1831170650432978783
222 367 8700014898912647769
222 368 7061059986538377334
222 369 3926026999170658187
222 370 -349355717517416020
222 371 7480443443912098942
222 372 644354140064332294
222 373 -1504552443561948930
222 374 -4726502408876755345
222 375 4462305887916612049
222 376 5423840694225455711
222 377 1031703601268782447
222 378 -7840913871328607362
222 379 -7910248967043244934
222 380 -7302152111562543832
222 381 9151916457477696655
222 382 8435534228954556840
222 383 -7373057729715856148
222 384 -3454022639424422335
222 385 -8406896680344204658
222 386 8711370888271222426
222 387 4135723609553281594
222 388 -8932480820810772085
222 389 6590825225430048035
222 390 2354702842974022695
222 391 7785417490150163794
222 392 6513420120992640318
222 393 6734905108795250972
222 394 -4755614761330267973
222 395 -7295558584014018424
222 396 -8836268397497457583
222 397 -6269528171359557972
222 398 -3155794279730184269
222 399 -5785166227910136267
223 0 4462950978296560212
223 1 3702872606258991273
223 2 3282000550567327572
223 3 7933789032953280774
223 4 -7736602473118213403
223 5 -6011544904755894468
223 6 -5483162836598022773
223 7 -6491587407457016763
223 8 -1819054277320627430
223 9 3049699943038615984
223 10 6308687115960820897
223 11 -6704924182103973063
223 12 -592579594841792606
223 13 -2701541049580700996
223 14 5393873807257102981
223 15 111154741077049300
223 16 3595281491842287846
223 17 -773052223210103959
223 18 2087695302123056337
223 19 1497396612597778366
223 20 1980155431397592917
223 21 -4509810599726071731
223 22 1999089126021246907
223 23 -176853963169376585
223 24 3541981335137542670
223 25 -2793782723470761080
223 26 -7300409894507334558
223 27 -229281693100203343
223 28 -7501679508562685989
223 29 8371124498916396797
223 30 7884701530531760156
223 31 8719474557884154014
223 32 -5458602591905627813
223 33 -7693441680909024416
223 34 6795284319855024414
223 35 -9084769737754529362
223 36 -7524625483352732428
223 37 -4871849085326915390
223 38 -7133512792303833373
223 39 7800836842617916832
223 40 4178487382687975531
223 41 -5643421844004019399
223 42 3131252256787789896
223 43 -8803227388682258688
223 44 6720782062469199238
223 45 -7435778481823507829
223 46 -8705961584413476850
223 47 -3134950204142142452
223 48 -6672904846948086274
223 49 -5360872365599050178
223 50 1247241147366843622
223 51 4808704140193931064
223 52 -8076359691307365788
223 53 -4314919300732322114
223 54 6614555745164507791
223 55 2817374934762900531
223 56 8373033649151330169
223 57 -6139768991222905765
223 58 -1903372342157056415
223 59 8726962405528266211
223 60 7186380143663130836
223 61 -4884425242377515999
223 62 -1623838998907744294
223 63 7852683617616514643
223 64 -9205496626013163772
223 65 3748731228445392224
223 66 -2495926449086004909
223 67 -2561751871530577182
223 68 7279734061533758285
223 69 -1800947204046059824
223 70 -4049326115393302415
223 71 3885233727521929981
223 72 -6216232466822789309
223 73 -5313279542405231769
223 74 -7946709350057405012
223 75 3447839567980617811
223 76 3172457611723335144
223 77 -3546090293484943907
223 78 -6220804975409072098
223 79 1191172031622620161
223 80 -7604638972601600526
223 81 2655184046535567583
223 82 -1838237945923047827
223 83 4202117972036634391
223 84 -1423779960215502455
223 85 574153152274288490
223 86 3997206343881727229
223 87 -781118566672922509
223 88 -8906385060396719298
223 89 4624686513854950430
223 90 -410068680255254371
223 91 6823492746644862944
223 92 7552436044217803243
223 93 278500686131105462
223 94 8505917706222132726
223 95 7317784299749686444
223 96 -2270442180476625052
223 97 -5629443230273347834
223 98 -7160545329948579060
223 99 1415180972145612160
223 100 -4564462396707854301
223 101 -6581867175004449262
223 102 5654933995121989204
223 103 -7374495821316422501
223 104 -248249426842129675
223 105 -2831871696892316000
223 106 8636536160517267292
223 107 -5778333502074682952
223 108 7637635890345233933
223 109 -8190515656481613371
223 110 -2640420596461962088
223 111 -7565819515729765249
223 112 6344149479312119942
223 113 4879182649489725772
223 114 3266703505433933320
223 115 -1469915342278582273
223 116 1437827165055020085
223 117 5147154996333957341
223 118 8474489209156023497
223 119 -4891646065496728439
223 120 -3539913375797764821
223 121 -2914655287133426836
223 122 7255972597637675661
223 123 781549089001471948
223 124 -4700077236213927994
223 125 -9050824016722122668
223 126 -7786993672653312267
223 127 -9105712085227166194
223 128 3267886291224601041
223 129 -5286933627237020319
223 130 -1409659856890628196
223 131 7792703638797860180
223 132 7004436696798312729
223 133 6912866533402823949
223 134 4886705054071633414
223 135 3976129911025800530
223 136 4133918712286684153
223 137 -8497265809640374904
223 138 -8319854256551971970
223 139 -5065160238288495115
223 140 6341017906295609442
223 141 1696736636840305302
223 142 -4711861444100730136
223 143 -3082178602030215079
223 144 -7343824704598579797
223 145 -7141258384837342560
223 146 8521420421910996551
223 147 -6228259868048315820
223 148 -3181420071547969842
223 149 -6579648192431427255
223 150 3080771843457294559
223 151 -8309984945865105557
223 152 -7325027439611189693
223 153 6608077467102707891
223 154 3041260578251418170
223 155 3114858073805537070
223 156 -4360859175173441912
223 157 -5192088099827621424
223 158 -3883703196190588629
223 159 9065197095522171239
223 160 -2092729157326385715
223 161 8164008111791310842
223 162 958395171773310551
223 163 -5027890594601818011
223 164 -4477016512141951833
223 165 -3321285796995693969
223 166 -3078900620267227708
223 167 -3520526284877331681
223 168 7679312877276533473
223 169 -78614480355135176
223 170 -3404090720174221078
223 171 -8994230674422269906
223 172 -6302815168854159913
223 173 9182476831525878676
223 174 -8565775712532092445
223 175 3138153631855867683
223 176 5082280910803091214
223 177 4380633084296409015
223 178 7044388836996228807
223 179 5268781442167589568
223 180 8034053823473709678
223 181 2169799729644460198
223 182 -654649554900474624
223 183 5935457421993016029
223 184 7675398175848489215
223 185 8120747157648364405
223 186 -4549935147845696922
223 187 4976632219779954384
223 188 7016383087838142034
223 189 -1512988800472696757
223 190 7036894670932294829
223 191 6652978083795394423
223 192 -826759996898014346
223 193 3141665900486136676
223 194 1335349516420304731
223 195 2927280217655722048
223 196 8411005126477759215
223 197 5114055219260796558
223 198 -2661064097450234399
223 199 -6786755077199975106
223 200 6042764196018107296
223 201 -5487213903199056368
223 202 -212618806607968289
223 203 -1500998615139137179
223 204 -4838802650443553568
223 205 5183314837399660925
223 206 4884666634121740068
223 207 236851770949650885
223 208 -8854127856864595281
223 209 4211156138544921697
223 210 6170670355027954411
223 211 -324692936932914329
223 212 -5703240257572995422
223 213 -7511300384383671422
223 214 -7781778687302468556
223 215 4059197879122958814
223 216 6541936408735201602
223 217 -8271373942584325111
223 218 1536234100618688411
223 219 -6855657606067020749
223 220 9091831374926843407
223 221 3060169252113695909
223 222 -8011921801023665747
223 223 6113055933926155884
223 224 4031673064918824734
223 225 -4836029408481363118
223 226 1366868772598100240
223 227 6472175754151516160
223 228 -3005331970169507281
223 229 -3175653316406502010
223 230 -6693428623409516716
223 231 -2288638813113499768
223 232 -4454399312406717001
223 233 3178758297337135286
223 234 -4107958678250591594
223 235 -8566415372630437838
223 236 6931491111660242064
223 237 -7252111266844414371
223 238 5007069220659726302
223 239 -14128508816700167
223 240 5736658868831063886
223 241 -8181109004615603504
223 242 8217299519281534165
223 243 -8856533531624762669
223 244 -1087123564876973791
223 245 -4093455185614636219
223 246 -7157623508993452478
223 247 -7166475280005609120
223 248 -4162823118581627145
223 249 4523962480429078397
223 250 -8028623322841475818
223 251 456009723699494238
223 252 2192620626414304145
223 253 3256395189571254892
223 254 -2700504613256701848
223 255 2901676989793097876
223 256 43486734546993229
223 257 6632792971070002644
223 258 -8167025299758970093
223 259 5257955579810450645
223 260 -385854143237592660
223 261 -5366161334948319970
223 262 987927346344979716
223 263 -1615003211941800381
223 264 -6845642808454297502
223 265 2146552218664006003
223 266 1294512976944207103
223 267 7413450889361119186
223 268 -4043334740386731338
223 269 -64154226334652379
223 270 8888118814405459678
223 271 6533598067695446888
223 272 5280201509979396932
223 273 529914676942428043
223 274 -4212761192108330320
223 275 1431047859798976209
223 276 8071107457812878782
223 277 5382262842007936346
223 278 -3731332644847052269
223 279 7274007399965879876
223 280 528980650238892227
223 281 -5675188178103206364
223 282 7109548185133783940
223 283 3289631716322062405
223 284 -8600281289250498127
223 285 5242375760893292464
223 286 6884881322144978231
223 287 6465629058808509420
223 288 1382319867714837092
223 289 9183004194381840901
223 290 6392410891896401301
223 291 7862948903043031494
223 292 6408230723761415330
223 293 -3831426503712652057
223 294 4016898802227099363
223 295 -8552188372969712992
223 296 540014581575152101
223 297 1818152888002125818
223 298 3233547330951406275
223 299 3610755541585854733
223 300 -5640048698629913212
223 301 2817081151440200687
223 302 -7644150833023332007
223 303 -4664448470143759348
223 304 3108392202478689580
223 305 -7388553341452404254
223 306 1808594070661572122
223 307 1532367181903527627
223 308 -5109877543929243313
223 309 -3797025848543207098
223 310 2143757260489656160
223 311 -1549364340121737687
223 312 -7757978439494229404
223 313 1802585626847268637
223 314 5815379803276393679
223 315 -3394392095776226094
223 316 9125852503419787163
223 317 7514543490439377432
223 318 1221463947583553556
223 319 -6354843896518355456
223 320 -5808860865829235983
223 321 -5662743283054265146
223 322 -5980187335434663114
223 323 5800493371594506730
223 324 -4569837737897685623
223 325 2273446394543707882
223 326 1565938545546993367
223 327 1515455923264103054
223 328 7122367170633975273
223 329 136630983593397664
223 330 130619857158583388
223 331 -2759479323580237351
223 332 6420638699668941866
223 333 -7220362832285671801
223 334 -4987948805150940255
223 335 -8842295462055747319
223 336 -1024613301183452310
223 337 6331607612937197644
223 338 19031067380764323
223 339 -3358032543348251327
223 340 5725174114950761544
223 341 8387808580969037636
223 342 2213033971555721543
223 343 -7195534239761333500
223 344 4786748251823452379
223 345 -3118738856503231551
223 346 -2381948614855207873
223 347 -5871619237390888164
223 348 -5681138921048297960
223 349 -9079057941312707425
223 350 7809924745199496112
223 351 3238369711831850454
223 352 -5569275074089778499
223 353 -8356957810752690668
223 354 5189010120275969135
223 355 3937112180044407316
223 356 4657685311749993009
223 357 1978206918264276007
223 358 2130302538253292780
223 359 8504234967736822860
223 360 5911020456122938992
223 361 -4557449210988670393
223 362 -5955315623640412226
223 363 8652924104201360299
223 364 -9200443357464493959
223 365 -3728030910006465621
223 366 2333623242060729390
223 367 -775829725320207757
223 368 -7413243374975468496
223 369 3259720727644478794
223 370 -8228487013137040553
223 371 -6756953411743326315
223 372 -7016323283102359735
223 373 245152126649990024
223 374 -864919809196987933
223 375 1133510055992557736
223 376 2624798972938526744
223 377 -3642816076120992356
223 378 1456078480341425153
223 379 6920170652390013694
223 380 7447115973585931680
223 381 6334639205021114767
223 382 -5746440410902316386
223 383 -5457806846029957491
223 384 3994440431056510709
223 385 2888390463309078076
223 386 -9018514923874685574
223 387 -394403336823239258
223 388 7643026637607180906
223 389 -397803903918420669
223 390 -1206325122529732619
223 391 7225849569293958143
223 392 -7468954569929879235
223 393 7531139755587794919
223 394 1991831759095874544
223 395 -7770089895029142259
223 396 -8795344179064883275
223 397 -6624559099091363332
223 398 968630662265832682
223 399 -293378446016084032
224 0 -8989141287020438580
224 1 135365874868283566
224 2 3384102209177204562
224 3 2669049426632483755
224 4 -2413042935297875790
224 5 6108096235940795614
224 6 7515899794502406357
224 7 8563055118736181786
224 8 705296107337841681
224 9 -7377066362549272147
224 10 1274368668147944369
224 11 5028642841478783771
224 12 -7848462143333502458
224 13 -3627793665989451495
224 14 -3877186511539283803
224 15 4017472249023343309
224 16 -3387156378702208632
224 17 6314257332733144504
224 18 4441024415976023419
224 19 1021742212955481361
224 20 -5947449062221913907
224 21 2938000493635294795
224 22 5322440839031234034
224 23 8028587285344112102
224 24 -8248871230362725297
224 25 -4641550489875270275
224 26 -6607882990232362523
224 27 7951242607462388521
224 28 942949933593047916
224 29 -8187469977456911792
224 30 -5964391823281744749
224 31 -8784944282408792076
224 32 8217809166958980891
224 33 2089942234639913332
224 34 2197231117311506961
224 35 3230953998995279935
224 36 4266059289893387640
224 37 3352961891121540001
224 38 -6743334225631946203
224 39 6189368699998851900
224 40 -8288099084819611935
224 41 5645266989668083583
224 42 -4937316194725013794
224 43 -1475280733549695318
224 44 4095684447596556448
224 45 -3708180001065363036
224 46 4364757057910537003
224 47 -4673188880508322493
224 48 5799799733170773685
224 49 -5331346342668168069
224 50 -4428359481154504782
224 51 4838834259173163792
224 52 7265099810707649042
224 53 -6893244042410305285
224 54 -9040608819914251821
224 55 -4991358783595758440
224 56 -4953972576255309564
224 57 851493125711362571
224 58 8214614666052413628
224 59 226979965787164639
224 60 -5763206936372789873
224 61 6733614578439927151
224 62 -5610297373990756324
224 63 -1437779772374476604
224 64 1144879925362141342
224 65 -4906656743795761229
224 66 -5386445449895054000
224 67 4829983358114420293
224 68 4869163503307208620
224 69 -3649491909864947344
224 70 -3927875072922933867
224 71 2224791147870450707
224 72 3558861794838055089
224 73 5185770212050341886
224 74 -6897375068115024256
224 75 5967223119942618026
224 76 7519824343389568276
224 77 -154887289717753394
224 78 -7102525192060475155
224 79 4222245761460997511
224 80 3176599403681827035
224 81 -42341486533358529
224 82 7567152026845009782
224 83 3466557296046793302
224 84 3764459703756255824
224 85 -5185707123479285524
224 86 3582210942885519794
224 87 -4203370681857796335
224 88 -4772634128811421279
224 89 -1057745715473160481
224 90 1320630525625735327
224 91 -2796530309070262649
224 92 8362034829240587756
224 93 3868946876350266325
224 94 -2328435669395479436
224 95 7444483650775864157
224 96 -774266804154868074
224 97 4205919855608688376
224 98 -4733721306228660051
224 99 -8539632307003053983
224 100 485043872403842341
224 101 155030049301732771
224 102 -8983972667812288342
224 103 4542669782668408749
224 104 -4475678872195144665
224 105 364955336297540566
224 106 1166172753362336868
224 107 4626648141169506493
224 108 3805508956263121384
224 109 -1954883370381597958
224 110 6217921791085155828
224 111 8907567531559028487
224 112 6746924272284091519
224 113 4628025677043281838
224 114 1318258098685048005
224 115 -8952949506122816280
224 116 -3859426952661026361
224 117 -4886575496949635709
224 118 2146837190981290887
224 119 -4040213866368801659
224 120 5852187826374368474
224 121 -6603010294263846741
224 122 -8839849094478470069
224 123 -2071699522175614818
224 124 -894039504967088610
224 125 -4427600575415286687
224 126 6256540466344552870
224 127 -4424521054056725
224 128 -411382688166519487
224 129 8570843120996219546
224 130 1391797432982535619
224 131 7892078818395839073
224 132 -4284791072632602691
224 133 -396478389049788108
224 134 5537985497368665516
224 135 -965640152552218761
224 136 5431491631349900462
224 137 825938631397457063
224 138 9189948573905513792
224 139 -5325984778408658071
224 140 -4447659077022849706
224 141 5078206866258606145
224 142 3828371985603144724
224 143 -2491682255430173176
224 144 2651536428472206204
224 145 7837771032268801578
224 146 -4414972728500457024
224 147 81308594706457806
224 148 4722561827092077913
224 149 -9144752182223207357
224 150 -4102993907488051536
224 151 -6277348821199112702
224 152 3113955892715495423
224 153 -8746642145437803428
224 154 5679618964809460739
224 155 -989402068491295437
224 156 -5843381183723884066
224 157 -1918656299240457633
224 158 5821128958201334574
224 159 -5534409031952823265
224 160 -2128651454221321392
224 161 5634307706768165815
224 162 9079907259817484441
224 163 3351316863351548009
224 164 -8350675542395612799
224 165 -4765068137075525844
224 166 -3086845971974029438
224 167 8611841117248157435
224 168 -7827717500813439999
224 169 9007205893860561187
224 170 -7918236175117599666
224 171 6517585543699203074
224 172 -7808138803403142641
224 173 1467828413336488063
224 174 -5867113192169407987
224 175 5574289960379997298
224 176 -348367113133523361
224 177 -3681436684488077986
224 178 -8061658685603250589
224 179 -4905069162860764707
224 180 -1231346393881632668
224 181 -2419527722598351824
224 182 6576832380339761805
224 183 -6179182668976198348
224 184 -6152469596842799739
224 185 -904471655162636085
224 186 -8787171721847099417
224 187 211075222371752274
224 188 5264177236041536745
224 189 -7707341998727684561
224 190 4108668640490341300
224 191 5527890783012643318
224 192 -6486595921734751905
224 193 -4343754056402878618
224 194 -3820189855908560791
224 195 5716186391470129186
224 196 -8824764324610283741
224 197 2852288270353301207
224 198 -4868053511441647129
224 199 140361941356158770
224 200 2772330984526490590
224 201 7034706797355329804
224 202 6831405792864055797
224 203 417209566587434023
224 204 -6592827267739870151
224 205 4260881214737711289
224 206 4146185096029538118
224 207 -4628541833209073903
224 208 8131644573788492887
224 209 -895995531805679636
224 210 -9158052062409479372
224 211 -4309205205299730529
224 212 -2221045406740007069
224 213 5702507356404605300
224 214 -1128014988875926166
224 215 -3438547512221438542
224 216 5550275921779194062
224 217 -2165518906131633917
224 218 -8120061172127396112
224 219 1906110355967664333
224 220 -4081172998627593104
224 221 -3513091241815432613
224 222 8818415219020882661
224 223 -6456316657517106980
224 224 -963804802083587779
224 225 1582441714892622712
224 226 4619901980283497541
224 227 -2185047787231638975
224 228 2396065169979843626
224 229 -8160151021844977277
224 230 4835991054076681924
224 231 2363182186127320129
224 232 -5188402767371856415
224 233 -2296271406239252365
224 234 416249119384626838
224 235 8952212919235360577
224 236 3986865201358374605
224 237 1832352747534862849
224 238 -6674648540403057381
224 239 406590357323621404
224 240 -7254290055987637558
224 241 -813340713713857347
224 242 -912957837944451118
224 243 -458493837951461722
224 244 -5971048842149815892
224 245 5708454118252043649
224 246 4297477130055103276
224 247 6220513301569175382
224 248 2780521379051148264
224 249 7403228998937695038
224 250 -7562066318568666265
224 251 -9004099342505499491
224 252 -8363256484975355703
224 253 -8059428515932204167
224 254 9112381510387084112
224 255 3635584475795360025
224 256 -4790511688050288835
224 257 -9050428259478542672
224 258 8947613699140937078
224 259 -4449032185182649699
224 260 6520880800818314942
224 261 5217059872245035247
224 262 -551140992026722805
224 263 6994170249819014170
224 264 -8755952589452980163
224 265 -211970468143966890
224 266 5718325633338880566
224 267 -8177300349341369221
224 268 3755639921584129121
224 269 2528882133607805605
224 270 -539983910860881003
224 271 -692721218311658349
224 272 -1504748699445700880
224 273 -3438857697084444587
224 274 1771033501503383819
224 275 -7233778578325233599
224 276 -6639673556615004679
224 277 -3249298295852477142
224 278 6674836032741651160
224 279 511502468678118665
224 280 -4620715153082444585
224 281 -4108813133367729645
224 282 -8477673647703179730
224 283 6757228492330272928
224 284 8109269329709787164
224 285 2573774957310932586
224 286 4105268500375590292
224 287 -3600548192253287174
224 288 -4989769017166722326
224 289 4069729940986221526
224 290 -1552190521111476286
224 291 -4543286303779346272
224 292 -7545790445659443911
224 293 973259372351931119
224 294 6196584691051651335
224 295 295555634990033302
224 296 1913843605196396928
224 297 5473999287701028242
224 298 -4645788297826230782
224 299 5177147789366935332
224 300 4132604115293542135
224 301 639894164823045721
224 302 -6780982018199697480
224 303 9080821176476499330
224 304 -4455510301964591498
224 305 -5071514202055769913
224 306 -4373243844534555264
224 307 -7107649965875937884
224 308 -7759362568728702965
224 309 3626036539490192631
224 310 5949649983695507117
224 311 7615728394966281268
224 312 2762283629006056339
224 313 -6150827762111820877
224 314 -8595973919548955517
224 315 7321447935878149971
224 316 -4874773086764815178
224 317 513682384228618872
224 318 3214176553080537977
224 319 -6435038062898075735
224 320 620899134543404059
224 321 -5400662197601225342
224 322 -8074266760677432413
224 323 2646101202274274858
224 324 4280395237687248100
224 325 -6032294675189188185
224 326 8052200614554657289
224 327 3256505908003046519
224 328 8333945107347257903
224 329 -8405235565330525952
224 330 7932190551095489138
224 331 5978968649773505115
224 332 -3121218752575123790
224 333 8241483198793455178
224 334 6134694059369793508
224 335 8921873575240632975
224 336 -1373257532390026858
224 337 -6078129179322382970
224 338 7762139651974854498
224 339 7562601034385327818
224 340 7700319956308298192
224 341 4511487928023276086
224 342 -2152547339895018332
224 343 4226877126462661111
224 344 -8458739521277193981
224 345 4504754171881025347
224 346 -6958613113744479529
224 347 -8718059038374653915
224 348 -4526877401272273688
224 349 -1201611713610080099
224 350 1447565328047927639
224 351 -31272237777243967
224 352 6228162316964902121
224 353 6419867081757596113
224 354 -5086134757561070851
224 355 6937669697273540911
224 356 -6809646058887635399
224 357 -6726605620247876232
224 358 1126720880460405281
224 359 -2364234767735402674
224 360 -8315647616943597384
224 361 6077439482832128553
224 362 -8930737115441007852
224 363 7182465452148378782
224 364 5743240172845656904
224 365 -7427349358054134424
224 366 -5295095615027885591
224 367 1121290818435375678
224 368 -5299789948373950946
224 369 5008814890136354792
224 370 -4570185687404183360
224 371 7442039250360160333
224 372 1991286926692219635
224 373 6388828778804078633
224 374 -2493348966671895582
224 375 -6143641329467488131
224 376 6508357012508798851
224 377 -240714307508938259
224 378 -2864531624953513393
224 379 36943488676035878
224 380 -7669559627973374602
224 381 6527693396414725407
224 382 7717212281171075173
224 383 -8104599860285960974
224 384 -1977768475344941356
224 385 4362579388709197627
224 386 -7147214711827726015
224 387 -1697843726313144612
224 388 -3895896386269904953
224 389 -4201143561749951550
224 390 8527595871473923755
224 391 5409918989200122227
224 392 -1405884614928471520
224 393 -4262494956074426065
224 394 -3063745742918677565
224 395 1502449412377795287
224 396 -2117198184538445319
224 397 -8598089960901187491
224 398 -762783022533503540
224 399 2089984650447834664
225 0 6061773484945849359
225 1 6169123043252148476
225 2 -7629962905727529917
225 3 1233010593911768304
225 4 8322193116542486478
225 5 6567566742835904760
225 6 -6140991019931170810
225 7 -6590903197856259062
225 8 8577334800773008458
225 9 -6738475413279380059
225 10 54846473582051650
225 11 -2347564724717866756
225 12 -6212331330244328487
225 13 -5290888367219832876
225 14 -1265794250780171542
225 15 -162240755009214576
225 16 2214744324134588241
225 17 5191582708894615745
225 18 1468010050377560178
225 19 -4056193633204681435
225 20 8635633747127383923
225 21 -4133718390970926091
225 22 1297357601499928311
225 23 2507867940230382340
225 24 -7647543848442815417
225 25 -7936507368557526988
225 26 -7356872964647279650
225 27 -339205338141850670
225 28 6020240007730204242
225 29 -5265031560800615105
225 30 8896630998598731702
225 31 7868453085821825180
225 32 -1490248056031773029
225 33 3647875056444818385
225 34 603332957645213677
225 35 8890170631805931665
225 36 -5795370317939728400
225 37 -4848621672174665640
225 38 3767497005839315993
225 39 2636637038200956626
225 40 5644323292415708587
225 41 2322192633928923921
225 42 510453754824030399
225 43 -4896328728309855828
225 44 2694857895005029055
225 45 -9175189976325317234
225 46 2253415122538013038
225 47 -4363058409388987343
225 48 -3138910968439546630
225 49 6795315647903300883
225 50 -5696546843753728667
225 51 1419001984383659726
225 52 -6694445172035320469
225 53 2244518622281825408
225 54 -630470035017963506
225 55 3645417328941705635
225 56 -7325240614455478337
225 57 3932632093391500006
225 58 -6189959274500020176
225 59 3987879051453220795
225 60 7196985102884490208
225 61 -6455283905935114224
225 62 -4297614121422805428
225 63 8352834686807588463
225 64 3045371987935974760
225 65 5774889250460292454
225 66 -1091071722050802452
225 67 -6272433443742825347
225 68 2190094691357331102
225 69 -7949113750249822659
225 70 -4197849056959926552
225 71 4802474397412784864
225 72 7035380065540994769
225 73 -2364627792983684782
225 74 8426808292316142728
225 75 97857839774070104
225 76 -6397365131704172373
225 77 2813112589669636566
225 78 202343482181532076
225 79 2916226729502844469
225 80 -1388608250207586561
225 81 -4350204135311094767
225 82 -573851106939000083
225 83 1895940168317159220
225 84 5551251191302783826
225 85 6113349049827224646
225 86 5575225622173154566
225 87 5299455879894140696
225 88 -8035575106885066305
225 89 -6622717927678996811
225 90 236590886704637137
225 91 7832469567140869874
225 92 1536871186445584798
225 93 4731391548714586940
225 94 -4124703187728605262
225 95 -4631960469445834737
225 96 -2321472081535661347
225 97 -3219340122426453171
225 98 -7745641832663482923
225 99 3303792817323400059
225 100 -5978070096641360137
225 101 -3438865126022504100
225 102 3710422447785644930
225 103 -7409441648619498671
225 104 9182578325021750639
225 105 7491995547813897895
225 106 -2514083554790329907
225 107 -8744654788846591331
225 108 -4214292389635312292
225 109 5526074978306480184
225 110 4599419837669906724
225 111 7286694895472989823
225 112 4925106582642230178
225 113 -2070928857743711210
225 114 -926606017232912752
225 115 -6990458317258218344
225 116 -7078379852491842337
225 117 -6776701780838032331
225 118 613904772463513703
225 119 3317655912836119627
225 120 6988951635479816155
225 121 4720635683761425360
225 122 1509812991701279243
225 123 8725661069423636837
225 124 1931973800530508441
225 125 -447461867854891383
225 126 2915552691205239736
225 127 -5452480129361200243
225 128 -7581492586589955862
225 129 2149676756900145457
225 130 -1271013134080439787
225 131 -5485526975534709996
225 132 -2386335823250808595
225 133 8212275823152409039
225 134 5681493841379114326
225 135 -5849312224543767065
225 136 2982643930927495477
225 137 8903177905128451394
225 138 3694943995497505938
225 139 -7989270187931025373
225 140 4221762023632798762
225 141 5138806936390812886
225 142 8639773137661366563
225 143 1757639550828518590
225 144 8050857889042059841
225 145 -8067523121818951287
225 146 1143403467136698771
225 147 -8973139849072724193
225 148 -3793507913872550474
225 149 -6714495725853984306
225 150 -5941189455811799764
225 151 -3511715234286788340
225 152 8502566361977429539
225 153 -6963478892006433406
225 154 7194166810388931656
225 155 7638335650449799061
225 156 -5286384980955052048
225 157 -7768937697970837643
225 158 4958098950398091379
225 159 -3314357417175675142
225 160 8852511021037265072
225 161 8712994732575068829
225 162 -7894561047429765232
225 163 -5171923208242164285
225 164 1599312772098664195
225 165 2709151245041107142
225 166 -378575667167272235
225 167 3663288364306648274
225 168 3750639173286029618
225 169 2548965726400411329
225 170 1009088409280163911
225 171 522905882312039661
225 172 -6539335525417944274
225 173 -5078152158607354965
225 174 -4116870218223216487
225 175 4180308048704785978
225 176 -3142347486522306234
225 177 -1265178541004419143
225 178 -4128996633114877101
225 179 -4385125189152820255
225 180 -7454612986070446953
225 181 2811685460062714720
225 182 5105400796684115911
225 183 -5878732693785796191
225 184 -4298824703268552447
225 185 -5725655153608776430
225 186 7108641232304859254
225 187 -7941707229855566741
225 188 -4783001013921721030
225 189 -6300547124562249491
225 190 -1021621687017320027
225 191 -2374460249683729800
225 192 2690173818009755679
225 193 -1394731968851630034
225 194 4379915821511106813
225 195 2672607343266788538
225 196 8164048708796799948
225 197 -4232884104021958211
225 198 -6045777072568745852
225 199 -4018765632732415503
225 200 1002932986532509759
225 201 -5390748498997309346
225 202 1751951425081443412
225 203 -6032802698957770610
225 204 4820181175380910837
225 205 3359448129326450738
225 206 -2467972027846320306
225 207 7417106001111566967
225 208 -3550486970634938809
225 209 -4247570170670627789
225 210 -7072590493813746656
225 211 -3641536512327692103
225 212 -8245129220171319856
225 213 -721109280290370069
225 214 6202330344221306240
225 215 -894750068236437405
225 216 -7616035265105710951
225 217 4585994071602427792
225 218 5592647014067373346
225 219 31402051750206802
225 220 -4838798540363043035
225 221 -2778420356113015803
225 222 7855923880936230275
225 223 4388829750225246475
225 224 -5852313377299663347
225 225 4888702101347707408
225 226 2801714843976734445
225 227 9054045793054772890
225 228 -8475600294725618791
225 229 6661859287952602472
225 230 -4560690805885617482
225 231 -9077142439026071934
225 232 -7278837326456220983
225 233 6958822289506707118
225 234 6165514934017432461
225 235 1667629687611043636
225 236 1072455542744731883
225 237 4300120480178614125
225 238 -4438162386866308268
225 239 208300263986402276
225 240 -4438325538959163223
225 241 1018734229287471168
225 242 -3327573878465877272
225 243 8894915161351394045
225 244 -2472358722473092003
225 245 -1585015718298652062
225 246 8738757964672112658
225 247 -2663178767750087251
225 248 -4049425309078790486
225 249 -3825681611286500533
225 250 5211122735672120948
225 251 -684979084000387839
225 252 -6791945942988414239
225 253 -9124707229937500888
225 254 -8993132820929619173
225 255 2245953015028972983
225 256 8188135970963248305
225 257 2706052923393618267
225 258 -616675802918354086
225 259 6277357536071240942
225 260 1614129447993002836
225 261 7703616009369716446
225 262 8297783926654988234
225 263 4077134523672326366
225 264 -8911920218666246129
225 265 5642455133785206811
225 266 -7548976574840756592
225 267 4121351880145995899
225 268 3079607252863595218
225 269 8262731258907229023
225 270 7118938831611754662
225 271 -5947476192446379588
225 272 -9059278499162000778
225 273 -8707231651840153206
225 274 4739561723650534710
225 275 4229116246051956074
225 276 -5458577775380910375
225 277 5516864131415642074
225 278 -7569684673838785051
225 279 -2048457787481482856
225 280 -7785597729215172762
225 281 -2437273937120580772
225 282 -4753843774596482852
225 283 -8260570309511345770
225 284 -2561764657222377620
225 285 3290254156266017578
225 286 -2486024286601643930
225 287 -326816336622245816
225 288 -2815892267415063248
225 289 1276899693396331448
225 290 112167045132930576
225 291 -3749494953102210213
225 292 -387884741581654250
225 293 -2604099701344464218
225 294 -3033487920489706192
225 295 6300881540084254195
225 296 -749396792735792352
225 297 -4295631656557255168
225 298 -5048132148290046066
225 299 -629328023160472413
225 300 -541483894674992508
225 301 5867820474233804221
225 302 -3641295045782060405
225 303 331449459150977911
225 304 4192546211758766515
225 305 -3717632997861231955
225 306 -2587578787455447307
225 307 6529971764464509088
225 308 3203699571460083936
225 309 4532596690211632640
225 310 1354428327407869019
225 311 8682469089715588095
225 312 -2161848888285431572
225 313 -8262985317416895233
225 314 9056445760389767995
225 315 2989917890557029202
225 316 -5325708823799058276
225 317 -3997521467640122494
225 318 5936028473777180213
225 319 6340094343622300743
225 320 -1552682574517340822
225 321 -8695369985685521021
225 322 7526089437624119200
225 323 -4254053652919514829
225 324 3087577018233784850
225 325 6692059745954839595
225 326 2369626898901590722
225 327 -5485841685679443731
225 328 -1087920564752335643
225 329 353782608814324682
225 330 -2703237571071511615
225 331 -8525143553997590812
225 332 4723545346899931784
225 333 7512371118933020524
225 334 -8191005985353043584
225 335 3597134915667829337
225 336 -6404122492040647938
225 337 4711864406356859196
225 338 5919117775683358879
225 339 -2355790897518728248
225 340 -8450224855022558430
225 341 -1659415147533836095
225 342 -7956940951233447326
225 343 5804824658250368168
225 344 -9210914053268496186
225 345 7359256770684205250
225 346 -2156276540274613065
225 347 -1697653980311883396
225 348 -6904426052539074967
225 349 -4263704112685833571
225 350 2236793578264347782
225 351 6222294309142462826
225 352 8442656901489016870
225 353 7096738709530456591
225 354 408282912539840392
225 355 -4473556938487655093
225 356 -8126509803017485037
225 357 8363771884726364435
225 358 5001396961854726178
225 359 -2312511296900195639
225 360 -4596037000967468626
225 361 -2924265871340057510
225 362 -7471273215728766534
225 363 -6594879944397972353
225 364 7398029980649494179
225 365 7370806964812368388
225 366 5893392870818107697
225 367 -1443451116560318751
225 368 2241264015490720682
225 369 1841371105435874884
225 370 4909803466757218207
225 371 6276073538795569720
225 372 -7960532166764698468
225 373 4612459571024406749
225 374 2584109631570105392
225 375 3268239381949340304
225 376 -2222237528842362357
225 377 5476646967978116730
225 378 -4566638236633932106
225 379 2596245359836685056
225 380 9006723615220179947
225 381 -4682715650750461777
225 382 3768102167787291961
225 383 -1878948697659346859
225 384 3972933333628161604
225 385 -2246598770386253956
225 386 8636499332501026297
225 387 5973041519750475105
225 388 8106961136681858177
225 389 3252407652634651239
225 390 2340812919915324948
225 391 -8441013229945842039
225 392 6473706335431671683
225 393 2835256962972936572
225 394 1778054395676220665
225 395 2322165011503066302
225 396 -4776376706074682321
225 397 -8871323170689844381
225 398 -8131417123746021871
225 399 3347087775061299250
226 0 4396136074166658437
226 1 -8175200455994880719
226 2 -7124814822059673133
226 3 -2002713949294246980
226 4 7993945866923631725
226 5 1318839148786343813
226 6 -813374841840012723
226 7 807713604119419521
226 8 -5819011728936221221
226 9 2558269285934911825
226 10 -6017447380296737930
226 11 -389414668708397805
226 12 4062791073309402397
226 13 6462866521370336692
226 14 3871903730477366905
226 15 5491767374078698162
226 16 1237300846748807521
226 17 7632718626277675201
226 18 -4374454641716006685
226 19 5872714681501331056
226 20 -8802462826082249486
226 21 -8456310780258403948
226 22 1006842325594660991
226 23 5283665057884667283
226 24 -2466569851668671057
226 25 -5480715519534498727
226 26 -6728632020559505773
226 27 -6660116946885427958
226 28 9041137697924313010
226 29 1693633823796097110
226 30 1973418912302293663
226 31 -264994033190743634
226 32 5386801545639987868
226 33 -6361680166753528191
226 34 5051027446377894293
226 35 3624126512207762823
226 36 -8445458556066206803
226 37 7403713539152650553
226 38 2127105696835745262
226 39 6665494960574596523
226 40 8133216944356450005
226 41 -1824463588470137141
226 42 -3831602730465692245
226 43 379011547374467830
226 44 -7466951166498219959
226 45 2620131557552217382
226 46 9162160690576345195
226 47 6407353357176484622
226 48 7646570880922715426
226 49 -6862177482783320058
226 50 3104828945843318033
226 51 -6934844070158847372
226 52 -2459443615563700643
226 53 6059805180438423445
226 54 -6758313218720214731
226 55 8462973900463421678
226 56 -8547529375146901733
226 57 4857269031641082783
226 58 -3493706640349292131
226 59 -3478572448363571126
226 60 -7164865479849090944
226 61 -386819315966559239
226 62 -5072493102518250119
226 63 6757456159109900006
226 64 8510163337683388046
226 65 -7134228518313485726
226 66 7032491697843929725
226 67 9181544043340861158
226 68 -4852947125907229623
226 69 -2815235646283976944
226 70 2066370397518521071
226 71 -5491290760471929403
226 72 8922312383309874961
226 73 -7404455431034099429
226 74 -1290664192020102985
226 75 -371219325499624122
226 76 -343868288013296156
226 77 445163564557524054
226 78 4538341672737116787
226 79 -4091860823185049255
226 80 -2880379155250674040
226 81 -2313865387696570736
226 82 8823081247714879855
226 83 -115068683469129572
226 84 -8885167029864520605
226 85 1232380609754906992
226 86 -698383632869990504
226 87 6041532986841594963
226 88 -7314428570184454034
226 89 -6962471182811111026
226 90 646884849780852223
226 91 -4934927085352124322
226 92 6337193525722710630
226 93 620996452637514594
226 94 7356757683409656668
226 95 5272123472865538806
226 96 -1390532069658277078
226 97 1859224943794841772
226 98 4969679192831682795
226 99 9108024680021971324
226 100 4324866200290142575
226 101 -6222245361313226053
226 102 4508569033767915726
226 103 -913496296860452862
226 104 3530592745224734686
226 105 -3634570102669369144
226 106 -7492424560636262763
226 107 649216501371910064
226 108 968768234591012771
226 109 1949380246496278666
226 110 -2632414488798865801
226 111 -4580173576243067945
226 112 -966275983145469645
226 113 -1396335532272088711
226 114 -8011821338471401483
226 115 7909943615481073903
226 116 5556437584785722152
226 117 4243477471493334937
226 118 -9131102928530497997
226 119 -1102952941671494245
226 120 4536770066962780060
226 121 -7298109714684370016
226 122 -222755151119054275
226 123 5305392446033790137
226 124 -3278397165460971569
226 125 238049841139307245
226 126 5977594633303165202
226 127 4382268868976495058
226 128 -4256945330372487932
226 129 -2868241216441669506
226 130 2888008866834659246
226 131 -6547892662854805935
226 132 4838076777393515005
226 133 7674608013351922118
226 134 -5712113836073420450
226 135 -4952747607325203987
226 136 -3007999969111027073
226 137 -8625624073649564439
226 138 -7162924693548277178
226 139 752713097384901012
226 140 -4687115150474022264
226 141 -5079858236073473472
226 142 1241684867019143398
226 143 3689767944517030907
226 144 1175579919275633599
226 145 177437191218304391
226 146 -7804230748338950704
226 147 1071995222335403107
226 148 -6849035421753897627
226 149 -3673936319275266737
226 150 7156080111552198502
226 151 -3212065408622610250
226 152 7352177199437652428
226 153 2220239585748231010
226 154 6565889407933330088
226 155 -3200294336346518020
226 156 3191708984957134626
226 157 6957031259113926076
226 158 -2436318878541865623
226 159 1255155691078282973
226 160 -5849996269427077067
226 161 1951864712917858582
226 162 875095652605676216
226 163 -1808098573044588319
226 164 7801624822256083493
226 165 -1110321262984379981
226 166 6892610737015533747
226 167 7152006724812077569
226 168 8237109446471294569
226 169 1627606561813426831
226 170 -4523181839622950364
226 171 3757002618359417814
226 172 -6344434993544859170
226 173 -1567691625042416354
226 174 -7425961333992413467
226 175 -3621706977680532438
226 176 7809789492790999674
226 177 -766792701532271586
226 178 -5451864872522965901
226 179 -6267708333770966512
226 180 -302373951133141201
226 181 -3506000896744477771
226 182 3708639634285048760
226 183 6316649158038273035
226 184 -6267895458793259137
226 185 -4438191080389286748
226 186 -8025293394517417094
226 187 -4115375552008067579
226 188 8232419277392617459
226 189 -3491581376590002488
226 190 9037020295456840264
226 191 -574686974697249774
226 192 5480156861861809103
226 193 -4046093468891927216
226 194 8664565180995295055
226 195 -5361680398491147674
226 196 -5489623266987372982
226 197 -7412757811115775110
226 198 -3986167154131013533
226 199 5885017815408053475
226 200 -3575444201045611710
226 201 -2693392067929839148
226 202 7720516097889123217
226 203 -146492569935611448
226 204 -2185641760829297600
226 205 -1797701226906193181
226 206 8913890469006270476
226 207 -545369585572912070
226 208 -3928654219261969478
226 209 3320297056471172918
226 210 -6690809525633770672
226 211 -243841458266987921
226 212 5069951279285185676
226 213 -1732716569244537423
226 214 -3254376181899818457
226 215 8135253028434807320
226 216 1467375390492228525
226 217 -6947127312212290872
226 218 -1705117875665909892
226 219 6138166990134686577
226 220 -3400781802712653086
226 221 4881503751491335525
226 222 -6784037696411404689
226 223 -2760682273916465472
226 224 4250708952048631649
226 225 7603873296210474816
226 226 -6941636211704207123
226 227 -3724788736515264129
226 228 -1833656741631763797
226 229 -6446276646250474485
226 230 -3917351317167594843
226 231 -6281115051020490168
226 232 -5153630441274450913
226 233 6702927712593353940
226 234 131413589714212471
226 235 106347070217122806
226 236 5403954098855278617
226 237 4914809827106609452
226 238 4640669327940367176
226 239 -3541252831078268934
226 240 8006596116766847722
226 241 -3623434504656993639
226 242 4669789810932206371
226 243 625225591204697590
226 244 1767776091818685085
226 245 6258832570291631917
226 246 8925080060549584703
226 247 8752351694629610365
226 248 -3056029256720689065
226 249 -148700875734535006
226 250 8652345683821860505
226 251 -5744183754268459372
226 252 7792797105584319827
226 253 3151435148429860677
226 254 -6444838313106727308
226 255 -4775230786326552701
226 256 -6668986813107416296
226 257 1698267884371590370
226 258 -2100603162448522909
226 259 8428752759378645892
226 260 -602651114331986463
226 261 7828086349935490354
226 262 -841537674576953870
226 263 239362883852535920
226 264 4626951286643411105
226 265 7749675521603483805
226 266 -1795282095061995885
226 267 -3908783148367834795
226 268 -95038386217228887
226 269 -5884232893754388496
226 270 8559700307012789464
226 271 -6920116083493141065
226 272 5266736786532855281
226 273 8120037260545318078
226 274 64196237110844983
226 275 463582684281865293
226 276 2303974591050103713
226 277 6670370233525316100
226 278 -1544704728117406611
226 279 3726139142626292490
226 280 221292264851584243
226 281 9159426511215258900
226 282 -6725380802920104859
226 283 3910549635208047778
226 284 -604504098248065093
226 285 -972386840674227072
226 286 4672813950453040511
226 287 2899699603282444154
226 288 7090651024681920040
226 289 8784685055427030191
226 290 -2147275541755061248
226 291 733678446091800202
226 292 -4334220858325514973
226 293 8866660600274695529
226 294 -4192350944387117535
226 295 5737231969483601561
226 296 8582148439106174192
226 297 -7287460547504653520
226 298 6120720706278831745
226 299 -4743331690457660241
226 300 5842234063906072441
226 301 8583578840397844519
226 302 1695451736902357772
226 303 -6252883924664361246
226 304 7543795327140709511
226 305 7236978719845209188
226 306 -4584385070444261691
226 307 -9146111805940583604
226 308 8586104573050489771
226 309 9033718320986152335
226 310 913496680722793964
226 311 -5615414871313100776
226 312 1989640062727995389
226 313 -5499640590032949064
226 314 7216522641146960469
226 315 693225646682706036
226 316 1789647385781043272
226 317 916813912467188151
226 318 6462866810342941844
226 319 -8218528485327210311
226 320 4393274972228588252
226 321 2832106913821842443
226 322 -2860357559427514477
226 323 -7154394926150895557
226 324 6416000839173677621
226 325 -2820213758897679042
226 326 6551633905304417891
226 327 -9098004422801448372
226 328 6801222682284087549
226 329 -6558074178655706108
226 330 -6408472449034219878
226 331 1202265332763204952
226 332 -1597268564811909088
226 333 -545822108811538695
226 334 -1067679251853295488
226 335 6916787853210592626
226 336 -3886988122745278002
226 337 8006314060305080602
226 338 -9206646403515371804
226 339 -5080530329667639044
226 340 1751914788407227310
226 341 2578368610213026367
226 342 2139834651367094828
226 343 -4765792096891179725
226 344 -5314460291733903496
226 345 3978533053638229181
226 346 1414046855628259777
226 347 3900025044101587051
226 348 -3469279315589309069
226 349 7213088772825958375
226 350 183920400474590600
226 351 -9005374887968038627
226 352 4797251024521842812
226 353 -6594353468066959824
226 354 4585068279180112177
226 355 -1506981945686183282
226 356 -7165320663206332170
226 357 4595155570335928960
226 358 -3560955570847094494
226 359 6537917504266817089
226 360 4407250399066657086
226 361 3769469566556294887
226 362 4745614002655565689
226 363 -8304315316556826881
226 364 4048924976305845890
226 365 1648405506072377613
226 366 5253656159936357530
226 367 5860664232370448350
226 368 -4513767131763671223
226 369 -4249412170526540009
226 370 903188963141509698
226 371 4842448864053262923
226 372 -7608043956823944009
226 373 -3038720213363830468
226 374 8573112188488257138
226 375 5772441431113060389
226 376 6412239939871947501
226 377 8571443397636542667
226 378 -6825023203944372559
226 379 -2419815718393266705
226 380 -3935371481780582199
226 381 -1096621133894887846
226 382 7506007554025975269
226 383 8905992011738495174
226 384 1234851804804820968
226 385 -2120325151096629658
226 386 -916910959571244900
226 387 -8131230741628045265
226 388 4613806087175835770
226 389 3624754219663396309
226 390 5590341082255469868
226 391 -5989805589524551566
226 392 8946130128944928779
226 393 8035118440991899697
226 394 1807122428875002408
226 395 5930296534582728083
226 396 -4850364882493142472
226 397 -3728066318487361407
226 398 8577218910689547021
226 399 8628090172202851642
227 0 7924580076592263428
227 1 3786495514337448523
227 2 689937063464027615
227 3 -8790191486105830567
227 4 4032113989625479584
227 5 8147536581563889349
227 6 -6144829711548692015
227 7 451005860788346092
227 8 -6310485286500184281
227 9 -5119405963096593756
227 10 -2733779770333706043
227 11 -2880566303765528667
227 12 8051128241996025120
227 13 4260180598472036189
227 14 -2395159980398164947
227 15 4038131778670386095
227 16 4257675495238773655
227 17 2974976570270621861
227 18 -7904406352612742852
227 19 -1309858242024357996
227 20 -2913671739762282897
227 21 -5681854223417642815
227 22 583766638785543850
227 23 2205505596538656144
227 24 -2795005382827251201
227 25 5756789875641327770
227 26 -4021178517101455589
227 27 -4786619777470105284
227 28 -3953088283898070465
227 29 -3994185348841395321
227 30 -1077839524460252177
227 31 -8075069099055336318
227 32 -742944067197329813
227 33 -39495338961321108
227 34 -6609380094822119890
227 35 -7349990966655574411
227 36 -7804593555394320959
227 37 46234517739509980
227 38 451578399237853256
227 39 -2593406989876007337
227 40 147292040206324467
227 41 3479078420959967209
227 42 -1701338484209059014
227 43 8273085646599256032
227 44 4088019609086334091
227 45 -3730271753830595067
227 46 5627851757840512749
227 47 -2895695634305382363
227 48 8552894996740304017
227 49 -5529230272499840449
227 50 7010503993518042039
227 51 133735713971529536
227 52 -1485881990217336063
227 53 -3470294753077730413
227 54 8617555840490591553
227 55 -6587696975112564835
227 56 -1366604390849132838
227 57 2209193981601055400
227 58 -3089526889757452861
227 59 7634858699147407524
227 60 -8402663269127749945
227 61 -8632417108523992607
227 62 -4612553718406321597
227 63 7427661165065272333
227 64 -8348409668986286177
227 65 -824047190054884687
227 66 2973452138749857910
227 67 8398992826550356785
227 68 5164903807201608480
227 69 -3307043702401417973
227 70 -5818776239052927675
227 71 -3241917963122908184
227 72 886052313879782601
227 73 -6160702004341277312
227 74 -2288501034787032649
227 75 2575615612819914527
227 76 2899836925640686354
227 77 -7119947044276292426
227 78 6057919760747920111
227 79 -5477453854805969930
227 80 -9108206716393682603
227 81 -2193708278531055211
227 82 -73741750628621831
227 83 -7861898321758074201
227 84 735742793466996840
227 85 1117766964646980095
227 86 4229696528037112724
227 87 7174276027855005136
227 88 4258978851651519129
227 89 3374512741885742098
227 90 -8174575953268431909
227 91 8111067463731127006
227 92 9075104954736813652
227 93 -9049842841915399981
227 94 7383830016303626631
227 95 4584032445192043297
227 96 3855346925006635359
227 97 -410700019971698814
227 98 -6336338051529972198
227 99 774045507955929260
227 100 -7465721115695884173
227 101 -1792098896423945810
227 102 -1852000385961993722
227 103 3399557140588032978
227 104 5092247976985450935
227 105 -6641114179118185060
227 106 -8162408021177662284
227 107 -4682595562493447596
227 108 -8465523308806206699
227 109 3088518216535023101
227 110 -563933531240207165
227 111 4965665912861634218
227 112 -5349225440631705379
227 113 -8405776560968845460
227 114 6435686939700671764
227 115 8738967415321327126
227 116 -1302329445228761083
227 117 -7476129107126886266
227 118 -1375089140818419283
227 119 5596440089213621735
227 120 1305702094597891930
227 121 3558734568291975423
227 122 1526882575798320635
227 123 -6748574122606996718
227 124 -3310602485464005510
227 125 -4050477491939657345
227 126 -4807728859690891914
227 127 5799852765828562658
227 128 -4467346631574577179
227 129 -6783743384504757677
227 130 -6993328812433152842
227 131 1574353765466659195
227 132 1131943008565734347
227 133 -8312103532708585220
227 134 270531365098447581
227 135 1300698407731413999
227 136 -1784488366464297968
227 137 -4901350354257582630
227 138 6170253699400567844
227 139 4841895654417106673
227 140 -3797107167699777871
227 141 -3106054097862446345
227 142 7828785976102226843
227 143 7473516756001904319
227 144 1442371625761230606
227 145 6533569351736144116
227 146 -437237210577330139
227 147 -1402879736428692074
227 148 5962771126401569383
227 149 -4176979229636833295
227 150 -7388360053908504007
227 151 -5352362148639931225
227 152 -2122247687126878381
227 153 676887097033777588
227 154 -3323637135038507565
227 155 -5932165981689870437
227 156 -8750966908929803653
227 157 1284755571734628390
227 158 -490285227915495725
227 159 -3059830820742382228
227 160 7622983565550889178
227 161 4747562800496974981
227 162 6440388790286340453
227 163 5739301896722606855
227 164 -95186196046265685
227 165 -7192753604355046402
227 166 7411908858886119265
227 167 -3241554523620090900
227 168 -2791239946451844368
227 169 -4563080923161938868
227 170 -1748904001228873263
227 171 -8321538299094537679
227 172 5738358369399836021
227 173 -4861392614149879897
227 174 5967218704739985113
227 175 -5660294409167088661
227 176 1813800539910848041
227 177 -7419833395564885321
227 178 9103770557773457636
227 179 7506935994245191181
227 180 2394311589927615462
227 181 -6670304903818156079
227 182 -4172921705844475349
227 183 4627431519746527431
227 184 1564819511741497786
227 185 5108561268009131734
227 186 -4252052369722540984
227 187 -5445564792022212923
227 188 1877451091880774657
227 189 2768282707802505953
227 190 -9036345533410895673
227 191 97225666208741817
227 192 3797955982768689463
227 193 2131174846835229605
227 194 9101486596002366464
227 195 5178621255465867518
227 196 3071615369594141802
227 197 1690796512373136718
227 198 -7152251482471957788
227 199 -7189497791697601738
227 200 -7313850190414686476
227 201 1528337884370747785
227 202 1363252875879622527
227 203 -7140228611667688821
227 204 -1081487219587156845
227 205 8193346702782062056
227 206 1059024422896535804
227 207 -4379732574949879537
227 208 2151178057656464734
227 209 6436344072006825329
227 210 -8787140623867163365
227 211 4997001417886632350
227 212 -2313404399936276759
227 213 -5869751781844192880
227 214 2775846831506745512
227 215 1115657654572476823
227 216 -1504759224951471643
227 217 -1188980180286850625
227 218 5105095075744706785
227 219 1708708079969681353
227 220 4309818495520124990
227 221 -8132584192141296902
227 222 -6095131841672979537
227 223 -7336537635561793674
227 224 2837078647309210447
227 225 -9130132355888849824
227 226 2079125482636876329
227 227 -6327942985914198066
227 228 8683419034793559101
227 229 6013821950707798318
227 230 3729543592094379782
227 231 379786919328479772
227 232 5031344460660897829
227 233 -4472320404657044712
227 234 8732378925039726826
227 235 3956817100236040679
227 236 -7117609897602230331
227 237 44343213226051512
227 238 -7089226531875114339
227 239 -6934978270535738330
227 240 -1636704485578954974
227 241 -7799868869843444471
227 242 -1756000997352160923
227 243 -4184653650463806193
227 244 -5470158090435094913
227 245 -1761414720108335308
227 246 2225253690601058614
227 247 -2991548332820918245
227 248 -8024630018640882579
227 249 -4528300776914974075
227 250 -7750291032507860768
227 251 4757350355633596900
227 252 -4153611039296891313
227 253 -8930277229302823186
227 254 1223925930064193491
227 255 8924969277525631094
227 256 -843173585762869681
227 257 527162045678259500
227 258 -2335389523240812480
227 259 -4162910531430196164
227 260 5805267632262363928
227 261 -5084442237277064884
227 262 -7830131200401528171
227 263 -8261922841189084777
227 264 4895616402807035003
227 265 -8701751268297489530
227 266 -7961791253906674856
227 267 -6805811038114587549
227 268 7639780306276614446
227 269 1584385714703138709
227 270 -2682902310933661827
227 271 5472344631333724114
227 272 -6941353282359794475
227 273 1143343354264798800
227 274 -7629210945413140008
227 275 4325688587069794441
227 276 6602881622635987834
227 277 -4275318361225082861
227 278 4608123638379210863
227 279 7098099085482854902
227 280 699405408002058777
227 281 5817061078691950279
227 282 -194718755160247628
227 283 5632599145363147673
227 284 6515666892355103704
227 285 -3630726847027089939
227 286 -71853594936913912
227 287 -2521754820304427684
227 288 -7726607682598024220
227 289 2040780598897557833
227 290 5771422355025910884
227 291 1904910062220173429
227 292 -100393980806106955
227 293 6891117862607590286
227 294 -8063295841869881402
227 295 6429137832722370519
227 296 -1175283017630609930
227 297 -8785733205327692019
227 298 -4133604128926171078
227 299 -1752763148974165623
227 300 6766785473959419233
227 301 -8254080879258830260
227 302 -4796302648223938324
227 303 -437719297623192827
227 304 -8045234791279166918
227 305 323375324944458443
227 306 1379505642970769561
227 307 -6596111100652653844
227 308 5828859709314743951
227 309 5718086693968624596
227 310 -8380952396816746340
227 311 2272211924930398753
227 312 1707027262283685797
227 313 966868816316292048
227 314 2036864243306139407
227 315 -4752779486466283032
227 316 -6939900429196863912
227 317 -4199632388059606699
227 318 -7066917491270667033
227 319 1722625539038587853
227 320 2011905398343580970
227 321 8774026848148968474
227 322 -1880160952436413556
227 323 -4662388067158101548
227 324 3403510210527835412
227 325 3336385066527966404
227 326 8661344626021129427
227 327 -1908864470599422458
227 328 121427967231231865
227 329 346718987839601068
227 330 6463181197933597198
227 331 7791055744511446153
227 332 7457476472950878314
227 333 -4422645113070322399
227 334 -4039772939066241351
227 335 2742384666549318681
227 336 6149107937591767412
227 337 3259870577552456406
227 338 2539256474922592992
227 339 -4089130755100618038
227 340 1967735067176370997
227 341 -862746398809230014
227 342 5152001415121835704
227 343 -4105396557400139676
227 344 5642106295135590948
227 345 -457592231193328032
227 346 6787379520790772353
227 347 8703342304660680888
227 348 -5575766761004608870
227 349 -439092877137729764
227 350 5538636885062623560
227 351 193831535179759658
227 352 -8647341727532668547
227 353 -6055576240825048621
227 354 -1653345920089375053
227 355 8285343252009157466
227 356 3014102722689446410
227 357 -8860540518945935866
227 358 1997208944365574615
227 359 7322503129727531770
227 360 5465843493659538961
227 361 7282184088913936334
227 362 -409822648775160003
227 363 -4616300010664443165
227 364 -3088100786568169881
227 365 -4854361719231397336
227 366 -7596141068322619665
227 367 711412780329748442
227 368 -6701983267462887030
227 369 -584801269264816061
227 370 7107894611117615246
227 371 2464746929222198775
227 372 -8348896537092578882
227 373 -2504002298724945476
227 374 -5495058043905777567
227 375 5125639153089572477
227 376 1242694622993731665
227 377 -2566418304038963077
227 378 320888809279192263
227 379 578908263208258371
227 380 -5627722429672312875
227 381 -1005037674717674727
227 382 -5263847976061065769
227 383 3628208874154365592
227 384 -6428067439333278831
227 385 115684304948065313
227 386 -3512016544614128158
227 387 5896968276030246542
227 388 -36978552673550453
227 389 -3366825640993893663
227 390 -5640370273618524805
227 391 -2992487188712776018
227 392 -5176272998843479520
227 393 4753858569933870585
227 394 -1699652972352640826
227 395 7047825086042523357
227 396 8722382596398152313
227 397 -7450336086099092871
227 398 2817072864457632501
227 399 6584826599771465436
228 0 -4426870243795942583
228 1 -4485258028382176828
228 2 9053024660478923992
228 3 3823611456006318795
228 4 -3275119264874190511
228 5 -2817568408855988636
228 6 2405366137597637382
228 7 -6940596055734707657
228 8 7709838631423742000
228 9 8262547838782778856
228 10 -4500512973725914342
228 11 2360226628201917584
228 12 2314431867339286258
228 13 -8479470544638191808
228 14 -5935205792330500935
228 15 -6489732313102009366
228 16 -1953886029309682992
228 17 -6143844363924802739
228 18 7068422929407250472
228 19 -7915265886214042450
228 20 6973182076920336203
228 21 -1039867421104519325
228 22 4472659567984603469
228 23 5256096423782523502
228 24 -7646126373821711957
228 25 -495787606336704475
228 26 -8919527569628453622
228 27 6535475552732584113
228 28 7199394517631641569
228 29 4157827724920022054
228 30 -5317646790202397125
228 31 6016353936585275235
228 32 -3285819194078434670
228 33 -5488626460827161932
228 34 -8534521883247105528
228 35 -4289739020950962145
228 36 -1478296304772549165
228 37 -7720842169077210701
228 38 6724343514304990669
228 39 -5722497805245651413
228 40 335655194279029204
228 41 -7391350267680848518
228 42 7937627720133785074
228 43 4904946064861289287
228 44 1894776164788713618
228 45 1590168784667057843
228 46 5491867811724174033
228 47 -4418678473582413799
228 48 3676356100053672483
228 49 -9016867965577400348
228 50 4938607495751118492
228 51 4698732806589520416
228 52 7498516679532576718
228 53 2100607624989584366
228 54 -1365364164253486877
228 55 648518295290116898
228 56 -589765838824524240
228 57 -8443229664788263441
228 58 -7734337196693538828
228 59 4077941287442960149
228 60 -1496292488681667834
228 61 4921370004278865574
228 62 -4959170080486089964
228 63 3633729135739264623
228 64 8197177011397966875
228 65 3377641645740729207
228 66 1429726544915804581
228 67 8230160086258535113
228 68 -9208808019947321703
228 69 -6005451646236953189
228 70 -5717106680612172370
228 71 3620181947572688603
228 72 -3070629681954534146
228 73 -8545314862706381465
228 74 5109909322796659917
228 75 5542130164689173389
228 76 -8346239664187225013
228 77 -6765150976912466223
228 78 3980872271657472565
228 79 -5661041682576579696
228 80 -8590092686284450365
228 81 -6786265596449427554
228 82 -3318079617380586194
228 83 4105997190247254603
228 84 -167482518742537012
228 85 4641337276054023472
228 86 4754264392426891463
228 87 3204881780266869218
228 88 -2412176916054278465
228 89 -271461197005560230
228 90 -7730573329976609331
228 91 -251315849945763834
228 92 4284118963571450766
228 93 3178317511063966000
228 94 7492653488293137528
228 95 1613318851686044713
228 96 -8113348770792005888
228 97 595001866702031847
228 98 2312161380883512535
228 99 388584249592565974
228 100 1770712454383306836
228 101 8655894286825984100
228 102 5560256315252072613
228 103 -668160585624195608
228 104 3925812427514383935
228 105 -2754774278617428890
228 106 402948577810759073
228 107 -7649872751699954010
228 108 3566944620261764276
228 109 1663222889703523332
228 110 -6642397613581547814
228 111 3276507748065735053
228 112 254780734293879576
228 113 -8624499419652678082
228 114 7258844788225593855
228 115 -4873938456507046685
228 116 2927499377863589569
228 117 -7289719865387834592
228 118 -5507055003914125962
228 119 8262185262916604201
228 120 6755972752732202876
228 121 1585737028765785165
228 122 -7781879443429072881
228 123 -1709310438952446367
228 124 37703180090760616
228 125 -5144308268196723942
228 126 5188461070702953030
228 127 1982118640737917253
228 128 1880033089702176136
228 129 1329292769182413476
228 130 7082782841988703779
228 131 -4018942398356658471
228 132 -7928733018727974664
228 133 450887999273418795
228 134 -433798472126890795
228 135 -2708888100163977048
228 136 8631350212157293019
228 137 1321137990646621048
228 138 -6685870761944497778
228 139 -3425973439181071369
228 140 -490666859183675431
228 141 -8823298299860713597
228 142 -7617199732836327340
228 143 4981702092449583243
228 144 -3013674079746034294
228 145 836384728891613874
228 146 3244353881583057124
228 147 7677572609725107342
228 148 -9006131518826651667
228 149 -7862712641664694878
228 150 -8023615320071007598
228 151 6164403652577238457
228 152 -4984467510341120678
228 153 -632448038492875687
228 154 4099604552215098311
228 155 -5038857504183922728
228 156 7738283990030859849
228 157 -5540485939567995608
228 158 -7166387556585845685
228 159 -3919518305587459093
228 160 823108211251383255
228 161 -2055850554433924905
228 162 5834846000575630183
228 163 -3413713924591168508
228 164 -8792377693697217763
228 165 4529043402253764913
228 166 5951872458229617898
228 167 -6028198904211493977
228 168 -9052454006643305307
228 169 -3419716277055543650
228 170 -8410913235327937770
228 171 -7701803254826585034
228 172 -7058487715979518893
228 173 8587971607490927919
228 174 -4760133442986386891
228 175 8523068378982655072
228 176 -5626151369102079453
228 177 5441582661826226833
228 178 -844575398142034458
228 179 3034850019873937417
228 180 -2938781335166814790
228 181 1507879394923480776
228 182 4234136622787731680
228 183 3399139770889010328
228 184 471559389685117995
228 185 -7458500573250033491
228 186 -2791121723837441092
228 187 1661529008708401392
228 188 -310307526081172055
228 189 -2322016948223599453
228 190 6043122011885418030
228 191 -4666076892290068182
228 192 -5760771212929817435
228 193 -5631815305941571232
228 194 -3787376432352608655
228 195 -341167602451129804
228 196 1074583739215541468
228 197 3032464252852552028
228 198 8657923528461764776
228 199 1008509409344884870
228 200 7149655070409558025
228 201 -8162763740716333024
228 202 -7748984759427934396
228 203 9105623022792372768
228 204 2762853377258420760
228 205 -7431486605660994974
228 206 5082958516635348485
228 207 5376695037118373062
228 208 -5815967530903452002
228 209 -5520669217056795956
228 210 -5048891007613699447
228 211 -8413136499647935162
228 212 8059423443376719845
228 213 7334753155027931739
228 214 3795849505418386757
228 215 1928117998024018118
228 216 1156980518094704030
228 217 -8068816301103037044
228 218 -5867378793529328494
228 219 5776921977642598946
228 220 -3349062256291949419
228 221 629890328927344441
228 222 -8768245027984843062
228 223 -6649691534861655528
228 224 -633108295822555518
228 225 8134455805202643958
228 226 -8750823648453589612
228 227 -3841124242755877711
228 228 3334003716023290808
228 229 5415486249151906711
228 230 -6790073160752544669
228 231 1905518888586455317
228 232 -7018812956803485388
228 233 -4314196507975474320
228 234 5629660769659040471
228 235 5312180953606115699
228 236 8474044052804852865
228 237 2831309612891549085
228 238 3917003885848646219
228 239 8000475724542939307
228 240 -3801731383339146491
228 241 741176759454170137
228 242 -4772926873336509711
228 243 -3318618934722682032
228 244 -2961758383112193677
228 245 -5085174683337445224
228 246 3604625327617886760
228 247 3214082771034004614
228 248 -2179010776163682151
228 249 -4351242579298641185
228 250 2281306268390024400
228 251 -6391184020727711243
228 252 6282737380349433602
228 253 6933962290952179742
228 254 3687294331537708937
228 255 2212033025168306019
228 256 -4077027066541943145
228 257 -1468291465806488418
228 258 8507766002668968721
228 259 -2106580616773133410
228 260 2910245492568493444
228 261 -3757273480106596205
228 262 2616951420578130475
228 263 -3320074100232790463
228 264 6634564891600533705
228 265 1306672821783464050
228 266 -1904835269035705681
228 267 -6447064494754749398
228 268 -2679094247366393755
228 269 -3893891245538381612
228 270 1771443636148046475
228 271 -3043546830674635550
228 272 1486217739555156288
228 273 3135815463360764
228 274 205049577095452292
228 275 6293014651042361674
228 276 -5900842672721142580
228 277 -6973310950958471029
228 278 2529003150687364862
228 279 -5961548035897089781
228 280 -4265002648337261207
228 281 6168934554374384637
228 282 -1006728257330709049
228 283 -4434301587161155303
228 284 -2051609213145815787
228 285 -3463599412724434648
228 286 -6020693185645214940
228 287 3497237883342167785
228 288 3355888127220794284
228 289 293657518212218664
228 290 6264313347338685554
228 291 6973574088987685780
228 292 6379490092238823345
228 293 1596757882538115204
228 294 4145538390144844329
228 295 7832206953170911223
228 296 321599443231654542
228 297 -140666415047633236
228 298 1823077641342110113
228 299 -7101666909778574642
228 300 5740565814813955516
228 301 8676096951420791201
228 302 2479979347382613416
228 303 6248777169188193235
228 304 6193433656522765491
228 305 1360088297230486723
228 306 8057954071929252274
228 307 -536313505732790878
228 308 -8539332829246103459
228 309 7107406259035006338
228 310 6969118345072397459
228 311 8487954951929473829
228 312 8266441089954224915
228 313 2478463025825616851
228 314 -8106357327616547575
228 315 -8703680460678852524
228 316 1552895070891274555
228 317 -1832137915356013827
228 318 -4836989521955333838
228 319 -6008024707552632080
228 320 3487375512350152473
228 321 -2766871764004184002
228 322 -7340070728521145807
228 323 5602718338016733994
228 324 -7684191571045554704
228 325 -8211208957912262315
228 326 -2753032766807077283
228 327 7915460175051221402
228 328 -384319612768517646
228 329 -1262387172827493937
228 330 7829936078269103802
228 331 -7287855315609497920
228 332 -7539259471886827351
228 333 6688340719332838803
228 334 7222670114934129211
228 335 -5611682911268175152
228 336 2072027820954220768
228 337 5139149831092916297
228 338 -934113147606081217
228 339 4268914193138789073
228 340 -2039646180016513929
228 341 6804647574480370969
228 342 8843627320099572133
228 343 -5261674673401416662
228 344 -8093616244350324296
228 345 4076076659687945322
228 346 8757987339243921628
228 347 -3456523767480443504
228 348 8868214456781217636
228 349 7278407882432341219
228 350 -6697800077046704611
228 351 1151558523619295154
228 352 2024017708819576870
228 353 -5655881946559019107
228 354 5157756739508618091
228 355 -8669430513291585110
228 356 4454078532611801051
228 357 4310609791032371183
228 358 -2518158552462519110
228 359 -4649837189264647293
228 360 -300424951793668663
228 361 -5022306311226243598
228 362 2624816037035981945
228 363 4317775392410710312
228 364 3711998516368897472
228 365 -5306018887909018402
228 366 4637184637026167066
228 367 1041995888858440430
228 368 5802616432351446575
228 369 5146262091273294346
228 370 -313421845766173293
228 371 9043233162248533239
228 372 6572902121817466280
228 373 3064171848430503732
228 374 6538497834401514024
228 375 680050719643159475
228 376 1430983587772409286
228 377 1734743596795560605
228 378 7903411709841612600
228 379 -1599903803091497217
228 380 4207342515707777935
228 381 5734049452653643426
228 382 -1647587389701490586
228 383 4858887584071782936
228 384 1648817157842398105
228 385 8444192273414186783
228 386 -4593565699305500596
228 387 -4416787733723317798
228 388 -3324865917075629451
228 389 -4882846515189695403
228 390 2743926267031047614
228 391 -7943465404643946112
228 392 2560451805122486964
228 393 -2991997646779683432
228 394 -9005854797845872678
228 395 -2739286298939573792
228 396 -8932984903972037486
228 397 1177709558981551903
228 398 -9140165793558534667
228 399 -3784834475227422546
229 0 8372407808803823840
229 1 -7463607906812313248
229 2 746809103488431829
229 3 -5875483822827199718
229 4 401603930351011660
229 5 988427922814600947
229 6 -1786115372570422361
229 7 -5594081155988839068
229 8 5990898691757593647
229 9 8597060824604360305
229 10 -3933752835515665326
229 11 7784501464694338332
229 12 -450008321100943845
229 13 -2000857262963844437
229 14 7401165348952574314
229 15 -8615527103552086230
229 16 -8545355053807669560
229 17 -4858830968645436997
229 18 8452592930917431124
229 19 4691870034566643180
229 20 5415890192010079771
229 21 -3219173310974462020
229 22 -3242523694745140801
229 23 7798283541706801039
229 24 8880684676746482707
229 25 -2008320182010885490
229 26 -7100829240424578628
229 27 -5191791135561993527
229 28 -7023540467732159308
229 29 -4803132872187488069
229 30 3517656039920058872
229 31 8176383304718910972
229 32 8544729781850470103
229 33 6044199669909705627
229 34 2529523320831739615
229 35 -1994798535261308938
229 36 2715048691753060934
229 37 -2306477768905700053
229 38 -614268433819737779
229 39 -723089403909796846
229 40 -9056087348447612912
229 41 6464882258148109021
229 42 -8983222129248350237
229 43 -2604480149078008898
229 44 -2652725925497786737
229 45 3580824212590142809
229 46 -1476620721762576880
229 47 4210787867348893208
229 48 -7740426086850667328
229 49 -2975609451679995771
229 50 -2023543471941880334
229 51 -3348276104871562157
229 52 -7484099856661862627
229 53 -5049246922120933086
229 54 -7032044345582447165
229 55 3612850620360430546
229 56 -501710588609117438
229 57 4317441463874923239
229 58 7291961074296744520
229 59 5897922072033510028
229 60 7131596472160665704
229 61 -4182505920109217488
229 62 461731625834926278
229 63 -1376965978811284525
229 64 -1883898572535970656
229 65 3591361406215088169
229 66 -6300315727570136076
229 67 -8161761684688804998
229 68 2377366582075762481
229 69 -5919300405837841959
229 70 2168530939632879404
229 71 2080781147425050867
229 72 1792684878123334342
229 73 -5247353625758307005
229 74 6004922152642084493
229 75 3621235889826781491
229 76 7440923285969005543
229 77 4837826561501568131
229 78 -3578550854759451919
229 79 3752416181093048777
229 80 7330116121447670692
229 81 3855960935808128984
229 82 -1094883649729475093
229 83 3789898661636419662
229 84 -4548705092478982545
229 85 -4421597688438811530
229 86 5333931033322222854
229 87 -3361615464035370850
229 88 1543863779841228912
229 89 7106450153944406075
229 90 -2237027485405141997
229 91 -2024180603920082689
229 92 -1814659162134145318
229 93 8947210794881875244
229 94 -858842261450739978
229 95 1859575492694003680
229 96 -8300940620678678752
229 97 7704640480088415098
229 98 4734255389912667296
229 99 8270255364069789033
229 100 -7255039355642990143
229 101 2375453431730121854
229 102 2014472024120100539
229 103 -1949286390588488669
229 104 -5844163556013286771
229 105 6504369829808183887
229 106 -7939622036409948812
229 107 -1902941891580736898
229 108 3126287500203945083
229 109 -4368418755114927974
229 110 -4325791561561082515
229 111 906638483351634779
229 112 2559575694636233739
229 113 1328236294575957713
229 114 8163040352517160972
229 115 -4192036196782168928
229 116 -2328339959302629357
229 117 8229160669076408410
229 118 -58896530702843099
229 119 5550303223468336367
229 120 364749293056675701
229 121 -3468008103195685776
229 122 535024185962662781
229 123 -7182759332285092734
229 124 8321332318422643650
229 125 -1356936039618198296
229 126 773383068566108731
229 127 -8727308576156270097
229 128 72313867681306248
229 129 -6901279059645738035
229 130 3680258155494666905
229 131 3114561516949552172
229 132 2698512684376782932
229 133 -9184308354095653697
229 134 -3916707958854474265
229 135 -2980428677833464069
229 136 6837502056107505537
229 137 -1659685535122439534
229 138 1194811657552773218
229 139 3664002855526808331
229 140 4019144082800593437
229 141 -7787392909179714473
229 142 2807886892296568294
229 143 -5441473425930463506
229 144 -1877905822836646965
229 145 2915014303647419798
229 146 -8974455598759272957
229 147 8984297545442633647
229 148 1823850257226789024
229 149 -5800126601710602736
229 150 -7929698528288402760
229 151 3328531886777228048
229 152 9131720075949052215
229 153 954349516942343027
229 154 -5936970721615712515
229 155 -4633663823195256083
229 156 -5782307538231522783
229 157 -74217503872841822
229 158 -6505084903013724815
229 159 2246862580280763165
229 160 -1402336970896559020
229 161 73683182130428771
229 162 -1381047995996039176
229 163 -3194816969961691754
229 164 1617635029968405305
229 165 -487390566965375087
229 166 544837920618285024
229 167 -1413612433658537360
229 168 -1822732047459123921
229 169 8018982559773586788
229 170 -6472241592564339719
229 171 -8383702693545525032
229 172 5046091795168091388
229 173 -8699668090307642130
229 174 1971431892489861238
229 175 8353600557344310724
229 176 5244467493347189565
229 177 4123186020975969350
229 178 -4602034788454398246
229 179 5453788664885031465
229 180 -1821994935249057504
229 181 -2012805784183889760
229 182 -4383601385004717960
229 183 5304752316923340068
229 184 3353371009887235688
229 185 -5214983728094809747
229 186 -6662131750268840477
229 187 99973584430571078
229 188 3767849605545120108
229 189 -8805160027933233811
229 190 4805785512330701687
229 191 6571974526562057091
229 192 8635831901331760380
229 193 4538102004646693552
229 194 -4763265341070823717
229 195 -5372402850484283229
229 196 1311336076993769381
229 197 -5616196217093232184
229 198 5008969865655464071
229 199 -4243250483819162372
229 200 4374145992218819778
229 201 -8454755542374585414
229 202 -1642020576991636201
229 203 -509963673659913861
229 204 8915351627443781135
229 205 -7291359338315023933
229 206 -3439460993877303314
229 207 -7170479778697131372
229 208 7973236581849343067
229 209 -3467391378777514525
229 210 -5713315904780748916
229 211 -7699834329042358314
229 212 -4720602529290350311
229 213 7470227459103551717
229 214 -405084611692405727
229 215 -3996659302837562970
229 216 2343012908149734334
229 217 -29237550719806146
229 218 4250657364001659266
229 219 -531473254554716306
229 220 -6423691282371531473
229 221 -2726762708254175516
229 222 -1686218778932667863
229 223 -1731114621638514504
229 224 -999430506806280183
229 225 -7429497253683541345
229 226 2861186814265999048
229 227 8782958429092650563
229 228 -4818481232850005106
229 229 3426166459421617014
229 230 -1338054742803467382
229 231 8510815046398235044
229 232 5488494683555456903
229 233 6534604283256331954
229 234 3700567487473870159
229 235 7261656721953751892
229 236 8449999171665583481
229 237 4671803260959199234
229 238 3050780154178931312
229 239 -7464795782805782735
229 240 -5380340143803263569
229 241 -2198060995568179900
229 242 -4441465698259939667
229 243 -1088495751215916203
229 244 3616817538202667026
229 245 198764791228939573
229 246 984902863093908588
229 247 -8286358260885969466
229 248 -374939087408238946
229 249 -5981891517106337052
229 250 -7839531545474547490
229 251 -1040779596866256975
229 252 -1300699229367365269
229 253 8057646874974340691
229 254 3187080809002160524
229 255 -3079566692659947902
229 256 5864770600342885002
229 257 8292195232583611034
229 258 1262153498247056636
229 259 -3774753315911527414
229 260 -5529206285244099392
229 261 -3278873799933942333
229 262 -1569338854431768172
229 263 7539969449139138457
229 264 793881247191139466
229 265 -3486599766031297848
229 266 -8385130248617647288
229 267 -6182180145347958571
229 268 6095146488683518629
229 269 -6972653414067227186
229 270 -2463773602634338399
229 271 -3510680883505256062
229 272 -1517189700424832077
229 273 -4602740095674139060
229 274 332200198618277769
229 275 -3492193335452400078
229 276 -6554886331885996540
229 277 3844800152393139277
229 278 949193963133292263
229 279 1871374693878228399
229 280 2474260780608004751
229 281 7030129532499845273
229 282 1828186550709050115
229 283 -2510600315612652699
229 284 -7196963673191784421
229 285 -5769420776352393683
229 286 -5537302469012876953
229 287 -6422802518862483604
229 288 4508217530472654084
229 289 -4093827721745975454
229 290 259081500585019669
229 291 6686215213009988831
229 292 7962997969783734228
229 293 1771780850278900679
229 294 -4154736106949747315
229 295 4813146746786332573
229 296 30191784915053845
229 297 4051247109555006545
229 298 8331816929779460778
229 299 -2673737337979922177
229 300 -6037916371904957162
229 301 4344343996749954512
229 302 4027120623924670533
229 303 2042904810637738874
229 304 -6675729975310360554
229 305 -3970201327363734843
229 306 2495299132144954791
229 307 -5302561636541649771
229 308 -6412079971212781509
229 309 -3753834957886236204
229 310 1843395869861369952
229 311 -452881552308774942
229 312 7520879958422398336
229 313 1540920248999969041
229 314 7825652945051663890
229 315 -5008233746493664711
229 316 -8468064246227802028
229 317 -8626544979177643837
229 318 3527427970550822283
229 319 6709142014318955150
229 320 -5304816848768181956
229 321 -2487625260378331066
229 322 -7792961011116358992
229 323 -2963732192201482397
229 324 9069799842151187394
229 325 -7714938225420540672
229 326 835731879187268576
229 327 -1631863557956766268
229 328 -1890765483773495259
229 329 3986669513292513876
229 330 -8990322174677198263
229 331 -6906420466229940873
229 332 -2891273415454204857
229 333 -3998311964001257009
229 334 5618574827953796940
229 335 -7951695148946820359
229 336 -1343308235175426687
229 337 1126568535602550418
229 338 4006690113830667045
229 339 5309722387374422541
229 340 -3875612070489270811
229 341 5435934522740128141
229 342 484424290855071127
229 343 -1754779742938013951
229 344 1286799332798939734
229 345 3879768031284999859
229 346 2500377973529839926
229 347 -5948200979808047623
229 348 -167515484928575480
229 349 -6840495205991142147
229 350 8727157084455182016
229 351 -5633018784433376578
229 352 2976853783578651261
229 353 6813444562244956391
229 354 3068685055643920207
229 355 -8273957088385129021
229 356 -1353445321777167852
229 357 -3953871652557511730
229 358 -7022227639827408884
229 359 4971548276780206777
229 360 3530819423658925440
229 361 -3108239630013399208
229 362 -367185118053467678
229 363 6603831893650320350
229 364 -7262818239955639141
229 365 -6191011410547358694
229 366 4774680283319500805
229 367 -4801989543909845227
229 368 -438132513340981347
229 369 7669537245690960242
229 370 630415994231381719
229 371 4575000994189568844
229 372 845950381398728471
229 373 -1801108933923466799
229 374 -1606621482433500936
229 375 4127050574463469779
229 376 4445134077444398609
229 377 -1812695331293337406
229 378 -4046261550235186203
229 379 -7103838580665890299
229 380 6677353995998003645
229 381 8475773052863927018
229 382 -1495858781597579311
229 383 2089830947113680379
229 384 8202270739432691219
229 385 -6174181806422685137
229 386 2456352959044160708
229 387 3926305457822205356
229 388 7062707133517187327
229 389 6397746860560203049
229 390 6292467253018711745
229 391 -5406004841335140056
229 392 -1457378888111021119
229 393 -1663871404873732863
229 394 7262561987544686437
229 395 17508272149177461
229 396 -5334535037391364131
229 397 -4781341079762433984
229 398 -7001277947996714019
229 399 -7429896572349968975
230 0 531683342341712480
230 1 5691793043032139307
230 2 -2084503311418864294
230 3 2814877401791306947
230 4 -5088438639025181756
230 5 -6745990649456162777
230 6 7155853055966061279
230 7 -4589985713807803434
230 8 3871270006003890540
230 9 3848341150202481316
230 10 1446815696083951281
230 11 -1075998786972884611
230 12 3722934440994528710
230 13 -5522933181053802050
230 14 889226123648210388
230 15 5540383873742747123
230 16 4313578878398372372
230 17 -2260104394223284663
230 18 -2351649207986746218
230 19 2177467052658881038
230 20 4669144483633777924
230 21 473571165344612522
230 22 7840672082443968874
230 23 8954743195575814659
230 24 136867219266243165
230 25 5376197056216489843
230 26 8681114764479550061
230 27 8094118219738715031
230 28 5880211882181207582
230 29 -729442936477867277
230 30 4471640294166327552
230 31 7708677233393606098
230 32 6803056118062526904
230 33 5921097114696606481
230 34 4036709066789617308
230 35 5216952097817463351
230 36 -8223294508046664205
230 37 6729185270087871842
230 38 -8178688589765085864
230 39 5744061762014828219
230 40 104109615579521357
230 41 5580626384641089014
230 42 5539028668936386053
230 43 6920118267651771167
230 44 536604687897799617
230 45 -6755462000179817440
230 46 -4819333026275316919
230 47 -8414982760609888979
230 48 3771854962211754670
230 49 -2690862244351507625
230 50 -4027633211112971116
230 51 5895817966962714002
230 52 -3117310188848240051
230 53 6815568134374657632
230 54 -3038882887821472292
230 55 -7946721933178842360
230 56 -7972102586239438831
230 57 3442337669890855799
230 58 1806830876829745645
230 59 7034024538705404297
230 60 7753511389961064457
230 61 -8130533262173228515
230 62 7346104875091905790
230 63 -8267382543627235319
230 64 8782931317395413473
230 65 -165926933112731720
230 66 7967957962650644657
230 67 3886009517920574249
230 68 -4695933680585607527
230 69 -3215897244750323044
230 70 -3192383493080553925
230 71 5386939513600187682
230 72 1204705602225390980
230 73 8625944375836656966
230 74 -8601195619147643670
230 75 -2335898412903890742
230 76 -530761125066409748
230 77 3522983088497240769
230 78 -7499525158890613745
230 79 7164919266235495178
230 80 7287873684294137121
230 81 -1041665234525542473
230 82 2467623162547476398
230 83 -5057466389612522853
230 84 -7110981339456948380
230 85 4131987074479671687
230 86 -3946983437428820085
230 87 6498389345662048730
230 88 -1110414861023431605
230 89 -7344911183095672502
230 90 -6169337642713110942
230 91 -1680024721564258714
230 92 -6454630731371700794
230 93 9061415345952219783
230 94 5863805555067436693
230 95 -7842027179441759401
230 96 -2734665796393872869
230 97 -8556222957025859973
230 98 -4304681724019556702
230 99 -7767161986299975387
230 100 -7810316632198686338
230 101 -2367563016269043025
230 102 5033572401145142271
230 103 231131774703748470
230 104 411805483018572097
230 105 1649560355236792670
230 106 1853520382387305473
230 107 -8131104484062831106
230 108 1735789617147661660
230 109 4742784244175678
230 110 -4315240377132997396
230 111 5655589904513921287
230 112 1792268865781230110
230 113 8549440643036722889
230 114 -4202891645298367191
230 115 7531097799688247508
230 116 2574123302241268739
230 117 2385649048333478129
230 118 -5213746485786356869
230 119 4204169798545491388
230 120 -8296151006905207959
230 121 7667994631546878587
230 122 5344740967319644106
230 123 5245284313148639600
230 124 -2748306082230078839
230 125 -1805992201002880002
230 126 3660604069062046435
230 127 6832496781715266774
230 128 -1466395986841030141
230 129 -904271156297457641
230 130 -7054679008270889219
230 131 5186911386927923305
230 132 -4259546344063627924
230 133 4856916219038620989
230 134 -848868389602275241
230 135 8472951953403675398
230 136 3986004922437572267
230 137 6929300614998763760
230 138 -4737978349737917198
230 139 5014665690390631563
230 140 5463786550644100956
230 141 1967874032828809468
230 142 612373661058002945
230 143 9134268969534662027
230 144 4312166233578465777
230 145 6405454032004053859
230 146 -5122954075704197023
230 147 6168102323636294959
230 148 2091577544065835679
230 149 -8596174437655620700
230 150 4669836136092034155
230 151 -592986351376258294
230 152 -5513090005004135596
230 153 1150903978972195196
230 154 8355720231277725628
230 155 -8290207902562749264
230 156 -8504608533204473810
230 157 -1457743639854650559
230 158 -1798932492399466061
230 159 -252737467606476864
230 160 148972859715714443
230 161 -626664832055825369
230 162 -1069712802312561859
230 163 -1326448315033218372
230 164 -908327764637959885
230 165 4259531756792004007
230 166 -7233362533015889444
230 167 -8607186087209752011
230 168 -2660152315983517721
230 169 5547172020019135907
230 170 -4476805162539065395
230 171 256964198282494475
230 172 7629250939275958183
230 173 -6918683921442604101
230 174 4684083827468859804
230 175 -1617598730684470745
230 176 -4408345898291317164
230 177 -6609947977767938710
230 178 4135574956089284545
230 179 -5530425771811975800
230 180 7698558348044283977
230 181 2972706808762048662
230 182 -2632608355058678144
230 183 -8208311932805938485
230 184 -8340989286987048963
230 185 -825174674937375748
230 186 -3681338422896571608
230 187 -2313964255782675695
230 188 6932153775932737899
230 189 3591429035274107489
230 190 8480192404385224664
230 191 -7505677024571146165
230 192 -2765015981774652068
230 193 -6474188362318684976
230 194 2601470854526258468
230 195 -5207214211461593700
230 196 -1261056931703092567
230 197 -5419058037009123936
230 198 5288161119746665072
230 199 -3924940071035975570
230 200 -5036668235005817955
230 201 3975612523652232240
230 202 1913926105107552
230 203 9051113766043302874
230 204 -2799803678959412720
230 205 -2469664678655367758
230 206 6322634483431467622
230 207 -4071110173222176439
230 208 -62648123947313790
230 209 -9106511229806519111
230 210 -7022058705369379921
230 211 -2791674539792757535
230 212 -7427127415456432854
230 213 7736228960975671099
230 214 4346641477255717970
230 215 7468585016898177828
230 216 3059756133170376488
230 217 -7894832434670105285
230 218 2730584533767879562
230 219 5331454427532421527
230 220 -4926787509645172501
230 221 5758164051466447309
230 222 -5320956066854345074
230 223 5023035661772774087
230 224 -4324723667576989671
230 225 7611916708112241777
230 226 -970377286207388957
230 227 1270184404776299027
230 228 -5909335057751613446
230 229 7260906836830216339
230 230 -6702334450957739252
230 231 -6213468466531813891
230 232 600811324554643053
230 233 -7269154867642288615
230 234 -5865820515106703374
230 235 3683253542760468110
230 236 431065039234773590
230 237 -3574614819921346713
230 238 8353141849447451244
230 239 -7968415701276870902
230 240 -1161637837019407091
230 241 -384280172887704296
230 242 852437768371966552
230 243 1878120557127595262
230 244 1174078936708242487
230 245 -7828125163755461250
230 246 -5701465985967870510
230 247 -4481516942511765217
230 248 -8817188375441723186
230 249 1870787874018898726
230 250 -4494404591523652412
230 251 466513659531021186
230 252 4973345561328864675
230 253 3169959360592727088
230 254 -8041418898547203441
230 255 -780638690351421431
230 256 -7389222580592853899
230 257 3950468019916165648
230 258 8289355319214063529
230 259 1200419840759117185
230 260 -1054669616393170573
230 261 -724569569190319740
230 262 -6418343692703323906
230 263 5501096412850638474
230 264 4734773877540197295
230 265 3963041216725427325
230 266 -7722344908885767741
230 267 7981395509428858460
230 268 6705071124276458782
230 269 -8659622108683925109
230 270 1660951541071275450
230 271 -2425053230548998740
230 272 -7720723472978808462
230 273 -6197452593200663201
230 274 9026846682316405904
230 275 -2308021793808329569
230 276 -7384334742697178936
230 277 -6466437622097103906
230 278 -3548753773166014044
230 279 6727958364586255787
230 280 1144122992687467491
230 281 1367843411682765774
230 282 1825337179101967055
230 283 -6508198553025978820
230 284 6907407127588970266
230 285 -9191275131950527372
230 286 -6234842632354314154
230 287 4730754939124898347
230 288 1108860940094871328
230 289 4809772124756228072
230 290 7136335449987860486
230 291 8130913058659146586
230 292 -2016083782809866907
230 293 8690637354546328446
230 294 1679085992724264823
230 295 1513637153817360745
230 296 -8959974018205711778
230 297 1947403572347732758
230 298 3058065197728610486
230 299 -3017416830534729736
230 300 6718435329105104020
230 301 8495572689202554049
230 302 -3929490237340994403
230 303 4202432764357959985
230 304 -3181387720096689712
230 305 4946681813278097150
230 306 -6724569100523940659
230 307 6433474996501524391
230 308 -6317067816480835648
230 309 -1524139908594034672
230 310 4683874468492033673
230 311 7805110730371802766
230 312 -4353448398273668405
230 313 1248630521033323639
230 314 -1394096519115434971
230 315 4435450296948626680
230 316 6850171982557410433
230 317 4246169478455350354
230 318 -8804937357420033424
230 319 2930078362940540230
230 320 7432256487247420048
230 321 6463181378544523826
230 322 8113618222311377795
230 323 3386401042105753984
230 324 -4904033772602759413
230 325 -1282979261712296240
230 326 -7087243934212692102
230 327 -6577021132193836036
230 328 -2568563171713755234
230 329 -2099431432321791722
230 330 8774693036342199961
230 331 -2662902119279229893
230 332 8896650759097588123
230 333 1873519894885849469
230 334 9033264388800139478
230 335 -2087667243291546712
230 336 4054910491255544470
230 337 5476450180815489402
230 338 -7229035909908676055
230 339 2336379366016008631
230 340 -92054263724447842
230 341 -3729269139063280842
230 342 7533667703098571389
230 343 -2969356155511980025
230 344 -5303732267473784896
230 345 5809595719223498685
230 346 4566094871365067847
230 347 8513188990939393281
230 348 -8899677389421844484
230 349 -8455210454752184269
230 350 7757646526853758613
230 351 6627252003424255412
230 352 6809976577857677834
230 353 8019553968298544793
230 354 -6015455189322837578
230 355 -7702531703346464831
230 356 2722702003535726917
230 357 3585420052998010068
230 358 -1756318423327407741
230 359 2855228904025928116
230 360 5375591747524804143
230 361 -955637397988275504
230 362 -8136467863252056980
230 363 8935867859359023034
230 364 -8772217663916180782
230 365 -7870982445331255863
230 366 5598945851528183592
230 367 348224929094058012
230 368 486533657040026523
230 369 -1943280043517067108
230 370 -3264379599526137452
230 371 -6237144088632575156
230 372 -8827276363955944843
230 373 -3367432969067684410
230 374 2091780564125579359
230 375 5432579172913852494
230 376 6842024953153006132
230 377 -2021547880951295841
230 378 1530463266024648293
230 379 1661769645445477590
230 380 4766247774122694695
230 381 2726934238344405396
230 382 1917199242466230148
230 383 -3520189419777020862
230 384 -6650821740159381145
230 385 -5889711099046063255
230 386 -6746977941324795478
230 387 -8330916381888057268
230 388 -8956012068769958063
230 389 1414843266385677831
230 390 1441262082057756121
230 391 -6749350487133360545
230 392 -1266192630611048243
230 393 -6283157307292663777
230 394 2360229443091806824
230 395 -5080934669064596929
230 396 -1934080763803659567
230 397 3251107335329918869
230 398 5183766929315264740
230 399 -2678990674169021079
231 0 -5720056035556456144
231 1 2410033714776558537
231 2 -5861060931127011488
231 3 -108158760987724510
231 4 6340712856348378129
231 5 7477211467504895430
231 6 -6436661745472581029
231 7 -3790950008397179146
231 8 -550023021877434764
231 9 -1729263249188003717
231 10 2958763966172531268
231 11 -6425566615776426048
231 12 8237856242991264383
231 13 193471115022136896
231 14 3757877365735372451
231 15 1178564930587676405
231 16 6372715568973710565
231 17 -2763920241312129503
231 18 8930916734317178255
231 19 -5174539924544427502
231 20 499426039617363694
231 21 6410871002551669800
231 22 -6634047146343269839
231 23 -3950290546604762081
231 24 -4822375990761452970
231 25 7828882810037127297
231 26 -1373527555188305005
231 27 983488370438802741
231 28 6559260345789240402
231 29 9171823154429484043
231 30 8132371554570005946
231 31 -4987851063768288969
231 32 2603335448501948262
231 33 850347606850165862
231 34 -3601719754249760309
231 35 -6632762664519612891
231 36 -108619429073175216
231 37 1238277393919712708
231 38 9072499209754797152
231 39 -7976209485535087625
231 40 5475180459013117152
231 41 -1254303283762301189
231 42 -2180721662002920313
231 43 -4310212479530878289
231 44 -7971733793960934669
231 45 6490874168260601654
231 46 8252944820407183747
231 47 4438317692471463136
231 48 -715713985270689216
231 49 -9127151829036868157
231 50 -2021644283065169716
231 51 -6926973918000760253
231 52 5076108135851123257
231 53 -4502891436901240235
231 54 7645003112817557725
231 55 3607088139996040246
231 56 -4314569771642334239
231 57 -5197766156578991376
231 58 -8506207287687865694
231 59 -3111246705643046417
231 60 6873045852144417109
231 61 -5690022231144516248
231 62 -1021740999630611756
231 63 -7623826202748205861
231 64 -1037369324692457739
231 65 35624404328572255
231 66 -6313899244123677724
231 67 -8331411320737910125
231 68 1628848754150291499
231 69 8082583835032595227
231 70 -5199671356358143313
231 71 -3889521956389444909
231 72 1999592824459118573
231 73 1049105833430388267
231 74 -2971475445484516612
231 75 8347705551689614009
231 76 1646631455537846167
231 77 -5067598724305164335
231 78 3995022499119996485
231 79 -5028403789339148487
231 80 5945456974395039059
231 81 -3604120934517010561
231 82 3703905703820617192
231 83 -1880944207415384751
231 84 392401575970612886
231 85 4859093811169093002
231 86 2294880666246747997
231 87 8765831492579320834
231 88 -7237586368570950685
231 89 -1367504484611274035
231 90 1121138966998481847
231 91 -5481071006921390195
231 92 -4573397775637522783
231 93 -8495994834454554339
231 94 331895965303486979
231 95 -788726792062022039
231 96 3328618042248308591
231 97 762499119451158870
231 98 -3385579478105125767
231 99 -5611801988933660061
231 100 2191190716010797456
231 101 -5819584831195438766
231 102 2592955466961280134
231 103 2038974109743822687
231 104 1721559384701350763
231 105 3718799128180151744
231 106 -2926884701282454578
231 107 -980986770899022790
231 108 -1195763734748736724
231 109 -5353012150649637847
231 110 -5181584975178579726
231 111 6481983254596381138
231 112 92913255259619205
231 113 -5835901960729216006
231 114 -5018493515104570368
231 115 2043369347584280835
231 116 -1263267472157218883
231 117 -4187880204190881474
231 118 372668412542330283
231 119 2179457375472328544
231 120 -6356994150153149959
231 121 4709272931711184386
231 122 -4710221978795069828
231 123 -3881366518711535541
231 124 -4263962254891149359
231 125 -2163846998678525859
231 126 7435603997324678130
231 127 -704339451410035343
231 128 7206635165549875425
231 129 7520093011174806852
231 130 -973945293789265562
231 131 -7624141551564634901
231 132 -8985268777056108602
231 133 8898708267300653149
231 134 -1819333815625441905
231 135 34180520829855882
231 136 401637947230052976
231 137 -7309273109209764940
231 138 7617002225491719238
231 139 -4140067022012612246
231 140 3977847478820383072
231 141 1490433665413596537
231 142 -4874454058363271394
231 143 -8693762941893466419
231 144 5696471653696498289
231 145 -6597238989267526795
231 146 -957416055078507773
231 147 3538364911642828649
231 148 -6938472869743484154
231 149 6015736164718891268
231 150 5638056552559222811
231 151 -6135556095267609347
231 152 3271154883553142875
231 153 8701173786945745780
231 154 -326200465876977466
231 155 8055904238224184227
231 156 -4941853919339497535
231 157 7908897736509767217
231 158 2350029371709071343
231 159 -5099264600153239923
231 160 -7430034450883367600
231 161 -5415622011979204672
231 162 -2797463184349405765
231 163 -9157225202629393451
231 164 9202097083772928059
231 165 -3445064500442994111
231 166 -5913319559856816498
231 167 4045678322969232001
231 168 -5996031078907533241
231 169 -3805758869918838469
231 170 1621429519006720080
231 171 -789482416402379474
231 172 -1528699987837821254
231 173 -4247097821546735062
231 174 1858055667014324370
231 175 1502047471895654155
231 176 5645844358082037874
231 177 -6682993889712819414
231 178 501605256147649607
231 179 915510932732569795
231 180 3894039412697180064
231 181 -5315504205021100871
231 182 5773488109849433895
231 183 8449380659591019221
231 184 -5669656933358718227
231 185 -2992951184010674787
231 186 -358619069466288534
231 187 6941533822744554311
231 188 3242344102327305984
231 189 8688932778793201455
231 190 7819994817081107492
231 191 7951257873419446746
231 192 7247974860157605016
231 193 701459937201848786
231 194 5570637072412839424
231 195 -5056957029835600890
231 196 -7868725652600177358
231 197 -6463241452281176664
231 198 4627199374580679161
231 199 7278541042640377118
231 200 -4357411869249765822
231 201 -5659029255128201158
231 202 -3238028989656863039
231 203 -8597945269305083787
231 204 -7611403516916216891
231 205 3675019500675868782
231 206 6026102057888081098
231 207 -8672846561673109336
231 208 378302361222650222
231 209 -4812322089102224964
231 210 -7750578627994982088
231 211 6732153688845319059
231 212 4847786236015979428
231 213 5210109770330373810
231 214 1048328790833472771
231 215 -5020451382873378268
231 216 -4601939629479678056
231 217 -6905405162707187632
231 218 -1809487556324717427
231 219 112358151942169266
231 220 -3025700222670576398
231 221 7205324360963015937
231 222 4492302635184175427
231 223 6089281871850057869
231 224 -6888662093692534472
231 225 2028506405157337574
231 226 -3434364241225210900
231 227 -9079303026645167157
231 228 98130470528106007
231 229 604429200672706958
231 230 -4909378529383855969
231 231 -2643519107374112586
231 232 4568225702871229900
231 233 6823595014862230656
231 234 -2550395888009603393
231 235 -7632970173714100594
231 236 6715236431929665372
231 237 6534473535579290281
231 238 7239419378579927834
231 239 2079672455969096060
231 240 -1819319937333054027
231 241 3890132735743185324
231 242 -4452647979896572280
231 243 2553213268217226908
231 244 7082520897484098165
231 245 7186126295111107802
231 246 -6784727232992411405
231 247 918780319442737054
231 248 -6684598238959399063
231 249 -4735977401401029330
231 250 -8253607326718409458
231 251 7140514539111692519
231 252 8385541328617334601
231 253 2567828020114440622
231 254 -6749109390130596149
231 255 504210855473205091
231 256 -8370590733664080506
231 257 -7630242039546831542
231 258 -6053998394600574665
231 259 -8255212934461103212
231 260 8874091215384164007
231 261 -6300370183872431742
231 262 -7767570818826559778
231 263 4422295683343437030
231 264 -8304090323925625171
231 265 -4394019651031203285
231 266 4645581858232969661
231 267 -9200428958952056632
231 268 7878825786247999561
231 269 -3318410451911854398
231 270 -3736150728172046400
231 271 -4651331985966941958
231 272 -1844867625370155297
231 273 -4819100909865097078
231 274 2883208833695508809
231 275 6533538016791679315
231 276 3223761344296419203
231 277 5379950307726857488
231 278 2576363711448866798
231 279 2102169438601683212
231 280 7198106570869579584
231 281 -1948511218092947143
231 282 6972642438251190097
231 283 2556879577233438450
231 284 -2167110167527309962
231 285 -5526124738633383143
231 286 1684776907279094936
231 287 7325629205406305869
231 288 5559012657805542289
231 289 -2839350306968671606
231 290 -2287705966325928558
231 291 -2878302790550700356
231 292 6916020719666893590
231 293 5997616813054140624
231 294 -8648151400075464325
231 295 -887003492954641176
231 296 3894615698843916662
231 297 6131810624602547247
231 298 -8819946354710214554
231 299 2023193266300350270
231 300 -751822204378812819
231 301 5112136996755088456
231 302 -2517880754831869873
231 303 1007022555768722992
231 304 7492418041520169748
231 305 588819624323844745
231 306 -2264725454573813799
231 307 -9023774600105121837
231 308 -1965282869626354814
231 309 2128100801465800611
231 310 -2485481829447322512
231 311 5536917483042123297
231 312 -1069143246214376395
231 313 -1258109028397628777
231 314 8912753069933735162
231 315 4552069870257546255
231 316 -7692384180453267544
231 317 -7149324551154091999
231 318 7780073437592976872
231 319 -3501778415571332799
231 320 7998247453542918788
231 321 7003269907543781550
231 322 6848479214267497938
231 323 7460418836157543707
231 324 -3210759748626297534
231 325 -6240052888578207432
231 326 1329242442331656139
231 327 -4940337029182423195
231 328 6764764773425520629
231 329 -5318293233430088600
231 330 -6426770998742527300
231 331 4850491718861549444
231 332 6174012303780685492
231 333 -6585878842781929423
231 334 -2560311347455218023
231 335 5494405939372682908
231 336 -8041958636158859252
231 337 9162253669293699119
231 338 8934917763257413587
231 339 6416377687669852065
231 340 7304134148146550991
231 341 -6759695702861062199
231 342 -4280269044884592322
231 343 -3540169431773149919
231 344 -3208370803645209646
231 345 8534994784200288304
231 346 -2104849443970945098
231 347 8568667944857305229
231 348 6294021466327885821
231 349 3745172696038158058
231 350 -8538718107461662711
231 351 3763486943606078714
231 352 4618086315914945294
231 353 -7619383576579930987
231 354 2870046987261601872
231 355 4344847223318202259
231 356 4806679884803441421
231 357 4084827307096237359
231 358 -2451132166021608983
231 359 -1031159504698927192
231 360 -2843809885923278602
231 361 616638315072080796
231 362 -8384596777362410857
231 363 3618931300983188119
231 364 3016813369783818936
231 365 1040547948299525610
231 366 -2595836059753094864
231 367 5480561746992318508
231 368 6949217275410980336
231 369 3824734306880051672
231 370 -3030679184059672118
231 371 8528334715537014316
231 372 3872376983713289132
231 373 4396243196499059468
231 374 7507700952173718591
231 375 2072806647363692325
231 376 6047225621386739242
231 377 2721985125055201410
231 378 -7714821712391870674
231 379 2244469007086525787
231 380 4281184603843182010
231 381 -8377185920411146204
231 382 7857970077657796195
231 383 1172495684883300074
231 384 -6063920665538012877
231 385 -529059920790055990
231 386 5525113775673223360
231 387 -3573631062054347541
231 388 4419924102579003652
231 389 5437628861595045196
231 390 -3750935816332132352
231 391 -3512471512016518531
231 392 -462187462509672936
231 393 7043607970000611299
231 394 8727347411074702007
231 395 -4072848938049363587
231 396 4123086642697220384
231 397 4869575551986507038
231 398 540713631584384869
231 399 8193544573087896268
232 0 3861887726223251034
232 1 -3769382274659377720
232 2 4883036168786936299
232 3 4783839236145518860
232 4 534014485038718735
232 5 5601648225556134805
232 6 -9169455148192698437
232 7 8527295713571684884
232 8 4363622756059018245
232 9 -4241469630113455836
232 10 -45665495905077329
232 11 -621478826039216529
232 12 -932224361047842402
232 13 7896178450724875893
232 14 -5618072053608994779
232 15 -5080528711829033813
232 16 2665985844592369872
232 17 3197096183496168539
232 18 -3600296954112837381
232 19 -2668915546529109943
232 20 -7220234923831929244
232 21 -5334222301455638644
232 22 2947543406654741312
232 23 -700450968240433484
232 24 -6252324140284616834
232 25 6811833720870358701
232 26 -8739174897459931138
232 27 -7957882402342776843
232 28 5198355659038095277
232 29 1656386029555449603
232 30 7054871462524985063
232 31 6319253681763485386
232 32 -3901571687819036277
232 33 -7275629836362058877
232 34 2239837309438429110
232 35 -5588406042246618612
232 36 7349662788132027738
232 37 7924349673650960242
232 38 4574442171497203330
232 39 -7793750990558758545
232 40 -6019593613073105570
232 41 -3617202452577506007
232 42 -6731936736827440371
232 43 -9131967428441373918
232 44 -1168148885352956920
232 45 -3393441863024325820
232 46 -3272134105164994958
232 47 4924643759142215557
232 48 -2383341805528920608
232 49 -5240373039484654654
232 50 -4519711563338959292
232 51 3088453617960118637
232 52 -4152101285618874550
232 53 -2005108364387891609
232 54 -3444285160859213709
232 55 6500456522408897877
232 56 -2103829700190907512
232 57 6073650973340448475
232 58 7433624023089710703
232 59 -4998655967133941924
232 60 -2507618202201747409
232 61 8750247391581264343
232 62 -8719692023270169289
232 63 -7210887055875705655
232 64 1751603315804003899
232 65 -1092925337163163231
232 66 -9214923174196491792
232 67 7663526592350826220
232 68 -3119491446399555615
232 69 5678887281877040217
232 70 263002204850039864
232 71 2086970201390453751
232 72 -7293046227101147776
232 73 -5982762330742643536
232 74 -3100549459408678107
232 75 5049228952619365084
232 76 -7524407148928476019
232 77 2561452720223248562
232 78 3690778082972895440
232 79 3161651589757105565
232 80 7325267066791542334
232 81 -8798755359284133238
232 82 3289591141981439216
232 83 8295028641978534749
232 84 -3544856009179994064
232 85 7507056335954066095
232 86 5746768973986308688
232 87 -4113862066299096393
232 88 3482448191574745969
232 89 -926476904101828248
232 90 4049548335011093399
232 91 -2485783088527881522
232 92 8134274626022368032
232 93 5333997427587326294
232 94 6692384854990546235
232 95 -6791550098535104136
232 96 -1455298957621898035
232 97 -2672805702411165088
232 98 366353565046624026
232 99 -849916945280765101
232 100 -6638442258089425310
232 101 -313707859658089964
232 102 8952547487491968593
232 103 7203358126393636101
232 104 -6855642391025289004
232 105 9059375069308980734
232 106 -6598452918789095185
232 107 -8439296619177298496
232 108 -1494995229957727751
232 109 3082910699125800522
232 110 -5253070354774199788
232 111 2142609729822082505
232 112 -5767344201535395763
232 113 -4777574403440274399
232 114 2192381113937247499
232 115 -1511689231572116318
232 116 -558543203134249666
232 117 4240589093262232729
232 118 -8111938650342530666
232 119 7814487891225320700
232 120 8271000263158334455
232 121 9052896432394575099
232 122 5748555871327627374
232 123 89756252256619462
232 124 -6953285232390410776
232 125 -2949383185578022432
232 126 933920108348697021
232 127 -1063060189075463400
232 128 6578740578804522134
232 129 -3444295693928927764
232 130 1787689534296796494
232 131 6005113778296560784
232 132 6853701353620616955
232 133 -6676676453138237462
232 134 620872739330295310
232 135 -3988538259215164967
232 136 6308276131937799046
232 137 3021584544982599895
232 138 -650845776385466373
232 139 -638084424519801129
232 140 9204194442094549489
232 141 -4303578397553175775
232 142 1449540089826016143
232 143 -4337833211094214546
232 144 -5376019896741773107
232 145 -1721891858278814366
232 146 3881182764034882030
232 147 3261000540688742954
232 148 -8329801068784698796
232 149 -169171529742975496
232 150 -6450246275120510777
232 151 -2095846629589012247
232 152 7441235562734142343
232 153 8594745864753104596
232 154 8547972667837829241
232 155 -6402988061777760921
232 156 3877151026349948461
232 157 -8140440600032659228
232 158 3539897687996931575
232 159 -1142931301084101309
232 160 4808457769924251660
232 161 923455263528994355
232 162 -1154356506235005375
232 163 7483128357376226682
232 164 -2230977503451766606
232 165 -170808174660829940
232 166 -244507790169734247
232 167 -1385988628523688190
232 168 4572447924560660016
232 169 655321589215404607
232 170 789072595871553612
232 171 810660081476371875
232 172 -6658596555274093513
232 173 -7762313001456244849
232 174 -464797569211621386
232 175 4068429957509376063
232 176 7975569446261367740
232 177 3814805388717255580
232 178 3085694459782837180
232 179 -2970627313187221808
232 180 2750516969954855163
232 181 -679660045028874641
232 182 5908345831481649445
232 183 -3153149286171230750
232 184 -3120397094348284041
232 185 -3918803762689438086
232 186 6603921475232904634
232 187 -2478819231895178324
232 188 -1116284418673148540
232 189 1314801456154516803
232 190 -634656068253600877
232 191 -9140932341474262611
232 192 1383299974768762507
232 193 6908490434645459993
232 194 7239163459143439418
232 195 -3734883221288211399
232 196 -4386537180218980770
232 197 5987316873419058738
232 198 5363039169119708530
232 199 -5218656556512069117
232 200 706182816670300030
232 201 2075245652792142771
232 202 9186108340305495546
232 203 -5512222854341652299
232 204 2882545699923179629
232 205 193815071865627656
232 206 -6813979650821812733
232 207 -5243908580923221030
232 208 5363795529390076592
232 209 3778665155395374501
232 210 -6086807696745686251
232 211 1790950688403293122
232 212 -1387943493469464078
232 213 1496050273841591991
232 214 6194906675250334586
232 215 -5144102320879114421
232 216 7891033566371959220
232 217 -7564858356410904182
232 218 556560634525398978
232 219 -3943346375604546085
232 220 -6500231725524980913
232 221 -1358066908984506640
232 222 1356824979031591500
232 223 6149696898844035503
232 224 4453777930298686834
232 225 -8003974863800588357
232 226 -3356333234774605149
232 227 8813281641083295227
232 228 3470963461810367094
232 229 -7152487280799493525
232 230 8482139770068723810
232 231 3273330026485475443
232 232 -6478746723044750773
232 233 1208607505889548905
232 234 1472878844222992698
232 235 229774574363200041
232 236 3989083581325548392
232 237 8682589036052792515
232 238 -4836976841663943462
232 239 3517027046460760610
232 240 -6225395784177268914
232 241 -870857268524156572
232 242 6838185955790443752
232 243 -485340485713677225
232 244 3070597705052123467
232 245 -5521354663267513439
232 246 -5054727258544964685
232 247 4494221455612831107
232 248 -8607553291773481554
232 249 -413444673357286930
232 250 5900916894611251834
232 251 1801468788747221607
232 252 -8144530987920125353
232 253 4922450384878156713
232 254 6731054972624727840
232 255 8759430089363102451
232 256 -4983644694934880530
232 257 -3691457199835547717
232 258 -7848277238648607293
232 259 4068451402412501412
232 260 4707032068518850468
232 261 -4421882205884271343
232 262 -1012917040480551357
232 263 -8564529182331706615
232 264 -7361603825131237924
232 265 2272023619987108292
232 266 -3860479612279043438
232 267 -3460079835805416313
232 268 -6121579817753695005
232 269 4666964174325973046
232 270 -3137404513058408155
232 271 -2341306005329121434
232 272 6153935796401967640
232 273 1997902435282194711
232 274 -2659486529245069432
232 275 -327663237944781729
232 276 1874794314041293821
232 277 5401334561958549782
232 278 4926342469293222800
232 279 6484102275207905276
232 280 4812841522537201270
232 281 -4572613044490563545
232 282 -7560402379766329464
232 283 3391987449963544316
232 284 847526023612701545
232 285 -353618311125403368
232 286 1949671813047710252
232 287 -4700436093441658081
232 288 -3324269918358877544
232 289 -2352526555476927424
232 290 -7638229344530678292
232 291 -355694978778149301
232 292 1110654608237913467
232 293 2934334420491475787
232 294 -3078369984113905302
232 295 -456048887027927966
232 296 2199957870930233210
232 297 2639258681067498881
232 298 2887955426627520191
232 299 7979949887887854658
232 300 6702376330056675811
232 301 -8244446864297886353
232 302 -4276308369702439284
232 303 7752186704865474433
232 304 9048081347016837525
232 305 4973842014857418049
232 306 -4200140170673151311
232 307 -1020596033576909967
232 308 4966455446490459424
232 309 -9100641785176468890
232 310 6578811664701212606
232 311 -2119805567669253113
232 312 410118329646365356
232 313 -2638577716481412479
232 314 -1575776311057087109
232 315 -6920823577374926096
232 316 -3347225618971776624
232 317 -6026585528521043560
232 318 -1862092214836096784
232 319 9202198623002023394
232 320 2081551446445059533
232 321 -5381278777939140933
232 322 8225111414055342490
232 323 -8461112021972645326
232 324 5541901065775623804
232 325 5639391191194451755
232 326 4908171581425928564
232 327 6018517731182348421
232 328 -4724544364061375707
232 329 8256846623661647243
232 330 -3599680479346465491
232 331 7129141814878081975
232 332 4686228956951700289
232 333 -4698660442291476256
232 334 6971924137414487414
232 335 3873205860665089122
232 336 6930756323095683224
232 337 -7528208622156008889
232 338 -7835605591080449648
232 339 5581419903497863019
232 340 4817021850811297466
232 341 2811217141773947354
232 342 777728375474519349
232 343 -9194852716180257457
232 344 1469303588590229257
232 345 -3222762249479919105
232 346 -2960980941494687716
232 347 6717308047036436628
232 348 5067506607995293863
232 349 -6825171789618759836
232 350 -6213731589498231788
232 351 -7675509376662881693
232 352 2733626150608284927
232 353 -647272444757956478
232 354 7403628874280200362
232 355 34610479249774252
232 356 885612843397751325
232 357 8534928587719048480
232 358 -6799291001253478257
232 359 4479724702785111858
232 360 -5550673585767600821
232 361 5666081322721976093
232 362 8324161931626952274
232 363 -5679488773611823624
232 364 -7121913020033832391
232 365 2801757897870198499
232 366 -8186930551405934479
232 367 4543391644457828565
232 368 6529221980058361809
232 369 -20137527339386329
232 370 6043479089250589177
232 371 7980931437245270037
232 372 -3402909871149951349
232 373 7505101560864434522
232 374 7046755511864247177
232 375 -2885381661100022456
232 376 2182801317834030972
232 377 -5201299615104795623
232 378 8421896323040483004
232 379 8388559906374681156
232 380 2907939787332408062
232 381 3981783282329244567
232 382 3715263489640186374
232 383 293018135821272154
232 384 -4581096947686347708
232 385 4231677820279090542
232 386 -2682545869301739855
232 387 -5087060731232651223
232 388 -8752443752174011510
232 389 -8665729329954382356
232 390 -671066981698398890
232 391 5134054545692546083
232 392 31530021872932202
232 393 2055901656383586240
232 394 3500904025283108903
232 395 7639320604323996217
232 396 2406017212208609458
232 397 -4400187584362772281
232 398 3138185387382175925
232 399 -735032628792184316
233 0 1416872790614372830
233 1 -1592736197757633488
233 2 -6954537999940425896
233 3 1649938731151772014
233 4 3210660244013840250
233 5 732264590247731960
233 6 6643835403910288272
233 7 1444123578140076246
233 8 -35439365497878011
233 9 -6613248589950991953
233 10 3049985633309546358
233 11 -6222534165514663567
233 12 5400220925285039062
233 13 -293093092493354818
233 14 2076464208968558299
233 15 -5222128580418434286
233 16 5519926125541434710
233 17 8449812019246776701
233 18 -8061958523093870949
233 19 -2049252600256647224
233 20 4356399026232240949
233 21 -8258971181257643425
233 22 2867863705021079242
233 23 8099301607569605162
233 24 -6746618908739514455
233 25 6628437851970455303
233 26 -4572695162111767454
233 27 -896682848971023525
233 28 -8090909006101157934
233 29 -3666099101766409934
233 30 5456091772744284407
233 31 8877855218331397096
233 32 1872164846859598591
233 33 -3550108528881077694
233 34 297481287191627929
233 35 -3768300411598824328
233 36 3940601834916337563
233 37 -5802485090555542652
233 38 -763913409264352005
233 39 -3823203009110420234
233 40 -7020964852995296336
233 41 4111976787123931812
233 42 202789402082019047
233 43 531840033377632940
233 44 -454178272238006215
233 45 321270120087329288
233 46 5517149475466225617
233 47 613366475860125173
233 48 -8924075547114545895
233 49 -2241534429482960078
233 50 -3099585165280765685
233 51 -5256704657935389276
233 52 -22498512591319748
233 53 6151900823776210415
233 54 -1225208479192468819
233 55 -577729096655329220
233 56 -6023770950657218158
233 57 -390150931012662665
233 58 7539901688258133712
233 59 4812988398411071256
233 60 275953091881679711
233 61 5097750585219095401
233 62 7956273186571696796
233 63 735214189492963552
233 64 7388190569170933769
233 65 3955257288922800941
233 66 -4558586194051767003
233 67 -4258585579828401533
233 68 7164545055299812945
233 69 -4352124184936068800
233 70 -3186240443360244763
233 71 -926562729082089842
233 72 5323793626789254228
233 73 953947815257678384
233 74 8898382291614951055
233 75 -7178445415911128439
233 76 635410684478475058
233 77 -4684430528035320091
233 78 9218832328508681144
233 79 3405694097631585781
233 80 8797985841072879435
233 81 584619755310009260
233 82 -25898871757816658
233 83 4338204297520119085
233 84 4559387914788398985
233 85 556027781363512006
233 86 -483690366448355448
233 87 3195500602366561719
233 88 -6110527497489751635
233 89 3964052461049929805
233 90 -3422415869314606967
233 91 191533308117163487
233 92 8117683519810116836
233 93 -4245331096638696366
233 94 -7315521014075584731
233 95 -313159937295069549
233 96 6587748236992093550
233 97 -1001884403683204453
233 98 -1463285694222050916
233 99 -6878266829696329299
233 100 1737277852768351057
233 101 8884151542068251243
233 102 2359054521467609293
233 103 6615425619703862354
233 104 4129583960206339596
233 105 -8579360335045061640
233 106 3147769771707989973
233 107 -3407889463849914157
233 108 -1840548528059975316
233 109 -6364061260280966130
233 110 -145598354216423685
233 111 -3535633161139093346
233 112 -3848817195630553017
233 113 -5288617938760670162
233 114 4118135268339517043
233 115 240902497431672508
233 116 155514747196851719
233 117 -1408222515780565444
233 118 8509366069124173205
233 119 -3125772697296868270
233 120 2751461337421866584
233 121 -2547087477186225749
233 122 2163474393174163613
233 123 -4985115181320613553
233 124 -924866860821691752
233 125 3611730897449846773
233 126 -3345602707591503420
233 127 -7833288969982151039
233 128 4630842341732768309
233 129 8755574242993917088
233 130 8489610728421222002
233 131 -219795777710285141
233 132 3969752937660814806
233 133 -3137564666969273685
233 134 5203038716204708090
233 135 -5718443763932870000
233 136 -6851479291315583859
233 137 -5718907927304432908
233 138 -4785759847370985839
233 139 -2961686498553757779
233 140 -5617889743249997017
233 141 -6080566073925681454
233 142 8326759611029814917
233 143 6476244829501712047
233 144 3259774664309826611
233 145 2297566200901326248
233 146 7147281294664202924
233 147 8463853907777340884
233 148 -8150171092495998140
233 149 8178356287172458464
233 150 -274912754694625796
233 151 6478536866705346128
233 152 5647650607447448922
233 153 -270554212445227868
233 154 481922701465639853
233 155 5101594964513829482
233 156 -3798337946816124112
233 157 -1466171128487285400
233 158 -1868197483811834976
233 159 -2596908286220526100
233 160 5865862477791994809
233 161 -8091586312428014398
233 162 -3960298191733329277
233 163 6983040850489243051
233 164 -7029402492467006922
233 165 3802766486329500918
233 166 -9048871925491422052
233 167 1515887619674477129
233 168 -1686595565194223403
233 169 3996247952280640867
233 170 -2234464371049737515
233 171 -3216938491981549671
233 172 -3734166181362821647
233 173 -4142548388754095327
233 174 5484205976865197004
233 175 -452663251345445947
233 176 4805964546796154309
233 177 8840724874910285032
233 178 7343605993101699118
233 179 -334471604811020963
233 180 -4516174125782668704
233 181 -1978084771270751218
233 182 -7965689925490092010
233 183 7107799924843295509
233 184 5622141339819691390
233 185 911226883116682943
233 186 -2468119484164745167
233 187 -6422939264879857793
233 188 8039302181024174785
233 189 2201418973137493946
233 190 -5814675018356056350
233 191 6870725515293226338
233 192 -840540624372901165
233 193 1760093701703097433
233 194 -830123829840216593
233 195 -3442768958453327028
233 196 -7305518381762842603
233 197 2429247111591530242
233 198 -7662974076160219560
233 199 -2574418928845776936
233 200 -2233441587202396274
233 201 -6969522349087014776
233 202 -429889733901737991
233 203 8210019277182081311
233 204 8449529506817429691
233 205 797961408277719764
233 206 -4181973831738440342
233 207 8943583213403207738
233 208 4613549870717098744
233 209 -1717964781385669225
233 210 3902887698530886449
233 211 563124733543811804
233 212 -1248544937330414539
233 213 5560845937734977754
233 214 -802256909746363248
233 215 6496756862935932096
233 216 -5831734841862627155
233 217 -556930737898031803
233 218 -2165925705586585806
233 219 1184933392097836351
233 220 -3150930846824731850
233 221 34918691809711328
233 222 4837708720645230920
233 223 -4501341758159237988
233 224 -2105132091763287462
233 225 -4808410345901163956
233 226 -815300577928077611
233 227 7781524528169496209
233 228 6943667628826816689
233 229 7704383672062195694
233 230 -1893463738808677438
233 231 8166577861533848305
233 232 -1188698745730912982
233 233 -944656197662024959
233 234 6770239681758334448
233 235 -3787094018474764250
233 236 4485530085193434423
233 237 -5113394777098232021
233 238 8076949731895019635
233 239 4008006184520760754
233 240 5786458095409053571
233 241 -5904012719480613976
233 242 -2047801383286139112
233 243 8028209897664119946
233 244 -7902753396903714137
233 245 5931181139726065881
233 246 -5641006497675179345
233 247 -2121618016529897150
233 248 6753445024069120481
233 249 -5297699241600519032
233 250 9192254091437959562
233 251 -7793692714498704254
233 252 -4358547949203128008
233 253 4734766453087996447
233 254 3001062082481623189
233 255 -5993757284141504775
233 256 8768891063641158061
233 257 8251494125843926514
233 258 -2753278752952729256
233 259 -2091183428294308581
233 260 -243783422740251643
233 261 4450315226918164423
233 262 -2499890348835957039
233 263 -3523546144022252381
233 264 -6565261498925503369
233 265 9087725488116217556
233 266 7673421216876362566
233 267 2554174498130264539
233 268 1998882312529079092
233 269 -7915247816029810388
233 270 -4953317203840256391
233 271 -470429442066652954
233 272 -4535008535277088285
233 273 -1867518797232750920
233 274 -1503638920387969708
233 275 -8875905483421522106
233 276 8041055269405618966
233 277 -3040751937714738619
233 278 -543399081235921254
233 279 -5700831046067353974
233 280 -6893214246672113085
233 281 -3608118640678665687
233 282 5322794364487971413
233 283 4436779534312686527
233 284 -3508827423522390568
233 285 -1901535871747626453
233 286 2884659460293404895
233 287 -7266807632520156453
233 288 4036111851991371908
233 289 -5858956081703046428
233 290 3844478470734837649
233 291 -6598928219944564630
233 292 -4995220366366590859
233 293 3965551045568632384
233 294 7669781616670076797
233 295 8260610860863678422
233 296 8555792144555449169
233 297 3579840566710464545
233 298 9173127095815693233
233 299 5872515530364254288
233 300 3587359926001995864
233 301 5751584447274537154
233 302 -7493154517730726636
233 303 -6958074592599544703
233 304 4570954814504282679
233 305 -4792136928166322107
233 306 817712323971024824
233 307 701511506209214300
233 308 8183884591242522196
233 309 5013104776520616260
233 310 2026132756245326357
233 311 3887516637431202596
233 312 -8709550690034649160
233 313 -8466381300251417725
233 314 7331388813865578271
233 315 6885584547097261466
233 316 -3250147209267133958
233 317 1162340923266968101
233 318 -2887879526747570589
233 319 84118451588846712
233 320 4139341567673351351
233 321 2341834561426628268
233 322 5486942746618321623
233 323 -1745182671079922341
233 324 -3557933732058931339
233 325 -1174114270526411701
233 326 2909617796065304560
233 327 -8540075818828588848
233 328 -8489812253921721634
233 329 6564146769475216531
233 330 -7016345789519925052
233 331 6712825914995685070
233 332 -3896784747500662671
233 333 -2057975810520467510
233 334 9002870275159098010
233 335 5956877635362907419
233 336 8458592816909574965
233 337 5094348221920393718
233 338 4600530962936052601
233 339 -4060807456983741812
233 340 3994951595667503399
233 341 -6573545129267185327
233 342 -5852190755066517811
233 343 6234803022135840632
233 344 -1210172231239929666
233 345 2232404077509270395
233 346 -7655090166482051244
233 347 5957267688438325691
233 348 5139777219886389300
233 349 4722483492032527886
233 350 -3876367208738695620
233 351 1300300844819960448
233 352 -6323204343845808046
233 353 4049751240535507617
233 354 -5585376148210797015
233 355 1698509323579244317
233 356 3004066737351702777
233 357 -4289338898833092169
233 358 -4833248099154443446
233 359 3522863077562656021
233 360 5698894695826309562
233 361 4496467633403635431
233 362 5308191682812811393
233 363 -8677513974511769644
233 364 6676184550235309947
233 365 -5398052449769406550
233 366 -5411514441789919975
233 367 6145131491604937218
233 368 -2440559414527201801
233 369 -2276195644329820928
233 370 -3971101086405754790
233 371 -2628519737846591544
233 372 2007034051334879690
233 373 9121240750108052290
233 374 1137099132774201167
233 375 -4696632253887965862
233 376 722348458658867319
233 377 -2871350662077742475
233 378 7402598784343908463
233 379 4475065176433037985
233 380 -3984857541936122487
233 381 2096935198433623614
233 382 -1186693737819210879
233 383 6255088115450792475
233 384 -7545179901441944035
233 385 3177427330828751486
233 386 -6091522913326185275
233 387 -6445650963406646520
233 388 2426609061413426407
233 389 -2542318505263904104
233 390 -8819331961627845240
233 391 1567350727359848723
233 392 -2285065617735021218
233 393 -2293690014064006590
233 394 600799095894783345
233 395 1672915793150014529
233 396 -6133168278668462739
233 397 7064613516079953668
233 398 -5012504222498584424
233 399 -4270714333749071247
234 0 8123573684001320386
234 1 8597489775567848045
234 2 1566629301060774387
234 3 2556708230099281782
234 4 3516704607965266983
234 5 -6015746030673796153
234 6 -4347131450196118228
234 7 2589257413158606054
234 8 6952135693708325161
234 9 3580990575377989043
234 10 1063370480297721558
234 11 -3760527042942314228
234 12 1436773985329854274
234 13 3566063032572964236
234 14 -7133423163469506259
234 15 -3609608949994533879
234 16 2540882218298579521
234 17 -2150357671546469585
234 18 1220714340496265700
234 19 -1436582523261407379
234 20 7318018658344353031
234 21 1026411467690278328
234 22 -6186903413157048646
234 23 -635548157358392531
234 24 -1940708996543153838
234 25 -4658594655037242
234 26 -5960333426533863278
234 27 -5385355027599612346
234 28 -6714014183568191513
234 29 392234464859044427
234 30 -7897655158042147494
234 31 4852424180264449263
234 32 7320654851985355910
234 33 -1722170347214823211
234 34 -2461630033337441455
234 35 -3289696210535099803
234 36 5656820812162778443
234 37 -4096504696127273964
234 38 -2571857355174369907
234 39 627144550118598909
234 40 -3850417450203487100
234 41 -3737508012347560045
234 42 -5349855749919260805
234 43 -9017543642923047724
234 44 -2080881437395877643
234 45 274303654199009161
234 46 -4972791162197560397
234 47 664487012852990505
234 48 -6830892511381886819
234 49 8039028761954555986
234 50 496543658587911432
234 51 3839851806165814474
234 52 -5076660106414078791
234 53 -755689636720742181
234 54 -3588884785089086272
234 55 3051930856840875002
234 56 3914349960923413546
234 57 8872495650167912664
234 58 7549643315915424902
234 59 -3491422795683319734
234 60 7912847058515240370
234 61 -1511979325640624675
234 62 2189786483274658533
234 63 -5338839766574949493
234 64 -5353958055659976975
234 65 7843780818871152889
234 66 -4813238006957397922
234 67 -4758345285878046840
234 68 -8735202750231612212
234 69 -4365497693714696770
234 70 -5411397427270446878
234 71 -1298956261748077297
234 72 -4160177536164305891
234 73 -2960592893651685900
234 74 6787728228371659387
234 75 4463668171651722397
234 76 -6445041557382038655
234 77 -604663874882787857
234 78 -1421841486675664319
234 79 4902113848975862672
234 80 8781818344889156900
234 81 -103163219361747696
234 82 -5958870273580648132
234 83 7842043543334106706
234 84 5599883689351942378
234 85 -1893921014509652174
234 86 457949711663768608
234 87 3875804704153704765
234 88 7221395139192412500
234 89 4792853526176233506
234 90 -944671358368769261
234 91 -3705615522593577424
234 92 -6058836846955643680
234 93 -6731095891732254696
234 94 7448087690178006914
234 95 2970049030839072178
234 96 -327663299329653141
234 97 8806690387944164544
234 98 2505827448526848024
234 99 8210599535448590647
234 100 -3779188037134881079
234 101 1902546075776281902
234 102 -7801886068843663259
234 103 4303835557980775101
234 104 2645373194887112946
234 105 1871640598390067619
234 106 2462540954009799597
234 107 -9161403344178198912
234 108 3971595535368104245
234 109 -7924797678101282787
234 110 -8635479001584394653
234 111 -2978832675608619460
234 112 8613887153767809543
234 113 -2717659671777558652
234 114 9163135828486553465
234 115 1143022179317710907
234 116 -1790427187058880357
234 117 -2898661050917983894
234 118 4027773839034457226
234 119 1762196597016781875
234 120 -6857691923965465378
234 121 -5021466650597002809
234 122 1888351031149724471
234 123 -4597422907300465536
234 124 -2393448879667724441
234 125 5332779411571464286
234 126 4474088056128092051
234 127 1830820797077369416
234 128 -2799951136777587812
234 129 -6924849913911718478
234 130 5116404706630233105
234 131 2940779467078566120
234 132 6695125574741721792
234 133 -965499877166571092
234 134 -3050501715098395703
234 135 1242868601457404392
234 136 -4463114027468970403
234 137 9152472875581860822
234 138 249987589228204650
234 139 8370010017605739835
234 140 8120809596342410146
234 141 6066365872342163442
234 142 -3574229948780646770
234 143 -4893491136533154957
234 144 -2451260768288305123
234 145 -6592821191492005897
234 146 7986371181682446312
234 147 -3530790399560616549
234 148 -5102331625311889374
234 149 625619757714702999
234 150 -2323447855754207201
234 151 -992105282168882261
234 152 -6393559589123228475
234 153 1912515865559884643
234 154 -4386402278140922826
234 155 1834873770614999022
234 156 -4030151468892764877
234 157 -6306185608078119376
234 158 7741591877908545941
234 159 -2288469481791671807
234 160 411756787818460728
234 161 2886178846997271302
234 162 -4581421847153475824
234 163 -890017816011210297
234 164 2952480788347116253
234 165 862867777060695023
234 166 -4560040263389057668
234 167 -2826550970294669826
234 168 -8282386671583367950
234 169 1091659855256192435
234 170 -6645654333678911147
234 171 5517009089924427838
234 172 3186609825333697202
234 173 6759066349213183029
234 174 348681658253259890
234 175 6743615809542735969
234 176 1968934304923624399
234 177 4783131429216826901
234 178 -9002776096792614255
234 179 -4043917192866414447
234 180 5016102507758528927
234 181 -607026016584713481
234 182 9103492788892079576
234 183 2357679360594421490
234 184 1791712406930237139
234 185 5156279801141511196
234 186 7426712998176745874
234 187 -4583578644536526454
234 188 -1819998156876525158
234 189 -131037320710511937
234 190 -7708318621971899771
234 191 -3979521049898441756
234 192 3252502089094314596
234 193 9059425697861783489
234 194 -3525370813310453803
234 195 -5942056673968392483
234 196 5056641689621464696
234 197 -3749316394722447859
234 198 1632566828327504365
234 199 -3154976093108905413
234 200 7261644029467677171
234 201 -7956466990278537126
234 202 -6104481111115424882
234 203 2243585786127079874
234 204 3619537196090675671
234 205 -1230545746136403687
234 206 449179361222690006
234 207 -7554547687130169905
234 208 -5775271157731289766
234 209 3955420372386577677
234 210 -3138762675178939669
234 211 -5517447491971253414
234 212 -2449631039119864518
234 213 -7303867140851756620
234 214 -7719528912392991032
234 215 -15436205685567147
234 216 5222529130155783225
234 217 1816709923113072292
234 218 2959039982432808819
234 219 624519084373837002
234 220 1449225568785867535
234 221 4032758653124808418
234 222 228371089752131822
234 223 -4190347852411402001
234 224 532092728530867314
234 225 1273149486467036637
234 226 9032146669832817081
234 227 6238745353015879628
234 228 749975084587741513
234 229 5314493662875636214
234 230 -8083146303370208681
234 231 -6022738975804516885
234 232 -7154307022316578684
234 233 -2943919046899884228
234 234 3607602583597466211
234 235 -1233956846002315190
234 236 -3351675725453827741
234 237 -4429372914230499109
234 238 -1131942873987258984
234 239 -1687481776822528713
234 240 -1874406027568039658
234 241 -8581295864998147913
234 242 2143826471350517453
234 243 -4718765925170719623
234 244 -4835282529364636559
234 245 -4353128719998302983
234 246 5429986088402380643
234 247 -7825156805423397766
234 248 4559117646561636881
234 249 5890600830251815058
234 250 3689248986509877970
234 251 2785079044880621665
234 252 -3331471782453426046
234 253 6194481445227970021
234 254 8138734015353162059
234 255 -8019176500701650541
234 256 8376990613673687916
234 257 7167280724795173263
234 258 642145076690214526
234 259 6961220733747984609
234 260 2055080746953000876
234 261 -175584142030131599
234 262 7340213374083798217
234 263 -6817500320715877337
234 264 8814186476450615333
234 265 -7075655144886735496
234 266 9008088775209276266
234 267 5212623523890042766
234 268 -8449980130760327089
234 269 7998625732327757504
234 270 -1224894844770725141
234 271 -639694521115743046
234 272 -7461194757951938239
234 273 -4075122638362159525
234 274 -8385283055873428638
234 275 4995886428003832999
234 276 -9163769967460880186
234 277 -7317803468926138276
234 278 2725615571927733443
234 279 7772348871178506011
234 280 -1804720489498007993
234 281 -2038315847930329588
234 282 -9115584721510376076
234 283 -4465832237208397185
234 284 3640775051573024505
234 285 7759693313203938136
234 286 -6701194429309750514
234 287 20488174719964902
234 288 4451715516203197225
234 289 5602421064783343577
234 290 -8777018901714265662
234 291 -8816012365004860485
234 292 -1786210882692058013
234 293 1267340939810930813
234 294 -7022542291770258103
234 295 4098424094923969960
234 296 6227730431865934491
234 297 -7638791011695764624
234 298 -9108383520289955070
234 299 6703940119844806401
234 300 -1594619691595483585
234 301 8535292923852374336
234 302 -1112735865402648709
234 303 -3052062667641747222
234 304 -6882817005565857634
234 305 977566106314127738
234 306 -6416373012917471389
234 307 7355265421700388965
234 308 5175723258128371151
234 309 -8737880943375190574
234 310 5310529742375611677
234 311 846782718555598717
234 312 4873159744510655129
234 313 -1665908605345017231
234 314 1643972195149106994
234 315 5490814571643356458
234 316 -20383333855638636
234 317 3479235977770880079
234 318 7381918788870395910
234 319 6024024363468942270
234 320 8154399014115900613
234 321 8735627865339495065
234 322 -1760412031932434802
234 323 6591296895461227291
234 324 -54403348026872805
234 325 9141930899517455346
234 326 617860615534882671
234 327 -3848294162393058982
234 328 -6245651137591181781
234 329 4208790399157434875
234 330 1153586317499377532
234 331 -5627623931347542027
234 332 -4417073210697065422
234 333 -5269845093994397696
234 334 748542541382175974
234 335 -7934054343004183115
234 336 4212421654455971527
234 337 -3488587247020323563
234 338 -3273835376992403632
234 339 9111321068470406889
234 340 8190522256278583205
234 341 8654422013823013364
234 342 -6158387266338648784
234 343 -5876387587416624371
234 344 -9051443651244971107
234 345 3522347008777151777
234 346 7394690159267743146
234 347 -7549662779791638486
234 348 -4233970821627823413
234 349 -7355327272431587006
234 350 -258646113766499125
234 351 4443559359521394017
234 352 361911109922999292
234 353 6307036167005643241
234 354 181474789687800553
234 355 -3936135297837035696
234 356 2839835618606711941
234 357 862406647195397468
234 358 -1979303161578548251
234 359 -151583836370881760
234 360 -2695636434895051777
234 361 -5946465838206691472
234 362 -3077421249645846939
234 363 -2970808471843195671
234 364 2071351426360492992
234 365 -6595138605210875447
234 366 -7995328380724443303
234 367 4351139604245801300
234 368 2677066356509316293
234 369 1250977479385732044
234 370 8851698376062233831
234 371 6167974135599693687
234 372 7647615242828083412
234 373 -5891171131444039279
234 374 2072226971794242594
234 375 -8707400236259024704
234 376 7300972272634147369
234 377 5448057368063479587
234 378 8810909672503501590
234 379 2115575536548138003
234 380 -8004086120235948129
234 381 -8697347661273620447
234 382 -709093547712721697
234 383 8423059138864605311
234 384 -761323358193892792
234 385 8003700987928701086
234 386 -4449864813230418731
234 387 -2359751995530204426
234 388 -8999714343665090085
234 389 -3070141432306969065
234 390 8051798734920302017
234 391 -9166068626627378261
234 392 8356738922905939498
234 393 809728598975252515
234 394 -1250449540929056385
234 395 7839395152821008427
234 396 -4852121195376606887
234 397 2277729555470522130
234 398 5701112607795150313
234 399 3072439723944809808
235 0 -6685447695980049926
235 1 -7130111934624747960
235 2 3638562911535456227
235 3 -1273896657549916385
235 4 7461903310361508631
235 5 -3358177473317514071
235 6 -1786142512392980580
235 7 -405155822074946589
235 8 -8876728606929441279
235 9 -4248042945817607467
235 10 4465164384646878931
235 11 3789948431393370365
235 12 6262988401951249568
235 13 5174748397954109427
235 14 -8277638560250048381
235 15 1260685026873784789
235 16 -439638475754928237
235 17 -7085469099441234850
235 18 -7562300263828761073
235 19 7566845292631605070
235 20 3056457660538783585
235 21 7143677832117668805
235 22 -6558402542950177260
235 23 3447011740625927862
235 24 -6767213059770627572
235 25 5598899756875402036
235 26 3635462284343279518
235 27 -1542354271045354032
235 28 5698825595893847085
235 29 7852844241960809666
235 30 3522939829132670862
235 31 -2132165429300814945
235 32 3688171658577101547
235 33 4072110442931609628
235 34 1810480444927451589
235 35 4598090960210826481
235 36 -409686746554731644
235 37 -843037760720436002
235 38 -936112582435816479
235 39 8338592725559355933
235 40 -2111303443560618858
235 41 248189923777165476
235 42 5471595455391683809
235 43 -1215046415686108407
235 44 -5410099471796487651
235 45 3456002684867474148
235 46 -4516856309877007618
235 47 -3944079396142348405
235 48 1834288590361123592
235 49 -3107336846763543740
235 50 2432858810051980801
235 51 4539953509801005808
235 52 1553975332153548995
235 53 -8903576250524644416
235 54 -1172607379763428699
235 55 7717570909735934196
235 56 1153036431650722492
235 57 1548059188929154895
235 58 5636876132789970791
235 59 -4819943689538186116
235 60 -6357141087725979294
235 61 -8282185244761174829
235 62 -8792665950705656178
235 63 3172739739000554687
235 64 -5812979098059743379
235 65 3477067478650694624
235 66 -2749794196913878581
235 67 6778710341276488767
235 68 5415627179677363963
235 69 7117681539461669250
235 70 -4568496362746606771
235 71 -8192649758562423979
235 72 -6877611086871811637
235 73 -3011697778890753856
235 74 -3782570900518579887
235 75 -2297417029505277903
235 76 -7377007985377173776
235 77 2591367428381444407
235 78 -6367597068825679076
235 79 2729818465067236459
235 80 2797468770576499109
235 81 4683186603629260586
235 82 -7033762378201645976
235 83 932298692842733000
235 84 6418275567609757411
235 85 6185727461152047384
235 86 -7296297684885731673
235 87 -4257470729351950890
235 88 8001844435365254651
235 89 -5326996679944523919
235 90 8433298600318789982
235 91 -1474106675420443042
235 92 -7134060444491278008
235 93 -6694361553890086892
235 94 -5321584071343567259
235 95 -3094697144350549135
235 96 -6528686598400673575
235 97 -3087112646998632673
235 98 -1422173422220182062
235 99 -1598842629913525967
235 100 6319641155709823603
235 101 5112690058804221860
235 102 3361644254942919435
235 103 1632594639330390189
235 104 -6928688587721909242
235 105 -5527677824797542207
235 106 -5428728186279012362
235 107 9089124460645050483
235 108 7930469373517739990
235 109 -3695596905019090029
235 110 -7927983128542169212
235 111 -1716546762539900809
235 112 4748592847066237833
235 113 -7371080404837115196
235 114 -3132493938538897059
235 115 163963279882495893
235 116 7274090223559923859
235 117 -2260827430117403565
235 118 5914783946322395023
235 119 -6845827218062081564
235 120 1730887222696029493
235 121 241349219856524560
235 122 -2143747963247824304
235 123 1742241619301786288
235 124 -8621517963978417774
235 125 2515244878808103048
235 126 6111589152633656013
235 127 1133782509990592252
235 128 8879639163186629291
235 129 2519216643099886604
235 130 -2468419876049267342
235 131 -2081148324195234685
235 132 2538973951807488395
235 133 2042888914137516444
235 134 6001293645511447237
235 135 8605374370669523928
235 136 7576828737582284720
235 137 2771043870430829818
235 138 3092279900374010245
235 139 2372422134730608777
235 140 -7556906494910442693
235 141 -2472053507878567770
235 142 -1843035105867554084
235 143 -3848578293501006209
235 144 3434327967374289731
235 145 4433538563805751448
235 146 -3951972035005295975
235 147 7514550264136504296
235 148 5263390412833135887
235 149 -4042387860988560574
235 150 -1890505833118942010
235 151 -4506771824815401995
235 152 -5147556127812571408
235 153 -3149280074160300179
235 154 5962028698303939959
235 155 4399280135317602072
235 156 6601726633714138908
235 157 6342453692667898795
235 158 2776746358803841782
235 159 8291233426891898548
235 160 5815600265545019680
235 161 4741168514491094294
235 162 2356011672115298724
235 163 -2435544871837328676
235 164 -781782776400614375
235 165 -8294935069804351016
235 166 6365027268359773704
235 167 -987691749294345868
235 168 -3547283825769179050
235 169 5645720489922304838
235 170 1407476212079554965
235 171 -5356271324284217761
235 172 -4008018156128259268
235 173 8339562017419163467
235 174 -2460338476190602210
235 175 5137632918392829556
235 176 1962049761536764192
235 177 -8490200525920384894
235 178 -4230252685874919136
235 179 8343780847432733134
235 180 -4872929531467717015
235 181 7691341090946333368
235 182 7028571996022239010
235 183 4461362217383356502
235 184 4976261659159202477
235 185 -6119959546071520133
235 186 7397572090506548972
235 187 6833997308362006348
235 188 -477414236199804944
235 189 -6092584169083151448
235 190 6225746718372474552
235 191 -3828399642921772547
235 192 -4700990619018458658
235 193 239033998299577742
235 194 1986098579026686779
235 195 7264356594641342825
235 196 6180349766039450716
235 197 6268276016328089830
235 198 4652625537793904790
235 199 8216547035750364032
235 200 -7287325472610270896
235 201 26468312470644842
235 202 3189637977279871256
235 203 -466341173287985240
235 204 -3068351971886991299
235 205 -5339236082949629303
235 206 -86799301431770966
235 207 -4315641314831880491
235 208 3402208083662539858
235 209 -6788399034161140762
235 210 -8737546054926278590
235 211 -5659109048380326132
235 212 6889938313293069199
235 213 -1408844418082292046
235 214 345747630953403211
235 215 946984289266310413
235 216 -2092619308108165993
235 217 -5454229624292517236
235 218 -3500476945741296419
235 219 7178724032820519372
235 220 3977982715668624644
235 221 6528517316951742428
235 222 8975717753425239200
235 223 -2086961972407444005
235 224 -4874188525518655271
235 225 -6605439874902724248
235 226 5806027264048440531
235 227 -6874487389745942575
235 228 3518326872758787991
235 229 -8582385366776111894
235 230 -1559100814247430575
235 231 -3902734905641101400
235 232 -3566528958785392539
235 233 5394553539164676176
235 234 579542973966270208
235 235 -4308394790194952635
235 236 2572785928346995992
235 237 -6145826509498917113
235 238 831789480654008376
235 239 -5091847146033464674
235 240 6008670083621072112
235 241 9102272000527510553
235 242 -5557949809382199785
235 243 -4008163662726570567
235 244 587679895699322250
235 245 -815920662791991128
235 246 7093118516357535767
235 247 2272919316173501587
235 248 -8044954622199644719
235 249 8941566146214716179
235 250 -6101234535725867141
235 251 -6099146776058118264
235 252 -2897896654292678541
235 253 -6899959136184421863
235 254 -1111474414577772146
235 255 -6332344341532389516
235 256 -7619465398168705178
235 257 -6259461796307793660
235 258 -7590024209036787999
235 259 -4780333376320502320
235 260 1269715377386208657
235 261 3188591544022828583
235 262 -8320049099641619206
235 263 -1323516770977532542
235 264 3616430316336999836
235 265 -7712879516195869722
235 266 7291034145581187866
235 267 -9212012573610447367
235 268 1601895048811366554
235 269 2378235005839451661
235 270 -2527548458642447189
235 271 -4831892000835906141
235 272 7373701358376609629
235 273 -7459515723858927197
235 274 -4757410057826149122
235 275 -5575279873761239266
235 276 3545368340706916482
235 277 -8944753129929538267
235 278 2648222510001402112
235 279 4990706942087741071
235 280 -6700229415833817017
235 281 216827033171407690
235 282 -5479795941075828443
235 283 -8109439273098770236
235 284 -7824514685187662828
235 285 7371644695273104184
235 286 8771291046862285499
235 287 5330483573395529934
235 288 6918731136305859070
235 289 -4283212346563678207
235 290 7610286103454739575
235 291 -4370373148358370754
235 292 3721568879431277421
235 293 -1214814791389619972
235 294 -2566281767730469018
235 295 5216773709971586140
235 296 2637611919773871149
235 297 -8965215110602796984
235 298 -8490674490389132021
235 299 -1286906042861153023
235 300 304569782861855158
235 301 7267129627900106353
235 302 -6527673205570078379
235 303 747759169025556299
235 304 4637772550423504679
235 305 -1537546304631502242
235 306 8108672694547440704
235 307 -6948105546188523345
235 308 -239959949516643738
235 309 -5442025893809606231
235 310 2516091252920579858
235 311 -3849475634192955088
235 312 -5622083422883228652
235 313 -7813410194893967087
235 314 8563330780574179000
235 315 128493973408370650
235 316 -4377443248492525636
235 317 2051886277728365206
235 318 -6221754113456335826
235 319 -7008119497353837889
235 320 -546279562241220635
235 321 6481035983126706605
235 322 -4947736519671643382
235 323 -9216420751939087464
235 324 1618457853082900325
235 325 -6475033970416210804
235 326 8394020487710193577
235 327 3202193658696811250
235 328 -4265770895654706391
235 329 -1752431481363343665
235 330 8944090081094219737
235 331 -8770652597800123056
235 332 -6341048133756156064
235 333 -3635769872868356749
235 334 3829560830021957054
235 335 6662303020698686686
235 336 -1909502281218622591
235 337 -7480345270352922184
235 338 8674427033384153983
235 339 -2499583418606155302
235 340 7341838874941852299
235 341 -5281213393595694481
235 342 7708365007176174697
235 343 1661312233907613436
235 344 1667503831553307626
235 345 -6837642406563191688
235 346 2397295844071150341
235 347 -698375421331325156
235 348 -2856265039155882000
235 349 -4391000595688950704
235 350 2948664225754630731
235 351 -8864844218107548701
235 352 -7106617532536218716
235 353 -1336865113121927106
235 354 -5787450783298763804
235 355 6135113743889921899
235 356 88729655360497470
235 357 -6931494789257793420
235 358 -1889729742005341541
235 359 -5389926068423913940
235 360 -6949194053244200853
235 361 4194442883521885999
235 362 -5043566687294991581
235 363 -4222388048257790344
235 364 -1643022867038688288
235 365 2971693339538161506
235 366 2410846420030673323
235 367 1612789578331354968
235 368 -3017868130109541415
235 369 -1660037683781365578
235 370 -4287495810029708281
235 371 -4136097487801849691
235 372 -5481306599558765302
235 373 7629113890892275866
235 374 3061776615527980014
235 375 -5018169194682146465
235 376 27933030467415798
235 377 6763446187225727017
235 378 4059816709202043739
235 379 7823858596626444345
235 380 -2071624060295895634
235 381 -8172886659371238805
235 382 5201923607225815655
235 383 -9183398698694176879
235 384 1137659276224138308
235 385 8309196645145818706
235 386 5765018775323316724
235 387 6008945719669481910
235 388 -7581463541923771154
235 389 -6920665107306036305
235 390 -2218088370277987497
235 391 5026201762501759360
235 392 2352636745699606180
235 393 2983492201184985102
235 394 4530421352940840735
235 395 7580978942550902486
235 396 8099483592507811627
235 397 -7141187887493131301
235 398 -8757504107843443152
235 399 -7442383480486169521
236 0 2077425820339736470
236 1 4028139455586432415
236 2 -3882815992900686387
236 3 -2673684623445901802
236 4 5790872313810508534
236 5 6655846730694092158
236 6 -1185391198309187894
236 7 4979840283221025116
236 8 3514887014338011087
236 9 -771406100376077323
236 10 -7069862158297386977
236 11 -2182155645040576923
236 12 7932387629303820661
236 13 -237383269266859124
236 14 -2996283080568672540
236 15 6360418072883270494
236 16 -5397780863973198157
236 17 2757401748727370031
236 18 -5024210482859487191
236 19 -369376164471890947
236 20 -1300333036481676693
236 21 -9102805769158317347
236 22 -2238626164258154160
236 23 -6279408569104746682
236 24 -4674307990994312709
236 25 797736240840434956
236 26 -8711540344165317909
236 27 149821362744544829
236 28 -6823910963992197230
236 29 8081128286709252323
236 30 -1086351359305370518
236 31 8074847510440321571
236 32 -7231658500934750849
236 33 3070151904928757855
236 34 2628082989486018280
236 35 810480174373936177
236 36 -5919655836811121917
236 37 -5571777955202633012
236 38 -2353248950993106531
236 39 -1517114099824502593
236 40 1433777683674979701
236 41 1465268700214963682
236 42 315389309976946569
236 43 6824214156205817135
236 44 -7777930557867106406
236 45 -1112319107716033511
236 46 -368857516288039426
236 47 3685128444306142046
236 48 7188682847882385024
236 49 498653593390539179
236 50 -8169899177968338711
236 51 -6415806242281092120
236 52 -1744455366076731136
236 53 5165265117940519995
236 54 8049881728780762336
236 55 7962991789468383605
236 56 8268959207465395578
236 57 4323558377230501741
236 58 -3982795728543604831
236 59 4381346177269031089
236 60 7388868670053801324
236 61 3854655527720314155
236 62 -3342715588264423270
236 63 3194319331376394840
236 64 -5931070087838808933
236 65 -9106794479181077794
236 66 4164384149417605552
236 67 -1556402994823358784
236 68 -1486536409005822069
236 69 -6237007560617745558
236 70 -6638653782381999542
236 71 -8831060917858034299
236 72 -1963368052809244379
236 73 7623697705097542815
236 74 -1637059912651021798
236 75 8769330687069848443
236 76 5973246432926717242
236 77 3659252514556762506
236 78 -203605472211468367
236 79 4876835388935691882
236 80 -8983976961217535798
236 81 -5662732073548850011
236 82 6232121673498129001
236 83 4967534716479172518
236 84 4169889051576126243
236 85 6954589227135376616
236 86 -1942197852490473947
236 87 5328832912619801716
236 88 4144845770565182528
236 89 5041384683248768462
236 90 1408801440764034513
236 91 3922994444274874204
236 92 2351997832691450209
236 93 -5649359241540469167
236 94 3367718823603120724
236 95 -8487239380029001325
236 96 -8533285278141673464
236 97 2789641593369272142
236 98 6626002047574257875
236 99 -261127566015655433
236 100 -4761636037591996387
236 101 2275648256189747211
236 102 -6538555735260269254
236 103 8495243825716909234
236 104 5019780259674182505
236 105 -5100508342499779436
236 106 3052626776996827145
236 107 5468033665473425001
236 108 -534580372656533019
236 109 -1284556694698698139
236 110 5083738710305651816
236 111 7102831575696600150
236 112 -5691006046796823621
236 113 2165159194766974192
236 114 -4291429406343964118
236 115 -5704378297990978294
236 116 1536528970302718930
236 117 -237240367688838935
236 118 -8335592221315535300
236 119 -5459888384717213074
236 120 -8708260322647662011
236 121 -4898362130242948078
236 122 -6797720039147983034
236 123 -64855197728136780
236 124 2688340570828394273
236 125 8808762661847035344
236 126 2116455163882148420
236 127 4905154573504194516
236 128 7440091709179201866
236 129 2881865396415839622
236 130 5877222661641354396
236 131 -6900624809211224612
236 132 -7047066145612062900
236 133 -7644638384765915887
236 134 -2142199690767237089
236 135 -7231800731088104205
236 136 1807600224629493940
236 137 -6987955545425560873
236 138 -800798607996752986
236 139 3801186917609418989
236 140 6991292942618842568
236 141 2782818818318058329
236 142 -6382775050957514524
236 143 3838667096076233039
236 144 5674859502441058403
236 145 -2844143391396051663
236 146 1530021186208899748
236 147 -4357369453775878187
236 148 -7789634359234402286
236 149 -6489544478942046513
236 150 -4691367346283611544
236 151 3738020018955241000
236 152 5364546041184573111
236 153 8733825461503791874
236 154 3644738610502097717
236 155 -1362417586330600504
236 156 -3793738222124388494
236 157 2921837009274111363
236 158 7137491498090844731
236 159 8602952850035082830
236 160 9168478865570038179
236 161 -1893863096742019389
236 162 -2423727312819339118
236 163 -6969445256843209435
236 164 -5945069111310604282
236 165 -8754757354862438915
236 166 7206310893042217060
236 167 -4076073088603960597
236 168 7060334922951736737
236 169 7225787564634164391
236 170 -8772012352343197355
236 171 -1413413069290547647
236 172 985865138618995350
236 173 1108939396878911951
236 174 586153632998513223
236 175 577380721726822139
236 176 -7869285168018047922
236 177 3599187538264936838
236 178 -2276654575692177626
236 179 8766532685414371558
236 180 6450271421936604428
236 181 325799609172550001
236 182 -9151330549562631756
236 183 -4104852582023165280
236 184 -4893504488828707541
236 185 4910916754301671009
236 186 7127219559322444017
236 187 -1895675457140995702
236 188 4395823822915576286
236 189 3385208447848768936
236 190 5550124350192604238
236 191 -6234232666811280385
236 192 7980754237541705833
236 193 -2777591689778179400
236 194 8849030363993133666
236 195 -4957108681649901443
236 196 -6292337425886155899
236 197 8391849896963260823
236 198 -8840871870621314132
236 199 1655082463546568931
236 200 4413215687934525789
236 201 -1400760034072282585
236 202 -6473215740886158018
236 203 7414937725061533779
236 204 1567888758970137398
236 205 -675815672991825463
236 206 7749727009272564240
236 207 -5453221671045828052
236 208 -1862986034069189512
236 209 -1567459785186432477
236 210 -9002934154515838416
236 211 -7765015615584588757
236 212 8725618885486707598
236 213 -2732920015541913586
236 214 6767350920975167458
236 215 3408511835617395540
236 216 6552731410110163666
236 217 -3319350069735704243
236 218 -3706769335928300455
236 219 -2038345278397696751
236 220 -2130307246309229937
236 221 6917783692322448290
236 222 7742405698714479464
236 223 -4410770550279786910
236 224 4878748696600154511
236 225 9183925700980283385
236 226 6297898939947178385
236 227 7388777157829188374
236 228 8286381402054924099
236 229 2623026892549023946
236 230 -6441235362895496186
236 231 6735212350960481447
236 232 -84330441397055687
236 233 6368492261087872216
236 234 8277750472255845134
236 235 -7247334789250016051
236 236 6041592983135847491
236 237 8274416350959258639
236 238 -1820575389594357099
236 239 -1299332024340494738
236 240 9081375563500486715
236 241 -8205912618722953441
236 242 -2421561175960440380
236 243 -1114552638771078919
236 244 5766078646356511413
236 245 4885305759383155267
236 246 -4928429795728881799
236 247 8509268038660596139
236 248 -4264189456880738448
236 249 1714676970910869507
236 250 -1961841301793987899
236 251 8318267322329867684
236 252 -1169427890740500846
236 253 8900255896954575369
236 254 4233262391592870286
236 255 -5117271223985071417
236 256 8556585533842754562
236 257 -5691955634938734668
236 258 -3860796941284365018
236 259 5681177311949612484
236 260 -8323062502146330180
236 261 7697796491452223753
236 262 -8119628539053371659
236 263 5794537873550889481
236 264 2714500676106332643
236 265 2685942882494719549
236 266 2157582418275761093
236 267 -1189292359793456226
236 268 -7800377263672966352
236 269 110853421390898723
236 270 -5739916183538614883
236 271 -6869252967886763260
236 272 4768577171261747192
236 273 -4602635106261256221
236 274 -2457913412643142507
236 275 1180059681981355547
236 276 7494025808883368207
236 277 -8196232698952434681
236 278 2662973059262884183
236 279 -3771827419707324481
236 280 -4878545485270566874
236 281 7166650067125273836
236 282 7484921698864832085
236 283 231188088921858064
236 284 -8324989870708142224
236 285 3318537010712824347
236 286 -4767644911657697661
236 287 -8375999065480522288
236 288 -8075488495422533587
236 289 -8608866124945731238
236 290 -7139833029833789170
236 291 1129173970683599904
236 292 2869231259571126828
236 293 -8824958848626642375
236 294 386848471804409604
236 295 8201059676179631869
236 296 -1940384938803057385
236 297 -236364922544951531
236 298 722016218603634458
236 299 2822258581512520907
236 300 6863494875112059009
236 301 -7231474433240560004
236 302 2790163116652765294
236 303 -8825003349892128842
236 304 -8899750371777272762
236 305 6679411623907687711
236 306 1662127407105958503
236 307 -8457631512616583680
236 308 5192246185292823606
236 309 4003902178623531456
236 310 8070349747850137954
236 311 2134879059837770735
236 312 7172160215262216545
236 313 -5722287580447752909
236 314 -1626834664885053229
236 315 1079710589679633270
236 316 -5758027365319261611
236 317 591860795445152717
236 318 -6654951616226039283
236 319 -4307648505874718538
236 320 -2908442179071096562
236 321 -3385165796698949558
236 322 -5030982734782671964
236 323 -79814857044105557
236 324 4581670162991566714
236 325 -2360152169938268947
236 326 -1821061587462563488
236 327 8971537902584817874
236 328 -1750310736047361631
236 329 -1031599843278291124
236 330 1701038936775000151
236 331 7347911463022927527
236 332 5688369082823782024
236 333 3737093943257523463
236 334 3705438346214027917
236 335 -4200227517927915917
236 336 4535327483314721132
236 337 8397922792380833783
236 338 7616187531272022571
236 339 -1088823814414121514
236 340 -2667301939897574581
236 341 4729584598793516077
236 342 1138756281053613248
236 343 728838583181608615
236 344 -8583614352655602015
236 345 494952678288577809
236 346 3905317508940125983
236 347 -6589436874388691099
236 348 -5309809205537426980
236 349 -1910829481830232976
236 350 -2600711603059101485
236 351 -4483643646293975325
236 352 6073877392642431690
236 353 -9111882598098409362
236 354 -2144663298900609451
236 355 -7006633221476233189
236 356 9033446862837320558
236 357 2351212373120941735
236 358 69081784483909222
236 359 -8542149448911862235
236 360 -8309288638068930097
236 361 8767719542501549530
236 362 -2477664694234839087
236 363 -9032051147794279971
236 364 1537587742978592544
236 365 -3965477034384866344
236 366 -2993951750721341803
236 367 4375408969644002537
236 368 -3266379838619172063
236 369 -95928733784197764
236 370 9190041349411590562
236 371 -4613579130779057665
236 372 -7920616502130960383
236 373 -3250104493611060078
236 374 -7724092590838197666
236 375 -1048018152480411725
236 376 -5332705729118402023
236 377 -8971819339957263122
236 378 3076558241422199284
236 379 -2281411314616921580
236 380 -1347538582931612714
236 381 -8028741116525184270
236 382 -2542964346351333693
236 383 -6170499271168648840
236 384 -7258426339253329100
236 385 6606179063113777982
236 386 4177049856102558667
236 387 757741644843664818
236 388 -59709876531408968
236 389 8245867844787506995
236 390 -668598969062972168
236 391 7781142460095836261
236 392 -5783633973084920405
236 393 5826322476898233771
236 394 -2403456870443042459
236 395 452166804638419857
236 396 -6581934149124739489
236 397 -1694632011918608974
236 398 711009582133652847
236 399 -4016556361816158609
237 0 3871446691724288487
237 1 8955692465409420794
237 2 4078084576016960054
237 3 2677931287863340491
237 4 4865042434871624908
237 5 -6306090868735981274
237 6 5296405744021976116
237 7 -7687651723062697041
237 8 -1849401463842585705
237 9 -2026006269366574146
237 10 -179228692619651443
237 11 2161932481708872188
237 12 7032654292216084123
237 13 8100100038965148652
237 14 3701308214059802943
237 15 -4664171650830482392
237 16 -8618183768884484973
237 17 -217841795119500154
237 18 -8519693968520107957
237 19 -5474419837012346686
237 20 -2216198547017118214
237 21 -3305479691152863126
237 22 5389547138339249733
237 23 6427022851598815118
237 24 -5569752296577390584
237 25 -2370421725784431387
237 26 -5214299504443063608
237 27 -8677890037813076761
237 28 -288338705351041944
237 29 -4912278779734144091
237 30 3094918997023904742
237 31 -7496935575038586438
237 32 -3381206235501399718
237 33 -241979495055130494
237 34 -3093288829403101779
237 35 9145766775126607664
237 36 -554817264177730017
237 37 -530452130816908441
237 38 4346755521680815667
237 39 -3301362509851820057
237 40 -5382472777415508344
237 41 3822906471593061649
237 42 -2107258982387484615
237 43 4411237576202289136
237 44 5609213449652683033
237 45 -4352730467614588295
237 46 5522262019551288416
237 47 -8531350654601705518
237 48 -3869224244986009668
237 49 3996914759992549135
237 50 -345847801042940136
237 51 7120150312232945854
237 52 -4914324627526232034
237 53 5949951559972868560
237 54 4827881328672543794
237 55 -3541181207836300696
237 56 5990355251752814128
237 57 -6640900276233108930
237 58 3868708833305433636
237 59 8280811064139319850
237 60 -4125621820902494519
237 61 1078757591014823138
237 62 -5655242337519672263
237 63 1273416665114365102
237 64 8623749531035860359
237 65 -5521719615074617654
237 66 498090543848880251
237 67 38591641191221271
237 68 1547833531834344148
237 69 6003036650662895172
237 70 6033749819493651051
237 71 589605877318808265
237 72 -8052190051140553368
237 73 -3539052891775441029
237 74 7975101042164484058
237 75 -2526687750982001194
237 76 6999270617863683047
237 77 -6967702864562112994
237 78 -2147300746535820218
237 79 -2181369451778431251
237 80 -1411580783004476660
237 81 -7539002386462496972
237 82 -5433886561277469608
237 83 4346358239447731327
237 84 -2821032143914409640
237 85 -477664171075213820
237 86 -8997627656551075643
237 87 -6038915889993571648
237 88 929506309304644370
237 89 -1094788437556978212
237 90 -1431523628814554157
237 91 6204615130162347465
237 92 -4253923413508364075
237 93 -8614593377944720367
237 94 1031143741106475972
237 95 -3201442756214729979
237 96 996266785356716123
237 97 7574804635661824380
237 98 -4181796494888336183
237 99 2462420981382535692
237 100 -4430481521919017489
237 101 8777912928022334959
237 102 2870703962590767245
237 103 -4121088253157996819
237 104 1107966467733198296
237 105 7714198179052016847
237 106 -8190715866552459914
237 107 -3010675823943918731
237 108 -5289534850646318654
237 109 -2406596880629605562
237 110 -5585443411317267426
237 111 -7147375894452484783
237 112 -3592272418463190267
237 113 2419586865317582087
237 114 6018252616756642505
237 115 -1004085506828244110
237 116 -7494847400447386342
237 117 -849239279411544743
237 118 1136222444676157278
237 119 -5904605668619032564
237 120 -3343211694748173078
237 121 7244213579880486004
237 122 -3180916911952505883
237 123 7211792621500452196
237 124 2254149456699738508
237 125 6918031036735967133
237 126 -4324530059753045472
237 127 -7870212158080623616
237 128 -5409880941582201952
237 129 4430887585984905240
237 130 -4356779445912984182
237 131 2708217163057791553
237 132 -4793791597438681801
237 133 -5380127479625775023
237 134 8884794061492507075
237 135 -6158239932623400145
237 136 2747512526089114419
237 137 8280339757615110395
237 138 -270501343129357369
237 139 4792874268443441707
237 140 -5697423512591861121
237 141 -8242033575663166481
237 142 645983331557375532
237 143 1616551303494855823
237 144 -140075686225547694
237 145 -5949711514575929609
237 146 -5832289290780242944
237 147 2146220674307099625
237 148 2863189136662221263
237 149 -3361738099357004423
237 150 -7701075218874622103
237 151 8653615387729056143
237 152 8711753650717968568
237 153 -5697814437764977441
237 154 2624203826092852580
237 155 3786810555324710822
237 156 -8188856516845572990
237 157 -5943416114014622692
237 158 3603325278823135816
237 159 1488814486203484083
237 160 -5544288080775903196
237 161 7261332310753472645
237 162 -6441778075372409809
237 163 5858276371794092941
237 164 -5865791042232425682
237 165 8465693356301047782
237 166 -6998825161983325242
237 167 8623385584018310904
237 168 7802500201689221590
237 169 7980120995655146241
237 170 -4932261978742759318
237 171 7618381692236901222
237 172 -7753078146387498074
237 173 2047398490549152767
237 174 8300763568599414181
237 175 -505231845655798020
237 176 -7746681090862862981
237 177 4678226242958519075
237 178 -2545928698289522510
237 179 4752904872760108131
237 180 1064865066645158628
237 181 -4328087906120605256
237 182 1702576129882448457
237 183 -1524645324306123373
237 184 -2360093990813638439
237 185 3275571994167472515
237 186 -4475202525475019303
237 187 8641067949405643530
237 188 -7610409378051845176
237 189 4437194556152923877
237 190 8848770062510101410
237 191 -2308652953373138093
237 192 -633499584733619493
237 193 4603166239540015189
237 194 166896446658219537
237 195 6067062075202369524
237 196 1861488306726080957
237 197 -3331569797111336475
237 198 5049370482461307773
237 199 -4814673463699403845
237 200 5966064298049550164
237 201 -3985135122730915760
237 202 -380301463158351401
237 203 -8558410034937067448
237 204 -5879198891929837496
237 205 -892437794664299616
237 206 3590793463767907792
237 207 -6802554915877298935
237 208 -6560332149348324098
237 209 -3007367726232369726
237 210 -4560048780238076267
237 211 -782911012407133694
237 212 -5975691057749777253
237 213 -958902855973837112
237 214 9171213288991083593
237 215 5491888913361740317
237 216 -8063336830811959765
237 217 5701900397498950313
237 218 1408124395593059920
237 219 -553790270323964693
237 220 -5765117184580521050
237 221 3940008367124414334
237 222 5388127538883056984
237 223 1450398329021680677
237 224 -2262977592788436981
237 225 455319594338636678
237 226 -8896527406198376026
237 227 -544475204516050290
237 228 1524287339579813517
237 229 -3029391327662019191
237 230 7880346737612616880
237 231 3843557592323013239
237 232 -7742700408217762298
237 233 -6754374095661176404
237 234 6371264687996966623
237 235 -6088374612382446544
237 236 -8003836516264982247
237 237 7009119844316567000
237 238 2958132044908776696
237 239 -8018833049116373978
237 240 -6054744631840579507
237 241 -7438348019981538152
237 242 -6686670396630228625
237 243 1054461689188979667
237 244 4985174465465612221
237 245 4446369502901219325
237 246 -5404746079434256855
237 247 -7614732146693449716
237 248 7643212413383056254
237 249 3379537817007627200
237 250 667724119198069527
237 251 7436947319013191844
237 252 5937667424439942595
237 253 774522612015132848
237 254 3767494998081795303
237 255 -2407866569159417890
237 256 8371318757543491389
237 257 -8991452338591911397
237 258 -236590908694363651
237 259 -84474553310552306
237 260 7838875912872423526
237 261 -6362594825582860182
237 262 -1825083217293838002
237 263 2015652905333397288
237 264 1126076033943706668
237 265 5384859268585141970
237 266 1542213287792998808
237 267 -3247472654476085885
237 268 -6359834156778521639
237 269 7165391851331091985
237 270 4067725701135344443
237 271 -5181687170073860432
237 272 -9192889972717857506
237 273 -4797579800755501430
237 274 6315064718224078257
237 275 175873952918379677
237 276 1958523328948170558
237 277 -5046351134910924125
237 278 -3481315111868241220
237 279 -4539044024414894271
237 280 4371855074281141427
237 281 -8491966361614055048
237 282 2918444906362050578
237 283 -7692074118307728355
237 284 8478088288363097755
237 285 -4592609502095682290
237 286 2624791539520843256
237 287 5183812056150964978
237 288 4633999761262340407
237 289 -5931025094057377765
237 290 -1800625033001425970
237 291 -2918846527438219326
237 292 -1798185316977893048
237 293 -4818041675344259444
237 294 3652846074336692628
237 295 6672804013414111041
237 296 5101409565459177873
237 297 4651527865633296936
237 298 -8049680771688694015
237 299 -8512008831746550777
237 300 -4480746086509714106
237 301 -232030290419947578
237 302 2532573197455206779
237 303 -7978912519119641471
237 304 8286324484749770674
237 305 7229553678292245318
237 306 6723539642012758469
237 307 -8291135753906168690
237 308 6486382193654471585
237 309 5155192215912230719
237 310 5066975815916620394
237 311 792407670752057742
237 312 -4148790645547159975
237 313 -3121340939115444737
237 314 -1178063790372866611
237 315 -729461764077034939
237 316 -5230762521796459784
237 317 1210082097785552797
237 318 -3367403315701546603
237 319 -146705452010165237
237 320 1097969151121891575
237 321 -9024278225749280055
237 322 5367150461855074975
237 323 6635062933850092936
237 324 -2602686050717065183
237 325 5040575244311938154
237 326 -223758785705722834
237 327 9166040562683252878
237 328 4379742079893512940
237 329 414128707467707014
237 330 7254830680599849308
237 331 178639125080218597
237 332 683433175418872281
237 333 -608565647062421688
237 334 -256511315848593010
237 335 -2470804714069096587
237 336 2052596471881592974
237 337 8972186279512641263
237 338 -2646990815906890287
237 339 4987224818959263719
237 340 2793856717116021814
237 341 2725023973674948848
237 342 -546754255423148024
237 343 -5632743166489440428
237 344 6604833187188751212
237 345 7033084826878423457
237 346 -3868496983944001764
237 347 5306022799064746985
237 348 -3838465064869679623
237 349 5106399024784156628
237 350 -5320996166794864234
237 351 4504183971786829664
237 352 -8395773706986806716
237 353 -5337779496789452453
237 354 -7295797378088420457
237 355 4577687355563071594
237 356 382102538755910581
237 357 5712647779733371534
237 358 -7920191379828812022
237 359 3139739530884413527
237 360 -8339663042288515727
237 361 6770616951124867845
237 362 4957129695704717039
237 363 6249665276199988686
237 364 7271639906841342016
237 365 -5184654211394044059
237 366 5362667491999362093
237 367 -3195037119861128811
237 368 5496268418101503630
237 369 -7845054692030851976
237 370 -1477623781918562094
237 371 -8829099713325795848
237 372 -955790105675821597
237 373 2126229636745385047
237 374 -3915410556189103529
237 375 2777422704976105986
237 376 -4624032760639433217
237 377 -6732939410106912808
237 378 -8337011123801231144
237 379 -4161007523127673645
237 380 1842771962358998293
237 381 -5191067114080808394
237 382 5270236905850723075
237 383 -4610573219055068505
237 384 -2834294329802374545
237 385 5283933988001709777
237 386 6525682809578779168
237 387 2454870881663032249
237 388 7377904259741401140
237 389 -765158847620593138
237 390 908931478487792113
237 391 6726568240767037125
237 392 8997380122953660580
237 393 -6541006880627853931
237 394 -2034797954810660326
237 395 -5963652775558645422
237 396 5269721674039760796
237 397 5103988905168650933
237 398 -5561053072473000139
237 399 -8627990613188331644
238 0 4729064603129042278
238 1 4073146055406290259
238 2 -8060627822416531815
238 3 522558806629306374
238 4 645737991445273295
238 5 -1996728998160756691
238 6 1416169701305248592
238 7 -6693585280201365809
238 8 663197134829073421
238 9 -1200092556460791964
238 10 868672833068578525
238 11 6495279308340895567
238 12 6784315044737550671
238 13 1405947652512223149
238 14 5249418480871331775
238 15 -8481497901225725895
238 16 -5285219457177876634
238 17 -4810065280325153984
238 18 -6947378562073629134
238 19 -2684156475355564018
238 20 -9210806689581310840
238 21 7223346553858517465
238 22 8136505648772076497
238 23 3141080606502911444
238 24 -8684664053043398432
238 25 7513523014386284609
238 26 784928996210084961
238 27 1793389091772235680
238 28 3106666453159537001
238 29 -2734025520022597681
238 30 -5402870437863207796
238 31 -7816452898857345798
238 32 -8730998785597877163
238 33 -3437092376189587914
238 34 -4687837460490741586
238 35 -3129896748800668611
238 36 -5803873733308382306
238 37 6494681180786466839
238 38 -81192260626240565
238 39 -7832075349572645491
238 40 -2871977294607118823
238 41 6994887162930851816
238 42 -6885013949736414490
238 43 -2541118244578111450
238 44 -4612916576174652671
238 45 1897655065825430190
238 46 1280135025853760428
238 47 8960853571997680419
238 48 8094064125740768239
238 49 -7284164590259700853
238 50 -3507091792895600571
238 51 -6976414874592723042
238 52 3064735736650382772
238 53 3964310442608513786
238 54 149867575432721158
238 55 -5744303244630981743
238 56 9037795588709926571
238 57 -1267116697539780117
238 58 -4170026795954712438
238 59 -289296420851360591
238 60 -2427067809746905637
238 61 -4790206289135037982
238 62 -1473451245698965275
238 63 4964484915276896399
238 64 6387356865448137275
238 65 -6180362654011319265
238 66 -3137919503325499340
238 67 5168518058065566553
238 68 -3758623810892691570
238 69 6894106818165725907
238 70 -6555058958336205138
238 71 -7534353683640993668
238 72 -8669993405077434160
238 73 6150280894136129360
238 74 4873429631058893845
238 75 -2835299616616746381
238 76 -8606238389054840827
238 77 -8498974420872737056
238 78 8977562839076236308
238 79 5376784106091549844
238 80 -8012953874321356925
238 81 6760203024005019402
238 82 -6246309034843401135
238 83 -1529194532665817215
238 84 -4286523025547051411
238 85 -5955316691910694697
238 86 -8567140848692242100
238 87 7426981682316824773
238 88 8810891787559748534
238 89 1342467314805286731
238 90 -8732187477316916229
238 91 7162432535180459720
238 92 -4183620980416135987
238 93 -2247766840706391734
238 94 -7340317503978085118
238 95 -6862735934374229303
238 96 -5831609709152360071
238 97 5209054656834848681
238 98 5499207910593017763
238 99 9195558179364249115
238 100 8664270423594030006
238 101 -685030365509944650
238 102 9117027803983072336
238 103 2440551949516904888
238 104 8383153229168648893
238 105 -5873598611700257537
238 106 913753060387415861
238 107 -8245628293569178477
238 108 5091117149963798125
238 109 2105176407564603680
238 110 -8215559870223542397
238 111 6392585767286890167
238 112 -5376152094215222884
238 113 -8586885883052304032
238 114 -2846693881389286225
238 115 -901013161948416988
238 116 6847832132441178983
238 117 9202993742840244256
238 118 2287242512595481903
238 119 -3596027462022671423
238 120 -4732907327634187155
238 121 -7464729290812750167
238 122 -4291047782849083849
238 123 6131713497391299001
238 124 1849153875471712055
238 125 8824370149377495763
238 126 -5328529520863827290
238 127 79775990276244938
238 128 4635741596012001906
238 129 -2039911613742805404
238 130 -613392123427093186
238 131 8975765455107666416
238 132 -5621492907781094656
238 133 -1596823343280748187
238 134 -6616748709206355466
238 135 -7298596699116892620
238 136 -2994512789318439202
238 137 -5014990253418671626
238 138 5291194916549309788
238 139 -7413959562486083487
238 140 4557409458088102207
238 141 -3154021523291135096
238 142 -8450518730272873864
238 143 850468796499804414
238 144 6369788374671190289
238 145 -9217447011697224354
238 146 8239908902508328262
238 147 -2213281755379785424
238 148 -7844449908662716813
238 149 -5900370252112250249
238 150 4107873606634855978
238 151 -3745857587249916436
238 152 879969031057568269
238 153 -8379199998474790628
238 154 -3761516604425220556
238 155 -2307323688862009596
238 156 184768700919722938
238 157 4200581351811977036
238 158 2002276270733452544
238 159 4487776056963433592
238 160 2772246221597190288
238 161 -2941284957418759344
238 162 -6240902053942247132
238 163 -8603136238973047156
238 164 -4254235571253216189
238 165 -6312162730684528277
238 166 -7721935835912913685
238 167 5038548338219107256
238 168 -4340162011103785689
238 169 -3999799022462286010
238 170 2710471810738832681
238 171 -2976468831015943926
238 172 3309696076747215159
238 173 8109756123710461947
238 174 -6387569813515746445
238 175 -6417305822688566123
238 176 -7819128410879901911
238 177 -1792428018280356586
238 178 1162156422111296948
238 179 8604426726634256066
238 180 8332209071816309109
238 181 8468972521336404737
238 182 3410740805699566528
238 183 -1090064815818505398
238 184 753041274169938155
238 185 -5866429609149898513
238 186 3492823839190784448
238 187 3444176593257759491
238 188 -3697215552086755695
238 189 7190898952180518473
238 190 5146725702884492609
238 191 -3706310004008353334
238 192 -1134693380465559
238 193 -6679949593001576090
238 194 886637521662689148
238 195 -468022182853146956
238 196 3964235566139133272
238 197 -3624488706569623500
238 198 8994576404439376089
238 199 -5290468828000100785
238 200 -8492774804074932418
238 201 -1273313028707617667
238 202 7027356154920611811
238 203 7997562491655384629
238 204 -3263205212885341614
238 205 -2211617192372632061
238 206 -5268250902756012910
238 207 983946557521917950
238 208 -7730731043903879428
238 209 3857224578261953942
238 210 3194384512214711731
238 211 -3200364957379566550
238 212 7324470061964514725
238 213 -8046095309054950192
238 214 5655153045188266747
238 215 -8201198955364095438
238 216 1430676496177357955
238 217 1382212925990098712
238 218 3505066407421030212
238 219 -1682542297357818914
238 220 2562011769733148325
238 221 1821544321782617947
238 222 2806367886832688641
238 223 4017169050223532504
238 224 -302710504985487969
238 225 6072027189302029452
238 226 5826930946616504325
238 227 117918540609011762
238 228 3468487303654345389
238 229 7916279969637539942
238 230 5314369818941475086
238 231 -4781511298953762680
238 232 7735803713303713647
238 233 7552586084306193503
238 234 -7994562281812633563
238 235 -2515469990820637294
238 236 -942517909271325814
238 237 -5116416637843077611
238 238 -3805589230585768905
238 239 -8735766616602918679
238 240 8832224051529457847
238 241 1230398897575404559
238 242 -1689106620224493130
238 243 -7027461184169269933
238 244 -4484240311156455397
238 245 -6272914610567549746
238 246 -1675213671641052930
238 247 5390918490849860094
238 248 -8722021578958379450
238 249 -196032690209785808
238 250 6651675929292469125
238 251 3596355268049577284
238 252 82804033204090184
238 253 -4103481882571207407
238 254 495251184819318982
238 255 -1391053925356731977
238 256 449755792789755930
238 257 2815054183439512435
238 258 4530216419228019081
238 259 -1929187414120235692
238 260 -66304699859810363
238 261 -2924666352163100528
238 262 4611767099573553644
238 263 562119174482257308
238 264 5057338955115151373
238 265 -2412760401639444559
238 266 7529760291668886241
238 267 5558259529218420015
238 268 -5246847502448921413
238 269 -7278806999165965596
238 270 -2974626089338499475
238 271 3386349649832179989
238 272 6740109715716345220
238 273 -1151741808520182351
238 274 -9156244870000569702
238 275 -5311816680832293554
238 276 -495287094566902108
238 277 -2565552262194330570
238 278 1455675893466285105
238 279 8222832389769944698
238 280 -5498426324591434324
238 281 1543636206918101334
238 282 2954081449516506506
238 283 4988453977478184943
238 284 3566535705729189642
238 285 4708196903111314023
238 286 -301714502590487971
238 287 7711339364195948001
238 288 2754970728667425653
238 289 -2144490506961584051
238 290 -73014053289307523
238 291 7926765830166549625
238 292 -5294886549422186242
238 293 -390051046612451037
238 294 -9086704717376416083
238 295 -4298308225482925016
238 296 -826635086437933166
238 297 8637375234956453001
238 298 -2808116201688720033
238 299 -5680128934093747579
238 300 -1267985020310515543
238 301 1396178748037965453
238 302 -422653499750214772
238 303 -5858195562360312697
238 304 6073593096802797156
238 305 -3295470990204015397
238 306 5648604798294301345
238 307 5848184436880969640
238 308 1259550786078985046
238 309 -2582413582936666724
238 310 8489506986628145073
238 311 -6098803897128192210
238 312 53605800690710710
238 313 2144407590853766780
238 314 143571459749126989
238 315 3425566716509611771
238 316 1384405552050818315
238 317 -2057253975674315514
238 318 -2876729512767387708
238 319 2462961336094892213
238 320 7051096042041330703
238 321 -6610086255570244345
238 322 -454700492449539297
238 323 -3688194339711126199
238 324 -4764110242481431587
238 325 -4098675430950670600
238 326 -7577094939949564047
238 327 -563966129187765213
238 328 6436639440775088823
238 329 -7932195839017785098
238 330 4537921214494259050
238 331 -1220232623842816075
238 332 -7635664219687851289
238 333 -548560243732587534
238 334 5790341096255946988
238 335 5931178191799135094
238 336 -383047758820884977
238 337 2601300128315800282
238 338 -7314398930614338994
238 339 3621217397909286183
238 340 -5189044522799829110
238 341 6080011377844311040
238 342 -4030720567914574576
238 343 6448353344003537074
238 344 -6212785619458033327
238 345 3167506973016694756
238 346 -6778591915101385504
238 347 2541260245143097506
238 348 -707108362849254330
238 349 4828469100380522235
238 350 -6248867427237257570
238 351 -2075861315526958105
238 352 -3961178214847803237
238 353 1617269603662630589
238 354 314238778500071069
238 355 -5558632427921292615
238 356 -2866391275980922000
238 357 -8245111995008105604
238 358 -4650750531343013321
238 359 -7238060126851204012
238 360 -8435921285047547633
238 361 -3531195711168089031
238 362 -2165995634839989853
238 363 -1873606885919404997
238 364 4726449723560612131
238 365 -2248606287292638465
238 366 5081209938585266838
238 367 -8977997916797101640
238 368 3301360834370891631
238 369 -8832802120483142055
238 370 4276472685251070657
238 371 4478131626714284389
238 372 2322261143088150615
238 373 -6190925169637447820
238 374 247005114684557934
238 375 6128235609487494652
238 376 -6904427952863006455
238 377 7461560240465601086
238 378 -376957468602150507
238 379 2003447043663724754
238 380 -8808263322160399580
238 381 -5652764421276596074
238 382 -4657229725172324702
238 383 7070346139566421589
238 384 -3671920513774009147
238 385 -3608765985377084122
238 386 -6954207198715597996
238 387 -6700497726296448845
238 388 4564817245580281218
238 389 -820642675618468489
238 390 -633294546705658835
238 391 854901281127475504
238 392 -4081084939903613910
238 393 2593446052674062931
238 394 3328847260470081383
238 395 4830056434031428725
238 396 -8977732585982115318
238 397 7253923900527189463
238 398 3590973828294759497
238 399 -3729189327197966397
239 0 -572992020358340928
239 1 -5786383651135171141
239 2 425979241208830124
239 3 -7886027491279701045
239 4 5902875817089223800
239 5 2700797296561322425
239 6 7307876802325628273
239 7 -81736359690782227
239 8 -4742072400990809542
239 9 5026116572290314885
239 10 5662967812081443430
239 11 -2568397032591686044
239 12 8664992725023159064
239 13 3718048495639180011
239 14 7088067765212928523
239 15 229230308382199547
239 16 -4250143908200987879
239 17 4141834191704760288
239 18 7601078302294340717
239 19 5395479786276271373
239 20 8546692579743609543
239 21 -7370498740425550242
239 22 530121907781865492
239 23 2635757415907633307
239 24 6232073642602313545
239 25 -2597142346224893091
239 26 8328371785819754734
239 27 -7451599645558208469
239 28 1791210293803376609
239 29 684723160432156318
239 30 -7462672127388651510
239 31 -3210312694586198500
239 32 5834793887705318110
239 33 -1662470384461116108
239 34 8814187412929253726
239 35 -179827822878057245
239 36 9168700085179907156
239 37 -1887717335021723624
239 38 -5652972149214211152
239 39 2700239903286610172
239 40 -7376276880601749962
239 41 8496102295100850943
239 42 1414354424282083221
239 43 6097100834976681773
239 44 -357781952298559539
239 45 5648256096176434329
239 46 -5563762323606828743
239 47 -6283261885814522687
239 48 -5253203815860565835
239 49 2051272127430097031
239 50 -1436442471280851246
239 51 -2452456490115077594
239 52 167090107522525941
239 53 -1925455334083314043
239 54 -6256259937001904512
239 55 2207701443142315790
239 56 4421799980359890587
239 57 -2911071668776342441
239 58 -5253178258276044733
239 59 -1087324624819610773
239 60 -1717944822694529817
239 61 1505221972700471898
239 62 -5218196730514217719
239 63 8258315695482270163
239 64 7500861671650367421
239 65 5660678657495801345
239 66 3521830165176482258
239 67 -4571573440764375383
239 68 -5171609013291403888
239 69 8457324145559615412
239 70 976426243850595206
239 71 3882080145241643346
239 72 -121563151558987211
239 73 -1790103840419278641
239 74 -2450752311335087921
239 75 -7861624920587933221
239 76 -8494826891267264671
239 77 -284845788834489403
239 78 -1932496875125082014
239 79 1560153260876191005
239 80 -6957185686021623760
239 81 -3583964254263433550
239 82 3231641241032673554
239 83 5032218939206196298
239 84 6078990254082777464
239 85 -7281617414791017398
239 86 -3491363712316891954
239 87 8317424399895514348
239 88 -6491995937577923487
239 89 -950833198728445165
239 90 1563846504670351723
239 91 -3182261572852623535
239 92 7293800270605081290
239 93 5157419450208021148
239 94 -1936999469224934379
239 95 5556408283105171949
239 96 8663107132474027884
239 97 -3923143079923674669
239 98 2030860225426005829
239 99 1847924372872162251
239 100 2750777456601716017
239 101 -242528264996000404
239 102 -2777829357604968017
239 103 5084010591224584034
239 104 -6816186025507539271
239 105 5592564360868388637
239 106 -4180298558201190339
239 107 -3966262543511117615
239 108 951541550988121020
239 109 7411828944299886607
239 110 1478101129889564102
239 111 8528089567494994085
239 112 -4748570857657584371
239 113 -2627856618290463458
239 114 1278795462585663526
239 115 7630487727198769825
239 116 -2679480537328639194
239 117 289433299788389226
239 118 6433391306894862906
239 119 -1218784846913084982
239 120 -7350138480596124446
239 121 -8915514310655300226
239 122 -4160415547403049023
239 123 -2499263579004654649
239 124 -8823944726986653677
239 125 -9039400457680606794
239 126 6497557575956243407
239 127 -8403407909077456242
239 128 3857829582558257383
239 129 4586377699496865233
239 130 -909506447352320295
239 131 6115541914928797156
239 132 2423256805028667690
239 133 -3929718231005744385
239 134 -7902694849290662942
239 135 3796465658616596661
239 136 7108442597841566885
239 137 2261518795885309662
239 138 -2641729112693306063
239 139 -2794005479525378245
239 140 5808309700116897018
239 141 -4815374284486086156
239 142 2140494956764982941
239 143 5852038117255139997
239 144 -5534109782828981967
239 145 -7578831772973403766
239 146 5073077197133675339
239 147 17964493650621079
239 148 5298963431096857066
239 149 -6898322539824880965
239 150 -137024285600471293
239 151 1502289842081312842
239 152 -1213065878389759753
239 153 -4775597080793257867
239 154 1194546554707777194
239 155 -3159459631431255156
239 156 542268154872265756
239 157 -1648096646759292343
239 158 -2261443137262707973
239 159 -259648651842643689
239 160 6058700474278513747
239 161 7876156382930118134
239 162 1311798128629248058
239 163 -8231264720004053722
239 164 -115570937002530772
239 165 3421495092818374472
239 166 -9081493435000775951
239 167 2257133938451099978
239 168 5208056610036500302
239 169 81693488250389817
239 170 -316711006325211918
239 171 1462650646350646446
239 172 -2447584507715334113
239 173 -8021702061818708151
239 174 -5772677177467297467
239 175 3432779788871085919
239 176 -2560936511697103178
239 177 -6944531767825552940
239 178 -2382481600592166167
239 179 -7922952142497932171
239 180 -366772335890270146
239 181 -3258353968407069457
239 182 8383653343759172587
239 183 -385245175979839385
239 184 5101236411370068023
239 185 -7568659717587336085
239 186 5288148987555197494
239 187 5919435717482993308
239 188 -3104585227604243493
239 189 -3990970656208666262
239 190 3616048786770705995
239 191 6247427435184319538
239 192 2075547792439064072
239 193 -4096333449214883173
239 194 -2711789248617844927
239 195 4740724112333173361
239 196 -7788980656427626948
239 197 2699345794988247143
239 198 4637543995633041032
239 199 -6390964316604516525
239 200 -8873308575255491002
239 201 -4717808324164559046
239 202 455468322116587304
239 203 -5339444413524380111
239 204 -3596235155210291868
239 205 5297163213015465314
239 206 -765561029354451779
239 207 6824987224990729659
239 208 -3341170527646947031
239 209 5954828961725270522
239 210 -2578407374664252378
239 211 5056031938504495900
239 212 8904146003770212081
239 213 4839060689996743814
239 214 -2130237006390573615
239 215 -3042521190761861038
239 216 -6121519873763631954
239 217 -8043427774009656620
239 218 -4530226990798260462
239 219 -7248059039275126790
239 220 -1803273235511957557
239 221 -1673402580930940031
239 222 -2305253040872165268
239 223 -6852027620381138201
239 224 7513685610983769424
239 225 -4444218048770221288
239 226 -6389835165765953721
239 227 4065190127074973954
239 228 8450469086332619620
239 229 261954589982741889
239 230 1228938362579343376
239 231 6200759260752288525
239 232 6285244251264280198
239 233 -8235426933396236071
239 234 -7555733958046222371
239 235 8859172741207647082
239 236 -975016196328943808
239 237 -2445668993585776897
239 238 9158472519934588411
239 239 -2818010617416817379
239 240 -7881382287210873747
239 241 416724825945575628
239 242 -2260097683046222326
239 243 -4498328628586927984
239 244 6960334782192816720
239 245 5456461707345921650
239 246 -3829170718204769924
239 247 -7617313522315465075
239 248 -8733619127900721484
239 249 -1465118800600997113
239 250 -4118142838772506074
239 251 8793160134737202436
239 252 -5238909640614466927
239 253 2504607017316866319
239 254 5748885757170699489
239 255 13246378165265923
239 256 8360706598389861724
239 257 7858954577280659499
239 258 -2120149601097424343
239 259 -280749040531631638
239 260 766165699077891673
239 261 -4880518788034115752
239 262 6836562437758893628
239 263 -8273679060827057996
239 264 930059405277660777
239 265 3336118028560547797
239 266 4336918790021810859
239 267 -4571799959324833216
239 268 -7223703461493855950
239 269 -2692650610434251199
239 270 195696330701545289
239 271 -2138773411862539563
239 272 -8809627397824257476
239 273 3353892076970028220
239 274 -7611900822529747788
239 275 -4604935537468881252
239 276 8410126954916707874
239 277 -8518066495412082412
239 278 -8090192296856499342
239 279 3400658894817054531
239 280 7421951725772401025
239 281 3533970050589311114
239 282 -2214334713847216899
239 283 1423286280856922882
239 284 3879159193547785728
239 285 -3954758428569752842
239 286 18506504203468350
239 287 4616458366439014033
239 288 -3757662676353543613
239 289 -9150848586624809424
239 290 7239549417846019518
239 291 -791515357127199821
239 292 1523542080140199036
239 293 5010970263934562646
239 294 -6521271197659459845
239 295 4124669671762191179
239 296 6073601292135641752
239 297 5617496584111223725
239 298 -8982272213989290148
239 299 2232733998159167708
239 300 -6917123287392173861
239 301 3881489706493525234
239 302 -4600622413195159210
239 303 3138413763681719479
239 304 -3026495469782380104
239 305 5462575057204974199
239 306 2862832034778243459
239 307 5221326999174452953
239 308 3699980393352329469
239 309 5238239467228634003
239 310 8458214884803517019
239 311 -7088168713046669406
239 312 1116126099574145840
239 313 -856617750203741594
239 314 3553032335822577020
239 315 2848582677677361495
239 316 -4413820223444974038
239 317 -3607423893411518704
239 318 -1982191268426264391
239 319 -5740284082537658447
239 320 -7085185121392264228
239 321 -7755134805078875575
239 322 358709850589186383
239 323 7284921854928623016
239 324 -2101335331125133694
239 325 1135565900666962076
239 326 6670682007161192021
239 327 -3318756243952759257
239 328 -6216448234580496725
239 329 -3394822576480748690
239 330 8594385005489163478
239 331 376182025687322348
239 332 337500490294223669
239 333 -3510557671531066137
239 334 -5386992550088376002
239 335 239189793410658877
239 336 5947467714750631095
239 337 -1325525814431544905
239 338 369908934275792207
239 339 285708572693927259
239 340 -1656363090126691510
239 341 5187440617377759774
239 342 1164247487784626470
239 343 -3173794097071085517
239 344 -1985543436384236865
239 345 -1489067733463999256
239 346 4869169216985069575
239 347 -2257540306394664678
239 348 -1515975916147997919
239 349 6655770792859901149
239 350 5610228974034456761
239 351 -5465861742413211453
239 352 -8528998492472285344
239 353 831498015797915899
239 354 -6417050361370963751
239 355 6796575162291379808
239 356 5545174485309047171
239 357 -4800610874273068387
239 358 7518118126671572783
239 359 -2131164566111530834
239 360 -3565605748131045264
239 361 6103189155707046333
239 362 -3667550526695920925
239 363 -7267367592968375374
239 364 -244439877822708677
239 365 4325417533204000482
239 366 8631652546930420920
239 367 -7712225823714430512
239 368 4595737201430811569
239 369 7864516130390524909
239 370 2323722617471111471
239 371 -8230749614423589299
239 372 -3802575351910591304
239 373 -4338720228169291837
239 374 -1470123692335194482
239 375 -2741246989776955532
239 376 -7019533985990303508
239 377 73011950913193297
239 378 4356433191174251504
239 379 -2535372271138930809
239 380 975135690491994361
239 381 990694302383025093
239 382 9001676863391220802
239 383 -5782878027406288035
239 384 -8539170825213287323
239 385 -3583192330769048473
239 386 6349581495699278894
239 387 -2735190702480255587
239 388 -4166724717341341161
239 389 2280138394714163041
239 390 -510483886821503545
239 391 -5534365597131306553
239 392 2805814958265165059
239 393 -7044755687075100764
239 394 7414077590824304085
239 395 -3458190553427954834
239 396 -8389166783280241023
239 397 885477552563069288
239 398 -1229489732833437022
239 399 5803359217380816435
240 0 7332682109515084193
240 1 -6715408468529528421
240 2 -7664776268909658413
240 3 -5645593218709449231
240 4 4299124572795184894
240 5 -4841549163269970326
240 6 -1568430393710911590
240 7 8549236221087783445
240 8 -9206098516773000789
240 9 -6199375146912362701
240 10 -3025084820748646586
240 11 -1369556572710166387
240 12 -6503579532111613005
240 13 -8849466838609079369
240 14 8446890169932345137
240 15 1017407158777149418
240 16 -974489839296128186
240 17 1588730151177211578
240 18 4141118210249872763
240 19 -6465608208977907474
240 20 -5416934064165480341
240 21 -6966846646694424178
240 22 3580651123555878963
240 23 -5933120995049913656
240 24 -3302741619410183490
240 25 3632795103472143353
240 26 8825224950366711596
240 27 -4178204607096673094
240 28 5910194729548437809
240 29 -7291767956644292484
240 30 4834382881924728756
240 31 -6328180486571941834
240 32 7630997711346393668
240 33 8605688281042120952
240 34 -3006224692815540062
240 35 -1815720573016474185
240 36 1831088803444268181
240 37 811231071003930202
240 38 -3562068806392850559
240 39 -4050834057778109116
240 40 -7871472104516863019
240 41 -8689957962257519651
240 42 7867003143559274762
240 43 7938960947665149978
240 44 2827715411671284236
240 45 6090053949819068206
240 46 -8310115090566843832
240 47 2407224935599634751
240 48 -6095911417619014966
240 49 3158358680881021846
240 50 -7762323926695673865
240 51 2087600482810917354
240 52 6571861583278761386
240 53 321953111467613597
240 54 -1112688637985471663
240 55 5799018753420168718
240 56 -7639964785241737234
240 57 7470988796061104860
240 58 2291828515591680312
240 59 -553680340564430812
240 60 -257445356110221220
240 61 -5930803829518557369
240 62 1987531093151000678
240 63 4865535584864158004
240 64 -4082833412417976267
240 65 -8645974469186410843
240 66 174850515674641843
240 67 -6477426611291173105
240 68 -1090905949084271469
240 69 7502666076512662382
240 70 2282146621721497296
240 71 -4718597215487998742
240 72 6433639339220959832
240 73 2202382234216186247
240 74 -7629496452512216582
240 75 1396288904870063733
240 76 8755502144403719557
240 77 -8383137033848648958
240 78 -5175099553114068385
240 79 -4115111444438991383
240 80 -4612933495845369311
240 81 -3691218379728544293
240 82 -644086727173077586
240 83 5919081574414036416
240 84 -83917691660537903
240 85 6364909440548747540
240 86 7281196943775814606
240 87 7824040289853984440
240 88 -1511183678066215763
240 89 6582763672263818857
240 90 -4411127364511562735
240 91 2259285146641044608
240 92 4064496730845898680
240 93 6910034928810480916
240 94 -5210881162365256475
240 95 -5277950768835013000
240 96 -1256888618596900397
240 97 -2883286185372280606
240 98 8211999941631424587
240 99 5431813045247110275
240 100 -8687701152341243457
240 101 -1256603099702977553
240 102 -381503312001840297
240 103 2284903568832553362
240 104 -5350454297854530433
240 105 5949207647796469105
240 106 8420550525697190247
240 107 -1207588460947466912
240 108 1365954828174710275
240 109 4213898456340260006
240 110 6948809943279239628
240 111 8555637492760586056
240 112 -2560324382673328267
240 113 2744368144472787372
240 114 -139421089256995017
240 115 5793310064304919570
240 116 520182958895614400
240 117 4179763645897726454
240 118 -3841807044263795983
240 119 7837563573535275834
240 120 91099659647931866
240 121 -181953736346818684
240 122 281359675207417933
240 123 -7349754456900137646
240 124 -8745816338419707772
240 125 7730593544599441680
240 126 -5475048975938979351
240 127 8165279241927796131
240 128 6273671846185421194
240 129 -6127790189258025749
240 130 -5152956643834708400
240 131 5733513338175950534
240 132 104964853556417994
240 133 2670145029825043106
240 134 905536517990090489
240 135 5002869991468023722
240 136 -80687403994561754
240 137 7056884835627911203
240 138 -5796784160381729033
240 139 7061691154071492356
240 140 1677012881213077112
240 141 2744483731643697333
240 142 -1963797288527885510
240 143 5153645067225836557
240 144 -5481253021352868079
240 145 3518179522792847441
240 146 -7229411866839909959
240 147 -1960138008198529273
240 148 -1722621760387529949
240 149 4086063674434981938
240 150 7312769482138256876
240 151 -3517881214913792584
240 152 6781515586110483919
240 153 1080637298601640247
240 154 6190368686402268757
240 155 5808707758956429513
240 156 -793347447650765390
240 157 5158401863493443938
240 158 443992968218846646
240 159 4581240812990204662
240 160 -2080668360169282450
240 161 -330968171466798791
240 162 -317428734555655557
240 163 -3090878205005212518
240 164 -5063403828027076060
240 165 -1948726763746398714
240 166 -53378801270539329
240 167 -1295003157941505707
240 168 8351892775885047703
240 169 1969351393271933591
240 170 8192310007395411748
240 171 2150834044940878406
240 172 5715766341151917841
240 173 -2013611046856236353
240 174 -268228474031339216
240 175 -4164615467658605503
240 176 -9013305714719941527
240 177 8107222594640808336
240 178 -7554519781292469031
240 179 4020396385117097362
240 180 338680258602505153
240 181 -1174897974082494094
240 182 -8535538027291358030
240 183 -1777885641315596268
240 184 -865691333334963092
240 185 -4339252288430566100
240 186 5652877805032175096
240 187 8568496500356572428
240 188 -6119257803203794170
240 189 4164517218897419589
240 190 -3475531320792308209
240 191 -854305572067977029
240 192 -7980344025977523077
240 193 134503252144744163
240 194 -3816069131709324034
240 195 -3288444906340223546
240 196 -6951671978655334906
240 197 56815797383152398
240 198 7015021189715910379
240 199 9032806404822996690
240 200 -2327855586336687933
240 201 5639172387849737034
240 202 -4300186271796294285
240 203 -9010317721581836083
240 204 -3231171841035188938
240 205 -1576898489883872584
240 206 -8945729719533776674
240 207 5587449944772383554
240 208 3447022900537132233
240 209 3824208921332976957
240 210 -5625357587808048496
240 211 5893412891345755458
240 212 -6937020028406872627
240 213 -7764019620526234698
240 214 -8341925727475778236
240 215 5722786206707816351
240 216 -5067291594623980272
240 217 -8447046669792926425
240 218 8270458971064969307
240 219 -7771625914147574806
240 220 -4972883127436167813
240 221 6299907812038898832
240 222 6629325289112767930
240 223 -3789419046248522588
240 224 7135082800732591086
240 225 66836738235168449
240 226 7704752420975833249
240 227 7221268475350135346
240 228 -7195323154066200949
240 229 -3721478041368858168
240 230 -6332199743670465844
240 231 902058820064089338
240 232 5936194409100029261
240 233 1993764795045785087
240 234 4217209809757466109
240 235 1539946124749119252
240 236 2657727072996702862
240 237 -5567847077519280915
240 238 8732437483833012876
240 239 7969303739961463440
240 240 -7825932688450933253
240 241 -8901736337502809568
240 242 -5718234532409920443
240 243 -2794140638445224267
240 244 -4423959267954850525
240 245 -4191545197912190338
240 246 -8563040279984383109
240 247 6715430050050756602
240 248 7297390737448341031
240 249 -130442290260587974
240 250 -7689285076294254948
240 251 -6403901117912018999
240 252 3126946904634376940
240 253 -4792736782928292065
240 254 -8912106280686602673
240 255 -8192816701838465358
240 256 7976866582008224642
240 257 -5918800753314970381
240 258 -3064052465285756188
240 259 931949150103876495
240 260 8297998624255752983
240 261 6822995101970974039
240 262 6949504455595873932
240 263 -7410946524121370321
240 264 -772489794941517534
240 265 -5768713575122882428
240 266 3332068059710561975
240 267 8166152463371905782
240 268 -8182168115147802891
240 269 6949715081602098935
240 270 2089627931075883812
240 271 3182599655714088128
240 272 8455829882833264368
240 273 -3806007169750069164
240 274 -7591403223841995330
240 275 -9015846455266824030
240 276 822870339984878463
240 277 -8765008684388475422
240 278 -7108948938502205705
240 279 7514220264894774291
240 280 -7974481286381429905
240 281 -4213696413202805173
240 282 2777802892934550578
240 283 4181583536447308825
240 284 7858541081661764268
240 285 -1984132693305931411
240 286 -8601800855883257089
240 287 4020436101677214273
240 288 7650659301966779958
240 289 6654941541311467787
240 290 -8688337501911845490
240 291 -878425852799163991
240 292 2525414144831199812
240 293 8573661013035238814
240 294 4489519076867847767
240 295 -1913552037489388044
240 296 -1973029328080158062
240 297 -6433821940717404392
240 298 6844522229652756145
240 299 -2188379027076762751
240 300 -3635216586240263073
240 301 9065447974502591952
240 302 2949380986136983157
240 303 -6771657174946418853
240 304 -5566185028463667563
240 305 -3732043465636426166
240 306 6358498530354822010
240 307 8831964682476639578
240 308 -7988878718972190620
240 309 5655701132634551286
240 310 5518846846597002975
240 311 2957504541521618173
240 312 -2648048993579720639
240 313 2206826599453033796
240 314 1415203843948368235
240 315 8516158759081549602
240 316 -2724083406898008313
240 317 4436582493999223910
240 318 -7780015382673686842
240 319 -8781573659757890074
240 320 5601659320574422294
240 321 -4525463250451317694
240 322 -8582488993458868142
240 323 -2195244099130541882
240 324 -5630407476907958601
240 325 9168627992199688623
240 326 -5964343270473377787
240 327 -5401503736821730720
240 328 6530125157159578837
240 329 -8346874633268276475
240 330 -2259941943909310932
240 331 -7334037764839002981
240 332 -8162225893690038966
240 333 -4076195315312204210
240 334 -4702934469241412722
240 335 2753964785923647132
240 336 4045618632410136950
240 337 -3722379290820963015
240 338 -3593465894783887152
240 339 -8999323381499031055
240 340 -7165588330857091924
240 341 3007449039422585200
240 342 -2532650163047355150
240 343 -6202174519360901433
240 344 -6784166235386656350
240 345 8027296134129218109
240 346 7715038514927542419
240 347 8937326510299854959
240 348 -2158014895364205136
240 349 3060187390764405216
240 350 -8915387209825713862
240 351 -8934663140211050766
240 352 4542219868358959962
240 353 -5818201378781268041
240 354 -5978890919554139076
240 355 -7734730535677617516
240 356 -7611850298348226904
240 357 -5626866062896615127
240 358 -7187002082737749822
240 359 4174833298503767079
240 360 -6318473762434114450
240 361 -4738198712165867686
240 362 2301939254078792951
240 363 -2626376728070950349
240 364 6558350745028430084
240 365 560499619907747526
240 366 5151598090615817753
240 367 6263014054634053264
240 368 -5347664640888457209
240 369 8387391420588914974
240 370 1853751910062314712
240 371 8590829028095757901
240 372 -848029618009285264
240 373 -693394919248298700
240 374 -1450697692497583309
240 375 -2788420079721364795
240 376 -7169037767382127775
240 377 -9199332204699600722
240 378 1139212958374085411
240 379 -6362429104889530997
240 380 -3969645605758376356
240 381 2802752592051178521
240 382 8041574368870795279
240 383 -137975084584979918
240 384 -4582635312039162951
240 385 -9032252428300344846
240 386 4953418986509672510
240 387 -8824132099958768623
240 388 -8982883529448555132
240 389 -6250614512497518324
240 390 1353015769005994485
240 391 5224811998267236745
240 392 -854795263259131378
240 393 6422009821354675784
240 394 -7455110910226126045
240 395 -6749216967979452363
240 396 -238355558084065540
240 397 -918820502080885880
240 398 -409436568045507731
240 399 -5756552556377446104
241 0 -4921768947441392534
241 1 -7521211232486912910
241 2 8437597304495816965
241 3 -2455651336501874567
241 4 -8149622210673849657
241 5 -4819643488418145529
241 6 5873777177444025778
241 7 3219950140065332083
241 8 3859763785735612320
241 9 -5833929373501753519
241 10 -1094668164369025137
241 11 -4521034671484261455
241 12 -8431334355939735562
241 13 -2481838244366096096
241 14 -1943211419910311691
241 15 -146518515488386658
241 16 6183359167668523571
241 17 2734621270952521247
241 18 2051860200123319252
241 19 -7115931494855929312
241 20 -7080960154980995817
241 21 4156272458406122401
241 22 7547459644149881475
241 23 2457090260588347964
241 24 -5156087094430250058
241 25 2584505580662058654
241 26 7372262951187768948
241 27 -8450240415330039822
241 28 -4565153929908313997
241 29 915013035572894250
241 30 8958466975440254050
241 31 7543431593210833856
241 32 -3450397702795593710
241 33 2047577053448435639
241 34 1108483215769661028
241 35 3858318726642028046
241 36 6290084573651152437
241 37 352819910115335089
241 38 -781150556088052805
241 39 4164652502963042062
241 40 -4126441645621192349
241 41 3491532610593360305
241 42 -5312878578757468518
241 43 -9200321078168586756
241 44 5231239366978275095
241 45 -1572073291698628842
241 46 7139218168113209576
241 47 8533309231850018784
241 48 1863463926267265171
241 49 7850357324163981923
241 50 7796438037387028410
241 51 -4114358102840246756
241 52 5961837071014217283
241 53 -7178782834615569190
241 54 177238802319667819
241 55 -5937937256339208918
241 56 325998697143188168
241 57 -5974568832644406204
241 58 -7284023743550354576
241 59 8245125677336545396
241 60 30733811852812421
241 61 5837341679648727318
241 62 8419064904795135444
241 63 2603542685258134928
241 64 -6245428039063973944
241 65 4987420476865579513
241 66 8942232187819023006
241 67 -7549916735184752792
241 68 -8472641002998070312
241 69 4114244446653760830
241 70 90312904777257836
241 71 8898231924407232300
241 72 -7624283341065669097
241 73 572750782025089921
241 74 -8513713388744375514
241 75 -2970519183728962568
241 76 -6040705179579490991
241 77 -6426075582746303943
241 78 7924995199252810241
241 79 5500528317848704186
241 80 9026307910284453351
241 81 5605212864757363558
241 82 -8387475620146226978
241 83 -134164902869626780
241 84 -3164347885637115415
241 85 -7004160811323165572
241 86 -8162477221635415218
241 87 -1119336909283097851
241 88 -4077909180129693441
241 89 7274095630831590453
241 90 4329191947029513601
241 91 7463704827381607166
241 92 -5746507463139651456
241 93 3284878772339490651
241 94 -5473745506396101818
241 95 -7968057376762893222
241 96 -7106942535886692678
241 97 -7964984340170664862
241 98 6978937018232611033
241 99 -7769604106859987727
241 100 3347464125194472945
241 101 -6887847004021909844
241 102 -4668583976821683938
241 103 -5390859133957346034
241 104 2537919221117282797
241 105 -4804257111715243888
241 106 -5005998247994306400
241 107 -7640556757797248258
241 108 8211998855189357116
241 109 2855221798972193205
241 110 -1436745292292835908
241 111 6397111482879111571
241 112 -584591189245869109
241 113 -2467004921782716707
241 114 3218660184469445147
241 115 -7277499250206848510
241 116 -9035539031670039900
241 117 3494084964310423013
241 118 2305633051823313475
241 119 -3612249481724474296
241 120 2980254866786979753
241 121 6459085332780902317
241 122 -5097205501148041959
241 123 -79026145150211614
241 124 3146896281462620266
241 125 -2026176303288361480
241 126 3699474876811550576
241 127 8478657646176593770
241 128 -219296729304442864
241 129 9033766921262143889
241 130 6504357094142153497
241 131 6990413143683823843
241 132 -8859069822972679222
241 133 72340667703271118
241 134 -578932202398718388
241 135 -2542489685970062116
241 136 -6501420062920673574
241 137 -95570926737052650
241 138 4936098636413875911
241 139 -7264916059467581695
241 140 -7321249415145539690
241 141 2691386812808120771
241 142 5456676245052010775
241 143 122443254170825872
241 144 -1567052349969430551
241 145 -5013810956207651660
241 146 -839867465012040255
241 147 1199691288959754355
241 148 -3889699057381588393
241 149 -8431758405248522079
241 150 6731220329717683700
241 151 -5767474979192380777
241 152 4431322524326891063
241 153 -700271480530435654
241 154 -3402971214140480476
241 155 -5748825325770706763
241 156 -2167066386139449711
241 157 2856464368659087188
241 158 -5897140191925461941
241 159 -8894154268901706719
241 160 -788912198864845122
241 161 -2070745967387828124
241 162 43791207879616312
241 163 -3440539882620438355
241 164 -3962076676088685084
241 165 435823631310692969
241 166 1547974301420552242
241 167 4373848212180525715
241 168 2853878557053404889
241 169 5824902851065971135
241 170 -8004604689920977574
241 171 -5011757097698714749
241 172 -669581882583361466
241 173 -256790280258571561
241 174 -4251262364809558186
241 175 2620576519921748985
241 176 -8415658467537543554
241 177 3956354341542735044
241 178 -919428526980227188
241 179 -3711950380852153690
241 180 7201547738495538584
241 181 -3904193101498684438
241 182 -7823065065136600509
241 183 4764436974334776995
241 184 -3873247327314876429
241 185 5853993004844503491
241 186 -3132691951039481040
241 187 482867696221196826
241 188 -2854605716769332976
241 189 1851355449683427282
241 190 -500429954973159718
241 191 -2356557702274897720
241 192 3790605141477166981
241 193 -785367533201686442
241 194 3111306633623231371
241 195 -8525099671151635299
241 196 8711503737863289966
241 197 -1881365715249747460
241 198 5854987263323381880
241 199 -6497800434936265037
241 200 -762346458173077445
241 201 6262157684361614502
241 202 3119797000533915618
241 203 -1449184995398410590
241 204 -9109236105611694500
241 205 -2707485360826673814
241 206 8728743316343860305
241 207 -6908138026838367252
241 208 -3506742683953905606
241 209 -3491649445410006596
241 210 6641356313686366779
241 211 5697684393726639531
241 212 -2343318587095651534
241 213 -615398698173384155
241 214 5323619139683942740
241 215 -9050813535459910766
241 216 -2292390797929367916
241 217 8524238534256175627
241 218 2225348153831791866
241 219 -4682419468694198698
241 220 -740714095616286538
241 221 502689506243749339
241 222 -2991390245056985744
241 223 5159453445838312515
241 224 4012099289787646542
241 225 175316183596260579
241 226 -56387185432899686
241 227 -186792953413557200
241 228 7398382625047262290
241 229 660462211947251497
241 230 4156629130839639630
241 231 -6426850069368441037
241 232 -1057153955801351867
241 233 -8003349991794714873
241 234 -5091812035344911561
241 235 -6871560320059274423
241 236 3050652197930676670
241 237 2068658097788480020
241 238 -7022417642020459205
241 239 -3301278288517477507
241 240 1777413281724730292
241 241 1580992591432215053
241 242 -8582308603578229446
241 243 -3676815697967764835
241 244 -4703530070282863334
241 245 6788561287294404609
241 246 -1478848848165529557
241 247 4746872880698746238
241 248 -7636748297073829357
241 249 -4251361360463021444
241 250 -552158955118731838
241 251 6169657793744008765
241 252 -3227481305131696292
241 253 -188182858445663381
241 254 -1216136419898533627
241 255 -864987041713325496
241 256 -2048650674645843090
241 257 1619798723458528660
241 258 -6067434283816657513
241 259 4537834580124571959
241 260 -6717576762780579917
241 261 -2813295645871181614
241 262 5132168633530234428
241 263 -8403287894942160907
241 264 6491765706643003732
241 265 -2827203983830502932
241 266 6604986673961914496
241 267 8267135413102670337
241 268 -2771678771342067476
241 269 -2543145290325935558
241 270 -3750017174126697413
241 271 -3141774514133383107
241 272 -1146433571817296379
241 273 -4410664439475486926
241 274 -2647945245560969701
241 275 -2662409357750945617
241 276 -3048894279014435566
241 277 8883646898208930128
241 278 3889423307778337560
241 279 5160263208460524419
241 280 -1082234684307715250
241 281 8832169804478903816
241 282 -3062646429389216817
241 283 6747490138472123603
241 284 -6158787877032275864
241 285 -3556600094897960426
241 286 -4444875848578613420
241 287 -8494876530840887276
241 288 8333619025345723453
241 289 6057631701913882736
241 290 7666131328115193768
241 291 -5897515829500798014
241 292 -1024949265245014398
241 293 6407485945643714188
241 294 8937293363173557125
241 295 -4748031646286327096
241 296 7436562190152317443
241 297 5350741806454287514
241 298 3376443528183632402
241 299 -3341235958295696844
241 300 -508332312656117485
241 301 -487123505248689472
241 302 2272605946217892579
241 303 -7448504180157683906
241 304 -6377425740927136659
241 305 8179137149022085850
241 306 -5791258565757340524
241 307 6513383954237641485
241 308 -4985125304075290674
241 309 7586831230233276584
241 310 3469426004592382270
241 311 -3800720523885781256
241 312 709923775141407982
241 313 6172560511366039559
241 314 -8777480878630222740
241 315 -3063135884137736261
241 316 -5138921953540941695
241 317 -6165963209673052515
241 318 2413413509707963796
241 319 3055302232746287856
241 320 -53114843840437366
241 321 -3481171088977653612
241 322 1490278956605817274
241 323 2880437675308779727
241 324 -2002621697324454719
241 325 9122615908967606818
241 326 -8450542732060241967
241 327 2545636450960686017
241 328 8701152676525665975
241 329 -3160499431034843290
241 330 5919294539585762219
241 331 7749791187524242415
241 332 -2564334130177874755
241 333 -404739445657053671
241 334 1869709650444331664
241 335 5896104999048081354
241 336 -5728489633706386474
241 337 4559697235794689879
241 338 -2212274418306486465
241 339 8999204734873051585
241 340 8115236628570372928
241 341 8408275114503636251
241 342 -2977473852177993395
241 343 -3525046876682550857
241 344 5702332913928918927
241 345 8448545769260674016
241 346 -8086021029234575012
241 347 -473479664145848484
241 348 -2164732874100031118
241 349 8285655088903607516
241 350 -5414699824171238511
241 351 2665478152853163130
241 352 -7624901271525097954
241 353 3059026788326249147
241 354 -6679389447329272866
241 355 506033245147614630
241 356 -3038260944113936664
241 357 2131795847819674320
241 358 887739651391364552
241 359 5586023832691108691
241 360 -6513937661200023629
241 361 -5845748687890823536
241 362 -4980260954176890009
241 363 1924242386423582005
241 364 8902352721662582930
241 365 -6505280860024691689
241 366 8813507142045519946
241 367 -3101985238553983670
241 368 -1489801979804397815
241 369 7581022924516905506
241 370 -2420565096340089030
241 371 -4343250420496253846
241 372 3204523217137532070
241 373 3687655188126387126
241 374 6029480392345454333
241 375 -3811154393653712185
241 376 -8089303896389358868
241 377 -7247948824508643899
241 378 -5433824791493414237
241 379 5692360310928147030
241 380 -7539643592329202309
241 381 4006340335434234283
241 382 -8696081722475275487
241 383 7584929579809849629
241 384 -8044746938902512790
241 385 -1579598607037003638
241 386 3244638169788972428
241 387 -4828916447297685440
241 388 3563814853203657917
241 389 8100888568626725327
241 390 -7436168493916949180
241 391 7789446829488844908
241 392 -3895001662678911904
241 393 -8515831046068566641
241 394 3586914451054104044
241 395 1184918501921932480
241 396 -7385174860915039885
241 397 -9091296108597450929
241 398 -5945290370610387330
241 399 -9183002259619494439
242 0 -1044088860080018073
242 1 -2593642183166968726
242 2 -847407735155634200
242 3 -8852192933560873635
242 4 7233760837607483545
242 5 -2590625730949891522
242 6 2925680637256609057
242 7 -5488053634190152556
242 8 -8309697028157610205
242 9 -7661079645224042057
242 10 321230741036765703
242 11 8537561493231378929
242 12 9221029649909479810
242 13 -6614405613850613645
242 14 -3505697832175058580
242 15 -521172866520421198
242 16 6989644602831212394
242 17 -4611488554680146731
242 18 5550586591650470033
242 19 -2405957424558808533
242 20 8530631854996409409
242 21 182677296607790719
242 22 -8079320298225610290
242 23 -4110575973738424933
242 24 -6862284945678913429
242 25 -7777001962822737720
242 26 6182788565097323933
242 27 -6225004638679325617
242 28 -5643321195739792607
242 29 -1893936479555239663
242 30 2879203138112977823
242 31 -447439127137875947
242 32 2090943024236172030
242 33 -5788511484948959094
242 34 -6649870293594708606
242 35 -8759776863805032127
242 36 -2738983772284314790
242 37 8581346033305804153
242 38 7646675532140697530
242 39 -4624254475034350325
242 40 -1473855349132593132
242 41 -9027872308863883193
242 42 2162412254636944976
242 43 -4052264218573535714
242 44 8809029108108412627
242 45 2644126341469145149
242 46 4381408328282139042
242 47 -715102446073753033
242 48 -3817641544168223600
242 49 7927472841887318220
242 50 -3402038900331361775
242 51 2335914933408564558
242 52 1432856363595963255
242 53 1015856944755578304
242 54 -1633653321931001701
242 55 4722133350874069612
242 56 7753112299629064128
242 57 3472671820091076545
242 58 2710759073129073798
242 59 -1292429752036284647
242 60 -5884895505057368344
242 61 -7006630522415697435
242 62 -7730177341940973084
242 63 -8321413388446593809
242 64 7655243600464764824
242 65 -5697054026506407465
242 66 970330646019520600
242 67 8873748089241089819
242 68 -5567115945080134771
242 69 78864435217874755
242 70 5515951669459447756
242 71 7438739727358902395
242 72 -4114610236638657742
242 73 5332470844175809746
242 74 7663685347085331648
242 75 -1843424027718062417
242 76 -2734788833913241783
242 77 2422928413748867357
242 78 -7636201793420814731
242 79 -5063359863756138759
242 80 -9147047416806297031
242 81 5993164805337735232
242 82 -5021216152560818699
242 83 2900046749602038889
242 84 -3802141379649846822
242 85 -5839775166148453138
242 86 5067024519453075286
242 87 5471908757658573169
242 88 3755433248851024874
242 89 8734823390314660712
242 90 -4793627959503895122
242 91 -8135045623982665781
242 92 -6145098653253591182
242 93 2899850036988053140
242 94 8618031477262091846
242 95 -6832535433755305724
242 96 381885191054352621
242 97 3996235001146474134
242 98 -3992200064383567933
242 99 -1575601662196654108
242 100 3975670316436748200
242 101 -5460956153852763914
242 102 -2119271011393620184
242 103 -1115095457270154140
242 104 3983601395453491863
242 105 -7825367541697124479
242 106 2699566817620441951
242 107 7307449740910705395
242 108 -2772463838934617232
242 109 4495788459386173210
242 110 -4656243265869395205
242 111 -4159304611067169414
242 112 206657694607905964
242 113 8555826297375225296
242 114 3324111985597489655
242 115 656430484673678682
242 116 3730080645340700336
242 117 1898051310710753355
242 118 -6917618286891309966
242 119 -437020976574823274
242 120 4946248662209592394
242 121 -8171682683173855183
242 122 7844193580338436229
242 123 -7580221023923023959
242 124 -8083462891573574491
242 125 285504362583580888
242 126 -295736622450785598
242 127 -4447685473723243541
242 128 3170324340084630930
242 129 3626440508351167770
242 130 5119495461118292412
242 131 4221779951981484375
242 132 1021545006323327335
242 133 6774023105273519313
242 134 1023874764330117257
242 135 2522568078638303050
242 136 -6363259887485417939
242 137 -5980210286771384431
242 138 6405686784935783277
242 139 2551589191570007473
242 140 186583507381031369
242 141 4606230768892638826
242 142 -666716450041751593
242 143 7584089641933276959
242 144 -6340595307695272554
242 145 62767616496031923
242 146 -147497362392984058
242 147 4157540674863573833
242 148 8160989694074048417
242 149 -2081348514219200111
242 150 -386985031238613953
242 151 -3344183077269329623
242 152 -179702614314759489
242 153 1802664467735006894
242 154 7997291190475752449
242 155 -6891199436902480820
242 156 -3802195200030307292
242 157 2970145520606042760
242 158 4045937629406354272
242 159 4413025175430961554
242 160 -810868124953765680
242 161 -4893178796449470044
242 162 6104012911592150457
242 163 5615955124468399470
242 164 -8771398034435207199
242 165 5243487135612150277
242 166 1516054350995075362
242 167 -6211329614622631177
242 168 -4801202593653255021
242 169 -3787199316882916536
242 170 -2929276118121298152
242 171 -85032731949266759
242 172 -1900681884874126334
242 173 -6217845123414338904
242 174 4922644707812231051
242 175 7780416179670850255
242 176 198587978464266070
242 177 -5143945124546736764
242 178 2820510074638573682
242 179 7050520998201744809
242 180 1265865780350950125
242 181 4189068651385751522
242 182 -5303505612388757276
242 183 -3889588914084626161
242 184 -4628690684297349102
242 185 -7853392285616850066
242 186 6265431247760377804
242 187 8381512746636247466
242 188 6426154926034056779
242 189 2760425252607235641
242 190 5393542320567755511
242 191 -8402475781547918163
242 192 -2995863415257680422
242 193 -7910004366494801932
242 194 62613935945001977
242 195 -8197054101016294072
242 196 -432992191622908268
242 197 2339323490530518858
242 198 -6380209316890839702
242 199 -4373961270417351906
242 200 -765166385034014619
242 201 7246858447568122211
242 202 -8305521031478512447
242 203 -8852620916763481155
242 204 6081897822587087117
242 205 -1118387606641419101
242 206 6789393512125597757
242 207 4158840110655834725
242 208 -8017691272964348025
242 209 -7555790341649937699
242 210 -8907407988234680939
242 211 8945475252420298172
242 212 -3956316251364832421
242 213 5403830896614989994
242 214 3152076944170191526
242 215 -5463020988396929121
242 216 -6676285048631936755
242 217 7030031795844150303
242 218 -5110797141503555856
242 219 1696378972513311611
242 220 4595366778634036518
242 221 -7235536692798786220
242 222 -5356748338904721809
242 223 -7918876371179944650
242 224 -6536008168288839455
242 225 -7376563233268924675
242 226 6837141951986017086
242 227 -7785553261583111593
242 228 6408505824910730292
242 229 -5529646149119630596
242 230 3410261418839803482
242 231 -3500517742240044968
242 232 8039818848486456058
242 233 5646934488268687841
242 234 -3411821573961718488
242 235 -8579446098360123006
242 236 3609834491966016987
242 237 -1224153280075668879
242 238 -3538356748489752546
242 239 -5909198221181736685
242 240 330341442643379236
242 241 -3617534606600674870
242 242 -4722269091090115732
242 243 1440023863553186912
242 244 7982824298528242885
242 245 -8823821464606450122
242 246 -3654768841264485404
242 247 6040935902521864312
242 248 5471242647349903668
242 249 -7248839505439892616
242 250 -7900223270104499406
242 251 -6382994384088021852
242 252 -3217941238123875931
242 253 6520639678655698464
242 254 -7839984055505999135
242 255 2089947713209298208
242 256 2780668834224716426
242 257 -1998016455643006942
242 258 3571092442022549984
242 259 -6727721705411523716
242 260 779917330401341813
242 261 8628279619630601420
242 262 -1316671538339456746
242 263 5941385513694222777
242 264 -1189216581886225837
242 265 -7725280765379788867
242 266 -6949108920207573823
242 267 -1008925678177931132
242 268 -1244984028915268178
242 269 -4919721432653008970
242 270 -6292192769651377046
242 271 -545353821808557033
242 272 -8915481585354382019
242 273 -354749443767157126
242 274 -2132198766239185612
242 275 -501522566139710084
242 276 -8676348562155238162
242 277 7159415701091173704
242 278 5165115433428060384
242 279 -5397319300876324113
242 280 5618769190903504996
242 281 -1025857659352739300
242 282 2939708614615869081
242 283 2805535096650143823
242 284 -3419488714860978011
242 285 -6055232425476070707
242 286 7573373129078703240
242 287 1745200592692292087
242 288 925822738684384160
242 289 -5552176262807591476
242 290 2528177404213546057
242 291 1978545528610817991
242 292 1861580769070601908
242 293 -5427550280593564775
242 294 -6662241224392806752
242 295 -5083149349905094131
242 296 -4084602641784107515
242 297 -217315261832388193
242 298 -6209854495042992677
242 299 -736301485974286068
242 300 6820343788474755329
242 301 6518885544540517893
242 302 -1648150693491863310
242 303 -5327258052394393080
242 304 4177376461055625831
242 305 -2005139676219782415
242 306 -621975962469041078
242 307 3466149923477000850
242 308 8952154323535040867
242 309 3913972486463930706
242 310 394484997432232436
242 311 5628513425960385539
242 312 7369270693101399884
242 313 -537831933857309899
242 314 4939912783329119370
242 315 -1107456014286416311
242 316 1099163897871944385
242 317 -1666917881261101674
242 318 7731054147560154679
242 319 -4937769337597713303
242 320 -480296231301295704
242 321 -4204586343555445518
242 322 -8219711037648471594
242 323 2686412800251831237
242 324 -6173873782343415959
242 325 -6755495395377838310
242 326 -880828933585184437
242 327 1045752777734543790
242 328 7951857656464253513
242 329 3051171319692961957
242 330 3462264412519003884
242 331 4871308648846899853
242 332 -6876934995176481831
242 333 350320900729585799
242 334 -8524843171458200959
242 335 584964777236731317
242 336 7566519586092840216
242 337 -8027269184180563199
242 338 -4061785630453954318
242 339 8009441314345951482
242 340 7408036188169213895
242 341 -207545200777537541
242 342 -641758948476003707
242 343 138781773649782971
242 344 -2653265718775544004
242 345 975594257889759581
242 346 4366167760749407415
242 347 1810200622201862854
242 348 -7951510309780468964
242 349 -6970997383989372460
242 350 -7272855393800400358
242 351 -6068424786014520914
242 352 -2719180445038281762
242 353 6490866459188241445
242 354 1568168105305235910
242 355 1309736032412250845
242 356 384658580068359858
242 357 4879976860674407601
242 358 1470835357038937057
242 359 -4741046256912200784
242 360 6290009583703238700
242 361 -5653179534915945617
242 362 -6786353089032853619
242 363 -5024340689090182905
242 364 -3526281208816651480
242 365 5532372617289964078
242 366 7817257838422405856
242 367 1490547091615585221
242 368 -8841787733143608532
242 369 5107812089585853643
242 370 7592948249162447117
242 371 3298643194441734577
242 372 -8335570149441879199
242 373 -3004104715530152923
242 374 3872218933953491856
242 375 5211893905599941084
242 376 -6079472510977170459
242 377 52408469564370468
242 378 5041840892940316278
242 379 -7338338848852043533
242 380 1354915214909640681
242 381 4749375011494360156
242 382 5044028115382885306
242 383 2465322683515607480
242 384 -8203752403904983506
242 385 -3107350926541871507
242 386 -4567536882968508524
242 387 1687947561870181200
242 388 -6740196067665749278
242 389 4041075470315183215
242 390 -5313671059838332500
242 391 -8421183277081888734
242 392 8428347507207359348
242 393 -2382844222422289428
242 394 -1782666473645297923
242 395 -8081302453187561880
242 396 7759077478761964352
242 397 6181013655803776556
242 398 -7444441729056893890
242 399 688715790620483529
243 0 -6125350267401965093
243 1 8126297743702293136
243 2 1272189228191840607
243 3 -5847893661677988743
243 4 -8679863503159227372
243 5 8042010438133078135
243 6 -2130365487034071384
243 7 5998399378694597895
243 8 5849842970334884573
243 9 4925610330528460180
243 10 -7539729539005329986
243 11 1296951707214357068
243 12 -4007090446467493618
243 13 -4832906544876405810
243 14 8694167714459240774
243 15 -5723955290997867775
243 16 1673062476019896568
243 17 3833346391753902570
243 18 -5648992387554470640
243 19 -8696839941053178353
243 20 2767212710871518455
243 21 -7331151199191981055
243 22 -8411354453279761780
243 23 4814718963151085065
243 24 8283590526072935823
243 25 4331611866321372245
243 26 -3147198583219402176
243 27 -5576614031098439802
243 28 2004375448530597896
243 29 -4182717512281132153
243 30 6311465587234012823
243 31 3437842575651652295
243 32 5884637705835926722
243 33 -916927731338437082
243 34 -592719488955690174
243 35 -4016802956514308970
243 36 3911006445619043647
243 37 7182811161472664422
243 38 -7010256612441325451
243 39 7279880955993763453
243 40 5916466824222677547
243 41 4833034411995753158
243 42 -6152510699064175296
243 43 2299888875011892537
243 44 1453381529004571383
243 45 -805061658250892448
243 46 792154002625743393
243 47 -6945478364527955848
243 48 -7412409765214137521
243 49 2922024456891807887
243 50 -4832005411126471588
243 51 -5807012561152531556
243 52 -6453965989508420603
243 53 -4102304251309893194
243 54 -6244313202077513968
243 55 6515724768090057276
243 56 8358411467615937317
243 57 -3103833356040572284
243 58 3543137344251439757
243 59 812021981797870696
243 60 8944491103728517889
243 61 6117758039071839851
243 62 1734277727908299116
243 63 6749009814938083678
243 64 -190939696313147295
243 65 978562167909132477
243 66 2249377141305772110
243 67 8134500624099710423
243 68 -5854963630527640767
243 69 -2380305019918288669
243 70 -3191975071387594650
243 71 8488992640967951674
243 72 8882669251263879389
243 73 -2311744366983836806
243 74 5484225841967424404
243 75 -7188949119897686720
243 76 9086850829744511186
243 77 1436913882150739656
243 78 -3948399962001215568
243 79 -2750851617008218144
243 80 5202562073018328952
243 81 -5562565733709518587
243 82 8081028654064468179
243 83 5082520725087399724
243 84 -6599854363014663001
243 85 -797579557396319415
243 86 -4645456003202162070
243 87 -1525048154443494767
243 88 7358167250045559266
243 89 -2606901697302111092
243 90 -200130294794348764
243 91 519357172489571898
243 92 1292302754814948916
243 93 -8747726803822309263
243 94 1402292712955538906
243 95 -3950436894190673004
243 96 -449781339439103926
243 97 -8088350682378215222
243 98 3712365653299518054
243 99 -7676192055413901571
243 100 -7401562432244307686
243 101 -5999990032188969079
243 102 -3776541771810315911
243 103 1807214524860596585
243 104 7624534253920337728
243 105 2929124825989947270
243 106 7063026591238210490
243 107 1436570322148439617
243 108 8127704641756169339
243 109 2564780954002606323
243 110 7853412623819584267
243 111 3472310205527090186
243 112 7666090013605158463
243 113 6518652562644970615
243 114 4942703136053484139
243 115 -3248240582776110645
243 116 7538813003563004854
243 117 -1654145859588537334
243 118 9020059073913814190
243 119 -2132203867836903515
243 120 930390453993633890
243 121 -6862156458111847548
243 122 9053314489849707450
243 123 -6966290889817675052
243 124 -1640524506888593533
243 125 -6579988338730273696
243 126 1274894907736935854
243 127 -6301891461295489908
243 128 -8626676280479699659
243 129 -2439206586380374812
243 130 -8214403360622343252
243 131 15791346438577756
243 132 5471377761498191793
243 133 7630052470775282512
243 134 702083233052465342
243 135 -5687331083028911546
243 136 818606070109740811
243 137 -2310963025880644306
243 138 4806289940803711873
243 139 -1327567937098068718
243 140 -8642913397029221005
243 141 -2541705888073327139
243 142 -254499134409467533
243 143 -4547352145731180
243 144 7574327211177950084
243 145 -7771870994189646998
243 146 5676142830425430819
243 147 -2538580828594851663
243 148 4750129626276885632
243 149 -6762112130749233405
243 150 3953732844071944664
243 151 2912467652390343836
243 152 3344288137672860649
243 153 -5462135590314134758
243 154 -3221544339106764049
243 155 8855419897642801496
243 156 -3857836140470824146
243 157 -4001522343999964702
243 158 -6588235329775033378
243 159 8962267418863052377
243 160 4166224689102680983
243 161 2412660956963603345
243 162 -623270905643269264
243 163 -7631127531865126750
243 164 884115134256735091
243 165 -1241145084347036778
243 166 -7437291538382359621
243 167 7109392477240039666
243 168 3141035382345580388
243 169 7479423068005996918
243 170 252290302445202486
243 171 -4212700749336360423
243 172 -2338920273529547556
243 173 -3218567215942870579
243 174 -6396700468836368539
243 175 714772367435753703
243 176 -1470957126225752644
243 177 3455877646153536032
243 178 6661953754640175690
243 179 -2980294866258548028
243 180 5787957285258610720
243 181 -7030434460216836341
243 182 -3746017537860761945
243 183 5362180461303596671
243 184 -8801110717171680801
243 185 -562288881234773169
243 186 3460948684297647222
243 187 2968134240105880311
243 188 3656265043904821453
243 189 6046817933948520067
243 190 8889422004606197713
243 191 -2415782168739697559
243 192 2344820127864428724
243 193 73027712711867665
243 194 -967479622701698522
243 195 -132840229574279827
243 196 -6685865456632678313
243 197 -6521254591293978895
243 198 2440909767180474442
243 199 3152615424219676091
243 200 6878874969022737480
243 201 5173809504611001902
243 202 5263226259719053536
243 203 3812005295940739832
243 204 -8806822849536761153
243 205 151344953514284156
243 206 -652411922192522789
243 207 5692109460885776304
243 208 -4044692674209778370
243 209 1857745042765982504
243 210 4449648202083320452
243 211 -8072364853754167076
243 212 -8182759439933924397
243 213 5748898227369568441
243 214 2025081189533298074
243 215 2980192678556419807
243 216 -854153353005328154
243 217 4741761246239000499
243 218 -7132462202653163976
243 219 5504801522258135762
243 220 4702818205264226400
243 221 2458340324753071820
243 222 -2159707833036227963
243 223 -3943166902058625642
243 224 8095339359337369362
243 225 2435557745894632335
243 226 6565803767322923986
243 227 1014633759455123021
243 228 8922233816455544189
243 229 -7134532480298214636
243 230 1389882614389821202
243 231 -1950678976161464499
243 232 -5800520149213343229
243 233 3865158876484788475
243 234 6695968520918151797
243 235 4506367824061793029
243 236 -1590197546292895775
243 237 4037540879665815153
243 238 4534789811463437451
243 239 856612775594859565
243 240 5955188553880443798
243 241 -2599597674881980628
243 242 -436173288705839619
243 243 182663744796195009
243 244 8903657017735201950
243 245 -4816301794747819602
243 246 8702409260833041600
243 247 -4611446165125719675
243 248 -3370443718072410863
243 249 1100489274723820629
243 250 -2908328681089082320
243 251 368043665979139035
243 252 -1716451257291340165
243 253 8283072294908173972
243 254 7942969536157353974
243 255 974002921082340319
243 256 8569530604662778380
243 257 -7946883793985862898
243 258 1937498338189466104
243 259 7039503555463559069
243 260 -2573361707744716991
243 261 -2553866320371759219
243 262 3926853008397312668
243 263 7890381922136947865
243 264 -3358709143794735196
243 265 8595887017879968671
243 266 -6975624199799726064
243 267 -457894366890068729
243 268 5912512312322507693
243 269 9177632879563819693
243 270 1133133321529419443
243 271 1033791296487778835
243 272 1151787812299872076
243 273 -4082576587676657317
243 274 -3350193921459171699
243 275 7808239759272192076
243 276 -1553489213780339291
243 277 2969815021243638984
243 278 -1703467986769377633
243 279 5021919765737742642
243 280 -3402342560313073268
243 281 -7843845427574789177
243 282 -4134603271380130895
243 283 -7985943471660755637
243 284 6982054781863547879
243 285 -3397169959830757806
243 286 -1748819072318663868
243 287 -1640397100470423130
243 288 6772264164927758633
243 289 1669841087763276576
243 290 -9018605586103110197
243 291 -84515372501827501
243 292 8894519774427762558
243 293 3115857769368402680
243 294 1152792689712269387
243 295 -6001206980014473712
243 296 3542993703876923697
243 297 -2149657009106829868
243 298 8435064206688225160
243 299 -4017639511461930176
243 300 6254921020342817090
243 301 -2037463683562018346
243 302 -5158292734745673461
243 303 -7553204368276444549
243 304 -800787437186046052
243 305 -2658871346127053952
243 306 1522716972014351256
243 307 1204032724395554350
243 308 -875189731591515124
243 309 -7104114393764565815
243 310 -6389897093631667244
243 311 2559019039397177657
243 312 4841904347778477902
243 313 5569216162765572545
243 314 -3551612270661990920
243 315 4228568500771593874
243 316 3851939651573767176
243 317 -9139567206568237422
243 318 -2855814252922124565
243 319 -7948990974612935066
243 320 -1329568610868296667
243 321 -8617977284200497234
243 322 -5575464565186004468
243 323 -507416885800428655
243 324 6193125353197167710
243 325 -8258443307396470020
243 326 3552448006790350024
243 327 1295034870555496872
243 328 3279865322448930527
243 329 62822047057742192
243 330 -4394794870907926723
243 331 4443135651943350876
243 332 -4988984596875311672
243 333 -2928438904195814234
243 334 -4176490793728987454
243 335 -7023314808938416866
243 336 3575015488671729547
243 337 -5867027538612944950
243 338 6016061657123174977
243 339 -4091284835362563098
243 340 -2875716500246184240
243 341 -592609982028565080
243 342 8262453081307426631
243 343 1966482960148747193
243 344 6079187915584625394
243 345 3039498007392438205
243 346 2669054821613509449
243 347 8235779224076700276
243 348 7788825187501031541
243 349 8084685728131953291
243 350 -2680240564284096654
243 351 -1660783693548117484
243 352 -4903602150260700260
243 353 -1185576738119461152
243 354 4372883590385916941
243 355 -5713428414218614702
243 356 -2206128503916723100
243 357 -8038950604579019804
243 358 -7594014094971597846
243 359 -1466214986591873597
243 360 -3443469570372267088
243 361 -4943940375127041823
243 362 7343304575189822391
243 363 3293173308965770527
243 364 -5780776474917013599
243 365 902225647641993150
243 366 8864639825817232010
243 367 -7358179189231361191
243 368 9080264743850409381
243 369 -6878722860599737003
243 370 1047609194717300583
243 371 4906543869993079494
243 372 -4142061379921543321
243 373 3086750335611991693
243 374 8218111547891175547
243 375 6879642368960951692
243 376 1253482389896601170
243 377 7082945059906177056
243 378 953355961093852402
243 379 271342345274099442
243 380 8697613160306675085
243 381 2571476712205089535
243 382 -6164253016092631472
243 383 2086291391938913983
243 384 549590445703628225
243 385 3371148368376750185
243 386 -8753439183532823873
243 387 7942547424455579435
243 388 -4922874915268113837
243 389 4620150572101963225
243 390 -6318187044755480652
243 391 -4781183855166572941
243 392 3495247004069935096
243 393 1679532957893587788
243 394 -1323066906152717954
243 395 -2399811119801453751
243 396 7969935936554830159
243 397 -4715037997824623014
243 398 -338325229340950688
243 399 3833641599708221769
244 0 3919382660512074956
244 1 -6896096926934843240
244 2 -5653947908851339234
244 3 -2401106245165357262
244 4 -846371257937891708
244 5 9174640101592239741
244 6 -5296894403780549421
244 7 -3823153603107897450
244 8 483888999905479842
244 9 7284777074633377592
244 10 -8464460204161100056
244 11 -8941045346278526559
244 12 1451056394677766152
244 13 -8815442930311420204
244 14 4956216823989838982
244 15 -5429862937391098810
244 16 -1500519628034175489
244 17 7212681176794886025
244 18 -5250538598295741601
244 19 -1543031812446669791
244 20 1787224969465261372
244 21 -8470242789882108191
244 22 -8603022635681184490
244 23 1936484815631210235
244 24 7719243056532703363
244 25 5640437435519060079
244 26 -2277550038637536522
244 27 3175197473331252361
244 28 4529096525100479639
244 29 -8417426448174530026
244 30 -3093148230925572989
244 31 -6221211965413884500
244 32 394476320125815582
244 33 -3899969657946627218
244 34 2676113196415957698
244 35 -5102900795148561274
244 36 6695563632469085590
244 37 6872731137700695496
244 38 4089078942521833746
244 39 -8683000256421275384
244 40 85298389027909390
244 41 5883140542338379966
244 42 -8970212987169212348
244 43 3831203941925763846
244 44 -8297758377840757568
244 45 -6384722813976126432
244 46 5833595067004080057
244 47 -211858749144735030
244 48 7136930289001017636
244 49 734823119048746772
244 50 -7752348423597598591
244 51 -4541890007531527837
244 52 2337738869784820128
244 53 842030659334729569
244 54 7646857343733732626
244 55 4252499844797970534
244 56 3317385135820722179
244 57 3862722881755973924
244 58 7359083696584899444
244 59 5395684709292890388
244 60 4933986626560629522
244 61 3262036511032789031
244 62 -3336246094879124467
244 63 -647318810384944464
244 64 7525477156689191923
244 65 -6279220612582209475
244 66 -1708349407450187217
244 67 6877874977548895355
244 68 -7073961592183574636
244 69 -5832890212517963976
244 70 -652897551058656676
244 71 1124367468527559447
244 72 -1344086693286525079
244 73 2031221417776461534
244 74 7606418273243099329
244 75 -7070575424282932979
244 76 -1233809380428910482
244 77 2901220412451619505
244 78 6308046257650317219
244 79 -648510010724841882
244 80 -2841503787141377205
244 81 -9039428906159470877
244 82 -3786997873919291151
244 83 -5477421860743814754
244 84 5599415851209057578
244 85 -8583804412340410235
244 86 -6452345427769708248
244 87 -7970339537064243374
244 88 -7533255459854670269
244 89 8247302411590078315
244 90 5791039110569652798
244 91 6999116739151331208
244 92 -8645931541571377890
244 93 -1607224303474406908
244 94 -8260161661907643248
244 95 7864211246088925279
244 96 4302211323632556922
244 97 -8959807079800463425
244 98 -2703529834515421378
244 99 -7788042733068467835
244 100 3042531185404951380
244 101 -6792378247495970200
244 102 2826816284556360296
244 103 1500857861182195396
244 104 7124278079057979813
244 105 804376342913834658
244 106 4623322720307655444
244 107 -7088054281134189130
244 108 5641261855102084630
244 109 4040671050519981286
244 110 4146461532925247948
244 111 -7630921501897755066
244 112 2838889385561495821
244 113 1635127586039444136
244 114 5462813025087068994
244 115 -3918525917486873362
244 116 6994830065869027552
244 117 -5133382767572024252
244 118 -2924816610202450173
244 119 -7494946582321424194
244 120 4456173216722926685
244 121 -3625530939993346237
244 122 2929022129519260083
244 123 752869713214811544
244 124 -8104310580662446366
244 125 1008339479307313001
244 126 1671388863230393558
244 127 -4071973225763736392
244 128 2534474596387058807
244 129 -8040211896046379267
244 130 -4179631164232725732
244 131 7999303676674538885
244 132 1578674092918557708
244 133 -6681496714873966132
244 134 5143204628930178858
244 135 3215692505058852655
244 136 4280659328026524846
244 137 8051379434034406371
244 138 -3575480877268556795
244 139 -4219831491355831858
244 140 -2016845307883349086
244 141 6655127307494994764
244 142 -2117880697904398558
244 143 -8256108949749018068
244 144 4563678132350396937
244 145 3574014336193950494
244 146 -1577491309193338674
244 147 -5099772695135023131
244 148 7080997739182767975
244 149 -3766747864127293491
244 150 -6900583595638525754
244 151 -272993387053802328
244 152 -8039635858127411936
244 153 7176057243468390108
244 154 3543552532109774613
244 155 -2860356975355712122
244 156 -8251353675857888142
244 157 3575571729027013292
244 158 6461122338136749008
244 159 6264571577422237946
244 160 1148454455878812549
244 161 3621746434320450709
244 162 -2087020712373230111
244 163 -1299780859450223510
244 164 34324999801175179
244 165 968325695141405379
244 166 6616633629927363229
244 167 -1985442900129995896
244 168 -5199450846850273799
244 169 6782315422102347266
244 170 552730633149401558
244 171 1590882825858814178
244 172 6816326193080735583
244 173 308443869722558184
244 174 6726406688584802322
244 175 -1865806639364113091
244 176 -4088991679645601325
244 177 7421448711232204103
244 178 3142104014781240069
244 179 -1291819031770220478
244 180 1445679411317750472
244 181 5276223162072377493
244 182 -1458480383494312401
244 183 -2517677527143688515
244 184 4076260774593510372
244 185 -4251639024846528303
244 186 -8939536853159046042
244 187 -5044041791565651517
244 188 6563441085500866450
244 189 1940589878949709694
244 190 2221415529310052241
244 191 8639486451419591217
244 192 9162089514255647224
244 193 2738847664502472629
244 194 -4592524056265244313
244 195 1151776024255297727
244 196 -804141395420130256
244 197 786724190116923544
244 198 6060857983610195245
244 199 6339897422580302260
244 200 -4584404427636105764
244 201 -1900987002494819267
244 202 -4396570580671292897
244 203 4880653291707774593
244 204 -1011425984531747314
244 205 6028672074727428011
244 206 4159166100354101236
244 207 2149198562993332948
244 208 -1989224891067214836
244 209 -7407160698161468404
244 210 3005355813379894259
244 211 4270263043829730153
244 212 4642316489036925598
244 213 2318107372279155279
244 214 -2719442424449943272
244 215 4312495592148984943
244 216 -4446462115246542346
244 217 3718247616002909644
244 218 -2388454106015088927
244 219 2216085436366786345
244 220 -2351759604759326971
244 221 7499344669706660142
244 222 3939481738877749941
244 223 -5120767849736032144
244 224 -2843025650456895160
244 225 2350870369206664647
244 226 2801987778834076657
244 227 -5946991413124597596
244 228 6392514888619769971
244 229 7640703934957783525
244 230 -7512989630147674926
244 231 -4280964376524427396
244 232 -2251410152535718839
244 233 -6269836941371924332
244 234 -2441075662815888804
244 235 -287459693375600421
244 236 1025109471220006606
244 237 1404604182019995890
244 238 6513404034216881758
244 239 6762057521048186197
244 240 -6412958360783051549
244 241 7531896785255346798
244 242 -7421922111163657369
244 243 -1913846514552060772
244 244 -665653213255808864
244 245 -7622110923643268632
244 246 -5982185371030833375
244 247 -4045050201903952736
244 248 -1626973736932388914
244 249 -7481683987708294302
244 250 -7944111771673179687
244 251 -7159410140237215965
244 252 -1272408670854559812
244 253 5728610405628780916
244 254 5459998836508033478
244 255 -7017078080267627011
244 256 1391038791531275415
244 257 -1126688175102751329
244 258 -5239543353597796672
244 259 -8331365474057838260
244 260 -2542103471256045835
244 261 -6475063482834801524
244 262 -6607787412855810477
244 263 306829891434439842
244 264 8499557225085151752
244 265 1948327620697796455
244 266 -6823203389708409800
244 267 -3890337174099762870
244 268 6968795402842885148
244 269 -6827180965266690417
244 270 -8337961039658125965
244 271 -6346247359300785121
244 272 -4202651495617780212
244 273 178533433653154427
244 274 7220402304538127203
244 275 -31988530313904322
244 276 379239743625559085
244 277 757980956064113394
244 278 564452562357499839
244 279 601636041375199334
244 280 -9057878113005884094
244 281 166761074187136658
244 282 -1511757033219462986
244 283 2664189687473119065
244 284 2356447156429471149
244 285 -6276320091440571668
244 286 -3402481680393026535
244 287 -6347947588908222699
244 288 -402402154375314314
244 289 6543092909307930485
244 290 1258826502771734568
244 291 -8783448475906859435
244 292 -5888211815947512109
244 293 -783263478453038207
244 294 246985433366502520
244 295 2970859881465955213
244 296 1534884433175212700
244 297 1819389622343378843
244 298 840889378447826676
244 299 -6157601654447756300
244 300 -4659229505389635011
244 301 6572816348864014169
244 302 -471300267341246827
244 303 -7523054815749972366
244 304 6001818842431648487
244 305 6171243420413023818
244 306 -4096819172229169130
244 307 -1456582257083729903
244 308 7782158404639536569
244 309 -3251620357865037463
244 310 3720054964018599124
244 311 -7506752868718216290
244 312 723514627054929170
244 313 -7581986204050949082
244 314 -4058359806373409565
244 315 -2392191848468480978
244 316 3528071788165763340
244 317 -2815494639162739547
244 318 3282261385734100737
244 319 8991159634885467804
244 320 3394632709424771414
244 321 -2723404187149673104
244 322 -7890824313438105524
244 323 -4716821067675949068
244 324 -4132288422323671548
244 325 -6764383181455538335
244 326 7110078743131133241
244 327 -6872273476732903968
244 328 -4844846731726703591
244 329 4346418227102619694
244 330 4768802601453723869
244 331 3563706623625506356
244 332 2561513546350742679
244 333 -3236010809724982465
244 334 -5664658495917013169
244 335 -82122679472634630
244 336 -2445536876306782717
244 337 -3943210180334758688
244 338 -2820222274815022776
244 339 1015090929549153655
244 340 6530070908276612741
244 341 3903433733970944194
244 342 -4249777724091633190
244 343 -6884210316373007113
244 344 269731796518267350
244 345 7185569195873435054
244 346 4987468992283180580
244 347 -4031644782191306200
244 348 -7859489177866232911
244 349 6717908305975293100
244 350 -4183076082077333529
244 351 6590061215115411036
244 352 8592468601719245496
244 353 -5279515128922656765
244 354 1612247583882390754
244 355 -8165455082373798450
244 356 822270919001093238
244 357 4398731716994698932
244 358 8717389162329929312
244 359 1185694319674715005
244 360 -408591054423797929
244 361 4188192757035964121
244 362 -1555022475642518045
244 363 -6133939495414169974
244 364 -4431143733132653239
244 365 186165412334773490
244 366 -9005328769194984872
244 367 -3983810687297360480
244 368 -8799134298038615721
244 369 3036296336336863842
244 370 -8626009751618817581
244 371 5694437914341340373
244 372 -6664183519326649849
244 373 -7511797328922717621
244 374 -3595743798955583543
244 375 3690087163604612773
244 376 -5031536043720060336
244 377 -2586389750263438916
244 378 5486921136088160540
244 379 -8866946622570084739
244 380 -4873124835622905307
244 381 2947515079140152832
244 382 -4976237747456200479
244 383 3531355305682919352
244 384 9009973154248984289
244 385 -2710339012497208914
244 386 -7504697887473852143
244 387 5363774528696083983
244 388 -6170762786289828552
244 389 -8235566896667509241
244 390 -8927014063038839876
244 391 -1833581896258225747
244 392 -4068880296554352737
244 393 -9155200268407699448
244 394 -2511592216153703916
244 395 5061441387008163352
244 396 -4526804396905036422
244 397 2102036109005066680
244 398 -5302726169860168114
244 399 5048863398360826158
245 0 1392875891246059604
245 1 -2187549680289490693
245 2 -7417561759360032505
245 3 3159261557106769570
245 4 -7347256876584138735
245 5 -6817737076297353095
245 6 3279652857153106076
245 7 -7521979248952426522
245 8 -3921239894508338352
245 9 -1733999754410167341
245 10 -1398975639202579465
245 11 2534698974171784694
245 12 -1762239857939211292
245 13 -3870185756979857495
245 14 -459367422448533547
245 15 6462033378128293870
245 16 3774223127887543424
245 17 5953245510413782760
245 18 -4330861274471365061
245 19 2830841455113170328
245 20 8723540353794131906
245 21 -351338457947332423
245 22 -4663962617503913551
245 23 4905210557638104647
245 24 -6784781165447948580
245 25 -2348250566722674322
245 26 3766362745675005662
245 27 3255616592143185215
245 28 -5636868895384928013
245 29 5067353995425115716
245 30 -6191463221048704573
245 31 -3039847325163379001
245 32 -842841503631431380
245 33 -3953818259821770450
245 34 337301001499964376
245 35 -6917279523840998192
245 36 -2841387955161898187
245 37 -1811182825370992209
245 38 1928528420713442616
245 39 -2678613145647394205
245 40 6381526607891141937
245 41 -3638829836236909141
245 42 7990820365255152049
245 43 -4150958603933231225
245 44 -2392042519320223137
245 45 -5389736889748452134
245 46 -9096292072167196448
245 47 501472524608716543
245 48 2533705737004990510
245 49 6139570143691492598
245 50 -7475005234915043072
245 51 -2428479347563710226
245 52 2839698470724542852
245 53 -3574300537162811229
245 54 -7289711509080636870
245 55 7655367589797025157
245 56 6199089179373852361
245 57 4356863099272717442
245 58 -4980079984769755148
245 59 5781167910575640314
245 60 1826738228584962369
245 61 7650396754584458703
245 62 6586772062036068487
245 63 -6491771489729226280
245 64 6984157551185626099
245 65 -6420014091459056889
245 66 -1027552472241421278
245 67 6655253931490595589
245 68 -4546915772650893901
245 69 -3892744449230884399
245 70 -5316772662744227469
245 71 3558437156173754514
245 72 -359101550685280379
245 73 3992971874270305893
245 74 -6320137687321746115
245 75 6350123796626415761
245 76 7228847538576469466
245 77 6847640964496453578
245 78 3189243657345512560
245 79 -2555515557341204474
245 80 -8412110728684479721
245 81 2746448098217736118
245 82 6075995505138595300
245 83 -604601831664046914
245 84 6553565159887615608
245 85 1218361132615547258
245 86 6945315082064392450
245 87 1165095859821639514
245 88 5558488545627554995
245 89 -8293082692788187088
245 90 -2583865760630494052
245 91 7225847360408397804
245 92 -5764799669630647896
245 93 -7681557737308595901
245 94 5264399836773800243
245 95 -262528162504018790
245 96 -4977412146505241382
245 97 1324299390757067466
245 98 -3650381402955116109
245 99 -2426260687116138874
245 100 5248571197964502227
245 101 6849143961932283469
245 102 -661582617687679593
245 103 6103145721933049932
245 104 -2313220590431638970
245 105 5868472994689076188
245 106 -1561068706735543885
245 107 -5202991474632668737
245 108 5204141126819992844
245 109 2995719323985571205
245 110 -3321498685308289809
245 111 -5996148004871304485
245 112 2788786464894263119
245 113 4470771688966408254
245 114 -5820994162780852078
245 115 -8726493387195827021
245 116 -7503107596204899887
245 117 -5473941232740876356
245 118 -5856449620746883087
245 119 432672316601501924
245 120 -5048647135847769107
245 121 -1078375183495071753
245 122 -22894707103661100
245 123 -1483414289202663441
245 124 -7590330622091489299
245 125 -5051095916497378007
245 126 1468438506726160609
245 127 -8534139671385932519
245 128 -8544499095992317623
245 129 -2668252396830231718
245 130 5433170291967148486
245 131 7612408103160067937
245 132 -521067483067255111
245 133 -8588313500247755541
245 134 -212867410422094608
245 135 -1833829201546216659
245 136 -9170937745171998639
245 137 -1931247871411132744
245 138 -7415027717629998680
245 139 -6649972602298388440
245 140 -7299623887477272222
245 141 -1438760286793854262
245 142 2766653517028667741
245 143 -5619683647298317234
245 144 -8777959237133838419
245 145 -3379075724928733570
245 146 8667463377401625948
245 147 2664957699036546062
245 148 3772443492657534540
245 149 -2824777856962187947
245 150 7405314759957074157
245 151 2040644577537503695
245 152 1379967962948598419
245 153 1284094419315400503
245 154 1185279548288179310
245 155 4692713732736472254
245 156 7470940930265780344
245 157 -3215546958676195235
245 158 6006626618850561631
245 159 1924536216019197340
245 160 1485235708684257685
245 161 3120236249268825663
245 162 -612467216009487200
245 163 -8006310660010304238
245 164 -3033837021007874046
245 165 -6166734102237712527
245 166 -620764470807911641
245 167 -6682878221964586001
245 168 537399580344695447
245 169 -2343590591627552738
245 170 -7735261131262602151
245 171 -2859112012194217111
245 172 -1468161860177900293
245 173 3691167896444757622
245 174 -3400745537514567786
245 175 -4017699243159569471
245 176 -6712649270310190759
245 177 -7602334536950116425
245 178 1834074146352933159
245 179 9084541439649282935
245 180 5764918055673890077
245 181 -6730636754036736221
245 182 4330798603031455108
245 183 1449792959015990289
245 184 -693376232463070734
245 185 -4279417037959289435
245 186 -260115744879899432
245 187 -7577419468632830409
245 188 1768761778577692438
245 189 1612899956887273384
245 190 8250531878152766542
245 191 -1765006999471586861
245 192 -8700883232311945108
245 193 5017307082781283943
245 194 -3769681871305828124
245 195 3624123337031065609
245 196 -7925222377177201442
245 197 6658970041639645902
245 198 3501751806296052134
245 199 -7157364389207304257
245 200 -747169985033647070
245 201 -6194709872049106550
245 202 289796071856742598
245 203 7338635184005341408
245 204 2136045560747166912
245 205 7741242015440811366
245 206 6172365927016179644
245 207 -6208481926803405669
245 208 4403937461921226532
245 209 1394622203558293397
245 210 -734256739060790368
245 211 3718290558674265839
245 212 6367107925946402495
245 213 -7881411599452351418
245 214 -1010887559142156799
245 215 -8502643015275207749
245 216 8707081912765733319
245 217 -1651588418932526538
245 218 -645122023210658219
245 219 -8264577092523053752
245 220 -7863625105573146489
245 221 -6852663520868672192
245 222 -2395428895405962455
245 223 2896439215991058786
245 224 2067257443476732177
245 225 -5037165163147995336
245 226 7901830826260360978
245 227 -62999092422890105
245 228 -3173664011173284669
245 229 524708172978784710
245 230 -9196418177479012074
245 231 -5741030449931338918
245 232 7274242400368392787
245 233 8553012170554102101
245 234 6264969335805024926
245 235 6512611877511773944
245 236 2810937644056794252
245 237 -143906569650077082
245 238 -5475072316219901953
245 239 -8971623943724783740
245 240 -5572772580346992549
245 241 6553628445289635783
245 242 -2175351606972174189
245 243 -6610594458176824435
245 244 -2439484657157814139
245 245 8157133186335176307
245 246 129244980433615830
245 247 -5576335665769663007
245 248 1347754253515882400
245 249 3869183810211564044
245 250 6103273957243913250
245 251 2865942828226553910
245 252 -7273036582070516711
245 253 -5272435031493479627
245 254 5575244641315957548
245 255 -9174811549189752995
245 256 -7242497523903037650
245 257 -2001420869784095489
245 258 5809408083084456875
245 259 -6768693640980362291
245 260 7673757147919070080
245 261 -2185396889607675074
245 262 -3264501513977072686
245 263 -3999207825522253519
245 264 7221880913976669473
245 265 -379098285709987653
245 266 3956934244949723559
245 267 3492177997639049932
245 268 -6661900032974337130
245 269 7821327401919158290
245 270 8531024706828044769
245 271 5179056604438717889
245 272 4451149785695948908
245 273 4335983520088872671
245 274 7986305362391579160
245 275 5993285215550589537
245 276 -8330137931049591686
245 277 1046296624454738237
245 278 -4266853484516923593
245 279 5320134211096991126
245 280 -2716512099214027407
245 281 -454220549746993652
245 282 1111334378109977130
245 283 -2768269523102554754
245 284 -242777331852874592
245 285 -4558023550465767809
245 286 -8775346156198177092
245 287 7990434773555475385
245 288 1875592048246146043
245 289 3697494481873029392
245 290 3161959676303191015
245 291 8796073601612302974
245 292 -1828334531352954513
245 293 7738864908358093403
245 294 6619829137534552258
245 295 -1209366261203597401
245 296 -9096255316312390978
245 297 6817274219037222813
245 298 4191854083215900098
245 299 -24239681810941163
245 300 4672678613734275463
245 301 2243906764228536455
245 302 -4306729742097879578
245 303 -2412188692350163271
245 304 -7819426764895266771
245 305 2341018740084790384
245 306 -4976144492921149734
245 307 -252202995265712551
245 308 -5137515419096440542
245 309 4815202210532572801
245 310 -3175476935069597479
245 311 13580086630223467
245 312 2531533040416622281
245 313 7162265677307923654
245 314 -4721983441892462207
245 315 -7002248565776013424
245 316 -4577567459607079813
245 317 3200549714176840005
245 318 6300354261015395022
245 319 2012641998615813459
245 320 -1145400512703709892
245 321 7744148154770622861
245 322 4727258378790493804
245 323 10657785174848005
245 324 6920523608461661807
245 325 6182024116777971643
245 326 2951267998462166215
245 327 7190358730995659339
245 328 -1795892406503753310
245 329 -6744212198290710882
245 330 -4556792195899629355
245 331 -7490185997990759240
245 332 -6893074509606472929
245 333 -3735279710696778709
245 334 9213606624946610324
245 335 -8572711236192047010
245 336 -6172040272420159811
245 337 98290421350332973
245 338 -6310643848658767121
245 339 83520627383663946
245 340 -4288294919994640661
245 341 1569467949749389054
245 342 3958165752632363236
245 343 1059449929092352835
245 344 -2760603425047505227
245 345 3282397234816259127
245 346 -5490352919213318157
245 347 -6640148515394988326
245 348 -573300117709507121
245 349 138782193864578401
245 350 -8868746397621398396
245 351 -4832168657562902074
245 352 -6549485529502117215
245 353 4020075030663176497
245 354 4821760666139959369
245 355 6431339153857531534
245 356 6294378346469327696
245 357 6183764542281280421
245 358 8096377608595804071
245 359 -8602636844583953351
245 360 -4249365225213095889
245 361 -6012323228526556684
245 362 5320459594421790062
245 363 -252800800354387397
245 364 -3051386729080808549
245 365 3722443445028281927
245 366 5157120718532773582
245 367 2642221084581291842
245 368 -7361391204719684370
245 369 -6809189501091146857
245 370 950719133201752582
245 371 -4925818941644593230
245 372 -8302754968705368248
245 373 5900112043116505603
245 374 -817215601061890952
245 375 -2017533474076574628
245 376 3371840640351524682
245 377 4985723637408834507
245 378 6311829609627615401
245 379 9117393607176325931
245 380 2894703854580600121
245 381 -4672282893830905823
245 382 -6850552303990540921
245 383 6404344676577785575
245 384 2683814806793069224
245 385 -4255627266433798726
245 386 4667736216565659071
245 387 2083325779905092997
245 388 1010072031848194546
245 389 2616878466660293356
245 390 91535754992321197
245 391 2623858010766556679
245 392 -7962569568760224257
245 393 2044168670421139628
245 394 -3894010317380625228
245 395 -2540070473503292602
245 396 -1124512802190496512
245 397 5234769562842651906
245 398 8374041348778433664
245 399 1371749916261519475
246 0 -6329059190305414642
246 1 -6955863479258470770
246 2 -2931417348154798925
246 3 -6626613099894296994
246 4 7168428644804263303
246 5 5814134017597833138
246 6 1892814555456617112
246 7 -5338907925214904915
246 8 3496861488833540280
246 9 -1840823397262578918
246 10 -2404184298405724306
246 11 3099209392861804124
246 12 3876967178814102864
246 13 -123937268407980562
246 14 5590897515377073414
246 15 6335212583082504080
246 16 2220779829957129432
246 17 -9138664487118677538
246 18 508830775154996716
246 19 6659424536290417902
246 20 8103621970509058543
246 21 -6889287794480610601
246 22 2801253604445233096
246 23 1410238894887004658
246 24 8284550940522928993
246 25 -2081061075837134495
246 26 4119377330898619750
246 27 5348086645735161600
246 28 -2344339817444878437
246 29 -2550723876485475710
246 30 7278086564370420827
246 31 2026492145218478743
246 32 7447473512471995636
246 33 3221098581319291979
246 34 -6377162783466030934
246 35 -909814059470936171
246 36 -1317938646805348571
246 37 7165961051460803758
246 38 -5607720893112223684
246 39 1201825998491779854
246 40 -6268054311803740139
246 41 3544543034618663005
246 42 8708847372421372455
246 43 6797189903893434638
246 44 637616992144930104
246 45 108978185476307679
246 46 -7835970190611606643
246 47 5741662587910585857
246 48 5884841331133870015
246 49 1714181409209941235
246 50 4026758120283464288
246 51 5909215820451724380
246 52 982721861944504621
246 53 -6927489314428606915
246 54 5813766763494040505
246 55 2136761068375498271
246 56 -1096616211225042315
246 57 7748244615123105425
246 58 6762375852557514286
246 59 5564910721842563717
246 60 5410025018774330418
246 61 4247652211455090502
246 62 -2578553897378357165
246 63 -5824866786518573633
246 64 705985394779788343
246 65 185654853290907916
246 66 2122240352715068551
246 67 4135269279714876884
246 68 -2047450422927409201
246 69 -348678019542729938
246 70 -8829786629072338180
246 71 3339165172804506908
246 72 -5297248779121973952
246 73 8971625789177119489
246 74 5814396434026356571
246 75 -7212526160991304577
246 76 2424456504761493081
246 77 -3261260814532817601
246 78 -7429523594113533995
246 79 -585510108410469173
246 80 -1504747479785883544
246 81 5225313243551697473
246 82 -743396287334993725
246 83 1926496137881760262
246 84 43062026385655196
246 85 5650304403105634249
246 86 -1771860986007630227
246 87 -856180446752894526
246 88 7300323449978104684
246 89 3876293277852721198
246 90 -2251440613489974524
246 91 1310965821629967291
246 92 -9099272782607704817
246 93 -1837181359418169500
246 94 -7238545333593785062
246 95 6657312504959054330
246 96 -5108354658942935131
246 97 3673017705977433743
246 98 3442631745433321740
246 99 216349943566096371
246 100 5041275361578910098
246 101 8344140657660181059
246 102 1110531085035698478
246 103 -994410130019616300
246 104 2799636260656444810
246 105 4081564913436713288
246 106 3474800924810000051
246 107 -6836803045646252430
246 108 -1987165764635751263
246 109 5574809598561190179
246 110 5875961822904373901
246 111 -744147118720503030
246 112 8533129445195793879
246 113 2860016571662391554
246 114 -4995885180573914960
246 115 -2565966053404150489
246 116 3267707177693674729
246 117 2121869732172289962
246 118 -78511184854197475
246 119 -1091524609546092127
246 120 8622825759801814898
246 121 1899371718973217502
246 122 -3653023411682250846
246 123 1231425439366368043
246 124 -1307685158208559440
246 125 8057364860466806282
246 126 -8034482604748637445
246 127 -6453970194308120000
246 128 -7021671891029212136
246 129 -2748910836001961784
246 130 -2675470290828193092
246 131 -8079992728741973762
246 132 7108004963084595293
246 133 -8132150298357265695
246 134 -6426974607474520175
246 135 -618975029823232081
246 136 104966768871331816
246 137 735795211823332736
246 138 6162181675736190025
246 139 -5195906116642550239
246 140 6189307689894823148
246 141 5341916695336019478
246 142 -4283638022150995649
246 143 3411356528725883072
246 144 -6894716646473467097
246 145 2145222358874104749
246 146 6278760784118324118
246 147 3674700800835648029
246 148 -8479117960191431869
246 149 -1711174814603971917
246 150 5686676436059385909
246 151 -7667066041062801803
246 152 -7850602656900874216
246 153 -1559103344791409770
246 154 9097319447600872513
246 155 6592448193286555200
246 156 -8315876916059766461
246 157 6971922656126699371
246 158 -538848439069395375
246 159 -7546703676915363160
246 160 -2996132246803936808
246 161 -3054613226621366715
246 162 3513646053788671786
246 163 -3789375857021337329
246 164 -3991477331894952527
246 165 352100195387456400
246 166 671739011387932671
246 167 271671440737959894
246 168 2942020772744682870
246 169 2055807294372535566
246 170 4550980159606573308
246 171 3484801926857469278
246 172 -6312991629713111660
246 173 -2099937183860712337
246 174 8122646607137605833
246 175 -577111842877914453
246 176 6454650267865448130
246 177 8611411326003006849
246 178 1020216057488447998
246 179 7070615587242380959
246 180 -1688874018823565042
246 181 -2152107833604930375
246 182 8423798385645622657
246 183 -941405594829044682
246 184 2988865556829011733
246 185 3902394792184863551
246 186 -2364627093062889738
246 187 -7068432625194023970
246 188 1179975650614197546
246 189 -8593202365435463973
246 190 1959642735456371692
246 191 8200653208477887023
246 192 4786328460686760616
246 193 6785561604231355654
246 194 -5971488125954337176
246 195 -429975598598984713
246 196 -3634184583322583615
246 197 7390775961385346456
246 198 2536659450467283933
246 199 297980713573780376
246 200 558190781842428726
246 201 1341806399078611009
246 202 370628895550999256
246 203 -8447084628955902105
246 204 -8299031287172093198
246 205 6467298866227612036
246 206 6750500339398476092
246 207 -7433183643226927946
246 208 2724252172048010299
246 209 -1401641127244697399
246 210 -6502528269415210789
246 211 -2686514670870357101
246 212 8386906824841274794
246 213 -2730235207567449765
246 214 -5887854331126273217
246 215 -2078792766635673835
246 216 -2447404766298526965
246 217 -2688943612546507572
246 218 3045957370913229236
246 219 -5092213010498742674
246 220 2968858576267056346
246 221 -887945935944356322
246 222 7022964844134802438
246 223 6224457544377288980
246 224 6261331361288171380
246 225 -4295028068278378306
246 226 -3734592508025192161
246 227 -2161253569421295805
246 228 -2300285517114462312
246 229 5634401217169141336
246 230 321972640110097207
246 231 -5557777144388012002
246 232 2825865424859258837
246 233 -1857280851207351373
246 234 -3928341287414660627
246 235 8236401856596172583
246 236 6175684693487801453
246 237 -4744712623917317272
246 238 8493482315948644343
246 239 7492656184713665426
246 240 5958043590901390848
246 241 1796314434729057834
246 242 -6375335296426637053
246 243 3936485933958944044
246 244 -6932092295671792455
246 245 -2760716801272957547
246 246 -6383988210904617102
246 247 109218388421827393
246 248 -1490243568965348963
246 249 3732820745382248317
246 250 -1827635858954374415
246 251 5314212493676302083
246 252 -5628407202108515401
246 253 9209525986090596797
246 254 -5687757013630096039
246 255 4855300147429406623
246 256 567249483976579021
246 257 1730725723034425974
246 258 1901512600124316291
246 259 1828596364593848416
246 260 -1988000331282565170
246 261 5003877584406140143
246 262 -2064285120473370150
246 263 -6777956914695078501
246 264 997153167844790999
246 265 298571778860805515
246 266 -5245206003732336206
246 267 5638597424136398336
246 268 -1479032127643570929
246 269 -3730252468647854793
246 270 3671208304669704720
246 271 4154929144009173341
246 272 4576826568608172700
246 273 3367500922220184543
246 274 7060492007131456417
246 275 5565322540219264780
246 276 -432339816691800253
246 277 -5043229322186367016
246 278 -8030756894122471539
246 279 -2252694997026564790
246 280 4546938493508505025
246 281 7332890910157584624
246 282 8907166505316742397
246 283 217210268161071856
246 284 8296333418266128669
246 285 3238802284641977824
246 286 -3485675595266099381
246 287 -6926555980271983016
246 288 -8691281417265283337
246 289 -9026091035861437796
246 290 5228500906298801340
246 291 -6916803899344644389
246 292 -3303548909738993550
246 293 3614176742444031090
246 294 4092542937279377814
246 295 -5686559825064396643
246 296 -9059896417964516256
246 297 -6066173535103174599
246 298 1625144385698097366
246 299 -694765537331285247
246 300 5147726697850823044
246 301 -165620390862192655
246 302 -2082046269080202025
246 303 9134077780662750850
246 304 -1561554425147360353
246 305 4447769054899690785
246 306 6674736074760405044
246 307 -160324927319272999
246 308 -1574469814469072905
246 309 -995603483629848178
246 310 -374174457481533360
246 311 4765539447565790092
246 312 -1056265706735472865
246 313 2939479269395103350
246 314 -1729955041844062840
246 315 -7923567202234683991
246 316 -8659537555574885051
246 317 -859211884343625727
246 318 -7658330620374019812
246 319 -6160728063447360616
246 320 -3478530947976755216
246 321 5973872451577603075
246 322 1376936336739863182
246 323 -9108608410332626737
246 324 8822682402293806985
246 325 -1197062345711933300
246 326 -8628515636325648027
246 327 -3646240761971396657
246 328 1452532597211051710
246 329 -1129867428135296533
246 330 6179995398954980804
246 331 -5285224915669792113
246 332 -1731441960058044763
246 333 7449425819741132266
246 334 8499636753583066278
246 335 1888303634486746975
246 336 4087047464399736147
246 337 -8629600379559175032
246 338 7254830099446863273
246 339 -2983119182250342651
246 340 -3573309575575139189
246 341 1436905296789453370
246 342 -4203553823238856913
246 343 4734594872319188158
246 344 -8103464871978815521
246 345 8192579142202929745
246 346 -3935904588913341049
246 347 -4069394548625382554
246 348 -4769310401914322976
246 349 -8868647468972718277
246 350 6425184951234650302
246 351 7035236736258350943
246 352 1438434780132454980
246 353 8490241997541643161
246 354 -254077706604683796
246 355 -919891026917630857
246 356 -4791237193167450508
246 357 -3868656916520771854
246 358 -8044443170364477222
246 359 -5545462589687772974
246 360 -8868577223177669677
246 361 -2210794832398831186
246 362 5438278294981006869
246 363 1269737123223319385
246 364 1671185632220524539
246 365 5380799960936836183
246 366 -7258300048118439913
246 367 -8451630195568511564
246 368 5684783037657841942
246 369 -9115087922376848760
246 370 -5852941504968867761
246 371 -3577147193251830618
246 372 -2859574105432888736
246 373 3335638904892136554
246 374 -2389356924510687756
246 375 6666724491536404639
246 376 -1509086078460582551
246 377 -6229330887283331371
246 378 2375098875134473962
246 379 4332917392126048986
246 380 289354241649058630
246 381 -8963182583418717469
246 382 3169291523506606954
246 383 5397967404468599456
246 384 1759898184038133260
246 385 1683209920988363454
246 386 -9078856493990624235
246 387 -9137165643062089038
246 388 -5879752539181631389
246 389 6621680574557438650
246 390 3064275961737599781
246 391 7608638836549453144
246 392 -6113387242294321091
246 393 5913684295852921737
246 394 59444540275468660
246 395 -383220813373963692
246 396 8316875095365157696
246 397 7404142613528261654
246 398 -869135005202986455
246 399 5200486774754058967
247 0 8844661155442842865
247 1 4520961021424132046
247 2 2482937570353330954
247 3 6477845564635292201
247 4 5781766188878481913
247 5 -1187722867048201430
247 6 6075652047684576593
247 7 4054064103831657397
247 8 3833833752934878149
247 9 -2640666682604354341
247 10 -4462386488322873395
247 11 3292839008036640072
247 12 -1811494151073381973
247 13 3794026123991454443
247 14 6891295003216442929
247 15 4168835751944781638
247 16 -1901783643973036114
247 17 4592040365532411525
247 18 4701023718962187730
247 19 4804022718556768927
247 20 2188810695100032312
247 21 6206557581103302393
247 22 7205847984330566004
247 23 -1840786689845102229
247 24 3657782354189280645
247 25 6094503547367571405
247 26 3037737296515255932
247 27 -5621699509695863174
247 28 -3278673189224902553
247 29 -1812776527326070823
247 30 -6001318891179711448
247 31 5255189484225776217
247 32 -5025258694741076795
247 33 -5396118521893843895
247 34 -8518007595697736688
247 35 2658618497709612636
247 36 -1004797546722999001
247 37 456995555153147556
247 38 7574361964181732406
247 39 -3582023872391024923
247 40 -6406618423211012181
247 41 -6451174439798707885
247 42 -3069541913042417019
247 43 3031818014627145993
247 44 5241653394586782766
247 45 2592611085092052090
247 46 5895144960562621350
247 47 4203142588002912618
247 48 7690391125647141135
247 49 -4668089601304968081
247 50 -3013938721488912520
247 51 -2534768994227774467
247 52 5520816932940948154
247 53 5930923173975972013
247 54 4746233261677113906
247 55 -2488506643424280404
247 56 -7740833157663518249
247 57 7233424221663442337
247 58 -2689394361710021098
247 59 -7979661039676127821
247 60 2263491619070582363
247 61 4661711984044465123
247 62 7837932918742996677
247 63 9149463766311318127
247 64 -3470370702516661166
247 65 6428018158375921720
247 66 1618423105360294811
247 67 2619871681329769394
247 68 -8773800906859455804
247 69 8058691895701093250
247 70 -3163179180352964246
247 71 -8374879554154619832
247 72 5260911387383958625
247 73 -843447467570547963
247 74 -8362450936050689885
247 75 -4746470210806216724
247 76 7113939520242693540
247 77 -5634621363431403056
247 78 -3601397859629057686
247 79 -4580603932016417053
247 80 4641559072625719791
247 81 -4830838869391429098
247 82 -2963449897301330562
247 83 6940194075894369416
247 84 4955320374004593730
247 85 3521851657740889442
247 86 -3888325434786650870
247 87 -3294751436702574677
247 88 2443118062284333227
247 89 5256869464673795109
247 90 -6074110045082558467
247 91 -5743232080430533550
247 92 3085881187603210451
247 93 -7505712381817388456
247 94 -692876178727050263
247 95 556405146665684418
247 96 1490630836927364295
247 97 -8389964931696455034
247 98 7326803436204156920
247 99 -6899129082500261232
247 100 3047834592416355519
247 101 -3722698614230814545
247 102 7164953822986360645
247 103 1836133023734534384
247 104 -2209839384704150636
247 105 -8616637551594952555
247 106 -974213130641732694
247 107 -3899095556484554385
247 108 4343455427241905379
247 109 947354341668132398
247 110 2615415373643852560
247 111 7928440959536948266
247 112 -3069149021709953603
247 113 -5356441227048406813
247 114 4108820871928723419
247 115 -4650333206781398304
247 116 -4539600431130035911
247 117 1384083232777934813
247 118 -8686164172593988599
247 119 -7544833352737452240
247 120 6622042010214487442
247 121 6162544995222999213
247 122 1589660049575940827
247 123 2902717839967133991
247 124 5852670095147566809
247 125 -3461008969612838774
247 126 4954588367758735364
247 127 -8155807332517093503
247 128 2754538857527249838
247 129 -8007866879383889117
247 130 -8289196264084334574
247 131 -5080216063056154549
247 132 -3840345053013403811
247 133 1682379704009682524
247 134 -7363015273965045148
247 135 -5487957779641985964
247 136 7821133169761480693
247 137 1439897798643382808
247 138 3158037953795109172
247 139 8160107915045227049
247 140 4100706831040004663
247 141 -1410657490059215589
247 142 7222769980350850060
247 143 3589242742410032934
247 144 -4647200495184208274
247 145 -2644883536155764390
247 146 -8762937839912986183
247 147 -5506705645714154062
247 148 4154754830654637273
247 149 -173988805955825232
247 150 6983165398482079607
247 151 -7530760805835874729
247 152 -6956035116303890517
247 153 -5463336613450221686
247 154 -3887202268618985160
247 155 -2625153992433305298
247 156 -8659873633941043542
247 157 -6629987305862296410
247 158 -8157343526828207681
247 159 7171595305655182930
247 160 -7534752214298960567
247 161 6743631205263708861
247 162 1686402831568409307
247 163 5073919305627112960
247 164 3244744669974524262
247 165 9124882242614546196
247 166 -6553058798056837834
247 167 6027988076441333941
247 168 3528219572619779436
247 169 -3847007605777033191
247 170 -5783235200452942748
247 171 -4753540615682475069
247 172 2516253053926265675
247 173 -3886815877792694671
247 174 -9048289220191834808
247 175 -6462295571938687571
247 176 -3171465936486160235
247 177 -2971854709548356502
247 178 -8954835405520408048
247 179 3065648989340670538
247 180 -885791324333406335
247 181 8530488854559733703
247 182 -4692492300680745783
247 183 -5441130909641461890
247 184 4664163566461988592
247 185 7983457122605572404
247 186 1419571098234270126
247 187 1976883339300223759
247 188 6859006718559493455
247 189 -8410484128154926426
247 190 -3552519642781166297
247 191 -1944941311001205990
247 192 -6290444072638610336
247 193 1771004065313325178
247 194 7023490945455762870
247 195 6179500563221960593
247 196 5887104150153093639
247 197 -2417551145603278066
247 198 -4175718986917575433
247 199 -2861412597921850649
247 200 -7143468912198831549
247 201 -766465347857275538
247 202 -2346749483024368344
247 203 6802909861178381197
247 204 3053522783906440062
247 205 -1981037291404898632
247 206 2277731843872854233
247 207 -4134852110424939871
247 208 -7455492590503228997
247 209 -5915393809809691653
247 210 -8116459796660968560
247 211 3849009343334718107
247 212 -1000759973469612488
247 213 -8597469330936365844
247 214 -2906388346238628925
247 215 8799284550343864560
247 216 4714280784034531816
247 217 -2731827751737032197
247 218 5824469461027016882
247 219 7614092174086492079
247 220 4125380795713320545
247 221 6358328745863732004
247 222 -8099092482823400078
247 223 -306943953001566693
247 224 -1070941761845293096
247 225 2345960268315070336
247 226 -7897827669234411884
247 227 -8178341943955938492
247 228 2748289663530647636
247 229 -3508130327404146221
247 230 -3043732803889881780
247 231 -4409190788569295063
247 232 2415362672337951296
247 233 -8858079298218445569
247 234 3354772655602570941
247 235 -877116762400368272
247 236 454951495506374226
247 237 6277316141705083743
247 238 -8358061273860572874
247 239 -8295827529462466063
247 240 5570646652953827434
247 241 3096767577218173478
247 242 5492330914062936832
247 243 -26838433151827288
247 244 -8186411425233794259
247 245 -8491463236195837825
247 246 -216514833186342416
247 247 -88756475717746321
247 248 -6491941506135662087
247 249 -3526205752568467819
247 250 4914221367923779240
247 251 965624931805735265
247 252 3313735598156441230
247 253 -3163054975346327458
247 254 8447445771818209677
247 255 -4697803682029871264
247 256 3466894751145297225
247 257 -4872219453665806907
247 258 -7090415525736721180
247 259 4870628189965584899
247 260 8238379677103431985
247 261 575984674867708056
247 262 1548772033931234491
247 263 3855711749706406050
247 264 -825205963660433785
247 265 -6333969212380502176
247 266 -8395812082145066760
247 267 -6641849722323078897
247 268 -4457124583685782695
247 269 2193318277209195329
247 270 7326368900405908003
247 271 -4783307642568060416
247 272 -5885517905540617114
247 273 7640053107766644501
247 274 -6429580331540718571
247 275 7788805919792814129
247 276 -138112400913250868
247 277 -8550796832648704327
247 278 -492716712155984598
247 279 1346509250130392113
247 280 6700180354529247327
247 281 978835666481205636
247 282 1292400997895016765
247 283 1266661127613761401
247 284 4649707186105005228
247 285 -7492565550600168514
247 286 1284089275158621965
247 287 2268016944530543281
247 288 -6153182593424790930
247 289 -8960285538653847564
247 290 1791753004663393686
247 291 4114350134041122445
247 292 -323241957668132356
247 293 8852555657621334900
247 294 -869773760895241035
247 295 -7177284020754407770
247 296 5431017405431090837
247 297 -3269782257542481507
247 298 658273965968995697
247 299 -4325353047501174039
247 300 734103042103662850
247 301 -4039810270214364555
247 302 4920017631745027194
247 303 -3439411680632210891
247 304 -3846650390055634176
247 305 -3837534262660630439
247 306 6561250141781553244
247 307 -4174380256167719903
247 308 -9016598940991321875
247 309 4168214622568057635
247 310 -6922101088012567228
247 311 -1513148512463580470
247 312 -7223014399913787415
247 313 7283259062929941827
247 314 -3236697322492694646
247 315 3247006584496767846
247 316 -735726841966161046
247 317 7337699470279887606
247 318 -1410177878065368969
247 319 8980497701910859851
247 320 5918423913786611572
247 321 1084409678226552294
247 322 199275149503295386
247 323 -4431443941393115533
247 324 -4642567600503108470
247 325 -5833442180923299163
247 326 4491386271667962782
247 327 2194272527788076053
247 328 7115902086876104306
247 329 2312547267728879344
247 330 5496393806563813565
247 331 5086560158158120485
247 332 3074889442137293286
247 333 -1703224744841401279
247 334 8373746413309365532
247 335 -7500620425987753386
247 336 493357945612593048
247 337 -3917645008635474784
247 338 -7739587635487126513
247 339 -4099859167325491559
247 340 -5721935801630578410
247 341 5051045027173973900
247 342 -3832260467129687256
247 343 -1137993302250976509
247 344 5718914774047433730
247 345 -2165315496716620061
247 346 -915225188450230909
247 347 3739306612942098387
247 348 526714862031256386
247 349 -4450615601004302721
247 350 -4444770717465992885
247 351 7430389416670681174
247 352 2355552436556202070
247 353 -2151279647579324568
247 354 8130436059303591678
247 355 151295124672128086
247 356 4457929609560606864
247 357 -6859073216047401705
247 358 688092977522442073
247 359 1009553112817605290
247 360 -8550379658929005231
247 361 -6195996599478115429
247 362 -5637058368183332119
247 363 5866805915528688105
247 364 -2573567459995656728
247 365 -4858685800562680253
247 366 8263439051893256902
247 367 -1103768201430387789
247 368 -3677865116228264079
247 369 -3673479972366534475
247 370 3983103039753521715
247 371 987092490110972319
247 372 1194534811518309286
247 373 -6869399684890295083
247 374 2924382445293220383
247 375 -5581751505492040608
247 376 4800247718733534311
247 377 6526996946728757004
247 378 -1565339510566211912
247 379 6029046181307100588
247 380 -5879283097428452021
247 381 8961952600753013991
247 382 5866765684784667980
247 383 2045830458416732462
247 384 5295774998162153443
247 385 4579479360001061550
247 386 -3381473815740069607
247 387 -7468428921393975152
247 388 -1808888120121169445
247 389 8892530138267628285
247 390 7789334074639096964
247 391 -1066333292705614716
247 392 3473282913372000653
247 393 -1508120336256989024
247 394 -6628156880922138486
247 395 5490908967569612886
247 396 -109535156592429384
247 397 632505818569294938
247 398 -8268597290458362532
247 399 -5078799421605702831
248 0 1160390651816443709
248 1 -2179174863218578489
248 2 -1357502304738156274
248 3 -7253988687050280778
248 4 -585139105401952725
248 5 7296865496270526999
248 6 7846792167122995655
248 7 -4702755156934511298
248 8 2330208836205071501
248 9 -3393262961511772496
248 10 9071017299995983429
248 11 -4406764219713847478
248 12 5720214673346090726
248 13 3233170493270112900
248 14 3179344106081746122
248 15 8724684721606026702
248 16 -6128816216871677281
248 17 -395925144123459668
248 18 -2727587948688656006
248 19 2165591824889341448
248 20 -9000587662324941077
248 21 -8682318790428303876
248 22 -3920307307705343301
248 23 4239669024441957540
248 24 1031162653885108885
248 25 -8301176467190498119
248 26 2241138097256684646
248 27 7658663817651905107
248 28 -1010893230163934084
248 29 6830522015800250005
248 30 8588204152394337262
248 31 -3329803057640435740
248 32 6051723235806998345
248 33 6798886923728669721
248 34 5745418829459364056
248 35 6803267734396789179
248 36 5494618937770823201
248 37 -3271950700003676849
248 38 8576678023921970849
248 39 4269959678169488305
248 40 -1329259238457440963
248 41 5344955155947962203
248 42 8269640113913542225
248 43 8886923154449437948
248 44 1983322812817684877
248 45 4011651483682553139
248 46 -2402454161245524565
248 47 2000930202444820390
248 48 -6720171518448043132
248 49 -3581089480714800380
248 50 228347598455977081
248 51 -7567355493971297362
248 52 -600741227257072
248 53 5038581368210364099
248 54 -9183707844859226773
248 55 2833530311332579152
248 56 8210212262821943065
248 57 5992451199394531499
248 58 736277435496844231
248 59 4112290531007309022
248 60 -2121495793959676448
248 61 1953354367581673087
248 62 6681839761711666192
248 63 7844702578686470771
248 64 534249696904122699
248 65 -7049029268371303948
248 66 -260440494064516699
248 67 946659479909485489
248 68 5543415953312115463
248 69 -4207314513749928101
248 70 5203106008171521900
248 71 -6867774993326110158
248 72 2540562020556816579
248 73 6016237678349414403
248 74 -5323027310653508838
248 75 3303814625763114070
248 76 4149108294237303798
248 77 8455230975563699514
248 78 5586219212913040431
248 79 9026534646915506773
248 80 4858336554594009189
248 81 1269477778999479841
248 82 8547619990311339116
248 83 6988803951304807762
248 84 5839668229817249861
248 85 4716208475714764066
248 86 2744624950932201575
248 87 -5784831712092264492
248 88 -4636843383329982688
248 89 -7748448794678955600
248 90 -4408985291902993393
248 91 -2100768468769829721
248 92 -7857923985614030985
248 93 3902445639250514304
248 94 -393118999831309531
248 95 1085409326560743314
248 96 -7177763679870172111
248 97 1179091740132556453
248 98 -3784044710273665979
248 99 1423722123614113838
248 100 -8546529012225129414
248 101 5380905980304615737
248 102 3551916378562640144
248 103 4826007605880079362
248 104 -4850193774310856536
248 105 -8539511398659343687
248 106 1093203401306554523
248 107 6061135750642967268
248 108 -5710825353562997132
248 109 -1594924114667268377
248 110 1010751456472046439
248 111 -4125291546940582386
248 112 -3259410967492376203
248 113 690733810745283865
248 114 3129041272120953294
248 115 7855329627319579123
248 116 -497754142677990575
248 117 609123786973338171
248 118 1297543248346568102
248 119 -2671741280738485809
248 120 -5653035444401335813
248 121 -7542622993967856727
248 122 -3197115932396077693
248 123 4764053456296722372
248 124 -8836163282423434391
248 125 -1459390542985186710
248 126 6735294535701104130
248 127 -5418339536870116977
248 128 -116580933129691279
248 129 5528080602635596959
248 130 8748563916793909896
248 131 -5881477944343860072
248 132 -6578766108168760593
248 133 8967093736737228263
248 134 2249424983356806937
248 135 8326870913950186992
248 136 -3648888967702355769
248 137 894364424720167245
248 138 -540423097363702551
248 139 -6546696694754921419
248 140 6634957676140591571
248 141 -682444706665671256
248 142 -2683010921843118166
248 143 -6439217932373389861
248 144 -7403090055211312435
248 145 7956940716924619545
248 146 -5398065316178202771
248 147 -960448461377919042
248 148 -3032720211433826617
248 149 6795029391191004383
248 150 3380692698734930140
248 151 7989899379954387544
248 152 -5700028746098554075
248 153 697798619870783785
248 154 -8355835993309849737
248 155 -76863638699857672
248 156 1280098485539874447
248 157 -8552722673129313508
248 158 -6851022311129646531
248 159 7067390892231741559
248 160 -7421973913488137337
248 161 1719494594398716528
248 162 -4129353315336623144
248 163 2548555206156943395
248 164 7217427495571445247
248 165 1072129446282524265
248 166 -4372983118766888766
248 167 -3410553268563070519
248 168 -245177674144956549
248 169 -5273583628999886847
248 170 4625595510883702703
248 171 -3963831675423231170
248 172 6523765047068355684
248 173 -3504256550674177886
248 174 -9042456577245919987
248 175 -6475878178326254304
248 176 4282951265617704556
248 177 -2571782565446179952
248 178 3285846977226409363
248 179 6713594973349688380
248 180 8303898623571154759
248 181 -3494502377936941459
248 182 3100428826576578448
248 183 6384956541687579712
248 184 3243918601552725501
248 185 3801824923226594795
248 186 7371349128074604942
248 187 -2530166463012722451
248 188 -1923625385363146656
248 189 -4225461865498182208
248 190 -8045779466590968895
248 191 -8313478697718718993
248 192 -1108505363376818851
248 193 -9069778210875498938
248 194 166541337740002540
248 195 -1285383737961957034
248 196 6266281500095116736
248 197 9028959912770041160
248 198 -3191047368761641761
248 199 -4590872798691672337
248 200 -2926374596647686963
248 201 -732464232881800103
248 202 1631455239340829152
248 203 7336886696753775070
248 204 6572167262576085311
248 205 -426716544254610822
248 206 8068557529855116002
248 207 -5293432869823741312
248 208 -1388331057254165248
248 209 -5296922139623837947
248 210 1625543062037763080
248 211 -4108885827906615307
248 212 2095902688981056645
248 213 8020949659337143026
248 214 4858431801698860662
248 215 5744644716359246210
248 216 7864043275957136723
248 217 -425941839252177772
248 218 -3708374692967837008
248 219 -7454430224999938985
248 220 3449073275600289979
248 221 -3414019839380818504
248 222 5191182789300565915
248 223 5861876942467088873
248 224 -5913405692900701982
248 225 396143556998126285
248 226 2595579576332898408
248 227 5944030944209170546
248 228 3067998383454505986
248 229 -1740741631076883589
248 230 4887164061448461085
248 231 3881269077587402979
248 232 -6605037941601256091
248 233 5773062056378721843
248 234 -4633314230696627531
248 235 5525241830547761199
248 236 -2081327381310257528
248 237 -8895276861647167169
248 238 -1837571699403982196
248 239 -5119167530670732005
248 240 -5901302545393648697
248 241 -913487786335203333
248 242 1519559378164974072
248 243 -4068218131815096987
248 244 5026549790262121557
248 245 8311667154670361075
248 246 1586435169381585962
248 247 6400375312016935437
248 248 6753603003731588893
248 249 5989546738756393056
248 250 -6046028663078966296
248 251 -5216669689231916696
248 252 7425419979672369533
248 253 -6823370151315014343
248 254 -7988626558543948996
248 255 3401661885456942877
248 256 -4522992766784612819
248 257 -1850049178851391106
248 258 -5400647116161838213
248 259 9104194424515236409
248 260 8553264148028398055
248 261 7687583846460239027
248 262 1516960602271852807
248 263 -2138532651052937291
248 264 9062598026819836598
248 265 -8836104092158755844
248 266 1068152425675900368
248 267 -7438098999149858770
248 268 -8037117155298689715
248 269 -2882285888113884727
248 270 -6114074975754460375
248 271 1070979754548353115
248 272 -7408868686468826725
248 273 -1710085243899499671
248 274 2016913716101740384
248 275 3287836175804244273
248 276 -3110151297826729384
248 277 7998483730094256326
248 278 1970201780276005505
248 279 -8079660450435260426
248 280 -7858532034693268185
248 281 -3468012768562275243
248 282 -679770393615018227
248 283 -2270786087695633283
248 284 9162140415643841962
248 285 -8420336235660838218
248 286 7108003266884877319
248 287 -5608189010233338669
248 288 -6885539389810443018
248 289 -3614647735950985657
248 290 -5794546911039033994
248 291 3326260259443075356
248 292 -4982980398758473054
248 293 -2558415466138570196
248 294 -6828064359852488709
248 295 -7514094851324301564
248 296 3146657596422030443
248 297 -530676190425755768
248 298 4649132637463561671
248 299 1089977553067460506
248 300 1828198517193713717
248 301 496712585098579008
248 302 7369356738614340218
248 303 3481301981427538053
248 304 3722345816457600871
248 305 8015866242660443502
248 306 -7107034151409016943
248 307 -2473500856201466183
248 308 7013186468327168567
248 309 -3081770607270100267
248 310 7402424075988121804
248 311 -4515287871967770026
248 312 3604538082628895087
248 313 4344973575653139161
248 314 -6976030682155533298
248 315 -4097587111537310281
248 316 8166654272040094448
248 317 7921299570708298040
248 318 -8730916286339226516
248 319 2148872118041930099
248 320 -7406216918930332694
248 321 -4385190041178673578
248 322 7102313798117182845
248 323 -4241705712358586944
248 324 6635786581181388768
248 325 9205191434120047008
248 326 231880568971818758
248 327 6413230929271563235
248 328 -1579250032102288009
248 329 -3498475286860071429
248 330 -7827138127130926253
248 331 -6802813580499016395
248 332 3676750075627578287
248 333 6641154436240945240
248 334 201102895027579458
248 335 -7453480532811613904
248 336 3773914173371285128
248 337 -6426649408525300519
248 338 8881001708041293357
248 339 6919593635144820777
248 340 7392568288161294744
248 341 -3745580953250875651
248 342 2553057373117421806
248 343 3751584357393678356
248 344 -4514975807476574156
248 345 -7639518352552357771
248 346 -1435801161822958598
248 347 7970860992730388000
248 348 -6498919588985334769
248 349 -8224289205116697463
248 350 -7582504832214435923
248 351 -878728703412943135
248 352 -6590481117619702362
248 353 3917127864689586790
248 354 6611846514337280314
248 355 -887645682305746190
248 356 -5604413097148192445
248 357 694415900995150557
248 358 3233323167790930426
248 359 2020301431487067737
248 360 3816552483650671040
248 361 303542460713137568
248 362 6909339834487758237
248 363 -3252724995133274604
248 364 -7022538152520366117
248 365 -1895653174913937788
248 366 8702037298024546230
248 367 -8413811826704058029
248 368 -340610320332544941
248 369 2158341799478183220
248 370 -1153640249788128886
248 371 2037787325908098103
248 372 5793283798451518403
248 373 -593121964052990786
248 374 7276708163074394438
248 375 -4788049107402067344
248 376 -2169556933710345373
248 377 -4029599744511281607
248 378 6727131853246561610
248 379 -989923085658898986
248 380 -5150984277539541171
248 381 1392956460037781874
248 382 8030245855271920415
248 383 981126504504535091
248 384 -6215010470775221878
248 385 -391246211982939902
248 386 2437090671615739255
248 387 -7978329972359593780
248 388 -4770217769005578390
248 389 7674189604499716036
248 390 -1556598147414210242
248 391 6549699899338472178
248 392 -1360228897082299552
248 393 5141215328658767193
248 394 3417616696015296910
248 395 7186014447035688010
248 396 6927589646001075039
248 397 1512407080430484308
248 398 2710577325226743200
248 399 -8527829957315210526
249 0 -4883064593132254570
249 1 6688793124317571244
249 2 3311194938467568702
249 3 1868023078309558194
249 4 -5966760201894737956
249 5 -4347274271830545946
249 6 7864348856359828785
249 7 7202210341531593929
249 8 -7835198875004466521
249 9 -3194420951365303189
249 10 854762522332406382
249 11 1792298092400281937
249 12 -8277552712814449319
249 13 -8425804552260241434
249 14 -524764808388445768
249 15 -7091838574009283639
249 16 5861707205667866391
249 17 893644159056511046
249 18 -3757219014674583638
249 19 -1382494048864662544
249 20 -7025091813953878812
249 21 -4964809994815650742
249 22 -5372186154715538115
249 23 -8528403948451926769
249 24 5946747154159130518
249 25 -1477725012890431287
249 26 3070447937385853481
249 27 -1221449813159302280
249 28 -5680365073074741919
249 29 4416206583335987747
249 30 8956113109055546286
249 31 -2147653892474561201
249 32 -162261704784112972
249 33 -9103042020354057934
249 34 -859008825882298292
249 35 4906063527877058057
249 36 -2127034248184429541
249 37 -8395338791003762363
249 38 1206598436965647323
249 39 -7087362412418612480
249 40 -7192169504654409140
249 41 2151492546920995054
249 42 -8008365574353890109
249 43 3597602042816697369
249 44 -3116872206259266705
249 45 8203408540420087442
249 46 7079278092780272603
249 47 8928441427596951157
249 48 4759458514572625764
249 49 -5513574561368397398
249 50 8008359365386914808
249 51 -582043468004538319
249 52 5813572473656532632
249 53 -7015547008689185728
249 54 1596941586476633977
249 55 -5108792701589377997
249 56 270864669608310001
249 57 6498660785654661638
249 58 669124748786150353
249 59 7726485574656794512
249 60 -4892822234268641295
249 61 3621331996490494812
249 62 320055788555812178
249 63 -4733252656828307503
249 64 -429024596092384719
249 65 2355918095532728282
249 66 -967293551261329677
249 67 -1731370493503059191
249 68 375620802352355224
249 69 1586452951940985201
249 70 -5976441040552294396
249 71 2278734313411135114
249 72 5330103433463746750
249 73 -7052270554939772425
249 74 6236046653765434994
249 75 -3606567175460677711
249 76 9021755591810573985
249 77 -2776359146970052250
249 78 723461072244139095
249 79 8025321211940625318
249 80 5558992162257936685
249 81 5685073847957724988
249 82 -2679261057456597031
249 83 -5714237837144457401
249 84 7180416461590259081
249 85 5407290306435995350
249 86 334233130989422684
249 87 8610863008093488368
249 88 -8677273486676753634
249 89 4546054954599684586
249 90 1612408338625069331
249 91 3827402911005222448
249 92 5769682331667225994
249 93 -8273433734570619513
249 94 -5740700882555989378
249 95 7222800083484663385
249 96 5294121317439393201
249 97 -1158923161744670116
249 98 730626660102939930
249 99 3263598756255874156
249 100 -634760418963400716
249 101 328718509746163054
249 102 -943139056286081834
249 103 1559107350487136959
249 104 8802880874579576966
249 105 -8816780938697699503
249 106 6154858723843735560
249 107 -7918274974582101270
249 108 5787916138585816694
249 109 6110092206032324339
249 110 -2380391705399412068
249 111 -5421523346681882930
249 112 5596556465552817601
249 113 -4550082885406595742
249 114 4307678796494244872
249 115 2213490191233883844
249 116 -2640701428406928107
249 117 -829437572111284407
249 118 -2454703136805928068
249 119 4241658054099627422
249 120 -7266339746221745835
249 121 2406601009690684140
249 122 7401150934318027951
249 123 -9136575637422554451
249 124 -8447011553465540943
249 125 -8155406048740079493
249 126 8489915343080304316
249 127 -1603566057166347925
249 128 5670430095523504757
249 129 747119556694988525
249 130 6456647806247986350
249 131 -3852601948412589480
249 132 -788710852575508099
249 133 2773317615982014461
249 134 3928120778064213767
249 135 -5560396370809266903
249 136 -8583264922141284188
249 137 7663125587059787610
249 138 2114872041367425788
249 139 3901678399400432810
249 140 -3744592114917526986
249 141 -4924535893091855043
249 142 8475190865372863567
249 143 -5045701812685322289
249 144 3653878512776363085
249 145 -2495347624420440229
249 146 1129952710049220987
249 147 8499749039869124387
249 148 6891426121339252126
249 149 6927775651772931272
249 150 -2684764600349953373
249 151 9136091550140177038
249 152 -8531257779148873943
249 153 -7158536888564327896
249 154 -7812394217240235386
249 155 -1041352730669920380
249 156 -4650493134709266168
249 157 -8580167335532504585
249 158 9064386131735839061
249 159 -7148293514185248502
249 160 -848512575942886199
249 161 9087127485602979290
249 162 -1068937492173869723
249 163 -8194012363151257677
249 164 631789912099442977
249 165 -8427821241134088028
249 166 514941249382881631
249 167 -5928338260216821423
249 168 -2890811052612233547
249 169 1797700104244158439
249 170 -2767540706339215282
249 171 4156913844661761596
249 172 1013799357479821140
249 173 -6523254284014057491
249 174 -6230847469534759543
249 175 3479847442153217227
249 176 3443903837044039321
249 177 -158056390742243672
249 178 4400693725662940140
249 179 -8074531024627157113
249 180 1958072393613140654
249 181 6449997926840322678
249 182 -5355468942296918272
249 183 7802704754678180240
249 184 649704102873741446
249 185 7169372789007190369
249 186 -8015288802595522345
249 187 -6086187939723865037
249 188 7435196576339061115
249 189 -875812221682047385
249 190 272783862643299354
249 191 -6872987812413125186
249 192 -7036641857513152093
249 193 7210513041590616885
249 194 -5014650466051450869
249 195 -605887461098582834
249 196 6539789132336419786
249 197 7702703081536279584
249 198 3529335469202469977
249 199 -7681661432348747516
249 200 1109706113577570657
249 201 6206954063098715194
249 202 1203915526422094113
249 203 -2939342652905829216
249 204 -804625338389567859
249 205 -7000779674355221977
249 206 477227978168889674
249 207 5280657373830176202
249 208 -3514485917311580780
249 209 -8547007257237567575
249 210 -5777347362581473445
249 211 7317924807660989635
249 212 -8280822545819992073
249 213 -6139332935719255713
249 214 684455132332445718
249 215 -572853179475191138
249 216 -2260103556438222114
249 217 -6048945798588856621
249 218 2859047053619001336
249 219 -5358368029322156795
249 220 9132863129142422289
249 221 1457984290647893030
249 222 -9084959782135976541
249 223 177480235809449279
249 224 1070896441690459014
249 225 -3619437103896690068
249 226 -4475363413038637142
249 227 -425105256268100897
249 228 2268434330857244476
249 229 541671615737901546
249 230 5882565069494951672
249 231 2642028730729288426
249 232 6160242098243779340
249 233 1793924885348226706
249 234 6594220300104669720
249 235 -504158242825824165
249 236 -1503193627317024805
249 237 -2949751673508654850
249 238 2634176431256579913
249 239 5937540194234126489
249 240 4780911927723519074
249 241 -6458827753911602855
249 242 -8390838017374333422
249 243 -2598225688336039176
249 244 -7645261799614236857
249 245 -3683000935814575667
249 246 -5559983459644145923
249 247 6048498932542930473
249 248 -5828874625203690923
249 249 -7570820852921211716
249 250 -2024964919425288518
249 251 -6156978433399719399
249 252 -2486040232477052145
249 253 -827986697453221533
249 254 -8423862420341787426
249 255 -2417419462261820822
249 256 8958961644969818299
249 257 -8548757538617263902
249 258 5278790750396980474
249 259 7934743055937697653
249 260 3908850674430364193
249 261 1474517595423068391
249 262 -2715473127275160261
249 263 8684956641029414671
249 264 -6918627510609200271
249 265 1743926591330648163
249 266 4859630779674534364
249 267 -3065645173697264488
249 268 -1902150939250086269
249 269 -6998826221388528887
249 270 -4929568261802812169
249 271 -1348831884592429654
249 272 -7285316917257479342
249 273 740360465715978065
249 274 -5476865416617275869
249 275 -3675570925599561585
249 276 5911346406437840890
249 277 -4267264668126823304
249 278 -4233674214065750955
249 279 1327604904211671341
249 280 6818253784418102548
249 281 -9170256137782738014
249 282 -3717116121609745799
249 283 3755727949457363436
249 284 7712357146918925965
249 285 -835312275319600069
249 286 4999238117076932971
249 287 8551281681635372536
249 288 -6713192955451364228
249 289 -7473979327242343395
249 290 -1097294104267411602
249 291 -6546183710175690830
249 292 6050681691786903944
249 293 -1712543613204477752
249 294 5631061835684359147
249 295 -5142056082856224199
249 296 -2276652594982316732
249 297 -5785460623136106187
249 298 7068228459243504675
249 299 -2916917205955542598
249 300 -2067063649692197919
249 301 -759273896080077025
249 302 -2345850879898625138
249 303 -5120078309310712334
249 304 7393327917123552384
249 305 2834013682295599357
249 306 7494971845583358535
249 307 3348085580867225948
249 308 1674341970481711431
249 309 -8808999757441623922
249 310 -1055678790504127512
249 311 -1857116473954203274
249 312 -7540225528572116397
249 313 7869734795350508176
249 314 -5145005252665645973
249 315 8419238175033273847
249 316 -8925730556467576653
249 317 4324916742873672363
249 318 -7265921068749869024
249 319 -1451976817390306351
249 320 5631316490939824662
249 321 -6319313515535973026
249 322 2105583180534637668
249 323 5532782263399138758
249 324 1999387819395191852
249 325 -5363162351417868845
249 326 297207319784530984
249 327 -884321783421044726
249 328 2097302118086923944
249 329 49983962566390125
249 330 1479396140581933842
249 331 -3996298690352262674
249 332 3509446508825961454
249 333 -4710469387655504808
249 334 5369073959229922534
249 335 -7224733339513082982
249 336 1015297371889562948
249 337 7410352500683767205
249 338 -5906254798571510152
249 339 -8078863910463087912
249 340 -3866667116323401612
249 341 7361127010552265590
249 342 8592336392691777477
249 343 4372939217377173702
249 344 -7097306137359194142
249 345 -4054815384706722772
249 346 -8050108197169800874
249 347 -6751046261946321312
249 348 -1522815054794485968
249 349 4750717887159478255
249 350 -4913929158017413520
249 351 6599330936239715954
249 352 -4253221831032552608
249 353 4807586232171842086
249 354 1653704925953489258
249 355 -1946322928859840981
249 356 -8483769854864394516
249 357 -8733192271727974562
249 358 3218392805030023729
249 359 -8572036676812660817
249 360 -5734379873815090626
249 361 3453805080489316677
249 362 5580480476219143975
249 363 -3023877618859532497
249 364 -8048657576440986845
249 365 -6796665220185721433
249 366 -6772314234877571562
249 367 6473158525042620514
249 368 -4410397588586263155
249 369 -138136514818134724
249 370 2371482092795937239
249 371 -4824956072585288698
249 372 -7621187266077704558
249 373 -4826097921411486896
249 374 -1979909964812631431
249 375 -1436862780050333662
249 376 7781422455078177558
249 377 3287427497015425211
249 378 -2387290294261574632
249 379 101871229667857828
249 380 -2555228420455247843
249 381 5545796136070230124
249 382 5764730352865853906
249 383 7170554084515215090
249 384 -8793967467322622172
249 385 8751813884614454854
249 386 8954276374672009804
249 387 4527852190106051420
249 388 -1777788510333484386
249 389 8205253750053114929
249 390 1557939626681928105
249 391 -2949006451980567377
249 392 -3895372318756336537
249 393 4025370583456280734
249 394 -1614849131137750257
249 395 4346976127183021006
249 396 7947158521296643305
249 397 -5968726197773392494
249 398 -6626883480427594726
249 399 8512327906599088306
Tempo de execução: 0.0799483 segundos 
