200 200
50 0 7449966710997683237
50 1 3447504937895733880
50 2 -26412053552058237
50 3 -3595361060206898889
50 4 1006835755260757299
50 5 7709034238619571282
50 6 -7558995831184804219
50 7 6511851524971967326
50 8 7084000288456273093
50 9 2872847616191778461
50 10 -2299510877000701299
50 11 -8883660328430355862
50 12 -2826740998236685236
50 13 9205492075930405899
50 14 8674708540929934161
50 15 852067487237274574
50 16 8880008524986587405
50 17 -7984848475520328009
50 18 -4048366847269653449
50 19 6052198814249302976
50 20 3925554764465023586
50 21 6421546564551124833
50 22 4196867584435784685
50 23 617465671327673331
50 24 -7984218899866592620
50 25 8002570544465684100
50 26 1304390546460349060
50 27 -2661972215447596285
50 28 -4074571108438704815
50 29 -4570536558262996592
50 30 6684692104690182479
50 31 -5544110180692547375
50 32 -8260685429256574708
50 33 -1936791144545743608
50 34 575198362375761163
50 35 -5462519678783728679
50 36 -1965491547804588654
50 37 3276998918102118153
50 38 8351656784943793331
50 39 8550019570513202003
50 40 2217161854598784239
50 41 5446207061836227320
50 42 -2590113474489176334
50 43 5707514742446775278
50 44 2183776169765127005
50 45 -488617194735018033
50 46 -7403830494639780719
50 47 -6270109967419137324
50 48 -2791439766255463594
50 49 8400408061189080558
50 50 -146503573148480230
50 51 2129947249938868190
50 52 3879823983512320189
50 53 -3539619789742788644
50 54 2528161968364996745
50 55 -5050521557383993524
50 56 7892523235805484429
50 57 -4805801090501035176
50 58 7567445195529093582
50 59 3588814956033355945
50 60 4585983827117047457
50 61 7085775609214086119
50 62 6616309227197492844
50 63 -7323388342142562510
50 64 8972897939192159081
50 65 5654460798538565252
50 66 -1397690512329177137
50 67 -8874297417515717311
50 68 1439860038236713873
50 69 -898299854591700530
50 70 342085292579961869
50 71 7592761730551402900
50 72 -315444541807820284
50 73 6805995954334115633
50 74 6598637322726655541
50 75 7784748145729381608
50 76 -8633522983881536038
50 77 -7762213040975144645
50 78 -5809347760728097917
50 79 7744796770981693813
50 80 8604003941331564858
50 81 -6266999322379199665
50 82 579988445020325271
50 83 7183100462049886499
50 84 -8985205613097213353
50 85 -1277262510078992743
50 86 -1211701296513813673
50 87 6979000972790446986
50 88 -3045466872402781596
50 89 -7577955204310379066
50 90 -94195846396688590
50 91 5510122576988556409
50 92 2074835807533609579
50 93 1087267899088415502
50 94 -3617095151546719915
50 95 7500792677193471847
50 96 -4796696388717118966
50 97 -7810842312901538310
50 98 5105585057462037032
50 99 -8372380539795050794
50 100 6129082887404115075
50 101 3823759427668433255
50 102 4838310448485558737
50 103 -7575344319299692491
50 104 4285816945882494022
50 105 -4506678028898752620
50 106 -2185924864135428239
50 107 720802809044234324
50 108 -1635963676129219972
50 109 -6918346174847945127
50 110 7553600689810357583
50 111 869743703658158928
50 112 9094178032019550666
50 113 7508536721700942183
50 114 2604444633987183455
50 115 -6891742476210477107
50 116 -2894971708504753090
50 117 -5525226328749393173
50 118 -3964202335159906904
50 119 9080679901071320447
50 120 723549763237970652
50 121 190932133391433862
50 122 -1913076899137981543
50 123 324363919858897838
50 124 6377051772048390078
50 125 -4309419978464194480
50 126 -7281716417524554003
50 127 -2384230071169309550
50 128 7830471667472342606
50 129 -5933266861423000908
50 130 5849736289203391091
50 131 -2893289296500994062
50 132 -35818126676849360
50 133 7158343777294784948
50 134 9221477260500374474
50 135 5355848597727744052
50 136 -5302364526984880656
50 137 8681901770704784348
50 138 2704676210402877064
50 139 -8294383675485886129
50 140 -4647894454912218536
50 141 -6451569716912011809
50 142 5009432533662922033
50 143 -7829920098669901154
50 144 3135633075696430388
50 145 408909960592104663
50 146 1730170034604020580
50 147 -2939011325915653844
50 148 4892957021833991656
50 149 4275560726556703911
50 150 1792092901513233783
50 151 -8909911332821006995
50 152 -6337960579319064125
50 153 -119800806098479381
50 154 8497757821401406190
50 155 -2875073403788736847
50 156 1779268171305517504
50 157 -2896935503536519174
50 158 -1945922681960088765
50 159 8777436142918571335
50 160 -5792588085563652959
50 161 3298465028470937900
50 162 6109269908221313457
50 163 7526653178714775171
50 164 -4564281004321330901
50 165 -8919646099038729136
50 166 -4842436247611963512
50 167 -6887222389464687916
50 168 -8614487447138517420
50 169 -8190997201019478472
50 170 -7891269646049037153
50 171 -8891833040275372156
50 172 4685839969665036990
50 173 8546038711513215906
50 174 -2076134815779391455
50 175 -7311452080442260360
50 176 -1808892583719852729
50 177 -946813854532815887
50 178 2487254506476652913
50 179 8678411621536705939
50 180 5890429094272828765
50 181 8564414981794767928
50 182 4048787163154337885
50 183 1884476537161065098
50 184 8692967775439919712
50 185 1787367167975251535
50 186 5975752594857483393
50 187 2059838750780953507
50 188 -1677918626261888997
50 189 -2062104368046825023
50 190 -4459759733537899223
50 191 -8659048766867140506
50 192 8684952836703216226
50 193 7800477701217367298
50 194 5040933348621999172
50 195 4513974336802317262
50 196 7170626735636995640
50 197 -7960042197847003670
50 198 -6317834085010068401
50 199 9096532254959146649
51 0 255482148867898340
51 1 524646972926640592
51 2 -2947527379635642801
51 3 -5959043491614539153
51 4 7580565380388232283
51 5 8820512822728739173
51 6 -5502545425999359867
51 7 7351597115771128881
51 8 2528772211263390406
51 9 -2443969002580475648
51 10 -6208008527583136564
51 11 -4260372582794455748
51 12 -2012743941752979237
51 13 8673621443629348583
51 14 7200963955027729259
51 15 7126526583084775669
51 16 -2267258345740242052
51 17 -587828021737554012
51 18 -8455604151922144347
51 19 -8102837254043912051
51 20 -1302352901878350241
51 21 -4863931455510437298
51 22 -5796781521578177086
51 23 -597947229019206911
51 24 -2809749410896614521
51 25 -7895963770093418704
51 26 -7454785613710753687
51 27 -4422966097788899812
51 28 183860860089509038
51 29 -7592630157530956676
51 30 4410910810346772138
51 31 -1428297147971774775
51 32 -921887811863232757
51 33 8511504180945541082
51 34 -2263913051004959919
51 35 -6112749448879249211
51 36 -2942969302387603739
51 37 4534551030360231651
51 38 -8874876772071931637
51 39 4812490084233200851
51 40 -6112421371594776305
51 41 5290345399256281981
51 42 -5741596973407687985
51 43 -292656087802891917
51 44 -4028955579692647636
51 45 7353996318950197972
51 46 -2770292665410988301
51 47 850412657491398494
51 48 4387025381269204049
51 49 -8679695974960974748
51 50 1739131990079674
51 51 5764070432310632140
51 52 -5398387347285630795
51 53 -1519560173672655217
51 54 3700336657129499883
51 55 8648626412682036057
51 56 -7814739659733174447
51 57 8663006070377750015
51 58 3269838810285766230
51 59 8123035070191746869
51 60 -2034938836691674243
51 61 4126579429248083464
51 62 -3936172857092761110
51 63 -3723022170010787334
51 64 4438689132925522473
51 65 -7565646645194558854
51 66 -8810443278294180092
51 67 -2114641451092852618
51 68 -2024366512108662638
51 69 5146554195479117102
51 70 -1406514583123794619
51 71 -629530582650138972
51 72 -5237230475862828608
51 73 5730599628189743562
51 74 -6971637496048695194
51 75 -8635066296459050516
51 76 7454807619392300353
51 77 -4508851819364980472
51 78 1683324161548920076
51 79 -1940889137886484700
51 80 -3777405393693565336
51 81 -3908237389649077200
51 82 4268462878707691411
51 83 -7876708654294725603
51 84 5224938578824003113
51 85 6107447523280245478
51 86 -7004507821967140760
51 87 -1580000994060929818
51 88 -6062483796604941503
51 89 -318780179849080234
51 90 -2071213582626467499
51 91 -3791744587067526640
51 92 2925916379205526404
51 93 -9060995330819284675
51 94 -7187432982580178218
51 95 1276814856159604247
51 96 7809624255393308850
51 97 -4120985736848820348
51 98 6810678075833046028
51 99 -5182348169828643736
51 100 -2328873116617604349
51 101 5547930973352071077
51 102 3803088125551271089
51 103 4935799025917383119
51 104 -3475763903962110407
51 105 7870573153362043303
51 106 -75387709585853660
51 107 3584061053350988130
51 108 -6136215591416092390
51 109 5202851441496130898
51 110 8327312425333104382
51 111 -8287304103552394153
51 112 914513390797920357
51 113 3298376850948786414
51 114 -1286572162492303038
51 115 6444299717748377337
51 116 -5094520475886658827
51 117 -7987298639294001458
51 118 4653117652551841510
51 119 -1683647852894344825
51 120 -2184280253123176948
51 121 6534334969768835356
51 122 -6726644449387505633
51 123 -1258750318660721934
51 124 -1891883218762099679
51 125 1294357304544018206
51 126 3508103660061894198
51 127 6844996749074013765
51 128 -1506493988155637394
51 129 7190011360415043803
51 130 5448224001237974276
51 131 2902988566554445825
51 132 -1909375714413904412
51 133 547910164624334096
51 134 2751427128699136339
51 135 -6583288127023373152
51 136 -986928781977753883
51 137 5289693186588794936
51 138 -5774726878189997486
51 139 -5947603185875892127
51 140 7329517014535809674
51 141 -2731248445692338011
51 142 3606313945743774629
51 143 2166242650127888764
51 144 -282082346959890103
51 145 -4803185571587478423
51 146 -3539097134052821169
51 147 6434447593272643265
51 148 517505448698164866
51 149 -984333056074725581
51 150 -8532008861539540
51 151 7648971655097583966
51 152 -1196299154840911876
51 153 6350267321804271147
51 154 -7765276603398439210
51 155 -2864350565986072895
51 156 -1146287850048423817
51 157 -5199572554532935530
51 158 247085495296160137
51 159 8156430913903084924
51 160 1563969270343014928
51 161 14541411107259327
51 162 6585904822638782342
51 163 7869316801211847247
51 164 -4864115164617788287
51 165 -1351320074102805785
51 166 2392497053192940207
51 167 -5998559967930200290
51 168 7899563659483643801
51 169 1625182836223356240
51 170 839725425230016302
51 171 7493009516775786637
51 172 2364208755754509048
51 173 -4023667203443735054
51 174 3093780164147895860
51 175 3598980934159347397
51 176 -2904038861762183836
51 177 -1201016989681677455
51 178 -3094149174094522998
51 179 4344031783851873261
51 180 -4380365260139603771
51 181 68172604896095993
51 182 5571569518239206279
51 183 -3502485235809525053
51 184 7259830115179292402
51 185 6052532891711949064
51 186 4911333808118135683
51 187 -8118632612153200723
51 188 5121266604094011260
51 189 8678068408593277063
51 190 5040284675147987412
51 191 -4564719230249115886
51 192 -1629210392899412870
51 193 6453070134436153141
51 194 1883918792571958952
51 195 -2677148896940244975
51 196 -4649154656020722294
51 197 3667262359950231664
51 198 -237133694331140120
51 199 6263320133395339952
52 0 -7965687484973535032
52 1 2538618395133120344
52 2 -2174989728921049194
52 3 -1932704729206373051
52 4 4273856339771500546
52 5 6140845683214485947
52 6 5205345444348010399
52 7 -8279002518042727160
52 8 -5704267877172097172
52 9 1504316212236334601
52 10 -1578429076736062108
52 11 7305258728075359021
52 12 -7474879242973863429
52 13 3659233281229558705
52 14 7279017557641046860
52 15 -2352372553654331089
52 16 -3828738622122150777
52 17 -1457707998261598947
52 18 4408443032504939103
52 19 1068151989375116649
52 20 5973358308534715306
52 21 -1513014617983803513
52 22 -2363396088014680258
52 23 -3648194701967504938
52 24 -635822406113712610
52 25 849149396048779161
52 26 -6706402213359705397
52 27 -3581317798081208277
52 28 -6462620368706291320
52 29 148042320008707617
52 30 -7194040982994416412
52 31 3035896790184419434
52 32 -7089446856198676959
52 33 -6542855671959274741
52 34 1166742788936434292
52 35 2477777872343114751
52 36 3572281059367518312
52 37 -1742913045855204131
52 38 1549393443692860710
52 39 528127529372850811
52 40 6486900461053295167
52 41 9153856298162175589
52 42 2594407726273248075
52 43 -6560990516618233230
52 44 728561654941525372
52 45 457015412633522262
52 46 -7860742090979388372
52 47 -2171653281583914748
52 48 8003107427322233418
52 49 -2433323829742375849
52 50 -701390293703503011
52 51 -7794735474745634306
52 52 6163738868213384659
52 53 -3884930256662066285
52 54 8850598183512285636
52 55 -8361621568493901188
52 56 5347411269639468328
52 57 7763255961536422251
52 58 9166260265261885705
52 59 -316210816524293700
52 60 515479003075671749
52 61 5106093712826630016
52 62 6755368536831644151
52 63 3261754733023101235
52 64 781969992612150066
52 65 -6789077725946192692
52 66 296400565045975202
52 67 6554199020884810001
52 68 2327575603331521795
52 69 -428513078257036712
52 70 2305005891634981536
52 71 -520832189910168231
52 72 -7396939706667255570
52 73 4069014838354854787
52 74 -1176809043312227616
52 75 4635116049849124358
52 76 1113496341410362221
52 77 5271721610316915501
52 78 840963589872117844
52 79 1236511792890684175
52 80 2364703142306250119
52 81 506015916851941675
52 82 7821640194309917959
52 83 515806860896261838
52 84 6772621722056991158
52 85 -6733710704312520589
52 86 -6527117448359954993
52 87 7916595734014799189
52 88 4598529048403988795
52 89 -5228612686753778160
52 90 -429327739151857275
52 91 -8205463507173389601
52 92 -8740215504307307942
52 93 -8614921995684325364
52 94 7746789292821099140
52 95 -4326661236361234843
52 96 5114356634370407211
52 97 3134438026299426667
52 98 427817882408903861
52 99 7146275127219409602
52 100 5092700168507470538
52 101 4250881190404257886
52 102 -249752023970042611
52 103 8948092466080627186
52 104 7193367104222176112
52 105 2528252578014296247
52 106 -8400037336798595515
52 107 -2631850907795340116
52 108 -2172550127842946491
52 109 2024126408422727931
52 110 -4315709659984781385
52 111 6050734187466338656
52 112 -8948880813806157644
52 113 -2875560874285737849
52 114 3755932321276860820
52 115 -6923466771730215689
52 116 -337529744922722076
52 117 -8119672750358733253
52 118 -7284873007667918663
52 119 6053927202719682161
52 120 -5788156725642029360
52 121 -4314336899393607801
52 122 8846096601046950178
52 123 4035243046851780402
52 124 -1282852386752219209
52 125 3741777264921625295
52 126 8717667405743476691
52 127 4727273001194554753
52 128 -1402695572699629141
52 129 873829493802581743
52 130 -8366061899866041868
52 131 1526344708928544263
52 132 4066480462587924190
52 133 1565375167227337701
52 134 8567879750799170508
52 135 -945307944200179812
52 136 -1266038497067838704
52 137 6819845797865645121
52 138 767046391127893861
52 139 2308880408432428581
52 140 -9221441051313762098
52 141 -5973988130169292274
52 142 -8955277716848112817
52 143 7245524590330631742
52 144 5966566991197470057
52 145 2436486293306754939
52 146 8827638840315939980
52 147 -1249906526804615533
52 148 7335423691091103660
52 149 -6150167539848481997
52 150 -8374252151287014488
52 151 -8018778038085449307
52 152 1700633973558798337
52 153 6731055086243711655
52 154 -8805370906898595644
52 155 -277499513370624299
52 156 8277808832451300600
52 157 4370272519932169224
52 158 -3119127797640130764
52 159 -2017361600912646566
52 160 8557479000890389527
52 161 -6620309566212341968
52 162 -4128971081335277881
52 163 4254185447389578490
52 164 -8687762502429381898
52 165 2524832057534823770
52 166 -741188966630403911
52 167 3828018224261410007
52 168 2449933007651387607
52 169 -9038386347012086824
52 170 -996069372657940536
52 171 7164331724994277704
52 172 6800949245291883825
52 173 2815532255138545153
52 174 8650377432628992621
52 175 -5074263130323458482
52 176 -1052415899446834670
52 177 -7538625108684297939
52 178 -3269718501918495455
52 179 -2855546575372993622
52 180 -5688274610475958262
52 181 -7625694351877461007
52 182 -2355450118849078214
52 183 -2954767801448937078
52 184 3224374960697997231
52 185 597300851203108753
52 186 -1200043821892290818
52 187 7580816637443609864
52 188 -3026302973836693289
52 189 -8797380804105907432
52 190 -688223668588040561
52 191 995180213522370181
52 192 8816568298096627504
52 193 4459408807257794252
52 194 4251391880290770263
52 195 -4416392145310702858
52 196 8618842620142379336
52 197 -811722126982042450
52 198 885917242542649611
52 199 8512683632539147007
53 0 6144738113668898907
53 1 -8210537805424742886
53 2 9031455400380826442
53 3 7134677306504530132
53 4 8544143281232311969
53 5 2731749225207136170
53 6 6798556289583200217
53 7 -2097676052014457953
53 8 5084099501573059272
53 9 7132233548335429281
53 10 4774237783876955964
53 11 6333194104815569778
53 12 4067410557164650910
53 13 -5734884739576991243
53 14 -8885875215388356004
53 15 -1145394104514734238
53 16 1222215062706092071
53 17 -4857565470585424575
53 18 8254516634409506392
53 19 9198657893732113989
53 20 -1301068021965540574
53 21 6100892539097365884
53 22 3221047974265875098
53 23 5367093029485874245
53 24 -848737252227651585
53 25 4789981813269448033
53 26 -542021160362779371
53 27 6589962726201971130
53 28 -6000998192933059057
53 29 1543833864285996898
53 30 3771099614054955310
53 31 -4066007674084195887
53 32 -1058765058998828834
53 33 -2784319765642324250
53 34 -329313049217852055
53 35 -7103061402366502493
53 36 -1894976568618623119
53 37 -7029768749105712148
53 38 -6766414761030053258
53 39 -3889979390070890412
53 40 -8719348724776659014
53 41 -754087729379186432
53 42 5742974233969611469
53 43 8736568189490253308
53 44 3403203130579790583
53 45 1847124342783381006
53 46 -6445567831644477097
53 47 330779183798206055
53 48 -4507637361141715502
53 49 -1549816331174936394
53 50 -5545209743420855680
53 51 -1772294750643978443
53 52 1300462834506222195
53 53 -7469470751988110903
53 54 -4906859908338620487
53 55 63449954166027859
53 56 242799555345053029
53 57 -7149895912520861270
53 58 -7727141739639285677
53 59 593400225043835066
53 60 -1783901794118479391
53 61 -3035006239625157275
53 62 2572013363235560245
53 63 810571735298831491
53 64 -5898153016969065697
53 65 6740160084130763162
53 66 5884658843338690931
53 67 -3086812996397294210
53 68 -2808306346369161344
53 69 1911678207649520117
53 70 -2751277945958940817
53 71 8497921269371925251
53 72 -709254593555408018
53 73 -2044424380962569638
53 74 1822274208520509391
53 75 -4234696714393879807
53 76 4244046130653999767
53 77 -378536963171568061
53 78 -5712074587072718357
53 79 3399954118696836113
53 80 -4668964709491460360
53 81 -3626491395098169697
53 82 5534165132643402199
53 83 -494246492427356285
53 84 8703378876290103729
53 85 6021121737013603164
53 86 1731006116498540394
53 87 -6819980654500850863
53 88 -781244092939656116
53 89 2990902993717470781
53 90 -4283825534789264309
53 91 3631400430439068210
53 92 -5585734519446850327
53 93 3674150426344670287
53 94 5554116061185102713
53 95 -3397046339853940877
53 96 1398861636299081703
53 97 -3819785047133295709
53 98 -7410518243606376953
53 99 -7495210336157145577
53 100 -7734373725676105930
53 101 89654218353578756
53 102 7374811696192442551
53 103 4364295368208764789
53 104 -7106866777204098852
53 105 3999182146760039862
53 106 8114281143761797810
53 107 3561950870785722701
53 108 199176519772957619
53 109 1496526809968643967
53 110 -5526271439566343067
53 111 -6418765197652337743
53 112 -4745949372839523104
53 113 3043756095469555313
53 114 6703924042407839804
53 115 3129030734278034978
53 116 8124357421539759557
53 117 8480818848557426220
53 118 -476203554746542064
53 119 5293525422373632111
53 120 897765853800728325
53 121 -1404640541862641987
53 122 774606452044399408
53 123 520070803265785532
53 124 -2214953522474227942
53 125 -2086899538431644718
53 126 -5869957963244996575
53 127 -942105220603736132
53 128 -8984684355585781499
53 129 -557638425555452442
53 130 -1349907255540696296
53 131 2352157043193261761
53 132 -7559561361512422372
53 133 9206431987684066190
53 134 618666665262420781
53 135 -2879853234607508035
53 136 4948060047374423761
53 137 578270676579122685
53 138 -648401951911575096
53 139 5300290367122278100
53 140 -7933297351362170342
53 141 486130018516791961
53 142 180616319339866042
53 143 2988954712706849369
53 144 -100006363905357275
53 145 7346018151537753280
53 146 -3956711689319135684
53 147 -9201429685406809186
53 148 -6120782499991186695
53 149 -8327658406099869921
53 150 -3316848946966443239
53 151 4408790787085544820
53 152 4573706631245756261
53 153 -7554723211142956764
53 154 -9135498217376230646
53 155 -725733774254554640
53 156 8067852456014259289
53 157 -1646712838632967518
53 158 -4866769141574222663
53 159 1876287750296252926
53 160 6369509985798280464
53 161 7318693082433518878
53 162 2653999047476428353
53 163 7305898080854050531
53 164 2927566782126093184
53 165 -1901894270890615078
53 166 -2523785720434995604
53 167 3642108129517290973
53 168 4616434405481369881
53 169 -6683305707928207156
53 170 -6290379679468590280
53 171 -7325335959656424112
53 172 -4381149483557879604
53 173 -2145807059369353451
53 174 2949584397173308241
53 175 3910088508600178358
53 176 8887313778766444804
53 177 -8019126467456641263
53 178 -962720657564403757
53 179 -3907780168281159032
53 180 2751861685502018847
53 181 -4527019002874474803
53 182 -3160062137870102540
53 183 7852838798636743852
53 184 -4717271825085372395
53 185 -6047687718689778745
53 186 -7287783145946794633
53 187 5127614264212202317
53 188 5486724093618257032
53 189 6096104098350670064
53 190 -2545839927378807847
53 191 2638471433121995824
53 192 7546138286634805777
53 193 6316957798776576991
53 194 2611850952194861681
53 195 971793924027408865
53 196 -6591601485783112712
53 197 8910228006015951984
53 198 -9055785205168334245
53 199 8086676344749765760
54 0 -2099580357594330692
54 1 -6834113503875721826
54 2 5697011122304502472
54 3 6967948095856851195
54 4 6899677358991172665
54 5 -4292166801520358167
54 6 -1170082434243845848
54 7 -5860871169415897098
54 8 -6638234150317922941
54 9 8462732488391846107
54 10 -1973093265104476590
54 11 3056574853174024020
54 12 3846916960136496945
54 13 -7292760453115424710
54 14 -262117670284708658
54 15 -6422647284475238714
54 16 1519336432902558011
54 17 6913924319411322066
54 18 1603542749652146951
54 19 -3540455836810558526
54 20 7251277276337602924
54 21 123510399401241110
54 22 -1736195250814105919
54 23 9100482025433476981
54 24 -5460072653677761475
54 25 -3400284314161146172
54 26 5248637809301522423
54 27 -4838654301862818242
54 28 2323229044849294337
54 29 -2194159147943295233
54 30 -2518326854897911849
54 31 -3273304173614492164
54 32 6297789051705521866
54 33 6822947688933306837
54 34 -7138330852370191636
54 35 -3635259351082425436
54 36 6077268382653042769
54 37 -8438043141746331293
54 38 -7935665976864140448
54 39 -8079544967904810764
54 40 -5701897213537316003
54 41 8428278265697533800
54 42 -6317241398445505151
54 43 9186056806646614194
54 44 -601232691838920138
54 45 -5577009514398878624
54 46 4038383527346285460
54 47 -5827629608945018036
54 48 6600401585921208418
54 49 8153642836305916412
54 50 -556852923912676472
54 51 9009017957130407724
54 52 -4914133310237378338
54 53 -6494694154185629030
54 54 -1448022966262614521
54 55 -1255462368418517246
54 56 -6741453306865426630
54 57 -6454850708361116270
54 58 -379474915420478239
54 59 -6721119402335303451
54 60 8514714425164882146
54 61 2977250380548603424
54 62 -8516749354931243313
54 63 -864462430553175325
54 64 -1259259878772657987
54 65 -7420879370910516859
54 66 5685346198946554247
54 67 2606648033900082933
54 68 -4378386873419693428
54 69 6534321592437979877
54 70 2392654753840578871
54 71 -1431062795333595987
54 72 7679235077061092883
54 73 6180872987420526147
54 74 -7649377905439906230
54 75 -7803422936652234846
54 76 -6445077883878611843
54 77 2428797728255877126
54 78 5303213460716147620
54 79 -2867943736369556678
54 80 -1130287805690829484
54 81 -1674669365665551918
54 82 7313489842399563542
54 83 -7551148922072709716
54 84 -9159575301852737077
54 85 -8178448765389543445
54 86 6002337056590193264
54 87 8492592828821572662
54 88 177156942334938648
54 89 -3303837803686422703
54 90 4262429150782534677
54 91 -6726138511346429211
54 92 -458462343129753372
54 93 -1978066553489942564
54 94 -1359809760875808778
54 95 5553261630406087881
54 96 -5334033602844349934
54 97 -4175030443503697232
54 98 2540258361421362506
54 99 6581129957119481175
54 100 -5304191689412227472
54 101 -6574672524953672014
54 102 6193736537332912339
54 103 -1503212029720728090
54 104 -5984578234228531547
54 105 540779527180760915
54 106 1407999112907726659
54 107 -2981439385119238289
54 108 335743413655946219
54 109 -8975287316117105227
54 110 1450868697920313388
54 111 -6383770846726998438
54 112 2297317803079015230
54 113 -7613710306966631984
54 114 -3489183006788013762
54 115 6825352469938315498
54 116 4165820714100548708
54 117 -6898723380106428829
54 118 5860681996557292802
54 119 -1370814345378988225
54 120 -6502544641070229071
54 121 -1058972720748648258
54 122 -2371333258611347163
54 123 -5945834178978753168
54 124 4335536745157674792
54 125 3310527371704866994
54 126 72405414156526985
54 127 -6054765587677585581
54 128 4770234190109744280
54 129 5733125341376879307
54 130 -1232261244956997397
54 131 5704986218009471504
54 132 4801520766704795357
54 133 -1538037254731608066
54 134 -2585441794881558128
54 135 -8652972485124133480
54 136 1105845937842648084
54 137 -7762289725905809245
54 138 -8082127692017060217
54 139 7153889188625771157
54 140 1197763277826335690
54 141 1075380752283561914
54 142 1057904393140298862
54 143 1802417466351805815
54 144 7696483214284553298
54 145 165985326468130599
54 146 -6038288117878369596
54 147 8879741638672476551
54 148 4921733877449846061
54 149 -7057854978404746248
54 150 -1866672344400995955
54 151 -196612935679234089
54 152 1897600825591664635
54 153 2154880149874875692
54 154 -4496069551121789915
54 155 -5484310475590092315
54 156 -2656129728113595168
54 157 1504094931480858573
54 158 -21740750289340620
54 159 6209905275707036092
54 160 -399113666692322896
54 161 -1785322111155913240
54 162 4286727056401193941
54 163 -671827561507895159
54 164 3288561627462133817
54 165 -861477784659831712
54 166 4107626645578335036
54 167 4523025737924102578
54 168 -8231212426735880744
54 169 -961915844487038235
54 170 271278995763881763
54 171 -4137279297791267303
54 172 597092371379950063
54 173 6624091443680300791
54 174 609971983305832709
54 175 5586615106814353819
54 176 2804229825007874392
54 177 -5680973241862522679
54 178 3389627985033976877
54 179 -1051736518154658930
54 180 -7971662532603657705
54 181 5681435835805843067
54 182 6792132696411765704
54 183 8245577984993203429
54 184 -5662335210817274955
54 185 -6821457059116622020
54 186 -7962828556772432380
54 187 2615798564974509564
54 188 -3824006792992971191
54 189 -2965773682603935716
54 190 8860896833890728878
54 191 6729063712518707830
54 192 3091772813866037009
54 193 -1642608192834917440
54 194 -5906089507529589625
54 195 -247024794492352692
54 196 -4048526016924272182
54 197 6685899569695823982
54 198 1903373193406042841
54 199 5635616080274826298
55 0 -2396259764165667107
55 1 -7560004836634711450
55 2 3303341232814880893
55 3 -3652314682652128955
55 4 5986139549308465741
55 5 6611601317663470985
55 6 -2019241510168184953
55 7 -8279397946336459517
55 8 -7515543977105128874
55 9 -2677514532716584917
55 10 -7046561019237174782
55 11 -2323088512201416785
55 12 4421913010435229972
55 13 2191252251097661003
55 14 6732153246132370111
55 15 4714035806204660571
55 16 -6697789054724635704
55 17 -7897325233252000727
55 18 -3158931502523007393
55 19 8145131483473074483
55 20 8595147131568476034
55 21 9069239596569220351
55 22 7319926297863532476
55 23 -7614895318192607488
55 24 -8966874229777251202
55 25 -7647800215011725017
55 26 4524373702828541290
55 27 7963724908946802936
55 28 -2775001077274590960
55 29 5501316200704319157
55 30 281383009190050335
55 31 2002380973605918958
55 32 2542475518819671287
55 33 -6368076502605600763
55 34 3039962368132963888
55 35 -6098567369293742986
55 36 4576168993089047716
55 37 -671346996909567074
55 38 3609619880318962487
55 39 1787636639096686273
55 40 -7434613434297186149
55 41 -5097351832191044266
55 42 -1408916515658505384
55 43 -7229403331309521464
55 44 7011167165336952145
55 45 1552777211407343881
55 46 -3182445636928130220
55 47 3126790119496024194
55 48 8401663453798337813
55 49 3375642900800716810
55 50 -5610553672338819909
55 51 9207081602935662861
55 52 -1240802995417025114
55 53 -8659821140150658720
55 54 2133750327251916543
55 55 1607384913421174753
55 56 5294786054313459800
55 57 -6806851644095944466
55 58 -6921257413206505903
55 59 1055094260502110774
55 60 -2916134352714577798
55 61 3821387393587538756
55 62 4318047310701259693
55 63 -210419897672043493
55 64 -3203053835633596790
55 65 452289760352704991
55 66 -8896295843278445283
55 67 7382975013483491415
55 68 -888363951435940702
55 69 4586011164930409353
55 70 7637358227647939048
55 71 3872662894687113904
55 72 -3153216709592936319
55 73 2665381730994851910
55 74 3626860437308297989
55 75 -5452913629782303734
55 76 -3542994455480710961
55 77 -1848644194667417318
55 78 -4065362723134909107
55 79 4071878934819354245
55 80 -6342050610498597463
55 81 8280159455306813848
55 82 -5798238261835960066
55 83 8853969521050635793
55 84 -4193267134767987689
55 85 -2967625986446412083
55 86 -9099821179878253342
55 87 -7780095438707017278
55 88 -6924676317445301625
55 89 6066950533701132605
55 90 -145432783647891019
55 91 2623768802072148989
55 92 -7574854262481368664
55 93 57795323460036524
55 94 8928681084238582791
55 95 2710422732515648509
55 96 -1994490002905424789
55 97 -246739408013324560
55 98 1151949203589048067
55 99 859691437010404919
55 100 -5577677226773135994
55 101 -8967274426500057560
55 102 4420275974853088080
55 103 6853499630226589512
55 104 -2367337814289648703
55 105 3609014163585156516
55 106 6303721954774324797
55 107 -3783297191034019613
55 108 3119289443855586738
55 109 771187132773104830
55 110 2274321421553093329
55 111 5390807917858651414
55 112 -6856046537290940908
55 113 4622966895548448555
55 114 5264193212351877785
55 115 -62711504933608043
55 116 -4709728769070219914
55 117 -1299246112857764190
55 118 4733677867222574725
55 119 5904063706635718526
55 120 -4913039258692858499
55 121 -3168469766804100393
55 122 -7313404392937947923
55 123 -7640755200533961168
55 124 -6767830271977140322
55 125 -6587376606958582777
55 126 -1309058418702524985
55 127 6747245318318936831
55 128 -1169663048603891956
55 129 -7694926676511573932
55 130 -4126038556253469460
55 131 3960259997409966354
55 132 4637075358381119431
55 133 -7669771836936174378
55 134 -7939725269110046878
55 135 -2506900069795394741
55 136 4919237981448340462
55 137 459107594483539555
55 138 2747158364642049318
55 139 3359811694273500435
55 140 3685816717749064291
55 141 -8064909371857902454
55 142 -4627574038002006087
55 143 -8177539644654897183
55 144 -8376460424325273948
55 145 -2352394912377308074
55 146 -5650786562595329622
55 147 2776602628211363495
55 148 -1245555895876284241
55 149 -658791492387383751
55 150 -8772918630597089982
55 151 4479095479524946746
55 152 -1608061320348915688
55 153 -2863380916308585157
55 154 -7460644662594472330
55 155 -7246644738854508145
55 156 -8518150921396503491
55 157 8373816952820158116
55 158 -3889942311717420097
55 159 -7785662572232195963
55 160 -6086667985383495967
55 161 8374881460646883812
55 162 -7687813841453284178
55 163 34581473062173083
55 164 -894219091850948574
55 165 -4046056789406915795
55 166 358034833860467541
55 167 -6517042707788117195
55 168 4604358488872828201
55 169 -384239586010411648
55 170 8905977016809594689
55 171 5415394954271348335
55 172 -208552493964554153
55 173 6325968897542612001
55 174 4336449630820125408
55 175 73733835810856378
55 176 -8716605500674053356
55 177 -8937827409772058078
55 178 -4734686842915084576
55 179 -3687402845138766681
55 180 5539532662729518340
55 181 7677026778289027146
55 182 -2883516677203944595
55 183 4116061889520265601
55 184 -7921357264553818550
55 185 7212303805234059820
55 186 2074628734760934965
55 187 -2619379520468495417
55 188 -3094951716604068406
55 189 -524001357864006320
55 190 -6546009787994465923
55 191 -6502211628638719185
55 192 1368079693192672522
55 193 -3732320795588332065
55 194 -6118807617221868600
55 195 2275666703967799788
55 196 -5647287239263915773
55 197 -6440638297371093894
55 198 -5618837578608519942
55 199 -7460407915617570207
56 0 3514248435242440744
56 1 8872063327161024653
56 2 -6511522110568342421
56 3 5066235094336656032
56 4 -2188090920136740715
56 5 -7885735354840398005
56 6 3301318719559596592
56 7 -5836586883683694304
56 8 5645644266175071165
56 9 315257016566503003
56 10 5933873321680268739
56 11 2968164390307267779
56 12 309791535651493560
56 13 -6969557961681837351
56 14 -464511716166501646
56 15 -4125684173103842922
56 16 9055681737815747735
56 17 -2457225499747794595
56 18 -7213357937984351861
56 19 5337431525646871214
56 20 3608893822360480362
56 21 -6230232004400526524
56 22 5419608826432447802
56 23 301400849463386109
56 24 -2980977127149204789
56 25 -9129314913573931756
56 26 6558015962595129487
56 27 7487153737979917995
56 28 5145717456027100129
56 29 -4126430763336807148
56 30 1241823522691333841
56 31 -2406641873617239984
56 32 3623893569845539771
56 33 -1805998433588986072
56 34 7269830391936019911
56 35 8794792130801461739
56 36 -5046190470545984826
56 37 972197450270713985
56 38 -94709626244472729
56 39 1313423234829592917
56 40 -6057724295405915410
56 41 -6701047389490469762
56 42 -5206464883624651739
56 43 -4932392889373915226
56 44 371293986368517615
56 45 2523507538246660205
56 46 8613960600053096670
56 47 4685943849386170331
56 48 2144279756989146217
56 49 -4692280393457086706
56 50 -389109865516127686
56 51 -750425011095386100
56 52 1042943443124831335
56 53 7239741778283360324
56 54 -258041054010424239
56 55 -4657851009073442880
56 56 -8838421484983016216
56 57 -306675500479656734
56 58 7637490919948506758
56 59 -6709271860226929322
56 60 -4581911015784032678
56 61 -418458723730730343
56 62 -2310636733417899966
56 63 -6860727821314891142
56 64 7805537060344012137
56 65 -273496383514817374
56 66 4045284527249176036
56 67 -2549078826800830477
56 68 5364352273819159995
56 69 -7112044661938561094
56 70 -1551424031983447892
56 71 -6501313537627579656
56 72 -1771683662849227040
56 73 2346786373803083273
56 74 4112573441260151512
56 75 6049791468540280856
56 76 -4175019196684738250
56 77 4176686845908175130
56 78 -4493488819658564831
56 79 -5077954982537629585
56 80 -8781616690134156915
56 81 -3333330368030519057
56 82 3105181341802434419
56 83 -8928815259295837079
56 84 4641391376733016722
56 85 2143256942283310832
56 86 8618695521189764157
56 87 807454995960173117
56 88 298351864122531108
56 89 -2668256593554372499
56 90 5833637902841482306
56 91 3065394315478474676
56 92 -7021157116063610476
56 93 1694204863463520426
56 94 457137231819637561
56 95 6010935363059450182
56 96 4840963915811003461
56 97 -5861683568712265386
56 98 -364869198104990341
56 99 1814978563000903538
56 100 7163391639529323035
56 101 -3056085595049875366
56 102 7904378287891632099
56 103 8409984585114231095
56 104 -8789918149716054418
56 105 5930207840458721847
56 106 5068840792523651553
56 107 -5294216684148721052
56 108 920217859561568862
56 109 -5036038161571830126
56 110 -3840689766594687745
56 111 4296845553529169229
56 112 -4226148316544975667
56 113 4412982197891309979
56 114 -326488280473268365
56 115 -7469047510394409785
56 116 7407882956963883089
56 117 6796281141823306605
56 118 -5489234163285531708
56 119 -7039077908019930172
56 120 2064299827540584906
56 121 8975137094609081804
56 122 9167393162408599472
56 123 5613924104800338953
56 124 -1654880053346496130
56 125 2819029230826314600
56 126 -1606912106720751031
56 127 -1327450836812000103
56 128 -4405750524292236728
56 129 2439328280481985584
56 130 6810436645564833848
56 131 3170430705399546538
56 132 525079002205417232
56 133 3759935191088672477
56 134 -246336024897770474
56 135 8687161472156728473
56 136 -7393370632728488643
56 137 -2269004885013200871
56 138 -5301968130873367231
56 139 7596526947837908582
56 140 -190446036535917058
56 141 -7039736591755919890
56 142 -3578678327709797177
56 143 -4430229825469374896
56 144 -7211894041810125776
56 145 -7797190409342854888
56 146 7595717467601394705
56 147 -8674262372644410324
56 148 -1154558583067077757
56 149 4489024098889385944
56 150 -9188743697249242766
56 151 2317715148024640051
56 152 -5521377192156896649
56 153 -221960174050163066
56 154 2816576403166265785
56 155 -5748731540662060057
56 156 -8137235591890176514
56 157 7239188842118521659
56 158 -1620508482690357134
56 159 -7268968603151683804
56 160 -7809593507962082732
56 161 -6016858641176921588
56 162 -2686235596561365203
56 163 7166159541219496878
56 164 9181406871285129996
56 165 -4953714850965262039
56 166 -2062040185260351999
56 167 -4238676591658887514
56 168 2793186799251713749
56 169 -4323448374722193275
56 170 -1333763953563128352
56 171 5190844752058194168
56 172 5319275942620520360
56 173 8139310559417819906
56 174 1590973272517699456
56 175 914580713124194350
56 176 -2657085776331533367
56 177 6233158154054947235
56 178 8889501397929814918
56 179 -6822227780399635000
56 180 122078426974990511
56 181 7841586385408107199
56 182 2160857174326255354
56 183 5683409456853031589
56 184 2268857601063786716
56 185 5485322540687481158
56 186 2894090424994460342
56 187 33058287612872201
56 188 -8925868177357740781
56 189 -1821333590840235974
56 190 8273686310458861957
56 191 -9004380465840838605
56 192 2154875525791151114
56 193 1690200452500510243
56 194 5371177325897156228
56 195 -2746160729933508725
56 196 -6841490036446611237
56 197 -8293683949096299219
56 198 3700086430398575458
56 199 -4821344887476563408
57 0 -6686091539030172454
57 1 -8842061168249832841
57 2 -4108167259318984907
57 3 -4536245543583283473
57 4 -6779133506759450572
57 5 -9176471066332128110
57 6 -5985281610264899331
57 7 2129717248350002904
57 8 -548558955586007128
57 9 -4192270280188968489
57 10 6376389306805246853
57 11 -1350416156040336782
57 12 2304667971285244006
57 13 5825047039095056580
57 14 -601933004190033225
57 15 -5105899274381610266
57 16 -7290500234951026316
57 17 -1903234590823328006
57 18 6016038966830901201
57 19 -7162641080942254428
57 20 -5008121825965851822
57 21 5734423284856828839
57 22 -6225093405520749080
57 23 -8609484982216914256
57 24 6548194859274639347
57 25 6940626611958561938
57 26 -1105900731440733417
57 27 7005589816749992396
57 28 -4318744666855960025
57 29 9219364093114139277
57 30 -1855272062769993739
57 31 8204283493460248823
57 32 1676234024036435050
57 33 -8652938478756010722
57 34 2458994678774805015
57 35 -6009789175656319232
57 36 -5264158637395287378
57 37 -6493488854078746034
57 38 2931054579641828788
57 39 6584098147100019536
57 40 -8024155887340976441
57 41 4380804433455120009
57 42 9205427021801826172
57 43 1427140934690139453
57 44 365313503955359622
57 45 4607800246976871139
57 46 6983251828982910882
57 47 -7339708576172539781
57 48 2630527103202868876
57 49 896129544192826500
57 50 2230025971181762728
57 51 4850650418479765296
57 52 -4603370103345363856
57 53 -4454591334142817414
57 54 94037893451417887
57 55 -5956143870149171395
57 56 3050598849405935157
57 57 2287762723980065727
57 58 -6035896083874027698
57 59 173237528676885841
57 60 -7434661062943644120
57 61 6504594630160925350
57 62 3815786289730207047
57 63 2983269244375869605
57 64 6142464568679630342
57 65 283204499132678155
57 66 3662977447996433280
57 67 -2369919152346986152
57 68 -3736258076871502725
57 69 5765582738749157126
57 70 -4764191677853069416
57 71 6730856602189313875
57 72 6003809973644759684
57 73 7259047386443854530
57 74 8246510735062335383
57 75 -1768559896127490605
57 76 3255100002884829861
57 77 6465684406056903661
57 78 3454958721484620404
57 79 5533527211516776239
57 80 -5715441945675853137
57 81 5810673664625417036
57 82 -1174270847338507899
57 83 8696261309844828167
57 84 4622547684790336582
57 85 6932215183089227834
57 86 2451955558478194068
57 87 5040595212888581462
57 88 -5328817338690907675
57 89 -2672372111954278788
57 90 -8972596201836070190
57 91 7033292001666241154
57 92 6546860556111589658
57 93 7603049223420952741
57 94 6792549607162443060
57 95 3299421559942293473
57 96 8775203977253937004
57 97 4325795977123953743
57 98 204376442461268287
57 99 8607887885391159226
57 100 -2380002459088444017
57 101 7201723966049745908
57 102 -1419737946551747851
57 103 3135453493106228295
57 104 -5429622898410476669
57 105 664228561520184260
57 106 -7660292395766415110
57 107 1477972172852186908
57 108 -2532010795725612063
57 109 -697150422958760796
57 110 -6930175295497368380
57 111 -5763566866807837898
57 112 -8725524004591865960
57 113 1808701990155413154
57 114 2238501163242786895
57 115 -2883408552687185125
57 116 6397479606017519181
57 117 8043815255879505580
57 118 -2946113230844986109
57 119 -6997125183403266701
57 120 -5527253255578984090
57 121 875264627015565530
57 122 3441382040366489191
57 123 3063028462051354618
57 124 -6782123367668529199
57 125 6583348450270904213
57 126 -1588595314359777511
57 127 -5520397082098310920
57 128 -4953025608404536111
57 129 4407704136386696354
57 130 7885976699108391576
57 131 4609903592020343463
57 132 8442520613169076926
57 133 -5841358541247764927
57 134 3665832977056757846
57 135 6024935423891390550
57 136 -1513603587745832785
57 137 -2436873739765033437
57 138 -6950340597765391929
57 139 -2359652764090609936
57 140 -7787327217506291558
57 141 3124876756627463498
57 142 -3767707232015315825
57 143 8859159453990239266
57 144 8729265093622646649
57 145 71927815651755294
57 146 3522028647662611340
57 147 -2813173161910960977
57 148 -8367548032318897367
57 149 543401166873466391
57 150 3110649047315440803
57 151 7095786979814174770
57 152 -1520216626415721376
57 153 8098119271161587573
57 154 -4851427053503515184
57 155 6512832990157770851
57 156 5537083508348473655
57 157 7668836415016957690
57 158 -3571796011410524137
57 159 418185706143560569
57 160 2823228796260052668
57 161 51556762373588326
57 162 -6875369184959330853
57 163 3033500811782935686
57 164 9143793422192177892
57 165 -7609289573379070143
57 166 -4235145634744996573
57 167 -7942393769967902419
57 168 3197514483854618089
57 169 -7265238058687241158
57 170 -7488082488436175305
57 171 -3088733362155624308
57 172 -6864956540624810384
57 173 2400599810170805323
57 174 2591410991866004101
57 175 5757132860554194083
57 176 8388032326213119902
57 177 -6276297084271357493
57 178 3038440243121797536
57 179 -2203558901566062828
57 180 -2675029700354560980
57 181 8633647629375859298
57 182 -8683386626338296150
57 183 1388021199069134134
57 184 -4958849378376185458
57 185 4158760323331895563
57 186 -6740801398794806165
57 187 -6021130365459811299
57 188 3432916209349335815
57 189 -8436591025831342775
57 190 -5415250176440899559
57 191 -8851882515578120200
57 192 6075034697848841793
57 193 -1866361886599646405
57 194 6571851136411348975
57 195 4925516609215771418
57 196 -918968274658404780
57 197 -7721380038256224206
57 198 654101363111450205
57 199 897753515815927745
58 0 4726510005663809786
58 1 3188417291592834937
58 2 -1818106415263092035
58 3 -7822835579817504196
58 4 -5586017047945227820
58 5 383112489580080261
58 6 1335230403837883952
58 7 -5415144683544216843
58 8 -1939820207575666294
58 9 5554901507937055477
58 10 -582265837931249691
58 11 2448053130207665164
58 12 5464910629530449212
58 13 7901218435655426893
58 14 -561100031420524079
58 15 7622309712692116797
58 16 1648433064114513145
58 17 -6305554191384960632
58 18 -6244928043759402736
58 19 -386656247605435604
58 20 -7970077223693646632
58 21 1752540497391032440
58 22 7926218027448631423
58 23 5101940348632025886
58 24 7905197285733756679
58 25 -6529462414343633659
58 26 2461725896279074175
58 27 -828951181669865040
58 28 -2963296758273870215
58 29 1179455654996698585
58 30 137131778274101485
58 31 4484921974912488874
58 32 -3251907405243038962
58 33 3133759459433293379
58 34 2200000643764779795
58 35 8078067467868780532
58 36 -4907914920908032028
58 37 -1022171571082766997
58 38 -1205481721979587292
58 39 -5445923926707709637
58 40 -9012063515282387368
58 41 -7807537052961046326
58 42 -8578487398818559706
58 43 -6000162331224487241
58 44 -1431032106700345289
58 45 -4001998844703274303
58 46 4910857463471409759
58 47 -1218599782101751541
58 48 4301965454891170782
58 49 -8396121300273379608
58 50 4099471568707089638
58 51 -6421629436641308080
58 52 7088221604316232592
58 53 1708346426541296385
58 54 -1419501893870712736
58 55 8431615826818817197
58 56 8657634560866805359
58 57 9004034364822196476
58 58 4800660110590780803
58 59 -8299660202758622947
58 60 1178327043609484861
58 61 -3863735825385791800
58 62 8017896389341198966
58 63 -1212998937034866825
58 64 6295684471785793981
58 65 -4166066923055361973
58 66 2352893623919873123
58 67 -763046924053239046
58 68 -2703182489940616276
58 69 3190585785038033291
58 70 -3048913520943297110
58 71 6142679437174904337
58 72 -7641196053846152799
58 73 4289729697620700639
58 74 -8905610792130934827
58 75 6963841261796696316
58 76 3935193201593217145
58 77 7304742079599850999
58 78 -1392067385527893091
58 79 -4037981981324358157
58 80 -3289726127396140842
58 81 -3024498566261525936
58 82 -293590676841586572
58 83 -9109199284547777999
58 84 -6695496130646186355
58 85 7412596776623923800
58 86 6688827690551970892
58 87 5760866189766835797
58 88 9042266673993984306
58 89 5524827189218010339
58 90 5161316823460982096
58 91 7323614124011356921
58 92 2157958040459985601
58 93 -3551018880839376486
58 94 -5666721021235968269
58 95 -2210129150141695988
58 96 3881227281093170988
58 97 49386404564473093
58 98 -722738903108755744
58 99 -683654808707122541
58 100 5841034805890918527
58 101 -772882955859549018
58 102 846650276644190324
58 103 -7511117684600982000
58 104 -3505159294496119980
58 105 -1662838844075310938
58 106 6059417484380954406
58 107 -8137116500885382786
58 108 -3307129551234035544
58 109 8495180250540752946
58 110 -8997585144363185674
58 111 -6897243068797200446
58 112 -8307984752843594554
58 113 3194864068699604870
58 114 6646109302936670562
58 115 -3097362335882814815
58 116 4290321253291635369
58 117 -1615359756525427738
58 118 4210310644907401824
58 119 -7723473332423212414
58 120 8896601703275382082
58 121 601831530379225187
58 122 2423783300388962794
58 123 8807721566639543688
58 124 -8002999497017986981
58 125 2526948636216322344
58 126 2296237633069358429
58 127 -5490189627792097775
58 128 -7394875540211378089
58 129 6303773259390285721
58 130 4453095390458434901
58 131 7279457643392974543
58 132 -1794158329491723335
58 133 -7350811406376974426
58 134 8382219174317128208
58 135 6113143646113146100
58 136 -642358297850147854
58 137 -4376205327981457808
58 138 8683320696153171272
58 139 4635238473705151543
58 140 1534584173027365652
58 141 -6287008931447450988
58 142 -5494585819131470882
58 143 -5248878178638196709
58 144 5127686360527184706
58 145 -614867557944648724
58 146 570318331677785512
58 147 -2323270563722348474
58 148 131204624720729365
58 149 6913987577607421909
58 150 7282027461907512318
58 151 4996944681252974221
58 152 1243507579976761885
58 153 -1155021399301676564
58 154 1920454829856834326
58 155 7793887906610828584
58 156 3312017061029950312
58 157 7861656629278141268
58 158 8152083932298755887
58 159 -942535954878556377
58 160 -3027551233317739427
58 161 693715863711412231
58 162 -3320845291979148741
58 163 7493245045325148567
58 164 -4853665193277563128
58 165 -6682117034900278104
58 166 -8528612938975840955
58 167 5954481664323921187
58 168 1121563834248285804
58 169 -2223296534009317460
58 170 -8517443816154109370
58 171 -4169212183254724849
58 172 6195373291466286651
58 173 -6720755296818961823
58 174 -1328986432278543491
58 175 6797682877974038263
58 176 -662530106458125245
58 177 -9169514759492066609
58 178 -3417992710103564214
58 179 -3532592627532828390
58 180 3282373375752033492
58 181 7199942203720435248
58 182 7026108224342617549
58 183 -8774377325387649418
58 184 6950949816637962774
58 185 -9060306317198362767
58 186 8787023088509438782
58 187 -6202292014272349073
58 188 2495101035963893527
58 189 -2215893373232055878
58 190 66081668454785056
58 191 -853780640865167717
58 192 -6951118299938496052
58 193 4145539291733877197
58 194 8400880496680223218
58 195 -3834467971734194661
58 196 -6932286459076083504
58 197 9066361228363912434
58 198 -4087962170704367433
58 199 8661313854869842406
59 0 -8397320537777134573
59 1 7025798276037535356
59 2 -7210699303333497813
59 3 -7604074198222692823
59 4 -488607870296522960
59 5 -9072499842301795701
59 6 6972264787804492362
59 7 -5179734195380792960
59 8 6246208697181528173
59 9 -586745587410583874
59 10 -3291324034969435838
59 11 -657419635128849696
59 12 1094006758600006464
59 13 6574930136526231481
59 14 -6623492591839356207
59 15 -7100690855890446223
59 16 -6794567797170187673
59 17 8782222274045873314
59 18 -1461127867875734664
59 19 -304620089506953128
59 20 7859114966632801788
59 21 3140926286836598339
59 22 5731285186695589449
59 23 29246877847055621
59 24 -7811172453027846317
59 25 -3609101106696413628
59 26 -1638930293137248666
59 27 -620210818479457590
59 28 -8669582858495345071
59 29 7668714498773730767
59 30 -2251634669677636609
59 31 8431592687537147076
59 32 8056099314977999276
59 33 -1939764720884467089
59 34 5715644145374771088
59 35 5550723641155222944
59 36 -7503895510097513793
59 37 -5147935622040465217
59 38 -5849524152497219626
59 39 891053347099399766
59 40 7658999616908630376
59 41 -8852433985191733566
59 42 5447724462955016393
59 43 9138488736640231977
59 44 -8261998644383164351
59 45 4792041669014184728
59 46 -1647156948443637911
59 47 2810265798167257775
59 48 5492235143660745770
59 49 3004457941386733919
59 50 2900922457117906160
59 51 3189938852722729521
59 52 1521504696584054549
59 53 -8782515033376678301
59 54 4627015073507295982
59 55 6065414315183043910
59 56 -7326195709439713013
59 57 7064089633438708025
59 58 5834570885404859817
59 59 3124454129861185127
59 60 405438589045251887
59 61 331806581263517051
59 62 -513156761154312482
59 63 -8144577937584890505
59 64 -8307419647648395284
59 65 9005480109082476121
59 66 4141103231992889832
59 67 -3647436344333143150
59 68 -3773883603438515049
59 69 -366411830059391919
59 70 -4547096302363104350
59 71 6336218838284271037
59 72 8954515660559619983
59 73 -2044932663141504343
59 74 -7656536742332329644
59 75 7085911525265603148
59 76 -7103347560848723423
59 77 -4972768992007900596
59 78 -17525906378557652
59 79 4809526529444231666
59 80 6856140266859510115
59 81 -28520223306353007
59 82 -871169901831343082
59 83 -2885275482094210763
59 84 -1174238640731584277
59 85 3124782111141941153
59 86 -6836854397082140620
59 87 3456933845126368756
59 88 -6739025618876782859
59 89 5132070560012320270
59 90 1845630776438961975
59 91 -1427457588246318606
59 92 -2831620890238794531
59 93 -6740123208669856086
59 94 -1693143536907572750
59 95 -3341206461398610571
59 96 4592954969835263206
59 97 8820584669156287473
59 98 -7888850427640366357
59 99 -8179182290366277923
59 100 -8773795954670535340
59 101 -1724220552237099595
59 102 -6651409585529671416
59 103 3919613421215478359
59 104 8309902700356300427
59 105 2144953392960634778
59 106 -4428079674826589026
59 107 2970534263314684826
59 108 5275719103983237647
59 109 -4334738638145587259
59 110 8971582252696924278
59 111 2846113092792178271
59 112 -3346774806303467215
59 113 -6146267203540261112
59 114 -3633034666700153679
59 115 5242974891294939636
59 116 6206483850719359054
59 117 -8288811121155554235
59 118 -882736094184231254
59 119 4241771333496445512
59 120 -4568846039654630833
59 121 -4189519064383123119
59 122 5275021745205375134
59 123 -4802733456907917466
59 124 3448283636998862028
59 125 2843733691717083647
59 126 183404340526728678
59 127 -8391026485605638168
59 128 7465734677939779782
59 129 3174718604567002911
59 130 -5792779236777806212
59 131 6423489574688924016
59 132 4361168545669493178
59 133 -1743031827207628859
59 134 1366313655527877617
59 135 -3632241264581811291
59 136 8456726986006789868
59 137 3004334555869761681
59 138 6693340269274214111
59 139 -209687745056825688
59 140 4879934478291935872
59 141 4472403137732846587
59 142 6732248745301410701
59 143 -7247358952603080852
59 144 -347728089957188575
59 145 -6271371389751431032
59 146 389783543447399787
59 147 -7201491943268211279
59 148 5302883289032571791
59 149 -5263099072975331205
59 150 5368486469401776907
59 151 1106336421447083782
59 152 2687102922081747373
59 153 3430798732839130402
59 154 -2953141851967831284
59 155 1990003114590640280
59 156 1870444684298562797
59 157 4630501423203662701
59 158 6398822812655978014
59 159 -3430591987889889774
59 160 6892824345139807742
59 161 -4107820305710983501
59 162 -1518778041633644908
59 163 -3630675893439323901
59 164 949509782654352310
59 165 5248579110639763666
59 166 8699972613963032206
59 167 -150660019319876786
59 168 -8039896055623581215
59 169 -828884605987674349
59 170 -7543966700333180367
59 171 -1654731199648395415
59 172 8645575738145071086
59 173 6595194169588193049
59 174 6759279272806660644
59 175 8469753953797768501
59 176 -1505949656293090868
59 177 -3158424312984295607
59 178 -8317034712108791962
59 179 -1840707436603930840
59 180 1536308857518450635
59 181 727872467392701990
59 182 3564568237612195850
59 183 7469620867315021249
59 184 4625255327073228710
59 185 -937040734634897924
59 186 -5033102736940009862
59 187 8807564154984967479
59 188 1444422407321192184
59 189 -8377767762088151407
59 190 5131326336981708790
59 191 -3032516615648385828
59 192 -172335739015197736
59 193 8596520723716410143
59 194 4988413464745302496
59 195 2961612216338035122
59 196 5291158660908288893
59 197 3442501470574084827
59 198 -691200931214079751
59 199 -134020667297297352
60 0 9120620785573881128
60 1 7281468856815616060
60 2 -2962913398571615441
60 3 -2361962597999413322
60 4 27745692144043695
60 5 4125027403464526221
60 6 4848173868877376697
60 7 2856778614530025340
60 8 5404127329806944160
60 9 3810866903470179096
60 10 -1917325954469850502
60 11 3689270951588941003
60 12 4860325417848226474
60 13 4601860567680760865
60 14 -1021613995832827057
60 15 -9070938889590706899
60 16 -5585273240326855853
60 17 -6090807874162657882
60 18 -5676427168582500563
60 19 460592930811603266
60 20 5145470640654770351
60 21 3778945827938050773
60 22 -4269418315123184091
60 23 -3007889234107467560
60 24 2965574761027478618
60 25 76238489609139399
60 26 5216698659342451147
60 27 -4438117396935854090
60 28 -4157927891325843792
60 29 -6807809160693875672
60 30 -4734013636298211703
60 31 -5768241382976471547
60 32 481559032138381512
60 33 -219942191714350416
60 34 -61890948986126219
60 35 6983867601625360
60 36 -6299381606777225101
60 37 -2805650740773705560
60 38 935322538913006533
60 39 -56915814029603256
60 40 2393224360228742691
60 41 2629126821914390468
60 42 -4202194253805490386
60 43 7418540476452656449
60 44 -1774004684928988079
60 45 -7583068177757094562
60 46 -2634463123578112925
60 47 865373460665861424
60 48 1207563658424409175
60 49 3369608697931847083
60 50 2547162892356657743
60 51 -5227211197074833817
60 52 7796566613956101643
60 53 -1383160166138516311
60 54 8095666013834693490
60 55 1380460389883376410
60 56 -1736054863042865714
60 57 2021042430970901437
60 58 8599442958808045407
60 59 -2164893242725841061
60 60 5788290981003984904
60 61 1563845571802982408
60 62 -2765415680360130456
60 63 -4189696749499535730
60 64 -564414442937094784
60 65 -2020815249933778933
60 66 -6827496002738750670
60 67 8460114176952842936
60 68 -5050667774466420689
60 69 -3014350844235268476
60 70 3536352500659127987
60 71 -2749771729266578087
60 72 -4569786985989599218
60 73 233094741000562253
60 74 -7142136071510882884
60 75 -463939656528586254
60 76 -40860047223620012
60 77 -8281646782454116685
60 78 1608676187568953378
60 79 7791469626551539362
60 80 -3054623097606149421
60 81 -4134258584025830442
60 82 -4573772069123162698
60 83 7677741661858256388
60 84 -806308440991690410
60 85 8158384271604580697
60 86 6277010116942884831
60 87 1795042973906144811
60 88 6454063817544644435
60 89 4940996982754041568
60 90 2937973572723210922
60 91 -3270456453667249205
60 92 8475756653362168953
60 93 -2537518920402897636
60 94 1184690693208425691
60 95 -7008449152147041073
60 96 -4167009259742773589
60 97 2614237990832045027
60 98 -7884946472784896233
60 99 -8365828330366075237
60 100 -6868360804884121988
60 101 628755843870993434
60 102 4748882223637599891
60 103 3935397294804508566
60 104 3548422285306197627
60 105 3155257926880399069
60 106 -8309193811140885495
60 107 6635942974139735786
60 108 -5558162815953046102
60 109 5093258584064443163
60 110 8888276406123669335
60 111 2681897941723879040
60 112 -1503169795350185764
60 113 7447826243017838416
60 114 -7500684989661079213
60 115 5350341494040033141
60 116 2745052207344023989
60 117 8811209571693132505
60 118 1636399057370937646
60 119 -515095247120326312
60 120 5610971958353078971
60 121 5630951796464620916
60 122 3189419620496096859
60 123 -4266932503293495642
60 124 5206340994170692512
60 125 -2277828762800767311
60 126 -2737090952267237950
60 127 5430778674980595502
60 128 -5337086175361417131
60 129 -5265360767956482013
60 130 -3021943583674094691
60 131 -8632922421769260672
60 132 -6646461310793177312
60 133 8744255885369303590
60 134 10099453608837999
60 135 8985188192204042923
60 136 -286351864714349610
60 137 -1158713084304448425
60 138 -89053492269463189
60 139 -6927356704297687660
60 140 4385098961290336039
60 141 6481675835993895006
60 142 -4617705935366418347
60 143 8110588530928218925
60 144 -8124156878740739468
60 145 753922762016258316
60 146 4354131175568137979
60 147 -3911018545625781848
60 148 1692817840163814894
60 149 -5574903007102072488
60 150 9174597728111909163
60 151 3867592383344939759
60 152 1010804602069689457
60 153 2131085469672905612
60 154 -3374673652260168848
60 155 3094315261384747361
60 156 2578790140261021963
60 157 -8081628180140625092
60 158 5098188808007402066
60 159 -8052147549010009804
60 160 -1070015354191638968
60 161 -7612506307995626042
60 162 -2219478662700262734
60 163 -1834665647069444686
60 164 -4259142999391814389
60 165 2330017787307084576
60 166 7704430365497635718
60 167 -4241727343971711433
60 168 -1064000677859062139
60 169 -7281964716501649138
60 170 8580221667135754276
60 171 -4473732368514498153
60 172 -7009580749591927360
60 173 481037349586472419
60 174 -1043891494361015939
60 175 -964571922896600818
60 176 -317848954573079190
60 177 1706956507648737483
60 178 -406999348444932200
60 179 -4125681940704205233
60 180 476096284129258368
60 181 -2105074746869939873
60 182 -748734453778170318
60 183 5600224014428103731
60 184 4865126978784627658
60 185 -3729020788718790894
60 186 7718204333738872527
60 187 -7806024782527769985
60 188 7171657973985407010
60 189 -8050864532908820194
60 190 -1462898034024775537
60 191 -1404241135384281853
60 192 -7797742946293897300
60 193 -1312256457362531145
60 194 -7109082875351941107
60 195 422667912232340230
60 196 4270877346022543566
60 197 -843055767318485321
60 198 -8260973774789913605
60 199 -7064104239436094418
61 0 1667201228338383414
61 1 4125393887875649524
61 2 -4223364648671598458
61 3 -2588805620370052162
61 4 8079909908085376481
61 5 8002580707244082274
61 6 1140905993181954092
61 7 7295088109972766639
61 8 -5946136407364432024
61 9 -4313938374801700106
61 10 2425757578761315045
61 11 9129401362706458086
61 12 -4315290918684394477
61 13 1766783804674575185
61 14 -426828552021083833
61 15 -4588831269706853868
61 16 -9068494966001580888
61 17 5026333354699478863
61 18 794650761176631577
61 19 5386139868553509416
61 20 6894739966084844405
61 21 -1605455121811835568
61 22 -8760971826906560100
61 23 -4935217752138904827
61 24 1708634434920241057
61 25 1592630034483539361
61 26 5830677717791037076
61 27 -1879003007406206114
61 28 1685505089333729901
61 29 6219498945924579913
61 30 2682930263473630320
61 31 538616187228422171
61 32 -6759555948132512232
61 33 -5069966334165051871
61 34 -1795864418550258680
61 35 -8101229664099860457
61 36 -1467314887188261896
61 37 499296515082491225
61 38 2028833931128138808
61 39 -2383971270448133415
61 40 3124265301126638168
61 41 4970927834713675807
61 42 -7480418417131910982
61 43 2484195939477236721
61 44 -5955795673825271036
61 45 2790500031347485416
61 46 -2202290136891122598
61 47 1252824521836853722
61 48 6461795123012051819
61 49 -6636911801634479514
61 50 6461980886697972181
61 51 7454029795255527854
61 52 2566443584955539401
61 53 -401957564994817739
61 54 2200915121040931347
61 55 2485515399453552193
61 56 -448291648723763686
61 57 -6225948069024325599
61 58 8764560900399409766
61 59 -9088406114187553271
61 60 -9150126567373088003
61 61 6028076171389876510
61 62 -5089434006495884506
61 63 -4804125729143130265
61 64 -8083932937173037952
61 65 -4030206992211578913
61 66 4700133108210681675
61 67 7049617870643390737
61 68 -3288472583635314410
61 69 8488245752070895577
61 70 759210805783049678
61 71 1075113799035466840
61 72 6244002470008531795
61 73 6135682367580875676
61 74 7248437786001639401
61 75 5276434076449623277
61 76 -7352407792961033819
61 77 3117482372004607470
61 78 6732126236252593346
61 79 -7482777616665290806
61 80 -9132715189750866463
61 81 -2555657189548069455
61 82 -5023824161799468749
61 83 7607803614745996610
61 84 -4034790422456435230
61 85 8550739275457406590
61 86 -8033723018331572499
61 87 1222098226196131925
61 88 6043383045997450104
61 89 8581927589240049864
61 90 -3380552600053523587
61 91 -4853477632121403113
61 92 8841798024377286978
61 93 -8701554348466969289
61 94 -3091947095075767122
61 95 1477646017517669474
61 96 -3871954240701813719
61 97 -5252042777349724997
61 98 3447189630357841207
61 99 -5203143239440833713
61 100 -7055293165907712168
61 101 -8089969067545104257
61 102 -9026989808583791653
61 103 3605698343253231805
61 104 -982247222512423126
61 105 2229757813933554841
61 106 1333714366199951433
61 107 4447044222338370529
61 108 -444115860219713591
61 109 8588798778180398988
61 110 4245955908451826292
61 111 5766173499001394620
61 112 8915968825756225905
61 113 -2412523744596750103
61 114 5689710105347490450
61 115 6717818248732518997
61 116 2694671867955212021
61 117 -601453620806770661
61 118 -7422236663926683844
61 119 -2558373990722595494
61 120 -4241765003473095682
61 121 -1887387203300293720
61 122 5836123032884847795
61 123 6918272322425760169
61 124 -23582337492179851
61 125 -7119276065629706488
61 126 1699680662001827018
61 127 6544136436259205047
61 128 -1218474273548778081
61 129 -8333237120530262231
61 130 -2086391656485719128
61 131 46995871881532796
61 132 -2750359273909806606
61 133 -5285616020043141812
61 134 -108597740102235647
61 135 1413805323790617847
61 136 -6528954170451629589
61 137 2308948319054485766
61 138 -8222898989896904195
61 139 -3326827902492955268
61 140 -8622070445085203166
61 141 -5908709909545196350
61 142 1886468264120260218
61 143 5574720745340445542
61 144 -785518957610962806
61 145 -4185193522617638786
61 146 -9047474950383047437
61 147 -6954161206073942338
61 148 -6091175504176019059
61 149 4793251710068081565
61 150 -2163841752361683299
61 151 2256315872369079713
61 152 4769635700177854499
61 153 -4114850225891583850
61 154 6474279821207870848
61 155 3097347745939306535
61 156 -1248046793087923105
61 157 -4338372141817484559
61 158 -9048469109623183649
61 159 5841753659856237227
61 160 9058202879333871555
61 161 5909768879113177329
61 162 7305385905074907612
61 163 -6440225044616799489
61 164 1443817463308175918
61 165 -411319643528008855
61 166 5052683675044986488
61 167 -3361271675170560069
61 168 -771050500798593350
61 169 -4941728553745243445
61 170 -5144588946124469382
61 171 1140941851932758065
61 172 5874949456718644712
61 173 6755684778880110215
61 174 4651061792531000885
61 175 8451296927401850506
61 176 7025982445315377705
61 177 2375262308267632917
61 178 -4294568146729173875
61 179 -7572503778812563180
61 180 -3174425160770176326
61 181 -507524130358751099
61 182 7773826555297745810
61 183 -8975452322249369060
61 184 5933883935032302618
61 185 -985987989721967912
61 186 -6398056493871514686
61 187 -3950941236900644106
61 188 -1789493352886188775
61 189 -7110753043066793964
61 190 8489172469992551962
61 191 3199618047629837800
61 192 -7752737017992993654
61 193 6646167177232303873
61 194 2565649033512538917
61 195 -3484089957642918551
61 196 -6189455905908070101
61 197 5415140664299243318
61 198 -592544764128079345
61 199 4034337299929414918
62 0 2546606517417288228
62 1 -974859232563318054
62 2 -9079335384940578157
62 3 -3881253912764454778
62 4 -6117588448552885106
62 5 5024492759524715320
62 6 -1262684209159688106
62 7 -6266212133270766466
62 8 705527618386719089
62 9 -2874213881762106414
62 10 3527624392228462053
62 11 -8984604261991352234
62 12 4469202767384928575
62 13 4060925257397731201
62 14 8637965340580216673
62 15 -7261299407921778397
62 16 8287008505397595376
62 17 -2752654842550161610
62 18 6311841549670792041
62 19 -4886983508399248564
62 20 -1651095117032236852
62 21 1678222076964165033
62 22 5653978446507110612
62 23 2720478235480001313
62 24 -7463072364998173366
62 25 -4007808897043807511
62 26 -2696676282899205666
62 27 254127635214883161
62 28 6365366656483969764
62 29 -4079945845185758949
62 30 4225867583132526829
62 31 4396741961312845827
62 32 2800123899656178368
62 33 1963628820473350054
62 34 -2540430483841864132
62 35 -8994154048871697513
62 36 4463932981655555918
62 37 6115931135403126929
62 38 -5359416555712843480
62 39 4931122168266764507
62 40 -5477540733226570145
62 41 3068978417096056421
62 42 -1542861757317624418
62 43 2166141709082682912
62 44 2702111476726134
62 45 -97201883402541329
62 46 -7581993850075122372
62 47 6216469792535289900
62 48 4825379094210022200
62 49 -1116597682416909047
62 50 -2668209386841690776
62 51 4897766237495607344
62 52 -756229194749351921
62 53 -7163510341258783723
62 54 -7008332102417035033
62 55 -6171585029950207547
62 56 -2025618325809528330
62 57 2821325957383895191
62 58 4000224104728959657
62 59 -4629117175160896065
62 60 2224308124944725721
62 61 -4605034903705571034
62 62 -8295437261217539269
62 63 -375736887724925039
62 64 -4452386721482286130
62 65 1232125781733405171
62 66 -3549181817936646003
62 67 6091030519620259193
62 68 -6787793462694683702
62 69 1629417051473442612
62 70 -990078809085298696
62 71 4605368926216265275
62 72 -1326874430806413924
62 73 7063087184170277032
62 74 6945369453166909841
62 75 784743926326970404
62 76 3504997139168390702
62 77 3562009398690915711
62 78 -1652503275282213091
62 79 -412418697966449558
62 80 2465593051081480156
62 81 -9074109770023898240
62 82 5075343107520076914
62 83 -46676729606059014
62 84 -208972924508553233
62 85 -4385260446215759404
62 86 -3757964212049569116
62 87 -5981814496509177244
62 88 5254532330685492651
62 89 -8845257571822772616
62 90 -6743036038019054366
62 91 6146120935502889767
62 92 -3227788852470285170
62 93 5348613902054592127
62 94 -4059627435248798532
62 95 -8069250078863846748
62 96 -7275446923449483631
62 97 1998375444460894245
62 98 5713963756222699305
62 99 4342983643572292208
62 100 5464793181754777471
62 101 -4483853995159150944
62 102 -5582778874375157599
62 103 103579925559617601
62 104 -954358299740389575
62 105 876095053649151922
62 106 239278457989681481
62 107 4216793446431008277
62 108 7436263995398108349
62 109 4746617502850844940
62 110 8046787978047165693
62 111 364971035948959733
62 112 -6648704939333694843
62 113 -4832817148212802936
62 114 -8223581028547304687
62 115 6234917793921177637
62 116 -863179621243115521
62 117 7677779765607398703
62 118 -6949406855937931893
62 119 -5620434041241363122
62 120 250421016334375886
62 121 -2152455489070199937
62 122 6900601073655678366
62 123 -3972785755322554748
62 124 -1638968552490951738
62 125 -284313568067022159
62 126 4751869746388468885
62 127 -3343094409454140975
62 128 -7918102854333591253
62 129 -1254307101667335988
62 130 -5695259441533944941
62 131 -2440136972949562905
62 132 -8810600546390271570
62 133 5523496041335557290
62 134 -6167447086598527276
62 135 990310453575051298
62 136 -222488872491942784
62 137 -6606292213821760148
62 138 -2063619171973682181
62 139 -3698942618039779636
62 140 -473253413600754841
62 141 499733420339387063
62 142 -4850433018086677115
62 143 -1207874460154374136
62 144 5807521669080802956
62 145 -1600698587698281176
62 146 528738566788695596
62 147 177895841798260882
62 148 6565037667106187938
62 149 -1945382119923861299
62 150 -3666491356421391618
62 151 -3831681371563841889
62 152 2843043271182666045
62 153 1119529571381514814
62 154 2036170643125584423
62 155 -5791907666974239489
62 156 5327218593856882442
62 157 -1340067008841732623
62 158 156643022363024268
62 159 -6950613936757281817
62 160 -4887651191352147956
62 161 -510404847042651262
62 162 360205163401057865
62 163 -5246515025190595084
62 164 3883122527698721153
62 165 -1703583587475576308
62 166 3465681691112100994
62 167 8334793412934066087
62 168 -2870259286682166138
62 169 5770120251850511510
62 170 6711179869292018044
62 171 -8291418063284587082
62 172 5372820164251759821
62 173 -9133798761734838971
62 174 -7411697635083975697
62 175 -8125451730766664544
62 176 3349724677335751931
62 177 -21599768099361412
62 178 3476942816813769375
62 179 -3712705237442740271
62 180 3685521225895112487
62 181 440108387319282159
62 182 6896071699403262396
62 183 -3315024803364440221
62 184 -7221106512390580484
62 185 4364109306764150772
62 186 -252816998119587663
62 187 1135090322560181402
62 188 -8263061806003990992
62 189 -5866849076605087282
62 190 4666489586741493942
62 191 -8035495099442636626
62 192 -4365419009177266181
62 193 8953656852480511998
62 194 5586126110839196480
62 195 8416120084203926963
62 196 3715618259259105589
62 197 4214193257455784048
62 198 1843104721862175091
62 199 -4566380525652158926
63 0 5101797327680667022
63 1 -378206209526661270
63 2 5141712003618338279
63 3 7913913249795750446
63 4 5974334820704024375
63 5 -3054863184718468487
63 6 -5753652239376691654
63 7 1670608345172401689
63 8 8311657338083974476
63 9 -760590006880396792
63 10 -6084752827299563917
63 11 3450132228435734606
63 12 -311019105587277746
63 13 -7308506968316008939
63 14 -8160069653451134466
63 15 -9108162540725576919
63 16 -5890471769929972651
63 17 7291808609602558374
63 18 -307746751429304591
63 19 -627504896963875484
63 20 -535538571164174084
63 21 -975297936321307827
63 22 -6327094496335002534
63 23 5503139824918611156
63 24 -384378569928121179
63 25 9200962822488054915
63 26 -4821360028940620862
63 27 543311447641426475
63 28 -7514471546010938631
63 29 2840941877877716121
63 30 2029133253634651924
63 31 7254465558983727543
63 32 -7023958001881702747
63 33 -5911354177908789438
63 34 -3834260088870159708
63 35 -4282597124057676467
63 36 -4356171110498556250
63 37 -6769105642150610318
63 38 -6381742630710941134
63 39 -406968878376674645
63 40 5905460658553210211
63 41 211723333111792792
63 42 5007390859201955424
63 43 -32012062053511724
63 44 -6472984561047291140
63 45 8090226613058625096
63 46 6400167479913142455
63 47 -7097351826443960044
63 48 -2520863549978936800
63 49 -480958226373718496
63 50 869499404181258700
63 51 -7155340609746803573
63 52 -2017024697534258691
63 53 -1043755903447184674
63 54 -6870553720399591728
63 55 4200311214813498095
63 56 -9046308444797939016
63 57 5457402506159610554
63 58 314008719420385095
63 59 3207982812216685609
63 60 6811231266650987989
63 61 4944855092342427074
63 62 3052472137877272616
63 63 8727713776765608897
63 64 4993942169025008231
63 65 -5087457687124551693
63 66 -2303931103059695725
63 67 -6835366316859046527
63 68 748101887257067010
63 69 -5166562552643838897
63 70 4384586810676465344
63 71 -5308976367446073607
63 72 -4569777418047960500
63 73 1048303873943876269
63 74 -6930514423175122786
63 75 -1799101956361418887
63 76 -477020197404672729
63 77 8465152440112414464
63 78 -673750185637068074
63 79 -2951232952650489336
63 80 -2430682076736857707
63 81 6117436465162267994
63 82 -5550822070489143196
63 83 5494844046439528773
63 84 -1123415913815168073
63 85 3967796658939777199
63 86 6560496871726689635
63 87 -5267083869578020117
63 88 4730589483606912943
63 89 -6708946509094189731
63 90 -7300614031915136566
63 91 -5884831361531093327
63 92 -8939061670285565288
63 93 -6009446500517357395
63 94 -7077946754007869745
63 95 -7913716051227926962
63 96 4114603843852731803
63 97 5127826767248389519
63 98 -7364472371399743186
63 99 7084901851598895795
63 100 -6799366518398574879
63 101 315492224492353779
63 102 1408372815567294397
63 103 -1358274811999803154
63 104 -6712757511061727979
63 105 560317040999214272
63 106 -1075815702468498011
63 107 -7189075930166846227
63 108 -8688035596165313
63 109 -3430300737259612661
63 110 2713578154835905129
63 111 -4509398034210751271
63 112 -2752409757928988702
63 113 4685081972508237582
63 114 5132078084299384768
63 115 -1771653195112234733
63 116 1797050940780493233
63 117 2098827464620751013
63 118 3660719590052978921
63 119 2031906097832285239
63 120 -3960196446147428493
63 121 8819423977875463728
63 122 3091207939541295457
63 123 2409342334364770078
63 124 4450992631718919239
63 125 4227346984540444948
63 126 -6266781750834375243
63 127 3146713923299621342
63 128 -8614452747641411916
63 129 2060429979208579527
63 130 598015592196837120
63 131 -8675960636690023513
63 132 -8459956546256805946
63 133 -1858233264472990658
63 134 5471833838275437451
63 135 8980964462666698259
63 136 2636980567253941196
63 137 -7022053602135036061
63 138 3249509494774656694
63 139 7765086370384117742
63 140 5566784202238974798
63 141 -8110321278281966493
63 142 6571857459510326799
63 143 8142726014598286573
63 144 2355578154683352695
63 145 6367907813748496952
63 146 -3972444259287651614
63 147 -5978836653283775721
63 148 -3730996369581164391
63 149 4378468341550901413
63 150 -3556038823343434683
63 151 887145332771090166
63 152 1429504343424033444
63 153 -3524436349512055301
63 154 8148244739866927327
63 155 -1399513632590503100
63 156 782677641670126154
63 157 8747029630687600526
63 158 204695625528560491
63 159 -5651677991662607625
63 160 96148817674069583
63 161 -1936412125826527789
63 162 -2982978176900390459
63 163 -4362298091042292428
63 164 6743726630243691808
63 165 5700264909385982180
63 166 -5993204344010801820
63 167 6224355103364579380
63 168 1673406822807428670
63 169 7929075765069310596
63 170 758652924703556140
63 171 5415207898709031741
63 172 -8163846998090778175
63 173 -6553275143121708139
63 174 6568522316548012320
63 175 1050071402812633417
63 176 -4329050081760890134
63 177 -283017932289476999
63 178 426513504098454608
63 179 8558040952959730668
63 180 -2801760730568641871
63 181 -3776149818551173715
63 182 865276383493177917
63 183 -575285909610509600
63 184 6036573126792955040
63 185 -7209047560703946922
63 186 -7787718441062356908
63 187 232771414662784893
63 188 3081556567691608591
63 189 6253163507660456933
63 190 3784886046681827295
63 191 7883745847897149176
63 192 5316284549904848697
63 193 5147672661694046503
63 194 3616851382924301259
63 195 817027574037740908
63 196 5477252198934806689
63 197 -6955266291432861212
63 198 8199795079579630158
63 199 7105575015587424152
64 0 -8246096961376497352
64 1 1137834563829294847
64 2 6891646507387394682
64 3 -6049011160860871713
64 4 -8754816236652742570
64 5 7426762051991843775
64 6 -8591899018920223779
64 7 2458431277891842831
64 8 -1762913761784383558
64 9 -1666184339197858398
64 10 -6783413043654756897
64 11 -7690179196420619123
64 12 7161561027312067179
64 13 5083282207994305010
64 14 -7534899135821499289
64 15 4057082470746943602
64 16 -2510035695901865443
64 17 3311217246776763151
64 18 -6605614299836096586
64 19 -8403538942490659206
64 20 -5016319030259258914
64 21 -8415922288826540361
64 22 -3667717229789730971
64 23 -3946078000614811693
64 24 -6147034766045854962
64 25 -7251086057188197101
64 26 -4827851398680263732
64 27 -4185825102944967266
64 28 -1110201690102138982
64 29 5521283556762718419
64 30 -4739327718830970630
64 31 -148049377126008403
64 32 1820778331058524585
64 33 -1372381914961365027
64 34 -3484454878991831373
64 35 -6835060029085661251
64 36 -347179061557353057
64 37 5152601684909115623
64 38 -1162995020960977960
64 39 -8133204599372752898
64 40 -2387143108771650304
64 41 1504774609652272596
64 42 80032231717435087
64 43 5404014633545563067
64 44 -6440009910313778564
64 45 8584999301148630794
64 46 3281916246693396009
64 47 273580968314386245
64 48 -3037123351587708586
64 49 4295936277417763952
64 50 6140315135697787450
64 51 -4168029137324859263
64 52 4094314342388381890
64 53 -7271871430391579445
64 54 5737728738656349838
64 55 5475557619113905185
64 56 -3722381436988227273
64 57 6184216358234100748
64 58 8920587709292924094
64 59 9165949775457659239
64 60 -3035524183096092588
64 61 -5135275699283898828
64 62 -4057708340325841412
64 63 6952140643873872083
64 64 922389130311056265
64 65 -1584347953301911880
64 66 -3730092082270098387
64 67 -5691812148909827921
64 68 -4978190729201281094
64 69 9082740397222103757
64 70 -7276780227285214825
64 71 3168035825323156551
64 72 4550721827069739045
64 73 -7887529535318881625
64 74 2069352415134907118
64 75 -4797173292952962275
64 76 7310306111014619515
64 77 6594601748873473220
64 78 2543375200404953046
64 79 8994659860782428201
64 80 2343281434739625081
64 81 7351297267797965978
64 82 2878626382569604385
64 83 -1579260831537666112
64 84 -1187712794966206547
64 85 4851719221335823650
64 86 -3552777213794600507
64 87 -4548056011005738853
64 88 5689025609408026202
64 89 4994050479340043419
64 90 -5010627333001288863
64 91 4455372434841033607
64 92 -5789138144547093318
64 93 8047947776895556124
64 94 3451737145455349176
64 95 6644899019764022442
64 96 1813955364432687725
64 97 -7886650526021460440
64 98 5426977244187098894
64 99 -1918001540114290729
64 100 3673646829215698733
64 101 9035086621474886360
64 102 1183096424352908776
64 103 -5658286540770943205
64 104 3995655080901461003
64 105 4618287618209400718
64 106 2967353907041405679
64 107 5675106820025692796
64 108 6155656121947417147
64 109 3431900149947407861
64 110 -24271419702259503
64 111 5732011740118198896
64 112 -3952296016687707584
64 113 9216685180749611822
64 114 4447580882974630547
64 115 -2432873226860621478
64 116 3475616916044903951
64 117 -8216795864714685432
64 118 -2998997107122894926
64 119 6422784832140322794
64 120 -6461115349397675112
64 121 -1780146866653924958
64 122 -5800583997844387228
64 123 8863974505751825488
64 124 -54789295363767694
64 125 566654728059280174
64 126 1284079801330157139
64 127 -1611669180504553167
64 128 7715937019401472702
64 129 -3207134426441703149
64 130 8868610313674597353
64 131 3314239691576466436
64 132 -4447753742425490920
64 133 4017538506017375417
64 134 -6875093370666675356
64 135 -3441037582602089544
64 136 1143311137501197708
64 137 -3711938209093338411
64 138 2084819858983352084
64 139 -1819416387450866973
64 140 -964920830128163027
64 141 5128062404677017513
64 142 4649131748591753062
64 143 -5831537652796732418
64 144 1820425902217937085
64 145 -4257790297203308263
64 146 8979544193744555150
64 147 3761665263033600937
64 148 7663037903842098759
64 149 -7854218722149251295
64 150 4591646379469783532
64 151 433619156070385870
64 152 -3233743399500595339
64 153 -3684547024998016855
64 154 -7955920361541306681
64 155 5409341655936227827
64 156 6106512501247437850
64 157 -7647221378705683014
64 158 -4326403412552254218
64 159 -3848183463386398680
64 160 -2128159203949619548
64 161 -6237519678683493390
64 162 3122858373972069586
64 163 -7247741380267413200
64 164 2473453409922910180
64 165 -851934505925776638
64 166 696294300976542643
64 167 2873076326469993513
64 168 -1746364360907845387
64 169 605409471743892996
64 170 -8184284460643183324
64 171 7765177376098265386
64 172 -7481047816131839058
64 173 9218634960212057493
64 174 1298208494987045129
64 175 9020979337714009368
64 176 8617147681166662808
64 177 6327632139774637897
64 178 7694371182793788127
64 179 5170813616962724327
64 180 -69134879836204689
64 181 7032575533235044385
64 182 3661441091814192660
64 183 -9030316698732898185
64 184 6547730963766947499
64 185 -5084243067771437124
64 186 -4388454678192553741
64 187 4452515318001163153
64 188 7333922249115299517
64 189 -8249293221437439086
64 190 2960565401556315630
64 191 4420914213572235372
64 192 -4489761468584820901
64 193 4294670491925646045
64 194 -9171544233991035898
64 195 8592524592968894025
64 196 -2810072819440972088
64 197 -1790346038466370261
64 198 7558102326080567882
64 199 7909281773176877421
65 0 7232437663779219191
65 1 -5032929516241621107
65 2 2148652939709490179
65 3 -4641916176259116999
65 4 -5346098245174021982
65 5 -8146141431714270716
65 6 -5739258369561099896
65 7 -762857304204962440
65 8 -3009382449086730024
65 9 -4499992828020853314
65 10 -4721135633162986265
65 11 1770328092233034648
65 12 444596729934280610
65 13 7254852129831004681
65 14 9090229650859387167
65 15 7420058753699411985
65 16 -1119871524109820443
65 17 1557589547140831678
65 18 -6001109582176636791
65 19 -4157786740313901788
65 20 6983628474609945431
65 21 -4565915864141565434
65 22 8452331738492330682
65 23 -1194485600287099065
65 24 -3336917654584974291
65 25 4996864805451201668
65 26 5125244305543612832
65 27 221231450748741665
65 28 -4220453687662032833
65 29 -677456598510994500
65 30 4851278210260019290
65 31 6687841935855852263
65 32 5308173812475458612
65 33 8988147195651430894
65 34 -6638992887088592618
65 35 -7126427980847369123
65 36 -7625702800222984589
65 37 -7513580665663920163
65 38 7596979177358867446
65 39 -6713107768925100772
65 40 -6553122544675421446
65 41 744652912585375733
65 42 4413874478944872842
65 43 4319182875851176066
65 44 4945528607438857544
65 45 7230546100077403165
65 46 4654943837639557525
65 47 -55244408567045833
65 48 -7306282706109700683
65 49 -2852481667999416667
65 50 4056485951974707394
65 51 -15928059108614842
65 52 -2387343134034524890
65 53 -5736494581469741157
65 54 1137274081014265534
65 55 7414434354603825410
65 56 5369636060590747992
65 57 7035848397471209059
65 58 -7372020531499295391
65 59 7469645308597296980
65 60 4352454064849433011
65 61 7422618674896672988
65 62 -5406516468068591952
65 63 -8441942072015306615
65 64 1090668247521416536
65 65 4161751439227115805
65 66 3377272537267087412
65 67 8139628074179460349
65 68 -7805078784664469255
65 69 -406400457123457520
65 70 -9168647730031417436
65 71 -6149845132069668575
65 72 -4476219839293990295
65 73 942792086771697756
65 74 -2287736010661738486
65 75 3287716701923189603
65 76 6077291472136001341
65 77 -7004188005433208808
65 78 9084299879475086420
65 79 -8605557157291132092
65 80 -3657824924264869246
65 81 -5162079993664681808
65 82 1602247423950224180
65 83 1706837644438055578
65 84 -3792147201111182187
65 85 1419929743821364381
65 86 -3245152602424412418
65 87 -4932929266983498067
65 88 2600044372400023211
65 89 3783425770407450753
65 90 115964124632249187
65 91 -3146024754016472331
65 92 -7252079936791002661
65 93 5885163000045765465
65 94 -965125354021406477
65 95 6925833522927721146
65 96 6695792778336546596
65 97 -8979921302188641264
65 98 4137934812070197654
65 99 -4558781035165606177
65 100 -7397344795877470219
65 101 -4542353736296400175
65 102 -1188025317762344019
65 103 1319895655027698222
65 104 8002049124241119195
65 105 55214716419965271
65 106 6703245005649797009
65 107 7641359092856818971
65 108 -5715558830299944500
65 109 813273775850477939
65 110 -6436950509265364791
65 111 -3556155677489531736
65 112 -8803456856110352661
65 113 -8870693292564829605
65 114 -5558505286355812321
65 115 -5790868363869018432
65 116 -5417653210974561524
65 117 1938077848211542351
65 118 8089372524821775793
65 119 7641823028291359704
65 120 5794793417208119276
65 121 -2256428710330696712
65 122 -4531765337987171381
65 123 -1905190819950071882
65 124 -1317419062108946056
65 125 8565151459250547985
65 126 8670761896145350275
65 127 -6806075210585868028
65 128 5482320807869232204
65 129 -2925727862637675591
65 130 -5132642676247488529
65 131 -397557853971402236
65 132 -6181955952569828795
65 133 6072621004426355205
65 134 -6787900885381063080
65 135 417592128730317362
65 136 6240312447337471472
65 137 2230236597276976690
65 138 8260355051737305723
65 139 -6448163253894105316
65 140 3880194260188598509
65 141 3663881885939338458
65 142 -8952677888639138693
65 143 -66550386163432386
65 144 5960817175824348857
65 145 -6659046935759642
65 146 -4927386066449717275
65 147 -4624387717343351098
65 148 -3742569556709798154
65 149 -6119977921442716603
65 150 -7708853138292621538
65 151 5226456327083300881
65 152 903654243325736043
65 153 8086890339787378308
65 154 1715690480491679370
65 155 -2551288692289790812
65 156 7704701528454309557
65 157 2429998235692487809
65 158 -8510718500345357097
65 159 4611187541454690990
65 160 -4141782741223712615
65 161 1142609547130805485
65 162 7943223364045484821
65 163 1152104381503949722
65 164 7084753403367517846
65 165 -3352994240490511039
65 166 -1136690766312622634
65 167 6466471217175523104
65 168 292106007285283056
65 169 -2506368938276376840
65 170 6337560794102459539
65 171 1160696802483017934
65 172 -5504213061946600096
65 173 -8117931486404955304
65 174 5886207575143220587
65 175 2657110748876355647
65 176 1317851875906815425
65 177 5412367776006627387
65 178 3894982920535002271
65 179 -3754856525733009490
65 180 3522081160685120383
65 181 3401740630536681901
65 182 -273705715182538533
65 183 -6374597715308788303
65 184 -761034141004207687
65 185 -1055920364553274693
65 186 7014408564431726880
65 187 -1379916339652566140
65 188 8007970717491872808
65 189 1579129635708479759
65 190 8597487766684122870
65 191 2730808210363224322
65 192 4985714813478924652
65 193 -5896883794070475541
65 194 -4049718708620286511
65 195 431819541735492056
65 196 891118770629846533
65 197 8937651600786999881
65 198 7309933590749513689
65 199 -4080409682292335582
66 0 1305071358489915552
66 1 6631188722957692959
66 2 -5398622904431407954
66 3 -5126326900740088436
66 4 -443592122465135974
66 5 121153947520031687
66 6 4976689596821824976
66 7 -7638247265160771093
66 8 166849803878920688
66 9 2539190192063524756
66 10 6753352578847166330
66 11 -7419960437789434554
66 12 -4936159257172325917
66 13 1029199267148090591
66 14 -978342192393744966
66 15 2259765435736257722
66 16 5477595729802467116
66 17 -4515620599609560306
66 18 -3722483982101054661
66 19 -4815926644776703435
66 20 -2652382908583233448
66 21 4828616450872494026
66 22 351596309984451839
66 23 50911009152668801
66 24 -596118596967099511
66 25 94369297270658823
66 26 -4862285819160956376
66 27 7794389348387083544
66 28 2811906701723379102
66 29 -8921309694209683122
66 30 -6935722681263634732
66 31 -335962177676149721
66 32 -5321867611406907348
66 33 6510797150298710456
66 34 2810053322611873135
66 35 2266493209385676785
66 36 -6564343588631467177
66 37 -755006733902925508
66 38 4163454756323243775
66 39 4476747028316450993
66 40 1205770642433641528
66 41 9064674346344214447
66 42 955682546427462604
66 43 -853205190550216547
66 44 4123952213305623724
66 45 -2232392599701570232
66 46 3584982206717824185
66 47 202928190655219797
66 48 3433129556754988389
66 49 -817178477684776706
66 50 5787925290573873979
66 51 -1304719656404626331
66 52 4183225742371334416
66 53 -5497502973670083524
66 54 -8253878064826399482
66 55 4632650582961076779
66 56 -1902648104016452156
66 57 3831671115505290365
66 58 7979620391396720015
66 59 -4093019880742806273
66 60 -236895375614963208
66 61 3495388376264457456
66 62 7717210972560130575
66 63 -1350157537990890108
66 64 -7036967454756305542
66 65 -2938837244436951416
66 66 -2341308366269068230
66 67 5506075042757016415
66 68 -5530005921474344120
66 69 7333588018182984400
66 70 -7338915753666803100
66 71 4429926158462435676
66 72 -7985596617272551492
66 73 2901107088189545463
66 74 -1709755022603142881
66 75 7023697434447487298
66 76 -8439747646930253366
66 77 -8213026950729443236
66 78 -8841450848805279443
66 79 -8686275781544950057
66 80 8096282037123445424
66 81 7100466650064765068
66 82 5064841095291738672
66 83 -4932586726166534413
66 84 -4622938060550409865
66 85 7120583908856037617
66 86 -7571684762284129809
66 87 -8271136830789875598
66 88 4415901188186177144
66 89 -4065384746600290000
66 90 -5159934174675642275
66 91 7620242486843528349
66 92 4703382805081344509
66 93 -7242400220800494841
66 94 -1579311361892852387
66 95 -6454283789161228675
66 96 -8992431402722000420
66 97 -5325847083609331277
66 98 3774554645593999559
66 99 311312202770388675
66 100 1519109173224289424
66 101 -3324998069113898177
66 102 -5094802815707444669
66 103 -1536842739565885314
66 104 -4965537713627057192
66 105 -2664732382393430137
66 106 -3814609727019575242
66 107 5797407108134266798
66 108 -2882165196041278656
66 109 -8327750000368949387
66 110 -2515845277396267132
66 111 -3062089030586080101
66 112 -3000224899201658894
66 113 7906680005526520851
66 114 7469265582949389399
66 115 1986360021761986434
66 116 -701376803676860971
66 117 5716559134682081829
66 118 -3101035490699800816
66 119 -4333684211929929506
66 120 6862354738454460641
66 121 7690591550841236473
66 122 -3221962968282452529
66 123 9167826867231502854
66 124 -8482419352199665920
66 125 7063601242544643171
66 126 6841947563725356323
66 127 -6097966152933039735
66 128 -4629111309467100809
66 129 5007983904964906188
66 130 -8258229556320749399
66 131 -9148720112502994654
66 132 -3832861055396840804
66 133 -1317791742632770102
66 134 -1672584238951534930
66 135 6708167897963151422
66 136 4071483573708323543
66 137 -1085863677658701504
66 138 7753722118842671006
66 139 3162587109731357995
66 140 8412692738093600674
66 141 6293326848676339671
66 142 -7912387006666932200
66 143 -5581944780809647400
66 144 -5479997042838887671
66 145 -8868937844326727356
66 146 2287719065819320777
66 147 260597528746344892
66 148 1724166162845938845
66 149 -5503361226620933470
66 150 -1143957399089671486
66 151 872710022556013408
66 152 574962769061416966
66 153 -8328884234833903468
66 154 -3041912788401204365
66 155 6108331932574881546
66 156 4694961719219895605
66 157 -2431891879834619921
66 158 3249284317807995603
66 159 -4969559395248876933
66 160 5575898724680089101
66 161 7853905730899471080
66 162 -7236646344195921478
66 163 7927069506781826184
66 164 -4279533600046423997
66 165 2998408570743455797
66 166 7075063045623971546
66 167 4619155048354425199
66 168 -465650151342792199
66 169 -4713675524705854884
66 170 3011775017076888
66 171 1610411843631601504
66 172 -1514684273762430607
66 173 4674717199702957047
66 174 -4704025411348612234
66 175 -6120443173889365588
66 176 -5788359751303591365
66 177 -8139725816310272477
66 178 -3963431100328104585
66 179 -6763677803745011399
66 180 8690884941680628903
66 181 1350577452822521859
66 182 -6059296491843504547
66 183 -2840367775500057316
66 184 2120276785027681798
66 185 7684187614689362421
66 186 -3783353658193399650
66 187 -9096128273689656338
66 188 -4668615148896162010
66 189 3512310878706111055
66 190 -5018649330818306514
66 191 5966935496828707092
66 192 7975093264355370585
66 193 8215277014992207528
66 194 5393235667101961638
66 195 2117291800613894332
66 196 3050909901406930616
66 197 7753307289493457198
66 198 3861888499935961584
66 199 7799931482118387561
67 0 4588424138114041992
67 1 -2146643556827028997
67 2 4839098808284552222
67 3 7615750390200085903
67 4 7412431574624961677
67 5 64704239384899208
67 6 -500952325250146943
67 7 -5911372275466389374
67 8 -6309637967968325685
67 9 3389843674241098840
67 10 5543124973608041869
67 11 -5922381561153619983
67 12 2115770506048354894
67 13 -6543994542410091074
67 14 2235723775727123421
67 15 4218109059106461388
67 16 -1936040841729487255
67 17 4832233247155936734
67 18 2804344036901920122
67 19 3109071082717293295
67 20 4224265674455337647
67 21 3326918784912707293
67 22 -4769336729731717134
67 23 2930913821415155403
67 24 1289018460987172076
67 25 -1039255899999519207
67 26 1310832116919956912
67 27 -7872982442943406729
67 28 8665994493057025346
67 29 4265849110975005191
67 30 6986404925010038169
67 31 -5770444957390706483
67 32 -7024900331013960525
67 33 -6649068797190720757
67 34 -2012176466425579779
67 35 -3609921429884429462
67 36 5471501378454977447
67 37 3139879424432085622
67 38 -4670545042221090734
67 39 3667682963555242541
67 40 -3400976530981034481
67 41 -6665188975402273818
67 42 -6122639992443950275
67 43 1077347479950705584
67 44 -2062617404546173025
67 45 -6252810517196594502
67 46 7798731845508467012
67 47 -4523616407971718971
67 48 -1053713360010236488
67 49 6424585801772339913
67 50 5684282676931300656
67 51 -540567831934152355
67 52 -8414420058161480208
67 53 5881677928708248131
67 54 -2934567434835795594
67 55 -5039724225663720674
67 56 -1049841404259716042
67 57 -4723142697146031024
67 58 7687226966102006860
67 59 4140416528866382160
67 60 6637932720540296264
67 61 -1854561674279290340
67 62 1570333453442396336
67 63 6441091140104574121
67 64 -1624556036684455985
67 65 -5239954332626368757
67 66 -1793494544605597184
67 67 2025163785199287575
67 68 1411933220315432552
67 69 3282679022999532646
67 70 8706025286737697036
67 71 -6501585824443572737
67 72 1918373888108218752
67 73 -2482659631626650567
67 74 -6074292104123172243
67 75 7366695381478728452
67 76 7392490741058600583
67 77 9168665165372947001
67 78 -8121245089444723282
67 79 5774400519394485970
67 80 -556618220136029251
67 81 -6354622319737600667
67 82 2275654599498059918
67 83 1795104505658067108
67 84 -1786748938573862077
67 85 8026759700257829247
67 86 6226070264022607589
67 87 -761663696222500370
67 88 -4734142509388244374
67 89 2960591912368699453
67 90 5251219000428653639
67 91 2973650220372074556
67 92 5434074069522448966
67 93 5558196219401323060
67 94 -7628608426388457358
67 95 1200388945113374204
67 96 2071599149817428610
67 97 -6573596830555896780
67 98 3843845702711473656
67 99 -883969065276748810
67 100 1145721850785237985
67 101 4344750560273710496
67 102 1019566797242411415
67 103 -9036360914645274819
67 104 8957940862910251200
67 105 -5712571611045266600
67 106 -3204842406352382707
67 107 -5071024487767248165
67 108 -986458924004659776
67 109 7478247770843973215
67 110 2822957423785780543
67 111 -4327763436910028214
67 112 7285651712202843435
67 113 -256176958095063733
67 114 -3458780547212205798
67 115 5246970363185160320
67 116 5147662395689291450
67 117 6974272918210683436
67 118 -5331888082870202965
67 119 -8892712298811169449
67 120 5194876389464295043
67 121 6736132384644466880
67 122 6145801806487169378
67 123 4692938742595771838
67 124 -1969938414247479581
67 125 -3862785427754016497
67 126 4584115363326417846
67 127 -1100575821536944462
67 128 4729211057705427440
67 129 864689134078846248
67 130 1592663212239272075
67 131 7224903950835134926
67 132 7219648564891107101
67 133 -2479466520941454189
67 134 2100538112497958623
67 135 -7420005505905082159
67 136 433199001425179723
67 137 -152520876578962760
67 138 -221835061912481337
67 139 7849420919492771297
67 140 5741435115125923112
67 141 -2607249325732972074
67 142 -2116815149284310254
67 143 -2289337505379513002
67 144 7707803346743503087
67 145 -8459402484588802615
67 146 7582967252767359550
67 147 7419307741484991724
67 148 -5959476246517887012
67 149 6467281540329417591
67 150 -2807289776210688015
67 151 7204568228709948755
67 152 5069626298051217882
67 153 -7326364264932780812
67 154 5357589584153663229
67 155 1817716401939705461
67 156 2542340946779742871
67 157 4889573824265658003
67 158 -6001113287949975967
67 159 -6330735508663913052
67 160 4512360794188906826
67 161 1169686551235888376
67 162 4559061742045985909
67 163 -4494460043385980072
67 164 5095772430818320393
67 165 -8739224384798583846
67 166 -4903214756125001466
67 167 1102031431541309987
67 168 6596682318470170453
67 169 -4506296210225643415
67 170 8199677002003578747
67 171 -8701196755513979142
67 172 -5241098625016184235
67 173 -1625336459575368056
67 174 -7394552214633289025
67 175 8170440161529662285
67 176 2673572862219500260
67 177 -2722870079846460854
67 178 6277554403400187301
67 179 3750379380550537362
67 180 5409124755957421550
67 181 1671721869142744437
67 182 -6501862750376775183
67 183 3991192950456620606
67 184 5638732373593350991
67 185 8166897226809642509
67 186 -1182194634250058721
67 187 -7294058970014557903
67 188 -7439651993506266225
67 189 -7867860876896101030
67 190 -1355635074892222294
67 191 -3740137677683439257
67 192 -3440769096415316084
67 193 -8754542778804143262
67 194 5449125841477172915
67 195 2974337028165238664
67 196 6302341802050599245
67 197 2846702142648994660
67 198 1083142991553586057
67 199 -502000052067018623
68 0 -4315557052706358772
68 1 -7486064688928837077
68 2 -8109006045720909958
68 3 1334952637886478935
68 4 6390501591106589999
68 5 -3667285480583700603
68 6 6617790838813069028
68 7 5728597089495568269
68 8 -5232395120463463310
68 9 9198107947012304329
68 10 -117281943627947682
68 11 1901820258336213177
68 12 5020948431649904828
68 13 3199991513306716681
68 14 7769128591685815376
68 15 -3062264421172956543
68 16 -2781604022214575410
68 17 4631752995613427869
68 18 7952622525129658538
68 19 6879704557422865889
68 20 1878631916817140762
68 21 -2992828216982244908
68 22 -5594443771201880106
68 23 7302519854877066213
68 24 1520498624675459115
68 25 -4686899544563419219
68 26 2331021567438333158
68 27 6592655857023950746
68 28 -6775580294763858318
68 29 2507874230215802449
68 30 7714445025217879756
68 31 -2373646078679352775
68 32 4351306393730156480
68 33 -2704394589806394810
68 34 -7392660907011660872
68 35 -5183207694478188527
68 36 -3295231416745806750
68 37 5346650382925938200
68 38 -7984041253261337788
68 39 4868670348706323534
68 40 -190403600638214271
68 41 928845151097234653
68 42 6716398462206205235
68 43 4496351636269960119
68 44 1730611163730168768
68 45 2203769143568631008
68 46 9026120584385300298
68 47 4917249091740166401
68 48 3946759760009417545
68 49 -5489328986591506573
68 50 1514360145989856708
68 51 3425144317653556011
68 52 -1173578157094112624
68 53 -704081624700943632
68 54 -9024943776118497574
68 55 1064669804836959665
68 56 4578508028524465798
68 57 4617623143021075807
68 58 -7265377579455734404
68 59 4882516873844419349
68 60 -6979935984562285976
68 61 -912058475996778790
68 62 -7301426905732679399
68 63 -5961115092166816651
68 64 -1875102011744102769
68 65 -6916913513993186365
68 66 -7045786822701406452
68 67 7503273287322809590
68 68 -5133212851576055828
68 69 -8540287352252309498
68 70 -117449608180164596
68 71 2613342937845988335
68 72 6658403291051818677
68 73 1650396903576788583
68 74 -8962744743185153770
68 75 -2089729952455310283
68 76 7274080816325654774
68 77 6921948552892072510
68 78 467242148484809024
68 79 2243813798488265619
68 80 -8744340181326650107
68 81 1605021367988870238
68 82 1304744997828889654
68 83 2726871038598739029
68 84 -6849084545490683272
68 85 16159988133170650
68 86 593531376746382869
68 87 -106579158713579532
68 88 8215622681770363931
68 89 8194625169860142709
68 90 -4745569405823455555
68 91 -7159096180036514118
68 92 -3926970161546484034
68 93 5505281913562764179
68 94 8572818194485689546
68 95 6813419152790993268
68 96 6185370576425674439
68 97 -6908455790201408506
68 98 8166163506184315586
68 99 14050474419762719
68 100 -5980266610868163051
68 101 8096671189089770553
68 102 -5076636225830968838
68 103 2367433380094970623
68 104 2824944838550427081
68 105 3019123469124334534
68 106 125974501544539048
68 107 7812097862250348119
68 108 -3743153632841728872
68 109 -5318161934598233446
68 110 7607179775521040320
68 111 409708270021348735
68 112 -9048512934012411731
68 113 3914070979105037327
68 114 4813120785606382595
68 115 8583807199723857178
68 116 5861015441077936204
68 117 7590353904413036621
68 118 -130794783225436287
68 119 1218375396053453023
68 120 -6708766094759664590
68 121 -5341663033655948596
68 122 -9039526816888845413
68 123 -119704770088819002
68 124 677073460029445525
68 125 7040621016128036030
68 126 -7997488380587354162
68 127 3154430291766721024
68 128 -2202801551675022347
68 129 -4719089257221381013
68 130 496967192437230075
68 131 3848354977822787662
68 132 -1212718516307107148
68 133 -6521377286361151207
68 134 6362479565109121178
68 135 7175867354457190892
68 136 7840159583245939342
68 137 3490687884118384813
68 138 7118911168585464754
68 139 5377736855153632414
68 140 4285481787399941053
68 141 1622044687968483730
68 142 -4909820023520597647
68 143 -704571033441485729
68 144 5958299420035861947
68 145 -7466459009388521386
68 146 -4564643788036018570
68 147 -7395117974031330653
68 148 2503448526240439406
68 149 985499294694096835
68 150 -2885686243639331048
68 151 -3547763003705150292
68 152 8557302919920204256
68 153 3687098858018454601
68 154 5346984065090902574
68 155 -6883702639798691292
68 156 -6655259430450034068
68 157 1473318813689618267
68 158 -5232899087958205749
68 159 -3405044017043834932
68 160 2187053455212656666
68 161 2343353574805064032
68 162 7153562068366213186
68 163 4602517634947802288
68 164 -6389371841943725768
68 165 -7023525389523758227
68 166 -1246416109552858023
68 167 8110315440874613067
68 168 -5606800761475218387
68 169 2976856094793442312
68 170 6093707825074225977
68 171 -644900923239662937
68 172 9192196408838411006
68 173 943907913203586037
68 174 4102274024196135329
68 175 460399605738213095
68 176 -324351116331308316
68 177 -236013367424478484
68 178 705466307265567476
68 179 6802368713645623789
68 180 -7081080847649330250
68 181 6622567852139884131
68 182 -2393356118420561996
68 183 -5341702836327959422
68 184 978204196351738665
68 185 6902367804202457816
68 186 -3435718558410183766
68 187 3782195188169155870
68 188 6435830497659267097
68 189 4229941722292983437
68 190 -3754654054063308159
68 191 -4036285542558644204
68 192 -7826377330242279117
68 193 -4467046276273184615
68 194 -129061240954402738
68 195 -8433533719464695049
68 196 3608800569887137800
68 197 4121435475242083854
68 198 2274308117016227785
68 199 427266670041983670
69 0 1233391995687450818
69 1 1890014654364206307
69 2 -2500818865690074267
69 3 3358806817936691395
69 4 -2880561067671605559
69 5 5764594232541375341
69 6 2329283447242163262
69 7 -6121540777036175343
69 8 2278382002770251235
69 9 -6078075177583357232
69 10 8115058012101187793
69 11 -7780884251318295605
69 12 -4888740040840541126
69 13 -904239131139855224
69 14 5317253941022784910
69 15 -6096757248524679134
69 16 744435815097421731
69 17 5320759297717779589
69 18 6369245944863095286
69 19 6316641126628505894
69 20 2089957765404545521
69 21 6504421497845522522
69 22 -3535915947827841730
69 23 2284475153020606564
69 24 2935206792171352403
69 25 6256738763875413098
69 26 8903392900299366259
69 27 3231422896999335614
69 28 4920328106899187185
69 29 -4560339456550258454
69 30 2486107481071891217
69 31 -4860842094130935608
69 32 6439035216946622572
69 33 -8467052759362513974
69 34 6649274205915273592
69 35 -5325121792698467292
69 36 -2688907064383647546
69 37 650750237560195278
69 38 -2518565877359986579
69 39 2456976447961026624
69 40 5907658463496337780
69 41 -2619935303651362057
69 42 -7681588106811580930
69 43 -709887699164110075
69 44 7114854251875337247
69 45 -5323336992813345631
69 46 3745042590854634198
69 47 3452422345529370639
69 48 3792114644924816111
69 49 -4330902943088225799
69 50 5575815728305353741
69 51 -5513941189913556711
69 52 6623566736809927554
69 53 1623159511085123642
69 54 -6478915960774318129
69 55 -7603614076217200614
69 56 9031745624767718747
69 57 3481887626994264390
69 58 3869910681197716694
69 59 8951577809834543026
69 60 8007332252244725402
69 61 -561580756507885619
69 62 -1748833750582450937
69 63 2103732728873678861
69 64 2868417664693939185
69 65 -2520184936754462763
69 66 -9114991573146698393
69 67 -1589064816122299517
69 68 -7001571026923044281
69 69 5441866474057672595
69 70 5150942095778934258
69 71 -6061564534966316374
69 72 1676902334094158339
69 73 -4866201662491280951
69 74 4439071590194171937
69 75 -4941670476938916176
69 76 -8370246233882585642
69 77 -1508164405233061798
69 78 -3278694776307466013
69 79 -5031981727547212035
69 80 -4799904704703432763
69 81 -8769652112101104936
69 82 210231071591805035
69 83 5749435422086465170
69 84 -5740574110758294463
69 85 -7219473859776796693
69 86 7165288076653249934
69 87 -8326957044085892960
69 88 2981360199440401515
69 89 2917142715547155944
69 90 -5426562484901707342
69 91 8867257151060315587
69 92 8573225662138272949
69 93 7611731837725340926
69 94 4239235340862201537
69 95 6914072200281648471
69 96 -4867372261395500126
69 97 3124943117594396198
69 98 7341044295133554381
69 99 8031291675969942627
69 100 5287900324795971273
69 101 9151385007828761838
69 102 -2936602476614900829
69 103 2992941780999956236
69 104 -5271520069982043358
69 105 7468958750089552349
69 106 7081425547724507576
69 107 -4046238016714585707
69 108 5560078998115548500
69 109 6117556894263394285
69 110 -4257405092226848523
69 111 2277630781733746345
69 112 5825912093678838835
69 113 1187979995623138122
69 114 -4004050448410961475
69 115 -2759037539883223985
69 116 -6222003429704119944
69 117 2448243133920312020
69 118 -8602076827869291572
69 119 2176602156979365185
69 120 -1535459198296914980
69 121 4236732758285626278
69 122 7735073161529411432
69 123 3485543995449186995
69 124 -4644043595516000757
69 125 3859882662903127784
69 126 7755740538417754259
69 127 6003924073237302770
69 128 6356175346882637531
69 129 -3151100520013090015
69 130 -1503494764152210005
69 131 8784217877958677816
69 132 -7192017981104882884
69 133 8314091657792204171
69 134 -1211362273025539241
69 135 2067334007752727614
69 136 5533809299642316097
69 137 2170029512264520485
69 138 5514126134544317815
69 139 2383319840309860975
69 140 7778416774201561075
69 141 8458984257888118086
69 142 8152749025001868587
69 143 -6456993002052311949
69 144 5786521092910476612
69 145 -9113173755910334732
69 146 -6356003449422411139
69 147 8671331810516032753
69 148 4649436722527706754
69 149 -4764985514232004074
69 150 -4450035044174358670
69 151 -7127340464794886751
69 152 2477491185478343456
69 153 2606800966071619862
69 154 -62387020675758952
69 155 4401588909034339820
69 156 530737255780232261
69 157 -6531771177281123090
69 158 -6482001595003970145
69 159 7800416006335956578
69 160 -719646887067204008
69 161 -4035346056964139465
69 162 3047371341861673992
69 163 3842428169304594577
69 164 7831912699544291160
69 165 6493177764558685768
69 166 159110621290605231
69 167 6793638446348214502
69 168 786995775894479052
69 169 627508015897917477
69 170 1076363342319345310
69 171 7399148725079408371
69 172 -8051736332722644993
69 173 -3449008055785848155
69 174 -8582641108813537836
69 175 8635066503960777197
69 176 8174537221681072316
69 177 1861931489434443448
69 178 -8542931012135580395
69 179 303189402367141771
69 180 -5683549793447629564
69 181 62558083644955551
69 182 -5782463525964657590
69 183 -368647997230349644
69 184 -2888747650136203733
69 185 8977206378760343054
69 186 871380472514076167
69 187 -2610503754014192123
69 188 8444112977376904656
69 189 -7274889046784756361
69 190 228638178142226966
69 191 -6563623396653975571
69 192 2786441689863673144
69 193 -7473315052549931867
69 194 -7784273820246554629
69 195 7773794735227506779
69 196 -3377093204764499339
69 197 5004967318913503074
69 198 -7838974041356636429
69 199 -900076782383157756
70 0 -507360319043133093
70 1 4663645783509552758
70 2 7434968613630044610
70 3 1180148166362890033
70 4 9193173126543532806
70 5 3049758343657050316
70 6 8232013798761184046
70 7 1911432997270166898
70 8 -8415796857928473766
70 9 448314828965448378
70 10 -1028901834303549347
70 11 5600619776901924714
70 12 9208027237188196611
70 13 -2083007376230883029
70 14 4269854144700242736
70 15 -4152359253444796876
70 16 -8434999043734261753
70 17 -5441760264869411622
70 18 -4682802977405808828
70 19 8889367347532268469
70 20 -3697807228408088694
70 21 1582986634012537370
70 22 -8585063702651431159
70 23 3258859076796006560
70 24 7622973978817891985
70 25 -3918787237527389
70 26 -5101486337688886424
70 27 -4084428622941376681
70 28 5815514287058188215
70 29 1969160592872384851
70 30 -7535486221452582384
70 31 5377773797161883106
70 32 2104999563925813214
70 33 8947556639721171625
70 34 1955552836033386087
70 35 -899683753803178421
70 36 -9106659123416128945
70 37 8141383449099029273
70 38 2514288585678680593
70 39 -4471221777407868671
70 40 -3146476953606296617
70 41 -4607567429423889674
70 42 -5007186475061988620
70 43 -8351450908174069584
70 44 8438179063347209732
70 45 -375932218540014309
70 46 1458923172927206767
70 47 5374703822780429501
70 48 7255532653914990079
70 49 8597085143181558570
70 50 6964112370388081032
70 51 -2271139078484077374
70 52 6392376299003217750
70 53 -8928462002751750643
70 54 2069567011451896063
70 55 6358965279251596908
70 56 7537361592440264502
70 57 1372015279034970909
70 58 -803543123243792108
70 59 -2372685800615995873
70 60 -5487556102578603538
70 61 -4824436101658810657
70 62 2962936255932741951
70 63 -8969514779885667607
70 64 -530465146873081048
70 65 8366123518162241419
70 66 6375169176356523207
70 67 -2651122466024169027
70 68 239330560562810444
70 69 2456167992169639422
70 70 -6871324249274087717
70 71 -3096991315025169713
70 72 -1989688746914408959
70 73 7192894635005127607
70 74 3508068938152903669
70 75 -7848398037439420845
70 76 8066569156314409936
70 77 2204669029138709504
70 78 -861015813033422150
70 79 5542836855056862880
70 80 -6130809558539919173
70 81 -9034518851358396039
70 82 -9132814000869925393
70 83 4406774371585493040
70 84 -117382030999738288
70 85 -5523334964172143746
70 86 6027702011262868014
70 87 -5164518500347058986
70 88 -5772504950165156705
70 89 -6683805600157289084
70 90 -6965029753960867438
70 91 5661091869897491933
70 92 1765968233422804043
70 93 4309473585932067132
70 94 -6309952707894518169
70 95 4293180299711295082
70 96 8443492274415038772
70 97 1050220684966555866
70 98 -7684318958152369326
70 99 -9189440734531008338
70 100 746453840137123477
70 101 -6331732425781964522
70 102 678159917993411862
70 103 -3787433413087616619
70 104 -6169749300163861967
70 105 940531147519639073
70 106 -6295658927280559379
70 107 -3140496109456902084
70 108 -8819072441416628536
70 109 155824573199389457
70 110 -3896754073618839022
70 111 1511444131384799476
70 112 5209075686496396569
70 113 885734280793193372
70 114 -6109286226332002753
70 115 5078995830966985352
70 116 2393809187918704056
70 117 8771333050819854263
70 118 -5333061210912490543
70 119 -3507302028198926230
70 120 3535539069344059487
70 121 5840077382097863199
70 122 4807991265104995156
70 123 7260033973785439179
70 124 -2024055003510113426
70 125 -2861372959539836467
70 126 -5837287965078642307
70 127 7411457697337140381
70 128 5207958713728222447
70 129 6522970207378230437
70 130 -1422741610397742765
70 131 -6745917056987261433
70 132 -8469195663019670911
70 133 7037004210166584326
70 134 -662991444851657077
70 135 8795361278931288610
70 136 8280916750813954838
70 137 3747251268674353301
70 138 1488608463252384660
70 139 5272035240384785211
70 140 1018715190892460623
70 141 161392911070697998
70 142 -7382424503203313225
70 143 6186741164433038062
70 144 -3048703357796859634
70 145 7586147659483151778
70 146 1084551197907197154
70 147 4782274690502459608
70 148 -8927370225669018922
70 149 -9220094988090694697
70 150 -8819720301432066167
70 151 -4393051209213796718
70 152 -4421546041197809730
70 153 531158620546353167
70 154 -3081850687322508169
70 155 -6804047978276725241
70 156 -4868885855782363613
70 157 6408093585579702183
70 158 -1491025060742259449
70 159 -3296072737630417228
70 160 8825151602901946608
70 161 -1037107706561998114
70 162 -2111768198587918727
70 163 4458999006742558226
70 164 1029863883615670950
70 165 -4989029565801891967
70 166 5661403374223548198
70 167 6803748807924746751
70 168 4054964873480748810
70 169 7958306505069273829
70 170 -4322770372818601198
70 171 898122452662491584
70 172 2291036490935894519
70 173 -1322548507889626246
70 174 -3429509865661528656
70 175 -3345442340830850127
70 176 -123373985506037612
70 177 -2171909922103826790
70 178 1979980345080435188
70 179 4908391415346936000
70 180 -8817081707405947130
70 181 -7675806965485189449
70 182 -927721077817008717
70 183 1407396426708159895
70 184 -9126133956423721540
70 185 -3873562726652060476
70 186 4662854975256424810
70 187 -3013152397901302420
70 188 542740064539481206
70 189 4043893969553623988
70 190 -3868738004144878243
70 191 -7797431918788470659
70 192 -5081645494241397969
70 193 7413231192231702601
70 194 -6001016343630599184
70 195 3640595947985161411
70 196 -3411736998489955682
70 197 -2278382363396254761
70 198 -2324395916418886613
70 199 5183516494654035847
71 0 6131732729747613862
71 1 662203237791794776
71 2 5048939012552632009
71 3 -6055690643241086281
71 4 -1844133031885138706
71 5 -9103376370105610400
71 6 -1693391118221979962
71 7 119608346770317139
71 8 -6963728070644403479
71 9 -6790528016282156029
71 10 4114250063347628775
71 11 -428229158879162585
71 12 5748392460382867495
71 13 -1945078220216056808
71 14 -1126875071551528204
71 15 -829204121267746951
71 16 -6876425776322449737
71 17 -912788400765294705
71 18 7095138026803654082
71 19 -4492139361277269443
71 20 -6083353730348432561
71 21 3614575018749092972
71 22 5827139804982236792
71 23 -9011918299524249555
71 24 -582458867987653190
71 25 8612700742249546701
71 26 -4973852875779965215
71 27 -6685425219219185135
71 28 -1457045268837722156
71 29 -947634371537514765
71 30 -8900622101744097325
71 31 1161524249910837033
71 32 8278740824081722763
71 33 -3333068219453415971
71 34 -2235539172732051344
71 35 2051574587751358883
71 36 5138093098957496302
71 37 -5671984252154128076
71 38 -4226186581009577234
71 39 125822183522390795
71 40 -3263423008001348610
71 41 3525676468644844984
71 42 6682223972830039754
71 43 -1724832199204721597
71 44 3358000967670040153
71 45 -3992144026029008375
71 46 2923869946585262265
71 47 -5442621779484462035
71 48 5004354815492632396
71 49 -3633889311987275546
71 50 -1267959816534735901
71 51 -7616225621961544649
71 52 7016250319373528151
71 53 3111995496246038381
71 54 7698785805160691218
71 55 -571037443522812424
71 56 -7304525858311871447
71 57 3432047578978630754
71 58 -4790940799596805133
71 59 -4384154221403665501
71 60 -5121020327206060145
71 61 -7177941352291651922
71 62 -1168331106862141829
71 63 8739917226444654613
71 64 -60856495033406811
71 65 -901869563772002814
71 66 1567725216953490572
71 67 122411135219167964
71 68 1243047213043629927
71 69 -1228721273342408869
71 70 -7998030950186835670
71 71 -833629516519298402
71 72 3006106510998177719
71 73 160514343620517083
71 74 -6243804948600767715
71 75 -7925072348473738891
71 76 -3794474764052520545
71 77 -7189369031639095692
71 78 155029588236564329
71 79 4874941509156424277
71 80 6814150155880266088
71 81 -4429138716635995609
71 82 -7093982796784064956
71 83 -1088838331819818569
71 84 -2405679493180051133
71 85 -2984456347489304723
71 86 -5254648843801734876
71 87 260833954644848712
71 88 -960390251203121910
71 89 384139716262712375
71 90 7791322864499197549
71 91 -3821942598839201417
71 92 -3926114340763573445
71 93 7670812281374546942
71 94 7230279667567099758
71 95 9133335949962616916
71 96 2322921167423596908
71 97 7442902174779426128
71 98 -2459970496799980042
71 99 8331933131279715393
71 100 -3776713963413059070
71 101 -8792235472592227486
71 102 -6350534884715024051
71 103 1073018315318672035
71 104 -7228248347912849155
71 105 -1965491029106423104
71 106 5637925788931836873
71 107 4767204248241944875
71 108 1435095737479459908
71 109 5509817454083025631
71 110 -2738905495945433647
71 111 -435283110277170037
71 112 -5437165251597327290
71 113 -2967400508082206572
71 114 -6036639575483003562
71 115 -7805900918123165286
71 116 -5115760961898524620
71 117 7084768734884128889
71 118 -6746930228955929448
71 119 6951238219370809785
71 120 -6750739532254845043
71 121 7019032583033435626
71 122 1844100988640411259
71 123 -2081613435442690378
71 124 -4082699873743874856
71 125 -9000718284147371530
71 126 -9160398287159356752
71 127 -2658972588460627783
71 128 6652315971332722424
71 129 -7420262157204380398
71 130 2652011638699769788
71 131 6224401328007506657
71 132 -8939244873544401585
71 133 4058811227491999548
71 134 5421901983753403837
71 135 1611551074827380801
71 136 -5313438808984830965
71 137 1633435068084491368
71 138 7443074120739646600
71 139 569851091384639877
71 140 8912931539379964518
71 141 -422633564907268676
71 142 1286563362217597192
71 143 -7967999829329490278
71 144 -3134418123685992079
71 145 -2644243810505560027
71 146 8741683006328740772
71 147 216815881890410213
71 148 -1056180390984112710
71 149 -6136936322956434399
71 150 -1564600463878209095
71 151 -7840227217216225166
71 152 -8709287966214006728
71 153 -6514891566016887097
71 154 8763793231836246787
71 155 -1281853661599587845
71 156 -2452922204286613377
71 157 -6820750933667578395
71 158 -386088087443865385
71 159 -3176363549812640425
71 160 -5684868234922658039
71 161 5187820144384962740
71 162 2000949476928757205
71 163 -5617799700058558025
71 164 1840890686502849703
71 165 -6305657000624953685
71 166 -3796864791873936024
71 167 -1772378651659739382
71 168 2816134823053446735
71 169 -3291568093777193015
71 170 7092492791584317888
71 171 3028998506567770995
71 172 -320965913349623947
71 173 -8976390862720063012
71 174 -8061402483835067717
71 175 6399049650611545508
71 176 676155812745212465
71 177 -4213812583959312951
71 178 -4988624421278425744
71 179 6585893382454875725
71 180 -9116345990959658142
71 181 -3223094656079498168
71 182 -6494139962859722885
71 183 2973149411728131642
71 184 -4916262557598501958
71 185 -2884809093590939712
71 186 -2725913899446799460
71 187 1833380947866345274
71 188 4930900506659014912
71 189 7525746425327724033
71 190 62050768759006757
71 191 5888348097439404748
71 192 5936721539789504494
71 193 3657783861386832049
71 194 8166321873433180167
71 195 4188376264480059563
71 196 -2384210095998324465
71 197 3338806043311415595
71 198 3443901238342678034
71 199 7405959911325914788
72 0 7266028760120849249
72 1 7255398360690423767
72 2 1681482408667850299
72 3 -3860637382676651417
72 4 8480681398715596458
72 5 -452284360202543852
72 6 -5943123400977405395
72 7 5990582900499194754
72 8 -7910474802079944258
72 9 2976539480626273644
72 10 -6320859813756862553
72 11 1242856316968230573
72 12 -1895377953650404402
72 13 3914531197600043098
72 14 3675912609135215603
72 15 -2180030418644446282
72 16 8091671388871344901
72 17 -1321840527332906657
72 18 -5670996839048049510
72 19 -7161934419927321073
72 20 -7794974679986220638
72 21 -3589667526267456652
72 22 -9111609622942444171
72 23 -577521650676569320
72 24 5264473672802610996
72 25 1326379496225361171
72 26 6490015394767409918
72 27 5190470813045242712
72 28 -2621509017864243048
72 29 -5838714454500482295
72 30 -5945874937320464200
72 31 -1888105225365202085
72 32 -4572904422412694459
72 33 933683275355414512
72 34 -3128403730446969620
72 35 -452484447846358499
72 36 -4493610193429828094
72 37 4253474768668263203
72 38 -6099381906270708174
72 39 9127736400305322649
72 40 6272140258609941343
72 41 1091924290417397685
72 42 -718288718515482563
72 43 1007775355194145128
72 44 -4399274804831444191
72 45 -2661329195388455174
72 46 -7610360842110262991
72 47 -9026835593485955387
72 48 1087882886780129182
72 49 3306968205526470628
72 50 2698750016405527655
72 51 -580533741356705261
72 52 -2165070551554351406
72 53 7254240453601217231
72 54 2604399418577057207
72 55 -7952280647730188018
72 56 -7541277099239480188
72 57 -7935061350755491675
72 58 -2764850645463664139
72 59 -6998960851944231368
72 60 6866299696682743679
72 61 -3295504471538454108
72 62 2069286285932460207
72 63 -1528280724868121529
72 64 -8987880644643964204
72 65 870837210829854456
72 66 7071567985388187310
72 67 -4495227983587755506
72 68 -6753238397454049871
72 69 2393528401154573683
72 70 -2939139889558760541
72 71 -4284942942787053943
72 72 -7439259266172631269
72 73 8408553775333923522
72 74 7369682719338409200
72 75 -208275440689424850
72 76 -3442393482007372596
72 77 3417051140034302623
72 78 6298608398841764943
72 79 -1553348135631428792
72 80 -929585532417666152
72 81 7629934431773299420
72 82 -2597642009835221734
72 83 -6001162419796903538
72 84 -3382176455593575019
72 85 7937950396650137163
72 86 3347744158315441653
72 87 -7315393031273859765
72 88 -3318367546919631837
72 89 -1063640411203041874
72 90 -8407672760785079556
72 91 -8257698904275379788
72 92 -1376016879728394120
72 93 -3810760642552098869
72 94 4454716626636832142
72 95 7878706258521801446
72 96 -1965704029573820150
72 97 1746970349977214989
72 98 -1322334859436671626
72 99 -3027599301682285969
72 100 -6037040862204184689
72 101 2471565683536191029
72 102 2990979243916737515
72 103 -3023321316612057797
72 104 -1135305025286861272
72 105 -6129069163401795044
72 106 -7100711066763622715
72 107 4585907876285181875
72 108 921916694926546737
72 109 -7428780104521509837
72 110 4775990191714889615
72 111 1388197533950793189
72 112 204106598016903577
72 113 8996133073522015821
72 114 -9170097676813241373
72 115 -7456173976219215429
72 116 -8707521451376053409
72 117 631623142546588742
72 118 291708126320005390
72 119 -2198432899703290557
72 120 7843041595897432806
72 121 -7143765920148072363
72 122 3179252136407407239
72 123 -9171404724486255949
72 124 4832975931365607301
72 125 40445726277891201
72 126 1980530390098411018
72 127 8901972812224968275
72 128 6753894593369828382
72 129 -3634707257297285843
72 130 624329048256300099
72 131 4422453289188548076
72 132 8893429243739872966
72 133 8990911244530632426
72 134 -5069832394467721587
72 135 -1700586640279379418
72 136 1273395769956271780
72 137 1438743266444173314
72 138 7377457842764101637
72 139 8926354516425442654
72 140 5934929273523200234
72 141 1798071568795776884
72 142 -1236649251090555841
72 143 -6539437412043716120
72 144 -4335236501868064971
72 145 3221518981429160574
72 146 1519603534551618190
72 147 4297379720240622350
72 148 -5260834093096013068
72 149 -8551275092517934549
72 150 5673739142254292050
72 151 3517228570576959683
72 152 612957089091051068
72 153 3548732514155540058
72 154 1132024245586270706
72 155 -3718589773889574413
72 156 -1945698225555844662
72 157 -2625722125950873788
72 158 -2210745748191414600
72 159 4553965619103479151
72 160 540535442897831074
72 161 2929042139048209762
72 162 8079286641897645708
72 163 3796853594928614573
72 164 8613352535101046462
72 165 6614922108555920337
72 166 -8920621593586217714
72 167 6201406129557511401
72 168 6150111039912149743
72 169 -509912643300728263
72 170 -4592290402863628950
72 171 -4188184987620650116
72 172 -2522313501333111576
72 173 7037917332753388180
72 174 8137729161373737746
72 175 -6872109603140598465
72 176 944735481880587439
72 177 7504699476970448125
72 178 -6462288480613275758
72 179 543393840258838894
72 180 -7432543121922886230
72 181 8691863246568574915
72 182 8282939351869910906
72 183 -2614176711579684672
72 184 -4215339044247155633
72 185 3247979864622998370
72 186 -1290742774624272363
72 187 2642756745135073400
72 188 -3591756922557457653
72 189 -9004263317896228254
72 190 3251766347464827136
72 191 -8173461415491486918
72 192 -7556533925480919024
72 193 -8969308244721034811
72 194 -289875183168729540
72 195 -6398356568626539916
72 196 6525174182807208723
72 197 -45326170251694116
72 198 82248633574925853
72 199 -2027778231556810928
73 0 907889003676872619
73 1 -6914640430477532318
73 2 962656991697502321
73 3 8641095969298790309
73 4 8099185288715897519
73 5 -237106074786005965
73 6 -6451996964826371358
73 7 -6672627940633580021
73 8 1576801545610404019
73 9 -8882605964713700583
73 10 1337737430058639594
73 11 4290471714920792430
73 12 -6306306262812922176
73 13 2134506939754082587
73 14 -7029141812387154942
73 15 1872714200044198945
73 16 5556295036126753945
73 17 6845613028069369845
73 18 1901256821509684400
73 19 -6991874470871317893
73 20 -2577924760728274262
73 21 -306386743215005280
73 22 -438575698311388035
73 23 8234542330003202841
73 24 -7609703198719798333
73 25 -7714467671009366943
73 26 76243838603700239
73 27 8354976723367675934
73 28 6295651675490103941
73 29 6395486841274255135
73 30 -4122723621995652297
73 31 -7753347608023625261
73 32 7839129848634192675
73 33 -2636604032928959990
73 34 2979570419655197468
73 35 6945320140413539825
73 36 7181756485379215863
73 37 2297646625446727940
73 38 479415417159307532
73 39 1916501863442502935
73 40 -726639152587693749
73 41 -321699272742125216
73 42 -1518694723658676479
73 43 3231580863402531921
73 44 2588694738064129656
73 45 -1801412202039569155
73 46 -1005482378255918154
73 47 -5103294848499273484
73 48 3741448729136206608
73 49 7936501151492789276
73 50 5178247053652139894
73 51 2490889311168212069
73 52 983432982452924661
73 53 -7609150075745633542
73 54 -3657104355879038878
73 55 -2667169474002296372
73 56 -6749285383333163343
73 57 8785534633982703778
73 58 8150707710251558611
73 59 4872323680196190030
73 60 9167761699733706065
73 61 -966908462762329259
73 62 6619851092796201482
73 63 -584941572747340043
73 64 -5749229781089311647
73 65 -8253596803632934975
73 66 6191810654708755516
73 67 -3981602823269587214
73 68 -1392247343338613199
73 69 -367694300695525399
73 70 6641085422689492548
73 71 2292021453038535972
73 72 907164793972980583
73 73 -4013615361688317294
73 74 -816735279180983130
73 75 -186526548468063585
73 76 -4402410677120932148
73 77 2803042801213551165
73 78 -4104228943794197271
73 79 -5566074925872541500
73 80 -1562068184807003338
73 81 9125061616537851860
73 82 -3399449315955348232
73 83 6023647621553790294
73 84 -1877879662748023369
73 85 1588469939223874094
73 86 5392807878917954523
73 87 -5043143107744723006
73 88 4094796732536831124
73 89 -2997851177570405579
73 90 -4375657893491349721
73 91 2548451639604467918
73 92 -3704280474589907292
73 93 -7516446682421313184
73 94 5919788926221713859
73 95 8111204299976008662
73 96 -7293982175831945991
73 97 -4639431382374174141
73 98 7872147164433682619
73 99 -6329635588240222879
73 100 -3245731446563560179
73 101 -5342736694907759110
73 102 -5751380664967082437
73 103 -1499254230290764957
73 104 5494615719576483744
73 105 6823102125483046093
73 106 -1025878696912479565
73 107 -8269500416699007222
73 108 623705121024029492
73 109 -313137785281135753
73 110 8954917462236101773
73 111 -5268811568871235235
73 112 2016568606122727802
73 113 4722365766217353109
73 114 -5643801094655759071
73 115 -4698220593207457736
73 116 -3062307726543571081
73 117 -6542075755442739782
73 118 -370480075391579413
73 119 3815936257340897543
73 120 3960324353868927174
73 121 2170629958641156982
73 122 6444828056130172326
73 123 -4275757564113827145
73 124 3416408743594020380
73 125 -3391015581671974515
73 126 6748964689798962683
73 127 -5722170010759204385
73 128 -8497813625316312513
73 129 -7204198445650945376
73 130 -2597278743816985610
73 131 -1739891901295692946
73 132 -8521522699337888824
73 133 8430845894385857005
73 134 4309654703326243132
73 135 -6437714840247322405
73 136 -7157394447088630734
73 137 2004053778955938369
73 138 -9170877434994719597
73 139 7300988743884819136
73 140 744156670723689086
73 141 -7665223137436814130
73 142 4206728610827865711
73 143 -1235608764469973130
73 144 3178656687244951750
73 145 4672152799535895590
73 146 6386728766093269408
73 147 -5956423177523722101
73 148 -810835201497054751
73 149 -7418231412728716490
73 150 -7982979456389105747
73 151 4366867357974206150
73 152 4348696889124441907
73 153 -1440256752060659247
73 154 2569816831097056617
73 155 -4280748973508877583
73 156 -8365103492343569391
73 157 -369554938302246348
73 158 -9017909229148000436
73 159 2268042415282381460
73 160 -5818042544672990579
73 161 3322049762158051316
73 162 1361309645135406937
73 163 -829231971560020322
73 164 1695012793777167248
73 165 -8912231810727202870
73 166 8991182556264619960
73 167 -1944729536580295192
73 168 40831892723312461
73 169 -6655105749262219954
73 170 -1370318497874164728
73 171 730750449681295636
73 172 -5285825157317116124
73 173 2099223577114648716
73 174 6892234377582389801
73 175 -4620644076251919342
73 176 -2590581363493697296
73 177 -386677064066361597
73 178 2962759896002623689
73 179 8351289646727417630
73 180 4149588743003464200
73 181 8026834920965874791
73 182 7894323397555822981
73 183 -5498313680565931361
73 184 -5007174002373406970
73 185 7403944167527234282
73 186 -7642388670452693992
73 187 -3180815193397799067
73 188 -3696265599725736499
73 189 2978933309838355507
73 190 320061192155855421
73 191 5758810586466568373
73 192 8777568304099482688
73 193 7038567849327934580
73 194 1824117230968700291
73 195 6095258495661021926
73 196 -7740109147043329152
73 197 2232852234398059547
73 198 -8260799189096600595
73 199 -8256267069510700919
74 0 -742510596793079903
74 1 -961326954948165064
74 2 4764157988437649861
74 3 4723200674872045755
74 4 -7641272801679424461
74 5 -3947661950363606996
74 6 -8399245907794680515
74 7 -1178443520302770119
74 8 -8275101875911080961
74 9 2673813774994353987
74 10 8275584960627619331
74 11 -5938824778226025071
74 12 -6995245755958501070
74 13 8285575734476415220
74 14 5223448626337681445
74 15 -1061792424706055113
74 16 -7308083723216147751
74 17 6493909364086388457
74 18 6363398737560862510
74 19 -923094746223335659
74 20 4929587653829810393
74 21 -2522924355428013550
74 22 -1637517984410586765
74 23 -6185962129820867768
74 24 534101947816151605
74 25 7892890728433022443
74 26 3053183783056641300
74 27 7852388668726114414
74 28 -1877210879556980722
74 29 -3949369911072902066
74 30 -620070763244189729
74 31 7446425554708739803
74 32 5849199763353963371
74 33 -4696638669099596993
74 34 -6129018506892568335
74 35 -1417716111059886032
74 36 -5055402214566120673
74 37 -95393145863589248
74 38 -4689113169358001414
74 39 4174294541433429513
74 40 7044807464073035063
74 41 -8596651282715258393
74 42 8371993363299585600
74 43 5233689375643560564
74 44 -5720028513467062430
74 45 -1568670658378945147
74 46 5935389595885651212
74 47 3851611013508809971
74 48 -1611228037247511420
74 49 3025210190520791514
74 50 -3967938718506294209
74 51 -5945626793703655813
74 52 -8143527940328520053
74 53 1389922726331314466
74 54 468661215705689376
74 55 608014581486043848
74 56 7041762519355718005
74 57 6428577837584474568
74 58 -321667652985975286
74 59 -5153308971566425419
74 60 -3699483564137725438
74 61 -3998989899271564083
74 62 5480970097525779749
74 63 -4513332566221974108
74 64 -8500893102847425108
74 65 4950015257661862798
74 66 -3711802625450016214
74 67 2755060306397139366
74 68 2696360908859703256
74 69 -8427082287330509834
74 70 -1410484563070286793
74 71 -2202730651011794714
74 72 -3363722092998767297
74 73 3226497200798932271
74 74 7431212144133885701
74 75 -8282674702663371590
74 76 -8140209591726008338
74 77 4164235944800269144
74 78 -7054410613793450805
74 79 -3365479439759134472
74 80 1559562203143426899
74 81 3217880764995227043
74 82 3819028537089048272
74 83 4514139534808969297
74 84 -2627015374831647680
74 85 8785781285871713129
74 86 1288846602620064570
74 87 -6899373294380130430
74 88 1466711468912073929
74 89 -7845798839804977111
74 90 4265755470815979090
74 91 -5122504477151593213
74 92 5751388619745249794
74 93 -3574154742554845215
74 94 -6513489134568901902
74 95 2181133857977691952
74 96 3816049826219621783
74 97 -6172111353387146923
74 98 388386737380672374
74 99 3436334754401706301
74 100 -8364097654570509996
74 101 3199802439855457044
74 102 -8612466487370796349
74 103 1821729665232856224
74 104 1388613325808495938
74 105 -2999479163775539301
74 106 2207561720424751718
74 107 -3259771862931841772
74 108 4590825351385822607
74 109 808769359427165777
74 110 -7914154885260627404
74 111 -3553581402918093365
74 112 4515202056276373570
74 113 734305188612812371
74 114 5033073650487656821
74 115 -8243926207676436516
74 116 -8958096806352292159
74 117 6868087699546147827
74 118 5893930565970274742
74 119 446923255146634469
74 120 1281706216496388633
74 121 4282944449978139053
74 122 -675819636682658638
74 123 1275379999514965641
74 124 -3121289973953665246
74 125 1357097531743904192
74 126 -1963928368246296276
74 127 -7326821045874083658
74 128 -7130459355147986924
74 129 8556584887204919505
74 130 -6601355114706012590
74 131 -5996273471895350789
74 132 -7370149778255961099
74 133 -3209968696473370078
74 134 -5535023669547198944
74 135 4764800394012234682
74 136 -7761782358902889774
74 137 -6211301155942589751
74 138 2909862701615462299
74 139 8361848954499736551
74 140 -7455416567694151151
74 141 -2104516542403395705
74 142 1072887785861836817
74 143 7976194782292139205
74 144 2287440805082295651
74 145 6004152337584993832
74 146 -6373367279834641508
74 147 -2827760076621488749
74 148 -6538427573612143718
74 149 -8684464740591180563
74 150 -9138103033419028419
74 151 3852846212798345327
74 152 6286062376316792698
74 153 4320521187007176210
74 154 9109013224422191823
74 155 -9140639840942496311
74 156 -4812615631392065272
74 157 599927577219268163
74 158 -2757300650446383773
74 159 -3400592084785110178
74 160 -716307598455687750
74 161 -2441686164411164304
74 162 -2819633484568205219
74 163 -3023871172317380922
74 164 -4101559257763508100
74 165 -981924395033432220
74 166 -2827736287092017036
74 167 4280328091675008449
74 168 -1577361250570976266
74 169 -7175664181041275130
74 170 5487275081520732834
74 171 8305532477212468956
74 172 -6625485813631222808
74 173 -6868658416984290793
74 174 1333458616623867764
74 175 5410953251995975245
74 176 -1797141563106158179
74 177 -9060786808502383930
74 178 -1200359165873813160
74 179 435132355199517934
74 180 6860174240660902739
74 181 -3268530472719921204
74 182 -1425910013634607987
74 183 -849178147108964046
74 184 1568043864129412755
74 185 -2779465759628544499
74 186 7002810896544734913
74 187 -5585913549242230330
74 188 -971185563905014565
74 189 4096822357693044035
74 190 -8532671125762409229
74 191 5167235097975841174
74 192 5100093941336630567
74 193 2425153974293306796
74 194 -2899815827331647710
74 195 -2450463422659906859
74 196 -5974836736387876850
74 197 -1059568900510254427
74 198 4292316771259529901
74 199 -581556408216754399
Tempo de execução: 0.00533424 segundos
