200 200
75 0 -5767044940578944104
75 1 -2287117427128167344
75 2 -3459535851641771873
75 3 6336473109680479323
75 4 -3614454313520212955
75 5 7884159620621401773
75 6 3655572796339007132
75 7 4708835783694263042
75 8 -5813600335734853046
75 9 1065755148774432113
75 10 -6302032177706633678
75 11 -8144941349164705238
75 12 3541823744792264940
75 13 -737064751334447387
75 14 6098260219331659068
75 15 -7920854840364855141
75 16 -3888500300086542862
75 17 -6144279295073458946
75 18 5876261839641905057
75 19 -6995340799015924216
75 20 -3746441516115140306
75 21 -923703831565965596
75 22 -8569790260481120492
75 23 -5394896835211597418
75 24 4970557098201798193
75 25 -5572800478379150323
75 26 7638488668087281059
75 27 7421056711320885380
75 28 -5208488194453818863
75 29 7414903746161689360
75 30 -5649744806335134537
75 31 5694994696988230148
75 32 -6192135864416271841
75 33 276408463000626590
75 34 -8160288748290126314
75 35 -5391567846369399449
75 36 -4946592848989006520
75 37 7729155466871067409
75 38 -5907755724097004805
75 39 -5462311863251670133
75 40 2041189889255246090
75 41 5391391515717461085
75 42 2538869243546218751
75 43 5435842992724302526
75 44 7654471912857703735
75 45 2253235201724367751
75 46 465057224896353325
75 47 6315049727025995619
75 48 5097119752236763785
75 49 3750825774967879448
75 50 -8805545239126526479
75 51 1973172615952638733
75 52 3625581390357732767
75 53 -3285040834251067146
75 54 4253502270960892931
75 55 4559934647780379673
75 56 -2565854018942236343
75 57 1728481682303644245
75 58 -4123322203076664148
75 59 9157199851128963556
75 60 8953402136253529309
75 61 -5781964724021164963
75 62 5407471051972525222
75 63 6909802613680389554
75 64 1797156612544846154
75 65 8615726137103391390
75 66 -8325653655269843057
75 67 7322289068511879713
75 68 6854368386396336476
75 69 -923592398221189124
75 70 -5490080130195305004
75 71 8009080333813911295
75 72 5743681850672182073
75 73 -3479134267366956364
75 74 -3579261587293458098
75 75 -9073806570947160605
75 76 1316699877956224967
75 77 6566042737842011583
75 78 213213704316160200
75 79 -3165904055020240969
75 80 -729181093012455464
75 81 -4302711860865718394
75 82 -1065397876938608889
75 83 880763133198451251
75 84 -6676091329987669795
75 85 -2475264361682096166
75 86 1879720814140641450
75 87 -1384647777496734225
75 88 -475217728093436162
75 89 -1587591207878288051
75 90 8581457064910085463
75 91 5486673204495939461
75 92 7487499865856269653
75 93 -4560620548004063977
75 94 6094933074872786399
75 95 60183437673773405
75 96 -5475285129039735265
75 97 8682041106499037500
75 98 3527500819266849661
75 99 -9181354020059761
75 100 8674792415122512154
75 101 -7468920310222898257
75 102 -3781176120642615607
75 103 -5962648608415127547
75 104 -2751856989435356192
75 105 -3231246413603598158
75 106 -6120814291226396278
75 107 7825842593561756775
75 108 -8769516546820594532
75 109 6050113274179699223
75 110 -5456529492437855728
75 111 -5365171147212406933
75 112 7402422673240679851
75 113 135797421346002727
75 114 7571257830416803664
75 115 6065383819668858841
75 116 -122458193732668790
75 117 39602651644946097
75 118 -392171792975771261
75 119 1200604003813852205
75 120 3848581100350498791
75 121 7961276571072236526
75 122 2345604227017793756
75 123 105731861616540047
75 124 2931779497466303978
75 125 -2215571480227100532
75 126 6757014700600756634
75 127 -1784989349504323164
75 128 -5602806533666014023
75 129 6283475076315884249
75 130 1761700352670542053
75 131 8441068420841182045
75 132 7548429310483522643
75 133 -8358428886301275213
75 134 4556082952180489385
75 135 -6879866328160159990
75 136 -4557649172499049987
75 137 -2096194874069292480
75 138 -3951470781873713306
75 139 -4318421169893065594
75 140 -1893814258959999103
75 141 3617213163889955371
75 142 2602967887640134250
75 143 -6224640898650773202
75 144 4201971806066521528
75 145 2284094374007684084
75 146 -6146585349439554220
75 147 3683020530182487830
75 148 -2488711515721863289
75 149 -8411337806094926240
75 150 -4630434701412117784
75 151 -1352251000030118675
75 152 8118407398158531039
75 153 -7598531601484694900
75 154 3109458576385055431
75 155 -5424843020227914179
75 156 -6187928677076243640
75 157 3906319022197555769
75 158 -2097649097158470562
75 159 -4330092112064656679
75 160 5883252637312616538
75 161 7779108676724439368
75 162 7225098279160104272
75 163 2997403175023242270
75 164 -1239484090366754226
75 165 3146235352586788950
75 166 918127034609914608
75 167 3143627560812842689
75 168 -3201624598627428783
75 169 -7753015132986481865
75 170 7168975774035344729
75 171 7838864022280492995
75 172 8530182614812439406
75 173 -7667693917425652572
75 174 -7393845256085060998
75 175 -3624499304634222370
75 176 4460870767391270386
75 177 618698937790610580
75 178 968854736086940334
75 179 3476807054625770647
75 180 -8997980776533501643
75 181 -3135005885394710594
75 182 2515755962808844075
75 183 8147107391207485247
75 184 -3320690345282121125
75 185 6912162862810604895
75 186 -2503254825580854758
75 187 1603753917717101140
75 188 8828142008421910733
75 189 -5205646408044933020
75 190 4444893168113126013
75 191 -3487082001714941863
75 192 3382287939027441042
75 193 -1942663998339755609
75 194 2524306776276423150
75 195 -6125164785757634532
75 196 -469024964260088531
75 197 6213275434836192185
75 198 -5618986427487801808
75 199 -380166836116366439
76 0 -6969288580436488262
76 1 2331762307646678792
76 2 3016780165085418649
76 3 -9139132541322703155
76 4 7810647591753903810
76 5 -4129562905272559333
76 6 326014116963773428
76 7 2616751680697594071
76 8 4052494335329264941
76 9 -6493905482636613899
76 10 1340987471078400644
76 11 1449447509783578192
76 12 2134145484840394598
76 13 3365617472530350921
76 14 4510450930819324575
76 15 -180663725104405224
76 16 -7109805565354942693
76 17 -6771364798149690871
76 18 7023276497666414267
76 19 753252044525332527
76 20 8419715255054674331
76 21 -6068226699414098983
76 22 1351479228325485204
76 23 3553233593436081697
76 24 8873168366244028986
76 25 1859760635062575896
76 26 -701207507552967861
76 27 -527535640306594342
76 28 -5049094319385311903
76 29 6981800645625408556
76 30 4060918790101903514
76 31 -1980637322801678391
76 32 929808216371225812
76 33 8701244304017473092
76 34 2773852834946700706
76 35 -4732123325586770583
76 36 -6222693288812695690
76 37 6534296918906830164
76 38 -2638773112566017495
76 39 1957107195524607961
76 40 4291241261141002301
76 41 648578559470581112
76 42 7914980954982956255
76 43 400914129804030940
76 44 -3882716457648648902
76 45 -2476348692294250465
76 46 -4435627674857199287
76 47 2611531599364793004
76 48 7378226792030981873
76 49 4101406035866230970
76 50 1470594063874903122
76 51 5287309051231558113
76 52 2678250512383252752
76 53 -9077824385187062158
76 54 -4261878708708642978
76 55 -7571667703217879008
76 56 -7479713041673779173
76 57 -7709227147484981036
76 58 -3683006983419606797
76 59 3678362853568515732
76 60 -1386921669190196083
76 61 -4756961599148795941
76 62 -1479956609110053431
76 63 -1056158649500186734
76 64 -1569285387884236955
76 65 -2120612237404390043
76 66 -6799716527973986638
76 67 6764957637602430159
76 68 -9026751982022873927
76 69 -7715552649241054163
76 70 900340991847611900
76 71 -9038602895867997282
76 72 -6513645415832901537
76 73 -3066580277476521958
76 74 411819223749128067
76 75 -2131497263193923371
76 76 3346216787708132763
76 77 7786155015280429593
76 78 3488760122196506561
76 79 -6758499114586247740
76 80 6004065016031820140
76 81 4704638923894446712
76 82 -8353122231862387779
76 83 -7713920642799282343
76 84 -3044250118005288532
76 85 -2770684493761838717
76 86 -3145642491546600423
76 87 -4944685419926825574
76 88 -4431403470057794645
76 89 -42384154454548747
76 90 -5335094321744420456
76 91 -5072509537582790865
76 92 -4679622489936132678
76 93 -7670705878521584131
76 94 4232122813341794948
76 95 -4146147860275337725
76 96 -8711539322967289946
76 97 -4201178677360853476
76 98 -8845404659210639219
76 99 5089704864639591343
76 100 -4621023919206497211
76 101 5557555315283045138
76 102 -5443821984060597852
76 103 -7139018176494111553
76 104 -6127136568055447350
76 105 4698687426433579873
76 106 2975718045805379458
76 107 137774548811606556
76 108 -5047868908024086371
76 109 7604536165440402066
76 110 1469966254621781552
76 111 183111969907846278
76 112 5400064176798314663
76 113 -5324276075629785306
76 114 -2686037455639598762
76 115 -7057347638911059594
76 116 -1131562524535979002
76 117 -5862018533655143818
76 118 5611509649323350204
76 119 -8399255160863086460
76 120 8837257343051180900
76 121 -2050411007238481762
76 122 1153348072869394009
76 123 7642421041752528171
76 124 -8345662333584181563
76 125 3536528610418613168
76 126 -2445494914804775546
76 127 -2322898427527220540
76 128 4915915450640778130
76 129 478222829582221288
76 130 -1714436212359837668
76 131 -9216013773589371533
76 132 -6548511498535930730
76 133 7003378756935442766
76 134 1910543082125331443
76 135 903756142298971070
76 136 -45241800285310838
76 137 -4448243167827861212
76 138 3516542746319243262
76 139 -3008608432509196209
76 140 5201456576703013337
76 141 -1500154385161148052
76 142 -3292146634464631957
76 143 4648132446670047835
76 144 1847944521127729061
76 145 -4589464795928673709
76 146 2200670345252463173
76 147 760585029469563907
76 148 2387582785793126689
76 149 289491762687531085
76 150 8541345483137383347
76 151 -4514433680574360107
76 152 -4931829139240156504
76 153 7892182984367953079
76 154 -5406858670223060381
76 155 1565065596053996369
76 156 1706143021288561706
76 157 -9055216641015951422
76 158 -4438966639672871789
76 159 2568070651007594402
76 160 7805001580173599063
76 161 4946739580307188655
76 162 -803556028321492804
76 163 717598677785783306
76 164 9118284697959687885
76 165 -427718519581969181
76 166 -2530830484596301898
76 167 -1233991498635866988
76 168 -7738841704148077668
76 169 974598682805194670
76 170 -4604782472545169417
76 171 4274076431352614186
76 172 -8615306115733064831
76 173 -1378856243464918836
76 174 4026344619454687441
76 175 -8327691009563264557
76 176 -1163524966389660746
76 177 -5161424447831472886
76 178 -5797628681367205851
76 179 -6027484453926284158
76 180 2466891850128684714
76 181 -1149241841983755328
76 182 -9171282812061425673
76 183 803393252517471482
76 184 -7043564374872958735
76 185 3228571835384777296
76 186 8525172317311707968
76 187 -4383709422092899348
76 188 5180142606814106215
76 189 6591528265698604365
76 190 -8661301191233262088
76 191 9152487374969899372
76 192 -5345856869774267863
76 193 -4292859794254363075
76 194 8101562305002812431
76 195 -2804414928169714605
76 196 -3324445199206198729
76 197 4191069445265199024
76 198 4606906207930004038
76 199 5416281227747848565
77 0 -4678976276032232831
77 1 4746858075498860429
77 2 -5496435541094378931
77 3 5195399049629190990
77 4 -1732618857044791220
77 5 -7655732585217174243
77 6 -5916458761437783748
77 7 1659747164087356642
77 8 3805658587024679820
77 9 -7791481786494595310
77 10 423339404021712337
77 11 -6195146298296351953
77 12 -5766533532170725306
77 13 -7834299736182666224
77 14 -3101509219176760910
77 15 -948725968854205452
77 16 8101737219227200590
77 17 -4528423488156903433
77 18 -3174140201819355749
77 19 6713036994519102126
77 20 -7836859616530493
77 21 -4957756689702641581
77 22 -8128648003384967297
77 23 -7577264377161111481
77 24 -1766439194302531587
77 25 3616186831099129990
77 26 2417310883964672644
77 27 6989985559787997203
77 28 -6868578518621102977
77 29 -2629265805026905644
77 30 7586423498391032898
77 31 -7010013491825244129
77 32 -180212800813830477
77 33 4453918968204907205
77 34 -8915886386942961280
77 35 -7178796941012893885
77 36 -6507905163624758316
77 37 -6487849062269286607
77 38 -2116250932277701314
77 39 -3625062831735514260
77 40 -1230636308460837835
77 41 3039291673164303779
77 42 -1079638173731394603
77 43 -669314001203626929
77 44 1201393905449996383
77 45 5049798221622053063
77 46 -1285766535319527567
77 47 -1172854749036853843
77 48 -7732983005544563984
77 49 5884449664669184819
77 50 -8100149601299006707
77 51 -436731302132767832
77 52 -8540908562215441593
77 53 527895846443196810
77 54 -641925800521876614
77 55 -749384830611659360
77 56 3296163996496071557
77 57 -5052541622568427810
77 58 974751064710149422
77 59 -119381022537868532
77 60 1093439125160573120
77 61 1566194320907712821
77 62 -4775650689420019199
77 63 -6816394410393559235
77 64 -7671921529660460547
77 65 6948472049924096291
77 66 -6531154382222817323
77 67 2121652026961658692
77 68 1127505506757812434
77 69 8954458927801411349
77 70 4987036297845928657
77 71 4860961135973521514
77 72 732858029362281430
77 73 480693938488162223
77 74 -7646088943263509426
77 75 -5500453414764290177
77 76 -4052371845175008385
77 77 6140015940107798802
77 78 5483447579550147483
77 79 -784199265193608475
77 80 -4721214410784526940
77 81 -6380686865387794523
77 82 2513637066602177116
77 83 -3896355387562765471
77 84 4734039182312069433
77 85 -6740652147522989589
77 86 -8412937370889560918
77 87 575143662166940044
77 88 -1985454489536139905
77 89 3556353648696560902
77 90 -2055914841543014786
77 91 -3442510235736113197
77 92 5836288502130243810
77 93 1970645450657570267
77 94 -5425901321468559072
77 95 1773884148703262739
77 96 -6037865794297953400
77 97 6014771432777926079
77 98 -5219332575122612516
77 99 -5714700400724192839
77 100 3097744089121333715
77 101 1223235549196940190
77 102 5317648358699715537
77 103 -4488224902453631477
77 104 3016889134874181753
77 105 3941511045827237474
77 106 7036843433068013228
77 107 7961099121352963076
77 108 -2803903122485559591
77 109 -8895260355317848549
77 110 -6194965094670834915
77 111 5026463782839787548
77 112 6300208923067699306
77 113 6120003735913704529
77 114 2895676888752846595
77 115 2837941672932528093
77 116 8373396772354199945
77 117 -6665456398913739687
77 118 -5032615692257994491
77 119 -2530214569816908898
77 120 4397634337948940617
77 121 859742251792005616
77 122 -4422396211597176761
77 123 4624056982320822806
77 124 -361964843272684848
77 125 -6105283173633981085
77 126 -1466858919632475601
77 127 -8203448782895276953
77 128 -7608152153077717443
77 129 -5273456439532000393
77 130 -1658801525924127819
77 131 7336729582806289062
77 132 5693204650835105482
77 133 2758754341929127883
77 134 -742296179831200042
77 135 4803464277644799357
77 136 1146322133648732756
77 137 3109453480628004895
77 138 8767761224907022948
77 139 -4061001635810875652
77 140 2620117014963769017
77 141 -8386737677312202174
77 142 -8950882238956236965
77 143 7634709177464313911
77 144 549005082392178121
77 145 14713712557672709
77 146 -4259430847126268443
77 147 -5172916096210363186
77 148 -6378282470581016457
77 149 7790718558058184663
77 150 7220918604384298712
77 151 5049469917364028781
77 152 7524419331588272757
77 153 -5473301232927927564
77 154 -7084951934908015519
77 155 -1156897474068791755
77 156 -5861194184029120874
77 157 8964120931766277910
77 158 -8823743508861463577
77 159 -617210690940223090
77 160 5399022007146529096
77 161 2532891499385888890
77 162 -286266451217142570
77 163 -4390759152684501976
77 164 -8923179141552767348
77 165 3350276218617163192
77 166 3435332260125473705
77 167 -2729236416678179645
77 168 922652141710627017
77 169 -8549732165286210890
77 170 -4652931521994908228
77 171 -6702044847421024090
77 172 5015707643653339741
77 173 -6748854099553136392
77 174 -5115908802358389550
77 175 5975202601657533706
77 176 1386937352061185523
77 177 6230428825860731318
77 178 -2574130337243442672
77 179 -4161408531200964241
77 180 -6960814863216769157
77 181 5853864020871931448
77 182 3638410603937841468
77 183 -2736121518796874755
77 184 8798312208056150345
77 185 -7844078319660088794
77 186 229244871353114981
77 187 -3145629578290342310
77 188 9112528812996294287
77 189 -2473488349649302889
77 190 -8427974460076234629
77 191 -8892464004305722478
77 192 6792010019137283014
77 193 1967476990165035637
77 194 6863776800390560266
77 195 -4030722240448821482
77 196 4733745254900498439
77 197 3322796461016361684
77 198 -3966514580113248264
77 199 -1658957289921918869
78 0 -4913233328376400758
78 1 2690376572587906773
78 2 -1806318200785240467
78 3 4255330121391590467
78 4 -4659169872924233821
78 5 -837808191275908847
78 6 -4635708708748377952
78 7 653897631373532026
78 8 -1579345839839500786
78 9 -4379663291491502026
78 10 4110282247545610051
78 11 -3746374440224451675
78 12 3341062442165610462
78 13 7786646142081275639
78 14 -8722283738348154893
78 15 5761238146757539318
78 16 6152121475643521725
78 17 -5705735680239072478
78 18 614122454857832564
78 19 -264323489531012157
78 20 4738496785991515699
78 21 -3283271138023783195
78 22 3463713330357951127
78 23 9022141187112260970
78 24 1953933591670745143
78 25 2092856882941060391
78 26 1613528836565196225
78 27 -2973206989479165654
78 28 -8500602959514725133
78 29 -1138157680474417668
78 30 4595658076716036164
78 31 -5031498367362609590
78 32 245220136337764568
78 33 -2613657856055785817
78 34 2383398116733565722
78 35 840682282201369192
78 36 5268590526953463722
78 37 -8348770257895443948
78 38 6028984427093239905
78 39 4352056924709324396
78 40 -3910780401555659488
78 41 -6593986818443334352
78 42 7101326494580559597
78 43 -8416454746911540056
78 44 2001654629599128766
78 45 3568050536008456247
78 46 -5167140709931739520
78 47 -5444739948592234526
78 48 5051699715098549529
78 49 -1620777367897187553
78 50 -4505463088342690535
78 51 3646227114627652266
78 52 6008911818120246038
78 53 -2170371511509607234
78 54 -4154058226166920859
78 55 1454532575619378776
78 56 5409893410860793996
78 57 8386680070878594102
78 58 -4127032936316171548
78 59 81285068307028342
78 60 -2893347190953032534
78 61 -682554914424411976
78 62 3849661330366284473
78 63 6342890211827484892
78 64 5572513544993415552
78 65 4216647765945720057
78 66 6734702534864501404
78 67 225232414261557867
78 68 -1200089731516808939
78 69 -1006419761227822173
78 70 5081704207822836340
78 71 -4387523201833172555
78 72 2826301489952435403
78 73 -4938524758876548444
78 74 3148600521321479109
78 75 7959178601296420812
78 76 8850476620511724510
78 77 -8301098832656359166
78 78 8142986708570148510
78 79 -5360965492051457589
78 80 4353804062147443178
78 81 -5057866489686052185
78 82 -5321685696528389143
78 83 -5454660422761704572
78 84 -2148485112171807963
78 85 -3086999005404283809
78 86 9066049489594036680
78 87 3990951792400039996
78 88 4497438882720847159
78 89 -8828892321815140262
78 90 -8465465297833878432
78 91 -1283550410726308226
78 92 -2494396655908317745
78 93 -7030457957176799114
78 94 3397607757477550049
78 95 -5175525159808103084
78 96 -797394003127806767
78 97 3186155840090947723
78 98 4776119411052613962
78 99 -2718111496194093889
78 100 -162711888146549890
78 101 2050312270843694708
78 102 7135919919526935342
78 103 29956737021804408
78 104 2148585562065660791
78 105 -509453332090469350
78 106 6641678168249440661
78 107 4785047312575261965
78 108 2920869940523890359
78 109 264906556809585497
78 110 7235672789957649074
78 111 1473062043137116465
78 112 -2221696964921344188
78 113 4152404458829399422
78 114 -1285057496446525318
78 115 -6180411155716307749
78 116 -2129827805547916959
78 117 857223869819124688
78 118 7528927274200499185
78 119 2477654870631974195
78 120 -3010638486540380127
78 121 -2243511519209659904
78 122 343457220133372227
78 123 -1788765113172518440
78 124 7773692913086120445
78 125 7913577625190247771
78 126 929622211739226143
78 127 -1642639776860051865
78 128 8422783574807623176
78 129 7030537063891522306
78 130 -7294706270946573196
78 131 -8562115939814198325
78 132 -2388140497073576066
78 133 -5931300073923288170
78 134 5315375902133210270
78 135 2448289986968676817
78 136 -3495370051571608868
78 137 -1204764039770183999
78 138 -4185608220958441722
78 139 216407512104396933
78 140 -2618887266873657705
78 141 -8395753357680893839
78 142 -6695051141654522763
78 143 5281245944780354005
78 144 -4881721430538408124
78 145 7773383999850936896
78 146 -7026829918422075931
78 147 6967909327521767074
78 148 6038931925719275650
78 149 -2820368731548320547
78 150 -7917587121412047308
78 151 2877813680531070560
78 152 -7994576092749363397
78 153 1102714166623692064
78 154 5142366599840386965
78 155 4387009256403286076
78 156 3494363399003477269
78 157 -2720215121835875835
78 158 -676275164093283159
78 159 -5314747061867455972
78 160 6264420285453070838
78 161 -1621920679182811832
78 162 -7003292210148644682
78 163 5734764904535693767
78 164 152791506914407387
78 165 8220288647778526117
78 166 -6188496682327648785
78 167 -453281541214211413
78 168 6946693174936600357
78 169 6396752589527932972
78 170 -5048944972540821332
78 171 8093525721710138099
78 172 -6200143978104469336
78 173 6183233723218356641
78 174 2660168280401389682
78 175 -2627433111009020398
78 176 260394281210571073
78 177 -7944168723836974574
78 178 6384605932232597428
78 179 -7516894564051498820
78 180 8843432340504648834
78 181 -5464198673425306481
78 182 -7409479797556322174
78 183 -5360413685923149269
78 184 -5416022449800884690
78 185 1132472807090403625
78 186 6185671416749505857
78 187 5050586812859666440
78 188 -3281210976884608068
78 189 -7984297136757293332
78 190 -2430521957976059302
78 191 2048897848998294965
78 192 -685636066162959052
78 193 -6405728798333738498
78 194 2252506604936245851
78 195 4434265275099293988
78 196 1682546936399972261
78 197 8452976316613528644
78 198 -6883291513611052802
78 199 3836983249755111152
79 0 7423845994658288960
79 1 3824778955916384662
79 2 -3578863775962346947
79 3 3637525432003835091
79 4 3647709614429349039
79 5 977393613410137873
79 6 4711597211978963553
79 7 3602523068544274709
79 8 -2555777888795594162
79 9 -1055530326109804953
79 10 -381509815857941800
79 11 4975455553295430298
79 12 397697326426653323
79 13 -3426619021168841028
79 14 -1111180289324699751
79 15 -5472151259546628923
79 16 4438362713243780038
79 17 7674345975108047689
79 18 -7891519621634594759
79 19 493220406588354628
79 20 931895787940870038
79 21 -3363458897329320257
79 22 8280111350468632392
79 23 -2149895058027041473
79 24 -578619651768159299
79 25 -7903771117582809516
79 26 -7620326465609287244
79 27 -524593320133616263
79 28 6653163813018104419
79 29 5518227644851465570
79 30 -5895463779368932831
79 31 -1910002892603328445
79 32 -4677042571296032739
79 33 -6194618275773167919
79 34 8844999798879029235
79 35 1006878237973460738
79 36 -3350864392207333345
79 37 -2530024817647810789
79 38 -4939915046915493708
79 39 -1758253167688344221
79 40 3815225939490626081
79 41 7239719089304783237
79 42 7950321750564865635
79 43 3600038715720843262
79 44 -4577360002049153875
79 45 6418295407679562482
79 46 3767121686440035385
79 47 2952610616985602670
79 48 -7623085819348197621
79 49 2113669671699928297
79 50 263501527815426635
79 51 6161753963399994947
79 52 -5236003968151482287
79 53 4415663111780538545
79 54 -383615244545712179
79 55 -7901658880272752997
79 56 8335376230672320140
79 57 7231586837350641085
79 58 -4398985970621477895
79 59 -2244521670591311000
79 60 -3051061811041118702
79 61 2214152381459780088
79 62 3688032823363258280
79 63 4629753893572426900
79 64 -9017308283365313089
79 65 7697564600924630469
79 66 4496740651351970870
79 67 -9130449649237313986
79 68 7360783371458654361
79 69 -8007652595529296064
79 70 7192259393882503317
79 71 3987740051982676042
79 72 -1126357708424978125
79 73 5741400061857263372
79 74 -6259203244667550828
79 75 -6687424474315100097
79 76 3762688046966855575
79 77 4911427589842502991
79 78 -7732317476591783772
79 79 -8621950640138416987
79 80 -3345078442601273037
79 81 2261773381213688151
79 82 -6720876884063936828
79 83 3901404435962712171
79 84 5677633148294410571
79 85 626983917686507197
79 86 -5734581783200331908
79 87 -3834978887826489996
79 88 -6935916252260420035
79 89 3128469539885896901
79 90 3625684690980957238
79 91 -8960239100261360277
79 92 -4659305746983315241
79 93 5719959755336092047
79 94 1774399585447084145
79 95 1960366153465331477
79 96 1247997891276616673
79 97 6027854374058520706
79 98 -8462044239697585324
79 99 3623868381338243710
79 100 -7230220514249844072
79 101 -4562612885124885527
79 102 5344986772970557940
79 103 -7763166675875002747
79 104 7377236564914886539
79 105 5126556110927107295
79 106 -3905960419864565618
79 107 1696568396403949472
79 108 1642571161766412430
79 109 -139783177321150911
79 110 6598422082496039953
79 111 1092698214014760649
79 112 -7387290580715455013
79 113 835445262607985389
79 114 -589009449385303519
79 115 -6427513182361051230
79 116 7368865464823792689
79 117 2550141355129369776
79 118 8089470881006153458
79 119 3631545407955894955
79 120 8815917319187630297
79 121 -7464711574861865688
79 122 5759716841187977601
79 123 -4821502546273746906
79 124 4990329485316816401
79 125 1657391178877498013
79 126 874183722764349001
79 127 -4228804901202455928
79 128 8369386494195916053
79 129 -4117888898189070393
79 130 7285857524796912877
79 131 7677986258792285271
79 132 -2520487849524059698
79 133 2877794168376261485
79 134 3921708905374461474
79 135 1825248161018897911
79 136 -7220223283072472057
79 137 -6169033195288655583
79 138 5747770067964885947
79 139 9170224397753387989
79 140 -2668334346853368729
79 141 2264844287462937620
79 142 -8009003818930022930
79 143 -5456300744737693338
79 144 -1707970436887939194
79 145 -1214421659795711833
79 146 4094276631212888271
79 147 7110700832895757263
79 148 -7925491521436227725
79 149 -1411404120640246609
79 150 5220944457462050128
79 151 -6962820201028314921
79 152 -1080359083226673813
79 153 1070593083138955312
79 154 -820646564477768313
79 155 932578356008063205
79 156 -8197185131097173586
79 157 73436731483665546
79 158 9088959604594335029
79 159 -2595989882731746696
79 160 -8559362893624044876
79 161 4591094846172164021
79 162 -3703388303768716219
79 163 8225660561119473316
79 164 1673465875736188892
79 165 -4085384165591099216
79 166 1501019344861208822
79 167 1868012393180691428
79 168 2834967461978272494
79 169 9218682029403521953
79 170 1996350980077687165
79 171 -182732632875181484
79 172 -7358265500537355376
79 173 9137838249207441090
79 174 5904395634421234120
79 175 1065286587078685434
79 176 -6758046931859918369
79 177 4653291837605407824
79 178 -7294940110719803769
79 179 -1676004097362294431
79 180 -7444820212278044986
79 181 9196596093885276108
79 182 -2191420812239527451
79 183 1210765567864127999
79 184 8856476393246815687
79 185 -5745389297235543449
79 186 -8047528809961248112
79 187 6257426077343095364
79 188 -5935927388578222453
79 189 -7460982257466975590
79 190 2269193952184231625
79 191 -908389732913019268
79 192 609682086619939886
79 193 1854297467639237676
79 194 614356873803265706
79 195 -8658614604187196412
79 196 8522129003889558381
79 197 -5724716833640460347
79 198 8380235730088915774
79 199 -5575985102849552888
80 0 -9110176918523382091
80 1 7399067994581496673
80 2 1448717176424078359
80 3 6109245428925925248
80 4 4586267640066317187
80 5 -3581504057770065154
80 6 603012100105450488
80 7 -143911603581180342
80 8 4792596136404586819
80 9 -9179210564216828804
80 10 -1778392389648966269
80 11 -1420894927530625321
80 12 5134205465507164100
80 13 -3918004215755716569
80 14 4816550457434933448
80 15 -2169316799297006256
80 16 -9156731753121919545
80 17 5616500477106698999
80 18 -1057337993191893166
80 19 540106851612210465
80 20 6871825769170865432
80 21 5381177003594846176
80 22 -500434312694899405
80 23 1901590238884379726
80 24 -1132311097839697501
80 25 -3628302381523252495
80 26 4668381538236121852
80 27 -9165304921626956362
80 28 -1472951455527058273
80 29 6299578450202019041
80 30 -2458035114418141229
80 31 80709933285863925
80 32 772712403399757197
80 33 764263028200046578
80 34 -3330330189451554120
80 35 704047044749865026
80 36 1597533251272364461
80 37 7511223358181505518
80 38 1263595377270947487
80 39 8937694118397220075
80 40 -4615774313197749588
80 41 -3140029375212015627
80 42 -6941563912240699833
80 43 -996676662958480881
80 44 -7123633611299029628
80 45 -2970666853806185626
80 46 5125165154889525197
80 47 8319556065961988381
80 48 6353231869537271216
80 49 5999427965227599919
80 50 -1992505389693822933
80 51 7035128548351083130
80 52 -8375241893949263851
80 53 8679448228179242520
80 54 2342872609073281473
80 55 5610369708258935979
80 56 1464940319506305758
80 57 3689954146592834226
80 58 5700790820191025945
80 59 -4550189198320946545
80 60 -7024672964626305094
80 61 2159026122801163642
80 62 -6298085891233165675
80 63 -408902227568238685
80 64 -6231845558136946287
80 65 -728738238695675150
80 66 3737996303869171556
80 67 -6441394576892501519
80 68 1483375742514210461
80 69 -6754019945329366974
80 70 -5767855478481082134
80 71 3255312261390729401
80 72 7180747448564382140
80 73 -2240167593255600977
80 74 -2981704125471268742
80 75 3008738619899377645
80 76 6805605295193437879
80 77 -1522613434458718549
80 78 -3905128926654917076
80 79 8955723584566439365
80 80 4342215343899183816
80 81 -7442059578861409099
80 82 4837034777342478718
80 83 -7789469625392174807
80 84 5602062212188913913
80 85 -7796621546607381463
80 86 -110656457954950072
80 87 -3944563405547659801
80 88 -6724395441195904627
80 89 2466546056418882146
80 90 -6975449950185607638
80 91 -8007962587341854488
80 92 6213158820716499579
80 93 -5037202338556455690
80 94 -781100569284040370
80 95 731566512474783269
80 96 -5920848630958583278
80 97 -4832554474358759735
80 98 -6169826507612076565
80 99 2438642686001508815
80 100 -8748961383656457807
80 101 9209787161292635621
80 102 7807264411162289494
80 103 5390842782161221719
80 104 -6022807611219975321
80 105 2885124456965224291
80 106 2850325157149162637
80 107 -6782801220433308170
80 108 -6254868839275261589
80 109 6304633539189735143
80 110 -9131237610478323021
80 111 -9112671753676359338
80 112 8695168936926280496
80 113 -551466946210065684
80 114 6635379016076424028
80 115 6212637833855630679
80 116 2031191378742863969
80 117 -3418738878661988240
80 118 -8779432447841159740
80 119 -6185873490687249437
80 120 8473617321966656650
80 121 1291076312381515893
80 122 -4265385265930656076
80 123 8209259562706294603
80 124 -6482995514242667830
80 125 -1988939626203922422
80 126 -6438567161921281136
80 127 -8983594938428818159
80 128 497385335020101181
80 129 -8805075788348661609
80 130 -4962370697465961725
80 131 2528846116294657231
80 132 2034700203914269881
80 133 5387780120886259059
80 134 4325373157751132653
80 135 7317051471999387676
80 136 309683699036565149
80 137 442123935812548966
80 138 -7617079841831808047
80 139 -3513687385107293063
80 140 72285974055622354
80 141 7591964261823971636
80 142 -8313820243014590863
80 143 8382501047576882643
80 144 -750256207030110498
80 145 6038237521937753334
80 146 6386454034503558127
80 147 6799206450473360425
80 148 9136176314156135439
80 149 3973481594510671322
80 150 -5250510841248184189
80 151 5082635922335880374
80 152 2064981786534639716
80 153 8507972259387262201
80 154 5567101706019097568
80 155 5934829219134450055
80 156 7558333286886474074
80 157 1083881432270879044
80 158 4728317080380689700
80 159 -6399992989216944991
80 160 4662855171032053900
80 161 -5579639458763792900
80 162 5986261676900061859
80 163 8122712262075358883
80 164 -2282243695300993587
80 165 4564262841449949242
80 166 -1000099690373728830
80 167 5661654324188390095
80 168 -5940549257782509634
80 169 -519586841173217657
80 170 3161746966297793990
80 171 8141974051038391051
80 172 -3227447566204836286
80 173 510038780842432858
80 174 -3546698928525406204
80 175 7455028073223925605
80 176 2847315995007292534
80 177 -6908161822141924936
80 178 4398530363131626171
80 179 -7410227778463949678
80 180 -9201589968267265498
80 181 7877074059899843267
80 182 3675517067387615907
80 183 7580457539247724332
80 184 5024933293442267068
80 185 -6613178030743365251
80 186 3878033995744714504
80 187 4707976372603675010
80 188 -9173151278682463839
80 189 -5925448981077050521
80 190 6951873828646495388
80 191 7140529556524385856
80 192 -2453067517560167908
80 193 -2771031336421257524
80 194 -3838931374139012938
80 195 -373873385569464808
80 196 3684528995543712960
80 197 3322310290790823925
80 198 -4799285922595635660
80 199 -1547431864355025858
81 0 -7120617296105474528
81 1 -1192158161864498391
81 2 -6883054054173091491
81 3 -3035477838282377799
81 4 -7674424608149608708
81 5 -3263453206999094363
81 6 6936678429864850359
81 7 3531008628414316918
81 8 -3440378862779243586
81 9 4389249301014969405
81 10 -1205667102308165971
81 11 -4755377690499182191
81 12 8826661046220229496
81 13 -3802918761519493473
81 14 7272644605301090932
81 15 2118564404158658197
81 16 -1225217172796492851
81 17 6666907103786964280
81 18 -2736378039265349977
81 19 1920053279839515463
81 20 -1407884615261134083
81 21 4730052397300989009
81 22 -3239000232410671984
81 23 -5109890776314293160
81 24 792535210953382266
81 25 -3428517614523168294
81 26 10148694721429079
81 27 889490455672425377
81 28 2973552282783134466
81 29 -2476612221564528649
81 30 6797229310884923136
81 31 3181260811922144918
81 32 5090162741961423208
81 33 -5403205586822815750
81 34 -5789646177517096415
81 35 -6506692919664549248
81 36 6683442135503111689
81 37 8445438798156335865
81 38 7415542782244465027
81 39 -952153483566451470
81 40 8001817031941504620
81 41 8522768795736853754
81 42 -7850755520466270802
81 43 -6917128938040396718
81 44 -8890974668388661189
81 45 3889676869895871659
81 46 -1495114763859323849
81 47 4386688484062054729
81 48 269410931420570525
81 49 -318994912790082550
81 50 1415613360799942873
81 51 193665051272336690
81 52 -2298155211334082510
81 53 -1053899498861927055
81 54 7988419153438309832
81 55 -6719599475842920154
81 56 -8848621918750568500
81 57 7620416946742273607
81 58 4007784648529574753
81 59 2422381822279360066
81 60 2372379959454791286
81 61 3876694690274901774
81 62 -4663423314959009747
81 63 -4215849843304515610
81 64 7898941591260762463
81 65 -4719096590470603389
81 66 -638965831895053384
81 67 4265363441498636678
81 68 7723193001268025562
81 69 2706116143927552873
81 70 -128290007790414444
81 71 8727416481959102063
81 72 -8828700809655284933
81 73 4090551958080303754
81 74 -5784251714435589999
81 75 -2552687228195454173
81 76 -6468213805939825796
81 77 -2921194801104431202
81 78 -6289311100673393131
81 79 3805967253257682293
81 80 -8103701098416834320
81 81 1687592099605356898
81 82 497108774005838565
81 83 6772512452013714737
81 84 -4839395345901675659
81 85 -3880229718570167830
81 86 377507364021726790
81 87 5554907707625286477
81 88 -5337196566801655565
81 89 1915478449830601421
81 90 5514200281302917683
81 91 -3628872955153413776
81 92 3001760703463538826
81 93 3033005931639184369
81 94 -4251876295983185696
81 95 8179775011550117256
81 96 6443598186915285978
81 97 -2456897231422064621
81 98 4544070295118902818
81 99 1532094710655084636
81 100 517299463488139979
81 101 1969663172547312229
81 102 -2887168236319843506
81 103 7958710356581736935
81 104 -1281994339069038648
81 105 -4793698493397772615
81 106 -7313760861893678580
81 107 9094945818807219865
81 108 5220722046833034048
81 109 -1876058682052503503
81 110 -5791972803228578401
81 111 -5775976437198384754
81 112 4444445264074888936
81 113 -7335795358552204215
81 114 -8384287955650076562
81 115 1441881301544166058
81 116 -3366633819979684116
81 117 -6964127027203937468
81 118 -6606866732489058995
81 119 8102655607079319355
81 120 3570833134234188313
81 121 -1320639731668165455
81 122 880560214932802031
81 123 2355281435873404283
81 124 4369343555965748949
81 125 -5728278558300585915
81 126 2205024687789131112
81 127 7357353233185657865
81 128 -1962446743380463743
81 129 -8007810520608969152
81 130 -6579897336085385841
81 131 8907065417263314792
81 132 -6841299626121551872
81 133 3416833690634655887
81 134 8371821070042210849
81 135 3445764761265248072
81 136 5274661518634033345
81 137 6759960808760667604
81 138 7962332740642677581
81 139 4897455535297060564
81 140 861826173604411966
81 141 4262996821377664365
81 142 -6040672272351211284
81 143 -5659178574437236921
81 144 -6087532511396158885
81 145 6320730243936689263
81 146 -2697758657501268303
81 147 1131669030147144107
81 148 -2466053476676376874
81 149 8795354747588571933
81 150 -2683498290364946504
81 151 6794262578030131474
81 152 -4950386723225245607
81 153 -4954112199224549648
81 154 -6661646417416774581
81 155 5689040774205088305
81 156 -4003257729177652996
81 157 1412330390430924336
81 158 1899555932968713934
81 159 723279036702018289
81 160 -6907742882941783827
81 161 8340152644963725861
81 162 -2809830113458973337
81 163 -114265901215065631
81 164 -6296838939935952633
81 165 8289247967399652302
81 166 -6869230498106838652
81 167 6301830263854486981
81 168 1139982095291388136
81 169 -1796248777206634211
81 170 9094852356768059587
81 171 413935953794424213
81 172 4232888133442822006
81 173 2754220889421525392
81 174 1169397178967529431
81 175 6220038925221065340
81 176 -8393112986919328082
81 177 -2569282803893817339
81 178 -8998282986815164583
81 179 7882204359176539413
81 180 2485911755743712607
81 181 1430335054664564329
81 182 -1649288570669798912
81 183 3664809859764919492
81 184 -7708694142289283527
81 185 -5786343372870310269
81 186 -5419215443123609859
81 187 -7829816772916814114
81 188 1156605750147794927
81 189 -6339787587737244437
81 190 -7284888201727398346
81 191 -3475958909779685003
81 192 -5554977585186763341
81 193 -3804591771266397306
81 194 8148016664434955122
81 195 4808935036242105589
81 196 6840918368763329661
81 197 -3732249319193963915
81 198 7915414624912869542
81 199 -6827382585143169658
82 0 -5754589233191308585
82 1 4906349691383352835
82 2 6289103604141167226
82 3 -2795141105987664182
82 4 6201967014765779467
82 5 5184846782942775974
82 6 6881134096567020838
82 7 7013823799569148069
82 8 8072552718490207939
82 9 2253206671066622630
82 10 -7164849126677324424
82 11 7579374611675465603
82 12 6252841163533237439
82 13 -3873857255723121489
82 14 1921103341036391707
82 15 2684687355879958692
82 16 -1953446128908441218
82 17 -1894484750623745887
82 18 5862252077406707092
82 19 2768387502543980749
82 20 -5642610812898129005
82 21 -1980274609737622409
82 22 -6164968106831662702
82 23 -5104202903629487337
82 24 6100730642766575599
82 25 3401536707383961341
82 26 7230228827338826647
82 27 -1567456079770850891
82 28 8097989340412436254
82 29 -8546940633290595555
82 30 1036480354942218549
82 31 -1653180212985356243
82 32 -6650645068534013644
82 33 -8371549003290886870
82 34 -2499718053513724460
82 35 6675996370281284597
82 36 893467137036140970
82 37 1654096732493721413
82 38 8730538521746287872
82 39 8812564632724053514
82 40 7075773377841817336
82 41 3209465839652277549
82 42 -5280149622268163944
82 43 -3604144472843107556
82 44 2625074402630716773
82 45 6791049004008791861
82 46 -4192537120929876511
82 47 522708064655923389
82 48 2911755273412081533
82 49 -6804193994743590819
82 50 -5005175118806331129
82 51 -8883825514699068373
82 52 2685843382197730174
82 53 6424538744422725686
82 54 -2722381344383357922
82 55 -1960987651441834220
82 56 7969803048721180977
82 57 -4149461466020441155
82 58 4989234524447778296
82 59 -8098230217275375783
82 60 -6492356782324692585
82 61 -8052273717273942957
82 62 -139640052698656982
82 63 7702332856595601464
82 64 7712293134289368061
82 65 542598189107991390
82 66 -884759110035594548
82 67 -2054731976729353586
82 68 -4529423936877201439
82 69 -8456188419921199845
82 70 -7633005439506746569
82 71 152323327677408436
82 72 1684233199878703207
82 73 -2392216906366164355
82 74 -3356767515429828850
82 75 -5820827847977785918
82 76 2258291235761360060
82 77 4129087756416632288
82 78 -6468897570436871406
82 79 2236443972865012633
82 80 6415527431876457518
82 81 -2599046939454031895
82 82 -5406348978108976640
82 83 929647629778968400
82 84 -7202837253892024495
82 85 3111273258104413901
82 86 -5854539969728946294
82 87 -570168515737960025
82 88 -1372196640414538562
82 89 -2412164799619323939
82 90 -5487906439466865594
82 91 -1426442535117884589
82 92 -2986374271454002770
82 93 -2856663846944558821
82 94 -5050927051647330554
82 95 2243647022405291399
82 96 -881576617329098300
82 97 -4381489399770395930
82 98 -7611543491573068682
82 99 -7030155262825992316
82 100 6790949090733880916
82 101 -4340450607258664499
82 102 -3664031112772321069
82 103 4953513031856545711
82 104 -4257841906614186058
82 105 7143111018124146218
82 106 8435803927778561913
82 107 -3337905365515858965
82 108 1923137788361467028
82 109 8335824507558380039
82 110 -8203212955400530289
82 111 6440704234808981030
82 112 -6920496151331944319
82 113 -7347063071673244083
82 114 -7308347303021637235
82 115 -3993706726726333009
82 116 4711312690202665739
82 117 -8312009100527187992
82 118 -4480199330873429063
82 119 -2333916516890443552
82 120 -4077149174764058991
82 121 3721602129426312488
82 122 8851402493136737305
82 123 5840930992699130352
82 124 -1007263239476243521
82 125 -7937834557658024269
82 126 -2509554049542538478
82 127 301748230284456290
82 128 -6400492400041264502
82 129 5092267949534135893
82 130 -6842814032954206094
82 131 7042969903154091473
82 132 3330176019435373867
82 133 6298393251309152173
82 134 5481320877185852114
82 135 -1561102112888124813
82 136 -3513645513539252932
82 137 8541531418185213333
82 138 6531496240558184951
82 139 7436259745409540227
82 140 5036341957899323399
82 141 -5695130337055813629
82 142 -1575885768373001354
82 143 -7538755385810560831
82 144 4994773971512013003
82 145 5755350740715679053
82 146 2350299233099562230
82 147 4264852525108057471
82 148 976000689640182013
82 149 3560329741171648068
82 150 8544883643792787360
82 151 6804105165863174211
82 152 -1002103573550375073
82 153 1784499330743737929
82 154 7287133435206321298
82 155 -5929939192692819333
82 156 -5213823043296372824
82 157 1207086966376978115
82 158 -4116544527530174660
82 159 -3681413066613089184
82 160 4989557618282659
82 161 6944071875179627264
82 162 8348762112443017474
82 163 -236447204375847743
82 164 -7297214644186441303
82 165 -2380892683701293647
82 166 2277083191106930640
82 167 5656848074360980261
82 168 -3040139315319378124
82 169 -7076147613398326218
82 170 9055303713041497530
82 171 -2983962762707502513
82 172 109060395810038595
82 173 4470110602281337501
82 174 -6411678516785481058
82 175 3728287652539288603
82 176 -7934459415662240729
82 177 2405911894398044061
82 178 -1674223296866974797
82 179 5116845072937752601
82 180 3881943699581662431
82 181 -5046473390940913036
82 182 3514974332193210500
82 183 -3587509327283434277
82 184 2858407232047790626
82 185 -4720767059982538623
82 186 -4474962438442002589
82 187 7918995001751926779
82 188 5791607485187716025
82 189 -2834306980603956420
82 190 6755633122938135025
82 191 5209056634076045581
82 192 -3519998810947535918
82 193 -1978893880534834293
82 194 -1537081416343648775
82 195 5380424460219144665
82 196 6483964284878446814
82 197 -3772661500222357562
82 198 -6962771922144005053
82 199 -7790943152940306622
83 0 1950773804225606692
83 1 1161901494826549806
83 2 -8314084000908133869
83 3 6665344995239131278
83 4 -2085700690608670260
83 5 -7724336012729488849
83 6 -8617570232961071859
83 7 -2361075068625651033
83 8 -241486560600551752
83 9 -7049764405815815156
83 10 8375785587111460271
83 11 2247539385002327819
83 12 8924108346733654945
83 13 4894011783083513638
83 14 -7030743767836131218
83 15 -1955179354119782429
83 16 -7132422703316583874
83 17 -5752925947929973005
83 18 322554446019902511
83 19 109459456584841427
83 20 7891497993908682192
83 21 -1691256692732258355
83 22 686926517603989479
83 23 -1685078436327536563
83 24 -2280953783552339131
83 25 2094486586026190321
83 26 7341905365577561796
83 27 2838572507871206403
83 28 7625948405853985685
83 29 4209622970124204648
83 30 3992870359362267001
83 31 790128287243994712
83 32 645584701583875449
83 33 -9051736207848179089
83 34 -5865984418996250515
83 35 -1481659828855252839
83 36 -4451702744323611495
83 37 -947745063837794757
83 38 2202155358526662756
83 39 -5860754554524934710
83 40 3363996407907003500
83 41 4758707835971420836
83 42 8153251297756166212
83 43 6852471097234142630
83 44 -80109216333021222
83 45 -6612368000187381132
83 46 -6313263340308741092
83 47 -8137923412807195129
83 48 -4767539108825177723
83 49 5460704681699677580
83 50 2047519575994632063
83 51 3463654760572154633
83 52 -6285496014789866744
83 53 -7258055820217055860
83 54 1101824233611601714
83 55 103567587129915093
83 56 -9202866743925994982
83 57 4658857682480333833
83 58 -4046070048102818218
83 59 421744716473635095
83 60 3986298257360914826
83 61 -5749979729104323316
83 62 2848310910321460136
83 63 7303269327440241551
83 64 -2185979570514818944
83 65 4615734020685675817
83 66 7211876389428450083
83 67 543528784120832157
83 68 -670313309260567680
83 69 8397909216747058286
83 70 -924412637830003662
83 71 3869110884178269524
83 72 -4989200904972627025
83 73 3109991419732268679
83 74 -1696989807171146757
83 75 6255347951249619715
83 76 -3934928451388521697
83 77 316901870277771104
83 78 7107440279262102799
83 79 -5341365625773377750
83 80 -3281323639227589777
83 81 -6486060128930351088
83 82 3751046319326972633
83 83 -8839367421311825592
83 84 -2250550789304421447
83 85 1370177158389075519
83 86 4087548178248489225
83 87 -2041690302917602798
83 88 7867728022626193766
83 89 -252890725753726658
83 90 -8542835621185941309
83 91 5585197742118635020
83 92 -8601796815111479585
83 93 7672312119493594850
83 94 -7728840229198505687
83 95 -1546075980537804252
83 96 3465304262672144927
83 97 5000574416728997804
83 98 8781962188900107316
83 99 1432397116067335463
83 100 3289178377670070007
83 101 4220232206883355384
83 102 -5964253809888625416
83 103 -6357027307663096574
83 104 4471384419883898831
83 105 -377910287687910048
83 106 -6750426194729202095
83 107 2580328762444560162
83 108 8569324487832503898
83 109 -4229748138990942791
83 110 8198055918431168132
83 111 -2514388611449744237
83 112 5553313119108489705
83 113 6348535750799878105
83 114 -5878207162339430257
83 115 2897165494961894359
83 116 9007854404350522763
83 117 2641205903172815273
83 118 -8396583427817065249
83 119 -7829341950192063032
83 120 7972740040035427976
83 121 3018773939836474518
83 122 5971008417511137365
83 123 5804292457139632436
83 124 -5035746918385210006
83 125 -1946088714292456362
83 126 -1461139946318698500
83 127 4058658490885221513
83 128 2960812911072507081
83 129 1730793179285366976
83 130 7822296589964883793
83 131 -8810387057905012424
83 132 -7166882124335795715
83 133 -4189945038403101229
83 134 1845285181654555756
83 135 114321236854166713
83 136 1926809161941474742
83 137 -6638293821174166022
83 138 -4870297139677415323
83 139 4259805862035213721
83 140 9101045155349362550
83 141 1299587644833420958
83 142 -3322297138866648501
83 143 333795784437460297
83 144 5267327844576637998
83 145 -3767830462273822082
83 146 -2636257405557693864
83 147 4461155048593146969
83 148 5260635458362439119
83 149 -3231007994645062155
83 150 -6455367021736396548
83 151 9143195452954159027
83 152 5874383630741219610
83 153 -7229121068557406032
83 154 5118616733441285473
83 155 8047278709386172561
83 156 8171205678148852100
83 157 1309599409121476639
83 158 -3165314513018896095
83 159 -451427346132387963
83 160 8036092114894617314
83 161 -3344179037449347369
83 162 -8679044901477574281
83 163 -2479051537210699837
83 164 2940626975800660668
83 165 3593903363737258002
83 166 -1591515086973133078
83 167 5719766520830943011
83 168 5327604327155651273
83 169 5350488723003193813
83 170 2933945160488838467
83 171 -2960740424043594484
83 172 2455395775076132143
83 173 -4366163567389525739
83 174 -4087185315538415327
83 175 560354943836756363
83 176 -1326224162197674235
83 177 6154822060728447253
83 178 -8922702241276411840
83 179 1680436962624638466
83 180 -8494313214470867276
83 181 3522758605201926785
83 182 2506684311257617918
83 183 2579850206867103879
83 184 -6496083703493769471
83 185 -8080693404911562406
83 186 -3053190799814122610
83 187 -3733573530216147130
83 188 -3719227227890058427
83 189 7813829669492034200
83 190 3710880282502947002
83 191 -7740307289294345045
83 192 8306584150191882148
83 193 -8446083666408147402
83 194 2335739610992300045
83 195 9012030503783805511
83 196 -2408511212088082718
83 197 5984144372969112040
83 198 -3154444402236122769
83 199 2863366854247409427
84 0 7938786082009548842
84 1 -6491876394252987315
84 2 4020988643303482814
84 3 2620067461418110850
84 4 -5279995570842678856
84 5 407816957089382247
84 6 4118173528798466422
84 7 -6044244647586837935
84 8 8647518320957434827
84 9 6164483118456955160
84 10 -8290130090827622019
84 11 2250106671175754737
84 12 1116473872382198876
84 13 -9167488105380260708
84 14 3327705503531385934
84 15 -1691704543954634716
84 16 -4126484506173196133
84 17 4007883644099227196
84 18 9182373892820601547
84 19 6561231785433782056
84 20 6863307564910844722
84 21 -1759390120538163593
84 22 1945890689911947713
84 23 -2374933042306548099
84 24 -1429596371583852945
84 25 -5820181713323630857
84 26 -7010598923012121311
84 27 1647817013859433880
84 28 6871164420938587451
84 29 -2629944647650271843
84 30 -3535779918123438561
84 31 -7501920103128884512
84 32 8829163804614419949
84 33 -5572059145129272547
84 34 6287560918067812661
84 35 -7491847272187140920
84 36 5800984368605140982
84 37 984408018894708566
84 38 3106250286150173908
84 39 -31681188983378112
84 40 -580620753526766792
84 41 8353171037423067657
84 42 1127811316589042796
84 43 8462569995628334155
84 44 3083620388876060300
84 45 -5912752044631410951
84 46 5216695571220516672
84 47 -3732251771304755945
84 48 8624521455533233183
84 49 -2486682052435394757
84 50 -1596606614170797891
84 51 -8824306738444133242
84 52 4946689283685740787
84 53 -5078598283809911259
84 54 -4536333710587137915
84 55 3638780710033596344
84 56 5275665949370857622
84 57 4937757538251236092
84 58 -6850806674104543576
84 59 2962184201649373533
84 60 7032564305114699426
84 61 -2538418239360813674
84 62 -3843428908033555870
84 63 -6941343885253715073
84 64 6246863324632332448
84 65 -7366997811085939443
84 66 8254970871653971222
84 67 7414009757677131395
84 68 -6435340559174098061
84 69 -2488248370779554489
84 70 -1104392422813662636
84 71 7943436209727365231
84 72 -727204020597633812
84 73 -8763764255524184550
84 74 -627395230194116175
84 75 -2177157319681726813
84 76 -6012956351365736514
84 77 -1469565103400199212
84 78 -4995823994472015159
84 79 9002631483761846217
84 80 -8661091634711149073
84 81 8878868236595251832
84 82 4535698328444334657
84 83 1507969503313345438
84 84 -2500739147643312712
84 85 -1149734428626305249
84 86 -7763488144113937425
84 87 1051826429549100993
84 88 4252448986840400691
84 89 400791386611173216
84 90 4210633011238617144
84 91 -7426148036839466313
84 92 3057365026263311528
84 93 -1226251891373625166
84 94 -4069323012413175195
84 95 -1552613710822558772
84 96 -5210245186395784233
84 97 3280917269566540505
84 98 -2523985564011740030
84 99 4877605527051077363
84 100 -8915697979466275233
84 101 -6126256517435065159
84 102 -650076300640820008
84 103 -6792407546493189759
84 104 -7424542293595245476
84 105 2377236309664141781
84 106 4180612460535916027
84 107 -5012616426165619734
84 108 5534880343813617047
84 109 -4612998517306500067
84 110 -4908948080710685456
84 111 6722511453307205952
84 112 1710558986909546981
84 113 4000774392304463367
84 114 810966840334713164
84 115 -9143512615501159286
84 116 7065929495762690010
84 117 3800353640270544387
84 118 7885517390006631371
84 119 8785854580551085939
84 120 -8061761324608964824
84 121 -4324254500143127918
84 122 3253948697314934904
84 123 -6671784723197749231
84 124 6988037391712053549
84 125 -8859610951108979038
84 126 -408405114397922194
84 127 4720415919408559785
84 128 -3624285898213470910
84 129 -4946645662654151757
84 130 6902190498289248001
84 131 3586708858493997348
84 132 -6523789009257095784
84 133 -7822065745544637794
84 134 -1804237403683959891
84 135 1934267400207196617
84 136 -118053260827959867
84 137 -8354375604514789319
84 138 161487246955769836
84 139 6294877044246807689
84 140 -1653238220291350751
84 141 7504754400008164356
84 142 -4480789325622488045
84 143 -179082082292130445
84 144 -6945084201662127891
84 145 -4485919606884399399
84 146 3600250682147965816
84 147 5756159475246904772
84 148 -5281433700182797477
84 149 5922264673599809113
84 150 7354494657333159604
84 151 245644949502685969
84 152 6998414863778481893
84 153 -764848792220270679
84 154 -5417277676744552150
84 155 -420071109852061726
84 156 -8160229805759740275
84 157 -8554598682680818973
84 158 3654104311060098215
84 159 3138479328894083221
84 160 -5538282654913267029
84 161 8906866308784300203
84 162 4514687263925478106
84 163 6545518045492011198
84 164 -2960597800709048567
84 165 2994122383821847466
84 166 6409530564829831734
84 167 1066777571039376292
84 168 4260648295619756838
84 169 7728812798105916669
84 170 1969813423577272489
84 171 -3397345053794444464
84 172 -2648988853371611517
84 173 3239630866833262297
84 174 -872123029361196117
84 175 3920525169949447020
84 176 1794037247627658203
84 177 4131619442194029422
84 178 -5123542577247239524
84 179 4704572804445122022
84 180 -8062951500576913700
84 181 -4343412540720442234
84 182 7669475002061350526
84 183 -4097464969389088887
84 184 2716596877034328275
84 185 6610669636725313302
84 186 5133610098954148122
84 187 6591399092302874613
84 188 7378169899567410350
84 189 7493591550330859364
84 190 -6577453839186303041
84 191 4355200526832391488
84 192 -2390520857343433844
84 193 5971148685318456504
84 194 3410940615267235826
84 195 6217422379769401933
84 196 -4503799639642133811
84 197 3083530592330594645
84 198 -5921268243596384674
84 199 -7828060264469525492
85 0 1524956216833823771
85 1 -9080976924718564751
85 2 -4866263856030134670
85 3 -3659483754267821217
85 4 -1726622018573725391
85 5 -4935942650875626307
85 6 2739803063303018188
85 7 -3093913914437490126
85 8 -8247131130163655362
85 9 -6538829884417277661
85 10 -4669825623090596809
85 11 7590636996808048256
85 12 2805614227891506032
85 13 5672771157268255563
85 14 -2910015066341009090
85 15 -4014240777688077462
85 16 5026356168358332097
85 17 6445175309327503849
85 18 -4362184842315018596
85 19 -1560406094327310292
85 20 -8575866356312440814
85 21 1788595559600572493
85 22 -6667768999998846436
85 23 7455837471047942877
85 24 -3094181186350187954
85 25 -8943219445696389372
85 26 2183416977279415495
85 27 -1942283469952906583
85 28 1245541054443791410
85 29 1643937947035676624
85 30 3913747403068726889
85 31 -6289726699091950055
85 32 -7073048008361788746
85 33 -8114470961489024260
85 34 6394443927332929062
85 35 781155342586346771
85 36 -5216421577860041957
85 37 -5670717823325432727
85 38 8650475046459347927
85 39 -6103924174867454000
85 40 4361987520034431973
85 41 1152424980081979584
85 42 4194550870996923788
85 43 -2410430475253239049
85 44 -3097351833440184517
85 45 -3347432211584032804
85 46 4412150946750042656
85 47 8386184909976343890
85 48 5873584242987498273
85 49 -8733711861611941037
85 50 -6832501866316355957
85 51 -6674178619569849709
85 52 2259651801055580466
85 53 1679161361275599092
85 54 2431681020920120800
85 55 475719816609146098
85 56 -310469850069043974
85 57 8746729050457901340
85 58 3390621991264966541
85 59 3547289784349366881
85 60 -9104167256243041297
85 61 6570086905280276634
85 62 -5004065460057384558
85 63 -2017911541763365128
85 64 1933709387189756402
85 65 -5388190582373017632
85 66 3382592656390217775
85 67 5243066740830514566
85 68 -4666819445372864021
85 69 4503405232233281552
85 70 -5969092986118124697
85 71 1937913120275477964
85 72 2969685858832563862
85 73 6505898616070990511
85 74 -3289597797667389097
85 75 7494320882958242706
85 76 6632784627628184965
85 77 8182754259885512538
85 78 -9161076980573041267
85 79 5542813678104669733
85 80 -3136441462841489668
85 81 -294329715972731132
85 82 -5424313959869255527
85 83 -5308484185308186783
85 84 6453950855446455064
85 85 -30839727545398174
85 86 -5876851611669848860
85 87 6481797283391703656
85 88 1445501352997241763
85 89 745137123271962425
85 90 -3925724826444492164
85 91 7944946693112214826
85 92 6124304587457955936
85 93 6495549533807012667
85 94 -5001456802925136766
85 95 1463435746157805123
85 96 8813059359295224674
85 97 -8656896559237962938
85 98 4520745743877235308
85 99 -6374248812149850096
85 100 2679838853157342947
85 101 5052277856400540134
85 102 -1642413340191950899
85 103 4819517858332301769
85 104 -7965241687016925623
85 105 -3690569013236829301
85 106 4232775931931157568
85 107 -914066926381069261
85 108 -1293480667664954722
85 109 3258210488136802033
85 110 5770782659544128067
85 111 2876188300587773794
85 112 6080283507277547368
85 113 -6202459842063966325
85 114 -2754912827065336631
85 115 8260147845405967212
85 116 5715467194012657389
85 117 -4626495170736207662
85 118 -6415680812895797922
85 119 -2227487245592213001
85 120 8569228517574599406
85 121 5285181503867536832
85 122 8340896868641095879
85 123 128822088447977006
85 124 7135228839612949674
85 125 -3694384488028302318
85 126 -104058211368196925
85 127 -8618318689980074486
85 128 -6638684024898781553
85 129 5276253329777823477
85 130 987689416805333506
85 131 8685638422651695627
85 132 7169842194307830502
85 133 -2978459796949703283
85 134 6302616833893352131
85 135 -5727699975822790771
85 136 3247575240887079170
85 137 -6079993465704475820
85 138 6075268572506041175
85 139 8028365180439179306
85 140 5367026439697495301
85 141 1831376210231442607
85 142 725845257042990865
85 143 2820956767110800284
85 144 4921800729830494587
85 145 4574918924735368368
85 146 5190985006011550797
85 147 -5075601375233036410
85 148 4412682061661375807
85 149 -186648602862048355
85 150 -1756010306037739030
85 151 6599608912254229226
85 152 -4460581839988103198
85 153 -8006191540069799847
85 154 -4256164124084549060
85 155 -3500001353932907351
85 156 7226075104547376505
85 157 -4415196690054633093
85 158 2576968994909751486
85 159 2864663715700056919
85 160 -1030862949505414236
85 161 -5444112542585647179
85 162 -6328986293360232852
85 163 4178468653914276838
85 164 923157445983810032
85 165 5680625067804845023
85 166 4466342719411618740
85 167 1904916106645229920
85 168 -7119226909122736877
85 169 2061520185411110479
85 170 7098620367244748072
85 171 5402448376042582162
85 172 3713958276822253368
85 173 -7990181165329643649
85 174 -2260615033521603916
85 175 -5813667563170472577
85 176 -820613478194137994
85 177 1288449798981527530
85 178 -2716905599690069873
85 179 -2397245544870109756
85 180 9105026399358707361
85 181 -2687193826278243411
85 182 5442017089114035719
85 183 7464560785938699838
85 184 6015031628777004228
85 185 -330989567001409371
85 186 -3448706033968458884
85 187 -5113360076246379385
85 188 -3278795198327884339
85 189 -4134622328442630590
85 190 2728360218611723554
85 191 -8823623092376476707
85 192 -7737233036127803416
85 193 6512840323362741681
85 194 82264009669964208
85 195 -5298680431906011656
85 196 7425882109438757204
85 197 -231109556145030898
85 198 -5756866923710208819
85 199 -3189855240020719951
86 0 5832466515673971210
86 1 -8514275216133649575
86 2 4016772426836401858
86 3 -3460142028845014723
86 4 2285446529252827799
86 5 -6538884193018715264
86 6 5855492483410557098
86 7 2550349462235536919
86 8 6424336374667362011
86 9 -7534167846136362484
86 10 -7836826574273646588
86 11 1102449099961549977
86 12 3894816171417209329
86 13 1178004339156583864
86 14 4235225843059780101
86 15 1786607901186524620
86 16 5291819292517950124
86 17 -5255311335730632746
86 18 4650918889653837261
86 19 6078335078223740078
86 20 -4967453714357406908
86 21 -8687403401944228260
86 22 -1277820230815009473
86 23 -1889196092946127447
86 24 3688562077890087077
86 25 -5486669002905864042
86 26 -6245844975954645393
86 27 8437474284838891866
86 28 -1579176649399563926
86 29 7060372044967691819
86 30 5494551998549926762
86 31 -2798461253700920966
86 32 -2395583862477880970
86 33 -5676578408918957322
86 34 7985902637664248163
86 35 -3423032930558098726
86 36 1596539899108108247
86 37 7756921163805496241
86 38 6823424646431204294
86 39 -9193046102539326399
86 40 882910642264032597
86 41 -8934371799909887320
86 42 -2633307767624629926
86 43 -788698038441158751
86 44 7913510043636653488
86 45 -2933265662587065539
86 46 8798093296274310349
86 47 -7882635944581397271
86 48 -6223262149427909620
86 49 6514355809222399736
86 50 1073657654869470511
86 51 -3388955182187361292
86 52 5501685431746780002
86 53 -6029774413853793828
86 54 -4361933318223900140
86 55 -5180181784336331656
86 56 -2525829093666332412
86 57 2985318077053594629
86 58 -963878724774582349
86 59 -299462838888582134
86 60 -5979698906790308199
86 61 5271472360163912724
86 62 -5757856393626891630
86 63 5505515708989401030
86 64 2284785158346336070
86 65 6178464084237152397
86 66 2006598619509073265
86 67 -4824576434381329
86 68 -2655639945796990005
86 69 -6444794247755674107
86 70 -7712330155281285546
86 71 -8794090882803088991
86 72 2861767264265329383
86 73 6702782745350143606
86 74 -2602087740792271153
86 75 -5068547175775768847
86 76 -124230901683662656
86 77 -6945257435225185249
86 78 1958021771197406982
86 79 -7511041627300857258
86 80 3189277159236187292
86 81 5093045234192991273
86 82 -8659327280331112101
86 83 3622827702114225467
86 84 4507657993434842158
86 85 -8724050495893488689
86 86 -3070462393793431564
86 87 344214351140116461
86 88 3948320858772807148
86 89 5241793540284383046
86 90 4047292381801082192
86 91 -5869002373406929242
86 92 -1619860394103924956
86 93 2856176366315859857
86 94 5352319485257071360
86 95 -4066530969922729447
86 96 -7551753041331493827
86 97 -3090315126267760270
86 98 -284709089525027597
86 99 974816280858052848
86 100 2372841181961073773
86 101 1837518871064266794
86 102 711534764760989514
86 103 5227673433878949164
86 104 -3775328916969490119
86 105 4985224206224122586
86 106 -4116274627772738446
86 107 -619137751575389437
86 108 7607531154413033401
86 109 -4029795798086515875
86 110 -3760190794242993271
86 111 1422051169763244966
86 112 9137346651637812657
86 113 -8310801776848600176
86 114 -804386331163829771
86 115 4274334325210934116
86 116 -2246711454441795056
86 117 -2014278773072181844
86 118 -6596165862203898945
86 119 1792071056661949484
86 120 -8021973505026311426
86 121 -5744446416146990338
86 122 -1957375478721301892
86 123 -7866445663538222543
86 124 7471061133143234604
86 125 1673114029616119011
86 126 6772594755490686081
86 127 -8314805672442205267
86 128 -6762987530260843843
86 129 3389539019727900643
86 130 7372280623327374955
86 131 -9100554115804773601
86 132 -4009513948506862968
86 133 7294452403872561169
86 134 2447741820792720214
86 135 -5582127627549300058
86 136 273402997821989571
86 137 -3686064208375155297
86 138 6829962082722985303
86 139 -760211021360241222
86 140 2669209599570931277
86 141 2370448059185879710
86 142 3570327346919411329
86 143 1200816592908335149
86 144 1934953793760453048
86 145 -5731436100208337128
86 146 2084884666179032084
86 147 -7149214583340956872
86 148 -3388470751762703216
86 149 -7856874974281606866
86 150 -7416629030087795666
86 151 6736047407061954515
86 152 -4772273788949936388
86 153 937932320216446163
86 154 -3431340644144115311
86 155 8506263379502459113
86 156 2452792381853819641
86 157 8681166350416115733
86 158 3269961028231637021
86 159 6415167563821159501
86 160 3720080090491644698
86 161 -551250351404848103
86 162 1482929152507601683
86 163 1650836286338298589
86 164 -7529628787513416777
86 165 3152959799056658242
86 166 -3939838845318857137
86 167 -9172930569963919507
86 168 2157924479029805373
86 169 71626127020291405
86 170 8529323797627522916
86 171 1622423791479539085
86 172 2309453205132481839
86 173 -4752422187602149861
86 174 -5034760266636832223
86 175 -7360841654757684561
86 176 -4025314815529337173
86 177 8662083933720014463
86 178 8336362144928456425
86 179 8636911389788473279
86 180 2701383685676816316
86 181 -3256717876005253485
86 182 -7979524949775428715
86 183 4576947412994194840
86 184 3094881182987395318
86 185 -5174173162452597784
86 186 5539907452103826638
86 187 2592872671505429469
86 188 -977093563712277270
86 189 -7498611157587488058
86 190 5179073913193047468
86 191 -8647324739084757994
86 192 -5920984606895191680
86 193 -2939235784018939531
86 194 -2736400261033265309
86 195 -8766331746792779642
86 196 7157805130174766245
86 197 837916429828522361
86 198 2219602993214270863
86 199 1197514474457114905
87 0 -524991799586943077
87 1 5835678751267507606
87 2 6180918914759241231
87 3 -4037571795217338408
87 4 -1381189694731469696
87 5 -4255920086972511496
87 6 2095635089359915341
87 7 -4830844100305708919
87 8 -8748443518536397840
87 9 -5243561264874822069
87 10 -159633118076061364
87 11 -2339916768588018031
87 12 -6651338672229053173
87 13 -6867011759487617807
87 14 7674310709374482700
87 15 -282173630356191116
87 16 -4484179864293864282
87 17 -2446401639734620031
87 18 -4823048896702480186
87 19 -8156065772600428011
87 20 -69923211903078890
87 21 -6381776994969598951
87 22 -7493587745827470108
87 23 -5380175576164811596
87 24 -2209981629460788670
87 25 5321739346675973443
87 26 5660623014591063108
87 27 353029848779285902
87 28 -5455758362268406901
87 29 -5969563585143858985
87 30 6935040767356167480
87 31 6368114348630689002
87 32 -8689911616431349298
87 33 -8494366943831543512
87 34 -1829273632540380379
87 35 -65567298852534685
87 36 7998182459372471809
87 37 502512664698456727
87 38 5822389464889133798
87 39 4881793504633583462
87 40 -1777534764462344729
87 41 -1381693262745635488
87 42 -6401831498579570354
87 43 3810818794709956855
87 44 3021153625877693680
87 45 -1657875521250879883
87 46 -5305077209857410741
87 47 -8177411283688146354
87 48 -5322949135430867478
87 49 -1471615709815454271
87 50 -8013973836748342630
87 51 -7970950494696859642
87 52 -4733019705391484408
87 53 1728344927600527217
87 54 3776981620539268372
87 55 -6863008688930462783
87 56 7871751598400980048
87 57 6695441245033025719
87 58 4485746776967581055
87 59 -5408944186348471251
87 60 -520737963680240324
87 61 8980392351168292761
87 62 -1212918925100195080
87 63 -5319738216247111009
87 64 -5957567373870407758
87 65 -6739380265133430733
87 66 2105192962755731064
87 67 7785563314242063021
87 68 5169674028991801075
87 69 -5450842627055402391
87 70 7117048163777917766
87 71 4452969798083228892
87 72 -95141991963787472
87 73 -4468008835756189645
87 74 -6445776398653941066
87 75 4413318926941117982
87 76 3089730624612954464
87 77 -2217250931455297659
87 78 -5964308969922269511
87 79 4589160052275148839
87 80 375024650673457298
87 81 8754993370099405816
87 82 6319905098596758778
87 83 268044604304372666
87 84 -4678619500214024480
87 85 3577989581949202380
87 86 3232645767041719649
87 87 -7873380869249297362
87 88 -4164582087729729503
87 89 7614454610312946317
87 90 -6962743025248873661
87 91 3756279550897543706
87 92 -6037306316246414370
87 93 -3809210438435759279
87 94 -7329498424806640032
87 95 -8971406560553560487
87 96 8440588834219658039
87 97 3349899245344303206
87 98 3465774722653720280
87 99 -3224882682670792289
87 100 -799596855544899331
87 101 6345810825687674620
87 102 -1646022900396054944
87 103 -2084617711462953303
87 104 -1362163547974025772
87 105 -5039505432773469072
87 106 -5238127924442302701
87 107 933906162669042605
87 108 -5769551037968225483
87 109 1869177323846519364
87 110 -3126717289275283075
87 111 -4839675490558716504
87 112 -7706197734441622825
87 113 2816950759205749457
87 114 3128647677019467318
87 115 3336649193608943366
87 116 -8462186488771189287
87 117 -468945602687918232
87 118 944890798672494707
87 119 8943828105593820176
87 120 -416111225287104424
87 121 -7213033037651994647
87 122 -2002392506250907588
87 123 1145572144823677770
87 124 -3160775446601977136
87 125 5421866970477975187
87 126 -2144295092135725528
87 127 8135196581223387096
87 128 814444758630677021
87 129 -3076095579053009180
87 130 3788748549497022483
87 131 -2280306214607378724
87 132 3440100555985469770
87 133 4580320435669415301
87 134 5682151656672242332
87 135 5742566191361315259
87 136 5481947292328168078
87 137 490582304816693192
87 138 -221830405245840714
87 139 -2242105487937750509
87 140 5805295137784641380
87 141 4103370963475991429
87 142 7893786592881284431
87 143 4906001294432649121
87 144 4952403685781332229
87 145 2243043680530505901
87 146 8578099901609931471
87 147 8880889038669992465
87 148 -1450580826120114073
87 149 5231311463747013031
87 150 -7470111027038945269
87 151 7072295614861896839
87 152 -2099282487159430449
87 153 4677180125310442415
87 154 -6682390055408631451
87 155 152628134596854558
87 156 -4033158398584726209
87 157 -957863999412484691
87 158 -2106199720616139025
87 159 -8051658919750938547
87 160 239067042597488344
87 161 -4312509957163765025
87 162 8638185507936278429
87 163 -3085422548364209362
87 164 9190546016173359738
87 165 4759476678310234270
87 166 7412160535701689542
87 167 -5350852420847088961
87 168 2757863500301706040
87 169 -4838299566818682303
87 170 4390456207063863847
87 171 5284235175106835179
87 172 -8422497118894135416
87 173 -5218315636306851821
87 174 -3240007148963965007
87 175 919479128248221946
87 176 -8858847167145587236
87 177 -2958201649424713865
87 178 -2545261866470616389
87 179 5549662426096222230
87 180 -5840830400633377520
87 181 -8901529112245437397
87 182 -3037208918714397492
87 183 1782794172124346072
87 184 -5503366834141965973
87 185 6784676906756823568
87 186 5315204473900096410
87 187 -2554731611499921055
87 188 8151554173266884117
87 189 8665178616404045279
87 190 -3954137905663999811
87 191 -2641611720803817953
87 192 -573162238192804935
87 193 -4941497221356226884
87 194 2978320516226388922
87 195 6239605856587921629
87 196 -8501797415525164208
87 197 -2163967765480026457
87 198 -2194874040065901511
87 199 -1640288632545908099
88 0 4180099123922660921
88 1 -6670931010359813585
88 2 -5578880759312034478
88 3 9055635513787774853
88 4 -2124349476549846160
88 5 -1722300169335228469
88 6 -6753485132276362711
88 7 2248857661125849211
88 8 2435802579379820309
88 9 -430158562508419405
88 10 -2435173434385695743
88 11 -5098594508990184273
88 12 -1889794629576771588
88 13 1021252833663567770
88 14 -4937222966278709996
88 15 -8156672423446692319
88 16 -7716944997101352132
88 17 3557660833007095437
88 18 -3620866890936057825
88 19 6482285802066461143
88 20 -4007007542655915235
88 21 2798016488795202735
88 22 -7010468580365712301
88 23 -5850805905142416908
88 24 6992807504820797163
88 25 -2772819615673811769
88 26 -6580952325884590913
88 27 1062661382919976269
88 28 -6488667371711581966
88 29 622385188314612652
88 30 -7390993932087020786
88 31 2151376260823531699
88 32 3375652837375504873
88 33 5750792099645382650
88 34 5211887103544962658
88 35 -4498500146138025860
88 36 804501637391545115
88 37 -155989160394799654
88 38 5382986826377508494
88 39 7493700955887138986
88 40 2614437990687211406
88 41 -977619231446374620
88 42 872043714425327755
88 43 -2967983880149942655
88 44 -8989370167085117898
88 45 -6874012021532249323
88 46 -4660695425919469485
88 47 -2011569429771322704
88 48 5135367691212196638
88 49 -8127232784990671724
88 50 2616557892542390706
88 51 9025924000256173189
88 52 -785323079938183408
88 53 -3118544594182044449
88 54 3468122742324262580
88 55 5479464560205774389
88 56 -9184251824897095082
88 57 4093907135774810864
88 58 7388169921303076604
88 59 1901832543638818862
88 60 4525751350451005275
88 61 8821736663036117305
88 62 -2925899994571797101
88 63 5314648734934287008
88 64 -1866239523166746530
88 65 -9015476832423463246
88 66 -4456763960156064136
88 67 -6635519656858045217
88 68 8067208489955480581
88 69 -8395288295852752629
88 70 -3777552834920191472
88 71 -6692785918973557121
88 72 -2792180286307883678
88 73 1408361109937222990
88 74 -2131700013060009520
88 75 7982455056384514462
88 76 -696284682772322165
88 77 -4725675030640156357
88 78 -9137948292284541560
88 79 6501234880549023029
88 80 -2299077537125790210
88 81 -1325089381135023575
88 82 1042777336424476196
88 83 -5683016708075629570
88 84 -4089639696814357330
88 85 8531243343711643434
88 86 -6417461884484948545
88 87 531042225885954773
88 88 4459994964667962435
88 89 -4425530011466210199
88 90 -2283291573980747174
88 91 5073491085474602764
88 92 -3922031505585631369
88 93 -2243007471617870735
88 94 882631736522362662
88 95 -7908446299533587136
88 96 5686919057956056131
88 97 -8145800987468661468
88 98 -8888829447963153637
88 99 3759650185009660678
88 100 -769266865257077447
88 101 7120112685803445469
88 102 6531221988408854292
88 103 4741909231422155934
88 104 1326013335307619097
88 105 7516361864239065347
88 106 -5389553034773302954
88 107 -7209184663184183477
88 108 -1278902327648312205
88 109 1331989889721720817
88 110 5722700257751951642
88 111 -7105992888277326935
88 112 630091997074682531
88 113 -2601672811417894869
88 114 -6118098890590807260
88 115 7844632828792191405
88 116 -8937238938414018549
88 117 -1582104649342321730
88 118 -1352462025904759150
88 119 -9116373816259449288
88 120 7092856995419727358
88 121 71913603911063122
88 122 -6174562643677521318
88 123 -7871497821696854928
88 124 1979514745722299114
88 125 -2418785507752759873
88 126 7241151153629815110
88 127 -5329482285782057808
88 128 -7404081164819458044
88 129 7192753968055188756
88 130 6016958346997282955
88 131 3618033219059076757
88 132 -4353695517363824354
88 133 -1358505969222795538
88 134 3100187274120925460
88 135 -8428159298673511563
88 136 262139255008477743
88 137 4570083381386393614
88 138 -7248180549798824535
88 139 3795055210329425111
88 140 -9112596895804361329
88 141 7265261095252618069
88 142 -6021401272293734815
88 143 2000432895679593788
88 144 -8048258375133089594
88 145 2499466777892447606
88 146 6904834127047474031
88 147 -1399831905544143983
88 148 -7032898444519261881
88 149 -6601475814607919464
88 150 8740852928319628752
88 151 4313763140026996664
88 152 7091763254022108842
88 153 755842335200232138
88 154 -918399144560942410
88 155 7015932613030265263
88 156 -1150832088094646826
88 157 2318709122315821519
88 158 -3141267281072593443
88 159 -8644872346772450120
88 160 -8711124623842254371
88 161 4968279422581717851
88 162 1825807297549412511
88 163 -3782871738500472283
88 164 -7291105807727877350
88 165 -7017815301534864917
88 166 1107173053021386317
88 167 -7438127343521519971
88 168 -8022263713091586845
88 169 -7014236941088047118
88 170 -8925457633302052199
88 171 -1200131346561288865
88 172 -7099788576317755057
88 173 3561686018744576764
88 174 430236931905826474
88 175 2927387827047226288
88 176 7465604654253004364
88 177 -8273986408846273572
88 178 1997794996597051553
88 179 -2564037238709495632
88 180 -4526604234455779692
88 181 -2255402233135339669
88 182 312926014755053867
88 183 3319420468065015420
88 184 7064372964264470562
88 185 8967094249443152626
88 186 -1705945979884625514
88 187 -1390899668415759414
88 188 -3770884300227333118
88 189 1684833690774698831
88 190 102879865759574021
88 191 1342896779215104691
88 192 6219545747359992630
88 193 -2259381966273084832
88 194 -5227035379618145343
88 195 -5503525609536521322
88 196 3647893512458338543
88 197 -8565651427726736598
88 198 -3744972134475747883
88 199 4652809467392912328
89 0 -8267074554458026938
89 1 -4791612826480337324
89 2 -3105198550232391521
89 3 -4926953078584413705
89 4 -7294134090495454051
89 5 -2438145365355003988
89 6 -1467101564182744264
89 7 -1883295759181091868
89 8 -8391046987345657970
89 9 -5647174337326258021
89 10 -7695515853386898547
89 11 -4488881623261501291
89 12 2690756092005086762
89 13 -8681516426698044507
89 14 -6062910381726765132
89 15 -6905256896395732716
89 16 -8962858540127187280
89 17 2714003578911862863
89 18 7431717572984040106
89 19 9090371080283780194
89 20 98549817387623341
89 21 -5105324368770205862
89 22 3091603718032400039
89 23 -5254721740785827350
89 24 2818941748985846610
89 25 8587803387502077988
89 26 -8039199512170356361
89 27 5431106097403823393
89 28 -8761269494104128978
89 29 286474161407986549
89 30 9099304977444165994
89 31 9034389020475649427
89 32 8698683214113972846
89 33 -8457461444405805752
89 34 4197853996328421264
89 35 301809157631286814
89 36 -8739345272669690408
89 37 8620733648907991456
89 38 -1537058794138733717
89 39 7047040399566324178
89 40 2808641450918928769
89 41 3604787069124657256
89 42 -3849923073928367577
89 43 2274213085145375157
89 44 -4886921110068285302
89 45 3589326334146316083
89 46 3088691016612064612
89 47 -8000543518278898
89 48 -8172482850979447286
89 49 6438479604470914988
89 50 4367882977478856636
89 51 6645983017702200981
89 52 3815705762070205400
89 53 -3426056141371808045
89 54 -8046072836938066724
89 55 -7773457017607341019
89 56 -5052849719581599687
89 57 -6421317733042675936
89 58 4545316734032319256
89 59 3983507183199550868
89 60 -1574817274610564875
89 61 -5578562492500840367
89 62 -7977914895870324392
89 63 1515385215574101687
89 64 -7298059649976521929
89 65 -7439526858167778726
89 66 4570640584058913644
89 67 -8151373669354453605
89 68 -7516659534247381868
89 69 -7415031799565904208
89 70 -3371710702990435707
89 71 4334858760514667734
89 72 -6161351322063297287
89 73 -1622873192922314986
89 74 -8261818719404052933
89 75 -113534826686398205
89 76 615306656028205699
89 77 4378336604700658720
89 78 9158721890394188445
89 79 4092666840407218964
89 80 3538011832442767303
89 81 -6974159025949054081
89 82 5743285438915275952
89 83 1349033285357970338
89 84 -3522919734887023818
89 85 8350470611266456185
89 86 4874870113095522810
89 87 3027883848479896220
89 88 6927664154585519238
89 89 5489838842000772634
89 90 -2278596496136392783
89 91 -2057677444505545095
89 92 4804508879269411508
89 93 6511345594600384729
89 94 1126388441736336810
89 95 -4818112868674513230
89 96 -1614525781436414872
89 97 301132513814397981
89 98 4648874922531344944
89 99 -6552917000454201072
89 100 813092077517186878
89 101 -5673156727077622264
89 102 3303545196441733858
89 103 -5725149818220814255
89 104 8203170945332661567
89 105 -2592670054431305877
89 106 -8598585921559873459
89 107 3864147221302938256
89 108 -1402268227424006348
89 109 3710206176466075440
89 110 -7273123465680927642
89 111 481858781285423985
89 112 -7141449897461327851
89 113 4301345655234430304
89 114 -1930073695658827645
89 115 -2074932327554297357
89 116 -3555580044076196834
89 117 4500309430935043405
89 118 -6894965295872269579
89 119 376731636167752000
89 120 603812271641744223
89 121 -638526370753451833
89 122 6250024515556536039
89 123 -324498162685194333
89 124 8770535905967920568
89 125 6135346944125339792
89 126 -2110966039076292892
89 127 -3962657662549515826
89 128 573647682133993902
89 129 -815868573336294944
89 130 5146782085877466222
89 131 1572171338737616115
89 132 7622933160206832821
89 133 5175516234294185768
89 134 -4587856724344319718
89 135 2095463034628816994
89 136 -1697601328975686125
89 137 -4843305304877896359
89 138 -1042941687440858099
89 139 8536085990101364338
89 140 883648794589903685
89 141 2099948571562585790
89 142 5607680917087638483
89 143 1915431506370899425
89 144 3692733767871628976
89 145 9021003249866856943
89 146 -2395792879198033042
89 147 2633889963744483940
89 148 -5418540489898218274
89 149 -7432550514495881485
89 150 -3532089466037569322
89 151 -4596576729246504157
89 152 -994331593006514266
89 153 5879883722214801727
89 154 5270726773724179368
89 155 -4468488491132137543
89 156 -6083005465999190590
89 157 -3790851968217050398
89 158 -3763284531814888984
89 159 -9123891254489679139
89 160 2436779286215493285
89 161 4780019156118498167
89 162 -7418314025864844639
89 163 3449529804013801422
89 164 -6896715529288903326
89 165 7545292893439162691
89 166 -2543756593143257518
89 167 -843733050703676354
89 168 2365629778262151185
89 169 65046088892032858
89 170 8091089274123041079
89 171 1272704676036255398
89 172 -1327730660646639045
89 173 7443477948398469570
89 174 -7817033999941703517
89 175 1370123364563373189
89 176 -6682793848940182040
89 177 8072668089665041643
89 178 -427536156159129735
89 179 -3972521148120171710
89 180 5450011013931265889
89 181 -6623123008726465867
89 182 3389758399806866409
89 183 -1798377494392168725
89 184 -8182527216718245415
89 185 -5100858113606636082
89 186 3974321596509349474
89 187 -6960975605758110654
89 188 -9111759971603837604
89 189 4347667831035980371
89 190 -1078804469079474663
89 191 4250730318161304127
89 192 -6219967185681318573
89 193 654873616434216054
89 194 -8196194368672769260
89 195 4049997462196885860
89 196 3593430788184744014
89 197 -7081292476732681953
89 198 -2672081628970932998
89 199 -5245175000454635286
90 0 4825743863662835388
90 1 -7928232166255280893
90 2 -8307957309726015508
90 3 22633501266327901
90 4 7470579933849723373
90 5 945720321886809215
90 6 1586732090748020020
90 7 -8082389486732843367
90 8 1932909208598828889
90 9 6839408261939845283
90 10 -718618698230310597
90 11 -4116121331252790635
90 12 719983005348243281
90 13 -8246917621189034884
90 14 6244140680235859895
90 15 -5566096081877332678
90 16 -8934558483765496893
90 17 5636687261779951509
90 18 -3184385804749659865
90 19 -6139117433663116699
90 20 -3175220981776348800
90 21 -7240751610101060429
90 22 -6208851368020710094
90 23 4181051365068768692
90 24 613245658519714669
90 25 5076184483203719597
90 26 -6151296284192910233
90 27 5749093858775204133
90 28 2401116555002778420
90 29 3623540995172159501
90 30 2680255845182804856
90 31 -6934288454857997000
90 32 4570839729813035749
90 33 8473492169680499991
90 34 8403638965143955785
90 35 6016312077014138766
90 36 -1746163651254080892
90 37 1809116047621416658
90 38 8495478124993079322
90 39 -493268205835527242
90 40 -4641086737893033105
90 41 -7690261024962250802
90 42 5806741154822966479
90 43 6990888893361033282
90 44 -3871447599680879897
90 45 1489415298706511312
90 46 7012599054485975841
90 47 3293591840092058180
90 48 -7907550013402091718
90 49 -4521023631852655275
90 50 -6338838070933912770
90 51 -4489795836663971538
90 52 1337645239582096064
90 53 -8783463376635054812
90 54 -8406487749665014065
90 55 8048371275318708099
90 56 -4828628338552730335
90 57 48068341085917477
90 58 1381327663415853522
90 59 7708542065309773450
90 60 -842452680197022398
90 61 -4201186380489173568
90 62 7015821441386003103
90 63 544762661481040833
90 64 4749275173003714776
90 65 -1371297521414706342
90 66 -1427352713281431794
90 67 -4420855093653896230
90 68 -1249431772447467688
90 69 -2011265530421996974
90 70 2646276514798436752
90 71 -4404839600063005760
90 72 -2510956561462739276
90 73 -2808366178196792591
90 74 -2938510450232202261
90 75 3871110194925283547
90 76 5595861373266494564
90 77 7897326901004216742
90 78 3853100351438119510
90 79 -4817041937978825546
90 80 -4383167169618311883
90 81 -1609099158795333461
90 82 8590246650734788990
90 83 9127628285367496970
90 84 3784609843494151949
90 85 -72041061352135625
90 86 -1613763114003144709
90 87 6287601466019928141
90 88 -4788379120953755516
90 89 -2755414991206881369
90 90 1328612115156762216
90 91 -8464305780946569155
90 92 -7949486673079027441
90 93 5715762730759105273
90 94 6394932166136738490
90 95 -4130226004647396463
90 96 -2266341072696884443
90 97 -6971033260526100134
90 98 4566183224814286920
90 99 -2230640320630507674
90 100 1716185439490014449
90 101 -7322148057302950020
90 102 -9066336181859223494
90 103 3487728577359042359
90 104 -3149254294706239498
90 105 -7762633489019396515
90 106 -5273505037556334683
90 107 -3212886196016450461
90 108 -7194347944967684094
90 109 7945002024123999728
90 110 8391993046619460104
90 111 -4077781077432011020
90 112 -4519849413528881631
90 113 2100910185830956753
90 114 8073878797115187352
90 115 8744393946510199595
90 116 2652972932164096615
90 117 -4747163130405976650
90 118 -9144603051585941014
90 119 -7250988950211078442
90 120 7721193030633718198
90 121 1541921832491226484
90 122 8886382396247495766
90 123 -4768936411717883913
90 124 -8503603292205849569
90 125 -9067124598165063903
90 126 -4514481526707749150
90 127 -2114810310631254499
90 128 -8263713978981803435
90 129 4627310802918573430
90 130 -529204687357285348
90 131 1809319464319461253
90 132 8584837053187385460
90 133 5694913010739056089
90 134 3689901578954059362
90 135 565445356413925335
90 136 2260312633712527504
90 137 -3885001555869581901
90 138 -8432921103327101366
90 139 610207520903586751
90 140 -1499694919457681310
90 141 7034113747825459362
90 142 7870809291522266309
90 143 -4561315462366985070
90 144 12830462850130460
90 145 -3446675101516559959
90 146 -7144332186293683853
90 147 5836829264128097780
90 148 -3982033468722800349
90 149 -9026920007225758211
90 150 9068151639762562108
90 151 515199896223168726
90 152 2005646066227171308
90 153 -4658068997197739596
90 154 3036529064434961684
90 155 6327540399261309849
90 156 6403355737584786548
90 157 -9013778897221951388
90 158 2683825328335795161
90 159 3863497333437038886
90 160 8881911843570977759
90 161 -4066454118786602823
90 162 1600190046295395983
90 163 -6862881303957704474
90 164 -1176705151324010532
90 165 3583132991388535016
90 166 6189867591302057305
90 167 -5356712910114337224
90 168 1131041641862042262
90 169 4757255130282002048
90 170 3118776311521866297
90 171 -3652372977316790876
90 172 2123522505676065971
90 173 1580286972576607707
90 174 -1451213444007951406
90 175 -8635975300387230987
90 176 -2324268826129995669
90 177 -6901897689990792302
90 178 4108343260072309010
90 179 2245776175872839404
90 180 5814508691581045983
90 181 -6492823178163254526
90 182 5088946868658203531
90 183 -4516879805691903051
90 184 -3127008482077808289
90 185 -2046178567597148648
90 186 -4855632071207857899
90 187 4674021477459613827
90 188 -377822781914519639
90 189 -249220179394453414
90 190 -7296070190352652695
90 191 -2055048447573911292
90 192 2010178420663958686
90 193 -3713778261716842837
90 194 -3153289162896259536
90 195 -1239071150876338244
90 196 -1920201668911757508
90 197 3070881240172747409
90 198 6448040446505452761
90 199 6711898820594317736
91 0 4365745517731090108
91 1 8969492034227345874
91 2 5151457628404295469
91 3 -4226916722585665432
91 4 6410918402796673061
91 5 5244645517388607393
91 6 -3249573850825471683
91 7 -1732214905723139804
91 8 -9120647836291070397
91 9 6030766713874635460
91 10 -1442246850800765650
91 11 -5379354054749576076
91 12 4086065976280824728
91 13 -1317811200898421398
91 14 -4579363169896097847
91 15 454410998551141763
91 16 -3584513864606619393
91 17 -290731260564632258
91 18 -9189411105437837032
91 19 7757972007550156580
91 20 -8575930248336414855
91 21 -5942907508310069979
91 22 -6334389260488987695
91 23 1147524009117126546
91 24 9092285709037914338
91 25 -661642537488224617
91 26 3224593583676713598
91 27 -6728739329397169496
91 28 -4914670748410241922
91 29 -2598760537239169610
91 30 62204289208611988
91 31 4302102817241416247
91 32 7480405521188663360
91 33 -8848880128945358242
91 34 -7701786902337006537
91 35 -9016417443763900790
91 36 -9204080957801836954
91 37 -7496080657342761851
91 38 -6086879970421790984
91 39 812897593506075982
91 40 5335838613310274927
91 41 5591896439491143839
91 42 -3016181618088360874
91 43 4417460577450266047
91 44 -8120846835797181541
91 45 1247997290621206779
91 46 322373580458393113
91 47 7980176354354243167
91 48 4393751629205215644
91 49 4244414204226961478
91 50 -3285110017862479303
91 51 446507025572649518
91 52 -6121268275611174372
91 53 8635740541344855234
91 54 6577318163034210947
91 55 7033522924976563957
91 56 -1063702912738006110
91 57 2766772691950384546
91 58 -8703122094654974521
91 59 -6045353844852837974
91 60 -7012777805495701076
91 61 8606831313178983670
91 62 4497851394099255304
91 63 -6565028858220229424
91 64 3837453560920733314
91 65 5649684764311167452
91 66 -6279626800038372284
91 67 -8460016004302147150
91 68 -626207156449928529
91 69 848957045324773528
91 70 4735873098289644467
91 71 397693298371041497
91 72 -8072261719119565695
91 73 -1465985526678874167
91 74 2963873350693210061
91 75 4172422292242681895
91 76 -3656344842719676454
91 77 8041438780870032978
91 78 1288353196819331815
91 79 -8397363460326568580
91 80 6584632157238846756
91 81 5758965443704739910
91 82 -8895050199491106413
91 83 2248883184456217080
91 84 -2234307538242811123
91 85 2564216268776547713
91 86 8276200767963445864
91 87 -5357101351461830642
91 88 3894577794522280538
91 89 -5944763510347594332
91 90 2794725307478843775
91 91 -8567210277587246261
91 92 -7413051403402973238
91 93 -7644522175182509361
91 94 -7038826404644524415
91 95 -5974179345902754642
91 96 -1995264802788993395
91 97 -5725320876260078733
91 98 430623154466534460
91 99 5140977147841522368
91 100 8344328786267675963
91 101 6198272833274183187
91 102 -1399099459549975321
91 103 -6457152413864919179
91 104 760115756128395574
91 105 -424646277090485634
91 106 3781494720305235199
91 107 -8057840838932718286
91 108 408552695038207324
91 109 -4275761369788213317
91 110 -8236569691063663726
91 111 -8496920006063088592
91 112 5524321851766910758
91 113 -7866991520678833980
91 114 2967799150739482400
91 115 -8789030548563013660
91 116 -7355440705178197506
91 117 -4005775165716357832
91 118 -1141357370370582199
91 119 -5339228545670315946
91 120 7561908228448526025
91 121 -3132866836761600762
91 122 2567558471565561224
91 123 -7461882943754703969
91 124 7902271955475711860
91 125 6026010549649219614
91 126 -3006021140677425873
91 127 225915661159429526
91 128 3319543852257385895
91 129 -8402766471366623660
91 130 6945755527087680586
91 131 -8608010536969516381
91 132 7981229837104069846
91 133 -645074363490959106
91 134 -6472826940125279245
91 135 928815627108772002
91 136 4027142350012965472
91 137 -1886569726850589525
91 138 5925777720197003172
91 139 -5420014403768595994
91 140 6876991412900536245
91 141 4125792072824914949
91 142 -8669392544119994803
91 143 6566934469740143741
91 144 2130578206270097865
91 145 -8024868104415735594
91 146 946671936919487491
91 147 4978428459874155881
91 148 4544982699737746476
91 149 7791243276189027614
91 150 4002035811861547576
91 151 5146387604606463960
91 152 2806523573850939852
91 153 -8628821197803795312
91 154 -159527939886199865
91 155 3748198502738796305
91 156 -7911122311243115208
91 157 -3148815725382708691
91 158 8715828345790214839
91 159 -914339649500586588
91 160 7529149268556589300
91 161 3559855790724230889
91 162 -5420882388244868332
91 163 -6874651002959855230
91 164 -471868877282494537
91 165 5123072938904218092
91 166 1640798895746517332
91 167 106702135201043726
91 168 6888517054043917757
91 169 -8854503669573675496
91 170 7743154357896367397
91 171 9008541700097602176
91 172 -4795314741775094843
91 173 -3714233453817796292
91 174 -1798164272025750177
91 175 7679581759974848513
91 176 -7731741702437536862
91 177 -8270044189094852336
91 178 9124975893982952908
91 179 3777596057915078856
91 180 2024793001817730045
91 181 -7590001306460547555
91 182 2703339069851307817
91 183 4481693530953338739
91 184 -8402916027641690869
91 185 -4092957856406581753
91 186 -4090512276580517399
91 187 1207636492492685055
91 188 2015346061127584723
91 189 4104129820189606010
91 190 2631448773686222311
91 191 -2628648378354159738
91 192 5756066150863357164
91 193 -7194155001889210826
91 194 -4053845252882006747
91 195 -166492226472473143
91 196 63630761484992184
91 197 7565221026980931804
91 198 -2621199927801323304
91 199 2568282259835916270
92 0 4494794645578739394
92 1 -5987158857193436133
92 2 -6017692198499074328
92 3 -4033874424748792796
92 4 1536408115235618646
92 5 2615641580647814083
92 6 -6502770924663576130
92 7 -4944546476834131892
92 8 2494300148680201836
92 9 1616644053096385442
92 10 336271769771809286
92 11 -7251131013303612893
92 12 5805197632754692614
92 13 7929918821216708344
92 14 1806914313856030601
92 15 -7765920234351893480
92 16 7355301419350677862
92 17 7519805202384315745
92 18 -2901059354754194157
92 19 8470565935717616121
92 20 5984320635652802203
92 21 1889414754248730375
92 22 -447716336894584104
92 23 382581712530652710
92 24 -2738226787247343785
92 25 -7087610247233912543
92 26 -4145501036662746624
92 27 526824197410918104
92 28 -1590932489835792569
92 29 1945681993748719046
92 30 6923998831760038672
92 31 -2906437884306126599
92 32 4591006040353871076
92 33 8613957118142421245
92 34 1045776769927895712
92 35 7033716825239446750
92 36 -6729517636656255002
92 37 -6009165934660446853
92 38 281419362213440941
92 39 3846005629579309614
92 40 1786501683419579410
92 41 7906878917231753391
92 42 -6569710322988443923
92 43 -4117068205014520062
92 44 286900232004593464
92 45 477874328977262201
92 46 4089577194282490828
92 47 -5882332208443606271
92 48 7732138827384506251
92 49 -6750689756736104164
92 50 8382040941228476017
92 51 8388597429161115460
92 52 6122243034113582625
92 53 -4927945664208425284
92 54 3452381307758660300
92 55 -1157810466975990091
92 56 -8544840289544147060
92 57 296265585637711861
92 58 2159552783458939119
92 59 -1541792864236027264
92 60 6580885928296397776
92 61 -4333434564683036045
92 62 -605348745470722702
92 63 -130412339265020555
92 64 -526767486952230882
92 65 -1610708652041743484
92 66 -8202660856638941738
92 67 -2398569379513522214
92 68 6506993385919656864
92 69 7740135174972663685
92 70 2591115537160253056
92 71 2741084871355340525
92 72 -4304439283781878826
92 73 5294243948225294595
92 74 1322722544480241575
92 75 5317400780160897828
92 76 -4305971057186999666
92 77 1815374665479801195
92 78 8694237310673023744
92 79 8520546167087434646
92 80 5723112202499228895
92 81 615330407355149754
92 82 503442794304051553
92 83 5341877282615684999
92 84 5182328373917655093
92 85 986035308713209683
92 86 -9221437622288535880
92 87 -7957000875005160812
92 88 375728825599123898
92 89 3989445166295910015
92 90 -7773966104705827708
92 91 -7644224319947276378
92 92 -8144322614673529620
92 93 6426062210568005817
92 94 2559835075937501193
92 95 5579225940333627820
92 96 8984317139070318869
92 97 2965124163160908544
92 98 -3925651509260918055
92 99 -781141411451600593
92 100 3249316667557890258
92 101 6363611309786094813
92 102 -8485457527809533432
92 103 -2089009353627498735
92 104 -1390311597857214034
92 105 8535019136452898351
92 106 5390183080898169167
92 107 -309916234754081908
92 108 -6813409497010375405
92 109 8553653228514400686
92 110 -2853066972958312014
92 111 -7969134577862995996
92 112 111254581626606098
92 113 7977619758272096911
92 114 6444153628255910049
92 115 -7995014478191000347
92 116 -111404379571066330
92 117 -1681051679528553897
92 118 -7764019528995901270
92 119 -3017435746484963912
92 120 -6407982609323655222
92 121 5422155422483193567
92 122 3989148288658160548
92 123 -5879257482396145698
92 124 -383273187624244555
92 125 746902732453019555
92 126 -8770364442532644913
92 127 1182338789917175141
92 128 5340026063807361553
92 129 -6469963751193307906
92 130 -7875809679607974352
92 131 4991682793277859740
92 132 -5709805917640578652
92 133 -435395527749396505
92 134 8497526947868815701
92 135 -2288802000460828025
92 136 -7140211172971043680
92 137 5430859045491294039
92 138 -9061591454332074819
92 139 8307548228451560061
92 140 7642757144435680224
92 141 -8418262714268861397
92 142 -6776278816066648396
92 143 7058704803189476916
92 144 -1951769580384286076
92 145 -7829562042493187618
92 146 -8978298674782686256
92 147 6276998727039752257
92 148 162746693202788058
92 149 126532800896176462
92 150 3268500923339199504
92 151 -1849999589524804034
92 152 5053139987367688054
92 153 5850678520058534905
92 154 -8572372803337464569
92 155 -8044838818761845229
92 156 461551636587305249
92 157 -6902221800880677116
92 158 1805597099853963780
92 159 -2912179137453896866
92 160 1036248793857862454
92 161 -2937331630336014763
92 162 1914832106301118280
92 163 -3341286759393252129
92 164 4100451678725771305
92 165 -4753309246453991082
92 166 4586692989246167023
92 167 -8125277335034257878
92 168 -6221810506325221958
92 169 -387563367362807300
92 170 -6098032429297724333
92 171 -3042781217810749674
92 172 755038623828448683
92 173 2111422908349735608
92 174 9065253678913831446
92 175 -1019113105045118309
92 176 -22750325262165388
92 177 3546072646120221416
92 178 8489835399834513267
92 179 -4589524712837996166
92 180 -1788826785880365360
92 181 -6700086530072648868
92 182 -1763713908285032789
92 183 3357770077612774200
92 184 -4963123289561834934
92 185 4002633009182217977
92 186 -1547066074013072124
92 187 -6937342093762739103
92 188 1008375173219370556
92 189 7158320074721847678
92 190 3014564395072227636
92 191 -3483202016218559048
92 192 1416873774665720189
92 193 4116397267575123238
92 194 9092634349349481679
92 195 -2327721425757603769
92 196 -5871922842024889112
92 197 8651881687828683778
92 198 -575186431750217275
92 199 -6333583715848375084
93 0 3514091772897840034
93 1 -7054221355294487645
93 2 8595531416008594973
93 3 -7268424836233392605
93 4 3178657046291142466
93 5 1821551626830993173
93 6 159266502326064030
93 7 2352811544452301896
93 8 1417332213314295068
93 9 -7336108832139022489
93 10 -7489554364195970972
93 11 -3187030452531072470
93 12 -8654330966799391224
93 13 -1500315634360556611
93 14 4661748890407406196
93 15 5362020921775561248
93 16 -5986931224502724759
93 17 5329825348293545871
93 18 158688139523139090
93 19 1167603419333023852
93 20 8871265309601067627
93 21 1455091497619353947
93 22 -4303519802611742262
93 23 -1237202824225251017
93 24 -644611272649704999
93 25 419477412506637677
93 26 -1942975326092129712
93 27 -8092049290538326210
93 28 1094278056380191553
93 29 -4222113266246124952
93 30 429412112249954544
93 31 -2623725029979314345
93 32 -5164760177647763221
93 33 6064731778048961959
93 34 -1057962411219285829
93 35 -9212462402391495897
93 36 5223445040235911111
93 37 -154401008302909223
93 38 2311890638295104686
93 39 -5446824824332211756
93 40 2894015125278975062
93 41 3306252549162530300
93 42 7700695910795578159
93 43 8032186931904407948
93 44 -5455385334523780366
93 45 -1679529562494377786
93 46 2965208829603211908
93 47 8720671416249936498
93 48 5512754653594440460
93 49 -3029533467210519300
93 50 9157982750840322279
93 51 4446360078834919682
93 52 -5472599559196499433
93 53 3848319353825041626
93 54 -8314479197640159723
93 55 -1314453478267188000
93 56 -1213717336597104736
93 57 5789113782926438125
93 58 -1848610577228072972
93 59 5526081773168150930
93 60 3768504704280118341
93 61 -1117228509435194360
93 62 -4746275785653466589
93 63 1061769829976847163
93 64 -4081018823622952089
93 65 8468930810276119659
93 66 3254244335542054217
93 67 -5018519142901712005
93 68 4534200108279081511
93 69 -3420043426946904601
93 70 -8933204278572870948
93 71 -5098277452674432786
93 72 -1201544794915013684
93 73 -6687004360079606298
93 74 -2653068055972983388
93 75 -1528300941297698002
93 76 3698672439392242528
93 77 -4965589240407197451
93 78 5324343045349495093
93 79 7898593006154291016
93 80 -1823929921174866623
93 81 -4961237251128142757
93 82 -5157684094860569502
93 83 -3526929699560981162
93 84 4900596359211121452
93 85 -1028354388298666124
93 86 2412236458079721675
93 87 -1884342210243450895
93 88 7742426716826891707
93 89 1181562331575300141
93 90 3672960406601360586
93 91 -7727446200983636922
93 92 -4240349493252411055
93 93 1429894903014952182
93 94 -3694898180313036151
93 95 -8564832158483573536
93 96 1575650670341078906
93 97 1569870541973516417
93 98 -888606681245790054
93 99 -6470738665621066719
93 100 -155623670079895012
93 101 -2016744693839568650
93 102 3277419639619057343
93 103 1038583337055538415
93 104 4158643198772475355
93 105 -3367040508349968580
93 106 1619095308329813203
93 107 2109023108126870098
93 108 3542245525420923440
93 109 -4888796754128128995
93 110 -8383480478470174321
93 111 5288039133620631496
93 112 6151343507390103073
93 113 5806233577282209773
93 114 -2709756504195570759
93 115 7012024678124090149
93 116 5213189093626871882
93 117 3909151794903892817
93 118 724376018400879909
93 119 454874006327609000
93 120 -1547465169109220809
93 121 -3882856999523276668
93 122 -3000451174064008261
93 123 -275529341344273363
93 124 2957428886602157373
93 125 7671152784497655628
93 126 -8959361772387854039
93 127 -2038738551631875217
93 128 2062221645786226329
93 129 1113692502569360876
93 130 -7908888483502249352
93 131 -6896457971739442837
93 132 3613062248329221438
93 133 -6481754696356268684
93 134 -1771964259332474554
93 135 -3873864685205362625
93 136 8006043832960440458
93 137 -1459376940851403010
93 138 2805230428754227855
93 139 -7883007590475772315
93 140 -1499560103887683102
93 141 2352335044450163755
93 142 -453708210298210111
93 143 -1103853786780753934
93 144 3133159381721251992
93 145 2074321526631373244
93 146 6023977064749389104
93 147 6467641338749287009
93 148 -8432093053692215820
93 149 -51879599639441432
93 150 -9130712880416620079
93 151 -6276741779155484322
93 152 8977970800611344495
93 153 -1306119207966899499
93 154 4474401647522234192
93 155 5461926733167617507
93 156 -2397253016084151360
93 157 3552223491742398826
93 158 -6444134606154383181
93 159 4958035590103279270
93 160 -422837007638475916
93 161 322775407442839731
93 162 -6256995423849610538
93 163 998372850562226654
93 164 -6244007183445288600
93 165 -574984088061569534
93 166 -1734962048804932548
93 167 -719467803377536471
93 168 -8860363423216927870
93 169 4963482740851540258
93 170 1823683315349026353
93 171 5765021851511727621
93 172 -8923355549991967016
93 173 3094855242661544778
93 174 5748806457904239316
93 175 -5140439202205038714
93 176 -1839214412165210127
93 177 -3626884408001820463
93 178 999443151660026393
93 179 2408535287632975149
93 180 -915402869808345613
93 181 442313630277801105
93 182 -4893900096792796841
93 183 7299960867193216016
93 184 414606847698876346
93 185 5316965379878600100
93 186 -4926149508254442515
93 187 7710001248073877422
93 188 275443208511163507
93 189 -4618604778511360357
93 190 6109735151419577702
93 191 1767565903560179699
93 192 -7064458732372663666
93 193 -7582263963515593328
93 194 -3764474981684137667
93 195 7628539480984511450
93 196 -8988927494123016414
93 197 -2115703624127489712
93 198 5592444597959039759
93 199 8928335966985476301
94 0 8302944283038844242
94 1 1320484052443789394
94 2 -8060313651716481557
94 3 -9215254953452735079
94 4 2316537714146422859
94 5 -8413901769001037247
94 6 2944809140289776625
94 7 766323249418544500
94 8 -6746567198844866429
94 9 1694655225043574118
94 10 8927500995318891209
94 11 -3716858935733675548
94 12 -8990073895336828544
94 13 4818807560784933817
94 14 -6171290855298063815
94 15 983582013504647113
94 16 5686703587956984167
94 17 -5804184474095657683
94 18 -3043740870497967497
94 19 3420640219788725490
94 20 -6581068127844855332
94 21 -2223652487897988069
94 22 -8880594774938625485
94 23 552906322103725088
94 24 6605885557668466898
94 25 -1328301283596324667
94 26 -4017581568996391084
94 27 2222680776099054524
94 28 -6833542834958931345
94 29 139488521083866692
94 30 1621240605425606701
94 31 6556826898591640580
94 32 -7566795097050157186
94 33 -5915085080635135067
94 34 -4909353882122659707
94 35 5116142381928023475
94 36 1048965243002284559
94 37 -326489882073134266
94 38 1918108899866097753
94 39 3967308212438340787
94 40 -8683656492614778984
94 41 -630416273387142467
94 42 -6780261895069198965
94 43 7917146754012998112
94 44 -1829750005329401605
94 45 3810062891244369520
94 46 8369085844327988603
94 47 -2622076239608704724
94 48 -1817175809297047967
94 49 -8794068426690182856
94 50 -7546711299173065799
94 51 -4717235028487899813
94 52 -7060580526715942696
94 53 3343600067101009382
94 54 370206478321575903
94 55 -8698635007035461571
94 56 -4861608773227268443
94 57 -5544510649038012767
94 58 100016083931129122
94 59 4606299899810531085
94 60 -5894474775454689274
94 61 -509546520477951979
94 62 3670872548704627321
94 63 7814793177370975571
94 64 -1162101930403609484
94 65 -1280022618261874259
94 66 -5250328179905918701
94 67 5528062686728653869
94 68 -3406937024215267477
94 69 -6392341623402373446
94 70 1264222242391844944
94 71 -198221213442427036
94 72 -6637045093701550496
94 73 2368899251695031103
94 74 7956640296646230550
94 75 -6049854524831868737
94 76 2317281611064265548
94 77 8609976102508069253
94 78 -7845989106873481126
94 79 1158020363598341089
94 80 907322035420999888
94 81 2623970331903505994
94 82 7626997809741308081
94 83 -2892182848282666351
94 84 -1161465821705986804
94 85 -6987914652020284118
94 86 2703578111837466256
94 87 -4258783381996978616
94 88 -1301374905339439165
94 89 5145434636452190135
94 90 -8716249901690722583
94 91 7606861677181117600
94 92 -461231476070061811
94 93 -3729057593936797669
94 94 518433442642802534
94 95 -6929239308412917120
94 96 -2630658607720981885
94 97 -4136460867409752714
94 98 7842305601558372810
94 99 3369457889382962813
94 100 -3706982952545487540
94 101 -6550250002709362700
94 102 -6596737872980620341
94 103 -8052575163584404401
94 104 6073606964282072776
94 105 -8498657875881113948
94 106 5269076248940732337
94 107 -9200562536433207617
94 108 -194828209635495443
94 109 -403127891667786647
94 110 -2073522128073382175
94 111 -8392660430874065933
94 112 8583205605430240530
94 113 4024602254524540383
94 114 -449557039347487511
94 115 -8067726618484314121
94 116 -8568936574937948773
94 117 -9028973463744540225
94 118 -1444487838630506727
94 119 3564427443796972684
94 120 -9176189675244362002
94 121 -2688155121502141438
94 122 -1858582013411566946
94 123 2303321314126940214
94 124 2281156238318278408
94 125 -3262844036137152412
94 126 -6133147101789691629
94 127 -1196780191321724865
94 128 6027712929466067903
94 129 7211775243482212877
94 130 -2773044942775940146
94 131 8556326633680975013
94 132 8664556687772742335
94 133 -4737098368050929629
94 134 -7334612504162894738
94 135 2680509671490902291
94 136 8710224201629559289
94 137 -3380593652935618824
94 138 8696886328771767266
94 139 -3777582069350597726
94 140 -251879872938664250
94 141 4148486617254553943
94 142 4118582602588548192
94 143 -1677123953949242860
94 144 -7314329330746756446
94 145 -2274571029845771821
94 146 -7964503862219987153
94 147 -6317618919680473173
94 148 -315337045300666654
94 149 6780435732885190628
94 150 8390289744789629159
94 151 1408014311380310860
94 152 1778431043053872685
94 153 -7456220741647295743
94 154 849153241093373022
94 155 -5721649123685025136
94 156 -7804737344675638852
94 157 9192859782087240106
94 158 2782883495817237482
94 159 1963577310984264431
94 160 2043095954413501310
94 161 -5824235069678892522
94 162 802984809574187669
94 163 6356182245270247599
94 164 -3898799525902379496
94 165 1127893998328049357
94 166 198264340422286918
94 167 -5598690928469848546
94 168 6165784711619622592
94 169 6498278838120195305
94 170 2684333940411281832
94 171 2194596594595402207
94 172 3295603894439491049
94 173 1061823545374752174
94 174 6301763754356313789
94 175 -3677641800957100412
94 176 8441958947983435299
94 177 -6744256298309875760
94 178 921347643713622764
94 179 -1637947743785382274
94 180 -2786716136994870042
94 181 -4467257454027293933
94 182 -3707097581299341792
94 183 5271096268242981381
94 184 -1086606954880194804
94 185 -4464339073334338622
94 186 1417820732921244847
94 187 5537447127444778441
94 188 -8973594666019177028
94 189 -3535716317961532302
94 190 -2927893652777706605
94 191 -9104476916859266285
94 192 -4233557609097287869
94 193 -9206660299894800826
94 194 -742516802659737501
94 195 5488652419011152016
94 196 -823777289939040678
94 197 -1742836619033658712
94 198 216894114618561191
94 199 8606572611152142690
95 0 1751231600794260848
95 1 3498975457766682500
95 2 -7303342992664484128
95 3 -6968008608073154062
95 4 8475287136891900521
95 5 2564566646307781845
95 6 -5472449003120936964
95 7 1421516183915896187
95 8 -1459104304682654173
95 9 6196000838916486400
95 10 2742886922811653587
95 11 4240968445986250785
95 12 3733360493316997039
95 13 -5848073349757379087
95 14 -7921423101142166662
95 15 -2715951403458830970
95 16 -4303722114933317864
95 17 8590970320671652833
95 18 5236054591781393755
95 19 -1463774869214356333
95 20 -4134797584246191126
95 21 -8565809162164058392
95 22 -4058715875994636696
95 23 3530205193158011504
95 24 -6863860196222712673
95 25 5266146593595141058
95 26 81804519892362046
95 27 -6696801343337467024
95 28 -7738942752350483680
95 29 -5974049639030849667
95 30 -7167138371807994223
95 31 8352852124976814641
95 32 737591267885143024
95 33 -8261432069438154784
95 34 -1242018294447504912
95 35 -916668043128800745
95 36 7433668947136288696
95 37 -2727993564701076920
95 38 -5979446672831889735
95 39 219084658234005914
95 40 9144727997122833344
95 41 8504198473068722206
95 42 -7675537485810545029
95 43 1460567275005207937
95 44 -2412775736423348664
95 45 -7744349442959077759
95 46 -1943450221482922798
95 47 -4246467272677407248
95 48 3838734663587211926
95 49 8015720175777302683
95 50 -2785631441449322781
95 51 2701136563551956014
95 52 -1017617508583118796
95 53 -5783797243468424907
95 54 8280453055954913337
95 55 -8081631343089561885
95 56 -8322086206311300373
95 57 -5670643734479707132
95 58 -855473009626714327
95 59 -1259829164422121263
95 60 -3140592201860151769
95 61 -8959921632840072806
95 62 5219144308742430736
95 63 -8573841807356490163
95 64 -1027052224554375693
95 65 5286688114978281804
95 66 -6594820617487254033
95 67 4395461944967717828
95 68 1393749003233153698
95 69 7151388687938803812
95 70 175767430188900663
95 71 -89530334160090433
95 72 2005322941321974872
95 73 -1401326028536148652
95 74 7686938499430841435
95 75 -5700273013019480387
95 76 -8958932572884055225
95 77 2177877963972332331
95 78 -2914787656873778601
95 79 -1730105243540420013
95 80 -2579805090134743925
95 81 -682581847376836352
95 82 46500420786093453
95 83 -2428161978499407446
95 84 6831836617645408587
95 85 4724820059837407357
95 86 -2466507395400517423
95 87 7208527362034832333
95 88 5948744880328822996
95 89 -292160272608897901
95 90 1354837100543427774
95 91 -1234443861435562079
95 92 2481860251232756633
95 93 8541865379092027875
95 94 -135498499378915310
95 95 -8206991748132436072
95 96 -8456535664273355504
95 97 -3383983141845554760
95 98 4795944524550323583
95 99 -9203929401398715181
95 100 705359562536970592
95 101 2085744739060433412
95 102 2044759026285690309
95 103 2185482002927773759
95 104 5341918735173010944
95 105 -2483659808852713314
95 106 6318752702196318582
95 107 6776729331774625356
95 108 -304480910127654579
95 109 418481408249094153
95 110 8880394425919727933
95 111 -6682149676768678656
95 112 2360651791444662804
95 113 -7984294685703904434
95 114 3400920774595150222
95 115 -3069911428886355721
95 116 754788367655784771
95 117 1151858036827961614
95 118 -2583917356884238392
95 119 -6963574387653658420
95 120 -7107577065569089689
95 121 -303413861310304936
95 122 -1114044584723794609
95 123 -7061597597826553164
95 124 989654778807202161
95 125 8023115348701608530
95 126 -3362338205787665528
95 127 3578628567497035945
95 128 -3829917820147020182
95 129 2505116238333883058
95 130 -7327513833468548187
95 131 5745495615580336100
95 132 -1576197499169457174
95 133 2827114504328064064
95 134 2032073523060260222
95 135 7042752238107702875
95 136 -4448488665040820597
95 137 -5275943493719713159
95 138 -3614512936004511249
95 139 9145322374776377073
95 140 -7933672736029846028
95 141 650590215989133178
95 142 -3784799230974553668
95 143 -4125178952687702582
95 144 1819565194936837457
95 145 -1132386423217169904
95 146 -4794692360062584513
95 147 -3037252185337921307
95 148 3731094654729382899
95 149 1373169646888934082
95 150 -2350561916020888586
95 151 -5295125512640303918
95 152 2857609209246533932
95 153 -8814894003248697799
95 154 7148819640918116723
95 155 2058398554899771110
95 156 9125268775908008501
95 157 438943925498575859
95 158 -2886988696089336340
95 159 -15848301220091120
95 160 -7812131638537159586
95 161 -3375653837232395657
95 162 9103289879530036570
95 163 -5084403183448777112
95 164 7078145321754598472
95 165 2579379941607473807
95 166 -5804778826992209570
95 167 -7546433647339295711
95 168 -7393535281697927394
95 169 8645770815885732216
95 170 8532863582733402147
95 171 5414792396181459041
95 172 -3491877121227733259
95 173 6071169163898557047
95 174 5055230314670979203
95 175 -606023858425817753
95 176 4344170821371739705
95 177 -2724909466983977942
95 178 2899517222338930844
95 179 -4635870191332369399
95 180 8967670850475300771
95 181 3639004900834119100
95 182 -2355036241519840244
95 183 -283285839193197574
95 184 7995390814430207576
95 185 5014589036847409312
95 186 9073133156911472865
95 187 -8925954880006813931
95 188 -3966469637495878165
95 189 -1000997036121188597
95 190 -2652599573269774456
95 191 6899936007955561254
95 192 -5054779589443364203
95 193 -544457097758431140
95 194 -8580937374839493310
95 195 2586265440295472128
95 196 -1865978900054447238
95 197 -2876712144957850824
95 198 -3144495131244908647
95 199 -4833218520143642709
96 0 3914156925461748995
96 1 -767426201489672835
96 2 4243863813282259
96 3 3284631804679745229
96 4 8094822534965232680
96 5 5692571199689012486
96 6 3614856122170276994
96 7 -2572577806498094323
96 8 479719025044801970
96 9 3392079588323382597
96 10 -3386570090116221744
96 11 -7075096859577363194
96 12 8595319925713745544
96 13 -6364313064955951795
96 14 3798728170365686457
96 15 -2333368909610028727
96 16 3695210687589672041
96 17 3551886371137638468
96 18 -8799295115702225343
96 19 -1580495610859469101
96 20 -5347980566599921760
96 21 -1056169619376363672
96 22 9188090277272728949
96 23 373896130767331132
96 24 2997950238232048739
96 25 8523408866744000337
96 26 -1808334961881519165
96 27 -2779529510165456811
96 28 2603238688104037769
96 29 -331368949584265615
96 30 7470907601410575034
96 31 5950233790155072722
96 32 4940472648779277834
96 33 -7741939176066257738
96 34 4525709095139871553
96 35 197626561593091177
96 36 7643129350764863435
96 37 -8498741583116007690
96 38 -6228462800215820347
96 39 3826041036548867840
96 40 -7438458649906997822
96 41 3657320630873041921
96 42 1342481708458993919
96 43 2149222002294074789
96 44 -1251488162033898228
96 45 -1713698817229749763
96 46 6804817720537908016
96 47 5195655950396441824
96 48 4659268672669739946
96 49 7897455303645405119
96 50 -3020309616592197564
96 51 -3942577269404616327
96 52 9128746417111931240
96 53 -7094928754262485520
96 54 8826421764111438327
96 55 -756039426094433032
96 56 -2844026885337076908
96 57 8019701889989106576
96 58 -8688628913584203662
96 59 7152500812067540478
96 60 7415489423340300070
96 61 -2099986449017396120
96 62 -5737514074852170374
96 63 -9974845100787344
96 64 331881993798051496
96 65 322547688358863285
96 66 2026754493224210411
96 67 5901975359091533158
96 68 4615210278875541479
96 69 -7852797606340158568
96 70 -1070568031367350130
96 71 686402513347688114
96 72 -2443288115291700928
96 73 4802851776711683474
96 74 -6336132893724043066
96 75 -1503433609931407905
96 76 6102978898904098158
96 77 -3394762377177240419
96 78 -6416172952364827945
96 79 -4756744637657582197
96 80 3785451467005621742
96 81 9075858150253957844
96 82 -1045649944245489693
96 83 -6271014097680284868
96 84 -7913756140246891662
96 85 -2516884669085427549
96 86 -7852960671559727558
96 87 -8542667774133660777
96 88 -8451938296020223508
96 89 2277926397496757395
96 90 1238262155163573143
96 91 -1273196017475067023
96 92 -8670478160739561818
96 93 -3910601815883617666
96 94 9055048203894456026
96 95 -8097466790335299437
96 96 -224082507089233964
96 97 4676261793490781387
96 98 -496585016106726794
96 99 7190871342744784496
96 100 -4079600702240131753
96 101 -8271476677806974806
96 102 4486678345268308799
96 103 -3184941044835366276
96 104 4252983474790976615
96 105 -1965456528266839694
96 106 6956464856858476365
96 107 412080853580973100
96 108 6583342289713410362
96 109 5903704788457355998
96 110 2776275231463876146
96 111 921983360112334400
96 112 4018223413539211719
96 113 3976681036025839108
96 114 -3293070468357181187
96 115 4538107182140176593
96 116 5146728565177857867
96 117 -4903500983636696390
96 118 -4200226116974121836
96 119 -853510411261589887
96 120 8020878141743044737
96 121 6109699760429998541
96 122 4441386749016513009
96 123 3569279546009631310
96 124 3313058049957062564
96 125 1040722133865760011
96 126 -462889621902183084
96 127 -873318626962001518
96 128 1749577556452334712
96 129 3468911051056779372
96 130 -4052810451350894627
96 131 2073417488073634194
96 132 7871253170605687699
96 133 6988794607601655052
96 134 1444137103113957645
96 135 -6395395708560320422
96 136 -21128024476352063
96 137 1364087089442450400
96 138 -420125045608874502
96 139 -7297625916080903745
96 140 -5940821418057876667
96 141 348904756921129439
96 142 8238082496388019293
96 143 9124768376919267520
96 144 -146035094829440307
96 145 -970478196171150987
96 146 4041906759109328757
96 147 6361002402533570687
96 148 -1845447321451199917
96 149 90004701693090168
96 150 -1819625680184141525
96 151 -5989774241960165601
96 152 123195800698278048
96 153 -3408178201315668354
96 154 -4380002209166378128
96 155 2581918396470114128
96 156 -5398736899134829425
96 157 -8302576048184520022
96 158 -2218548200614445335
96 159 -344879461291078629
96 160 -4956132923589029098
96 161 -418153401701207180
96 162 -5303906774676890612
96 163 -402353664956607632
96 164 6251107977425983536
96 165 2728694034330489958
96 166 -1349266483249584271
96 167 -4566657517467098407
96 168 -3719967917278905533
96 169 -7263162572406961228
96 170 -2538926287216702792
96 171 -4204623744366991519
96 172 -133977223865363060
96 173 5872445208510378879
96 174 6636025626707096024
96 175 -8741377413336368374
96 176 724657530347162869
96 177 -7194239422314048393
96 178 801287840682849732
96 179 814296364644555157
96 180 2803999707952363225
96 181 -524749461800416420
96 182 6981726161676533399
96 183 -6355121278969836737
96 184 -7936142953994225173
96 185 4417364032068906937
96 186 -4519093751518920205
96 187 -6501970169397118973
96 188 8219120582184009324
96 189 -4180330282429381477
96 190 -6699455079310122702
96 191 8971771081324304062
96 192 -5896960652368096071
96 193 -3498183522291347757
96 194 -729772496740563427
96 195 -2404562275613116117
96 196 6457817774591463783
96 197 -5412102108755103221
96 198 -8019051436589940107
96 199 4220014618161389227
97 0 -459796900636131575
97 1 -303163230520478297
97 2 -3209614682194263844
97 3 808358414710549530
97 4 -8006597072754094436
97 5 5479236244370986268
97 6 -5298783467364420652
97 7 -3054672798516473837
97 8 -3691111826002216834
97 9 9044116712973114552
97 10 1252613572256128388
97 11 4233058203717149926
97 12 7942764751548601436
97 13 3147784415666108779
97 14 1460548268424177307
97 15 7381602567647447275
97 16 5686813360050974745
97 17 7543735420207424096
97 18 8468446728722723833
97 19 1082543609281974384
97 20 5663927287885634605
97 21 -1347629161924613233
97 22 -4029567286646362050
97 23 -424856106778966847
97 24 -8978917685960741511
97 25 1073406928691571100
97 26 2450803172838499646
97 27 -7299034847649918937
97 28 4907218791471991941
97 29 4909251471059015296
97 30 7413055344582567733
97 31 -7734359192239225111
97 32 7503207478228750022
97 33 6138467509210789580
97 34 -1607424664488127984
97 35 -3560517711962394422
97 36 -5744931502382513089
97 37 -8494347069623949742
97 38 -4411937701321426320
97 39 -1879960703163219195
97 40 -3340691802828472810
97 41 4132513861296562773
97 42 6576797339716557753
97 43 -8905282866979398347
97 44 6690051409704510828
97 45 7981335564556940302
97 46 8003147371751765295
97 47 8941577072132617372
97 48 -8718906753250315291
97 49 -8546975358469144101
97 50 -2004723787944216415
97 51 3647326398177294066
97 52 -8014082214579092550
97 53 -6464165458331820189
97 54 -1489218412781073480
97 55 2025001630046987731
97 56 -1716806561728151908
97 57 614191171596825866
97 58 -2281091439306428153
97 59 2961321899766727787
97 60 -6827136209624895619
97 61 -1361038900730393936
97 62 -3077941603216758324
97 63 5838716347176467299
97 64 984686268438706659
97 65 1879267222249581354
97 66 762873835750806485
97 67 4315552876731206456
97 68 6478058529561782919
97 69 -4078014694136485221
97 70 -210620333873594056
97 71 -7796408273964182928
97 72 -6400723926042760791
97 73 -2127569896982775019
97 74 8345396518305009620
97 75 5882710647220690580
97 76 -6204516714099391257
97 77 4244963545559527832
97 78 6978651520017019029
97 79 -3575778198440629517
97 80 5621125108299936986
97 81 -8547646117935104617
97 82 555327243017728405
97 83 -7947956973736720820
97 84 223057695513906996
97 85 -8127452487810012229
97 86 2057383197714565557
97 87 6218915640784382502
97 88 -94070770382266071
97 89 -4735889881491371450
97 90 141762662939451705
97 91 -8762004820374257076
97 92 3099196379622375017
97 93 163113325519940034
97 94 -1763262551924290058
97 95 -3110870822001006762
97 96 3421221365443353112
97 97 -368034438011509793
97 98 3500330011205594505
97 99 2705087820093784555
97 100 -6248369866473133086
97 101 8591242053993199351
97 102 2924840719756471890
97 103 6614873820582614085
97 104 -5160369884335004222
97 105 -5511764162029900098
97 106 -5649514561422783705
97 107 8878826648148222079
97 108 -7013162126921821712
97 109 8087472300648502787
97 110 6264283451273767267
97 111 4952289100717276562
97 112 4164151679206523262
97 113 -1313063557044814139
97 114 2505021312230730400
97 115 -2879212038496677791
97 116 -7201059426027650514
97 117 5702292247531713323
97 118 -1243505575640465601
97 119 -488572677935898687
97 120 6321008892108075143
97 121 -3702711140573609581
97 122 5260250509772412674
97 123 -5117827041177421909
97 124 -9036064016252690060
97 125 -2295831204730371679
97 126 6319802304800883828
97 127 -5327642835311356430
97 128 -5364645312110393630
97 129 518928709156524045
97 130 3101680709061022288
97 131 5938155525919273433
97 132 -8157464049918037602
97 133 6848438612640357412
97 134 -5375685321593202154
97 135 6951000720358006653
97 136 -1121122963478054736
97 137 4774440370844148614
97 138 -644896659433093975
97 139 7001404902955564705
97 140 -1196418439562362333
97 141 2438080368845781674
97 142 -7842459135593802051
97 143 -4288829396875861952
97 144 -2836614162011225701
97 145 6887889712898269857
97 146 -6811650389563338139
97 147 -346829050088025039
97 148 5230147096333629542
97 149 -4240352491386505439
97 150 4498329696663994119
97 151 -6364343094827755623
97 152 1188112414679491439
97 153 -7856464681334782073
97 154 -7856108739308049692
97 155 2376684747728991572
97 156 1319160131054207999
97 157 -4809504610520749538
97 158 6516773408394982781
97 159 -5691342683559328079
97 160 4212499399899586103
97 161 3189467010010376872
97 162 4745011276781247846
97 163 6716558480218229742
97 164 2073597421029293388
97 165 -19586458352575897
97 166 6208305656494443696
97 167 -6477177125497924688
97 168 -5513820304095142832
97 169 7025559859043799141
97 170 4196863979160391138
97 171 -3503427613157826302
97 172 -4424253730384417308
97 173 1466284481187252671
97 174 2080546484435071240
97 175 -2591116200265864662
97 176 -6024085928812059876
97 177 -7213972281586016117
97 178 6009641811675956328
97 179 -5823609583016206326
97 180 -2850551743836183670
97 181 -6443292688370093789
97 182 -2682849864750090615
97 183 309037971155549305
97 184 -6420165520389574490
97 185 -2466899051865128860
97 186 7220752191653509393
97 187 -657606785985542479
97 188 2340943476590325362
97 189 2623056319298953387
97 190 -2921006798771113793
97 191 -6207184905343592425
97 192 1065338109011175953
97 193 8693353547233123003
97 194 5773205124574964504
97 195 -8239851184115995741
97 196 1836326738806632773
97 197 -6973066470556106790
97 198 8218782760128422252
97 199 5541593870987761346
98 0 -5080450656796824024
98 1 -6776762171997254752
98 2 6548370738855647758
98 3 -8720031443918572156
98 4 -7339212094158862030
98 5 7600585868371694459
98 6 5306528457675779239
98 7 -4231660864429582303
98 8 4133418785207116631
98 9 1625602351165804289
98 10 -3171880109452606998
98 11 4872376556833150800
98 12 4903326909546229636
98 13 -3703679895945724465
98 14 -6978829966351100877
98 15 557223898086789964
98 16 419037123198567131
98 17 -9075302997069395581
98 18 -781972772238126794
98 19 -8101640905030081437
98 20 -5020102087564945014
98 21 1749451332998791625
98 22 -351273683218929314
98 23 1653423453104033239
98 24 9032330293136223906
98 25 8372117185558532411
98 26 2347635525996365877
98 27 7978707462116106148
98 28 -428362834095206466
98 29 3914371604233306079
98 30 5870750009854566695
98 31 -8390902383667747041
98 32 2687092069513702040
98 33 745190687744181698
98 34 6762746832123401646
98 35 4231855990105504830
98 36 7270702480706455125
98 37 -7399800191561099227
98 38 -2376063626543667363
98 39 -8961320575944614172
98 40 -865468304368447444
98 41 1037733261671104743
98 42 3390320034987545575
98 43 8602027588528290788
98 44 9133877609818953349
98 45 763139187198196128
98 46 -8162914738011618485
98 47 -2240364191629234645
98 48 6132609306720702986
98 49 -1895793822809536961
98 50 3357272202013530350
98 51 20004819498834749
98 52 -6142682490082040459
98 53 -9172115651183034812
98 54 -1099240571096639580
98 55 -7298808917718929261
98 56 603567237926801152
98 57 -4541889500703660569
98 58 1735424225965375287
98 59 -2750640111188634409
98 60 -5245410593792700553
98 61 -1738619382735710194
98 62 -6515541381393745063
98 63 5732536426327352450
98 64 -3526475500883923633
98 65 -4624680455453590649
98 66 -8287859900547447871
98 67 -4237126287458268937
98 68 -4196637578616597476
98 69 -6783946451933227727
98 70 -8058658190767518701
98 71 -4647561834105216801
98 72 106941929109806603
98 73 5201494281564341400
98 74 -6783997107873292998
98 75 4831714492925753284
98 76 6433823103986942665
98 77 6265752287922686085
98 78 2535636302296170226
98 79 -7502822911984457875
98 80 3801278220333818457
98 81 -1498309773771712444
98 82 -6173453155530392560
98 83 -5689377199421997021
98 84 -5738760754989189126
98 85 7890785431902527437
98 86 -1826933852994861331
98 87 3826553404016196417
98 88 4006126333254706555
98 89 -2734832779469176785
98 90 8559420392927209546
98 91 -6692710131072350250
98 92 8409858523300770205
98 93 8759555735147336566
98 94 -3362248771846490221
98 95 8561041753382124831
98 96 -3200357160599970766
98 97 1923703168949390906
98 98 -349954521448969239
98 99 6736029021036347964
98 100 -738469363277746093
98 101 -3601759910250761198
98 102 -4206158223524803492
98 103 1959586171858539854
98 104 -2602494836557049569
98 105 -7672009807123862275
98 106 1656084653884209998
98 107 4230192605764703024
98 108 4112269351210476986
98 109 -6134039655481906516
98 110 3056462077437907192
98 111 6354223948628637944
98 112 680609344185010262
98 113 -8670240644512333335
98 114 9137294581925031740
98 115 8010534383709652524
98 116 6340730474044060226
98 117 -1841493866045962115
98 118 5517432506337848198
98 119 -2498939756228640748
98 120 -2966024705917508639
98 121 436454940894019421
98 122 2175399238081674567
98 123 1883400588404619207
98 124 -286529962092233147
98 125 -7512345152620545115
98 126 8328154021311227647
98 127 5838109212579665013
98 128 4491963173137462993
98 129 8499530345496821116
98 130 7230980580982420233
98 131 -2154834928769880267
98 132 2072597307032435497
98 133 -1116400191646250238
98 134 -3786904687406030595
98 135 -661149873293029192
98 136 8167968817504550810
98 137 -1754040014889217167
98 138 -8057627690862866300
98 139 5376432118326264428
98 140 1049722395371799966
98 141 597192325034348992
98 142 -8635672886317692175
98 143 6463258753194235487
98 144 -1408243952076852808
98 145 -8432618265752868090
98 146 6608998565843872628
98 147 -1787219579166364172
98 148 3648203404158246323
98 149 9149562756928116375
98 150 -5027347459377045901
98 151 8066838372346937341
98 152 -7724906829474722773
98 153 -2808127886862914609
98 154 1756495245702353898
98 155 1044032781152399436
98 156 -8491681681359446042
98 157 -4251823319974061244
98 158 7336825884433458413
98 159 1561295359337428175
98 160 -1728147390461182072
98 161 7086015000796424349
98 162 -1157492293785855805
98 163 -4028927774802278290
98 164 -8547445092147276389
98 165 -4338042615720030836
98 166 1345806801094961496
98 167 8299713400580061350
98 168 -2233413687388460945
98 169 3843005973723166628
98 170 -7957370032424290036
98 171 4186350048273893095
98 172 9063384135414052710
98 173 -935803381621250631
98 174 -5683413427587200896
98 175 8121308249858418287
98 176 6268461129658310340
98 177 -7031370307413958409
98 178 8701216500339640314
98 179 -6919077100856854203
98 180 -419319682674235926
98 181 -2250516719711817415
98 182 -1355729806183961135
98 183 -7143266389281061319
98 184 -1587346564084213377
98 185 -2957727747892354056
98 186 -3237146933301736126
98 187 -4509214703858597876
98 188 1770551321195957373
98 189 -2453679103492343189
98 190 -124691127499442245
98 191 -7606739111270162363
98 192 -5886550444968636306
98 193 -8130855400787760567
98 194 -2536414570179211378
98 195 -1352502922569813274
98 196 -1162929532186763982
98 197 7447239901811868956
98 198 3367899056174460191
98 199 464500926038292151
99 0 4092270164667705389
99 1 7798874602458015595
99 2 44642746532479324
99 3 -6432164547636771515
99 4 8555695414961500398
99 5 3394220091790232388
99 6 6578217695016073845
99 7 -5259523976484920653
99 8 3873819789289450745
99 9 4191531009229287967
99 10 -2707038207428422518
99 11 8536197917775536435
99 12 4064670876039668831
99 13 -18112034621739302
99 14 -4909518951647345360
99 15 -3199379528386441082
99 16 5801131754950735063
99 17 6986992922716600289
99 18 -3546713259915000387
99 19 -5607223593609643247
99 20 7292566230091817056
99 21 6251969667213160377
99 22 3011592871761984697
99 23 5609647055476797791
99 24 2216277559255622422
99 25 -5027473351717461502
99 26 -2042172450918603216
99 27 -9086887695803203957
99 28 5046519796735196371
99 29 -2726417340710164026
99 30 -4929671511283916926
99 31 -1667607903654532631
99 32 1637177670359015373
99 33 -6964769987084003428
99 34 694221781070281833
99 35 -6207815490902476075
99 36 -7929870783948752781
99 37 1053069591479064431
99 38 91239770126850822
99 39 3198411991475420591
99 40 6351288716019635745
99 41 -4123471251542013161
99 42 -88530610682204935
99 43 8790761273159131356
99 44 -3698527923535067619
99 45 -5088057028906777338
99 46 -3385653277860321877
99 47 1757029856475635049
99 48 6195860674895889853
99 49 4476620949606094162
99 50 187677904315103298
99 51 -891371202451464199
99 52 -8269578023709336933
99 53 7061560173895906637
99 54 -5569390536943163174
99 55 2143665733680346744
99 56 2483724126378871517
99 57 4753072077817038960
99 58 2045887181593110333
99 59 -6385741999747030607
99 60 -2325270064000112075
99 61 327834740847533518
99 62 -1389747178081037287
99 63 1232411677111274375
99 64 -7133621724597416299
99 65 -1858344978255932678
99 66 9079270532542238548
99 67 3375653194328686214
99 68 1754539363458739218
99 69 8909160053279611929
99 70 4076420292624401323
99 71 8220435772932899952
99 72 3548880490631211638
99 73 -1358871352558251893
99 74 6634724967073827534
99 75 -7802537758261802665
99 76 5849621444798050376
99 77 -3839722226310412261
99 78 -6963899148135541067
99 79 -4004166193618684924
99 80 -1606012607960675672
99 81 -7109085340927669236
99 82 -2113965095967712687
99 83 -5538350064249016238
99 84 9184777565657704874
99 85 -7653397134672315488
99 86 -6332552711489025100
99 87 1924017497914264722
99 88 5801945239084282226
99 89 177566660240841624
99 90 -5660029274741879262
99 91 -3446523627792998250
99 92 1187208495443570322
99 93 1959188794492497192
99 94 6020152846853960377
99 95 8853170786983536852
99 96 -3161137322498596485
99 97 5776792713012152474
99 98 -2569621872434133728
99 99 -6995999729664930544
99 100 5585811534227059345
99 101 340641322510753605
99 102 -624148660263743728
99 103 -6872557369625970793
99 104 -8617244485737596773
99 105 7073976220306337073
99 106 7134867535320384639
99 107 -7795648572278418637
99 108 4428934825504304596
99 109 -2939196884394007477
99 110 -5793392644897001535
99 111 -8454278613827919866
99 112 5911446311776116463
99 113 -1216502027229790847
99 114 1842699195737304349
99 115 5779057781276753053
99 116 2301052952653178226
99 117 1168602461466678045
99 118 2755641187740289681
99 119 -6110730847303425606
99 120 -9149744962723839073
99 121 -8224543148698226730
99 122 3487772626290193536
99 123 6790586830822525337
99 124 -6999371047759374115
99 125 3172716791262451604
99 126 -4388131943394256414
99 127 -109749766240596777
99 128 6571161999001389518
99 129 -259717109093551718
99 130 -9100102532741397483
99 131 7348017104292538254
99 132 1156958536110832682
99 133 -4192857784739381115
99 134 -4151195412373478984
99 135 -4291148899153686643
99 136 6163929720939616208
99 137 8329059326976999795
99 138 -5958013592371733598
99 139 -2084419454928110177
99 140 1752558372208159399
99 141 8807626829354303216
99 142 -5300798895083380997
99 143 -4357456175961601166
99 144 -2262379036699847202
99 145 -8094207420706780057
99 146 4337401682878258737
99 147 -4016637532227647422
99 148 3769820644142738187
99 149 -8222949224149279380
99 150 3216371381936377321
99 151 7531939040187574944
99 152 -2186885109451560321
99 153 7417584200386601611
99 154 -4066041020149130936
99 155 7050184877790368559
99 156 3253902984966843299
99 157 1190815944447038009
99 158 3828538961542534953
99 159 3320074010278957365
99 160 2219700019915223727
99 161 -665313694842364213
99 162 4961541096194452963
99 163 1314109716700120910
99 164 1977364435961033217
99 165 -6555845502608477477
99 166 9099941362436275805
99 167 5215791003237334790
99 168 6167652313898279668
99 169 -8335439128147629179
99 170 4018131662812236978
99 171 -5752553310290199563
99 172 -4457452351670645713
99 173 -1940400497151227426
99 174 -6633065756942326507
99 175 -4103805405178079337
99 176 -9111556002033509368
99 177 -4785848715981381109
99 178 -6145900757935481795
99 179 -1071954449496926068
99 180 -96533235765892110
99 181 4151971080855193412
99 182 -2834947250737389908
99 183 6847131651819647758
99 184 8668581669051597705
99 185 -2500798595673085298
99 186 -493510941141917244
99 187 -5864801752704458376
99 188 6049289446984436415
99 189 -7594899003892856264
99 190 4672959837439836604
99 191 1316669760239549773
99 192 8884143574254589951
99 193 4805525433223797321
99 194 2327724890674131447
99 195 -1598358580216911734
99 196 6113848991998936027
99 197 4773329909129139325
99 198 298916912619952365
99 199 8617306468664655822
Tempo de execução: 0.00531306 segundos
