200 200
150 0 -1666697357776523352
150 1 -6930544501693475940
150 2 -8497084757100471499
150 3 -7624194962945365987
150 4 6367725540155521666
150 5 6027036957006351876
150 6 -2370231140365174177
150 7 -4635803646311554849
150 8 -587425311976239482
150 9 2694120858854907469
150 10 -7445078820879129541
150 11 -6161813307331946321
150 12 1141015057329008914
150 13 -5830577231658960994
150 14 8927248459847777947
150 15 3880169753140100308
150 16 -9127673010042471821
150 17 -1083638324965423046
150 18 4278300435533891534
150 19 5036854202457642105
150 20 8360192676954796
150 21 6941640655271132700
150 22 8040804039212239163
150 23 -7325039656288349753
150 24 -250627477735146913
150 25 7953294048516089994
150 26 7153223271099569925
150 27 -5830849582541525603
150 28 -3015090425728468193
150 29 4149024107645207263
150 30 227181902444645816
150 31 -4952343479687907579
150 32 -1945901980275736036
150 33 -1871904284828332013
150 34 -3374378575458790038
150 35 -5490108289956453261
150 36 -5984771196473382693
150 37 685456895496477185
150 38 -4491117467208909609
150 39 7329466658563730869
150 40 7135640696791284490
150 41 6649549674022350736
150 42 -1438915974845270675
150 43 7285892397833163295
150 44 6038869668046068514
150 45 -6414033549542364597
150 46 2951381782712853209
150 47 7666529585513313630
150 48 6795550410151227386
150 49 -7944033629783453535
150 50 -2433175717163156017
150 51 -7285751736065934475
150 52 -2493579216759070492
150 53 -8190729364944845054
150 54 371364130561891794
150 55 -1751715448621290831
150 56 -4869961097750521553
150 57 9066302426412198981
150 58 -8617613990831967095
150 59 -2518898217475677782
150 60 -8838015931024246218
150 61 6594418022146920170
150 62 -6873816270493229903
150 63 -4289197596762573065
150 64 -9168853141677042075
150 65 -1621512891417248717
150 66 5483220043481118637
150 67 8417860189249664390
150 68 5973696747792254049
150 69 310102177814000030
150 70 6333709311743920194
150 71 5052540918710527359
150 72 -1108273877428403582
150 73 -557496903301403115
150 74 -8247630990345677646
150 75 810043554285410337
150 76 4039411578019411344
150 77 5996467229954521715
150 78 7668934197963775350
150 79 -4514118578828515484
150 80 -6588971916621848311
150 81 1788417397728280122
150 82 -3087741676167719046
150 83 -540927460818600562
150 84 -3189563845532901104
150 85 210382969629885817
150 86 6009209066416992911
150 87 8923703560885051641
150 88 2584183466190935526
150 89 2862266576070611288
150 90 3119056089185532192
150 91 791357200258549637
150 92 -7434069918185401356
150 93 3064598604872523740
150 94 -6305549560371658092
150 95 7624823999965174397
150 96 -6958739537979793706
150 97 -42306548283223595
150 98 -6842681281811011782
150 99 3171951198138523845
150 100 -2626608093701505976
150 101 9113749287110104590
150 102 -5017644582968302077
150 103 5257230404973916450
150 104 -2723406102271957256
150 105 4302348424726836403
150 106 4679268483281696028
150 107 7380153723396569237
150 108 3513655855194362758
150 109 -3781739242433260556
150 110 -2106470858215973054
150 111 729107998896419906
150 112 8003708581256447996
150 113 -3119695675574330832
150 114 -1215998459903800283
150 115 -6913892078056163732
150 116 -1152906563318430583
150 117 -902208002197867
150 118 4111072952540786451
150 119 -850027132428055813
150 120 -8791767169269568023
150 121 -1093377117687442023
150 122 3634398295371843555
150 123 4396440132185939252
150 124 -1301008787194806696
150 125 8029957201371148823
150 126 6546965714508469345
150 127 1946937866841647237
150 128 -797547265308751444
150 129 3978537510433263318
150 130 -9186670829279640343
150 131 4995177419238446974
150 132 963067069855059156
150 133 3200970002971302556
150 134 386255337807150864
150 135 2608308988167047125
150 136 -9196641552734200857
150 137 3493749140215213521
150 138 6011977595955741896
150 139 -2405474318473761149
150 140 6089522967558480504
150 141 -3676633182726521935
150 142 1151674084474689811
150 143 -7203088499936553386
150 144 -1956787341821031935
150 145 -2931560027622594322
150 146 2830473858363373794
150 147 7561949475598875778
150 148 -4125916149977962023
150 149 -9111450268846627409
150 150 3420466784236131465
150 151 322271850913066688
150 152 -6026833233750440819
150 153 1562574462285714919
150 154 9074587935812257443
150 155 8717781493598389461
150 156 -8319816965860693077
150 157 -48580832000397820
150 158 -8471062921338534745
150 159 -2420402692980735578
150 160 -1196038559679064812
150 161 6248344867090820189
150 162 -5055214155598780660
150 163 2211588664287491842
150 164 6357965207698222745
150 165 -8821886602942352947
150 166 -6625276721452886796
150 167 -6966210290310634918
150 168 8441203981642948790
150 169 -1425601596110407432
150 170 -5100709761333908532
150 171 2397150793310701339
150 172 4771198199923910653
150 173 -6629832459442883482
150 174 8048748752806488849
150 175 -3440421758929626657
150 176 4501946930318420775
150 177 3247637032115895894
150 178 2143119744622558583
150 179 -3536189403937028630
150 180 6830614826362931745
150 181 -8146867609386028138
150 182 2257073445407897174
150 183 8771682943186959724
150 184 -1335979850073341510
150 185 -1219406408667982599
150 186 143912763144101929
150 187 -7173913831144943239
150 188 8416991638467938508
150 189 -8268309049632903125
150 190 4193473410612436765
150 191 3906150222228259223
150 192 -6520029484830179435
150 193 -204813061104942304
150 194 3446417672645111797
150 195 7480174345039358172
150 196 1326134303540400568
150 197 990957843272431312
150 198 5160758770774206877
150 199 -6171450970437987379
151 0 7464014419603021090
151 1 1481473282433017249
151 2 8680957407606106453
151 3 5703335206071437882
151 4 2141769300232310953
151 5 5513683389484638893
151 6 2125798727453647685
151 7 1512207955070428762
151 8 2711256364954615451
151 9 2998162656228441342
151 10 8140835148482684520
151 11 6199967295598017125
151 12 262285614420832982
151 13 -3396877839018695104
151 14 6139889570076307110
151 15 -8265847928921027884
151 16 6517912999868090015
151 17 6137806778356655376
151 18 -2867264338521441706
151 19 2679186626551778991
151 20 -2526408344864838670
151 21 8232884928414414549
151 22 9109114193322791653
151 23 2915289945802739804
151 24 -1137781481453371193
151 25 2596867712107406991
151 26 -5702332229704835538
151 27 -1897860082683568546
151 28 -5432601446891089767
151 29 2179845786682099712
151 30 7128428909458137716
151 31 -1675772465949649780
151 32 -5439780478471039920
151 33 -1150715181916597865
151 34 -3512148457788921983
151 35 2751726872432649537
151 36 9185962625045784416
151 37 -1338673064098437856
151 38 1078059335361608418
151 39 -6551159988022261262
151 40 3808231758898827452
151 41 -2317252238942801074
151 42 9195802323240943251
151 43 -5080015329396494225
151 44 -4369284997597195779
151 45 -6802885285460404870
151 46 548746642044384539
151 47 -5321347447971768183
151 48 -2817317859503101763
151 49 -8297316833510064216
151 50 -3958772592420838962
151 51 -4939429600111796953
151 52 -5545435853623321256
151 53 7197018648433885672
151 54 7336815928110710353
151 55 -2048532935915812590
151 56 -8356625233772477259
151 57 -2919616916431804046
151 58 -6639497615659398157
151 59 6689519006174934211
151 60 -1531050041931935867
151 61 -5422993217587456727
151 62 6077488166190700047
151 63 3956054022116141585
151 64 5650871255590049883
151 65 -8266621765748711754
151 66 -771416030610857252
151 67 6456217101319642496
151 68 2073247655798895817
151 69 -5142635940258895285
151 70 8031257576999920062
151 71 9157829724490023692
151 72 6805314805861901272
151 73 2522342494364390200
151 74 -6370864262874445657
151 75 -7720066821563559943
151 76 -8622185740160066192
151 77 2118306623308058372
151 78 -2951390623944545133
151 79 -5094051395457568205
151 80 -5144706130079976882
151 81 -2658937409713753451
151 82 -7849768730335149056
151 83 6620222631292723699
151 84 699447191696739764
151 85 6424959673986119641
151 86 -2325452524410884739
151 87 8433342295430304244
151 88 1461251632071427216
151 89 4433220189594965869
151 90 6606512338886345369
151 91 8397139608457290113
151 92 5374177403192725390
151 93 -5827535135742987040
151 94 -8057436420156654111
151 95 5296343470589235715
151 96 -872575057422270546
151 97 8648821162532269666
151 98 -4914387314274009087
151 99 583634044528332704
151 100 -8606714417216166059
151 101 -8824616539965271814
151 102 5181451567402265341
151 103 3561203406959064585
151 104 -7161154481609282178
151 105 5711841916784511415
151 106 4610560642057689809
151 107 6301956433257656140
151 108 -5026300693211694446
151 109 8980065142046791789
151 110 1663867456024984455
151 111 3022304915273032513
151 112 8350805041283508765
151 113 5333028553949658187
151 114 -1392412426379850872
151 115 5366259003867736818
151 116 3440345267255122547
151 117 -224069686342903871
151 118 2578734937408396016
151 119 7834953553018584377
151 120 7195117657236111347
151 121 -3690875371880954169
151 122 3145195773858992254
151 123 -8947107073624961393
151 124 -3065024465590793779
151 125 -8721880457292827419
151 126 1506667804369805568
151 127 -4753544706225975742
151 128 2721441955741803428
151 129 8492618938663075066
151 130 -3051297948852111894
151 131 7574180806836691955
151 132 4318891129982201618
151 133 3913395026770548150
151 134 -7474457971919180492
151 135 324919050779000449
151 136 -8281218009978542039
151 137 -6638912675452251867
151 138 -8708967851349999808
151 139 6207258459152224437
151 140 -5576768875396558835
151 141 -7049307031485250765
151 142 837102380263258827
151 143 -4071164794042048227
151 144 -1599496004957687494
151 145 613389421870773750
151 146 4945185284264348137
151 147 -4239536183153470599
151 148 -2918362195328846054
151 149 -3831119283877870464
151 150 5990731923475887699
151 151 1103941916404893661
151 152 -4470807875711281570
151 153 1988632964238602575
151 154 7836480859787692084
151 155 8758410215594898624
151 156 9009041046633375215
151 157 386109639072570353
151 158 8869959400886627949
151 159 2210874056788863577
151 160 6592283766590473317
151 161 5828012687787442727
151 162 2736036448912653134
151 163 3490660631637584615
151 164 6783824485177951735
151 165 7682503322344063691
151 166 6713561225551492157
151 167 7305130633523211708
151 168 7712340804291763369
151 169 2484147675105284494
151 170 -4931948120502807958
151 171 -7690983181497627527
151 172 4881097929832307566
151 173 2874739731479951191
151 174 -6287597486786103836
151 175 1694083969844848251
151 176 8950488666501928433
151 177 6890738706834972762
151 178 2640949733189950948
151 179 3626610559733979876
151 180 1821995672007086352
151 181 6350454929781055854
151 182 -5500913216001188439
151 183 -3842712254833632213
151 184 932377646362496014
151 185 -7001279880705772125
151 186 -2981753091964288189
151 187 8116630007608040244
151 188 9057022517423472675
151 189 -1637758932736281275
151 190 -1129180138296708708
151 191 -1142017141006678774
151 192 -7729886790386248415
151 193 7386705986152385823
151 194 -2980532026745803905
151 195 -2146325975608744575
151 196 -4927088276116504683
151 197 -6294453526942281197
151 198 -3548837833266461195
151 199 30823388344761906
152 0 -8876193762961205895
152 1 -1651126013691098975
152 2 -8216817006153144871
152 3 -3506634159553307997
152 4 5437785336829442621
152 5 7348556667787953880
152 6 -7530072336885960798
152 7 4810531617501040116
152 8 1928614875565088718
152 9 -7678525368323516057
152 10 2531348829877334054
152 11 -6214568026380062415
152 12 -6120476232487173598
152 13 9149697062029703452
152 14 -7283897661097384623
152 15 -2441576523884348085
152 16 -9027872509286661161
152 17 7606698613819399351
152 18 2790501267112966840
152 19 -6382244842079680847
152 20 -7120915399914940364
152 21 -733768833333997837
152 22 -1152997195638859976
152 23 -4851636627685735730
152 24 7434674314827055790
152 25 6891915126002977059
152 26 6363016791237957935
152 27 4452998260050427178
152 28 -5753353815994666311
152 29 -3669261873899482308
152 30 5798086301917611819
152 31 2348436710787128064
152 32 6594393199191830119
152 33 581957918838930715
152 34 1397421798966757829
152 35 497424440179174489
152 36 -4160356484664584768
152 37 6108632349319765417
152 38 5566564797691539131
152 39 -1777580642546554103
152 40 -1609241758549151986
152 41 8635442206604896467
152 42 4632574746163057660
152 43 -7997270331685376686
152 44 6654511139370637583
152 45 1639032026276778730
152 46 -3504756530959455242
152 47 7566165900837316343
152 48 3789881703517942095
152 49 8814670445045466473
152 50 -2991974988262927533
152 51 -2284999291785046370
152 52 1026408476641920325
152 53 -4526732349098862104
152 54 5833654000599593853
152 55 -4783828994399998184
152 56 7241581817990090673
152 57 1835582526474610635
152 58 -562624741825340451
152 59 9100087712551626858
152 60 -7940524924276981
152 61 5829364776176558666
152 62 7409809208628854127
152 63 -8495812308720409884
152 64 -7063308187596793052
152 65 -6380102122761936037
152 66 5161759928763407807
152 67 4092617101847556024
152 68 2168252035446806787
152 69 -1660858486045553259
152 70 6128386866197552582
152 71 2175781516474102891
152 72 2861017381017349749
152 73 -9103467926806668788
152 74 -1604649028437131833
152 75 -4950677946630033292
152 76 1590297194189316900
152 77 -950531080381926138
152 78 3275251548366595733
152 79 2667046278132968572
152 80 9107242726449222807
152 81 -2118624460937373276
152 82 -8131411539287812237
152 83 -4757953088986332663
152 84 8766854502368282046
152 85 3147004498674256654
152 86 2006647170110071718
152 87 -429656207540548155
152 88 5549280564460951255
152 89 6063568856113813046
152 90 8501121765786606047
152 91 -6265676004604811098
152 92 -4587474858243397687
152 93 -1233539781327553339
152 94 3319973398176162597
152 95 4205910348328390809
152 96 557569018159839524
152 97 3134283821009845216
152 98 -5315297964846580865
152 99 1526818937783527029
152 100 -8248889185021938004
152 101 -7383392040246008896
152 102 -104825011308334828
152 103 6702914701528538397
152 104 6628616852823873671
152 105 2159870891374324469
152 106 -3777417423032904880
152 107 -8369295260913941109
152 108 -44126810410140941
152 109 2697502412522317964
152 110 -3095583223846632715
152 111 2493521115241692987
152 112 -4561868384012833669
152 113 5462510884686024301
152 114 -3238837725085404179
152 115 -2218240788805813001
152 116 5507893308005044449
152 117 1125638022049007061
152 118 -8185082624225026287
152 119 6834655258914748007
152 120 -1012137776431936963
152 121 -5424834758256570113
152 122 -6109874212072099511
152 123 -293975561274638053
152 124 -209278026846953777
152 125 2963921685890108478
152 126 3272662481721132803
152 127 2929835866746115938
152 128 -8821109125315088762
152 129 -1770573717918809904
152 130 -8820469429760538299
152 131 5929661235391501952
152 132 -6524331372581972819
152 133 1543272800134495435
152 134 4556178743474131930
152 135 -1694395284228388855
152 136 -5409577011459603867
152 137 4390959796271304816
152 138 4412458052300933662
152 139 9215926790442711116
152 140 2266853284812157986
152 141 7351803784328771557
152 142 4813186381823697730
152 143 -4803591755954232046
152 144 -3409957857358405774
152 145 -1234135384396613194
152 146 -9145704919227436583
152 147 -3461803377355631286
152 148 -3609734465478564026
152 149 -1721675079735053769
152 150 2826064771064937550
152 151 -7057943902471169721
152 152 -6172524431166530317
152 153 -8124309129214173788
152 154 -4450896849051920053
152 155 -4603030021725256430
152 156 7519813095504851068
152 157 2421425679631921168
152 158 3571883642580714598
152 159 3375752246088130777
152 160 -9056593911737989219
152 161 3816220294699426463
152 162 -1986445603734185278
152 163 -2713440129602293000
152 164 -9173476269821637487
152 165 785660350690354251
152 166 -4149474453578935579
152 167 2531825930454670110
152 168 1763890766520816536
152 169 897280493507670964
152 170 -6126321665451399567
152 171 2543359516159787114
152 172 3356338856379483279
152 173 -5872301000200215950
152 174 5132548596279073220
152 175 -8737792232304134049
152 176 5157431156041370718
152 177 -8363914004393046429
152 178 6992651867845350037
152 179 -1086691493079269833
152 180 865423947483755017
152 181 -995455785608963787
152 182 476358619646253487
152 183 4221463874839430819
152 184 5636959678939436276
152 185 3106122938002467922
152 186 2667302685481108706
152 187 -1576134836439100875
152 188 8370357347015879380
152 189 -8591160741954056036
152 190 2021984655483907281
152 191 887147249969586495
152 192 -6145811276131394860
152 193 -2567846265448738650
152 194 -6007300348990278542
152 195 28234270575039586
152 196 -6824172954494076046
152 197 -8012065455936069828
152 198 2879421140080492195
152 199 -3222415272511818531
153 0 -2124715031150014757
153 1 -537125965198318198
153 2 -2942289775181315399
153 3 5136513877525936313
153 4 -6741169891760812471
153 5 272824558511668503
153 6 4387408409027325863
153 7 3407509878686510680
153 8 -418064528914909093
153 9 2271335807814388898
153 10 4844384187838905984
153 11 -2042546959426243106
153 12 2613215190478745562
153 13 -5401613469923052244
153 14 -6129198957536009888
153 15 -384537863743640407
153 16 -6476163786732998543
153 17 -6356947854331496651
153 18 -430606446639566330
153 19 -7448345012813846989
153 20 4667251879974152522
153 21 4350077100974940938
153 22 8802333858641936224
153 23 -2077541409311161502
153 24 6501697780136807752
153 25 2865858812613237533
153 26 4139203089410740355
153 27 7047150160401670649
153 28 5587079171705248029
153 29 7057013607766907580
153 30 5695455118929611622
153 31 -7941289804574929692
153 32 -5184465134952358177
153 33 4049837115147715294
153 34 -1273472889104008625
153 35 -6368322465729592815
153 36 -5698161708739722594
153 37 8537947890720538690
153 38 -4059511207715999219
153 39 -2645603678569141759
153 40 6436730792727451703
153 41 5553416342566689737
153 42 109130995942740685
153 43 -9152639770810776754
153 44 333582771864649536
153 45 -5141662101429578303
153 46 -2674227627018727968
153 47 4584723341429445066
153 48 -8855232713772110470
153 49 -7188201747813086703
153 50 4698155054706525985
153 51 6383210199663353387
153 52 6746441346819513307
153 53 1627935213407988185
153 54 2406564470216459458
153 55 -3325792320907935940
153 56 7854542383264962004
153 57 -6251788208445833364
153 58 -7757333832904705005
153 59 9004006031115197857
153 60 6332485883031558418
153 61 7796597202242209864
153 62 -8793324716230184002
153 63 8100563352562984159
153 64 7976371194141465380
153 65 -7950268186577574824
153 66 5528853928294763186
153 67 -1297422100825167119
153 68 -4192765110475134789
153 69 -4588065266303192858
153 70 -4195111828134259878
153 71 8063624140025877451
153 72 6978738863698957572
153 73 2872946514602501587
153 74 -6574257577467576968
153 75 3575362419087238448
153 76 -2342275560303931709
153 77 1496367047338123488
153 78 -519208932895739578
153 79 1429352777881312364
153 80 -5283293378680775192
153 81 8406179490973829674
153 82 4007305641528147617
153 83 -929647360147491640
153 84 2728178480417077466
153 85 7155140152081597358
153 86 -4893935357379910725
153 87 226051223096110403
153 88 3122117598638111367
153 89 -4107413531074691413
153 90 -9052108373991398599
153 91 6025741075394039011
153 92 5273802873042435240
153 93 7471410834684585163
153 94 -7233383481433237163
153 95 -1483381237239527938
153 96 1386722970699214341
153 97 1914658348991321896
153 98 6850483608177908004
153 99 -8639333855447369183
153 100 -3637597817297433173
153 101 -2407815408826485359
153 102 894229067799571689
153 103 6284463584008054998
153 104 520332060565403857
153 105 -7405509053463608360
153 106 7189732310763541294
153 107 -4041354628755159574
153 108 -5740936011129110744
153 109 -144963436625936997
153 110 -786040084498445168
153 111 -8183306209959954456
153 112 1128298258861891700
153 113 -829475808131007677
153 114 -3632611901686866971
153 115 -3260800859987091795
153 116 -3338728983617398008
153 117 -8130974537102521211
153 118 -4637843899720159170
153 119 5931925630495084268
153 120 -8039112512936434896
153 121 -7117281779382371585
153 122 7400279872775090907
153 123 5638879548295201432
153 124 -3460588144575085747
153 125 -3015131191187072544
153 126 -2840058945012619513
153 127 7886460976594852514
153 128 8019611753564745287
153 129 6580330090062953706
153 130 -4825761725741041414
153 131 6131750296263143024
153 132 3201434480316016455
153 133 -5228236563727277628
153 134 3101139637447751308
153 135 -4231941720919228215
153 136 -6063398063270232138
153 137 6911554251353824487
153 138 -726142275436870895
153 139 4350982207011504254
153 140 7419132052775324614
153 141 -232535439979367031
153 142 -6928762861444689386
153 143 6331488950341483157
153 144 -4132545973070641883
153 145 4321298552976342604
153 146 3236843794471208141
153 147 959627376093154442
153 148 2032461483593858532
153 149 -8308193359153494816
153 150 -2568165401507072423
153 151 -7150849448392085452
153 152 -2855891935404436088
153 153 1458644899239860477
153 154 -8452576192854127173
153 155 -3637178863263755376
153 156 -4579137665753492608
153 157 -3143886890689412240
153 158 -5107726630459471037
153 159 6294680980050656245
153 160 -6380641763824846220
153 161 -5937326354932998413
153 162 8011982873153212154
153 163 -8276097067496736126
153 164 3927267101916283822
153 165 -8952009165914304819
153 166 -2286656181445439764
153 167 -2157808083596828630
153 168 8138803983818399768
153 169 4919260829081079639
153 170 -478625426964846277
153 171 -6159433422330379927
153 172 4839249228566280252
153 173 -4976859081608733048
153 174 -5700463382508113778
153 175 -7260475143576796632
153 176 3438185201115479285
153 177 1445927151467562040
153 178 -3420317283196629465
153 179 -477925169150937118
153 180 -8642907969644636027
153 181 4384185097797060452
153 182 -5737822436400944668
153 183 3557839349296792364
153 184 -7832579502794938912
153 185 -5359807837932652385
153 186 -8945510081419395118
153 187 7715065115999884811
153 188 -8534952725539729765
153 189 2949337856685894654
153 190 -7955531574413096229
153 191 -2362866157251058827
153 192 -3063265352676476493
153 193 -3118219100193475756
153 194 6773366381134850568
153 195 5408165649850568063
153 196 4073868362840622651
153 197 -452739828009568927
153 198 5369168191376657167
153 199 8677658219751608430
154 0 8886729437676293867
154 1 6312110553823514415
154 2 14790334150630601
154 3 9096398760378414573
154 4 1202644493148655849
154 5 -5379007302388396403
154 6 7880026818211283943
154 7 -9113120903396314886
154 8 1129991750866043201
154 9 -4733486660041969502
154 10 2166902868113415732
154 11 -6040149866585052201
154 12 -8297590140401861265
154 13 5494534958249269190
154 14 7820181532513914593
154 15 -7840345692267489537
154 16 8188303670801685001
154 17 -8970982675415375491
154 18 -4463416369547343316
154 19 -1874791014225521085
154 20 907595461719448843
154 21 2534680036032944274
154 22 -8797165538784704824
154 23 1830035044071599113
154 24 -8641059758044876016
154 25 8839071394224981972
154 26 4176317215439870524
154 27 635393711129320433
154 28 1500372438525687655
154 29 1645377417147154534
154 30 1239876120528433932
154 31 8820519579263780715
154 32 1607972237211153140
154 33 7204220294368872292
154 34 -1223616443696037806
154 35 -6823988569566972852
154 36 -651523471094759668
154 37 -1987672577537431574
154 38 -2811218765956910280
154 39 -3796849892183930037
154 40 3537712442582316413
154 41 -7176744387766340013
154 42 -6488776131598108633
154 43 -7286504417430369030
154 44 2501156743536888461
154 45 7744438850254649520
154 46 -8036714213869870093
154 47 2871064770897874469
154 48 2002901153844017748
154 49 1233485644763236909
154 50 1294818367320251690
154 51 5726776509400775989
154 52 1923690261393780032
154 53 -4694911838655078447
154 54 2242779892921820414
154 55 -235134990036225904
154 56 -2703483198107749873
154 57 -1960401962956060375
154 58 -2138343096945751501
154 59 1988388076871316464
154 60 4663212675759018696
154 61 -3023821484829181286
154 62 -4101822076914987209
154 63 753099232756289536
154 64 4964420590301135738
154 65 -3571788518729838842
154 66 4179466914139518500
154 67 -2733454146675831404
154 68 -1976007846161954100
154 69 6820745023115181997
154 70 833572978841830091
154 71 5056655783957064229
154 72 5217192913987463386
154 73 7197635244462118070
154 74 916592261229997730
154 75 1731598439387482659
154 76 -6069137088967269375
154 77 541397206890047136
154 78 -2480346482378610031
154 79 8712305096320320348
154 80 -1373206184638384055
154 81 5965034110260796742
154 82 -6693201355152065840
154 83 8068660164635933392
154 84 5776306147361164224
154 85 42991169818327449
154 86 -4125350418460152340
154 87 6522928259820019397
154 88 2279995700410487474
154 89 -7357805535759707985
154 90 -2364830417522042388
154 91 -7808374761187780550
154 92 4463236610813603291
154 93 1912085726723916598
154 94 3712964672954459561
154 95 4078209997908866814
154 96 -5408181059399188398
154 97 -5597481043095393074
154 98 -2126816095519814767
154 99 -8004371859031024110
154 100 -8467953547032405140
154 101 -9190512285871827182
154 102 2180456674719989582
154 103 -5539176509057041218
154 104 2903255400154413795
154 105 -160594055464894282
154 106 -9003256921792917586
154 107 8855329529924200449
154 108 7196965778725313980
154 109 -5464478494936430356
154 110 -8787407090515167366
154 111 8523986156185185836
154 112 6660656779676271209
154 113 5502310563966741178
154 114 -7546343041342883515
154 115 -6825776176314555020
154 116 6809204867136547686
154 117 -3070035914601572142
154 118 3833553575597513421
154 119 7508846757121607441
154 120 -8015214345004137496
154 121 643979063759495670
154 122 3782129393708171361
154 123 9051902256540832408
154 124 7388094075696633356
154 125 5671531687046504635
154 126 -5675475762140146053
154 127 5350858615655231645
154 128 8573921556711255781
154 129 2610856136779657472
154 130 -2752031798748672355
154 131 -6061472867144370234
154 132 6221612839510510630
154 133 -1485580439343088616
154 134 -9126065790026350874
154 135 5570145186155083519
154 136 4556797416083362410
154 137 994653344173480577
154 138 2437484268126841215
154 139 -2396812245833950773
154 140 -2331207487003069170
154 141 6010435570239356692
154 142 2250995447479367838
154 143 -4365971546159740988
154 144 -774367141258557154
154 145 -8092827537173804419
154 146 1252186309659243900
154 147 9185991692659591843
154 148 -7914933031484493348
154 149 8351762380619842135
154 150 4634118805811258453
154 151 5738860822475645570
154 152 5061800282961986079
154 153 749230195045400310
154 154 6829975316465488280
154 155 -8543608528317187600
154 156 3066706838321033126
154 157 7389585450796845310
154 158 7074612097607703689
154 159 -1857358450744613206
154 160 5305682338313318088
154 161 -569232574888775002
154 162 5562298502126472227
154 163 1437880615801317873
154 164 5710723093023277776
154 165 -6953708285891654876
154 166 7572698090281474365
154 167 6589002558265386341
154 168 -2193080479061159754
154 169 3474919558108858790
154 170 -5261829733734269253
154 171 -9085455665560173874
154 172 8910735936835282092
154 173 3021165388267342084
154 174 8182565165887978620
154 175 2742996165351813333
154 176 -6325251808808048357
154 177 -7676251345212675090
154 178 -4636794742435109647
154 179 -2955725802020001126
154 180 3261763694555445817
154 181 6170699259943486719
154 182 379296075139139692
154 183 7976065451400882852
154 184 -6000028184054092832
154 185 7312510671043440447
154 186 -4595395310118501301
154 187 -644020992498661927
154 188 -7515590926564484770
154 189 3881683915818295662
154 190 -6794074240500338801
154 191 6220402033639482075
154 192 1360648126711388399
154 193 5249373768240421379
154 194 1650644565408653316
154 195 2185731011153619691
154 196 -3670712961335317780
154 197 -6727670418296843701
154 198 4769136945944045575
154 199 7616155695056057779
155 0 -4990319096470607078
155 1 3612694660611491916
155 2 -4732984622567248744
155 3 -2433795782936642674
155 4 -4317496627304047272
155 5 -467694961067157513
155 6 4482969565802774298
155 7 -395318676446411221
155 8 -9209308560969178272
155 9 8035630258839020508
155 10 7258195990373971157
155 11 5974861101858318141
155 12 -4642731448269384369
155 13 6893542414114116522
155 14 -9193354907715123066
155 15 -5404946965674584398
155 16 -2453238242846014800
155 17 -4042365198579291724
155 18 5195928544852040627
155 19 -7376223873593973139
155 20 4285239492758209334
155 21 -6232249384733627852
155 22 6241710355698606337
155 23 6209602640063641773
155 24 -5095004277181417980
155 25 5026530175530030672
155 26 -8792452270952921541
155 27 -6638095092781502162
155 28 5067960824146780860
155 29 -6883063673276972723
155 30 -1638047016082453187
155 31 -7680286993697787544
155 32 -8702864028180886137
155 33 -6034845838331110949
155 34 -1051302649627657453
155 35 -3499996508437733561
155 36 -8399568684011573798
155 37 555425037829406781
155 38 -2945798351230145164
155 39 -194222406874285468
155 40 6803274652757785913
155 41 1767948832308064676
155 42 6865326853447171619
155 43 -8929651799100366701
155 44 7093748308369505643
155 45 -4668553716039715840
155 46 -8343251644864663294
155 47 2587511214186531340
155 48 -5248544539272765413
155 49 6829403680165802772
155 50 2017293263712126799
155 51 -910238824067013216
155 52 6720043428684307096
155 53 -2912233379208477908
155 54 -5968934268963492324
155 55 5109577151818103965
155 56 -1478698560471974549
155 57 8016413738491691908
155 58 -8823518545970468562
155 59 6487728287696436818
155 60 1661014794783178329
155 61 7980179514016801892
155 62 -5789267995293086672
155 63 2744212684927064948
155 64 -6841459180012940138
155 65 2199294091547195944
155 66 -6837262296253352948
155 67 -7689828391316914215
155 68 6628685970925366668
155 69 -4429642776499987049
155 70 -5196336673240957698
155 71 -2726177405405467907
155 72 -134390206767983271
155 73 5420239312124670496
155 74 -4571747575665929535
155 75 2692961490825808912
155 76 8443008925538746964
155 77 -7998219251737994299
155 78 3721189628990464853
155 79 1004678875540543108
155 80 -6160009096269388477
155 81 -1749254040384532718
155 82 -971638972386301711
155 83 -3868935057999449735
155 84 3328166017110720006
155 85 1527878244480363300
155 86 6791122040614995486
155 87 -2609487016419465454
155 88 -7695229381136572182
155 89 -7199968545064161812
155 90 6659989368006753815
155 91 9022686556552063606
155 92 -1147680362566912939
155 93 -6740021024674245812
155 94 -5334511738504124305
155 95 4668987485285015126
155 96 -7979135901095994244
155 97 5388091449891880044
155 98 1322656578075377586
155 99 7615174508135237133
155 100 -185258835237859957
155 101 6228966828991635704
155 102 -3223587046098713382
155 103 -5393376653262785339
155 104 2084846169869750453
155 105 -3140649946311584010
155 106 -8536953260244925152
155 107 -6941512407422949640
155 108 -9211490341809682448
155 109 -6436606108926555485
155 110 -8225404098376876692
155 111 5982210458544654340
155 112 1027515650415741007
155 113 7113052190186687939
155 114 7889054181242164127
155 115 -6363894709689842140
155 116 4866940886492058981
155 117 1610972868252538896
155 118 -2672273398864488696
155 119 -7241759763625708096
155 120 2106520310549872169
155 121 7948846472938069334
155 122 9150512609705456552
155 123 1042269220978868537
155 124 7143067978183741045
155 125 -6328893184431373931
155 126 -7410768644473257731
155 127 6546496705144493295
155 128 8719390912702346988
155 129 2468054715055524684
155 130 -5489470364520993237
155 131 -2956074633235027689
155 132 -1884499042035787482
155 133 4008215248956362283
155 134 -2782475913230741197
155 135 -6464146758071834389
155 136 7220240622742400315
155 137 -8895191143043813913
155 138 1473184887890514336
155 139 -8691418152223904085
155 140 -8537212243953264615
155 141 -6328012221199925228
155 142 8377556942411440503
155 143 7985019497627283528
155 144 -8465751470344103142
155 145 6992928105171553044
155 146 939102697579984899
155 147 -1517943424512084957
155 148 2989081495064517169
155 149 -8478164853094446707
155 150 8748310188642870787
155 151 7070541861663382526
155 152 -3514657480422734974
155 153 -8704926420304561132
155 154 -2831287652958250369
155 155 -1311836654926651143
155 156 -6021771082131668816
155 157 -3472155129142045535
155 158 314658114005196126
155 159 -5877692438659501334
155 160 -3883601744731747466
155 161 6388313293671163335
155 162 1306089301592938009
155 163 5194567969049767145
155 164 846313209667079028
155 165 -3936236752240810937
155 166 5923727845637832145
155 167 -2603661776909904759
155 168 7683181012342827308
155 169 -5031675512879674521
155 170 -5075876438616328769
155 171 -1386017927026551757
155 172 -8686144124376520337
155 173 2356280724921612511
155 174 4467296434722162579
155 175 -5302019287877200405
155 176 -7237429148829722618
155 177 7321543754657167594
155 178 -62006033272595749
155 179 8566710643207371121
155 180 1502756932028360352
155 181 5529226138886906084
155 182 -43077210508585592
155 183 6022074792791573398
155 184 -8324858456149556733
155 185 -6777456840168466864
155 186 -8042854600127269151
155 187 -2154731278326937854
155 188 4762209085934369303
155 189 -6768564741106841388
155 190 -2681815064601994224
155 191 5249344233839362090
155 192 6241172070685066563
155 193 6699089647284890935
155 194 6504420724857851401
155 195 4406639046512439796
155 196 5387354564312097842
155 197 2714559697473892609
155 198 -3979924971007500810
155 199 6477296702270448093
156 0 8391160023450481165
156 1 -4262087906138725704
156 2 8754931836672933250
156 3 381901634825145830
156 4 -7459018935631134769
156 5 2455453025959678015
156 6 1845280306586614533
156 7 212371373637703475
156 8 -2181894538228098689
156 9 -8290082677338985843
156 10 -4815136660200684760
156 11 -3639141217455148287
156 12 -3895221141311655344
156 13 2837419861176709612
156 14 590879688397450330
156 15 6425038340093210775
156 16 3454154908956391968
156 17 4604704137989402074
156 18 -669757723386835561
156 19 -7712090251541267429
156 20 -877384701396319251
156 21 -5669775376862365900
156 22 -4923217920853267483
156 23 -1979300554375596109
156 24 1470042824707793308
156 25 -1901591918479652951
156 26 4887352040851864009
156 27 -1338433941543132294
156 28 6852670678283205393
156 29 4046239107861894308
156 30 -5482155747267869655
156 31 -1303641713337116356
156 32 5340906956346909446
156 33 -45680214147018181
156 34 -4309094709881870114
156 35 -4347598823719594424
156 36 -1560806355890634909
156 37 -9007293541398580300
156 38 -8198517330053186619
156 39 -6143998444015244187
156 40 3726254196044151705
156 41 -593033504782892629
156 42 2344296606991963987
156 43 4391459373637601368
156 44 5451283516802314320
156 45 4419254768077663798
156 46 -4622349442912860933
156 47 2617264336974068868
156 48 -5731215429028801963
156 49 -6019591040319857996
156 50 6581501801089257267
156 51 -4079793449354811981
156 52 6169154580193207770
156 53 -5401428767697546569
156 54 -7595844726884920622
156 55 1688367880365305083
156 56 -7394647610758497431
156 57 4592196163772279219
156 58 -2895166249325613646
156 59 -129762746007830244
156 60 941946656590564461
156 61 -7384582425129753001
156 62 5256631616204691468
156 63 -5064785258083302694
156 64 2245710477244563400
156 65 -6334178129433980996
156 66 -4808408185849902912
156 67 -2583397550532069842
156 68 6236915225849325613
156 69 -8593484402879371419
156 70 -5865437768339335589
156 71 -9088785797091702275
156 72 -4915911801702303010
156 73 6484226732299292400
156 74 -8789871449371835829
156 75 90123981141290372
156 76 404392110403571255
156 77 -3040440228002617647
156 78 -8496195178671417945
156 79 3159415279021772724
156 80 2372299467217553218
156 81 7962735634408339389
156 82 2351064909890612797
156 83 -1550210676644102579
156 84 -7154602093865565633
156 85 -3079474987663942496
156 86 -2940213168185555669
156 87 -6635516441911144210
156 88 6582406203812637449
156 89 3110543932072357969
156 90 -5197059477988143323
156 91 -4512418657605096179
156 92 901327832784274063
156 93 5410621636676501761
156 94 8140686941458474226
156 95 4670020422701405129
156 96 -3598123043894558056
156 97 -379465318015445475
156 98 -9096755543611183645
156 99 8869191336578352284
156 100 -3782134725684166200
156 101 3874341907690170793
156 102 -9222329019521172052
156 103 6481946936443970649
156 104 -2809973281650797906
156 105 -3602557185241208135
156 106 7351765759879942927
156 107 -3672877813206816275
156 108 1417931714132341889
156 109 -9099201490217816060
156 110 5044186113982220188
156 111 -4899772578581162162
156 112 -2639700406209723957
156 113 -8542851665008930785
156 114 -3455354083729821703
156 115 -7707967479832697829
156 116 -6655032259111408808
156 117 2799228195015910655
156 118 -2043788557446478047
156 119 -4095970132422120146
156 120 -8231912669583658618
156 121 5869569590048126300
156 122 -5580738677471045453
156 123 3274998497521966394
156 124 -8579501020686452758
156 125 -8516258134975018813
156 126 7062875979089598512
156 127 7204494298397770235
156 128 3926254781186885235
156 129 -7669045969051894242
156 130 3359648619906562364
156 131 1882186155898826755
156 132 2629371793099675911
156 133 1544317616698374357
156 134 5376823663147919808
156 135 1985098253024643387
156 136 -7327551774143422868
156 137 7518865877831944113
156 138 8775209807419938365
156 139 8662971361011788524
156 140 3635141010986003399
156 141 -6979007338349495736
156 142 -5862769702464624196
156 143 499413130719898588
156 144 1909329306190948348
156 145 -5819031967145567757
156 146 -398129508066842436
156 147 -7961443597742893573
156 148 6595996881565528689
156 149 3533002971942807434
156 150 -6269110069917924503
156 151 94899502416316742
156 152 -887232273018206354
156 153 5298038448170173482
156 154 8393023674765520859
156 155 -5186709565595234979
156 156 -2975944208152661948
156 157 3901370153444612294
156 158 8863243152212525485
156 159 -7810028004500078335
156 160 602759021638697412
156 161 -518311488072005529
156 162 -2402079388701572359
156 163 1923319880416458120
156 164 -2408728929475903284
156 165 -1540697417945306337
156 166 -6983159612034575482
156 167 2620459321765682228
156 168 3864618016112539720
156 169 6908619305015497290
156 170 -5328242007581954584
156 171 -558681711917038453
156 172 -5509524092262592834
156 173 -780052054166182154
156 174 7041836585840224872
156 175 4209400708893390252
156 176 -2235120036337242858
156 177 1188873789474325505
156 178 6458587159141162695
156 179 -2178047882841384928
156 180 4961190813132243031
156 181 -8488163296809870109
156 182 -3023826344391558357
156 183 -5620683138189922452
156 184 -2618302435788475794
156 185 -2965067273769848169
156 186 -1890261297516198729
156 187 191888291419341862
156 188 -2918018136235895806
156 189 3892356806456391364
156 190 2895382213418233155
156 191 306236984592961682
156 192 489500406879884271
156 193 -8589521369570627364
156 194 -7725469144152673398
156 195 -1773928868823585584
156 196 7046222631892753268
156 197 -402800548375670228
156 198 2976252839563533258
156 199 2762810264008261013
157 0 7873013765424108618
157 1 -7771573698640824859
157 2 6964791767240434194
157 3 -3783658286432494967
157 4 -2243054343546600211
157 5 -7274878778317152628
157 6 -7805343299638355562
157 7 -1316932299155517411
157 8 2691442785993789049
157 9 -8232597855980737932
157 10 1604519754525543579
157 11 4438780228345924520
157 12 -205171299117144170
157 13 9033730509213906061
157 14 -3841430530852012620
157 15 -3943271763446392909
157 16 -4984676263742444924
157 17 8920218615409312810
157 18 -5066050953855173102
157 19 -6131860246633526039
157 20 -2446749644778959001
157 21 -8928598221099167009
157 22 5441174959985288818
157 23 9037496111062295953
157 24 -1270327794168138059
157 25 4848542753837851401
157 26 2853697978481927913
157 27 -7693289806394095870
157 28 -575648104973253351
157 29 4486699018581005273
157 30 -7103049159897768438
157 31 4253719402082201792
157 32 -7729813154834031623
157 33 5546438285864829155
157 34 3653093713268310123
157 35 249836980748918295
157 36 -7420530888484517784
157 37 916262903088469035
157 38 2511510682086466714
157 39 -6956945169040863072
157 40 -8590812228163136607
157 41 482566821022697777
157 42 -533390595521388024
157 43 -1274731537587654240
157 44 -2713316827535285737
157 45 -435237521725447695
157 46 -8219386874623248657
157 47 6008644758148255146
157 48 2098282112310156850
157 49 -7316870432330175985
157 50 8047886303544974492
157 51 8234130248131262589
157 52 -7497181178521285059
157 53 -4578257840777181397
157 54 4668974857494226837
157 55 -949036353447934982
157 56 9140940085213926328
157 57 -5226456597882695869
157 58 3296020596512729075
157 59 -8795319726861004362
157 60 8071164756649768895
157 61 -6384639223262914802
157 62 -2395094521879680251
157 63 -6988750091976017857
157 64 1556520021517231444
157 65 6202153309595577539
157 66 3856875659954332141
157 67 589656332459915318
157 68 -4706159157407394763
157 69 1854657920488172288
157 70 -6854224148487303257
157 71 -235614883241715481
157 72 -6587834903661746110
157 73 -3299878704254380894
157 74 -2243848229277910383
157 75 -1887333673441278378
157 76 -2036763358733706569
157 77 -4881161372718296008
157 78 7320363780649474206
157 79 5639918072482604071
157 80 9088660581849008671
157 81 -97714617535666160
157 82 3433371768622072974
157 83 6917242097563774297
157 84 4388892749139367031
157 85 417901254634727930
157 86 4699375572038640691
157 87 -7142208556015874967
157 88 -7201281717660207002
157 89 -3883363367988840016
157 90 1848611015197259464
157 91 -7977752330463637049
157 92 -7327183271903745501
157 93 790537138929523173
157 94 3504481428034599241
157 95 -2524330948743114516
157 96 1776545896818522969
157 97 -3674396750191787980
157 98 -667405101505386154
157 99 -672081250601708701
157 100 -8214808074861543912
157 101 7787884797999048225
157 102 5117436839070952390
157 103 -3773507125442937209
157 104 -943243256109413939
157 105 -7187872116067019688
157 106 -5364909214349450008
157 107 -1619349868503765288
157 108 5087336123826561439
157 109 7362353847456632292
157 110 -3121437084036217794
157 111 -1125973764157846666
157 112 991617821019327877
157 113 -5305293635125104427
157 114 7633860259086171767
157 115 -8406070947587680564
157 116 -5233493691569434332
157 117 5013972216060211990
157 118 787951563359307739
157 119 -2537165365429898940
157 120 -1816468673215284184
157 121 4314842139442498473
157 122 -1860185587356142978
157 123 -270197500762211490
157 124 3123343344306023600
157 125 6229869510475171197
157 126 9209322732685299612
157 127 1402087077382937459
157 128 -1693876152684049621
157 129 3510951443319981479
157 130 5184142559644744846
157 131 -6034923307107936218
157 132 -1052733287978928028
157 133 -4900040153789701082
157 134 2513765729944251100
157 135 8793781576040804767
157 136 -7369000748427313391
157 137 4903735765318564697
157 138 553319240876811531
157 139 -7472136240985675174
157 140 -3651094443539818602
157 141 -2018124267966119060
157 142 2085348981540695386
157 143 -2240604003746869182
157 144 1948246524597378322
157 145 -3202521231507118467
157 146 2352828962731928834
157 147 1787414571079536312
157 148 4850478865351048359
157 149 2367383969713815706
157 150 7769935946029760834
157 151 4317020393764668456
157 152 -8816370618153525924
157 153 -6453558868607944357
157 154 -581638081343375080
157 155 2250646808459447110
157 156 -1469430211050409667
157 157 7272446819459669049
157 158 3024844942645063373
157 159 6768073076827419660
157 160 9099800734573786854
157 161 -6850027483494068673
157 162 1076508835829145380
157 163 7251687074648569314
157 164 5731705070606073977
157 165 -3155985072015187974
157 166 -529870725143265557
157 167 8427264468922257560
157 168 1566385165231485132
157 169 1212784448606767714
157 170 -974186258064008260
157 171 -445861296766147424
157 172 338493002939074055
157 173 -4816731323286137260
157 174 -7348026428751755509
157 175 -7413431847546358285
157 176 9037022857214886396
157 177 2001077874184531684
157 178 -2990299431749301218
157 179 5205605101907079308
157 180 -161795113052753725
157 181 -5059070151797949289
157 182 -7264665515408361974
157 183 -2450289058550186589
157 184 -9195545517032192724
157 185 -674715716025326126
157 186 -6929364598024494897
157 187 9056564897767234539
157 188 -5813348781549039804
157 189 -1626956526524096816
157 190 6970907679471464588
157 191 4449428895092712810
157 192 -806993058221311581
157 193 -3900344507884657523
157 194 -8444911798038116037
157 195 -5165395459629268206
157 196 705845728531647275
157 197 -8358302600325667293
157 198 -5595715583833110443
157 199 2241595708289647762
158 0 -7082757978390839121
158 1 6149282069216294655
158 2 8617135336475233507
158 3 -5110341695260025327
158 4 -3656902309688928186
158 5 148094142989942547
158 6 2344916417203928645
158 7 -4411564622488019152
158 8 -389848807345022361
158 9 -1587763023057307823
158 10 254741558051676785
158 11 -5517334878756394124
158 12 -7162790744234285589
158 13 -7725934515388575632
158 14 6421795567565253371
158 15 -1972271133414641113
158 16 -7128162385460709435
158 17 5787257070316465497
158 18 5497242987760816293
158 19 -3399062076959383877
158 20 -7565604679735425588
158 21 4248432350045315053
158 22 -2567564517659323553
158 23 -2795707569240491740
158 24 2046384011023737051
158 25 -4091209352304725850
158 26 -4502657431956335656
158 27 4380245479401159471
158 28 2563333482376298150
158 29 7226895608396913930
158 30 682042503260256855
158 31 -8107997977614146874
158 32 -235425489777170234
158 33 555494972769890637
158 34 -4207826695949295664
158 35 1129184813357363247
158 36 7633076712767266136
158 37 6941326364534881472
158 38 4905011986333880667
158 39 1879109884344150920
158 40 6000371015497150191
158 41 -1103532499645590689
158 42 -7147845639922618905
158 43 -8683927965292899083
158 44 -3179322394086533209
158 45 -1697993160109688036
158 46 -7940468290782357239
158 47 -4526316392748264214
158 48 8831770398621770181
158 49 -4618922321294322921
158 50 -2570770717464173028
158 51 -2714908145261978810
158 52 7696822760298609016
158 53 -1429946267474915678
158 54 7681276700865045760
158 55 -6667396917851634634
158 56 -893578475004389737
158 57 7926696671112955919
158 58 647511053780855247
158 59 2559923276106588985
158 60 2700008037383953479
158 61 5234782785308129623
158 62 4197479170267331922
158 63 6758368687437957807
158 64 7947006960842274396
158 65 -4113931003765802685
158 66 5385400901199139179
158 67 2608145666135646225
158 68 -9164312237148717392
158 69 3843450458689447207
158 70 -6150118105137875182
158 71 5620424534473105866
158 72 -6357891558541136279
158 73 -6380921430559662892
158 74 4685225960182010768
158 75 2457944810204958237
158 76 -5418485497424480885
158 77 -9014157744628254920
158 78 2483013994205806023
158 79 -2906545844349288723
158 80 -8554799924610218929
158 81 5830977796333858906
158 82 4928421111472733049
158 83 -3197672747352396456
158 84 -7464053429658068398
158 85 2060105021642926108
158 86 5535624443955782464
158 87 -4186206743399406613
158 88 1694522670391203906
158 89 8977107190097137187
158 90 7309413008743855160
158 91 -7515741688325108870
158 92 960700265700771314
158 93 -2567598503303855837
158 94 -7680235919188220678
158 95 3475130460147638520
158 96 -6426578085003114216
158 97 -328973910920347680
158 98 9091693199162370093
158 99 -5506924422434899955
158 100 3598886888401422381
158 101 2346547054144655742
158 102 6627182605406798106
158 103 1647120486656484986
158 104 5158298189201528983
158 105 5615705262726726634
158 106 7638918111892451178
158 107 -7424477234785154711
158 108 -396150852312083278
158 109 8633970712206252315
158 110 -1804972484239293356
158 111 8926110500081025442
158 112 -761570019522353325
158 113 1217827945626655762
158 114 -8758725350237547332
158 115 -4206826269515226861
158 116 -2790523875275006415
158 117 -8800221550671147240
158 118 -1465931464741852247
158 119 8751971779538508841
158 120 8624995745031770587
158 121 3698669151737103226
158 122 1137745569106124558
158 123 4931974562563778028
158 124 -5157908524504195893
158 125 8582477833598964033
158 126 -3795864213778211636
158 127 3669266852891213274
158 128 1562830804543813779
158 129 -7244471749703103207
158 130 6566618372960513168
158 131 -8489216517968433926
158 132 5574898909132075963
158 133 -1763278199846629227
158 134 5336372596531770510
158 135 7419017654023545823
158 136 6544447694587002264
158 137 2038040511361121228
158 138 6948743985317993557
158 139 6990071832271974185
158 140 -4836932090970035794
158 141 -7089767914435189700
158 142 7801437329134552904
158 143 569809585416647442
158 144 -5803192312851603568
158 145 2038397144671867628
158 146 7967655326064897063
158 147 -2769986890344197731
158 148 -3352528549769029639
158 149 -1313686921762149486
158 150 -3098501066147132245
158 151 -7729953049105482707
158 152 6735306987481435452
158 153 6330053485906322861
158 154 -4764081586114996134
158 155 8750902505025695637
158 156 8086795385398948358
158 157 -1815482532776188389
158 158 6504866164104800207
158 159 -30181100659406846
158 160 5449149290982027302
158 161 -4876401847041654174
158 162 -1323843181073220013
158 163 1540593328789524873
158 164 794211167556840116
158 165 -8814006576850049949
158 166 7407200509929860292
158 167 5776983506664415212
158 168 5940801325429277309
158 169 8129482536414736830
158 170 -7854850038060121417
158 171 -1773027317144109724
158 172 2187258214842998496
158 173 -7193711635746965276
158 174 6105690412029812157
158 175 -8093368394879451027
158 176 -4913122606627299553
158 177 -1958877117432284339
158 178 -4025094977906085265
158 179 4952514522065746057
158 180 -9200667525924108859
158 181 8460332169987137800
158 182 5852981765823081650
158 183 -5873881169713581528
158 184 4002675557836116811
158 185 7192549577988626678
158 186 -3004237877913458901
158 187 -6938285457191189611
158 188 -6165438913061021411
158 189 -3489660906324256711
158 190 6157594319981345913
158 191 409813506831715785
158 192 -3974934414807194412
158 193 8611043254534258357
158 194 -6061437745439740051
158 195 6582281982281106507
158 196 1535824253088954120
158 197 -8964435421723645173
158 198 -1819205731008654140
158 199 -6500282251745020209
159 0 -2910328626700003754
159 1 4600250343207218936
159 2 2249611635748874228
159 3 -8781938648397070707
159 4 7825917546611397924
159 5 8425598951472449889
159 6 -440844893817955570
159 7 3648436466215320183
159 8 -2320620010527437804
159 9 5207709877931500206
159 10 8993958590782555361
159 11 933545683870129856
159 12 1163812720717615429
159 13 -6049975138444580925
159 14 5408319435287970151
159 15 5661466554890653793
159 16 -8454020521170235532
159 17 5702195948441913300
159 18 -4108696714020356322
159 19 3470013103502325692
159 20 -8306086129253111330
159 21 9199695726669815629
159 22 -5491284080806258796
159 23 -5881717323420806325
159 24 4583659575848803019
159 25 631884886379356611
159 26 -7874954054640881024
159 27 -1513815826374662477
159 28 2370037562761753203
159 29 5840299366715241642
159 30 -7048133441754195629
159 31 2227060409132480050
159 32 2421467525888950954
159 33 1267550341816284515
159 34 8683599032799414671
159 35 -4193741664145553978
159 36 862450785779347640
159 37 -2854414380508331956
159 38 3034906906018214895
159 39 2855585588589178469
159 40 -5083230549475455739
159 41 2191349804931382698
159 42 -6748905073869450543
159 43 -834002215641804891
159 44 -3348108383832820575
159 45 5582553497159202120
159 46 -7002901432604372391
159 47 -7961613347795652739
159 48 -8818859402854310449
159 49 7092964477524110507
159 50 -5960230607192093770
159 51 6924314880044835586
159 52 -8306305743606495446
159 53 6644817147077168967
159 54 2995171392525641062
159 55 6913399746008063641
159 56 -2246975776726382449
159 57 -3269421933792416151
159 58 -4368624769740425094
159 59 868211169938812179
159 60 -8550583808994845239
159 61 -1397699490041712757
159 62 -5274449215187814749
159 63 6043845218185982868
159 64 2731001205085467627
159 65 7766879137349430233
159 66 -5013836857643469797
159 67 2166025774330331989
159 68 1277213773170475027
159 69 -7554468591992903351
159 70 1928463498133252875
159 71 1665689056479535255
159 72 8965041080411376436
159 73 -9493659222830867
159 74 -813516975644653415
159 75 -5245693536520415187
159 76 5202665563243188228
159 77 -6615326291369304177
159 78 -1681271327923656399
159 79 3753327933215431715
159 80 -6338208831067222240
159 81 2843686021316244231
159 82 -429378502574110466
159 83 -173847378039352625
159 84 5801865784210114804
159 85 -3999439185741003889
159 86 -2895820801260421449
159 87 3091224929456585662
159 88 3819009506451889221
159 89 2470900805834562184
159 90 4217576567945985157
159 91 3277028639106319257
159 92 -5727533782012484858
159 93 3046407644450727267
159 94 -7895801642553869994
159 95 -9078154254505210447
159 96 8439451699109317665
159 97 2390060623972077884
159 98 -6550785041756040774
159 99 -7836704110344460130
159 100 8341447081228615789
159 101 -4872428499891226114
159 102 5194895836717032874
159 103 5914655402915072337
159 104 2158162013346806858
159 105 -7971907752494551162
159 106 -7769598765983014682
159 107 249531959209170999
159 108 1532145766710773117
159 109 -6702344139975310850
159 110 -1037792473184804708
159 111 -1786529885724586616
159 112 -6080832413208401173
159 113 -7576960850847135721
159 114 9007940240905519562
159 115 5260684044068924114
159 116 3069367551959315444
159 117 -4358888345696785786
159 118 7983920622202632100
159 119 5857689417080903267
159 120 3659712791850055313
159 121 -9147080165374235625
159 122 1946808753687424898
159 123 -5294620911665125558
159 124 -354124494454639127
159 125 2469356035015806489
159 126 1742857633466084712
159 127 961058275070142541
159 128 528068222268200720
159 129 -4765021272314605170
159 130 -6941813266244571667
159 131 -7233077907386644738
159 132 7703951923355478364
159 133 -1429666811808258981
159 134 7638936105977103710
159 135 -7667127458415483111
159 136 -2405397348766474343
159 137 -5819411922335036001
159 138 -6182192814291563047
159 139 9114819704371183134
159 140 -6481783153856064830
159 141 1133063958125946598
159 142 -5747342280671798980
159 143 8041789286343563705
159 144 8845634544274812692
159 145 -6679606784093447384
159 146 122752280553938510
159 147 6636821609127133881
159 148 7731012616515405404
159 149 -3865043655693469240
159 150 -2774087352845029727
159 151 -1912859433969606589
159 152 6895832027008877616
159 153 3051392718692624630
159 154 5938128097111675382
159 155 -2176496872359794617
159 156 -7013191969427554101
159 157 -6822484938126012111
159 158 6862164423337280015
159 159 -7849477477016356025
159 160 8185187649929926241
159 161 8210331322383392506
159 162 6385834450475172613
159 163 669392733872017414
159 164 -4172962890293039097
159 165 612709822908370038
159 166 5425402156402965856
159 167 780268998977079321
159 168 7758483665742866046
159 169 3823054104021515133
159 170 3404605999964409158
159 171 -825310699460742123
159 172 -7348919810597186505
159 173 933651005885601539
159 174 6717269198807156854
159 175 -5049667744499659510
159 176 8349050989557526413
159 177 7873092504843989805
159 178 -3322609118108698623
159 179 4809877484035255331
159 180 6713153741042337159
159 181 -9119901567872231185
159 182 -7090186989248901720
159 183 -4133404910629444588
159 184 4215617877866303357
159 185 4033755964819631297
159 186 7251820520089723060
159 187 7583708694746839197
159 188 -4159596368848420730
159 189 -4622374799513165833
159 190 -3324640234909591896
159 191 -3761623818573731633
159 192 4317646860606397423
159 193 -7220000753716604627
159 194 -5011264830239960991
159 195 7450335413643350608
159 196 3638204922586177298
159 197 4527518471437541899
159 198 5350036482450860227
159 199 4208663384089334032
160 0 6956252045100606097
160 1 530313976706235665
160 2 1163220111887606956
160 3 4592478443916213692
160 4 -4997117395332285711
160 5 4140733335385457010
160 6 6706148060069013279
160 7 -8312004425760484272
160 8 -378128443064311851
160 9 -8263762764972384584
160 10 3143270610458842750
160 11 1156487052175606668
160 12 4488220330571640689
160 13 -2199973245546203342
160 14 -3000727814292778773
160 15 -4319465840781757188
160 16 8654212955466425440
160 17 -7489753578908992984
160 18 -6601507547542062120
160 19 1918275030265488958
160 20 -242227120233630766
160 21 6166250637053481702
160 22 -351660194066218070
160 23 -4254713672283337438
160 24 -846805441755408045
160 25 -2588141563021801690
160 26 -1903170524663847098
160 27 -6725485797449607155
160 28 6222637500834971030
160 29 -1394629794661548068
160 30 8244434978159735422
160 31 3969760278176305944
160 32 -8068804479540308266
160 33 1644753956388663372
160 34 6825315781694931973
160 35 3577780863193305656
160 36 -952688651235089887
160 37 -7952659529916819640
160 38 6848622183931858792
160 39 -8439630696758653438
160 40 936101525674616250
160 41 -3963761335327105554
160 42 555601176310322653
160 43 5468646693950415362
160 44 8761302110735593764
160 45 -8620103789784147406
160 46 238617239823567313
160 47 -2981744476130477422
160 48 -2444006916213058353
160 49 -2412443242350134153
160 50 5765794793273630423
160 51 -85938979606918680
160 52 -7035517699127818577
160 53 -7640312242696529362
160 54 -7374631698669097314
160 55 7129977802028010640
160 56 4681986600317102946
160 57 -3868260536455585087
160 58 -2889332810076368420
160 59 7041269361556446807
160 60 3251837297335785167
160 61 -3520477353186325036
160 62 -3167607005679977560
160 63 4753646362680057401
160 64 -2317499510753389753
160 65 -1360966985418198216
160 66 1186115343577331054
160 67 2167977833022312605
160 68 7249016509313370385
160 69 4854882684246828432
160 70 -8671874347292902990
160 71 5742641472732087961
160 72 -781328927495259753
160 73 8420439234706015739
160 74 -4541334156511356694
160 75 3124750636511683710
160 76 8862803456090511259
160 77 8425635823192581530
160 78 2761130727823071266
160 79 7018580949958444714
160 80 -3382725456212551797
160 81 4327338696902270712
160 82 -6765719025133566533
160 83 -2704280755866242393
160 84 2641424732274520898
160 85 8334945974295868179
160 86 7815055865816331552
160 87 7172069295126734813
160 88 3477907673176869838
160 89 -254553759579182380
160 90 -8578529921560292351
160 91 -7480647947974808042
160 92 772708535415221618
160 93 7823317769263629058
160 94 -1677183512898861748
160 95 -6605283371808607740
160 96 3604699471281340233
160 97 5532079327388998552
160 98 8967382535221730776
160 99 -8621447137175228924
160 100 -4572488726461432394
160 101 6438364416090123035
160 102 2719032056865782678
160 103 -4568401939627392853
160 104 8925628593529099651
160 105 576041187046072981
160 106 2422222121609219678
160 107 6581363818043176598
160 108 5189106299308770310
160 109 -8181958106030485071
160 110 -3270589626458629243
160 111 8716492419906265153
160 112 -5852263788703809818
160 113 7847600182782345204
160 114 -5809944691896196686
160 115 -1704408926815831217
160 116 -3618804391143316267
160 117 301822559648139837
160 118 -9193046674366844372
160 119 6895809508984376411
160 120 8441363560423397939
160 121 5706832790846822829
160 122 1749647052549764291
160 123 -6941467837925876871
160 124 -1460418335408660349
160 125 3309666960522061562
160 126 -3752277435051327285
160 127 4103842693486150467
160 128 -1971841267623036937
160 129 -4215527769623756059
160 130 -8432311337338719595
160 131 227193310489647868
160 132 -1584149663859369280
160 133 -7938948531901577199
160 134 7739459827149163385
160 135 4813378917286972293
160 136 -4439306125680236072
160 137 -5476729730683168892
160 138 -2960224153002277378
160 139 3953329249163777713
160 140 -1370363223665128479
160 141 5124304401267389039
160 142 -7885930103226392065
160 143 6762994569998242290
160 144 2954531953707042108
160 145 -3333965611501228185
160 146 -2219542955658407460
160 147 -8808531250198326053
160 148 -3077868794307754387
160 149 -8815343514980486942
160 150 -5063416104928743196
160 151 7865287997650496476
160 152 -8610445978941612579
160 153 -1687450871341047373
160 154 1424803733610874913
160 155 -3920399233039559541
160 156 -7294856077014825754
160 157 8143153233035338462
160 158 -6098819729117895121
160 159 -6790909294587007471
160 160 -4746412022017327938
160 161 -7318022611421513201
160 162 7742894525593634601
160 163 -6794168746672830906
160 164 4772970005744322352
160 165 7676803596479006510
160 166 -5960764016327650815
160 167 4139895344033381109
160 168 -7261752096707776725
160 169 -899970516698936057
160 170 -8080744551259621352
160 171 -5484361464894015804
160 172 -691203367957668833
160 173 912000529503927689
160 174 -1285629489718945705
160 175 110380067444304158
160 176 -4633229313399052978
160 177 8968866551747445449
160 178 -157881517913857222
160 179 -6060546128067242005
160 180 -1389197330868674296
160 181 -7001015540095870729
160 182 -7786182230396007904
160 183 7001085749546174694
160 184 1389081350877043741
160 185 1603716332176353413
160 186 -4531006540787985547
160 187 -2452017598282443439
160 188 -2249778643518211514
160 189 1314277817438061515
160 190 2918966911634228655
160 191 -1008837766249815885
160 192 -8788701596242119361
160 193 -7249467516372170520
160 194 -5329456154817985218
160 195 3844968443982032708
160 196 628299455814090469
160 197 -511816234587277472
160 198 -5885337970472817849
160 199 -3883705587585320221
161 0 -8552516985707639658
161 1 -8930229212214282579
161 2 -4617740663907005982
161 3 3224171545884435590
161 4 143476096092820740
161 5 -657981539825682453
161 6 -5219430283250110346
161 7 -2791045852780608193
161 8 -4670805917118921218
161 9 -6282997167979072000
161 10 -6831552796987989086
161 11 -5884677736679750471
161 12 -1229679687752318539
161 13 4982106339466984494
161 14 -2819710342248181259
161 15 -5702897541776787137
161 16 3875850459809580232
161 17 -2706729759539932006
161 18 -5297092063648076134
161 19 -5841486712307430268
161 20 4900246853048426953
161 21 8745191635176652952
161 22 431464214211050013
161 23 1395634090365690953
161 24 -5089441669366519312
161 25 -8817442453383645498
161 26 6682633865102258073
161 27 -1475115492110378606
161 28 5669201053704204326
161 29 632201301993433332
161 30 7109197771814688840
161 31 6200999284255294654
161 32 5608422436497331614
161 33 -2629478234617722461
161 34 -460045192219917173
161 35 1230902372513418515
161 36 -5082493822111971536
161 37 -1973626150265419968
161 38 -7802836840436333292
161 39 2487548834351248618
161 40 8590363329947574692
161 41 -2681178450865326210
161 42 -5028113727596790152
161 43 -3036535516585835770
161 44 -6817347428447713029
161 45 -4468303516333021320
161 46 8583995692671449180
161 47 -6778864314505606865
161 48 2669925875765890937
161 49 5682806095059502392
161 50 -1148387409096615887
161 51 -2188976679948379441
161 52 4041833521228840394
161 53 744963841560886727
161 54 7031148479559253178
161 55 -3047776418162409237
161 56 4501975387468152225
161 57 -4424503098781299853
161 58 3943052667528149405
161 59 85358031319461122
161 60 401694772680611960
161 61 -8277957606055516248
161 62 -2397586078988140394
161 63 6277695505274158738
161 64 2615251818630264110
161 65 808184228795556025
161 66 -4669933203803453602
161 67 6115089675081575869
161 68 -7933532951122873135
161 69 4863058365446938520
161 70 -5712631413292390969
161 71 5001857919995398355
161 72 -2454022078964569827
161 73 1838540787134762659
161 74 -3938066574733800182
161 75 -2849725181546679145
161 76 -5871304803962297698
161 77 4838565329584632043
161 78 -2312530369962306837
161 79 -3127285843008826697
161 80 -6914848321986102586
161 81 978489662780716559
161 82 -6295546202792812388
161 83 8958801564672813570
161 84 1459720238221667671
161 85 1166415946928032797
161 86 -682817273422604409
161 87 568144457811086438
161 88 -4306955191995519051
161 89 -6650509590553384566
161 90 6692948691368967255
161 91 9007863569108408223
161 92 2620653140299194106
161 93 2449224909417147553
161 94 5331578795530229528
161 95 -1069864875851701405
161 96 -3848028913246893381
161 97 7569948031690898424
161 98 5185385479429595710
161 99 7010669681198029678
161 100 -5048507941954341405
161 101 2507250308628942360
161 102 -8869036524832282355
161 103 -148641361957582931
161 104 4115217492636840029
161 105 -6140507464295828327
161 106 -5891671421419696847
161 107 995281967227367992
161 108 -8054826168426014083
161 109 2769506654288096562
161 110 5825829202714864059
161 111 -7628796040868056832
161 112 6504752733682540205
161 113 -8467130477665502375
161 114 -7404885635618160702
161 115 -8689283945149940009
161 116 5192792813943148162
161 117 5267998919433940854
161 118 -8957507868952791214
161 119 -7781153188768916778
161 120 6193409645691457983
161 121 -3857544755448186936
161 122 891237472141310953
161 123 4702245508177508000
161 124 5228644947660909731
161 125 -4585127315393673764
161 126 5574665983936718115
161 127 -8626636874263675920
161 128 -899805419348557195
161 129 -5343552395562016611
161 130 -1255873760376720201
161 131 -6538823014456101079
161 132 -6101642800232590060
161 133 -1495830258589902943
161 134 5516341585193591529
161 135 -968083426536563292
161 136 -2480546635532174889
161 137 3558654452839772065
161 138 -8176288514184298938
161 139 -3353619512401996009
161 140 3099170919052887106
161 141 -7483220103033432877
161 142 4187467898617819462
161 143 7171940323398201646
161 144 9048704588542344386
161 145 -6759539170068493571
161 146 -3263692560574383672
161 147 -7617564925108961543
161 148 -1146247749943507957
161 149 -5255555052414869810
161 150 4415685960086498482
161 151 5599654083056507596
161 152 -3258227178739994117
161 153 6337306429761046950
161 154 -422798191220771073
161 155 -2374876142691314254
161 156 -7358650613197845044
161 157 -3909081912946010234
161 158 -7409548184411327206
161 159 -7931057295807500636
161 160 -3334115159279067878
161 161 -4798113347217123443
161 162 -3126735491886303140
161 163 8147792929413116545
161 164 -3993493484691459752
161 165 -2407112096632249505
161 166 -4229098868748637095
161 167 8419582021059389653
161 168 1919116345202912679
161 169 4276522794032487678
161 170 -6609853154802140030
161 171 9152681827401480587
161 172 4619890824345152057
161 173 -5742037960938508864
161 174 4113235860105885125
161 175 -366054399649697851
161 176 -3899068565537546765
161 177 6139772038203871332
161 178 -8396327136102002111
161 179 3774923866043723221
161 180 2044956198175440394
161 181 -4463756240565844575
161 182 -6539262864089480250
161 183 8636289644638426854
161 184 2083773899447008498
161 185 4989924143255333109
161 186 -2709807863189137017
161 187 -6485820177464599776
161 188 -1786838765119484757
161 189 -120828377930225676
161 190 7968799892399017343
161 191 -7299506853364990216
161 192 -5521102927107511584
161 193 -7997659500386979022
161 194 -632532072960062126
161 195 -891103031115219899
161 196 -6016337804187786586
161 197 -87952645809239143
161 198 -1220412185599023172
161 199 90894619594438814
162 0 -4041733413922805251
162 1 -783730321277074182
162 2 -7410484868060504494
162 3 -2444189534689870206
162 4 -1651640484064129074
162 5 8436502854637106444
162 6 -580161766874503557
162 7 -4012993740719067295
162 8 2159368304358397
162 9 -3546359848779346681
162 10 3380868945169662298
162 11 6144160689258568161
162 12 -4489424574934576481
162 13 -6166516474172161635
162 14 -4136761260686905200
162 15 4343979606514219351
162 16 7289781026626861223
162 17 -1679031121407218641
162 18 -1315695660157309057
162 19 566791731474053744
162 20 -5038749099252864940
162 21 5743765848186232130
162 22 2473712945329780499
162 23 1081038496502327074
162 24 4833699015871947882
162 25 1011870003824450057
162 26 -6306057256664064694
162 27 9077074961497567344
162 28 -7588944023887789561
162 29 3147226622373434168
162 30 3341625797054048338
162 31 -9141733538664147055
162 32 3822079066781383445
162 33 -8824283587655589381
162 34 -4644249834737648030
162 35 4853713834949257017
162 36 -45257086608611956
162 37 -4401415224551274646
162 38 4631542624211994236
162 39 -571932151434631039
162 40 3984599406511544010
162 41 -7827838496108364038
162 42 5516759846671044956
162 43 994821065443322743
162 44 4558658100436910496
162 45 8102119474962272930
162 46 6470519774528464280
162 47 3772088864565244043
162 48 6350632890705282760
162 49 -5518857781038202458
162 50 -3417457929893138748
162 51 5207389586939721622
162 52 -3735866870211690989
162 53 5585481827032182547
162 54 8798117674119988867
162 55 4573044825167635578
162 56 -763325559317348752
162 57 -587899230153016776
162 58 8370098706753052458
162 59 4372806548075726198
162 60 -2854795975938453905
162 61 -1869900746904544546
162 62 442279830650444011
162 63 -6791355574753788091
162 64 -1864063238880887791
162 65 1922320167701519187
162 66 -3377140529332330038
162 67 8961569045329596369
162 68 8345151027180166902
162 69 -356393796200190776
162 70 -3158339482769699543
162 71 4209434796058835398
162 72 3444199474103346169
162 73 8776866486198964589
162 74 -5609451311044658225
162 75 -7667826346791745461
162 76 3107669170972322323
162 77 6704363601731855542
162 78 -2139733875547935533
162 79 -5803063523840468540
162 80 7221957245690421097
162 81 5776977925553786576
162 82 805410645742347747
162 83 -7436596980313590263
162 84 -5552455893194540731
162 85 -1231117072942150715
162 86 -8862405905489488164
162 87 2761683025550547889
162 88 8806245111835491390
162 89 8558858531917508334
162 90 1083021679116170701
162 91 6948117868775914491
162 92 4117476308467230758
162 93 7464633734893365709
162 94 -1443240051284867669
162 95 1124478969388442808
162 96 748512254747467366
162 97 -1999564183898552380
162 98 1758420452795350803
162 99 -2014998284892787819
162 100 2330827259999424748
162 101 -7816619885702982473
162 102 6593784141043102702
162 103 -8702054719399447658
162 104 -4412410547146374386
162 105 -2262791027919142648
162 106 2076520668216718206
162 107 -4032036879792804793
162 108 -3512362533346831344
162 109 -976893137177542297
162 110 -5359947659125638983
162 111 -6215637057013559350
162 112 -256482757950800004
162 113 1939255348916761254
162 114 5427919631983520575
162 115 7429552450036863465
162 116 -2960039940920456293
162 117 -8630843236688085668
162 118 -1401253368134493089
162 119 5059394313486712906
162 120 1339167866622525350
162 121 2318700001763853669
162 122 -5552482600774937432
162 123 -9195580438954576937
162 124 6903792927882781777
162 125 -1226376305686700040
162 126 -8502328110225958106
162 127 9215785293639371849
162 128 -3447677981963631658
162 129 3633652137307581797
162 130 8542053055254440828
162 131 1389679771992902408
162 132 -631420415207629184
162 133 -6953551486196097464
162 134 -1016181195548888161
162 135 6289826669901072149
162 136 6316160653665974265
162 137 -915295075668547019
162 138 4410300282965528706
162 139 2917641587199443368
162 140 -1929648569075343048
162 141 -6274416363996435428
162 142 -6346877744928395019
162 143 -1389370249531926021
162 144 5257914424212175261
162 145 -7753163636655517134
162 146 4324629436857223441
162 147 -5195493362476682846
162 148 2583234210263535841
162 149 -607698565979824663
162 150 4801257827287225168
162 151 2683038852980685234
162 152 -6685007705319086421
162 153 -8168515898345924939
162 154 7372177939963166310
162 155 7095896210664416636
162 156 4435979481960360840
162 157 150297820891707766
162 158 8770515247469916989
162 159 7845624394644611844
162 160 3326461629186953747
162 161 6697720938804795150
162 162 7206940166776936574
162 163 -4543574070171247945
162 164 5946533371668289723
162 165 -5662577003009948676
162 166 5629708984394679349
162 167 1203108913441675824
162 168 -3115208327519770245
162 169 -6425355901881286508
162 170 7839539639327883421
162 171 8537919421046255387
162 172 4796900180208350732
162 173 2269368327356515929
162 174 -7961530520955914353
162 175 -8854581588250333749
162 176 4341668371653542853
162 177 6692976113070229602
162 178 7938569245618003324
162 179 -2490546394314288242
162 180 -3177868437743574914
162 181 8848369163132734350
162 182 6194765419881146370
162 183 2203045782245147549
162 184 5535640593430850395
162 185 -2872320316891557482
162 186 5849576810360157032
162 187 265430230758068995
162 188 -5529152677689703830
162 189 3391181989513436352
162 190 -345259250939954280
162 191 -539482260158651585
162 192 -9024879675279636939
162 193 -4358123256248905334
162 194 -5964139535492679189
162 195 -3137494578311900838
162 196 -3898679079577721056
162 197 -1809916943237502981
162 198 -5165522569012379034
162 199 -3618538111518639386
163 0 -3592728405926237591
163 1 6886787385737195563
163 2 8700523211748780182
163 3 497948197988405762
163 4 6788045537069857086
163 5 -7427474072408407314
163 6 5765852807022017372
163 7 8781580302581156203
163 8 3881516281909878041
163 9 1734362073929770467
163 10 -9119882647443061851
163 11 -6252012138861585873
163 12 1790386091776723342
163 13 -6202762683327373551
163 14 101933539677975221
163 15 7585680467721905536
163 16 1248714847313982068
163 17 -2948341045903268444
163 18 947504151793321065
163 19 8719439711226188376
163 20 9219274731183466202
163 21 3881266954067158836
163 22 738815139423364471
163 23 5700608564799382017
163 24 -7105283023618111153
163 25 3680125793696735431
163 26 -2149415698499773121
163 27 1882355440624873527
163 28 -7275406552211983400
163 29 4907727733448256780
163 30 -1004319401044928420
163 31 7080453997867923547
163 32 -5289527365808966493
163 33 1395064635392288153
163 34 6100765187244747504
163 35 -9148815446139501930
163 36 -6861482723953270659
163 37 5247156311265683860
163 38 -3729051229379919377
163 39 -3709695351035461470
163 40 4805323644540511481
163 41 5644660109714755418
163 42 3181595167015524202
163 43 -870825777707462438
163 44 1724352379225586578
163 45 806284707164053645
163 46 5641127744441385986
163 47 -8221430546458315611
163 48 -6454253668135104467
163 49 -3444811505050815317
163 50 3579983530424353491
163 51 6553884935777605486
163 52 -1333471872034145429
163 53 -8161961533488816221
163 54 -2836363008119903577
163 55 -9096685677927105644
163 56 183246165115716547
163 57 4332350426116959749
163 58 6138163911512265332
163 59 3421546226039742885
163 60 3517235171819560618
163 61 -6035547650869283661
163 62 5141020244062500949
163 63 -6729068681348717016
163 64 -6760480419761659767
163 65 9201171464320837184
163 66 357861465636556558
163 67 -9144493776389772604
163 68 6269570492040852980
163 69 -8816078970902088068
163 70 943649911832877962
163 71 -5598737507966796677
163 72 -8421431149310451020
163 73 8907618775519599502
163 74 -2403505511914900069
163 75 2435362256333273149
163 76 9202567553858434362
163 77 2660228412481484446
163 78 5121254047218919433
163 79 4851418717200227651
163 80 -847991738518034532
163 81 4542267210122604861
163 82 4485257020725570391
163 83 6462118343343320698
163 84 -3233772085030142387
163 85 -6118121356396316247
163 86 -3393962934751820643
163 87 1489989937018827049
163 88 -4904924163113739527
163 89 -9157279635817298978
163 90 5489134698615448880
163 91 -1366548301378911810
163 92 -4486117670599259414
163 93 -5713865409488626162
163 94 879590554398508974
163 95 -6014218222644414372
163 96 -7314953956349702373
163 97 5580491351627641803
163 98 2681399917480855517
163 99 3206525758575996750
163 100 3422324645668986337
163 101 -1556625514009167623
163 102 189174153223760187
163 103 6553862532545968039
163 104 -2318947404506627393
163 105 -577474727128475310
163 106 -2241487904567170285
163 107 -8981167341224083623
163 108 5599672075648545905
163 109 -7859882497617848236
163 110 6309172082258154291
163 111 -7583463835218551841
163 112 1189523766405787749
163 113 -3011581424105894856
163 114 9080444754652779126
163 115 -536889005851009712
163 116 -6050793666357579498
163 117 -7832165912919270590
163 118 6218543372456967156
163 119 -8914763908037873912
163 120 -4386225666979500395
163 121 -5760482452902994795
163 122 7201278664039235614
163 123 -8286604458149369132
163 124 -4006346000529839556
163 125 -1261863237086288868
163 126 -5687691977197132367
163 127 7373098367570598742
163 128 7587017992800093650
163 129 4106566792541812148
163 130 5197763242019630565
163 131 3709204581774870698
163 132 -4955962582197770988
163 133 8729664307620080461
163 134 -6695147304181113840
163 135 -5964035053388016498
163 136 1174446919336056582
163 137 -4227551281025766
163 138 7079928323646185541
163 139 -5151720367157334798
163 140 -1171529884742450495
163 141 1480718588726405805
163 142 -6042260504011686864
163 143 -1105006942992154922
163 144 -1474678073935845112
163 145 1994052595587766195
163 146 8330411049877884867
163 147 -5900753242132339570
163 148 -3269610665568884455
163 149 1432321671405128789
163 150 -5886659470829240621
163 151 2329562372934893728
163 152 -3672363659367960885
163 153 7000418672571900016
163 154 5201258808790010006
163 155 -6352232736650016702
163 156 -159393190361238203
163 157 -1540110758738045896
163 158 -4798016977131604662
163 159 -3033599150626737934
163 160 -4712931549356910527
163 161 -5237965856214932205
163 162 -4514818997393544857
163 163 -7040570260449313412
163 164 -2604880550140811441
163 165 5057659651575192320
163 166 -683367255866234315
163 167 4445289201500008968
163 168 54123033805690482
163 169 3419809733670861419
163 170 3376441629050253671
163 171 6538906775823941766
163 172 -3163747788221917785
163 173 4255607375406360480
163 174 -4440996408189409255
163 175 -7101655713115075684
163 176 9210756538933368915
163 177 -9006721554841978105
163 178 8573977965557206117
163 179 -4574265599927554302
163 180 -6441858509995188490
163 181 -2589077881318964365
163 182 1328157390252242788
163 183 7558031999984833124
163 184 -2531835618233200600
163 185 -7774842042698071337
163 186 190382279429978203
163 187 5743458020352945607
163 188 9044668338740638181
163 189 4601320393782660199
163 190 -844750246363939015
163 191 -1494731237090533419
163 192 1119167881921451598
163 193 -7722555082289798289
163 194 -7314306181419325938
163 195 9195326800282808174
163 196 -5751898259213817483
163 197 145440694105752600
163 198 -3518106981291698717
163 199 4058835154247711964
164 0 -6394331632149560453
164 1 -1444331098532555105
164 2 5861711451260515969
164 3 -9137311790394388426
164 4 -489538352691582020
164 5 -1097374010678201390
164 6 3100349291455957861
164 7 2422759716279276435
164 8 5465468596261433259
164 9 3944579446629165280
164 10 47775477008769337
164 11 -5430704130951021378
164 12 -4352533306792576530
164 13 -4451457915859726530
164 14 -1734536918878959748
164 15 6615665250518096911
164 16 4657827100031292775
164 17 -743911961830405312
164 18 -7301946088382341873
164 19 3414729190080329079
164 20 -5138672885343198625
164 21 -6385988396425289298
164 22 -1024278334377273423
164 23 5945227063523326365
164 24 -6768639460137426515
164 25 770422020915182985
164 26 -5062010037742347033
164 27 3330884182932935341
164 28 -5752309360179112077
164 29 3353865333762940252
164 30 4382333327978588633
164 31 7755140380643163179
164 32 3374936312673154524
164 33 5329773959279722977
164 34 -5117221697672903968
164 35 -5591530614803633275
164 36 -1415340768206974342
164 37 -2048960400305305596
164 38 5479754329764852234
164 39 -1069465544684504994
164 40 4901759079769028137
164 41 4309130377816080044
164 42 -3100563025396875688
164 43 -5831556360863433651
164 44 8986831429979117186
164 45 -4044115390917460230
164 46 4977264460364892253
164 47 4398214642097060164
164 48 2507055221278269965
164 49 3468414354233097007
164 50 -3695606692539991471
164 51 920011143918248659
164 52 2124645385458206074
164 53 3259235635016714693
164 54 -5603665663660182444
164 55 610153324229314878
164 56 5417000722731524138
164 57 979091998559476652
164 58 3554950619715578273
164 59 -1472419151685954313
164 60 -5684362716065665651
164 61 9116261111819711192
164 62 -6096180395992017992
164 63 -1077974293308061440
164 64 8459520690852950961
164 65 -5326181327432823157
164 66 -1160144484231664441
164 67 4721580491791766445
164 68 -3596734677504795275
164 69 6061212461693863053
164 70 2532969414384048567
164 71 -438647566020850880
164 72 -8238803377949141907
164 73 -2722936489231068675
164 74 -5405469849827419091
164 75 3044213156530289886
164 76 -8347277167997871346
164 77 -2337326695399688882
164 78 6317033057391212238
164 79 -7516629759298471825
164 80 -280850577654454762
164 81 26167892067229014
164 82 -5177253953298999463
164 83 -948340576633046294
164 84 -6821072514194332212
164 85 -5186489880739532126
164 86 8657907269727831947
164 87 -1720987772292259477
164 88 -6979401218898528327
164 89 5333405000913206611
164 90 -2449376884201397023
164 91 9007266388146890440
164 92 6748691816848657732
164 93 8367690214008971387
164 94 5726493168744197270
164 95 -1057338413560006374
164 96 3908087574462406596
164 97 8112520227210062543
164 98 -860659093367826525
164 99 8901097636729128796
164 100 -7914196217336119607
164 101 9137143362806066202
164 102 2027067798517595552
164 103 -4995886581608547355
164 104 1510493356278904590
164 105 -8485761894988374076
164 106 6849217598595239618
164 107 -8751137247606737703
164 108 1815650506316692723
164 109 -5842601207574474476
164 110 2211721172071779787
164 111 7298353531891041137
164 112 -9206173437699004180
164 113 6406644739387945657
164 114 5670398666617604575
164 115 4024029603030356763
164 116 -6571072058897099592
164 117 -1992309546223277037
164 118 2506567664946573513
164 119 8943750101767967380
164 120 8919826541634061160
164 121 2398292905853175345
164 122 6835548125655506726
164 123 2474095502259484442
164 124 -4798707695275877905
164 125 -689098715798248110
164 126 5979435818599354178
164 127 -7213826282390230049
164 128 4114248897524820453
164 129 -1153339171286371428
164 130 3450477521584695822
164 131 6993942350951784487
164 132 -4795291166566509149
164 133 -6028212122282950294
164 134 -2837579701633659939
164 135 6875829295451470593
164 136 -4318853094637209113
164 137 -3603334624042421339
164 138 -3926421415983551956
164 139 -3354655738537116473
164 140 3299683323387511851
164 141 756004719054918520
164 142 -7483027723522060271
164 143 -3197407388596407423
164 144 4325721630919684073
164 145 3926295355945753084
164 146 -3548700639157833399
164 147 -8707952454842405352
164 148 -8763945005656817474
164 149 4645730631550805343
164 150 9087759849577675766
164 151 6582793486355701715
164 152 -2413526496478777389
164 153 -7805706392052476799
164 154 1935817005241528133
164 155 -1001261929475188271
164 156 -6840139763798294537
164 157 -5195771528658800663
164 158 6530038172315378633
164 159 -12793813464218891
164 160 2944758888828054405
164 161 5670925229000161003
164 162 -4334503609562578112
164 163 -8130927830573077314
164 164 4574907247209750890
164 165 3292215741711747118
164 166 7049758924342246880
164 167 6089372402931961596
164 168 -155498227056570545
164 169 397264024171640405
164 170 -3683466360186610515
164 171 -1340254561904562851
164 172 -7263230819516374051
164 173 -2649194294705199918
164 174 4815987051279254562
164 175 6493965389807622408
164 176 -4779646833036860864
164 177 -9109853478333244971
164 178 -5958803893325480872
164 179 -3388262621437524032
164 180 1159972847284580115
164 181 -5132874012239380218
164 182 -6259305188759547089
164 183 -6294534747443867874
164 184 7079839893729661584
164 185 3691997541268360848
164 186 8854460715235531596
164 187 -895764457085746570
164 188 -2734304298474821948
164 189 6182507495512024739
164 190 4725769506779537710
164 191 -5905200469695854642
164 192 -78806341436623303
164 193 676643128342960539
164 194 6233349116167269784
164 195 -4509312995256076055
164 196 -6572262806402054689
164 197 -7704655374908273674
164 198 -75804868093164547
164 199 1326603823435211233
165 0 792193934639790664
165 1 -6702015889900863106
165 2 1587263622411425913
165 3 3395952478794983284
165 4 -936504253857719486
165 5 -7180384692816506364
165 6 4971740810959525324
165 7 754919456142363243
165 8 -1111055189558444388
165 9 -8024647448842388107
165 10 -3129281625662992342
165 11 5142434073741073357
165 12 2835054681781966582
165 13 -4627675605186409778
165 14 7223560281461150894
165 15 4867191234714265595
165 16 360432338808042670
165 17 -4859571384604432605
165 18 714710359615208978
165 19 6391451211498490681
165 20 7845357845686437119
165 21 -1415989979330079675
165 22 8734149481885304122
165 23 -1039467056696054627
165 24 6223436864688932897
165 25 8258794161953375977
165 26 -5234919661968264679
165 27 -1791844231674642465
165 28 8513603458757372477
165 29 -5396811760785068626
165 30 -2868824761393980670
165 31 3492412408514742218
165 32 -236914814373517412
165 33 -236303216814809225
165 34 4832036343809624580
165 35 3989918695093888030
165 36 3542493878792535712
165 37 6664757732791816810
165 38 -7023396404108770123
165 39 2506293411708206994
165 40 -5500436301269342599
165 41 8484679495266416269
165 42 -1987938748463877942
165 43 -6144434553998936599
165 44 -4950128141827317856
165 45 -5437353237164271979
165 46 -930628975374275849
165 47 -112775363709684342
165 48 -2952747029935198067
165 49 -6342138447826578002
165 50 6435812547888279376
165 51 -8811188215520886067
165 52 8510580720548562278
165 53 8480107198663726341
165 54 8971396223220483760
165 55 -7514304158958248241
165 56 -7006941733228708860
165 57 -5177717914298268685
165 58 -5206301598075845339
165 59 -1740565063186563903
165 60 -5768473703794116105
165 61 -2273716637704687466
165 62 159552698933819705
165 63 -7455669577601370666
165 64 4530100044495438925
165 65 7692278593296001909
165 66 79405487349735812
165 67 4983871990815322528
165 68 213124809316420285
165 69 4321105198801014050
165 70 -3392537013698432073
165 71 -5255396854365307643
165 72 -1004330176508252340
165 73 4228306155132061179
165 74 6610770204225241539
165 75 -7613033114303313045
165 76 -698857646284550179
165 77 6264269053301693388
165 78 -5190000131973838840
165 79 -4275322780456744139
165 80 688000912983903040
165 81 7217802007848729536
165 82 -5937258489548708623
165 83 -6093235949970053526
165 84 -1059444118852293305
165 85 260261980161164652
165 86 -3502759064374289458
165 87 -9103829962927431321
165 88 -4991770161416539570
165 89 -932176352674005790
165 90 -1469471663120438005
165 91 8091808181952723288
165 92 -7221903272684041712
165 93 -6720372786333316972
165 94 -6790170761486764322
165 95 3278576337938426517
165 96 4406518933568446055
165 97 9032659369293689655
165 98 3304190789368522847
165 99 -7164924749232032236
165 100 1982556989028798513
165 101 -2368364019175609268
165 102 1069379014619462912
165 103 1737080693151210602
165 104 866217795677888756
165 105 -6072278876504547299
165 106 1213478855089399084
165 107 -3517535058410964054
165 108 -7884002696675524040
165 109 7281416357603122968
165 110 -81161129992698209
165 111 -288033006591609219
165 112 -7581599102504277065
165 113 2310145261182288247
165 114 -8742840730500287586
165 115 1134651560363090664
165 116 3019146876802329434
165 117 1196073978366501469
165 118 -123504257783105441
165 119 1973093319757023519
165 120 6021472192914088272
165 121 -1045872220361203941
165 122 8934201754133968484
165 123 1055676247423774049
165 124 8147826215381853674
165 125 1723148975807312587
165 126 7742432717887834836
165 127 275320564773921345
165 128 -4642165975323884871
165 129 2836802264986064571
165 130 5870155529345320477
165 131 -2112987181364792851
165 132 7669109822170352795
165 133 -5828409687726841115
165 134 -8257655384625401795
165 135 7266690768676361426
165 136 -2183075370500969520
165 137 -6808181061974195883
165 138 4306853037820798628
165 139 -7472317448436149333
165 140 -5002643617987685297
165 141 -8350043634322374190
165 142 7280199566957691464
165 143 7464831031700093414
165 144 -6530772579068870907
165 145 7181794154300500129
165 146 -9117495022765529499
165 147 6151001036467838110
165 148 3522095044193843642
165 149 -8166336206662251861
165 150 7815926644942215574
165 151 -4663417630350505633
165 152 7313628617453199430
165 153 63446194086582135
165 154 1604754497802593081
165 155 2205380408001578858
165 156 -4615624385308129499
165 157 5217114875470527019
165 158 -4414821537305543329
165 159 -7761693895814862946
165 160 -3366630481875794906
165 161 -3447368796681944435
165 162 7340786341733073274
165 163 -4712981161378565560
165 164 6152983311139404938
165 165 5399578510183049777
165 166 1092615740910792134
165 167 757852424141152479
165 168 -7240163839894073130
165 169 -4764165310078361857
165 170 -5718432993734314469
165 171 4094574973028804303
165 172 2202745212277769006
165 173 2559210313287102575
165 174 -5080757273176017411
165 175 -8861451530018443350
165 176 5810474961905456709
165 177 8328367123344996429
165 178 7656555085074821991
165 179 8458837111318060211
165 180 7667041250627503290
165 181 -8678990519938369127
165 182 2693131399737928140
165 183 -3210161784064025142
165 184 429473664978009869
165 185 1831339461722328424
165 186 -9128181265709823199
165 187 -5135583504133130297
165 188 2323361281950283542
165 189 8632388112195831704
165 190 -6399090955881829527
165 191 -5459569935899069165
165 192 -1049578012682279137
165 193 -6751659328759270003
165 194 -5679697062076768397
165 195 -1910780562090934360
165 196 -2112849909978694008
165 197 3345828049184547583
165 198 -543977259672762463
165 199 4544471787264520279
166 0 -1396134649800809611
166 1 -824497367731969267
166 2 4142990501772878595
166 3 2646038804819912557
166 4 -6770990470843866202
166 5 2696730604409680086
166 6 -2835393181718631629
166 7 -5235209781269074690
166 8 -7762755360069977345
166 9 -4611265536492245126
166 10 5542601604350626042
166 11 8735278731467411389
166 12 5210777349904651544
166 13 8821155541727960856
166 14 -6015461123109803407
166 15 2682410457848583248
166 16 3467796715779910086
166 17 1508313405558546700
166 18 7813799535993191929
166 19 7599735158155266543
166 20 -1006349004572871178
166 21 -7017214192113844123
166 22 -178770930994104872
166 23 1237871112486620042
166 24 4994035953167365009
166 25 5850374390223211932
166 26 4899820796147698887
166 27 -6641003433016345592
166 28 7728376721613003146
166 29 1734105252516217162
166 30 4712841409988665430
166 31 -1404398898599359001
166 32 -7480849388937493295
166 33 -1121989411758481930
166 34 -84761509067940832
166 35 -3936460093960517022
166 36 4572324192283615304
166 37 8395875889132753482
166 38 -2594996273907069635
166 39 7098028780818440770
166 40 -5583729635531144994
166 41 -6622837748381680550
166 42 -5741835541100874427
166 43 4056927457272141634
166 44 8056481226022143553
166 45 6544647620294695952
166 46 -8152601191279387624
166 47 -3641147990198153640
166 48 4900436183500952836
166 49 -3267161602778728946
166 50 9104127084571853190
166 51 -8762221317622629872
166 52 8911969488811620743
166 53 3630412215950330170
166 54 -6770653788090991503
166 55 6594981124013480597
166 56 -7147717959765853802
166 57 4069314963174004691
166 58 2952898590406354733
166 59 2351814103862010206
166 60 3056858803865390806
166 61 -3074699634419355791
166 62 -5481324373558084600
166 63 419607483442237445
166 64 -5930733812365718988
166 65 6550476155401902996
166 66 1801860567040755285
166 67 -6804594693689794114
166 68 -9015851513819694708
166 69 -4333626107966336991
166 70 -914180902129313305
166 71 6009143799631704222
166 72 5032792167932301321
166 73 8928342692796262520
166 74 -7680040865349929193
166 75 -6335774734145857806
166 76 7608256630591854550
166 77 999565130403671748
166 78 -312640694278287081
166 79 -417247149156148266
166 80 3891364512116081089
166 81 5048324100651628149
166 82 -8349279071877594844
166 83 221867677054377820
166 84 -2224597263326061818
166 85 7430694577215477460
166 86 -2870725273224678634
166 87 -5330941330653678343
166 88 3814152179574005165
166 89 -114622705490118340
166 90 5143682515842523755
166 91 -6468122868485144097
166 92 8856697097114366945
166 93 1593135358515215910
166 94 -6100099024861212746
166 95 -1332397890937612916
166 96 7532016527801371024
166 97 -611949302557671279
166 98 -6158001402479148696
166 99 -7887148513479040179
166 100 9074810093416945563
166 101 -1078268503018074442
166 102 8180586723502272802
166 103 -2516805846401595431
166 104 3671485745414192385
166 105 -313528690686214119
166 106 -2307781061565343881
166 107 198326857236993256
166 108 -479953089748396611
166 109 9026468381633547932
166 110 -6902766255431364763
166 111 -1043147160102097307
166 112 -8951387789056222418
166 113 291206462770964548
166 114 -292058624028839820
166 115 7536240936860335805
166 116 6634881112976575765
166 117 8514319048886110401
166 118 -3264988221747759577
166 119 4224828145752374093
166 120 -2049176650335029819
166 121 362148054414129383
166 122 448970647623808951
166 123 -4634196487583797216
166 124 2019047473871302233
166 125 3418317619834004395
166 126 6346958201484024462
166 127 -1291398131891961122
166 128 -7811868521231320330
166 129 7772423836760570859
166 130 8489100972683649258
166 131 5358622566719421763
166 132 -451132596931835036
166 133 3744230524092185477
166 134 5370771974979421960
166 135 1330776888927913903
166 136 1091144249104622682
166 137 8561094031640647323
166 138 4758334295840816310
166 139 -7670676237611902702
166 140 -5340286294259278833
166 141 -1225145169986537842
166 142 8426739651501910900
166 143 -9159602410180007640
166 144 -8455160848503827712
166 145 2383661064779993463
166 146 -6067234615203538926
166 147 -3870087957187493192
166 148 -7966163909048229884
166 149 2373763559038762885
166 150 -7427902525921789489
166 151 3316207330684481378
166 152 6441364804485734407
166 153 922803250175798287
166 154 5929915864892123496
166 155 -4147705871805267209
166 156 -8196707900219926378
166 157 3703379831763780704
166 158 9021179362530718263
166 159 7771497737500930223
166 160 -5153951150694462014
166 161 -9156893097552948301
166 162 2766637775592238098
166 163 7630309836704508660
166 164 -3438820244753322074
166 165 6771999215329157915
166 166 2965682630987741254
166 167 -6515669236646489737
166 168 8326733706915123846
166 169 577581031020728888
166 170 -9175237479524140506
166 171 -7716311658234643435
166 172 -1076532841634158707
166 173 3107934319035618204
166 174 2523208267233356150
166 175 954807823682676687
166 176 -9017295120645416340
166 177 4140182083983723866
166 178 -1683176541149754733
166 179 7764193311136691902
166 180 6089144751240203351
166 181 8860211291346275560
166 182 2130338470804269192
166 183 3709064594768884937
166 184 9204548206493099714
166 185 7678518519399372882
166 186 5060662755195009663
166 187 -8322903475426958341
166 188 4887160133948362138
166 189 -3000617400416157837
166 190 -7722426236690388313
166 191 8781801782975530451
166 192 -48027202715925214
166 193 -972628601526061363
166 194 -103576413164868304
166 195 3166827853487849273
166 196 -7111599318378251892
166 197 -470216139357340208
166 198 -5490926786830459670
166 199 -6302402579654401348
167 0 2655105773000527294
167 1 7310699565689633435
167 2 2689869508439839494
167 3 -5367617932298835872
167 4 -2751147035317942085
167 5 5443129867386197505
167 6 6500335787185816636
167 7 -8292883979767184866
167 8 1616218678197169697
167 9 8562616828487346146
167 10 1408090852968780119
167 11 6870512256714698564
167 12 5268106978978988697
167 13 2411420212089006366
167 14 -8608544799685526939
167 15 2523424516328103723
167 16 -8976405989406321954
167 17 -5782927263530326448
167 18 3323423466984211401
167 19 -6377269797722832582
167 20 3755394630045664062
167 21 5782470727497396724
167 22 -8997101410573459268
167 23 3458426072801964555
167 24 5816466853043918497
167 25 7841659426437128374
167 26 -3778346425427537120
167 27 7516807612226002069
167 28 -4128839457030859271
167 29 -5857444564431025087
167 30 7181147705305974375
167 31 354228436030393241
167 32 9121703882048646364
167 33 7968762089165427980
167 34 -2594646767967925095
167 35 -2128608671855953039
167 36 8386796480093190780
167 37 -3734588828456556944
167 38 -1627185772251635486
167 39 1208386612881596939
167 40 -2374777174225544322
167 41 6600654134413755995
167 42 -2643148084098564829
167 43 6378031871499343414
167 44 -1171997165379574296
167 45 6122343551776118066
167 46 -2456253821476221600
167 47 8359062114807433041
167 48 -1434976023788937132
167 49 3186972059141180771
167 50 7877106366710360996
167 51 8101844228719206365
167 52 -4689869806051832665
167 53 7056698052534144887
167 54 1926781347605348099
167 55 -7004240499686517949
167 56 -6788848873053164396
167 57 335836234615740655
167 58 9069114699178826499
167 59 -2755809171143383526
167 60 -28644003802226362
167 61 -4836616220735094709
167 62 -1957003465276383100
167 63 2031969258578076731
167 64 7970049046319229615
167 65 -5674452236669446761
167 66 4611514732282433560
167 67 -6685407061661533460
167 68 5962999356083705925
167 69 -2961870872955898088
167 70 8287084007987178423
167 71 3436587072104972876
167 72 -5544075352156967730
167 73 173975722120939246
167 74 -1829503610826040691
167 75 -3159863308366402524
167 76 1994624409194438403
167 77 -4894927502173444848
167 78 -4930944612356091040
167 79 2612983576320697690
167 80 928716511393272825
167 81 -7557119176317273132
167 82 -1958972618267542889
167 83 1146324610824541761
167 84 -7170845279051991100
167 85 4469243417675514465
167 86 5379654953972456846
167 87 1398613459142781957
167 88 -3561937160804108690
167 89 -4499752993277165227
167 90 -2846061853966422698
167 91 -7457376190564898624
167 92 -6002369006571854361
167 93 1172168211102697740
167 94 5809476258810885866
167 95 -2369943414812322702
167 96 3402404426248482171
167 97 -6670966995630537853
167 98 -8250964185004596435
167 99 -5768708913703978365
167 100 8544283114552987649
167 101 -6212904009503057696
167 102 -2578390042820943756
167 103 -4912619885244987358
167 104 8798576986049940241
167 105 -1901342744794427491
167 106 -8643540290723150236
167 107 -1756216090508334419
167 108 -2892941064936720696
167 109 4233341714250795691
167 110 1593518316715438083
167 111 8251540297540933330
167 112 -3641362878880538480
167 113 -2682076969071925409
167 114 -2761174411601283326
167 115 -5858950405746197309
167 116 -1443651382163230882
167 117 7693424462308023227
167 118 -4711147170159520316
167 119 -9205987547356396123
167 120 -6692227280908110456
167 121 1786361275397716096
167 122 -7168655774587809131
167 123 5160551257287612835
167 124 1224224111472339433
167 125 6689814796765013949
167 126 2920983273701401637
167 127 3332179274458782074
167 128 7885157507727169530
167 129 -2097213757769470487
167 130 -6501418831620373706
167 131 1646504974536130231
167 132 1200698990224161123
167 133 2190840604206217688
167 134 7360838426115974234
167 135 -7620452572632629390
167 136 8923196748147620511
167 137 -8530799554853065934
167 138 153512592690218849
167 139 1689934947853538757
167 140 -3327532526184045175
167 141 2463228641120100441
167 142 1605602873838083308
167 143 -8084447327893974980
167 144 4313690280782592957
167 145 -7348664555179123246
167 146 -1460752575746962854
167 147 7308309135794278301
167 148 -7512674726383945526
167 149 -4312031457697599006
167 150 -8836035891312579549
167 151 -8736174943635490291
167 152 -5255870294126265053
167 153 -1140842791748118214
167 154 5405719681027022021
167 155 5390514100771748128
167 156 5256831897631773459
167 157 -1083402084885726563
167 158 -4314661120979547716
167 159 7437759627118818134
167 160 -7894071457594146228
167 161 -6652233715202133235
167 162 -7009745857937757431
167 163 -2256337278480834421
167 164 -1124869432778017126
167 165 -3685206027224892088
167 166 -5354983828121469370
167 167 -9191400183756996188
167 168 7265081095700793073
167 169 2076957411072311879
167 170 -3333339273468665730
167 171 4431785112050089376
167 172 5522108120173700657
167 173 -2336501033263445754
167 174 7019834655835123788
167 175 8835818648549259092
167 176 317065851987952538
167 177 -1286332551632122736
167 178 4360220296204109084
167 179 -4501969862772828794
167 180 -2563940013096822692
167 181 -7546472716633012170
167 182 6078043040033985386
167 183 -3432034190389065645
167 184 -7727426631076506903
167 185 -1738390743771511843
167 186 4550984391788002792
167 187 -7932500359384679544
167 188 4006115317410142113
167 189 -3140956455462924362
167 190 -4341055402069462458
167 191 -342578274417503951
167 192 2242350241409862754
167 193 -6111034361638323407
167 194 4576378717005269803
167 195 669333179257775146
167 196 9155555869115770915
167 197 -5776572524019761476
167 198 -4618876281202784944
167 199 6435054110762405176
168 0 -4158424565856125934
168 1 2782857965588532232
168 2 4959388136837913384
168 3 1080761915162417004
168 4 4252553634688653991
168 5 5428250997702018735
168 6 -6214434402003978002
168 7 778463804058796456
168 8 3615184043065375762
168 9 -2422733892572652412
168 10 -7961503345085957144
168 11 -5643797924117753897
168 12 2743962416516609134
168 13 -748399444121525662
168 14 -3449675300546438590
168 15 6630711785997164235
168 16 5506098285874237431
168 17 506900266283730985
168 18 -2533903249903607471
168 19 6499242150392253061
168 20 8479134385242299361
168 21 -4306769670505604567
168 22 6815633402846509299
168 23 7491502307987193838
168 24 -4242564493105063111
168 25 890834290005042071
168 26 -5751686746581525929
168 27 6257756931665908790
168 28 815533838831929140
168 29 -4143429098348256763
168 30 8228234412336961152
168 31 -6933834758778031992
168 32 -5925186700837870146
168 33 3318643252088183763
168 34 -854691237970432105
168 35 -2707958264057477561
168 36 -1522475094421562125
168 37 7544009203339260414
168 38 -2320918659186864160
168 39 3766456642255016674
168 40 -2874338545606442937
168 41 -2075725649106852970
168 42 2433570088640838021
168 43 3127366806143032846
168 44 -3747922338452579858
168 45 -7615963860528317361
168 46 6500570297348102407
168 47 3629277768035041148
168 48 -132984076642957919
168 49 -2314253818436054863
168 50 6433510959870146194
168 51 606719885192565867
168 52 7679799153257531586
168 53 8892950280580962503
168 54 -1011278412693612398
168 55 -461781290584471428
168 56 -255542748892651230
168 57 6114804132823312963
168 58 1659160262994134881
168 59 -4425561032243642311
168 60 -3407315497629768778
168 61 1968243107735230660
168 62 2768331211657540514
168 63 5302861420819880209
168 64 2556069067802186938
168 65 566477282574649120
168 66 -799758093802918824
168 67 6552594157296691636
168 68 -734129381061044054
168 69 -3179473848944720876
168 70 2115759580910641621
168 71 -8312188470577866087
168 72 -258424644605389059
168 73 -648168754460584154
168 74 -8926668758792728521
168 75 -3209732652581359386
168 76 -7552900920230304706
168 77 1883098429110936581
168 78 -7948064414555779011
168 79 -8568815548773954854
168 80 7840776568030275438
168 81 -6377985041605180833
168 82 -4650369556540442581
168 83 -3373722759375578733
168 84 -5426724479200641584
168 85 -2243860996073865545
168 86 -5649432353243557902
168 87 6424175704755093997
168 88 -6814756341392077092
168 89 -2608516515006902240
168 90 7045836184790771999
168 91 -4224269788189743384
168 92 -2332471689176433690
168 93 -9219548679773734160
168 94 -3805206326616740582
168 95 712292008682177482
168 96 -960983798130187127
168 97 5167854953753824603
168 98 203834256096961681
168 99 5357129527986341242
168 100 -4104596855310819202
168 101 3351829425428630462
168 102 -5047424484204455925
168 103 -3737340408646677401
168 104 -7272690073550122642
168 105 -4114381607103694565
168 106 -5876836534485685527
168 107 -1901081002801919128
168 108 7157686066642056357
168 109 -4682787861044591023
168 110 3051389322389151800
168 111 2782019688063486035
168 112 3966344965069090567
168 113 -3900486660020130393
168 114 -3495299388558549819
168 115 3814276470996142915
168 116 -4906955329879580297
168 117 -6107867085460744067
168 118 -5323709528895719223
168 119 3438977579287107718
168 120 -3086227722205128964
168 121 3258792693726148007
168 122 -309194887912035411
168 123 1611806704641099785
168 124 -6217594230924931371
168 125 4184141217563034540
168 126 1649908223264245907
168 127 -27332665893547467
168 128 -1192274349489166379
168 129 4238145933264156578
168 130 7524329083784406129
168 131 -7746540692495254398
168 132 260920255010854070
168 133 2326849601977987140
168 134 -5102193522064543659
168 135 2270222590368154532
168 136 3107588310828280447
168 137 4573534855444180732
168 138 360120667705080256
168 139 4033023626101001484
168 140 2582049430788028047
168 141 6670924248003539857
168 142 -8681095762813045620
168 143 -6215070355483177163
168 144 -1950146483768643253
168 145 399263002562860996
168 146 5858872977481052694
168 147 -185769332939791450
168 148 2028749739699068373
168 149 1765481429991053287
168 150 -6036737138564727495
168 151 -7306261423678088665
168 152 1342285122264504465
168 153 -5393374302571091507
168 154 -7507566662148353072
168 155 -4147166774492086272
168 156 2469916356288835283
168 157 1238034661917453349
168 158 -251828376341709620
168 159 -1367218767490173724
168 160 6958805259262689093
168 161 2808966192076566344
168 162 7928785028104518738
168 163 -5990099858641143325
168 164 -7562927799549563936
168 165 7465859892499967926
168 166 -6376316061992005668
168 167 6054437299327396099
168 168 6409221925499725666
168 169 380335174780131023
168 170 -654968434046125571
168 171 -5209294284507496220
168 172 5125804906963765719
168 173 -4322740640019315793
168 174 623680161290157911
168 175 6870967839935495235
168 176 4931720133270461514
168 177 -725479015293359395
168 178 4734479881500598596
168 179 -831565477303158640
168 180 8684718204355905171
168 181 -195097727503713858
168 182 -3580228691130370525
168 183 -3916012228467775763
168 184 7413139412216505778
168 185 2592631675656131297
168 186 5923764656770734467
168 187 -9159654361477044766
168 188 6579340859036870503
168 189 -2239216666684688934
168 190 -3583313507591452367
168 191 3147010221192182607
168 192 -9024116247851071566
168 193 -1556977995336684863
168 194 7909316291955788310
168 195 -8302619196618423536
168 196 9062924592720688477
168 197 2136547662331284015
168 198 -3437520218795245129
168 199 -1943107727694499974
169 0 -5395858244505595325
169 1 1595650164624935302
169 2 3552799001128915610
169 3 -5489236270441725484
169 4 -272064324974695292
169 5 258966954238987967
169 6 -6902917961007908744
169 7 -9065470882315946302
169 8 -2934024362166594888
169 9 5497280809112154471
169 10 -5334954460004956528
169 11 2155596533612968281
169 12 3453847606804761441
169 13 3516089883760381284
169 14 5068220832770525962
169 15 -2295594412969305042
169 16 1739848479067614398
169 17 3460071347113341595
169 18 3770525483617196293
169 19 6666118134624829234
169 20 5605962703783971546
169 21 4451550478100251119
169 22 -8805648608346018381
169 23 -5164106586228942238
169 24 -898126097716361978
169 25 -7736191997777815758
169 26 1912357503353012116
169 27 5250982457335888729
169 28 2635500441097150580
169 29 -1116796197107757198
169 30 5520085046296296253
169 31 7740879962731376076
169 32 345278351813514151
169 33 4346021094197248357
169 34 -1131796404345093421
169 35 -9207574183661996851
169 36 -5137193815425618976
169 37 696729314391072079
169 38 -4243292039045379558
169 39 7537817463076167680
169 40 698604674808496101
169 41 8941599815361078359
169 42 -4469944542037252342
169 43 6398768787401003159
169 44 339696773750798738
169 45 4637330059685832068
169 46 8874355050105897433
169 47 -7459506863323025920
169 48 8404022727121177170
169 49 -443731317588965125
169 50 -1867085798855695377
169 51 -2162565068008579314
169 52 8299716115219124873
169 53 -7898637462092234681
169 54 6571782575433484841
169 55 7709888458920083124
169 56 -5511032651644362840
169 57 -631370647424729259
169 58 -8927941493365824115
169 59 8735866366466081813
169 60 6972630367250318180
169 61 -3344761002353546075
169 62 -1921346767438065483
169 63 -162860130427508141
169 64 -4518589369360495842
169 65 -6193573116254184788
169 66 1185457255577076831
169 67 -8486240017573032575
169 68 8387360211549950168
169 69 1736889414556606418
169 70 -7777573408441163366
169 71 -4055478007771917029
169 72 -8490592605780174241
169 73 -4659806035004669789
169 74 -8017877950061134281
169 75 5815532111788803212
169 76 4012986265543728768
169 77 -4598881965287115327
169 78 3142840770593386802
169 79 1797043545820685417
169 80 3338454043045723993
169 81 996081308971782075
169 82 4352894645665737381
169 83 -617957942215940178
169 84 666588589251643937
169 85 -5474812612946086818
169 86 4540890062912620937
169 87 3065877098898556695
169 88 1039879646839115198
169 89 -8797364729839378764
169 90 -2633084328467550393
169 91 -446761205771532050
169 92 -4492312810201278427
169 93 -5977264622578821380
169 94 -1326308708947003205
169 95 -6102282496505569802
169 96 7556633347906140466
169 97 -8129179759398769596
169 98 274852378978622552
169 99 8554203849212785104
169 100 -1804319285331172636
169 101 -5922343178740224617
169 102 5707886989497016941
169 103 5450563785000848172
169 104 3112714593217754020
169 105 -4398471598029874873
169 106 -8741203778262112732
169 107 27108947539016035
169 108 -9025504750591446078
169 109 8151531632912134555
169 110 603129982288735921
169 111 1015668035798089111
169 112 7759029851601982259
169 113 -8022277783995323869
169 114 7450846279510864163
169 115 8240137001177545342
169 116 1261002675200860087
169 117 -854245162451437424
169 118 756824913588819290
169 119 4295021739911425709
169 120 2024004471806005417
169 121 1580834186039922990
169 122 523222780653617093
169 123 4279608465179030330
169 124 8093787691841592728
169 125 -8544189905898026371
169 126 8803295486854260761
169 127 7989126268659822111
169 128 2161078265691190639
169 129 -8130269502861833957
169 130 -6862222803525163429
169 131 -7231961742535591450
169 132 2670528052073341259
169 133 -7842060391477337246
169 134 -6847596932146917595
169 135 2110588405186347629
169 136 -8275156091392266163
169 137 1996832661814509138
169 138 -1541490314564390413
169 139 3149242539136168209
169 140 -8456131761345635582
169 141 -6054397397159810351
169 142 -8449678732612147352
169 143 8448229641747303525
169 144 1250689933441034323
169 145 6843634260973524734
169 146 5676205679313672336
169 147 7586239881092271672
169 148 677938954856875094
169 149 3394667530129435202
169 150 -4194521067428179399
169 151 560970859675514543
169 152 -1866545493982600543
169 153 907384910369510842
169 154 7397834918168937945
169 155 6940990600921874691
169 156 -5718419415262935364
169 157 5042135041698917166
169 158 -6580058399771459863
169 159 -8479839997428160086
169 160 6494709794491855158
169 161 7910826674481751792
169 162 105100181028469144
169 163 4702196304559259296
169 164 6107683200760452865
169 165 -5643568901312692669
169 166 -2819486037779257171
169 167 5715308903905067950
169 168 8188588637453419524
169 169 7888885109742413638
169 170 -7957254609099920900
169 171 -2393925121612791547
169 172 -5008813497053744818
169 173 7805118947628865447
169 174 5413323735591612708
169 175 7473932722214565529
169 176 1841753403756683718
169 177 -1797848634760531412
169 178 -6014601104053804631
169 179 7954675319985402689
169 180 -6997287388654145033
169 181 -1533421896335617061
169 182 -381959861962615543
169 183 1562818257360956996
169 184 -3837938956750233882
169 185 -1386539274264509033
169 186 -4463051905369908843
169 187 5184494455514295093
169 188 -1574536531052028023
169 189 -983516377778355601
169 190 6804330325880416526
169 191 -2963904096974265715
169 192 -5010286050806167989
169 193 7864105233346522664
169 194 -5210257751273266663
169 195 -1078787171409430534
169 196 -1471086786527151428
169 197 7821074993163750429
169 198 7374710300516810455
169 199 -6354126868151914022
170 0 -4550018048870679180
170 1 2416601117508159355
170 2 -2388130723730644611
170 3 5703487777738308064
170 4 5093286485291043016
170 5 -4394209561952677398
170 6 -243802447074266356
170 7 -5243625294839438457
170 8 7740914370011150665
170 9 -4316556136632584063
170 10 8146598299597843849
170 11 -5857301625841730371
170 12 -9097044142166087247
170 13 6664124751852586347
170 14 393983660096389453
170 15 -7054709522192354857
170 16 2410171476882003044
170 17 -352318133933576977
170 18 1836430240493380026
170 19 4237276061740305719
170 20 -4741799567127027183
170 21 1814099536518645921
170 22 5647301287190228251
170 23 7961207502012165590
170 24 -8710260622506530150
170 25 3497253807817960839
170 26 944289231984269273
170 27 -6102433395890991806
170 28 -6867411667018424039
170 29 5397755652663814302
170 30 -1916623074399907846
170 31 1689947731782588258
170 32 3771334499740585296
170 33 -6354991488518454569
170 34 -2042326073407166841
170 35 -7891031799880967062
170 36 5461126976397808658
170 37 1459926725561389651
170 38 -5930269095495229145
170 39 -3308732430561678911
170 40 -9141888080692301611
170 41 -7736855150528624910
170 42 110821042743376927
170 43 8277740103113573902
170 44 1375627012749987619
170 45 5949100312409580896
170 46 7223296865449674712
170 47 5809651408779078158
170 48 -6600484142346101910
170 49 167138897187383192
170 50 -4627439694457476486
170 51 6212922335874265242
170 52 1405121326237259464
170 53 781388678052882965
170 54 7062532202393522715
170 55 3367254533000926628
170 56 -369438914775510461
170 57 -784570630959584173
170 58 7002152917475749543
170 59 -1740368617030621955
170 60 630585648405155572
170 61 913612343683041956
170 62 4417231453380655295
170 63 6811560692002288168
170 64 894018489516417611
170 65 7184935837002941331
170 66 2754506408520530468
170 67 652960751796571434
170 68 3733056907271655579
170 69 3467732274984561450
170 70 5098194392032603090
170 71 6080070117227553145
170 72 -6347364664721410899
170 73 -4649429885674480801
170 74 -1220428154049130920
170 75 6825751238364604559
170 76 2688152041776305816
170 77 -3874468103533343379
170 78 -8602555094270161341
170 79 -7359968847195047508
170 80 6809635151345863342
170 81 -2393832841386551349
170 82 -4517389239624000605
170 83 5753122656892007766
170 84 -2331079220485629251
170 85 -3737512042556805869
170 86 -6563815277884619749
170 87 -4302470785815815476
170 88 114354209663919110
170 89 6498487873572555640
170 90 -1635983046762946366
170 91 -4910952314800977918
170 92 -3431117040336039791
170 93 655600650936912195
170 94 4113888393549228971
170 95 3673105080972684780
170 96 -4973960551985761408
170 97 4498636183235723468
170 98 -8554107057380431125
170 99 2769879145000048195
170 100 5543269260999349260
170 101 2108036949067976336
170 102 -8927607399130103949
170 103 9138869459923342996
170 104 -7959978893596638819
170 105 -9155678847239531995
170 106 7698845727659631641
170 107 247351038809956406
170 108 5937086221931417337
170 109 -2219338440206750689
170 110 -6503738445039220507
170 111 -224062760999790153
170 112 631195831322342483
170 113 2577118834499672714
170 114 -8377401347367048821
170 115 378958913939604648
170 116 3074655118262803665
170 117 -7527561474160123099
170 118 6738302734499727156
170 119 -4594209845360725202
170 120 2082323424626278724
170 121 -5293803665410734709
170 122 -2267585201573092280
170 123 -9027087947976981503
170 124 295749901109746652
170 125 -8629238064795424249
170 126 -5399569037508166446
170 127 -9096070510788139823
170 128 2221043525889804051
170 129 -6040907630572105620
170 130 -4467577236648420019
170 131 5808958568763944062
170 132 6510232814810489469
170 133 -6226962012353598727
170 134 -4362462769406399109
170 135 -7634356893763406653
170 136 9182526154578885499
170 137 7432075531118421314
170 138 -6092072087731442922
170 139 9197745634513995680
170 140 394373402648084230
170 141 4572328368553664599
170 142 -5903524693482925485
170 143 806787417289712567
170 144 2734611550270879189
170 145 -2462158655076014028
170 146 789187204413030310
170 147 -2098374072520312062
170 148 5248413250317395960
170 149 -8475957729868743417
170 150 -570447550420687932
170 151 -5993312051052576913
170 152 -3347560182603140010
170 153 3599086611251093649
170 154 -5326975196069218560
170 155 -3375510694021998589
170 156 -177240665957905118
170 157 -4795807261034114256
170 158 1381036958012403828
170 159 5719716786215783570
170 160 3049231642669441932
170 161 8457736760581582928
170 162 -6713658227009074186
170 163 7283876627030115561
170 164 3233542895458126582
170 165 -2199631548120014176
170 166 -4441578425099293411
170 167 -8276488726553101071
170 168 9138899894184027998
170 169 694411230968998102
170 170 4534729265719952782
170 171 2339418746090546996
170 172 29030372682421276
170 173 -1332135991118497211
170 174 4075879730697949671
170 175 -5253258003765207698
170 176 -3909638653852730779
170 177 7245447972854815475
170 178 2655947244931497077
170 179 -3590481624152710829
170 180 4086045642674022127
170 181 4625306475479931261
170 182 -5682486511371519327
170 183 7157774749437765181
170 184 6850512043154774761
170 185 -1737351650344068850
170 186 -3234687580423909137
170 187 -6500542293598058314
170 188 -8776472270663245325
170 189 4561816406904379683
170 190 231640327824561129
170 191 1714622192450046824
170 192 -5210719188517624412
170 193 -4163925380216088567
170 194 -7234057550292901706
170 195 -8999980563552698805
170 196 7939331097158340741
170 197 -1427297541626754801
170 198 8831286659918365191
170 199 -4909186775784663108
171 0 3344934848398745633
171 1 -1198158389065119584
171 2 6648679787954897393
171 3 6801175049663318453
171 4 4134812925804626237
171 5 -5197023955048096221
171 6 3787836319897364143
171 7 -990721507572349003
171 8 7547243352004444864
171 9 3310349695739673630
171 10 -4432880813187808424
171 11 103677967661851710
171 12 -6633859001724640465
171 13 4728145330060914787
171 14 -2709248653130072884
171 15 -695329013415062982
171 16 49640515280881301
171 17 -3956542534607574803
171 18 7514066242142508589
171 19 -3535501327609177423
171 20 4393888003055995978
171 21 -4052958645118823308
171 22 5626909045684742955
171 23 6285175179914308222
171 24 5428664575306482218
171 25 4960417541699257434
171 26 -3455380640711942509
171 27 8118004069654373524
171 28 -4995755608183527307
171 29 5182598357653699201
171 30 -4141602388827055900
171 31 -3167866826691518349
171 32 5633661471845905738
171 33 -1003101803605823912
171 34 6008252121804933372
171 35 -5801392134020881162
171 36 -5556946561994337234
171 37 8735695592551927630
171 38 3333712236511455672
171 39 661636682583721712
171 40 -3656641432619542716
171 41 -6435812816911615572
171 42 4378539611810729093
171 43 -1929808607689742982
171 44 -3515510834364804716
171 45 -7290048905905663272
171 46 -6245963192522958269
171 47 7075805408586430835
171 48 6615218147995807705
171 49 2288918866748487673
171 50 168178274183222550
171 51 6669245909804393136
171 52 1787457072652576112
171 53 -2036891183082291996
171 54 -1338439350298870928
171 55 -5239859284077836945
171 56 7059779787408035140
171 57 287280246325217659
171 58 390950331822922504
171 59 2380528305464166865
171 60 -2149788852498537108
171 61 -2538499361370726283
171 62 -6513883259298932315
171 63 3597295701105136015
171 64 -7516826300825114244
171 65 5397440019110462404
171 66 -3287552823791578360
171 67 2587224551920131307
171 68 -916127747636900845
171 69 -2334438277422397997
171 70 -2329262545453801590
171 71 5918634646759231797
171 72 -4392117109498500988
171 73 -1569507969321716064
171 74 6306976303420835449
171 75 4182856315551186719
171 76 -3367886931480770710
171 77 1762161126311383714
171 78 4367492112447490555
171 79 -7321817234530392530
171 80 5591223425609935450
171 81 -3722210364970925564
171 82 1312028831405818291
171 83 -5481769218555173043
171 84 -6734871214629222916
171 85 -5512079184531839092
171 86 -4792599251886365641
171 87 -4167048910524610249
171 88 -1037546550802489378
171 89 -529575529791772272
171 90 -631102150830626836
171 91 -9201619022052859437
171 92 5234151149280004274
171 93 8014612343403155080
171 94 -8531763642966890366
171 95 3464524346801915598
171 96 7341981873000456679
171 97 -2519591696798714359
171 98 1259527473532965869
171 99 -251893515168703408
171 100 -1315443662334250856
171 101 4158446480081736616
171 102 2345181751666922587
171 103 -1447768171899642764
171 104 -7820212164373156873
171 105 1469987815728748167
171 106 -3837865196068483642
171 107 9081192622724490276
171 108 1412512375820704810
171 109 -128106730248620081
171 110 -8495417734462115842
171 111 -8125692931900258214
171 112 -3345081222263285975
171 113 1327446483064232548
171 114 2402257357506694904
171 115 7640175871749294368
171 116 1980834987056212496
171 117 1037520293970919352
171 118 -374726602131461517
171 119 6245961945279889378
171 120 5169772822437715247
171 121 -1072185757977940151
171 122 7661308141074087543
171 123 4087411121984942702
171 124 8994384491737964233
171 125 1243366041635282857
171 126 -8367309769711856808
171 127 640220516819854453
171 128 -3602808567759858046
171 129 1343681331398545952
171 130 8209547083628406890
171 131 1565127133842453497
171 132 3176640669858823108
171 133 -2475551513981627965
171 134 -8254393530934010512
171 135 -3030592371317473132
171 136 2765449005235859473
171 137 -2383442430432901691
171 138 4155476825956977040
171 139 -4511521024103523043
171 140 -813156025512430592
171 141 -7239501114185488606
171 142 -1389973246916028510
171 143 2793630526179744895
171 144 -1597440816044074751
171 145 -288365102641153874
171 146 -2111981616007329543
171 147 1012499814348220442
171 148 -5496469884241205943
171 149 -1697199181890245433
171 150 6423351427668026817
171 151 5058685867747837969
171 152 6251234240403310792
171 153 -8436630870066247112
171 154 4786311565291749863
171 155 2411238021995765660
171 156 5151225259561628335
171 157 6458513545065073114
171 158 -3044962739338160048
171 159 1910083886086132951
171 160 -1608525703675879125
171 161 5991692009567127777
171 162 -812336112469327282
171 163 7289497298019756587
171 164 -1023812923118929182
171 165 -446067072377926841
171 166 -7384766635222910458
171 167 4678728535140680767
171 168 -5999876554550203428
171 169 -863555878895524239
171 170 -609071690491543230
171 171 8171505817860677096
171 172 8783571511035876305
171 173 -6214043911875191223
171 174 5545596107764195795
171 175 -1634164158466276777
171 176 7661694903695401422
171 177 -5016247980005841710
171 178 6421790874711385804
171 179 -8375902654034137738
171 180 3805025189835876202
171 181 5008722791099296931
171 182 5243104340751622064
171 183 1562999245588245370
171 184 -7939894357117898008
171 185 -5240626958253112774
171 186 6656905265533793307
171 187 634387115487374142
171 188 -6162466494548476150
171 189 -5213722799916068137
171 190 850172514512676196
171 191 -8908914396528449009
171 192 -9195508245252980366
171 193 -8426896970655258924
171 194 8265267892831355944
171 195 -16610984645754588
171 196 -5167027134865299773
171 197 -4704204944521946260
171 198 4299072057952568892
171 199 -6281197349755751305
172 0 -4671117852279634798
172 1 -177747272834379061
172 2 6463033488316291843
172 3 -5235349551857330243
172 4 -3572402340850193216
172 5 -6674335573563271358
172 6 -7323358345545114852
172 7 1438339406653688726
172 8 7000430122060546537
172 9 3508115048410240862
172 10 -5200655838687348529
172 11 -8210598583068679097
172 12 -729787319677996028
172 13 3651496785081395137
172 14 3684861672048392643
172 15 -6074940500138817401
172 16 88611766798599278
172 17 -1342835413543898697
172 18 6748083605036058025
172 19 8863342661184017411
172 20 9163311364044574389
172 21 7782627121322204010
172 22 5792598542174170973
172 23 4271594494001564094
172 24 5678070663656904562
172 25 -6979988157025168769
172 26 -8539330700546497006
172 27 6370186321682815673
172 28 -8929700921955375816
172 29 1475228502419451259
172 30 6136388658227508113
172 31 1356286495165166266
172 32 7565539310444960183
172 33 -2257049636042125933
172 34 -8646478452937384592
172 35 1841842524850744510
172 36 -7736194827563353990
172 37 4516840516174631619
172 38 9018618769492740073
172 39 -6687077114920038518
172 40 -7949799515781225080
172 41 -6911017113075718579
172 42 -8642251923890192660
172 43 -7765679077653723945
172 44 5066785850669308229
172 45 7849123117092140926
172 46 -277609859711579921
172 47 5456482932118339185
172 48 2153791804959312379
172 49 6882674261357910166
172 50 -4832085148221899136
172 51 -8485705778949569862
172 52 -9034193822328123931
172 53 3498937639260058959
172 54 -3119835081763946873
172 55 -820930436704324907
172 56 6830061132234911487
172 57 2545060315029485230
172 58 4914938484371177467
172 59 -213697057451268424
172 60 -5746948910081921032
172 61 -5748416536524966212
172 62 -2911839856834490112
172 63 9132443686089647283
172 64 5699719300817392208
172 65 5736540310393386702
172 66 4992754584399931713
172 67 3808979805953208050
172 68 6430208782818372709
172 69 3342066313021478997
172 70 8572277531281900653
172 71 2310756634271682397
172 72 8854300445067743251
172 73 4657964640709177853
172 74 5757924996430342107
172 75 6500025574314338360
172 76 -976627344123841782
172 77 4551255824947069342
172 78 4595538648137677838
172 79 -2213089511253194431
172 80 3930467499530197198
172 81 -5048946914060307031
172 82 -2117090714254517596
172 83 8629549332211086226
172 84 -5052394817846802903
172 85 -2744075773861507896
172 86 -291057176090347099
172 87 351128427952685009
172 88 3793361293395635996
172 89 -7383856285648506706
172 90 -1554419314062510788
172 91 -4968306451181101896
172 92 -2589220358921339065
172 93 1507668444279534842
172 94 249820877603132115
172 95 -5543544553879512518
172 96 1999283904836862877
172 97 -7736285272942389625
172 98 -8565673166171811784
172 99 -2295049028912502738
172 100 -3675940570468194954
172 101 -3390208014610995913
172 102 3790556810274045637
172 103 7628896907148842495
172 104 -2624864259754915942
172 105 -7689588104434729677
172 106 4680785091694987234
172 107 5598830272154677713
172 108 -4490656379101135595
172 109 -7637496898263800853
172 110 2206867341157409215
172 111 3341631832409976722
172 112 2539414171538264441
172 113 -6500486840393943003
172 114 7168123755966464333
172 115 3708114874096971576
172 116 7846915478676220724
172 117 -8784149686325351071
172 118 6054481146615453092
172 119 3519137293649595597
172 120 3626956193649232548
172 121 -4959179957848980806
172 122 -3291351955209140710
172 123 -8582092258209113514
172 124 -6743140584176385514
172 125 -960668822738308195
172 126 6035959821299867903
172 127 -1053949516591401765
172 128 2799481270554635832
172 129 1501073490881059462
172 130 2792736593014485718
172 131 4187599729990702707
172 132 641218756911416429
172 133 -3447563312843743938
172 134 -5921441738513212069
172 135 9053331030218522941
172 136 4070917963795084304
172 137 -8280745089577136903
172 138 -6009128187413258276
172 139 4956017498143526539
172 140 -836823167124581392
172 141 3663055478612409986
172 142 6655336326065674308
172 143 6017938066034778548
172 144 890134423302880066
172 145 1451860986841805592
172 146 9162622083431990572
172 147 5713835841218353586
172 148 8972624085153513472
172 149 5752236669089187818
172 150 -7269074557967784801
172 151 57617236702274026
172 152 -1523374717160376313
172 153 -8988590922435515700
172 154 -595395204822234404
172 155 -1980007722979509484
172 156 4006317073479008400
172 157 4093931207337430050
172 158 -4049046297186001004
172 159 3868993882767839
172 160 6762656825903623312
172 161 3099552846738006403
172 162 9204606600338154181
172 163 -6268720380818706157
172 164 -5261630839477909917
172 165 2338794474751501974
172 166 1916098099461556990
172 167 -7266748539356354538
172 168 8169666646717092427
172 169 -7829730167424868073
172 170 8030772193671542735
172 171 -7713929790681370415
172 172 -6539262405240614917
172 173 -1581015414729973548
172 174 3446256975784987321
172 175 5071262215533594164
172 176 -3519766040477298
172 177 -640071717525738362
172 178 -1792516607045616338
172 179 -5382100382212092799
172 180 -8091342242594702396
172 181 -6381500362710912473
172 182 -628694113284469100
172 183 2540411178267811786
172 184 6464051288082906113
172 185 4047977932809769049
172 186 2304583613634333813
172 187 -1931382631973943837
172 188 2160668872442707067
172 189 8900933967516066686
172 190 6945993820688736895
172 191 -5044011545397294888
172 192 -2829679939161986267
172 193 -325672309915381283
172 194 8420506632920670208
172 195 -5833761543721349692
172 196 5014998581151468004
172 197 5060225819612684737
172 198 1061190305408160379
172 199 5517096697643057055
173 0 -8490574576525161776
173 1 7434242654509735525
173 2 2937696347379296750
173 3 -8932204643641615857
173 4 8924103953695978577
173 5 1392331655462876847
173 6 793659407397684796
173 7 -2912363620725792578
173 8 3694093265233812314
173 9 -5542270773261000200
173 10 1724510720794074510
173 11 5431159234356879988
173 12 4125124924918973826
173 13 -6047288147604970480
173 14 7398581258380222845
173 15 -7938471203549414266
173 16 -8752340723460323787
173 17 1557070866972076590
173 18 -1445080662129935642
173 19 3225142655961702930
173 20 7607686095512098992
173 21 -4830849619082111374
173 22 -7551599167845285562
173 23 1327515927415682852
173 24 3094235561871886056
173 25 -9179731927083118956
173 26 6519813136744896087
173 27 -5126010654264445504
173 28 -7273224532551606201
173 29 8165590930099842232
173 30 -109053827563912750
173 31 6906967188087113583
173 32 -8845904871068364993
173 33 1783285873117117650
173 34 3597765365221341936
173 35 2471348329562597866
173 36 -8959507924405601280
173 37 -6302194400321654948
173 38 -604479741995268941
173 39 7728519609807153345
173 40 3692300899767164518
173 41 3046060796891180720
173 42 -6338696487561402296
173 43 -5948020837256355360
173 44 -5901137362290825849
173 45 -8770757076763919724
173 46 -1672332845695873184
173 47 3958694056862575908
173 48 -6210583051953147147
173 49 2434308033313263031
173 50 -4944253030821501892
173 51 404648347496788268
173 52 -8082767795533194775
173 53 -1646916909772752883
173 54 2883722982231062872
173 55 6839518339760351785
173 56 4304888879606337751
173 57 3648925668927713
173 58 6612265907805405907
173 59 -7842867243439129128
173 60 -2086618954948080365
173 61 2155426267298011842
173 62 1633982142277090546
173 63 -9088713753337048405
173 64 -1086366215404849255
173 65 -8231516734190824260
173 66 5440029333602375350
173 67 -663143012322469317
173 68 5758415638705284175
173 69 2152746744697592563
173 70 8399861760987133432
173 71 -4715033524795500183
173 72 -4552824701367772853
173 73 -2366871326088350536
173 74 2091894142741777703
173 75 101373926295113613
173 76 -8206816690155819192
173 77 5463987799691880727
173 78 -1058427063057504874
173 79 -182911103787160084
173 80 3283386804074878252
173 81 -166419971842473400
173 82 -3997298465753809644
173 83 1839877900384536868
173 84 3666825584312219603
173 85 892614632930089709
173 86 -5518362314509488373
173 87 -3036006801149181959
173 88 -4572130742608891626
173 89 -2656476076224249955
173 90 4210490047898642706
173 91 -2895816328349905358
173 92 -100534230125921436
173 93 3969251494712927509
173 94 610815119179605979
173 95 6195479730458983352
173 96 -2384994793119568697
173 97 -8781989179540488185
173 98 7181512495484601905
173 99 -3253795247074688368
173 100 -2559603616674397120
173 101 6877347731002876797
173 102 -3526085431000911804
173 103 958359678898205817
173 104 -4213230087455752917
173 105 5332089317041023697
173 106 -8662161255717959421
173 107 6287374158612765792
173 108 7418145913248541361
173 109 -7364429041986862440
173 110 3192353156174128956
173 111 -6392306271492926320
173 112 3420794994278145285
173 113 3434490166866537540
173 114 -7641240961089320654
173 115 2531736898745766638
173 116 -1013521905054555477
173 117 2806428302833524170
173 118 5798463298484761776
173 119 -7640785276183399033
173 120 -2664181338701761630
173 121 -5034389730278355858
173 122 -5435055767953571945
173 123 -5278417643175991637
173 124 -8969988926920265775
173 125 -1823548053077847016
173 126 -7267636198196081186
173 127 -6755351158484133571
173 128 -516414650874423501
173 129 -5819350177522803755
173 130 4340635447818595400
173 131 -8050484436364886674
173 132 3378336964809206579
173 133 -2492766245583989588
173 134 -1565411342890292325
173 135 3466762130445408874
173 136 3853554639474262998
173 137 -4224093149825441986
173 138 -8700840872453725830
173 139 7880611975643968936
173 140 -6658248395626366509
173 141 5736583843974546997
173 142 -8761801672165344095
173 143 8839035003627965130
173 144 3119973104582209457
173 145 6165325953571888632
173 146 7873109145990548660
173 147 -2637651031799347331
173 148 -2119764014388996561
173 149 -220798133167790405
173 150 -5419539930777479173
173 151 2668533590758490881
173 152 7554515688503524202
173 153 -4115180118135923455
173 154 4210469486659854455
173 155 1553759553771238923
173 156 -5667045099241610694
173 157 6063302215955566236
173 158 3745587003057051214
173 159 -276407849547137106
173 160 -8312851393530256314
173 161 -84195592411099247
173 162 3460325902715619393
173 163 8617614577853212983
173 164 -6790738247308514437
173 165 7601501523733364572
173 166 8150494024302256229
173 167 -4941168026139456776
173 168 7219790709348231175
173 169 -2114592142968262307
173 170 7673147817625480144
173 171 -1978974601446143751
173 172 -2306658894690721776
173 173 3774129419827070063
173 174 -5176255193772195475
173 175 -5128640254386949798
173 176 -5024591326356699107
173 177 -5916254187347733619
173 178 -6856795923152912688
173 179 2331853855330735884
173 180 -1862209047460253134
173 181 -4241328054124664044
173 182 -7178718082447740390
173 183 7614998773537411581
173 184 -3198117063027777915
173 185 -6598491336580370882
173 186 6682982844451802554
173 187 -533705999782883079
173 188 -3223681044704635226
173 189 2039229776218445365
173 190 -7015112398130825403
173 191 -1102376663064981864
173 192 -8220292876176435107
173 193 8217808754563021141
173 194 6762302707598719402
173 195 -8822202716669723177
173 196 -504120053893743314
173 197 5661737941319998547
173 198 7121381846080230740
173 199 6846880640798085783
174 0 7567339888195243662
174 1 -886424005207266116
174 2 -8275730068832374858
174 3 -5453331519085369993
174 4 6971673481934681941
174 5 -7811106855329435247
174 6 -1942097144977425588
174 7 4328452559514584407
174 8 262294923071760556
174 9 2867885966637674022
174 10 2962181913738373657
174 11 -7951558188387851401
174 12 1240775447900493273
174 13 1757033730013020631
174 14 -560523614504532225
174 15 4670736038584025451
174 16 -8627074249082189328
174 17 7923700442191029739
174 18 -8860765313048883476
174 19 1748929111439106110
174 20 6718777519345188394
174 21 -6142351755896901290
174 22 8730095717120002331
174 23 4950880995664049687
174 24 -5551825261651020949
174 25 2414529217941374657
174 26 147422513254955766
174 27 4283531693131756475
174 28 -4878526854801174494
174 29 -3316502052455103865
174 30 5254570208467942807
174 31 7665384170604236421
174 32 -9050698471512005046
174 33 -5276533250739507031
174 34 2546259286100907605
174 35 3221236061254866148
174 36 -2406563827314760250
174 37 -6162780534010205332
174 38 1589452068123956907
174 39 3274108553598126239
174 40 -6566534127121562825
174 41 6761154281421040113
174 42 -5986291069257315862
174 43 5207398229553618165
174 44 -3096283749579797376
174 45 -3259656641953888926
174 46 3505637907921972680
174 47 3841921514958847124
174 48 918145811515702770
174 49 -1238118573585694497
174 50 3564843688044162953
174 51 7322644581552109120
174 52 4620028810642513051
174 53 255666472300154104
174 54 -6734088844620339396
174 55 5235780722377062634
174 56 7665387466943265416
174 57 -8040269689662375507
174 58 8405479848511097825
174 59 -2906507476057547423
174 60 2956699288531183851
174 61 5864410500795713222
174 62 -1435791613994519910
174 63 531371975468263695
174 64 -2628291290632379273
174 65 379839480526789110
174 66 7609926401890345830
174 67 -6064281316620677563
174 68 -723288510904721228
174 69 968970022485577276
174 70 7640461436754269556
174 71 -8600017240642717928
174 72 -1533921712846900303
174 73 233124993204765184
174 74 8628057715758631083
174 75 -5052174221815782196
174 76 7117207208305065771
174 77 -4367729229082413705
174 78 -3786233564867111272
174 79 5000624065869302685
174 80 2977647223389882517
174 81 -8491405923981118603
174 82 7603248706486998968
174 83 569993592555174653
174 84 1727630784448168115
174 85 586863755544865241
174 86 6107486419605072853
174 87 5242235345628684220
174 88 -591528419851829337
174 89 6554983234740247274
174 90 813609135547311382
174 91 -82820213729494481
174 92 -8189830695862595533
174 93 -7930171182805277611
174 94 4403122842571539738
174 95 7184905154533882680
174 96 5143851661904714142
174 97 5477281145128822616
174 98 -2980274070928974024
174 99 359992226922355286
174 100 -2957312764590993061
174 101 2706975712304125502
174 102 5480598531019533554
174 103 -5033341147765243714
174 104 -5380313505033218224
174 105 8713390187994541678
174 106 4526371114991197374
174 107 -1724912650031844202
174 108 -6220660887213301237
174 109 -8948135015917518587
174 110 4107038002209374166
174 111 -5029754799149851486
174 112 5688482638983503839
174 113 210325896739963287
174 114 8121067839957342292
174 115 -4991491802832695819
174 116 -8714228540528186440
174 117 -5400266018616548443
174 118 -7612309468305107596
174 119 6301635691876142397
174 120 -232337055244098882
174 121 -3093470661653609912
174 122 -7974045536924601931
174 123 7581817446522702317
174 124 1026332764728628459
174 125 -60889121047865937
174 126 7129547666344980157
174 127 1218512879000729884
174 128 3007009032494239096
174 129 -4136447219566947886
174 130 2394063770268836933
174 131 -4773147287076546134
174 132 9198175530731642403
174 133 -8408994525619428040
174 134 6316885935556248743
174 135 4928571708858559392
174 136 -1331339940970152729
174 137 7887357896688860490
174 138 659695814355914480
174 139 -4912522885614434342
174 140 9209074462883618912
174 141 -8035813296454190244
174 142 8518831869748930731
174 143 -4500696637685326073
174 144 6028846306259708720
174 145 2935214234129573894
174 146 3389773606602986587
174 147 2810538536034490370
174 148 8535694463798252073
174 149 -6867624036736969278
174 150 5076215230070003358
174 151 883618478647320118
174 152 -3765664722612998318
174 153 4513807391101844744
174 154 8102365613935242082
174 155 -4093447989150713650
174 156 9024628885589550911
174 157 95310943870141586
174 158 -7394038493004797251
174 159 -6207875915450559102
174 160 5388859092332654246
174 161 7630771213701878880
174 162 -4061864866150548065
174 163 7152785220244624475
174 164 -1915437729603980446
174 165 1200142312247125277
174 166 -6664842348094613383
174 167 -5918693389590035112
174 168 -6040027553476195641
174 169 6881821491431013947
174 170 8075362372980507880
174 171 -8719055566354047195
174 172 -893928254769541
174 173 3258253776329212617
174 174 -6047889008456326779
174 175 -495350677722786584
174 176 3298336326433173807
174 177 3399348967301767551
174 178 -803161687295447639
174 179 6076750397342241585
174 180 6332015179932804131
174 181 3789843730135898601
174 182 -1260076734490685909
174 183 6280585306049958639
174 184 -2214047668537254685
174 185 4292175361539192018
174 186 -2587945581316143000
174 187 -4897262825757257491
174 188 5706139748754846002
174 189 -2636017582482751868
174 190 -5442899234138325063
174 191 -6923218099691208019
174 192 8521528640385012050
174 193 1114833300346970922
174 194 816901950101487390
174 195 840297863130298105
174 196 -8641298385875218421
174 197 5576335269931669836
174 198 -6821232147618427776
174 199 -7222482199089961851
Tempo de execução: 0.0059898 segundos
