200 200
25 0 3843699663804913353
25 1 5644046080245820856
25 2 6253651643606732126
25 3 132439241350139822
25 4 2510290759920626339
25 5 4257621693581017635
25 6 -1518931058613724710
25 7 6255919213467961735
25 8 3021256688525888616
25 9 -7104944483374868884
25 10 8434500132321382337
25 11 3827361946237073174
25 12 6804319589642656043
25 13 4278474680388644804
25 14 -3919983438272408658
25 15 -2975459930928231902
25 16 -8443931019310412257
25 17 308484568667412760
25 18 1609742230537166668
25 19 -3158031393709319556
25 20 6664520811112408079
25 21 894786688548164110
25 22 -33274124224420689
25 23 5999309627168483051
25 24 138710792157459121
25 25 3838446360190527657
25 26 6174271098188102903
25 27 -686675627283246786
25 28 785551340278212375
25 29 -6617083447639937436
25 30 -2924768363490668038
25 31 229429971863331760
25 32 -7740580385854894780
25 33 -2441043701611790991
25 34 -533301501410420642
25 35 -2691773742159509137
25 36 -8330520374892692570
25 37 -5065398830238857552
25 38 -8415918258557038906
25 39 4253808219547576191
25 40 -1446712493583101914
25 41 -3365157700453490771
25 42 4662712008039483649
25 43 5153257603619483490
25 44 6266589959601953982
25 45 -4141450856547706969
25 46 3619473044429900704
25 47 -6983654445294963322
25 48 6648987576818910699
25 49 8823460355454327310
25 50 -893574221965118805
25 51 -6027528250347760768
25 52 7681755006399513904
25 53 4702614035163238887
25 54 4053870233155395907
25 55 1222232828075370818
25 56 6712337598199377413
25 57 1692598351658766108
25 58 -3512401828782663031
25 59 -6626666493501734150
25 60 -55720028203321283
25 61 9106312651315149123
25 62 -1383580723092735946
25 63 4496481900585836166
25 64 -3779205882011151142
25 65 -8851813781813511907
25 66 7188574830480557143
25 67 3081752957145587743
25 68 2519052372177200429
25 69 -6127646738500209448
25 70 -4348372455741092888
25 71 -5101890935250963102
25 72 -2656610543617839948
25 73 7296181989043516100
25 74 -9088630365111580618
25 75 4263358149570135123
25 76 -2876113930928704709
25 77 512299203964368969
25 78 8635428464455435205
25 79 -2876134946564276479
25 80 8922294252108538200
25 81 -2734912087944461930
25 82 -2726751589285198979
25 83 4588918708461937667
25 84 -3022737479156178283
25 85 -9050744021430501372
25 86 3033087606442086645
25 87 4690379871105917836
25 88 7556940059526662204
25 89 -43942876377831889
25 90 -8000997374132892837
25 91 4146848164652603573
25 92 -7634775615109676324
25 93 9166163733430318513
25 94 -6949605454215953545
25 95 1155462883601900617
25 96 9175478022238588913
25 97 8887610315955057870
25 98 -909110993636409379
25 99 -7524237244165615883
25 100 -3873294965373309594
25 101 -8963416171095839464
25 102 -6790082508417231680
25 103 -3402637461313321626
25 104 -5757569361880142280
25 105 -1900814390156528101
25 106 4409561496865591731
25 107 -489413295001163651
25 108 -8702819503146801878
25 109 3275229759500518092
25 110 -6455359555231398201
25 111 4575569247262010707
25 112 3748872206268676513
25 113 8489099381552519074
25 114 8691199607431424998
25 115 3452379633522353431
25 116 -7089071245558472986
25 117 -8630511347786552785
25 118 -8252925298360044732
25 119 1307902018787406197
25 120 -4308340155190724237
25 121 -7156721684110674136
25 122 -1954266321541474139
25 123 -4033173305883085789
25 124 -3400744830986178074
25 125 -3406759922159347804
25 126 -7972858381973074676
25 127 -7201613448805153342
25 128 2134248639615378550
25 129 -6972226776461179495
25 130 -3121287530886250724
25 131 -6736190870539128467
25 132 1988764674997082109
25 133 300165500143618867
25 134 -1399217274782264549
25 135 -2195183322032955293
25 136 434339909017442134
25 137 2794076122775004995
25 138 -6868646432100310151
25 139 6520614122563089966
25 140 7715362588920172232
25 141 1788437462542151816
25 142 -6254387177104664842
25 143 4241594346349293766
25 144 -6361181191446532950
25 145 7887287876282315485
25 146 -4041358852022348400
25 147 4460910704592986027
25 148 5223436507110079583
25 149 4181629759700668048
25 150 -3828617147904869799
25 151 5871673861656043227
25 152 4787257004832450926
25 153 -8958299371008017904
25 154 3506543702115648690
25 155 -4047299189665680239
25 156 -633593030888078037
25 157 1911450097827147842
25 158 -2078560886578234565
25 159 -5681541160232289150
25 160 804234953588091472
25 161 -2923384964442704743
25 162 238949186932981310
25 163 -4849064645418710396
25 164 2435929033074179978
25 165 7841974293645307653
25 166 9202964395602188544
25 167 9116652658069820793
25 168 -766953672505504323
25 169 6776828799164263385
25 170 -7075402150530165310
25 171 5662077793657291715
25 172 8583312363255941609
25 173 -878324136601598716
25 174 9142471771541639422
25 175 4176446798127820400
25 176 -5331903614228407863
25 177 4260367476786663705
25 178 7007202764582371284
25 179 -4296415758175856619
25 180 6235848784916039929
25 181 -7447515656036147882
25 182 5349409916710354653
25 183 424160806657432059
25 184 5515373969567051241
25 185 -1126614363162201949
25 186 1948599007148225146
25 187 8401735757002861785
25 188 3242440876680111736
25 189 4332143900313542805
25 190 1914919274123638841
25 191 -1986847152847564596
25 192 -7591503849255542791
25 193 4724933533285805307
25 194 -8380742080363089725
25 195 -6481954910853681769
25 196 6984921541610795784
25 197 -4738820212211962524
25 198 3750899349817903806
25 199 -3218620986236517740
26 0 1661328736067253090
26 1 8224904342173056832
26 2 -5071826079755948645
26 3 -5002048321189771200
26 4 -4135870277081782393
26 5 -3402277569967623524
26 6 -1430372911524042920
26 7 8001082248808869169
26 8 -4201357900373832784
26 9 4329881271571162217
26 10 7829122257752396900
26 11 -4361081081398702864
26 12 8302083969996339719
26 13 -6906501091709720125
26 14 -5764877882282758433
26 15 -612207822973884239
26 16 -6422575207276473274
26 17 724258853983440548
26 18 7912265309511541909
26 19 5221428336948528679
26 20 8378535952255522691
26 21 2426429824346853488
26 22 -6142967357206681718
26 23 -8882642081064303395
26 24 -1404280691035461928
26 25 8199192053349562317
26 26 4880686596658774542
26 27 7342774818206277124
26 28 -3621732186274518524
26 29 -3697671484272439241
26 30 3773726284792058424
26 31 -7616758059094322351
26 32 6354303801464880269
26 33 3942505878702496204
26 34 -5228169304294414040
26 35 -8226621072891527577
26 36 4104161816761170469
26 37 8701121008573961379
26 38 -3723511740862941202
26 39 7360503801786520430
26 40 6724880597234365434
26 41 -577796596197072181
26 42 -444802260209542811
26 43 3774341256664518597
26 44 6062225039263840375
26 45 -7776257148327994295
26 46 8166339899971792963
26 47 7735986387192538710
26 48 -1531717150260153402
26 49 5045343518749534574
26 50 -980635567633954208
26 51 5689900926641914547
26 52 -6317340036967677836
26 53 -4205270536422831547
26 54 6446394918390920302
26 55 -8359455269179776848
26 56 -3731911530451384346
26 57 4910411090177615277
26 58 4214233631147738533
26 59 516667704345367795
26 60 3983696416485804300
26 61 -5995218748073262219
26 62 -2804942912072107217
26 63 119930348329330661
26 64 760966628818998918
26 65 425933348374909467
26 66 -3469309240717963332
26 67 1470102122933929569
26 68 1045929615814199962
26 69 5065694844744860870
26 70 -3639852430780664561
26 71 -185268328673300635
26 72 -2935948537741476422
26 73 6571612134475463427
26 74 431543287025451590
26 75 -4598220440963364079
26 76 5978042928929523862
26 77 669829564989844640
26 78 -8764176921468659650
26 79 5216742389617475268
26 80 4778576828536094598
26 81 -5417410868463744409
26 82 1098058586860699723
26 83 -7189192073445777337
26 84 -5215906590289415266
26 85 -7134791675809336203
26 86 6541888037684354687
26 87 9081404475400390091
26 88 5361833216023541427
26 89 7272574475315441163
26 90 -1600583590757791873
26 91 -1700003036753073125
26 92 5928498653957761027
26 93 7885863417545146023
26 94 8378485317660941457
26 95 -3026281320377258499
26 96 3137905685141625305
26 97 199470976759885471
26 98 -134386598700981717
26 99 -3292055009238318161
26 100 2771517250875935444
26 101 -7623170769583911057
26 102 -5106539994330792346
26 103 -4059448872605653055
26 104 -7184572983934710903
26 105 -661804518853140109
26 106 -2304380359034147735
26 107 -3440274762851207213
26 108 4158993073131429029
26 109 -7072426007003986278
26 110 4663620693286380928
26 111 5681702787213305078
26 112 6142892439119169400
26 113 4707732114267271061
26 114 7373157884487443696
26 115 -1794534102854703263
26 116 4319127299620152999
26 117 6449251490323779970
26 118 -8648663652000964220
26 119 -2260949343670078546
26 120 1614930496162982436
26 121 -4692983319756644595
26 122 7926980865831129914
26 123 1050796495139232987
26 124 -8592032822315599076
26 125 -1617989281481704182
26 126 4733213163216769995
26 127 1822551409504820928
26 128 4930744310653975823
26 129 -3596741344560168855
26 130 848672973977015957
26 131 6216255086953781016
26 132 1235961329630551727
26 133 4202771704371564910
26 134 -4253203502364658166
26 135 8213163851865596371
26 136 647770825118435524
26 137 -4470453476311089658
26 138 -4442176966458674251
26 139 -7017294411993697919
26 140 4382432168782389070
26 141 7358857467264836306
26 142 3579536318959045807
26 143 -4805577599259357223
26 144 -1580964850328214233
26 145 -4916628692103344234
26 146 -8885523196413414709
26 147 -2301805560702732060
26 148 -6941497343374886555
26 149 -2663958509273024383
26 150 -2390057356967830946
26 151 -2032057178807507047
26 152 4240280381433453354
26 153 5404548562896400869
26 154 -8494895996456620705
26 155 2905546953640956172
26 156 -122246953132239586
26 157 2340432161058906706
26 158 -3945930277213665895
26 159 3281397346182568006
26 160 -4484569747925079964
26 161 -1363094049441193725
26 162 1727545029127309572
26 163 4022968916476243142
26 164 11719718665164347
26 165 -4905922084509174225
26 166 2572779709903520618
26 167 -7009139418398995000
26 168 -7397404812228944823
26 169 -2982781173255352920
26 170 -5320182073933626770
26 171 1294550583545560493
26 172 -6597733241551838076
26 173 -9146147421768992346
26 174 5958740318539848316
26 175 -2975067141441038659
26 176 7685554381622365644
26 177 -5671583184349695951
26 178 4795702491177823877
26 179 -989094716512372146
26 180 2149166956337015984
26 181 2952045994172419951
26 182 1228964831246578340
26 183 -1302632004038270698
26 184 -1299073311573305266
26 185 2654214769740644158
26 186 5706777214905385942
26 187 1812616695359739745
26 188 666493203374769408
26 189 6811820010355300796
26 190 5113979373719584292
26 191 -7018037713975964269
26 192 -6488797641431695420
26 193 3295613290264502445
26 194 -1820261200496196278
26 195 2414502617257460142
26 196 -8362921641387055731
26 197 2846883165138974275
26 198 1865504638982919890
26 199 3576778861009042541
27 0 8135589351313229717
27 1 -1367563620384987290
27 2 2342678545112910479
27 3 -3285403230229284797
27 4 -6930996184003405293
27 5 -6898027943889263245
27 6 4259384691376684499
27 7 -8861265746665563882
27 8 6544489981489015991
27 9 4218036594675273294
27 10 4416188563934015386
27 11 -1052990332617039722
27 12 1776585718787754442
27 13 2565421728199000672
27 14 7942126722432782669
27 15 2793516892879452643
27 16 4144911906264187945
27 17 852942252388983908
27 18 -3470622724760944755
27 19 -8105105062887066046
27 20 4459940458001452306
27 21 6529328909051962326
27 22 6400308635004499194
27 23 3356505337272749859
27 24 8846057997220261875
27 25 6917584384292837818
27 26 6256446044466614483
27 27 8046091804808288508
27 28 5821471749777043533
27 29 7051941686848174464
27 30 1137474167496957409
27 31 -3908701547375212948
27 32 -8887775819516508366
27 33 3370006061639858038
27 34 2307865022734070760
27 35 3934170981111292171
27 36 -7339855299619591087
27 37 -2276227060155458364
27 38 4917331688322363213
27 39 -1117405123268958218
27 40 4855393056184653946
27 41 -8400027566453111245
27 42 -2818886095173800516
27 43 7098176411517063992
27 44 6429859325936924842
27 45 7978052722559396643
27 46 -6660996690402296957
27 47 2707459651816325807
27 48 7374264768966772451
27 49 5607140433931912976
27 50 -7543642860047266726
27 51 720885489473791775
27 52 -4721289074655843826
27 53 -5973983079449973973
27 54 6207368290502336628
27 55 8456778726179907905
27 56 2042666251726303294
27 57 5171443825040855213
27 58 6599276801715186271
27 59 -4599795697371001691
27 60 4305054699377244785
27 61 -957957074604429132
27 62 8521363250633355823
27 63 2992950189590871672
27 64 6320967244116649910
27 65 2454647098563423375
27 66 -5954661906103992041
27 67 -7159782914889622155
27 68 8661748384518762803
27 69 -5694584121266871427
27 70 3534234943223736207
27 71 -6446792722223820056
27 72 -1975272561288785603
27 73 3022280770881231999
27 74 4533657893528325564
27 75 7190897637373491027
27 76 2256352905650773715
27 77 -4765307614610229998
27 78 7935382666536383737
27 79 -240156528324922102
27 80 -506773766551421461
27 81 1892966409614140033
27 82 648196185663883679
27 83 6960532708515513928
27 84 -3576701072835608478
27 85 5009467861069137673
27 86 -1828927664272043523
27 87 8956730904221514324
27 88 -3274174645216129715
27 89 7889271583334464464
27 90 2141668506314880015
27 91 -258386592901016929
27 92 -517662694197376750
27 93 4261609141874462273
27 94 1133957632585849695
27 95 -4429518713986190608
27 96 19573093227103284
27 97 1066874867963854367
27 98 -7585341745825740461
27 99 -1835592194458767525
27 100 -4747487199426401014
27 101 -653658988199458113
27 102 4662741054817518178
27 103 6511675066060248069
27 104 1979196118430189613
27 105 7182105177837826267
27 106 744892349338048101
27 107 7117880989488237125
27 108 -5292707552863708211
27 109 -2141116692537579181
27 110 704974946384097144
27 111 6166205910680637106
27 112 8021967383900424958
27 113 -8526283398626784119
27 114 -3279229794216976920
27 115 -3755473355841150501
27 116 -7431058430916935623
27 117 -4911651746100918501
27 118 4838334282827569571
27 119 1236002738356340068
27 120 -3261395679114160912
27 121 5509096484306691707
27 122 5209299413984415127
27 123 8800857612767448890
27 124 9169370672095943511
27 125 5411985072491729425
27 126 408387562700339016
27 127 -6806506662799921073
27 128 -7486732652705778635
27 129 2436398600759929655
27 130 -6898215817172116809
27 131 6658438199416010023
27 132 4263253564323633746
27 133 -1969442981499848109
27 134 -4376582869892106323
27 135 -6915798387546153436
27 136 443288085750111737
27 137 8383955354373976364
27 138 2314332543219448673
27 139 -4244530973492210117
27 140 1979657542820682964
27 141 433021474279661180
27 142 -152438842465009460
27 143 -4060464667788863908
27 144 -4538879134275082348
27 145 -4962133506386046238
27 146 -6386867150285548326
27 147 1942708558304364813
27 148 -8742040635116159878
27 149 2803966675321381440
27 150 -7718230930103736682
27 151 4524927571971792613
27 152 -4039657574920144964
27 153 908041976098109005
27 154 -2058039967521300919
27 155 3739004463971683634
27 156 447339533731255152
27 157 2140824741324327373
27 158 -1027798048318816570
27 159 7188865012163746892
27 160 -4484064437387004963
27 161 -2398904893543508691
27 162 6388472483122854495
27 163 -7381329452063053880
27 164 2264943249934371861
27 165 -5777060704268752105
27 166 3069053024622824110
27 167 1000941531950569348
27 168 -4121536808462810434
27 169 -4204004030820912549
27 170 4678471864916584557
27 171 5287459136590171144
27 172 3424435183461604911
27 173 4428674621386768214
27 174 -6129640705877609732
27 175 8662337270962634149
27 176 6620994189152786129
27 177 -8328519832234876582
27 178 -7907592234663368079
27 179 -7822568097069513155
27 180 -8951251899174698272
27 181 2399963163507841307
27 182 353927134932663777
27 183 8038873932093740739
27 184 1629803113683443793
27 185 4364828769781261900
27 186 8763665088169187369
27 187 8033640336101034528
27 188 -596635521619369845
27 189 86800416228906505
27 190 -2674332631992646757
27 191 7309884019526384710
27 192 6710976310327785468
27 193 1059277821857689880
27 194 1305354928407760145
27 195 6599149717177040702
27 196 8873753007868782294
27 197 -3173493622990835459
27 198 7194736041703808195
27 199 -4756620163246090290
28 0 5350707184440244100
28 1 -6439514615127081382
28 2 -3333791842009562522
28 3 2623969718083890101
28 4 103467119102530770
28 5 -51478221729142826
28 6 -8409216326004542755
28 7 7124830521807602972
28 8 7149219671547070603
28 9 5483396718844625784
28 10 2595023495815111486
28 11 -8841356126826624184
28 12 -1994630275027847249
28 13 -5410062488424955852
28 14 5048368531595702490
28 15 8086899596405577114
28 16 -8836794474991347661
28 17 6439259113528708482
28 18 6874583388339393453
28 19 -2340664358725739672
28 20 6153490561197603110
28 21 7241811791411562058
28 22 4860498034361619005
28 23 2008148140652657958
28 24 -4293090862029910567
28 25 150411988251368133
28 26 -1477795780791475092
28 27 -4112571954424208692
28 28 7521404558220369748
28 29 -3888996979685776553
28 30 -41614868842043303
28 31 -7591947416881080849
28 32 -7024428625313129840
28 33 -4815271584228531127
28 34 4165640420615382870
28 35 8597786324000446817
28 36 3454104940798084926
28 37 -7542043503377563351
28 38 2858325506519121186
28 39 -338700626577024289
28 40 -7047854939081453850
28 41 -7337715879430485965
28 42 -17211492270418487
28 43 -5616704917621837322
28 44 -7023731002941388154
28 45 7676602653954683799
28 46 -2938117077133746624
28 47 7060841496210827966
28 48 -8917954738348274956
28 49 -8946211400232165870
28 50 -4337265937715648313
28 51 -7826208065039075984
28 52 2898296612566111569
28 53 -1599400883146509685
28 54 -2767108190958907850
28 55 -5580664293104656431
28 56 4727729652767869405
28 57 563693404847551692
28 58 6501895615227529043
28 59 6031642992783123299
28 60 -6104373547183193959
28 61 6164000333130938179
28 62 279519447695374167
28 63 6119603713326980267
28 64 4408265095390235047
28 65 1710292297867022104
28 66 3207175350167373776
28 67 -4050068605572574927
28 68 -1064993199422630922
28 69 146251905640251354
28 70 5198076480643532592
28 71 -5516200321158676947
28 72 6968680285254189173
28 73 -7192117747237771313
28 74 -8201063532300841097
28 75 3052077707543557173
28 76 -5086881026476645387
28 77 -3809232380830981968
28 78 944223474570421699
28 79 -2973149721106353129
28 80 5301636816364157338
28 81 -5010017334321852991
28 82 -3802453221104198835
28 83 4634272036521753832
28 84 -1752938333201461596
28 85 -1931795023870316504
28 86 3590040528357928111
28 87 8512916030479049078
28 88 -1328919144302617630
28 89 -1144652389062782151
28 90 197102702056461674
28 91 -6110443685887388030
28 92 1332558722357331471
28 93 -389779703445023153
28 94 -3738670239992998646
28 95 -6285357917877009827
28 96 8464462640889547788
28 97 -2945438488473737147
28 98 -4842328253922868736
28 99 8823516990025702246
28 100 -6116193178974093165
28 101 -4128835109547003983
28 102 7774612737320454413
28 103 5294098987142987668
28 104 -1664700261407640101
28 105 700578197705962340
28 106 7750237266563369765
28 107 4151296031689193308
28 108 5556567779792190959
28 109 7490757347844068935
28 110 8482160313738986218
28 111 4062606008481319893
28 112 -5125556452024430039
28 113 -1343465870060125184
28 114 -2636271425279646678
28 115 4494343405602065659
28 116 -6764363975730289208
28 117 -3690125737374313315
28 118 -1031079571979909996
28 119 909352774418848097
28 120 2472072143319424693
28 121 -8986916244918397877
28 122 7335050005942981868
28 123 -8345077093561624715
28 124 5161419802509563965
28 125 6986379726138263406
28 126 5901664906163497621
28 127 912711083539614294
28 128 -9098350642480487646
28 129 -7358609931973204143
28 130 4912386975644808603
28 131 3882938923816456364
28 132 -7988208302000693888
28 133 -1878028668590374671
28 134 4884921411393883773
28 135 3320095581851259971
28 136 3620095922659974475
28 137 -7036254794933232769
28 138 -3734159618366097009
28 139 -1899708274240593472
28 140 6535601604942090747
28 141 -8819749824409419755
28 142 6558141962791301788
28 143 -5320923710832119293
28 144 -4235205718957031552
28 145 8594713685337797730
28 146 -4029921744553562609
28 147 -7760555502864582545
28 148 849163555938230131
28 149 8704755141044208155
28 150 3851885322018475641
28 151 8068931829090517868
28 152 1328335736975467507
28 153 -3047662666800056441
28 154 3713409823334978580
28 155 -8228627720083636001
28 156 -8768398094903003581
28 157 8072126051403747376
28 158 4740487318313879911
28 159 -8485779679416990557
28 160 -3377168627636393221
28 161 1189336700249792069
28 162 6812812720945219208
28 163 -6458508174937826966
28 164 -6126789530734374763
28 165 1151072540078777327
28 166 2047169293625850589
28 167 775859894790626380
28 168 1358674692437590344
28 169 6042589449620394619
28 170 7186617251292162469
28 171 7376586843960945707
28 172 -1844001534657404152
28 173 -3140124171356196897
28 174 -7691740978651095118
28 175 8924943306060977289
28 176 -3417852151998306940
28 177 -967715457946444719
28 178 -8789103201739675415
28 179 3573732887344275560
28 180 5638336872267189542
28 181 2614303523134616638
28 182 -8074817351299750451
28 183 -9166248196361961361
28 184 5295941031868876163
28 185 2549773432141615445
28 186 2528602928972700193
28 187 -6109698831250659549
28 188 -8397390078219972043
28 189 5670960636923353582
28 190 7104468924558038581
28 191 1440413043820311047
28 192 -6594550264141049976
28 193 -5138048037762079930
28 194 -4071603769172739043
28 195 5740314846431403509
28 196 4103283496425256612
28 197 -8941448231060845111
28 198 2522655870507239821
28 199 -1638827388808015691
29 0 -5907969720455250993
29 1 -6947907286952741336
29 2 7959688311354753459
29 3 -7474499788003680873
29 4 -2362363888230760464
29 5 -1842617895547451350
29 6 -9196918668032226331
29 7 4363966426815311486
29 8 -897389983273735174
29 9 5017329800082312637
29 10 5326606051485688697
29 11 -4937392976814307849
29 12 -8526757395462229765
29 13 5570414536920330713
29 14 -6631431370499229237
29 15 291792874359892214
29 16 -8379268113047796707
29 17 -3110669584876606604
29 18 -1377129125841558356
29 19 2069056137538950142
29 20 -2979485547341585026
29 21 -1687151887118229754
29 22 1953806004111853969
29 23 2470362418888670216
29 24 8013152551963759657
29 25 6916914884594508484
29 26 8651852843559262281
29 27 -4891748896447134677
29 28 -5929828891132438347
29 29 -2508995903422651255
29 30 1271411020940389910
29 31 -2978430127953429011
29 32 7787784062005203990
29 33 -3972204614089958531
29 34 3138524963103271540
29 35 8482172803516909267
29 36 -1373577408004496892
29 37 872058680696514011
29 38 -8690417526260833456
29 39 8035930319722813243
29 40 3214533987905816349
29 41 -2575667950680536173
29 42 3599676399335330351
29 43 6253227191725337853
29 44 -3491511874812174333
29 45 -213879443645066050
29 46 -5458560186813266757
29 47 6845622862933796036
29 48 -7014359217337829684
29 49 -8163465395800561939
29 50 3754853708388439823
29 51 -8345399632510068143
29 52 -2532835928058620596
29 53 1326117084825338181
29 54 -4880429729503128195
29 55 6023650596752045390
29 56 -8071998180274672601
29 57 2870152586742805277
29 58 4457420869058458450
29 59 -7002046286196750948
29 60 7393524475259872425
29 61 539939637496564181
29 62 -3119267571260348230
29 63 -2093325865849530515
29 64 -998527871498442934
29 65 4757131882996428226
29 66 -762840147416899256
29 67 7585380092349705578
29 68 8350823307709690411
29 69 5460163239680385099
29 70 -8454417243575221723
29 71 7047743332872087808
29 72 -4808550053575147197
29 73 1717816838375164945
29 74 -8498290857565999095
29 75 -187536968351012247
29 76 3389656630247368983
29 77 -8456633945326374025
29 78 1018166207488237568
29 79 -6050816369241169791
29 80 -5372378371158013022
29 81 8889771657121662445
29 82 4787665620681118193
29 83 -2782784236767047989
29 84 5473416655112180772
29 85 1352206264483031398
29 86 -2205492279639668574
29 87 214663492745977873
29 88 522119969039790344
29 89 -6258918810138490966
29 90 -7035618718773403820
29 91 1772157873151081733
29 92 -1312828465150292527
29 93 4313541097574078803
29 94 5297646980228161913
29 95 -1518329833014247734
29 96 6418204014300357706
29 97 1121814289960339504
29 98 4768015388633621131
29 99 6219441592302232308
29 100 9104512056267160297
29 101 2158687784555613797
29 102 -4886359511345088583
29 103 3927212886709449484
29 104 -3761643338275294912
29 105 6353369150824529163
29 106 1015378960788139325
29 107 5522378075917512366
29 108 2304479529776917531
29 109 2293455972736228422
29 110 -4036208314988416038
29 111 6164341735988930518
29 112 -6933520892242861077
29 113 -4503777061306292055
29 114 -7971226340173313830
29 115 5561759203611715284
29 116 -9162805197653665131
29 117 -8755392561909870588
29 118 6916759490020078440
29 119 8594812069735106830
29 120 -1212590546769482845
29 121 4620067276563069007
29 122 -4572887010522143214
29 123 5980877878286543275
29 124 3047263085141894552
29 125 -61524090143064323
29 126 6491681258270298591
29 127 -7819008637469935818
29 128 7428325375005341105
29 129 1663098840715524080
29 130 6247673423769415019
29 131 4287457456446087053
29 132 6308203757559368231
29 133 -6210128894281360055
29 134 1629556821652909403
29 135 245115038585514031
29 136 8287936551921822022
29 137 -3969023335991887625
29 138 -5372392544513229287
29 139 -7596376439560473335
29 140 2570725792674159028
29 141 5258481827329310908
29 142 -5635029887143079450
29 143 1759866479642724834
29 144 986239932644941665
29 145 -8971153467847725981
29 146 -2368930431673109961
29 147 5907686395456015238
29 148 -8598030110899274391
29 149 340879865131081868
29 150 8900303730656294726
29 151 8080813898167492587
29 152 -3518928184698857169
29 153 2597353536566437463
29 154 70988900702619958
29 155 2816672184285629588
29 156 2063374060123518549
29 157 8237279121685659591
29 158 3153749157577032329
29 159 -6403022748484936284
29 160 -3869205308626826657
29 161 -1747213727365400594
29 162 -1232195716202632918
29 163 25397364307110302
29 164 -205043334893095406
29 165 -3979538088067936183
29 166 6062656756601938643
29 167 -3215070151877549187
29 168 3446140483646401484
29 169 -4632267814961339843
29 170 4835453213612818027
29 171 3293874912824794306
29 172 -6905986053122099970
29 173 -5254929263408986095
29 174 6178307278687332842
29 175 5226826749578572776
29 176 -6190208577230953592
29 177 -9186462903189188180
29 178 1275851831693993726
29 179 -2777090822150949604
29 180 5614447414120678165
29 181 8974278524886189209
29 182 -7038762509784758326
29 183 3676957171185611383
29 184 -6088409782976071940
29 185 7965858220522907504
29 186 -8850272816885600871
29 187 -347982453762778082
29 188 -4081609930274351091
29 189 -2773316843374923017
29 190 -6104695878925319462
29 191 3835415243544105146
29 192 2909017255288892034
29 193 6065026884855731693
29 194 7741321856512475544
29 195 1986235681898422310
29 196 8491967478192418671
29 197 6044509322572855537
29 198 8153861482803424730
29 199 -6956166272842719301
30 0 -1031963847188232010
30 1 -5245663283930861770
30 2 -7227043058134049618
30 3 168088422660585745
30 4 3040076734074499066
30 5 -6077965005040589711
30 6 -8656036296471769793
30 7 -7296420332078075944
30 8 -7502048151524549583
30 9 -3862160516098937636
30 10 1043491506688681390
30 11 -1998655787483111567
30 12 -2143477589093379223
30 13 1824528864354995380
30 14 5017765530836701582
30 15 9107530289043943179
30 16 -7209569491060340448
30 17 2319336693102945516
30 18 1078257114385914111
30 19 -8173314744593411192
30 20 -9127703525618167889
30 21 -7329851067602237678
30 22 3741126639857408725
30 23 -4113862098435630098
30 24 5061649260738154322
30 25 -3843878637843998588
30 26 -84680258073819109
30 27 790676670112582831
30 28 -7860473234400889661
30 29 -3805876749447970181
30 30 -3234940597349606009
30 31 3460220715359556759
30 32 -165356360745233919
30 33 3584398191698261012
30 34 -2199951164896520549
30 35 -1183638292791361631
30 36 8088538870714274955
30 37 -5903828168300656536
30 38 -4113822454561077984
30 39 4360777607079992734
30 40 -3239130682942757765
30 41 3721655322879877372
30 42 -6076346694466870137
30 43 7180021764246175722
30 44 8732680670597217639
30 45 6619605106670282068
30 46 6583483707421074714
30 47 -4011714069012652339
30 48 7848728363113951103
30 49 -5998856488744410154
30 50 8913999216261470991
30 51 -7912216527254502287
30 52 2192089789315702948
30 53 3010114300022223948
30 54 -8221074244716060259
30 55 -2716902187803750684
30 56 8210881678511249936
30 57 -563494943462796200
30 58 -5663457773876061226
30 59 -8528865672064009519
30 60 -9075332838281635842
30 61 -4943262213362523782
30 62 3249043437966963004
30 63 3144569683233176625
30 64 -8031948210705449901
30 65 3611953484353959004
30 66 6852553591304460982
30 67 -8949437957176512294
30 68 -385733911917757738
30 69 2680447057095147420
30 70 3764619713192933709
30 71 -3198581430365960555
30 72 9102245147812971004
30 73 102856589775508036
30 74 6416667288640367584
30 75 6660012872889952088
30 76 2560023584425358132
30 77 -8467896558205875786
30 78 2207437138085782858
30 79 2043535298182939670
30 80 -1318649707823187537
30 81 -4731762350698697897
30 82 3787030798547843348
30 83 4174999545839165286
30 84 152007616509171704
30 85 -7994928545136091797
30 86 3341003497910633783
30 87 -1911083522453871889
30 88 2143253913020481223
30 89 6765747596985526341
30 90 -1745568190730210783
30 91 7037939166386742235
30 92 3867848856333229269
30 93 -5391312727969427280
30 94 6904646071176046536
30 95 -2433612826556934005
30 96 5471032685577242013
30 97 -5279905748730428357
30 98 2729502637957524873
30 99 3026098762781705461
30 100 -7512434308326279397
30 101 -7667693927721707880
30 102 6256739047949305773
30 103 -2423930667231257589
30 104 4806368161203076517
30 105 2088781490938106976
30 106 -7067208326369406080
30 107 2052580369292976588
30 108 1133610800402937079
30 109 780262558115568290
30 110 -8815009886673396878
30 111 483541117513247857
30 112 5672667920306888937
30 113 -3466262269021912925
30 114 2058580158897558199
30 115 7980032298353190391
30 116 8597922295296979257
30 117 -21710447689735815
30 118 3309905763868394864
30 119 2218003400739487619
30 120 -3819556764747452354
30 121 -6162494032471532035
30 122 -7114791175951549924
30 123 779955474412604493
30 124 940408832329124505
30 125 1676966151282927967
30 126 -7153138386817631545
30 127 -8958272214610545523
30 128 -1182867688244174482
30 129 -6098078376765218338
30 130 -6137231205115922033
30 131 -7917503580637862491
30 132 -5623244906017796137
30 133 2595894059111324161
30 134 -7715523080635393122
30 135 -4386991341684023222
30 136 -7836705416354604308
30 137 6275716306826224558
30 138 8225934378371698927
30 139 -6019890732933190368
30 140 -6195411623872542564
30 141 7660711335098573727
30 142 -7839798416931758317
30 143 6611878871181072782
30 144 4433338288553976201
30 145 -9065180362961423566
30 146 -2734764830563019393
30 147 4136661759447486969
30 148 6867947937720377840
30 149 3970186175475212472
30 150 -249509210565523956
30 151 75052118108754529
30 152 -6526346272580733073
30 153 -1956539667900434829
30 154 6487449560607518372
30 155 6878494833141452595
30 156 2985053750514219765
30 157 -6538055974658110783
30 158 2024146837467362632
30 159 6002532417316372533
30 160 -5006307414807379221
30 161 8424595787030090072
30 162 -527213603629343479
30 163 -4352128829211212229
30 164 -7623781727786624564
30 165 -2591133476103721385
30 166 5973564279499286891
30 167 -7320239080968982456
30 168 -4531718742922755189
30 169 -8082672491850039573
30 170 -8064735393450985284
30 171 -9074629283800727325
30 172 -5884214533016230622
30 173 -6385239796440909308
30 174 -5387501510732637930
30 175 1727827660196338032
30 176 1234249592543502330
30 177 -827375977195713808
30 178 3887383672018151770
30 179 -6922250686435567230
30 180 -6476172153101417415
30 181 1964984191767442373
30 182 5727774982234423858
30 183 1505536022323525423
30 184 3565756758573663212
30 185 -5728005934441279391
30 186 -6393616193559902371
30 187 6210139393329203409
30 188 -212858286973233458
30 189 2448579074669601176
30 190 1277269644896606393
30 191 -8833530409487356152
30 192 3783835440023826479
30 193 2041861213639555353
30 194 -1695735159607042204
30 195 -6919060235963410504
30 196 -3923738178418376189
30 197 8716221540729955027
30 198 -6601411589555828793
30 199 -7727279084637381726
31 0 -1939292273525600600
31 1 -6072135553541640314
31 2 -8749906628322450756
31 3 -8623115915839407865
31 4 5119201933617185555
31 5 1781296091837983922
31 6 4001198638642859191
31 7 -1812770071760972612
31 8 -8025161505866296743
31 9 -5210399880193263307
31 10 -6801375723296737477
31 11 -4610978177907488687
31 12 -785946477178769071
31 13 -5263628384322672872
31 14 -2035492877251192390
31 15 849947138088758257
31 16 -4980994352623693960
31 17 4170226784125526206
31 18 -3382427526386363289
31 19 5728641856048639371
31 20 -6775417962484302777
31 21 4930683750295417662
31 22 8617456804571261004
31 23 2476792375105398596
31 24 2026662908333939315
31 25 5041962934708399339
31 26 1503509882707148791
31 27 -6500425961897835842
31 28 4944926443798919019
31 29 246279514990696886
31 30 -78156443384242529
31 31 3007560744019273741
31 32 6109662735356289293
31 33 -3296742946035383813
31 34 -395451825080190252
31 35 -2428885793356003865
31 36 4399574288717749605
31 37 -4590481795080533184
31 38 -4424115237757321245
31 39 -1685331421088817301
31 40 -4704314184597094892
31 41 -1681416856675003991
31 42 -2613770665876986844
31 43 5962242105789328998
31 44 -2764946539523998423
31 45 -6835032914141153538
31 46 -5343912198394279347
31 47 1082787171398022642
31 48 -8267317187976567994
31 49 2553836402656924809
31 50 -55629279675240550
31 51 -4306324109491554557
31 52 -235248113452193709
31 53 6691428011788991031
31 54 4002828546475103031
31 55 -6010598379191550029
31 56 7709229018028574233
31 57 -8087096085454041966
31 58 -3494227209345154949
31 59 -4030897988883203444
31 60 1563522807592927717
31 61 -4226856396896741995
31 62 -1368551336240525449
31 63 6258067661412537195
31 64 -6235892069788023762
31 65 5463193780899834699
31 66 -1884725134365921281
31 67 -39075986792326885
31 68 7601546232537767601
31 69 -7711067640481064199
31 70 3409608305037914689
31 71 283619893424829699
31 72 3282541789209798682
31 73 6823716082865190337
31 74 2508684797147888352
31 75 -3635874201820288740
31 76 2399444589084881436
31 77 -1943610306815970081
31 78 -3547037886221696841
31 79 -5532289077783393542
31 80 6829809751327090772
31 81 -3274908949436144635
31 82 -3695379266765911269
31 83 -8691441540421908059
31 84 -3110606997441313017
31 85 1865249859788697755
31 86 8650999669927883883
31 87 7619085222389196757
31 88 3982348772821717969
31 89 5626016177395440694
31 90 -2103197354341302379
31 91 3475336789213610007
31 92 -5247571946799631694
31 93 -4565445356250641704
31 94 4785774373145702000
31 95 -1348272343359866797
31 96 2754027835794589424
31 97 -6616448545757866905
31 98 320791713585992380
31 99 4330627366898222523
31 100 7564144370126628418
31 101 7518740887333601693
31 102 7518259981712852642
31 103 -6221694381789201960
31 104 -8633178617345914823
31 105 9214317363449036954
31 106 3491004596324336644
31 107 6242305836299050559
31 108 1837907241934919409
31 109 3090478711083297745
31 110 1445805758789248217
31 111 -2300240344516826988
31 112 -7210545095425184130
31 113 -2700175333662071811
31 114 4209608326482183384
31 115 3804242905611905591
31 116 -596131954493133230
31 117 -3924539016702308747
31 118 -4670985086172109424
31 119 -7268434755468245953
31 120 1409352023638724897
31 121 4921029841786223221
31 122 -2453061880579200010
31 123 -6200243266731187911
31 124 -5010469923603596085
31 125 -5558885264263215136
31 126 4461607200969831555
31 127 2635207348417595879
31 128 -7593048804895007239
31 129 8882632079880984250
31 130 -4151553353660070619
31 131 7344549048591703854
31 132 7339416872014175204
31 133 -3138462721880955771
31 134 -809357149035906360
31 135 -1190904872266618060
31 136 -3665871598932696511
31 137 -8676584757270251902
31 138 -3302357159242831430
31 139 -5763373908581134414
31 140 8671226051975061799
31 141 -8020625147821971645
31 142 1041246448221862994
31 143 -5533932390710382723
31 144 -3400023164973819818
31 145 -9070693444563124797
31 146 195162303466712325
31 147 -1191208016962477703
31 148 7100469219919429387
31 149 -2280411267978875646
31 150 7877287622672789311
31 151 7069075571969062843
31 152 -2621223790483333515
31 153 -4110580544525495223
31 154 -7275408564914267881
31 155 -1405865357193381165
31 156 -8159573758738292573
31 157 9049983450931251387
31 158 -2313768019293296762
31 159 -2688928454178080476
31 160 4789076134008840236
31 161 -5321259583745603851
31 162 -3598178688675441006
31 163 -5437619800760069618
31 164 -405140720603660844
31 165 -3308826107580480875
31 166 3689693604936615880
31 167 6401434235653293795
31 168 -8544270810213425460
31 169 2420411293981118421
31 170 3720839685237545841
31 171 882849796429452571
31 172 -5334794408879269975
31 173 7770536403398913439
31 174 5379002228549214922
31 175 3556757068362761695
31 176 -761912378250051777
31 177 5509903472859338608
31 178 6067216595991420944
31 179 -1271951720603515680
31 180 -238234473796864991
31 181 8407157689519255861
31 182 5660518108956828654
31 183 -4013002996467745324
31 184 2793298828687575793
31 185 2797715426168461910
31 186 3620414395378178984
31 187 -2902963602398240308
31 188 2911291473017486001
31 189 8715774440416224911
31 190 2080765038668445785
31 191 748571290222596834
31 192 -4345900131785679045
31 193 -7059836047464283426
31 194 2680364243064138265
31 195 3044495612136029477
31 196 -7051521661498063846
31 197 -280952376994664992
31 198 1264299238906793415
31 199 3834021959049563654
32 0 -739535000235728443
32 1 2687944714449962875
32 2 -5936330562580205017
32 3 -2428884423330061293
32 4 2672142116443205539
32 5 -2703327457483578168
32 6 5466710684920392035
32 7 -5615566460135812255
32 8 -1571895053833267190
32 9 8722388962208005087
32 10 1711808569630661266
32 11 -632406888853037793
32 12 3760914537499720549
32 13 -2775021566478469202
32 14 4683947256886020506
32 15 8037728639507022936
32 16 -3844513352656592314
32 17 -7689531447073005236
32 18 4908552333116498772
32 19 1735210293130537387
32 20 -2814440406323958465
32 21 8192843981223636009
32 22 -2651690070671478284
32 23 -7963327612488288325
32 24 -999282760761448061
32 25 8221342063897614389
32 26 -161413546240266865
32 27 -6395474726589329680
32 28 9178485624068292506
32 29 8020128631412892260
32 30 -3839241830382606749
32 31 10148047253850756
32 32 -2584762424243437132
32 33 3870959124932319603
32 34 -6854298207582202192
32 35 2812398493105444962
32 36 4831948639972796493
32 37 5867953688379575048
32 38 7902742617817472561
32 39 8533625357444712796
32 40 1830281216628161097
32 41 -8962843122041767847
32 42 3717246992914416067
32 43 -7616476855023480154
32 44 -5116672010778090664
32 45 -483344911984291398
32 46 -2751915382341106438
32 47 2316200445552939127
32 48 5377593858136293640
32 49 -5606342178199372131
32 50 2229947443837683201
32 51 -7153742585629315893
32 52 8114229742707181692
32 53 5009832510024026270
32 54 -6145122399542832393
32 55 837896988211149603
32 56 -9118526408257015916
32 57 4721921116031936259
32 58 -1856891915227078
32 59 -1999940718619118515
32 60 551610985234249062
32 61 -9110695849973659042
32 62 3026903328685522591
32 63 4520666768218326729
32 64 -2196175038093662181
32 65 5821719928360143104
32 66 -8819119155666907018
32 67 6056257276587526573
32 68 -1550656839365945491
32 69 3118700478164964236
32 70 -3293316906604278872
32 71 -4373410055971708066
32 72 -1763512158157910351
32 73 5742241188604678793
32 74 -614616607706053482
32 75 -3462949271362940060
32 76 -6561182934723661059
32 77 -7405617964412582751
32 78 5097161541006623975
32 79 -5580159333665489727
32 80 5812371546161027955
32 81 2355396811576593110
32 82 8617197439289151315
32 83 5893920703634498320
32 84 1830502609106069148
32 85 5156285164287059487
32 86 7078931746629720240
32 87 -1741612965827410519
32 88 8091289946152238276
32 89 1262735722450853806
32 90 -5844025154885001777
32 91 -6776898128120744628
32 92 -3443134766291584434
32 93 197549206274134009
32 94 -5481421358622275549
32 95 -2997406751736198706
32 96 2935968922620888757
32 97 4766304813916922197
32 98 3277089389089037885
32 99 -9222787153089458877
32 100 3017119887014577655
32 101 -8562834758956836824
32 102 2029265705645190961
32 103 -114801954583711899
32 104 3569400611827533622
32 105 -600498913209780660
32 106 -2573945832208991899
32 107 3233200021772974826
32 108 -8651261328921904180
32 109 -4133687094475786726
32 110 -6339971091128778227
32 111 633327098359948239
32 112 8428795689347625192
32 113 2413987249015462907
32 114 6786065187673779554
32 115 7216047745247524503
32 116 -831282294791909388
32 117 -262812521536167064
32 118 8562135054666128107
32 119 -7165809615243310493
32 120 -4661726407851643128
32 121 8601256068641775737
32 122 -2927594991832051493
32 123 -4917331769052602719
32 124 -5946905355384248649
32 125 -271595493478488432
32 126 8178519180063052829
32 127 4367335836511926950
32 128 -983241780855509509
32 129 863847222367796524
32 130 -7694689307293321995
32 131 3879247064270907938
32 132 2159397770184151759
32 133 8699421626765836176
32 134 -9182129743069743464
32 135 -8155165077141676547
32 136 8789971491865707286
32 137 -7879029193188534194
32 138 7206432369054410015
32 139 5172531809882247974
32 140 -1360517309631268173
32 141 8773814380557651350
32 142 7667805681299240120
32 143 -668085859931518954
32 144 -1678797453059272347
32 145 -6382474479252862615
32 146 4608974696091387750
32 147 3000235286989236064
32 148 2291332368241130434
32 149 3112999541669111598
32 150 2329959000364714148
32 151 -1656629914695251394
32 152 -4169944299600005566
32 153 -306966609341905122
32 154 -1171741410598676430
32 155 -5850854302066521078
32 156 5991189049467473174
32 157 -8635832091794951810
32 158 2588328205075615725
32 159 -6662906597369094265
32 160 -5267447642945285746
32 161 5177767963128546462
32 162 -3205319645416606488
32 163 8325697392114595980
32 164 -7763568710334312646
32 165 -5190505950356309311
32 166 8351302566688005462
32 167 1928509794378608935
32 168 -497649083501406990
32 169 -8605089164752376035
32 170 -2069533823347389498
32 171 -3056923765221475387
32 172 4698151573134326474
32 173 4216924254719385798
32 174 -673553309633882244
32 175 -4379370522109463157
32 176 5352072314389078339
32 177 -4635006346463949638
32 178 6864373180971575362
32 179 5276166238604293041
32 180 -8893939599635724267
32 181 -7739957339318471378
32 182 -4012189887812535385
32 183 -2823347246280315947
32 184 -8278082319073724708
32 185 6194711644039293581
32 186 -2107152873820486488
32 187 8052184074072342504
32 188 -7488435598014909838
32 189 -7784609584629372958
32 190 -1410400715908210008
32 191 8885458863344568013
32 192 -2372894390446834672
32 193 -2520249396322607678
32 194 -5452874309590541569
32 195 -1780706658613434141
32 196 -7545273318594295492
32 197 -3267218944064623128
32 198 -1874896566339925469
32 199 -5902682718335161903
33 0 -1274844491653892666
33 1 -5091138665051945845
33 2 -8473406308695723890
33 3 1037192844873734061
33 4 4350764831685826119
33 5 1674333614911699550
33 6 -5496960913332077564
33 7 5453171078687722602
33 8 6092231603367612655
33 9 -7682405241583086349
33 10 -1580398424385420096
33 11 6762598825264608069
33 12 -132950878738925928
33 13 4108993255632045420
33 14 -3654629127898299798
33 15 -2463879102524652814
33 16 -915368863054452302
33 17 -3390467193258646230
33 18 6183326058906183802
33 19 8974692284267767648
33 20 6671303547851153959
33 21 8235194240171495201
33 22 3560121968838477773
33 23 -4289957575456627688
33 24 7453269569334712282
33 25 757350116306141116
33 26 -242782706238895621
33 27 5866612956861207276
33 28 7582235408598616380
33 29 7114414196908511047
33 30 6242813985192138726
33 31 3541529318151566974
33 32 -6689414806985142112
33 33 -8044422285711411285
33 34 -2505265253807051902
33 35 -7029057215257652475
33 36 -5287029660051598928
33 37 -2409736141697113762
33 38 -4260110051009372526
33 39 -756272412883761798
33 40 2018075757734968889
33 41 -770266688718718780
33 42 -6740436054483590827
33 43 -2685026079854905961
33 44 -6913246626453109170
33 45 -5123155456655667191
33 46 -1617043590476977551
33 47 -4487644207602488971
33 48 -8317390515612402312
33 49 1606155201631228367
33 50 -6336183633604884988
33 51 2584749197152322078
33 52 7914432942065318273
33 53 3611368435728866415
33 54 -8445669424711317163
33 55 8707797525792108868
33 56 -8024223281932148184
33 57 5425953145065573211
33 58 -757425092712739216
33 59 2363500380978474978
33 60 -8672226691039870217
33 61 4569227929034305197
33 62 -5254031993838191766
33 63 8384224216900901583
33 64 -3275218098434222222
33 65 -7657885932213762262
33 66 7187238694296436279
33 67 -4774385493409158475
33 68 3043956211509444467
33 69 -1952922780829126780
33 70 1557291192637639266
33 71 -8619353329396853880
33 72 -5614685048086808096
33 73 -8398627912476772878
33 74 -3510192054342488497
33 75 1393338531200155239
33 76 -5942792856947415420
33 77 -2067792362344347154
33 78 -7899631731908344479
33 79 5898170480444178282
33 80 8156440636293530974
33 81 -2052350211598904673
33 82 631420225860137992
33 83 -7753094297349267942
33 84 -3624637450576834036
33 85 347457079819817820
33 86 1029507210375405882
33 87 -4771459742269905244
33 88 -4403637795412457743
33 89 7552573046489475735
33 90 2070449736644338007
33 91 -4346583881127119465
33 92 3356030480845298927
33 93 -1145351134182013428
33 94 1581530631131149757
33 95 3071952819637756858
33 96 -492572192277539776
33 97 3733688841681124454
33 98 -4022271509863158545
33 99 3895256655174913080
33 100 -3752666921262200812
33 101 1049165415398222674
33 102 6221201735048957031
33 103 -3668352189752725977
33 104 8181862560857465317
33 105 361678218504344949
33 106 -6390484763910445726
33 107 2771979520108500763
33 108 8284028316296622819
33 109 -8474216942745203711
33 110 2348657240620878012
33 111 2722107621636228101
33 112 -4998321060641884373
33 113 -2209887746399840743
33 114 7881579317620441398
33 115 -6142613138798019683
33 116 -4526661107690547053
33 117 8680401223001968843
33 118 -655467860813993168
33 119 -3424490882135815658
33 120 -1654171066850674877
33 121 -1134603780646329727
33 122 -2239724360438738224
33 123 5545971847186515721
33 124 -97785114056442765
33 125 -1748883778076716390
33 126 8221517727457624173
33 127 5873639443779284633
33 128 1455632204836431100
33 129 -6521614668479798060
33 130 -7509528568144199669
33 131 425744089738777598
33 132 -3944460343591012719
33 133 -6809494915877754752
33 134 -3190452883822818152
33 135 -2527797673524473976
33 136 -5518904400838586865
33 137 9119084549470167750
33 138 -7545928028570833373
33 139 7964634861043764300
33 140 -4599873082726564253
33 141 -38147178532201226
33 142 -2370065633826443048
33 143 -8510350536405489313
33 144 2685745498576784825
33 145 -4862084166704237870
33 146 -3062889790714294658
33 147 -5673450390377782912
33 148 -3778538395103966461
33 149 1449503574838913428
33 150 2338371869018652237
33 151 4643993802733317706
33 152 -2579981209452997067
33 153 7630891071073055015
33 154 1511285866546170050
33 155 1985715055963763608
33 156 7800629357380067542
33 157 9028689267925369569
33 158 -8444278191483350463
33 159 1182104001370457116
33 160 7699967517433182472
33 161 -1051572539042483886
33 162 -2698401357865941852
33 163 8363259210093619828
33 164 -5508915148393887935
33 165 9046856244046669188
33 166 4456500890760060161
33 167 7945312345737436867
33 168 -5575560591457530188
33 169 -6554585141380854427
33 170 4230402469278542782
33 171 -5720632261147025523
33 172 -6099460868148034455
33 173 6256959838450519632
33 174 -223456195160774257
33 175 -5702461307010544777
33 176 7904412296345861634
33 177 1156192243872095438
33 178 2008615927328705779
33 179 8455507962135559492
33 180 -2898429957819296183
33 181 5908199137557110817
33 182 -1608042675699505480
33 183 3929938111210928869
33 184 -1314871818957800458
33 185 -4777223153472564447
33 186 -7089732966052131639
33 187 6677546040742110747
33 188 -234152040676593526
33 189 -171880341069793286
33 190 7235282575274234746
33 191 -4441362049358947384
33 192 7619128629704672904
33 193 -7191202471701849446
33 194 -1755814053898786752
33 195 -6775313513018154330
33 196 2528199287505544260
33 197 3974173093883572786
33 198 5699453192315659908
33 199 -1761393573628616555
34 0 2998120989236512349
34 1 -1491369116365488974
34 2 -5392473944579318288
34 3 1986928435902490185
34 4 -2003415172154839779
34 5 8563206505692773301
34 6 -228477094696391179
34 7 2483668591257602773
34 8 -2142358394268499229
34 9 7024689436458509173
34 10 206218703754196091
34 11 -5125460294145316663
34 12 4946286386709751576
34 13 386251671519751622
34 14 3345278999541022890
34 15 -1217585411747158888
34 16 2246145619988586750
34 17 5981964409787688913
34 18 -1629421261220939749
34 19 1254200528292357321
34 20 5808253766307261302
34 21 -336471887465766486
34 22 -7049921964960042498
34 23 -1029853000501579515
34 24 6743556026196209305
34 25 7608765767944587772
34 26 -2642841605372313688
34 27 -5941386414524706001
34 28 -6351680493692979812
34 29 -529459311437834723
34 30 238361622641902199
34 31 -7344574723253338218
34 32 -1884113867007425731
34 33 6567371903788846266
34 34 -5487637283324683420
34 35 1900658419393910558
34 36 1386053634215639621
34 37 -7891720506528274179
34 38 6707287007379119403
34 39 -8878946035095171060
34 40 4977532672331518629
34 41 4773231204034274279
34 42 6397367349688165455
34 43 6725912551880172772
34 44 2766914629904148997
34 45 -7776105269702358175
34 46 6086848867363239688
34 47 -5418112447527551336
34 48 8578091245223160518
34 49 -985923008774591222
34 50 -2574396222136499173
34 51 2126754053527603914
34 52 328728510033771216
34 53 -2658258580244095727
34 54 5928541880166291529
34 55 -2082434162128880419
34 56 -267856867244470098
34 57 -8232132911049709208
34 58 -123342330516626904
34 59 -5527929361180418092
34 60 -2704571550145114196
34 61 -6455461148296027065
34 62 1401322016310112501
34 63 2699092643386305615
34 64 -606512925106415519
34 65 5434233483302485372
34 66 -856851207406878010
34 67 -3181971711967654354
34 68 -87088136589685261
34 69 -3985428651695355503
34 70 -3352946029327289721
34 71 -9169072391237757306
34 72 -7078291972374220714
34 73 5620454980764316125
34 74 4007397830829385766
34 75 7079336170745562061
34 76 717552346425475046
34 77 4157674108653355768
34 78 2068126652790541558
34 79 2415614702806515619
34 80 -6283152546511443250
34 81 -1135938014494464314
34 82 -6003532294383378303
34 83 -7253151462198778308
34 84 -3817396593492222901
34 85 -67042645005148079
34 86 5688551289734489213
34 87 -8193679553119131107
34 88 3858983034210913733
34 89 4599043110378194556
34 90 -3396688879528926378
34 91 -4641410660932890868
34 92 3323721143306560201
34 93 1712043816061812065
34 94 3950380282420326563
34 95 -8049973840555675762
34 96 1537735160809371149
34 97 1117062631522350013
34 98 165323325828441679
34 99 -838637120513773744
34 100 3365616414597411732
34 101 -8270621123576252773
34 102 -3129798724065810780
34 103 503214357578661746
34 104 -7714128179112866365
34 105 -5636078756103228546
34 106 -1101681698017897141
34 107 4867775066857855229
34 108 5969731891502449080
34 109 9214625984262463776
34 110 -9174660883184756962
34 111 59493918233685328
34 112 -8226010697629614395
34 113 7545254243941718798
34 114 190179766101005970
34 115 7369426726198064275
34 116 6522401207070707992
34 117 -382682696177543043
34 118 5051996258371026736
34 119 4353540015309335174
34 120 9044227357156654494
34 121 3914178765802109279
34 122 5599135533037888913
34 123 -7374456236026536782
34 124 -6426482562468574171
34 125 3086926874495557987
34 126 -1326943106949935118
34 127 -2764328853444361308
34 128 -7198129371288605967
34 129 5294969113759926808
34 130 -785356337282774171
34 131 -8417618833363655665
34 132 1707337383234788828
34 133 1171716513102384318
34 134 -5055793418705082897
34 135 -3334704309782810060
34 136 5873005812926725651
34 137 1641067201335493664
34 138 3610938024633156850
34 139 1632037193781312727
34 140 724319392543669667
34 141 -7863814333230945051
34 142 -268789537189115648
34 143 8334924821520868265
34 144 3227054805661137361
34 145 8841103705253607259
34 146 -8115434548964115026
34 147 -683964759310501553
34 148 -4965352647994642692
34 149 -5600715177862595865
34 150 7610596712323606751
34 151 -4406062380172860655
34 152 7739479672782620437
34 153 -6010919241437916672
34 154 -8011310482480593061
34 155 1513719075768887362
34 156 2781455271692852177
34 157 -8261536945772924615
34 158 2558123548342294406
34 159 -2012734202952528615
34 160 -6922451649077630736
34 161 -1757210348890205452
34 162 8450080305537501646
34 163 -4095864931157820787
34 164 -3310379008848622222
34 165 3999421621819639801
34 166 4140805458439379268
34 167 7078042708960340932
34 168 -7010282073063923176
34 169 -419809901920042391
34 170 9018009790856102348
34 171 7132534835433803228
34 172 -4834410610776613227
34 173 -3008108722389575693
34 174 -7429010749896056606
34 175 -905109840856385699
34 176 3111609186642466326
34 177 4894296152109638126
34 178 1961041284822578774
34 179 -16832360546731500
34 180 -2674186955670863341
34 181 -7269188896892489815
34 182 1668086112257711705
34 183 -6870476000730494061
34 184 -2433058148124928482
34 185 -4943904282998018416
34 186 2812906953484218954
34 187 -5658004150305035870
34 188 129047297202131905
34 189 -8891505670655692340
34 190 -8107934493793997080
34 191 -3474003126993143178
34 192 -8164974920629432750
34 193 310269818988436326
34 194 -6766662224416789638
34 195 4820454404588757169
34 196 4282676405842554894
34 197 -8198826433267900575
34 198 -7730267306761222258
34 199 -6420348894574361706
35 0 6702464353300772561
35 1 4081934886854403226
35 2 7854757266757385012
35 3 8721771544197531825
35 4 -1430989795760258991
35 5 -418984470290857630
35 6 4140226261246304481
35 7 6973461940397646162
35 8 -4750703555532647619
35 9 -6003658178606957153
35 10 8122805349348417434
35 11 7350330682906299381
35 12 9008248722896931253
35 13 4394554270340309527
35 14 1185154778805071814
35 15 -1024803090524171349
35 16 -2196294874276546637
35 17 8779371076402049716
35 18 4867965557768282024
35 19 -2624421707161560713
35 20 -449661415245695028
35 21 7208876419993072880
35 22 4079120867062295586
35 23 5782417651135857425
35 24 -3231627828016420093
35 25 3201870105130911849
35 26 -1975435672575099310
35 27 8788418259478165734
35 28 -5053963826481016055
35 29 1799271900321328456
35 30 4649012601768038107
35 31 -9210343009308169068
35 32 2034538565492436368
35 33 1757049884799416751
35 34 5170251106725175347
35 35 -7261272232375561415
35 36 -7642227150889133686
35 37 -1316396435862287184
35 38 -3059173475285324846
35 39 4536887775403935088
35 40 -2371499619447917682
35 41 -8586723607933712034
35 42 -1691517657099084351
35 43 6547218446411008451
35 44 3537166996678857366
35 45 4704444798842786099
35 46 6714651444706975131
35 47 515914480095709416
35 48 -1500535697649715911
35 49 1176465928032403553
35 50 -6861100918609742823
35 51 -495706064204313129
35 52 3767301340378197762
35 53 3446459346616562603
35 54 338290361891494652
35 55 -1100231067829779363
35 56 -8609664915313454939
35 57 -7819899832381203913
35 58 -3081908515584882831
35 59 2002462663749854260
35 60 -390309134236433672
35 61 4320360787691216707
35 62 -809910576897088088
35 63 -6292022005718987413
35 64 5841839649520793853
35 65 2656247709792066239
35 66 -3553200849112001882
35 67 -5556397060297043227
35 68 4802821094583803886
35 69 -9082447373089412938
35 70 -3062155849296511258
35 71 -5603178347060362047
35 72 -2216797606086039123
35 73 7551587700325525435
35 74 -2100019217882387546
35 75 702258296854894635
35 76 -4391501420222940714
35 77 -4236637858460843526
35 78 -9194406731137687331
35 79 7874716855272195327
35 80 2089265345628850928
35 81 -3436720531016405239
35 82 -6453047662978843663
35 83 4299993479356998857
35 84 4700860217010362894
35 85 8591804746889663282
35 86 1681015222833883662
35 87 -5039933166302370349
35 88 -8996911206243198186
35 89 -3005203960882176248
35 90 2821402171754006239
35 91 -8305674956194930529
35 92 1846044771742921885
35 93 -3611380988606400798
35 94 -3362663818892402479
35 95 -7796343184808519657
35 96 -4511085420812534704
35 97 3734390775332945274
35 98 6600508312477522464
35 99 -5042887690815623386
35 100 -11944833875149087
35 101 -998661451217876926
35 102 -8772359813764979390
35 103 7660337324718420337
35 104 7677330305802047822
35 105 5251836669884631579
35 106 1455803022150232249
35 107 995706915823232972
35 108 5223332746322721920
35 109 5454878840353034323
35 110 -6771740320696812795
35 111 7935802393351867473
35 112 4699799117813419066
35 113 8995779155366146205
35 114 -5058704815630777259
35 115 -8293322539213510886
35 116 -2028859865472917937
35 117 -5362562582170799010
35 118 7974057412516755178
35 119 1815186736646824704
35 120 7087910299437296057
35 121 -3549264624487717495
35 122 -5121020139584742099
35 123 -3935738167521484476
35 124 -8187255329475319336
35 125 -7222379126997668340
35 126 -36619057381590569
35 127 -8746946598143062597
35 128 -421054695591892632
35 129 -6648465320421280365
35 130 7118303826773848832
35 131 -3256726668928905314
35 132 -2551651325959284605
35 133 1863780878003531607
35 134 -7625079614639177084
35 135 8483548604506534892
35 136 3364684422214499186
35 137 8484479218706753073
35 138 -3474701342908754884
35 139 1890854297331200195
35 140 8486275979951126373
35 141 -1136793737862193994
35 142 2713547444474586560
35 143 -5281573890714101741
35 144 6595394823434175322
35 145 -4222384244161385360
35 146 -6086531741995933649
35 147 -1329889521993672052
35 148 353645082543937882
35 149 5596504255324979395
35 150 -4084216408488516267
35 151 -6655694624007546802
35 152 8551117645528719537
35 153 7674035828745872808
35 154 2281896112406334345
35 155 -528932832947038736
35 156 -232301476592741401
35 157 7103976028251496374
35 158 -7453600896758446805
35 159 -8302370921405019652
35 160 -8748316859603486563
35 161 5201871545464433048
35 162 1167076954646483823
35 163 -2762159992947667298
35 164 -3341613618279980465
35 165 -8039992287460841848
35 166 8356203093950781225
35 167 -140889535753701781
35 168 -48366871647238951
35 169 -2910878856933599686
35 170 8276705356280746603
35 171 -2542938192634446930
35 172 -8027707297039557020
35 173 654433872973989211
35 174 7225629737581308834
35 175 7227192648284371384
35 176 2096672718721201914
35 177 -3301871114460327868
35 178 -5309046116710919145
35 179 -7164474157681185573
35 180 -3517437788389800957
35 181 1811726715255851211
35 182 -3288445373954364413
35 183 -8223175879271801857
35 184 5913706697699812572
35 185 569332048850741859
35 186 8606732706451910022
35 187 4569253940466562640
35 188 -9086429229479298267
35 189 3440567120281221577
35 190 -2464802486680104478
35 191 1857238614694732497
35 192 -4161762827733853886
35 193 -1249763653230137716
35 194 1749391790247603955
35 195 7580551459454572985
35 196 3540481210528633120
35 197 2307702059666513169
35 198 8883224456819717489
35 199 -956871107183581844
36 0 -8404586280782715965
36 1 6228688558186421858
36 2 -4099769065430085057
36 3 2303541132629499447
36 4 5841558738672755792
36 5 -1093790696974713464
36 6 -3675533199566245274
36 7 3640784755306476650
36 8 -648878463856345205
36 9 -2726682569814734452
36 10 5844802312010428975
36 11 -7706347868129890736
36 12 -8556268049936325615
36 13 -679497823899296524
36 14 1143441129896946962
36 15 -935404505631805399
36 16 4534625258964721938
36 17 -5802346851519194441
36 18 -3673125351237046583
36 19 3374706671400342597
36 20 -5673598528172136490
36 21 -4283442983959874492
36 22 5909508762162020222
36 23 286609901534856599
36 24 8283859600976546176
36 25 1035965296663744854
36 26 -6964037952409373969
36 27 -3967068098059694053
36 28 -987988519842405966
36 29 7024326959448608581
36 30 -582356616795944853
36 31 -7514430729250537035
36 32 -7348748280384715305
36 33 6325514382162086572
36 34 4870069858519881637
36 35 3889470347649034152
36 36 -3767392685779084752
36 37 3023917243172126152
36 38 -3653204935762699913
36 39 8568224054772119323
36 40 -6172011894299546938
36 41 1894024021295910539
36 42 -1666971622127272184
36 43 532966914075721504
36 44 5164641619086869419
36 45 1679589246876482464
36 46 -1742099519781652545
36 47 -8743382844357072649
36 48 3292276783852051815
36 49 5021434757037188793
36 50 8013818608041570566
36 51 -7255970478342052253
36 52 9161373084456365327
36 53 -1777910204582335134
36 54 3796675294513550683
36 55 6549488646818795595
36 56 2411187064188652353
36 57 -6062195680022599060
36 58 -6685839543610630377
36 59 4033002209604889716
36 60 -4083731916737476233
36 61 -8379624694053604675
36 62 -1343021972039300514
36 63 -1807684273804697298
36 64 -4161456999928907703
36 65 -7843861768494911106
36 66 -7400085790812662954
36 67 5700430428049549643
36 68 1494216077324711270
36 69 -376513040692345128
36 70 -287054139799183205
36 71 4853435744155604754
36 72 382225872024409460
36 73 -5540831551853648634
36 74 -3028179738316346369
36 75 -4287288115900823702
36 76 -5576840758532410453
36 77 7533411788469813262
36 78 1459506210309435022
36 79 -4600666756008001026
36 80 4325644817097079849
36 81 -1271880807752461197
36 82 -3465059277018423047
36 83 -5453374785230591560
36 84 8060080925802574150
36 85 -9113332870902204960
36 86 7707399340655417268
36 87 40379845223552008
36 88 598828798485457359
36 89 8077275911291382728
36 90 -8542111137067586324
36 91 -5989802541388926265
36 92 -1038977591338186565
36 93 -1182272114104066239
36 94 -2907321551337849563
36 95 -1284520291797266163
36 96 5121102127076553420
36 97 -1531156150247099393
36 98 -9032458203979616564
36 99 6302759714641910766
36 100 -2027431575398061094
36 101 -752950162484816775
36 102 -6510954628999349682
36 103 -8545844078096232880
36 104 6616937897154452698
36 105 8864277242272305643
36 106 -4865547029867131969
36 107 8809536973913575523
36 108 191998138288370223
36 109 6330055754839960280
36 110 -5480610398312093837
36 111 -7420050588396734439
36 112 -2614219876843315426
36 113 -8860605115675388021
36 114 4441768999873749488
36 115 -7138066414654903658
36 116 -4355295972856422032
36 117 3528226962058804701
36 118 1853292798906510102
36 119 -8492047970334203930
36 120 4867201673635776681
36 121 -2635664051565256354
36 122 -203773371063700780
36 123 -7606382870251314809
36 124 6294047864817268523
36 125 3638432632293028325
36 126 -5615428048720635527
36 127 -3775870116191890680
36 128 -1645602621940556782
36 129 7351551949880383588
36 130 -203030332363449429
36 131 -3984530394652752036
36 132 -4536021787681116470
36 133 -4767905839846896802
36 134 6889942613593376751
36 135 1577160896041963556
36 136 3173538245174880729
36 137 1916669918197280145
36 138 -7859225656635846486
36 139 -3496925734405275212
36 140 -9100838072323122895
36 141 -7917114703171101734
36 142 -1863599889467440285
36 143 -2764724838619667308
36 144 4727746992408706452
36 145 6265381257502574596
36 146 1311960020739404037
36 147 -1985440777986057970
36 148 967680321406772622
36 149 4565357485059277290
36 150 4326925871833526773
36 151 7291544544442002166
36 152 6073369401306813866
36 153 5069909388712524696
36 154 8972434147527401236
36 155 -2419962779648453706
36 156 6432062825828528139
36 157 -7638010245614118531
36 158 8498299790363163528
36 159 6499586251775586560
36 160 1539235146341421877
36 161 8035014134513366063
36 162 3979191485818737587
36 163 6480112395923615413
36 164 6945165208542352865
36 165 -5256408189494381241
36 166 -6206023286550590069
36 167 -3169123656571541897
36 168 -420166733301325014
36 169 4833725633986165719
36 170 -5214612356736235648
36 171 -263295447068633025
36 172 -450089684029263217
36 173 -8781466222845933249
36 174 -1719517311722533202
36 175 -5486595778249361558
36 176 -2516545285792961394
36 177 -8877080183456344841
36 178 -9187513808940588453
36 179 1160979228871512685
36 180 -4188867044709876093
36 181 -3157847537761776077
36 182 343164197798243631
36 183 -1667486417637214937
36 184 -7297193979476761737
36 185 -3831119379153582357
36 186 -2563894195353272329
36 187 7721068424486767742
36 188 -8717068030396145417
36 189 -3597578347405160415
36 190 9193803818584102053
36 191 8128938902774855810
36 192 148374243893071618
36 193 2817611385858810665
36 194 5074927395990659617
36 195 -3194222185165241882
36 196 -2709766815217899252
36 197 -6728530265256020486
36 198 4065580918522307263
36 199 5553582804920693231
37 0 -1137574647178812792
37 1 7499037887837190781
37 2 -8329879011264807361
37 3 1827244930159490443
37 4 6514029601995905231
37 5 -8301873169767698457
37 6 -4870038504878209375
37 7 -1866392757120595742
37 8 5901934132448114630
37 9 -8239973087689798404
37 10 1358593172666397101
37 11 -966643148605819653
37 12 -4976979631764530792
37 13 -8671167596919306599
37 14 5809868039568066673
37 15 470674667415320085
37 16 7750748631752699747
37 17 -4159356373522458247
37 18 1672309640719486852
37 19 3605785879074615582
37 20 -188688013968111206
37 21 -2744637423291592075
37 22 -5735961260942849824
37 23 -4791759078049447320
37 24 -8837158851035129751
37 25 5054691222775516841
37 26 -2807246207064209824
37 27 -7400895479444611189
37 28 -5427941098978417926
37 29 4626627532872728581
37 30 8232443772827864232
37 31 -8144503126138061745
37 32 -7611484031045739974
37 33 -3624239350637104507
37 34 -4932731882284499323
37 35 2406534865031280278
37 36 5268655137372779161
37 37 -6762112663825336240
37 38 -2644546604377707712
37 39 4922046579270959453
37 40 1806912758183754941
37 41 -4934291134287778577
37 42 483350762661589636
37 43 -7383340114962229194
37 44 -945580182689321201
37 45 2571951908354436131
37 46 8774156253679331001
37 47 5617217316986579167
37 48 5370656148885815459
37 49 1509712324682600665
37 50 3112507139758164400
37 51 1694938642285778834
37 52 -3660621255545508372
37 53 -6046170414266359570
37 54 8464837548766782513
37 55 -1833103802510202608
37 56 -6237385670665683472
37 57 1334251411883333666
37 58 -5936400608577395314
37 59 -1209071811452641789
37 60 7652951488439192362
37 61 -5260270202902741555
37 62 -847740924758672986
37 63 719846068023553196
37 64 -9012080061550796293
37 65 -2531573840038087733
37 66 2923965120574605281
37 67 -2086827359034146351
37 68 2631621867990753439
37 69 7521313005487204665
37 70 -2317264171996593809
37 71 -3976309956603746091
37 72 -1389610730394924628
37 73 5280431585057082999
37 74 -8800514676806863173
37 75 -5379967978648315356
37 76 1459538798423600882
37 77 -5690338786412005151
37 78 3775340858350544019
37 79 -6960571761520844881
37 80 -1844276331377660942
37 81 -3881980443681968659
37 82 -5440372189343416570
37 83 -5852699162444534293
37 84 -4074100217630623661
37 85 3701760381582097046
37 86 5897631257417685728
37 87 9021879858872247697
37 88 5222120173559954959
37 89 -3042067909742452089
37 90 922902064935308730
37 91 -6442169678065906635
37 92 -8971754175140112217
37 93 837749961495793204
37 94 5255645613078721807
37 95 -8362990410554013777
37 96 -4469618707100918606
37 97 8668339887503491622
37 98 3852379983758215452
37 99 -8388468042440596304
37 100 -8162635132753895875
37 101 8582832947514520519
37 102 5113551131363720969
37 103 -5962804130417645171
37 104 -4798470297518635811
37 105 -5674157260790463018
37 106 -2319146723149985474
37 107 -7930473977759541207
37 108 -1382233822623233885
37 109 7168702968974810695
37 110 2457280440871761121
37 111 7007816591050893427
37 112 -2850583486399249134
37 113 -3445036277427597199
37 114 -4737679697307376709
37 115 8962931061368578636
37 116 -6935652364861764837
37 117 8065298675130461975
37 118 -4172184144439855326
37 119 -8751376051171788342
37 120 -3943725054066313685
37 121 9126866011895228974
37 122 -4957332837406427224
37 123 400455694044618749
37 124 -8606320066164708867
37 125 2967585803077819571
37 126 -5814725239569741582
37 127 -1716942324173651058
37 128 7338575699334643668
37 129 1327067316588942138
37 130 -3998002858013480007
37 131 -7403400595837677824
37 132 -3190650773387143424
37 133 2109590169214310069
37 134 -1611718676809071206
37 135 -2015661951065458808
37 136 -100418922646700710
37 137 5723014497063228301
37 138 8204112501576874955
37 139 8211992833057690605
37 140 877101057608300969
37 141 -5554883959072934622
37 142 6578011541808568570
37 143 -4813327284193241734
37 144 4213955822551097970
37 145 4834089726419082155
37 146 6838552637183530768
37 147 -8374102315507306186
37 148 1535018100405044904
37 149 931228076303904350
37 150 -3601538443427770420
37 151 -3722960293540419521
37 152 2000584766580610511
37 153 -2447506015705373448
37 154 4587186555763512937
37 155 225115769287045248
37 156 -1248330718183329973
37 157 703216895716818087
37 158 1969295395519611139
37 159 -2916846395372515969
37 160 -150007504138744658
37 161 -6577422859639509044
37 162 3355706911756896597
37 163 1576357075196031321
37 164 -162415584543353591
37 165 4255908090885774869
37 166 8416774133809051542
37 167 5015275169447569761
37 168 21605556689678088
37 169 -9087290670901764046
37 170 1174362858510639886
37 171 5374815566059091898
37 172 -1883167490909176782
37 173 -8703237182895472525
37 174 486900337693005667
37 175 -8693943782171598419
37 176 5821873107961645374
37 177 4921517180252511827
37 178 8148049278300475844
37 179 -1789026743170744871
37 180 -3081247004164677062
37 181 -8569694538525758446
37 182 -2218015012819898142
37 183 -2990336063765895314
37 184 -5280257071563809344
37 185 -3988464599714196268
37 186 -551334632932942463
37 187 5018795482409261893
37 188 2698255829675050626
37 189 825297465551462166
37 190 -8362678416990781910
37 191 -8946747466238923373
37 192 31825209419651776
37 193 -1338877470538120549
37 194 163249091511153810
37 195 -5086472349573974787
37 196 -8174901540004761273
37 197 -6711458991981493744
37 198 8022428228181187973
37 199 -5649286705388794599
38 0 -2385164526251765176
38 1 -2880726532353487123
38 2 -3076871110738320586
38 3 3525462141586988554
38 4 2956700818455216257
38 5 2826856224498069267
38 6 -6946570299369616221
38 7 3603044901916700744
38 8 4696865044976318315
38 9 7632009080004696178
38 10 -1986607512275285828
38 11 21556412360538271
38 12 -8852525287375354419
38 13 2982342565772265400
38 14 6680046301402368833
38 15 7579980375489114630
38 16 -4337448899778996187
38 17 3434941159134979014
38 18 6875831910282777348
38 19 3277153420963959512
38 20 -4919404544192891009
38 21 -7297289895130747976
38 22 9082965339000969522
38 23 -5525842835982724375
38 24 -908915457830000145
38 25 3633696786473926080
38 26 -9137621514872738234
38 27 -5937591793077553743
38 28 -7676164993173798019
38 29 8935235079715690964
38 30 -7527779837270251817
38 31 -8560639934495529011
38 32 -7910725437838138291
38 33 4321748731032090025
38 34 -2655685680672403770
38 35 7282614215200650361
38 36 -4581661166494114105
38 37 -1460802869863198947
38 38 -7394827189425467040
38 39 6652303698733155762
38 40 -8808893750060482597
38 41 -5996090023173502154
38 42 -7230768125439614797
38 43 3395492751663229330
38 44 -2817939135227269340
38 45 -312036435891719432
38 46 8026350745704611518
38 47 -5900997148750333444
38 48 314588629188097337
38 49 -2054523686176083838
38 50 -3072832924096210321
38 51 -3922923345396889251
38 52 -7074780238912325545
38 53 3597677775419467905
38 54 3426428362914193913
38 55 -8719780250775757519
38 56 4789094495858435717
38 57 -8699986185473284608
38 58 2769042989653587287
38 59 -6727375823211356177
38 60 -3118200895805897386
38 61 -4048896241534373807
38 62 4922051238930807576
38 63 1933809009558536634
38 64 1620313893461688877
38 65 3331446681676520907
38 66 -6372422800967681656
38 67 -8685034796666060946
38 68 -2462931022317571071
38 69 -4199891054379098934
38 70 220697967661697418
38 71 4453074759052128376
38 72 -5961949542577414959
38 73 -7437664203157182355
38 74 -5614319818820986296
38 75 -2734859156963550609
38 76 3450078141558817301
38 77 3281919738400704621
38 78 8432963309898223807
38 79 -6189895014968311406
38 80 9032794856313286410
38 81 7023323719739796461
38 82 5566626281563902471
38 83 -6610740120436337812
38 84 2949622274958202638
38 85 4542537738534996162
38 86 3309581570264426646
38 87 -3993678250227232997
38 88 1899544630364050761
38 89 864137104523205415
38 90 -3592184694266227851
38 91 4086355649208600687
38 92 374781753690347210
38 93 3632311223564318464
38 94 9028893180934948826
38 95 4787300085664595029
38 96 -87269039614437345
38 97 620062674751828376
38 98 4627570277818898543
38 99 8527120810024554123
38 100 3844813954662174120
38 101 -5027515809364886188
38 102 -858659675163686933
38 103 -8756013417833028273
38 104 3665627311101141828
38 105 9033346609172011337
38 106 -3298606700535193857
38 107 -5107154991599071275
38 108 1745756274033900601
38 109 5816670375869324889
38 110 4452056554333498631
38 111 1132025590021889860
38 112 809276549137808022
38 113 -6418072079735613843
38 114 1445473167741524
38 115 -118557035211947129
38 116 -3318762931030414431
38 117 -1582855227001708424
38 118 -1575698449390816322
38 119 -1923109359940288035
38 120 -5852490359203270502
38 121 186306812685276800
38 122 -7252237830272615000
38 123 3889370598670936835
38 124 3590009872818232079
38 125 -7510492521860667660
38 126 -2302318654864829464
38 127 3488471375764575786
38 128 -3991402608234662806
38 129 4661315810912909169
38 130 910048109866460314
38 131 6625808611378013483
38 132 1162444503631957860
38 133 -8596408607676854015
38 134 601908445687150041
38 135 813563074170599900
38 136 3704332171232513033
38 137 2227413977134248125
38 138 3243999896339584532
38 139 2040674594681963520
38 140 1079891632692210755
38 141 3377415899681262963
38 142 9381732032966564
38 143 -1920981264723930371
38 144 8013319702609506853
38 145 -2227813611726364173
38 146 -326749477697086244
38 147 3591256381367115883
38 148 -5723790023119549963
38 149 5203133900696385472
38 150 -1823893579274089082
38 151 -2029017508421940206
38 152 -482962637419747172
38 153 472747705151833037
38 154 9114461532788719993
38 155 1092986338419355503
38 156 2135446184861788028
38 157 1900881877960834367
38 158 -5562611981512385220
38 159 -3262791564208352168
38 160 622900064980491197
38 161 4255188559916842425
38 162 -3356747000936905074
38 163 1383801839965159954
38 164 7788742370895372768
38 165 -7449815847403842737
38 166 2914932405253237128
38 167 4060336681925460602
38 168 3399270123368858590
38 169 -9136912386127313235
38 170 517025234126608059
38 171 -4162405788426568568
38 172 2500450664455149816
38 173 -143462881884388417
38 174 6285091234467673124
38 175 -2756552388294179256
38 176 -5935709961035545712
38 177 -3113828753941090422
38 178 -1694146657926655112
38 179 -9077945239485204483
38 180 -7963067721360421387
38 181 -369113292483157857
38 182 -2842847080657184004
38 183 7414507714978695637
38 184 8052811620676140147
38 185 -5388021584077692746
38 186 -3480158670609892816
38 187 -3257655147857071705
38 188 1265625471557687856
38 189 7815022143035232638
38 190 -6944474220968817233
38 191 4154303023452786703
38 192 -416625722728807792
38 193 -8096936931131975229
38 194 -6692324180004037152
38 195 5466458420738186865
38 196 -4426987432217273768
38 197 -5564814016379789553
38 198 2999935407128581688
38 199 -6220357062605572948
39 0 5617221499703200038
39 1 -3416217189495542297
39 2 -1815299276984363636
39 3 6937255879976410998
39 4 8974830095979752263
39 5 -8535544893028545092
39 6 439596323406584046
39 7 -4723527540403906778
39 8 9136305905813927020
39 9 7567968614390851674
39 10 5126269109941762794
39 11 3350727611258718995
39 12 513454505651724909
39 13 -7089903573157298611
39 14 7564173856360770980
39 15 6568917050181513507
39 16 -1515268720590393397
39 17 7956418785408176699
39 18 -3641960029352446007
39 19 -4397037695726963936
39 20 8187964767241850703
39 21 4949792212220289902
39 22 4051000029761019189
39 23 3608223659543977625
39 24 4553647876246348247
39 25 -2364269691353653563
39 26 5986531295526626356
39 27 3670531994671127404
39 28 1317610415960143406
39 29 5441105253565337262
39 30 -8063957140346133498
39 31 -3900328605630015236
39 32 -647011676612009684
39 33 1267749365418445685
39 34 8787653802444403039
39 35 340633173772927939
39 36 -3525385438547354606
39 37 -349379860295442520
39 38 -5430326857412933336
39 39 -6175771069688210943
39 40 7895840881010497179
39 41 1751009087614775770
39 42 3993846008838806571
39 43 -2149823306298932274
39 44 2338844897434305590
39 45 3110542105554020292
39 46 6431729800471407907
39 47 -3820742830507960614
39 48 8772517634057989117
39 49 1832927261901896550
39 50 -3174095602736694004
39 51 -2364338524394437805
39 52 -833660196148601328
39 53 -2674328401524560567
39 54 -3500341613938994514
39 55 5869412309812067422
39 56 -1625514776436060651
39 57 8551701734651585306
39 58 -4831135868740257931
39 59 3808308312657630202
39 60 387315350992352692
39 61 -9103101553389538351
39 62 8868464526296241769
39 63 -1480204259644393739
39 64 -6645466088951456651
39 65 5158332477234911835
39 66 1574764997117267643
39 67 4799678031228688465
39 68 6245324386941422804
39 69 -3203701320032781088
39 70 9055802547958525532
39 71 2313158863767314013
39 72 -4949188019848638929
39 73 4943483486194947676
39 74 2851190467569633270
39 75 2402323985697162371
39 76 -4737603725974027692
39 77 -3082367947890749237
39 78 -358560510128813102
39 79 -27484966344631638
39 80 7021826834820815456
39 81 -2763597239910608748
39 82 -3049862173937684534
39 83 -7192926309571181197
39 84 8937646136314870347
39 85 -8090582120646099380
39 86 -2896246612539055729
39 87 -9142633813245663980
39 88 5407200691631761869
39 89 -1096793521903775854
39 90 -757672597861974259
39 91 1675154260007053453
39 92 -5021021049934860351
39 93 5965930792414982791
39 94 -7411786324432641324
39 95 9202910931661815220
39 96 3972810007456540284
39 97 8851908456879820383
39 98 2183425001141753096
39 99 -1434595008393523818
39 100 -8086696242414819597
39 101 -5003215060185851388
39 102 9157640011996450251
39 103 2526351163422309279
39 104 574066023605804905
39 105 -9177255739187989966
39 106 -6862470311978587374
39 107 -5101137154319329024
39 108 3180754806508139638
39 109 7925762657909881657
39 110 -5240727612870729516
39 111 -1691063040101305360
39 112 -1062004385628662069
39 113 -7926104571073732837
39 114 -2151151783726376606
39 115 -3183395957003668016
39 116 -9078850587054759134
39 117 7934464745583402494
39 118 5563550754447163271
39 119 6194000904964476835
39 120 -3668379541126240052
39 121 4676101527481253211
39 122 -9039027186747997196
39 123 5163776812741863834
39 124 -5421643122098576991
39 125 8762073259707259253
39 126 -5166346718794275099
39 127 -3916482044929516238
39 128 -5846779275501083774
39 129 4005226000437278742
39 130 4688774834044513392
39 131 -5690689724735130694
39 132 1564232080145042544
39 133 3032524128183043394
39 134 4209563564788226606
39 135 -865028391484064077
39 136 -2196849959145444396
39 137 -8784035593029155124
39 138 4316595935322137090
39 139 1853916452481994267
39 140 -6576999433481467592
39 141 -4871425481180574220
39 142 6221542626562320468
39 143 -5881761379452350492
39 144 -2957123313277052092
39 145 -3835342248699247381
39 146 -6779416226403998897
39 147 -4305982636061576572
39 148 -8455983276473234141
39 149 5294239988054087220
39 150 2054435454237759306
39 151 1522356763672382199
39 152 7680597640468009638
39 153 -2199350207533336000
39 154 4980265132665198429
39 155 -664903186373552808
39 156 6816129869486752924
39 157 400843800349016724
39 158 4734426149078214258
39 159 4546193904637463653
39 160 9148593823332706818
39 161 2960273483381004608
39 162 5505715484244580167
39 163 -3222403870942715082
39 164 7790496328858477456
39 165 4688652811689975388
39 166 -4746818734369690644
39 167 8744100918351646776
39 168 3105213793674243706
39 169 -2231767187308779637
39 170 4026042614382345835
39 171 -3550792078377547452
39 172 -6958506332610164324
39 173 2493344535661187721
39 174 -5112933556901897524
39 175 -5349526180041977110
39 176 2089068927047181731
39 177 4708964953158821148
39 178 723565620507857903
39 179 -1704138356813284429
39 180 190449044337869189
39 181 -8616293500826665001
39 182 3378801344772018244
39 183 4320646151831958977
39 184 7815700279234820701
39 185 6847405422732128489
39 186 -2959902724660128930
39 187 -4019205611946795610
39 188 4961367915255618178
39 189 5984508561397116644
39 190 3190117108330605422
39 191 8652298874187984358
39 192 -1309379318432857975
39 193 -7359991363041236766
39 194 -7053453599053145123
39 195 7544927831151441844
39 196 -8785741870656130637
39 197 6405013771790336711
39 198 -128825659841808749
39 199 -5494877555395039914
40 0 829023160879848204
40 1 2787754571230721111
40 2 -1696047636767559621
40 3 1008578782302636612
40 4 -6852730069586335084
40 5 6107243428834829665
40 6 -888209979229073926
40 7 3384711596875850695
40 8 -9082690054353645527
40 9 -4103369987587380471
40 10 2970971681761148600
40 11 8697913325784716611
40 12 6743672574037252960
40 13 -3316266764471100436
40 14 6453371041566072960
40 15 -4936903608949837791
40 16 -933533430470100863
40 17 -8134626324622589374
40 18 -6364480317960538509
40 19 -3552670885368471404
40 20 6450459022095009915
40 21 1098470281318095604
40 22 3818389751883533047
40 23 647412207564167348
40 24 3738382439289314472
40 25 1966318410136817289
40 26 -1297784624684759450
40 27 4842386098239408745
40 28 8150378164721535852
40 29 7476222572102436377
40 30 -4315517828046036405
40 31 -7633997546332826667
40 32 8044622845011761397
40 33 4395439604561102289
40 34 7004380190425187364
40 35 -3922751494680386881
40 36 -7388179920005143939
40 37 -8821727591622319075
40 38 -7797736586165799920
40 39 8124239316950219842
40 40 7301181175676776062
40 41 2162041829954434322
40 42 3582376475707079960
40 43 8244685687431301400
40 44 3725237883065257864
40 45 6711379067913162905
40 46 8594292260795172089
40 47 8566926533030758130
40 48 6647515486582340704
40 49 -6083016848440814689
40 50 3077042168377448417
40 51 8360854562850420573
40 52 3028696911159870801
40 53 -7312221855073209160
40 54 6067730699660109358
40 55 -6288606686501243819
40 56 -7092899147790761235
40 57 -5995599805714728320
40 58 1104720277113920715
40 59 -7903553594435908559
40 60 -322683946711287832
40 61 -3455948326183478202
40 62 -4050426605788435002
40 63 4724778728603968363
40 64 6077728798453006464
40 65 -5344841945608077949
40 66 -87804636783600121
40 67 -1457764256552800840
40 68 -265578552115087907
40 69 5407640725302131925
40 70 3651245124529757581
40 71 4717672395499970192
40 72 -7897986911729420395
40 73 -7251091866567091162
40 74 -8843869586427212799
40 75 8810811539478967348
40 76 -2014519140674821164
40 77 399009752454680081
40 78 5943120200001926474
40 79 1326876802856616749
40 80 2280067834086786646
40 81 -3715313949958142835
40 82 7573753064375079817
40 83 -9149905919536918827
40 84 -6322046442739042291
40 85 2440066440039425001
40 86 -373653419951278243
40 87 -342062001621756054
40 88 -5837880930993707297
40 89 2317286064302528881
40 90 -2578909618143555292
40 91 -6026208223401202865
40 92 -3234856029589398345
40 93 2165962794627189058
40 94 -9143129781600864734
40 95 8800177575865267502
40 96 6761343404965240552
40 97 -6712842097176204854
40 98 -3305072566814548778
40 99 -3785426880433309817
40 100 -840244118844955824
40 101 -458435032684403202
40 102 -65294456277739283
40 103 3561255975960092615
40 104 4474710409215596250
40 105 5617063983843301147
40 106 -1947182114220540739
40 107 6921210608129842335
40 108 -8685600391187721809
40 109 189725141602261582
40 110 2873582080494050931
40 111 3181564110096976428
40 112 6836864985650214587
40 113 3551793237688922278
40 114 2277781870272725734
40 115 -7510719914678693151
40 116 245115215693650278
40 117 8024680767519146116
40 118 -6188808895500518527
40 119 -891047222226152895
40 120 -5775756870609014894
40 121 378102149162979773
40 122 4281788769945496619
40 123 -6812136990642987398
40 124 5955883844288579694
40 125 4927525212535116389
40 126 -851939997761619579
40 127 -1978209480141057680
40 128 -5666959004799556791
40 129 -1549370320048620780
40 130 4443181690229205805
40 131 4576053634541058078
40 132 1807625651581605239
40 133 -8006417552814470619
40 134 -7017556054547775762
40 135 -1366064072313101823
40 136 -999557455674254207
40 137 2804464583499942495
40 138 -4196752733402060306
40 139 3668538250886383333
40 140 7075865738635011199
40 141 2773119506319496524
40 142 6878840331929772114
40 143 -5257129540362424528
40 144 4568338471310487183
40 145 -6182044915841410959
40 146 3764632566637666914
40 147 -648347703662824496
40 148 -2670325257063283308
40 149 -5399353498348356235
40 150 -7119316326585936139
40 151 2180911879741628983
40 152 593286002498137127
40 153 3658570027975826949
40 154 1003204414928863551
40 155 -3791888418603413305
40 156 1126418338219092714
40 157 5511112860079301028
40 158 1221053773832371776
40 159 4091865515953034276
40 160 -698229011032196157
40 161 5041977672157457046
40 162 1911777264141382483
40 163 -125577560171780059
40 164 7144334735735889558
40 165 5532370931926831192
40 166 8031328972452817372
40 167 -5700823351991699276
40 168 -6694512503517529864
40 169 -7458819071667349375
40 170 -7583424454809317393
40 171 3490499558394078761
40 172 3503407367250905148
40 173 5017743005688066198
40 174 3688406151177517975
40 175 -7857696988750216453
40 176 5368378111021249524
40 177 2817435937839986557
40 178 -8876587345930151392
40 179 -983527801816547139
40 180 2358766334846145513
40 181 -5487863243803769302
40 182 332424777807080560
40 183 -764885594481438545
40 184 -4044284043925735031
40 185 6730181672294335987
40 186 -2082972561682813731
40 187 2071088268428349720
40 188 -6819968845534421847
40 189 374579060709481566
40 190 3296833411792042399
40 191 -9133842343535092298
40 192 -1648484685273281325
40 193 8884909986699360162
40 194 -6282504267406199977
40 195 -2240430419973641023
40 196 6153878759894657699
40 197 -3729216881251828413
40 198 3693172501083175173
40 199 -5610958901001042450
41 0 6504573653708187946
41 1 4118503051883549663
41 2 -6383998991349608436
41 3 2983522497871404416
41 4 2163653923994162653
41 5 6445793039080683293
41 6 -6953618976480046832
41 7 -6623614222912390839
41 8 -6962175444103485231
41 9 -8836528163644242260
41 10 -1905198626885123577
41 11 -4214771425093230336
41 12 -3481888888316121253
41 13 7747656423426785500
41 14 -271566716777884635
41 15 851730430801747631
41 16 -5370453836563637917
41 17 4587164844874149672
41 18 7292028053075364684
41 19 2507214083184973800
41 20 -6396771406799198197
41 21 -6475865468554813557
41 22 -2620331201269762533
41 23 2437402007505630032
41 24 2735234714434304922
41 25 -6020819094663598679
41 26 -4908329176413802689
41 27 7595543328332945903
41 28 -2420577626610141583
41 29 -3423531145931045684
41 30 1820885664147510684
41 31 3893911837143071740
41 32 7322744113260229749
41 33 -4588381459333289819
41 34 -2839414109852122273
41 35 -1410293659906646132
41 36 1401712220660584212
41 37 1094639029287947389
41 38 -3394518204277434399
41 39 -1046828968559079603
41 40 -5137617246679846310
41 41 5687384575390496674
41 42 -2401963650510350628
41 43 -8270597201254925476
41 44 -2152055835299247366
41 45 -8699364791743480561
41 46 -4081750626052056390
41 47 9073635346285094466
41 48 -4732289954522514279
41 49 -5837197142487964644
41 50 -4586640817391195559
41 51 -706950041956798780
41 52 5011431545117065437
41 53 -3566321625804670338
41 54 -4751212086598893915
41 55 -3877808709883104817
41 56 1017665612808240994
41 57 -4454190497733513441
41 58 5619563548847227856
41 59 -8183518387998263215
41 60 -2762717897771880027
41 61 4812876380932621953
41 62 1382787873737494651
41 63 3133435732008784474
41 64 -6396988627978772647
41 65 -6466229158362271641
41 66 -2587640770716432662
41 67 2688691079848837601
41 68 -8566643397843153632
41 69 582993245073945247
41 70 7589430096646216484
41 71 -447591104302625347
41 72 -6341229817368581120
41 73 -1369313418657197259
41 74 -1600272100814268787
41 75 7054458612766827436
41 76 -8022467836499402879
41 77 -4122460466761548149
41 78 8087685441272645924
41 79 -4829844910714238343
41 80 3123720931514508114
41 81 -2448084646690826817
41 82 7159172297511560491
41 83 -3467413832334006903
41 84 7626882089418705509
41 85 -6794328822944517053
41 86 6341119826505515957
41 87 -6004152613259852499
41 88 -8654250171283215909
41 89 -4578556711527153764
41 90 -341729920710649702
41 91 -1448722443769096054
41 92 2330321275940837814
41 93 1564590752995559080
41 94 3349289561873027806
41 95 -8366687697580034718
41 96 -4100684408545537486
41 97 -988088609426039932
41 98 5775421047805930720
41 99 330259993947551567
41 100 4499228701148031730
41 101 -7817305428313855487
41 102 -2939944950513920760
41 103 -8944604489730320774
41 104 -5630762003275533550
41 105 -8828219876338111197
41 106 3260450934237865790
41 107 6511649985257585851
41 108 8069315834976387804
41 109 8213137101936279059
41 110 4821911120152933363
41 111 -1831417222945542155
41 112 6987860526378618773
41 113 5945530829957154029
41 114 3931567962624320233
41 115 -2516626515146947086
41 116 -1795621027128126240
41 117 -7944846350974090254
41 118 -3648728329634257666
41 119 -3630610744485842647
41 120 1893665286665296937
41 121 -2625282611566484597
41 122 6114403905467233637
41 123 2671101850028025642
41 124 3674481970420756128
41 125 -4000979201978244827
41 126 -5786637848715492020
41 127 -5850678269909509480
41 128 7638499126108154846
41 129 -7707377469227349983
41 130 2384800124148942246
41 131 -3885797657787728084
41 132 -2718230181287941892
41 133 -7519288426897105821
41 134 2102619107434113549
41 135 1968150444624076902
41 136 5258245700720698960
41 137 -4080305495557781470
41 138 -1794638593637615900
41 139 -3132831028594030858
41 140 -8469685483734193374
41 141 -4894090022481411574
41 142 -5478862399126134070
41 143 -8215222234041069133
41 144 -5332391452939395085
41 145 6228091601453704466
41 146 3082781452539139001
41 147 -7690801431895646208
41 148 -5741730663420478340
41 149 -6432396829113404348
41 150 2547605457536621951
41 151 3491022960546439173
41 152 3338799218722701886
41 153 -3827671180708513632
41 154 -5175663874060678940
41 155 -5945510222775351445
41 156 3076089271148949127
41 157 -7870712671922722985
41 158 -2827321009610130605
41 159 -3016657329933476350
41 160 -8286044612091596081
41 161 -4513542701777469602
41 162 -1324500495664787696
41 163 -1797649390912921194
41 164 -741510676886609001
41 165 8912119200773460416
41 166 -1168123467293936237
41 167 8535674144661607176
41 168 6006335361948786495
41 169 -576588121993658707
41 170 1449160535739894599
41 171 1848499675730739486
41 172 -8440704490413378399
41 173 2439389692476158399
41 174 -298764796285816418
41 175 5917365369417431960
41 176 2475644378129619106
41 177 6325261874916231959
41 178 2829212321703033172
41 179 -1194284311149483038
41 180 -8543407056225826707
41 181 1511454917509021010
41 182 -7346108047860281337
41 183 4761482267019865640
41 184 -6429524741787535316
41 185 -5504941231337125225
41 186 -7347693895125282962
41 187 -3020216279388704995
41 188 8201394078240600853
41 189 5723888785660389834
41 190 6765478208858056212
41 191 6906033418245671106
41 192 2527134134723152399
41 193 -8876470697021031746
41 194 -333684011118291785
41 195 -8038816681790599318
41 196 2645998997422255539
41 197 -7828371129205970536
41 198 7198349872044595693
41 199 7426599535349054986
42 0 -77358301397001001
42 1 -3550032110094812616
42 2 5323328158808820977
42 3 -2603081775269802700
42 4 8644148774011846473
42 5 2353477380562739931
42 6 4402607245574535456
42 7 -2995697242327060436
42 8 -8940445380696647747
42 9 641762304058931204
42 10 -7841181005937887971
42 11 4435442214605553982
42 12 6587660696664957196
42 13 3854216910417821240
42 14 6950571623497630480
42 15 -6989103326428643667
42 16 -8237472286052426155
42 17 -135400498770285418
42 18 81483687816109655
42 19 -7688267117648171648
42 20 8371032455451880150
42 21 -6686173696838114803
42 22 -8996171721081358685
42 23 6117559428547758098
42 24 4492343597916734121
42 25 -1467022995897486265
42 26 -881163127733161749
42 27 7507626235485725587
42 28 -8365609966033531761
42 29 -1312672953824805112
42 30 4030641150345130142
42 31 3151436070583821508
42 32 -6139727735544957076
42 33 -4996164683206792167
42 34 -915298961278154019
42 35 -8219935118028696885
42 36 -5270127127655551342
42 37 -4802107103485539433
42 38 3212553767425273467
42 39 312214631176478972
42 40 4772784728953318009
42 41 -7132203176178292446
42 42 -3715075713093821573
42 43 -710591715799891219
42 44 -7555319160173709526
42 45 6333998816833934899
42 46 817362343308010755
42 47 -2257232672405828030
42 48 -324358923974399331
42 49 6671630168820925422
42 50 -2893238798462670578
42 51 -4968927401139348883
42 52 4179227612856691199
42 53 1646146177081492748
42 54 7497549786543880104
42 55 -8670379068107921362
42 56 -1717515521668575941
42 57 -2513918850008299472
42 58 -8521280079717105289
42 59 -5852226217522803608
42 60 -4360243984998583790
42 61 2799042845041527558
42 62 7523492732803011536
42 63 -2123507593053937260
42 64 6222711585733817363
42 65 -1542586314171141200
42 66 4073573600652529981
42 67 -5158846953921380649
42 68 4801578971103243150
42 69 -3888532672115936544
42 70 -9101375100910576337
42 71 -2893370328557093878
42 72 -1583168884816837781
42 73 -6508099886612317395
42 74 -264297550016461232
42 75 6572425626107815803
42 76 -3065686045173622674
42 77 -5969260965844520632
42 78 -1860947247587773654
42 79 -1175161181739098753
42 80 2166113669129203048
42 81 2021043916782625786
42 82 -1201218474163804770
42 83 -3022209999465383944
42 84 -1548209402511463673
42 85 4249992666094008815
42 86 -6948843454248339321
42 87 5721957629368619027
42 88 3642934796319727179
42 89 7383148418098298740
42 90 -7642461006795493852
42 91 8951281636564916075
42 92 4731381828240584185
42 93 8112995695834553824
42 94 -763716168247327577
42 95 1478575564160069575
42 96 4516063804028012868
42 97 7884910523743909976
42 98 1761102180140182690
42 99 -6476511357761699175
42 100 -512730172730953238
42 101 1727843150797281160
42 102 -3416735209129861193
42 103 6411100186630150303
42 104 -8975977052828748521
42 105 -5562221178585099032
42 106 -935461821197112455
42 107 7339975846426729171
42 108 3808338814415465152
42 109 5828491100193959544
42 110 4842406741431379916
42 111 6448220366064986401
42 112 -7178400702949519222
42 113 -382481801479906035
42 114 -4975084131901502927
42 115 -5366898753132013309
42 116 2604491271573257558
42 117 5046873365204912229
42 118 1114459686058211084
42 119 -530516525106290306
42 120 1141387578086035030
42 121 205116355040411435
42 122 -7454591473850867447
42 123 -4796814828970564060
42 124 790802602480411841
42 125 9167584285307932715
42 126 6525626482260693680
42 127 -5391275884012444152
42 128 1292699754681146488
42 129 8452566964004952574
42 130 3615822345295351344
42 131 -4996712620711169688
42 132 2762195421568837897
42 133 -6652317811834225629
42 134 3579173807485652952
42 135 1414864471992923534
42 136 -8404001079460856450
42 137 2435133374185605630
42 138 -6074600917672676359
42 139 1527804293028974707
42 140 -2838482122162963516
42 141 5352072420161621710
42 142 -8094288633753308548
42 143 -157593758299349745
42 144 249092499748995535
42 145 -7832727123490041731
42 146 -4553852508382169927
42 147 -4911564632799709214
42 148 -1537197839129758943
42 149 -6257066090099110962
42 150 2293578225604217402
42 151 -8348748380499161925
42 152 2755612592382843941
42 153 4198315048106092978
42 154 -4195640124915640735
42 155 -3675433091323205660
42 156 4231001517976265772
42 157 -3408604129567581862
42 158 3273475230947340565
42 159 2745111193648880571
42 160 -4648416748095282811
42 161 -1501019734723145016
42 162 8968787840715666188
42 163 1233945190663473796
42 164 -603716757861071764
42 165 3092632296128532509
42 166 -4722817827431943236
42 167 -8250183447472386621
42 168 6576207771734393322
42 169 -7257797727351321901
42 170 4154092902424617125
42 171 5404826421059196089
42 172 -1794999944043747657
42 173 -624969134304513881
42 174 -1489768929071431130
42 175 7759715338954434447
42 176 9106664773394058603
42 177 -1816890975322282354
42 178 -950527702025898562
42 179 5453912115973006141
42 180 -2184672531162374583
42 181 4697447604056021520
42 182 4390015326484587051
42 183 -4906338992361182610
42 184 -3233571178888927941
42 185 3731407637191982508
42 186 3258068201585338025
42 187 8281009515026003742
42 188 -4867654835747935454
42 189 -6264911923147794775
42 190 1909760931309483505
42 191 -1942390653787993099
42 192 352975971635942904
42 193 3019443556764171679
42 194 7520635935540313899
42 195 -9028019178090461402
42 196 -3210386911483406460
42 197 8920388555301328134
42 198 -9213024457877804624
42 199 5932084347024851569
43 0 -4924490268305993238
43 1 7435454509090437228
43 2 -6392854765282587168
43 3 2865338886089513169
43 4 2727759426268773840
43 5 1362018910036747865
43 6 1905149840904135367
43 7 549605384413562175
43 8 -2707131785382676674
43 9 -937944119642329726
43 10 -9155777657376741042
43 11 -3825429115450758742
43 12 3519906411349067227
43 13 -5317628898946408427
43 14 1961435212298314959
43 15 8157373174427743425
43 16 8325693526079500400
43 17 -478909874165373323
43 18 -7917592139081219593
43 19 -1818640690938807858
43 20 -8177874069637611984
43 21 -1757687504187118508
43 22 8939491512151682561
43 23 -5469880794906123567
43 24 6223670973383693518
43 25 5148851017993851186
43 26 -3870965583221563793
43 27 799695921639035972
43 28 1175048210782666815
43 29 5593119710418092471
43 30 4043307624917788874
43 31 -6889732687910848694
43 32 -2864956701033806674
43 33 6779693031469053474
43 34 -8207266361784995107
43 35 -3973801110065715420
43 36 5557806119969029427
43 37 -5562137066756568012
43 38 -122093402061387579
43 39 -822197131151774852
43 40 3806240901717629463
43 41 1445699982715483743
43 42 -1854470357923942930
43 43 -8632067110778659805
43 44 7568989632649133765
43 45 -6362933601793871536
43 46 1575957285346720696
43 47 3142551137434757724
43 48 -7642716560047067361
43 49 1269595483930517429
43 50 3763135825596580575
43 51 5228715430967279173
43 52 -7313006281073659741
43 53 121998520837484519
43 54 -1093103590724662395
43 55 -488091208631159291
43 56 1083108420270138267
43 57 -3399865676154614042
43 58 -2645874206956922618
43 59 -2395818566706304728
43 60 -5748532968984354567
43 61 8735827633685864139
43 62 8500851459038885604
43 63 7104670700670365810
43 64 7387838716442032177
43 65 -7148710997017247507
43 66 -3770247999245240961
43 67 -1357727997760531798
43 68 -5200251106401688570
43 69 -4010756953425968418
43 70 7463679601544952966
43 71 6647360708656935783
43 72 5770521313553036897
43 73 -1470786561351586013
43 74 -8794352431606223485
43 75 -6367438239374499431
43 76 3671095349755807189
43 77 -7414744346397629393
43 78 -7685327971674227705
43 79 -6488087590144473431
43 80 7180733253649634825
43 81 5895518231813734568
43 82 8753736104392695713
43 83 -465282859138559882
43 84 -2701193247022069306
43 85 -2631994049905029184
43 86 6379688578771844844
43 87 6982796437873368153
43 88 -4003962506877002573
43 89 3308610349935638535
43 90 8374407465563283716
43 91 3350037977424932630
43 92 -7197731391662304218
43 93 -2411575889412979147
43 94 2424056070609719137
43 95 -7037807071677273079
43 96 7652782316786730338
43 97 -8758673879630736230
43 98 -6163415385814435979
43 99 -7255674281929479662
43 100 -2415263040291199209
43 101 6409227930249378531
43 102 139963596937732508
43 103 1527254082446506363
43 104 -6140728554464298634
43 105 -307979730662526948
43 106 -5558579684026393390
43 107 1778861860953509278
43 108 4287483695848910530
43 109 8764639353402465147
43 110 -1762880767683645316
43 111 3650637894344738288
43 112 -32304312216832109
43 113 -6771329007303113596
43 114 -6372271463532653132
43 115 -2162002664752362896
43 116 -2250052035821846989
43 117 3467253574161381440
43 118 -4416169130920561762
43 119 4567178998178003587
43 120 6123313736348968343
43 121 2174565485132394518
43 122 8626005967505076546
43 123 5174566833227269446
43 124 7997520305242969476
43 125 -5990866354984714123
43 126 1897160877480795930
43 127 -8413358168217466290
43 128 3414689388272647570
43 129 -5681554421918441368
43 130 4827748476922072787
43 131 9020678420202050709
43 132 -9219810172729832607
43 133 -60843793335865126
43 134 -2328282378708413347
43 135 -3427585918880547579
43 136 1721213608433158721
43 137 -6982349031233440461
43 138 -6747612756083006682
43 139 427187140860412187
43 140 4920034815011425534
43 141 2644212242181222368
43 142 202981456029120784
43 143 2210855582259709754
43 144 500643903795225681
43 145 3626806107209379519
43 146 -7246946664573681267
43 147 6304626428370135395
43 148 8111652641007961269
43 149 7787342869375489930
43 150 -6947159500553990802
43 151 5165170805391439611
43 152 -9066231181695038643
43 153 -9192832976618395091
43 154 -2486148146457340309
43 155 -904173609556025784
43 156 6159032531387136921
43 157 5093611847998323254
43 158 -8676238686454474503
43 159 -7014638893442164869
43 160 3259696098378480578
43 161 -5125404388020742928
43 162 637550659574692648
43 163 5748506542175602478
43 164 -7954871815211726767
43 165 -1897437091658988303
43 166 -101898873860491480
43 167 8503191284252176011
43 168 -1458696845365676406
43 169 8043948641059308250
43 170 -4729368480571304024
43 171 -8074000212191158807
43 172 -4309470376000640599
43 173 -2151136912612427808
43 174 8407521873532800417
43 175 -69959949456352076
43 176 -4684123272241786379
43 177 6033883218018501219
43 178 -274981228443120584
43 179 -3962590656495206270
43 180 -1573319073462475109
43 181 6141904719571108145
43 182 -1368740049396501782
43 183 4086191207182779213
43 184 -1425958076558085498
43 185 7016632682487897420
43 186 7421622762213391727
43 187 -7162377836762700625
43 188 7876071485518412639
43 189 -5013801776423262434
43 190 -4137058229493520583
43 191 2705438764176346407
43 192 -6736413248819810323
43 193 -5866073617211066764
43 194 3696018680763030750
43 195 -7877451833847584589
43 196 4363746620803407498
43 197 8997900551757128112
43 198 -2691604607544549628
43 199 3960576913118681704
44 0 4656917052101219396
44 1 -4346882807566022479
44 2 409237559377942852
44 3 -7952157714412897719
44 4 -9192213077777805006
44 5 6426117008200461998
44 6 -46208187437804159
44 7 1067999551734656099
44 8 -7780191421097038234
44 9 735482962356246600
44 10 4623703037296666616
44 11 1260270142478846502
44 12 7881997403421472893
44 13 -1253436571851918111
44 14 -1953564552059488415
44 15 -6280120850097194541
44 16 -4196493330147621876
44 17 -5356712736544847145
44 18 -4164990127808089146
44 19 6768474435550966925
44 20 -822656335072746078
44 21 2188335939810053384
44 22 4774789830081627914
44 23 -3503643690593907393
44 24 4173099003108626796
44 25 2506979904139654172
44 26 3419835794321556779
44 27 -4510692998721161513
44 28 4308780451496106925
44 29 -2742663390316479890
44 30 8540459997751059230
44 31 -6968497515133079480
44 32 -2863755864727993848
44 33 -768921348362111262
44 34 8341082223445553073
44 35 7436354868402083388
44 36 -3406377715584785734
44 37 8187708219551765437
44 38 3300033903427068656
44 39 5001341386575695123
44 40 1615835071919159610
44 41 6520753754916817126
44 42 -7358166006495934791
44 43 8410503601741090689
44 44 1716571108884090929
44 45 -5357389205960627634
44 46 -5850776566088731238
44 47 -7413695215339739864
44 48 4157812173204734293
44 49 9175987042557253556
44 50 8882220833160965091
44 51 -8253564871744419929
44 52 -4964468150977271187
44 53 557792379253987988
44 54 -1387921390664635906
44 55 -5998253478475201545
44 56 5475962555472161366
44 57 -1937471799129885563
44 58 -1716702476200947450
44 59 3160293446045981735
44 60 2734326147002285105
44 61 -481877465641653151
44 62 -7333684864889759925
44 63 1949351814692557631
44 64 3803979300497717326
44 65 4102427280440912451
44 66 -7331518113351669705
44 67 -6960322479709656335
44 68 3368434290352699955
44 69 6141680079575898269
44 70 -4654022625087932572
44 71 7934722736343657065
44 72 -2840767459282446726
44 73 57917996627288968
44 74 367767172435899431
44 75 2185582106604253420
44 76 -1048596854054470946
44 77 -4551963721706495422
44 78 1018219187773206944
44 79 7517931241325296112
44 80 1651371537203758453
44 81 6712933507240046147
44 82 2657258621485421303
44 83 4814617764981295912
44 84 -4857049336745037814
44 85 -8559866447362417281
44 86 565717201086879768
44 87 3671465353664328537
44 88 3724423834539636174
44 89 7134189629530004409
44 90 3707550849206154437
44 91 -3994083904614104040
44 92 682026874166052407
44 93 -5350586036396939311
44 94 -7078387629014762722
44 95 8897720936356325859
44 96 5382629131185294106
44 97 8484275372352604517
44 98 -491433973526309543
44 99 6356757289062328493
44 100 8656938815697855960
44 101 -5793619880930051013
44 102 -7727349534928472099
44 103 -1292493703782954469
44 104 -3168156367017138856
44 105 6968343375805208815
44 106 5752705142537536260
44 107 -843731407070845811
44 108 -4130892131057174798
44 109 3763255569559516997
44 110 3376620810985040529
44 111 5976983718327708755
44 112 851570665685969032
44 113 -6160333437128463599
44 114 6687808237407776647
44 115 4459552826380521130
44 116 3289863224616742306
44 117 2632064177547271186
44 118 -8858848891615036528
44 119 -3033957784660187616
44 120 -1927038810697476593
44 121 -4575873963843256522
44 122 2290944898062609815
44 123 -8414105253193100007
44 124 -5017950014433968858
44 125 -7295796095947644678
44 126 8465608085833358057
44 127 4966395534014021902
44 128 396330143041798001
44 129 -5542841373737288153
44 130 -6035522052644207784
44 131 -5082199617212214879
44 132 254505512455579394
44 133 -6188759506618441509
44 134 631443137350468808
44 135 -5346820877364146941
44 136 -1408456013061483341
44 137 4058039768470303790
44 138 1238167199537691774
44 139 -507947956400311414
44 140 -9109124903555720477
44 141 -6747452579845735819
44 142 646772054349712430
44 143 5219162220232022918
44 144 3092709561527413204
44 145 -3884414853294754494
44 146 -239096440980913706
44 147 -1636565207697970997
44 148 5954239755092296592
44 149 1802679366003355938
44 150 -5970351766163497478
44 151 -6558561766898723129
44 152 2232983570937672218
44 153 8093944390404742474
44 154 -9093965493313944662
44 155 -433528994729590980
44 156 890014124245259201
44 157 2352518063413098369
44 158 -6748007050171967547
44 159 2355781855523381501
44 160 -3613271080709898098
44 161 4196565075932999148
44 162 -4815604760593787668
44 163 4695411989650071824
44 164 -9200643829088939350
44 165 5236740033612331568
44 166 199928195052053895
44 167 -6684363642022835766
44 168 -4499436731365677216
44 169 -9197711301647741530
44 170 3724721844903807673
44 171 6919128368318296480
44 172 -8233553377412908904
44 173 1138102583664030451
44 174 3053714479896809987
44 175 -3298575245528966831
44 176 -1931819035672235385
44 177 7067079384963622374
44 178 -301029455926826998
44 179 -6927085163732177999
44 180 -2577552661702729287
44 181 -6189357103937668067
44 182 -7916057568235443112
44 183 -1266544111412535037
44 184 5787297170278890358
44 185 -230519568807832979
44 186 -8492535617509022807
44 187 -8990660401961597716
44 188 -7318176166748965009
44 189 2468100080897034804
44 190 7692287807197839476
44 191 2043409604121093877
44 192 -129795940260836031
44 193 5652577761366216003
44 194 -1747056325232669692
44 195 7052397661394344741
44 196 4751751916497346377
44 197 -595975160524947005
44 198 6289505199101198696
44 199 -8835139748966536769
45 0 -785692793219352918
45 1 3933533555097314089
45 2 -7396924572743193532
45 3 3775437324754360587
45 4 6307216378016607544
45 5 974210287904289
45 6 -4695638093793412670
45 7 5330482310864484649
45 8 -3893710125827339189
45 9 -3481340553063909798
45 10 71131011554987159
45 11 3910348425408707477
45 12 4726112736360717061
45 13 4275384167570644979
45 14 -6189571254819520286
45 15 -7188982334780647595
45 16 -2090285133269563172
45 17 2425653843653983708
45 18 -5163050137076043336
45 19 -744384535433345249
45 20 -1522930847790758151
45 21 -8125020812801212789
45 22 -8293123186427301749
45 23 -5955985923040363386
45 24 -3841036883417104938
45 25 3611175983285853502
45 26 1691571133061067983
45 27 6123426292260989412
45 28 -4223029353459228924
45 29 -1945244438046754790
45 30 -8573495462687612573
45 31 7370251993140100286
45 32 4342764104246422059
45 33 -3686913361895270223
45 34 -129591234533304393
45 35 3837379962552616962
45 36 -2002419506230610334
45 37 -1114868647162422528
45 38 4762017441980627241
45 39 3344184693354973229
45 40 -1957756766692177706
45 41 264964956377167628
45 42 6787641396796942482
45 43 7954162548095003348
45 44 4687346260624770079
45 45 -1712105503945259298
45 46 6086580153597261080
45 47 4307922003080486861
45 48 4221029569969343625
45 49 -2261992742648090616
45 50 8512382266459011264
45 51 -7774743930649966677
45 52 -4446331225751041094
45 53 -6281827851316805125
45 54 -2615943152526043168
45 55 -8071655252260830057
45 56 648896730850265571
45 57 8429137512267018147
45 58 5467616242114823321
45 59 -4820516314163870991
45 60 -5555964210903970377
45 61 8998797376366103464
45 62 -3788728105782054202
45 63 8542675036226825519
45 64 3234532570395928102
45 65 8778158480313058129
45 66 288593960555978694
45 67 -2571523332895904762
45 68 -7501447037413294495
45 69 -1928698634613246902
45 70 658086404920515768
45 71 8279829710125913284
45 72 4314586897258935980
45 73 -6119332736272264904
45 74 2431402780774042671
45 75 -3396539441104852486
45 76 6653236412029302312
45 77 6929664379209436837
45 78 -2158044017585812189
45 79 5502804302064903979
45 80 -4887606128137286671
45 81 -3764182491039344726
45 82 -2188995293305247799
45 83 6518797055470697521
45 84 8800483035103679003
45 85 -383578875527512986
45 86 -2176689472835108874
45 87 -5029705539429747823
45 88 -3762799732369259497
45 89 2285141982601631836
45 90 -3548674208726296551
45 91 2373064764898153820
45 92 3500157652104326089
45 93 3566316069273131782
45 94 -5189074450659107544
45 95 5307713553093300748
45 96 6832871478046534145
45 97 2849649812753411187
45 98 6653598199884418374
45 99 -5579592438982620697
45 100 8705476375493257065
45 101 -3358143653771542336
45 102 5718243314585676497
45 103 9217479558281653144
45 104 2838566163100959642
45 105 5926347784522885795
45 106 6817467302168285062
45 107 1934044175930565521
45 108 -4285620009767437565
45 109 7056901166538409019
45 110 -1662915186013109807
45 111 8597066824833279227
45 112 -7862369297182133352
45 113 -7036954375938449884
45 114 77583663604653496
45 115 -3595436671429024794
45 116 -496356952883557956
45 117 -6434462062768982440
45 118 4815359841904289889
45 119 1924728947137344628
45 120 5180099807323446397
45 121 8920842550174404913
45 122 9001719472908038317
45 123 -3509880115680938081
45 124 3515843240365761029
45 125 -8384399477464091897
45 126 -6234723649978621728
45 127 -4832698473046312519
45 128 -4041806722303750629
45 129 321936881313705749
45 130 -6205580464005488179
45 131 2762951070272800989
45 132 5517408462313068070
45 133 -3272816068307768118
45 134 2003541515424992226
45 135 -6507159476049364616
45 136 8553855319743568222
45 137 5795116696687762908
45 138 4989324698809288066
45 139 2305164971391088135
45 140 -3868811362295780319
45 141 527864766683467670
45 142 6330223999595822931
45 143 -7085139493735076620
45 144 1986300035838977644
45 145 -7292449645141566558
45 146 -3919866928907045456
45 147 5623697560930711209
45 148 1504161636880229923
45 149 -6581999731837077981
45 150 6637744275237997706
45 151 5134379281061735061
45 152 2227256584651539229
45 153 -6288624110886208494
45 154 -7490026370925666285
45 155 3827863732658020063
45 156 4797794303381041182
45 157 5569622179451899453
45 158 -3009137418615914148
45 159 8808900829213550022
45 160 2639258613314473110
45 161 4770172190865195894
45 162 4423137087080000924
45 163 -6962247240340002386
45 164 -2640430379575632182
45 165 6073133326731181743
45 166 -1840961631364403440
45 167 -3516486062914601744
45 168 -6123150838956044303
45 169 -5565482372523532513
45 170 -1231197884865461397
45 171 2984549431323068864
45 172 9201183104461969408
45 173 8628920287036129096
45 174 -6874823247797324289
45 175 -4492068085379195903
45 176 1975893456260227492
45 177 9197580233662293295
45 178 -3013989696814736405
45 179 -783052302433857645
45 180 -9140118970487457415
45 181 -8923170418188233136
45 182 5758940821636749436
45 183 3722508420370894621
45 184 -6718682712104211683
45 185 -6285915500972863023
45 186 8196965812281213806
45 187 3399674514009834717
45 188 -5906562227231284852
45 189 -7611434978841720026
45 190 -5649823516150390222
45 191 2981333353842111586
45 192 3530511572312440071
45 193 -1634774739628481939
45 194 -5206182866096968812
45 195 -5675749367706546352
45 196 -8284527960371709488
45 197 4515080626275109924
45 198 2914909176252023861
45 199 -3373050468850185967
46 0 8803016853664845987
46 1 6184950642895754744
46 2 4021535253079118846
46 3 -6969929746014903982
46 4 4322484055735040585
46 5 99790273329168436
46 6 -2468240395083314809
46 7 -5879257062676616818
46 8 -68777413757289366
46 9 -581692328860708249
46 10 6129385892393126854
46 11 4965650771268032307
46 12 8165133757440054405
46 13 3208971033130497699
46 14 -703092444061348503
46 15 -4635121432495290049
46 16 1620626171131615830
46 17 -4290262823997823156
46 18 4373687562358290734
46 19 8603438731479639752
46 20 -2155701283600306
46 21 -7588372887744350976
46 22 -3369198361957097613
46 23 -4484950747412109069
46 24 199835716098095640
46 25 -1220524305516364621
46 26 3925553398694877199
46 27 -2071043770869972880
46 28 -4639177079957231955
46 29 3962156630057559063
46 30 -3869906476137061148
46 31 1332938714019800256
46 32 2265849965232956992
46 33 -481502273712928007
46 34 -483608437040316666
46 35 4423272434021081358
46 36 -8387899029415020077
46 37 7703527702787037118
46 38 -5427603265920527412
46 39 3154639682683551208
46 40 -7386273149684852108
46 41 -3503018981436048092
46 42 -2808949142342476238
46 43 -7708333115502595219
46 44 -7627215956202934551
46 45 1476723975986834147
46 46 3917507781128933482
46 47 -1855564419426416084
46 48 -1470757163002200965
46 49 -7289393218352971041
46 50 5515475843372590487
46 51 -7157686559496330691
46 52 5731564657532950759
46 53 2932174090704133060
46 54 5137586230387107142
46 55 8375942381833973881
46 56 -928549354888478858
46 57 -2446880780711229473
46 58 2343404584478156798
46 59 695293732686955685
46 60 3382450995286355971
46 61 8756960483852957252
46 62 -4276254921291011754
46 63 9004156577292111246
46 64 -992747601440088754
46 65 -2413388782722567838
46 66 7112674766398766706
46 67 7847798179693987666
46 68 5954134753148557963
46 69 6161715699076642503
46 70 5546960934005798851
46 71 6298627490623922140
46 72 -138021627428325068
46 73 1241830368973065628
46 74 2739142410853151728
46 75 4738838179645188457
46 76 2537989727011584859
46 77 -5934320615100791189
46 78 5354388077240728672
46 79 -5370826252967698913
46 80 -6020497728814242726
46 81 3313572350391725713
46 82 6684513252706800141
46 83 4248350707845743690
46 84 -845793229865123923
46 85 7695303152694593298
46 86 1647668194301033318
46 87 6315674663190258784
46 88 -6251398205108486266
46 89 3099842172848686306
46 90 6607264203533925772
46 91 6411109287847638902
46 92 5199676900238425204
46 93 3601592389192396200
46 94 -6008171541231876811
46 95 -2198858660123673020
46 96 -3734341841061575526
46 97 6079794374364537339
46 98 -1554093710863363760
46 99 -280755908801741110
46 100 7769386029231653603
46 101 -245150263906033029
46 102 -4410449913144704720
46 103 -262494512803670859
46 104 -3921483482449311754
46 105 -5045770827595374060
46 106 -8279504167071871198
46 107 -9006406511102770969
46 108 7844188350886902075
46 109 4261130029088797781
46 110 -5251007423293672618
46 111 5652344164211725363
46 112 -7920354288092813997
46 113 -2110138814391652332
46 114 -731783485537573217
46 115 -2906852008451954052
46 116 1851853492532500283
46 117 5744590783875830006
46 118 -776384792425108192
46 119 8020464223308113875
46 120 -1921307598843458459
46 121 -6142436038615978758
46 122 -7079471854328107944
46 123 6433321460013236874
46 124 -4968948597582045561
46 125 1345233221256395219
46 126 -8138658895342888685
46 127 -1753770007807219356
46 128 -4589031420441250544
46 129 -5226099108479377629
46 130 4121117381949999966
46 131 -6045642440042504897
46 132 -5737213531226678882
46 133 70237124090623198
46 134 3066965455420566073
46 135 2112836889267050407
46 136 2735955316453056836
46 137 3078090952835849994
46 138 2787306726970803662
46 139 3651689704729857810
46 140 -8951946491109505219
46 141 6835891577511966686
46 142 -4474051553886938571
46 143 8288491100483437313
46 144 -156024055553686802
46 145 -1034430974803669139
46 146 -3307340092810771912
46 147 3019417123318778198
46 148 -8601887662184820891
46 149 389061927770406486
46 150 551263970408029510
46 151 -2825767057732759298
46 152 -5415499202937397865
46 153 9002109972199317656
46 154 7352250576572874929
46 155 5572795153092862054
46 156 -7502941509806983057
46 157 213885868631244071
46 158 -6642201550542104914
46 159 4586527118158237593
46 160 -5024231367518177104
46 161 -3840727473530028355
46 162 -7415239539408311255
46 163 -1748181569953840634
46 164 576556475157500791
46 165 6149725018191863762
46 166 7189923521812477426
46 167 5068943695032352985
46 168 -3462044782901569037
46 169 2530633405693956045
46 170 3119990555272448037
46 171 6924167037350027902
46 172 -2127886148595424658
46 173 3959510976807104911
46 174 8425071920278173700
46 175 -1516980432210638677
46 176 -248110868560713654
46 177 1103136461688639755
46 178 5147316195251001615
46 179 6716809210933800040
46 180 4361560886572338910
46 181 3958321629047725983
46 182 3771769174221005277
46 183 -1407433506198859006
46 184 -500763626959192984
46 185 -5362383696249635544
46 186 -1622015227966947233
46 187 6531834737429759362
46 188 104040469333228099
46 189 -3463727262648872774
46 190 -1869195324962994917
46 191 -1094920168348396623
46 192 3213024172820560226
46 193 -5543465273310314436
46 194 2821128663318092471
46 195 399779294290209319
46 196 3129263354586338614
46 197 -8590717779899462886
46 198 3375797413052376559
46 199 109924377817865134
47 0 -7509865647222066756
47 1 7945367449540102322
47 2 4986281884248401267
47 3 -236464260101327812
47 4 -601734355305166772
47 5 2544390859153657841
47 6 6859702129204858695
47 7 -2082455200603245386
47 8 5970568068330897337
47 9 -3664339652338508875
47 10 -603444420775323372
47 11 -5647456064439482357
47 12 5704431983235293840
47 13 7202391175520434981
47 14 9196435490439357992
47 15 -701152728421875740
47 16 1471162832297248541
47 17 -6945265514968201893
47 18 -1928184896182742660
47 19 -5691459231845184509
47 20 403939066969794619
47 21 7573984489495111921
47 22 -2746890890896042056
47 23 5883922601260415979
47 24 -962378071489439361
47 25 1756586717681640060
47 26 -4120007888347594235
47 27 -1106410012146802779
47 28 8981391092864937828
47 29 2289824184834817602
47 30 4536953862147457184
47 31 -5554727499102377813
47 32 -8554479148254092900
47 33 -964658725377054451
47 34 -178969107778522230
47 35 1678054076523408169
47 36 4225829902049846228
47 37 8907238972601820564
47 38 -669989467135067534
47 39 4738773864907275516
47 40 -8016861715064447647
47 41 5159634396989892433
47 42 -42144797464765274
47 43 5132531670976848493
47 44 -6712368266839258874
47 45 -2729001523292863705
47 46 2987119229469869298
47 47 -7461802997142242474
47 48 5625197080843217619
47 49 -7511925503616352758
47 50 6972567519249456028
47 51 1654705952785833995
47 52 8952845249127166574
47 53 3186745873756762096
47 54 4911880145567494089
47 55 -1813924556962438242
47 56 -3293301300391252254
47 57 6360701771284462279
47 58 7117531313802844310
47 59 -4142592834081628475
47 60 -1069108057515089472
47 61 9043153736775746973
47 62 -8082141727462888954
47 63 -1930909455589630529
47 64 6416040275152755898
47 65 -345654814250340651
47 66 4225238250545810274
47 67 -5724079047297929752
47 68 -154613729230316052
47 69 -5756468815456853553
47 70 -5258440513673263576
47 71 -7560358957168033268
47 72 1508775378024052522
47 73 4405799909767950381
47 74 -4900128015604804116
47 75 3208518573670476911
47 76 8245952930705964632
47 77 777205255221977685
47 78 -4057106382030717056
47 79 -4765766800287249966
47 80 9057954507065179246
47 81 -5495039940589429935
47 82 6668083167711765626
47 83 -4437665680806992794
47 84 -7744127201532821693
47 85 8630073911524530657
47 86 1309376436077121776
47 87 932525569319803434
47 88 5676735126283405901
47 89 6638245847934850836
47 90 3238713807407091137
47 91 5348606924519051495
47 92 -7692430232287789733
47 93 5753091208015896469
47 94 -3071326540206262497
47 95 6161935354299827944
47 96 2497516425654727614
47 97 2471334508798098388
47 98 -7736579902127093590
47 99 -2477605290447273581
47 100 6715655678592031885
47 101 4684916662813744132
47 102 -3402533549206961172
47 103 -4861678485664118126
47 104 5316704382168398624
47 105 4604920057009468343
47 106 7912383830099345097
47 107 6078092014370625189
47 108 2874301566198933040
47 109 6452655211981926134
47 110 -160102299228766745
47 111 4671464856768463025
47 112 -6279027584813454724
47 113 8622868632286751752
47 114 6254194446316569937
47 115 -569088372960201488
47 116 5555377617794872893
47 117 2052219668438489034
47 118 5874055332945781848
47 119 -3404165511497245623
47 120 -475115733517745508
47 121 2862095416484231214
47 122 3545713330795576481
47 123 6244257259572083372
47 124 -3543112897758074195
47 125 -8084010205735878286
47 126 3855644051020712342
47 127 -8226844082743765332
47 128 4551605413434874059
47 129 -4681653165282284769
47 130 -3571479302785997801
47 131 9028112577445011062
47 132 307982093964513917
47 133 6508219432974518351
47 134 3663470918699346572
47 135 4622547978749094151
47 136 -4568908542045947976
47 137 -4801386186476283917
47 138 -4893490993112684243
47 139 829998246154836628
47 140 -8170774088042036967
47 141 2865054100737424322
47 142 -2025085310759608627
47 143 -7900881014643824128
47 144 -485655935713089238
47 145 -9084539689740149997
47 146 1264731596432542347
47 147 6980515553325371502
47 148 -1801718424425633379
47 149 2192352930407049819
47 150 6793977847872010050
47 151 -2671900972749718853
47 152 6532141321797466586
47 153 -6264437076721216333
47 154 623445742472713935
47 155 3899282801060775392
47 156 8633636411447245743
47 157 -4672139409604739096
47 158 4528467289964765944
47 159 -2632281144226030898
47 160 -3971382993841065976
47 161 -5672066785285374423
47 162 -4197093784918576981
47 163 -2485650308703160496
47 164 4738914170727961208
47 165 5797093295234194610
47 166 1427868526946199588
47 167 4097756360583139932
47 168 710225298590924220
47 169 411620891108458045
47 170 5270707802732108121
47 171 1808112967788170799
47 172 4237028657228850422
47 173 5360605935798172676
47 174 7188042305425562903
47 175 -8809719832261588401
47 176 8859610547154709973
47 177 -6243513420825358847
47 178 2771903708841296938
47 179 -1417885622513659707
47 180 4623002589251215185
47 181 -4220575886683133028
47 182 -8063566978946212173
47 183 -5080155752012038074
47 184 -1601528036255851972
47 185 1211363158505554363
47 186 285597685336774682
47 187 8630415189894469702
47 188 4532288461478628446
47 189 7734817343203688415
47 190 -3787090177303869994
47 191 8571973181546372309
47 192 3839067041880794870
47 193 -1563293599249123006
47 194 3861181601263358004
47 195 3096080176302544049
47 196 -2882814715507140998
47 197 4948574071060373654
47 198 3735279117756404366
47 199 -7509002600668035998
48 0 4777968681127360598
48 1 599560057699227789
48 2 -8184121369128817717
48 3 -2249961006958794322
48 4 -1428288607028638885
48 5 1152317142739581757
48 6 -4579841077218473839
48 7 2932179705416482289
48 8 435668230559970049
48 9 2523911244971731678
48 10 2978559712942704371
48 11 -5977604847014202130
48 12 6651157032120137938
48 13 -8827459461594789821
48 14 -5388989646130656766
48 15 6384266592700308405
48 16 -1024903441274979601
48 17 2840971976217567441
48 18 6718099255010132657
48 19 -3229010114887523040
48 20 1772244755515192871
48 21 7042060772002828645
48 22 -2160208893068359677
48 23 -5677219523303448680
48 24 -3403589085434394287
48 25 -419289736281778730
48 26 -5182186038040537100
48 27 -5601833714455526258
48 28 -8008908573002571223
48 29 -487900534086272778
48 30 4495377280452640347
48 31 -8039396266277292655
48 32 6259697524328507087
48 33 -7588489201702915724
48 34 5909880404573332992
48 35 4752349230414469460
48 36 -5108245229816727322
48 37 -7334495443938573196
48 38 -3372835577754126433
48 39 -5278287582740594406
48 40 -2241334247172157756
48 41 -3871708762074018667
48 42 -2721343162336168867
48 43 7054104760987504249
48 44 80498961479958873
48 45 427871842427078310
48 46 455129569305159372
48 47 -3486535559836697743
48 48 -1808413236618224990
48 49 5424327671129142641
48 50 1702888527355030065
48 51 -3781691510323409162
48 52 4413504445568401057
48 53 -3800553823231167001
48 54 6641444660061666732
48 55 -871266568499368624
48 56 -5040214479571236019
48 57 -4418006681414468233
48 58 5894205219409992699
48 59 1737954363072458492
48 60 -6847442629013117956
48 61 3992215667311665197
48 62 7579886831295253913
48 63 8641760010161291602
48 64 -400512172818037463
48 65 -8199813964049539504
48 66 -6066206884376895756
48 67 4706840102550257249
48 68 1679916048135412505
48 69 -8673901037284430842
48 70 6842144392896770945
48 71 3107835990940383725
48 72 -886997004768756513
48 73 684255688205239367
48 74 1978204308204857873
48 75 -7069719916709020160
48 76 -7881876286705641108
48 77 7120514317156085225
48 78 -3499404073885116389
48 79 -3427873800205942706
48 80 -2365519973235031562
48 81 383913455307059568
48 82 8184327952630097292
48 83 8236917207098388480
48 84 -8800762058204562022
48 85 1928821453474166068
48 86 6585183530119411568
48 87 8639703072269406125
48 88 6909928913260627182
48 89 -4302283289295822064
48 90 2492677571779385312
48 91 262496926178844188
48 92 7052874949435715893
48 93 568425885600558159
48 94 -8646818806773512480
48 95 -8295202814570880872
48 96 8275728635229700661
48 97 4855257527131410084
48 98 419559844766880350
48 99 6070859541890517415
48 100 6016205915356470622
48 101 -3811603878123970742
48 102 -3846497855081642732
48 103 4957754824227909399
48 104 5349073179216788114
48 105 6455390574627221147
48 106 -2954488670074707366
48 107 7673562122566438986
48 108 5513120103009967293
48 109 5402419049175618486
48 110 -1750215109400191214
48 111 9206771637150668270
48 112 7504601536507208565
48 113 -2903801191344215095
48 114 9179731345183375748
48 115 -947614749646557465
48 116 -4991799750060057510
48 117 1146269301032413398
48 118 5457405116017328547
48 119 -1101204127307500040
48 120 -4796611497385652711
48 121 -8037740783345267730
48 122 6590407443676809706
48 123 -7132392836203728490
48 124 6463411506458335662
48 125 3191639816112995488
48 126 -537406402263239741
48 127 7819745820861867844
48 128 4419844007005475146
48 129 -118322996876041549
48 130 -7454125708251073953
48 131 -5980187134269312416
48 132 4298459395380485941
48 133 -8347899759763449285
48 134 -4682247903967851067
48 135 -7183115623747922464
48 136 -7518566927234727858
48 137 -6880059198776892228
48 138 -5339598055360501732
48 139 1617617647990759475
48 140 8736912078631752805
48 141 8541784309255365324
48 142 -1931093810466992053
48 143 7073107947466590921
48 144 -4446231231711001270
48 145 -7719150885990407324
48 146 -4079628605864645842
48 147 4274539843687618486
48 148 2977094152669759663
48 149 -7907171728629081278
48 150 -4242857586288960495
48 151 6926223891439015797
48 152 -7555182601798709032
48 153 3577732769916950286
48 154 -6639730086787787136
48 155 -8769415440309618059
48 156 6035336912512555644
48 157 -7285162330062274247
48 158 6880743800732294604
48 159 -2639892099578009095
48 160 3838014613252443788
48 161 5107628918747896904
48 162 -6728061215505512193
48 163 1125958590353491572
48 164 -4254203214698952936
48 165 -7536139364467264016
48 166 -6267799398869298666
48 167 8757039939575061084
48 168 -8520278223044407584
48 169 2276389246420753146
48 170 -1828647715118437738
48 171 8808407440397152543
48 172 6244220735507988172
48 173 2457061986323691785
48 174 1714156138260521652
48 175 2216435060949572717
48 176 6446491194635089804
48 177 -2560317551508300814
48 178 5185973219467061702
48 179 3686487314891205951
48 180 9179032554253761546
48 181 5313325981585579623
48 182 7711149738074828732
48 183 -1677183523179493774
48 184 -8519664362309226056
48 185 -2340599183438051380
48 186 -2001946213497253
48 187 8679126784547164488
48 188 6782818040854426162
48 189 -4285071543855293770
48 190 575325878101812014
48 191 361330993263137956
48 192 -9195607535122902152
48 193 5964055803337281669
48 194 8683551964731104180
48 195 8260717884327754306
48 196 3908059185355768302
48 197 2795224847227427572
48 198 -3805815447840951421
48 199 -5305190943239424859
49 0 5573500386654935129
49 1 -6333895208782400897
49 2 -7337059769915423010
49 3 -178490220649475100
49 4 4366140565146835610
49 5 7962217659144595904
49 6 8733392205174714166
49 7 6792965955028388693
49 8 2740327708554770713
49 9 3768951462952314816
49 10 6494663432875721352
49 11 1340241677223413923
49 12 -8996363113368052066
49 13 4566950557436128414
49 14 7449984517723173408
49 15 3714205235198709392
49 16 -5025608035749487469
49 17 1166335232981439210
49 18 -4497810678121824277
49 19 5792994715748394879
49 20 3520442140188616754
49 21 -2737551823693373746
49 22 5873829151012323141
49 23 -6571200116551918618
49 24 2117194974196319820
49 25 -524319799072871856
49 26 -3438451784230163568
49 27 -6070025908463805757
49 28 8328214976306221771
49 29 8286429742439521797
49 30 -4658985267737741204
49 31 3897404769975761503
49 32 5251530222038946836
49 33 5289841353613322001
49 34 9158964948578293684
49 35 7353622028003404678
49 36 5691539477104139283
49 37 580206467114849212
49 38 -3969587578705847875
49 39 -7988039365885757477
49 40 8327732129067977086
49 41 -9185039619644639522
49 42 5894689285872761869
49 43 -4448408503467703135
49 44 694449770291666041
49 45 1016931254396444522
49 46 8575904793110729923
49 47 -2339139578985125945
49 48 3217273107349397100
49 49 -8120611269159938009
49 50 -437167886741371383
49 51 -7688299296433443843
49 52 8329227642102247961
49 53 -181292086646542110
49 54 5854838113213319249
49 55 -1857655819158110744
49 56 -2378733816161496197
49 57 -8344991882731032286
49 58 7849519403633267270
49 59 -2300001446832629850
49 60 1302073700191705120
49 61 -6555611760755154097
49 62 8158594897841115337
49 63 4171602077068819213
49 64 -4568975606403366365
49 65 2087606971841490886
49 66 -7142348676059332915
49 67 -8044020651500523315
49 68 -7195334599127644262
49 69 49335956443385883
49 70 -415910509686220852
49 71 7451023370931962636
49 72 7534657206839666753
49 73 5456931343410127416
49 74 3298313959522593275
49 75 -3311889621099292830
49 76 -6985870351263782387
49 77 -537363041542277995
49 78 -1391463133186766437
49 79 5227250459498212367
49 80 -7338725494782757776
49 81 -3637626755623942976
49 82 -906627499110537517
49 83 -5217431760700334029
49 84 -6512553556181936511
49 85 -3328561792703666261
49 86 11841316080809858
49 87 2389409817332994012
49 88 2728610169443549362
49 89 -5802312792601666761
49 90 4520426410756647898
49 91 178351626962610990
49 92 -7523654031036155933
49 93 -5430323493999644275
49 94 1583866685207205336
49 95 -1512332383020611140
49 96 -1199335844873625312
49 97 6980452412867294580
49 98 7987526845079219915
49 99 7260370779978259499
49 100 -7348091339029162214
49 101 4357666643361007835
49 102 5265580401302888095
49 103 -5331001957631447046
49 104 -2132743194534444008
49 105 -6852085627830423519
49 106 -7217374792306634066
49 107 8376155778164519514
49 108 -8740094942058970244
49 109 -3608754156895269518
49 110 -6431195399239684844
49 111 8638964599310230277
49 112 4092324115873531499
49 113 4899183643458661350
49 114 -3428440223925878940
49 115 -3008454428602935233
49 116 -8763187838924615331
49 117 -1644779179649369735
49 118 -7346914453127772251
49 119 4633949574345392713
49 120 -5096764112508496930
49 121 7709929974299926812
49 122 5394067964798443880
49 123 1922547176565373229
49 124 8877447799733270509
49 125 -3717308470141146910
49 126 -5070888958406648991
49 127 -7456615030708167176
49 128 -919825508042911485
49 129 939971969522164767
49 130 7399958798201040983
49 131 -3965267661849506935
49 132 -5235016418793006025
49 133 -6212725316877099934
49 134 -2661032222551199757
49 135 132325863365214062
49 136 -9024251599923576213
49 137 7353000126531576668
49 138 7398900998198875011
49 139 -7618080257823289173
49 140 3144315158932761368
49 141 -1921173051698644109
49 142 -4256282608982833400
49 143 -2040152612814481756
49 144 -7964908202500463117
49 145 547947936475163601
49 146 -2622917099882097536
49 147 -7377958668611217788
49 148 -7103393785760854518
49 149 -2830866578521751463
49 150 2343889001196303173
49 151 -5656124498083074130
49 152 1994405848739604263
49 153 1539200769140853914
49 154 -1342429236186607963
49 155 6635491241610609332
49 156 -4229796263441083380
49 157 5567202150064738843
49 158 5525614629978712742
49 159 1712199564641930619
49 160 -7561215755626432568
49 161 1064542263741971734
49 162 5615865204921626066
49 163 3437070946174341471
49 164 -4326683246396357936
49 165 4667901127164633158
49 166 -4279084363951011999
49 167 -5798200415961926259
49 168 5697989762618207030
49 169 -4756365105630099756
49 170 -930371638366633759
49 171 3676207488508769675
49 172 -1143694630185864415
49 173 180485586555614912
49 174 -3671945801450540879
49 175 8300299996873703521
49 176 6181586397269079899
49 177 -6520882374826313221
49 178 1558364195805789102
49 179 213090701987989848
49 180 -4465214055758074192
49 181 -3477018724058325883
49 182 -2666607982590652713
49 183 -2382277785336186369
49 184 5036906280491687530
49 185 7953894480704111158
49 186 -1278346055450396253
49 187 4483543760046497426
49 188 -7261450510631418588
49 189 -8937209364716249162
49 190 -638702341832154863
49 191 3345090055784609975
49 192 -5219943160025906654
49 193 8670756708670202070
49 194 358911143114449324
49 195 7039131772407962343
49 196 1944197191316139023
49 197 -1504938667154387740
49 198 7095226959417898652
49 199 3615680333123804098
Tempo de execução: 0.00435654 segundos
