200 200
125 0 767068101404094436
125 1 4728685162432600311
125 2 1758833784948738330
125 3 -9071688093738805264
125 4 1362449949693016196
125 5 6884434764912157226
125 6 419384678173018078
125 7 -2588425406291757042
125 8 2713218133114276377
125 9 4975218448517879194
125 10 4653633819332871486
125 11 2362370464912607626
125 12 7496886933617470111
125 13 -6493986416484200568
125 14 3019108692719966170
125 15 7524021947280901903
125 16 -5049796670521941610
125 17 -7930606901825309416
125 18 -3031840775508201074
125 19 8148034306071013537
125 20 855118591029140572
125 21 -4694371635203234622
125 22 5560829724634158382
125 23 -5604708676653298309
125 24 4424196152438695679
125 25 -8167820251808432822
125 26 2532577403055397815
125 27 -8155662732744961246
125 28 -6231080902297261324
125 29 2682620381190209922
125 30 3453070485002120868
125 31 -4662831376585859839
125 32 2359328124597908238
125 33 3644460583714495753
125 34 9157406431222480676
125 35 -5509400401398742570
125 36 -6119151061418249204
125 37 -8785738512446714484
125 38 -1158616495387962455
125 39 -4367995143958875204
125 40 1818591112087734763
125 41 9221671452109789181
125 42 3663984020465415525
125 43 184250955971873728
125 44 4695451152840691162
125 45 -2008223202817709476
125 46 -4649149063942675064
125 47 -3224383050568957781
125 48 7377682422529917728
125 49 2909951420905370640
125 50 3987978419820220304
125 51 -1543058060214574718
125 52 7789557939928955563
125 53 -4182568072915640646
125 54 6651017985511543878
125 55 5267162476333547906
125 56 -7931238085329973587
125 57 -1937527941432321153
125 58 -7165902432755782265
125 59 2024420275556756153
125 60 -4504493158827000275
125 61 -4696548086107516508
125 62 4324368025520932818
125 63 2479389408170530566
125 64 -1882803542610269989
125 65 899145817322078795
125 66 5521182715161938684
125 67 -3162852371889030033
125 68 -3593431879147853672
125 69 -8998476859425114030
125 70 -8658383823916552193
125 71 -8238835978084209535
125 72 -7796154529765327785
125 73 -1542361520790290184
125 74 5554108944162825337
125 75 -2024209603630701896
125 76 5201603283348523080
125 77 -416216313512714339
125 78 -5365377848386414004
125 79 5580722899735795440
125 80 -9145187161295847824
125 81 -7409208481787664222
125 82 6276108568877710567
125 83 4913663456206182696
125 84 8409449011133883099
125 85 657222308035522863
125 86 3621041902708439097
125 87 -5626505209087464149
125 88 3771242619028881507
125 89 5191100235806544032
125 90 -4461563897781946098
125 91 -5989925140793842696
125 92 265508911312113008
125 93 3951326530950005366
125 94 -4098064768279767888
125 95 6891952227160804378
125 96 6790109728465425485
125 97 -2655466000076967019
125 98 8172450709816041592
125 99 -4773989964412699723
125 100 -3290652964687303975
125 101 -516214356232229907
125 102 1704511025538482157
125 103 -6607226137993995753
125 104 7134141508873152821
125 105 -6721376512880287762
125 106 -6519406709106996228
125 107 -6900472632355864839
125 108 -1785864878219206391
125 109 600135401451867611
125 110 -8104463973413652266
125 111 5995825634422070627
125 112 -2544597994994576119
125 113 -168755753577402351
125 114 4235987229512315544
125 115 1822178514681483266
125 116 6384956848999881717
125 117 7851756248508163083
125 118 4225038651407041336
125 119 2110319537004557455
125 120 7012475676626948757
125 121 -8779846120486769333
125 122 -5601018634690498774
125 123 5285292851319750777
125 124 -5059388641285496295
125 125 6936868634817819793
125 126 -251823890996789377
125 127 -1974782845693489882
125 128 6664044328602955499
125 129 3616065614618178807
125 130 8108197851744730926
125 131 7648373351119324627
125 132 -6962919126168216505
125 133 7504795200433061475
125 134 -6134089371865178020
125 135 1787934626759404188
125 136 -4003255714311388194
125 137 -2278230964183571755
125 138 2166277883417266125
125 139 -2548962192502389015
125 140 4352754033152108791
125 141 7139620190335499003
125 142 -4525747009476262152
125 143 2452391322764510327
125 144 -4746358128226465193
125 145 278306436722858843
125 146 -4400548245899133530
125 147 -775868273614406322
125 148 -8394577470152464780
125 149 -5586317883682675844
125 150 -5563228453398531160
125 151 2222602032528169612
125 152 -8411116761840345069
125 153 685605541717361558
125 154 5898994114084267194
125 155 8898953680921353486
125 156 1325954141945778451
125 157 -7525261957619666735
125 158 -9056240906684693394
125 159 4468735373645175104
125 160 -5900024099622894057
125 161 -8153740589965338176
125 162 7113326452121939603
125 163 -3059322839302721150
125 164 -6930373613731050174
125 165 -2742949335157923835
125 166 -4014668261882825117
125 167 1946445401407242060
125 168 -3033324261756491846
125 169 -5000968580063499915
125 170 -1072526073472372877
125 171 7392390274599974520
125 172 -8936974789734546836
125 173 -3011682876401077375
125 174 -3842563628037714936
125 175 3298041281810836335
125 176 -4426869603091932420
125 177 -8525008131470737185
125 178 2869927891174017293
125 179 -7436794923590634061
125 180 352930722083896314
125 181 -1882596530653906370
125 182 3828088281560538207
125 183 3840707165767549937
125 184 -640358790895775561
125 185 7392098979953945406
125 186 1454405250745910663
125 187 2788670273334657565
125 188 2775053735935769222
125 189 -128786152306735496
125 190 4182888567837179248
125 191 817486581271531899
125 192 -4367877101132396281
125 193 -5285029973639723000
125 194 -1023876264636387115
125 195 2377794628697180728
125 196 -7928809354122064844
125 197 -5689028419756377496
125 198 3718665714770505585
125 199 1612130086487875799
126 0 -2053079399458715895
126 1 2270239944836638661
126 2 5182047907924286223
126 3 -5374347016016463245
126 4 -8227977283556697133
126 5 7736749831074735984
126 6 -4190093936239677180
126 7 1820650397914313757
126 8 4040796677449872808
126 9 7411010656979216326
126 10 -1534683329100294130
126 11 3219856477475657424
126 12 -8099992197675284705
126 13 7411023191858953374
126 14 6789468995676490815
126 15 615463049496388139
126 16 -7583855728465338112
126 17 -1612819554262594805
126 18 -1955113779539328620
126 19 7601568112411018331
126 20 -4779221152697412139
126 21 8640989719258123391
126 22 -7699776564874136732
126 23 4828678341366084773
126 24 -3428687887933396607
126 25 8456726017009452184
126 26 681818974825608359
126 27 -1979884113083686060
126 28 -7430978890872794886
126 29 -3675763622281360767
126 30 5488098812417012387
126 31 -6721850901657833483
126 32 -7422599304720937657
126 33 4699080666434105065
126 34 1710102633848407902
126 35 8834616731845270762
126 36 -2645411896126241850
126 37 -4382055168953832742
126 38 8567919689404562635
126 39 -6591439952717307985
126 40 1547740927765686501
126 41 -1593708189807507561
126 42 3484361271807456711
126 43 -8455291690672345109
126 44 1912523828171652432
126 45 6332736255690269301
126 46 6625579769227789890
126 47 -4097851120120769885
126 48 -6260732365224742576
126 49 2145921196024969181
126 50 7810756102158942511
126 51 -107270787383487851
126 52 -4356218231259770289
126 53 889069767766657833
126 54 4728353015229836178
126 55 -9081942365597155699
126 56 -2832718291799071612
126 57 -4543804949964462054
126 58 3356279283571376191
126 59 8579557690250780298
126 60 1807780047051144508
126 61 9194496998596395862
126 62 -7448585284884916862
126 63 8343420388880673542
126 64 -3121704189694471368
126 65 7847490043964187881
126 66 -8898802782742697673
126 67 -8806888242515597213
126 68 -346938505197707208
126 69 3327342899446112929
126 70 -4785191697804776738
126 71 -4090559388493668846
126 72 -228660779344995284
126 73 3228663657598932939
126 74 -2297739220079990414
126 75 7486661073125671809
126 76 -379930568283499996
126 77 3222790363543307812
126 78 5480998827672461511
126 79 4908146684246504813
126 80 5852122076679555107
126 81 -8116871934530945131
126 82 -1066495613462344781
126 83 6861633036035593045
126 84 7108274910028543545
126 85 7720802403289778500
126 86 6451908984593373254
126 87 -7676951516966010526
126 88 5297092486844297680
126 89 -4121107028169355040
126 90 -4647895716620836678
126 91 2320275736443385315
126 92 -1955554577291458976
126 93 -8902445389945166869
126 94 -5563459462178966482
126 95 1990492148326744018
126 96 -6935086802905164468
126 97 -4135356605670737409
126 98 5502374334539327851
126 99 7473135176073973591
126 100 7807005686766537397
126 101 -2816770305447266750
126 102 -4056823484171026125
126 103 978369156126813400
126 104 5101636164657807907
126 105 545437004552637380
126 106 7103025364767307961
126 107 -5325538745687911490
126 108 -985961390490957088
126 109 7471646027804924725
126 110 3556122635241830850
126 111 -9211243238219717890
126 112 7337334004684993351
126 113 4407526420518852467
126 114 -7720506195207146495
126 115 -2205754706268109967
126 116 -6354504575421712649
126 117 -3637053824081565852
126 118 4717344122965151015
126 119 7234802437619644782
126 120 9052226542221251764
126 121 -6710598799048343607
126 122 -7912249351240992805
126 123 3706299841558696172
126 124 365449408824550278
126 125 8509126105255841210
126 126 -5047452942803160999
126 127 9177205279092836069
126 128 5660123043574480100
126 129 4735444833734582492
126 130 602882649743042175
126 131 -6913575334769349735
126 132 -535847176795550273
126 133 4898544190460645972
126 134 -7677937019945717852
126 135 -3887351903628732000
126 136 4823031136716187628
126 137 7979495001843258832
126 138 -7758553711811191076
126 139 851633311765781263
126 140 -4652908022617171314
126 141 6116770264678937284
126 142 7197267656958917339
126 143 3006920217532745911
126 144 -6169114871815290948
126 145 -2279022648544187549
126 146 -8795904217446936621
126 147 8799529338872575927
126 148 8510047883158280266
126 149 -8610509864203134599
126 150 7466186318971063964
126 151 -5499543869093026044
126 152 696372173812126558
126 153 -7086538540876569891
126 154 -4669277934073928746
126 155 8169120420358858031
126 156 208697695691009866
126 157 -17510363100561082
126 158 -5348821432013107152
126 159 5815349893954111016
126 160 -4859204499700398076
126 161 -7239615919316227793
126 162 1605625969473469334
126 163 -3277490286395216633
126 164 -1120426081402337187
126 165 4586506789258753386
126 166 -6801465502947577692
126 167 4184081422399023340
126 168 -8460156748487926979
126 169 1763300625456901361
126 170 -5173693547153630939
126 171 -235728311675984410
126 172 -5553733819368545996
126 173 -3333966341341987842
126 174 8530963622754910187
126 175 -4276546081530544897
126 176 200477406349974275
126 177 -5203031253197761651
126 178 490138650193887910
126 179 -5149368954228365216
126 180 -5229122410437194943
126 181 7832587293232078742
126 182 -7885947976258820924
126 183 -7884701874815474810
126 184 -9012458786330972210
126 185 -3035404840111737430
126 186 3410095151199906929
126 187 -6480709414783990204
126 188 -6216361333545113353
126 189 -2298817881988231483
126 190 -2294097046151442907
126 191 4934612476000511914
126 192 -3873862609418134289
126 193 3385816664131437648
126 194 -3993834829513922477
126 195 4427091724177533151
126 196 -8788180181349915364
126 197 3610117818539425934
126 198 6926309867910639518
126 199 6295435182099666844
127 0 -4657529762315499997
127 1 1102433140206895046
127 2 -1232596308862538925
127 3 -2473638727139583868
127 4 -1603138355405955884
127 5 2140780163477645412
127 6 -7486321684309127506
127 7 1791504551876248589
127 8 -6129556854406192459
127 9 8699282721121085895
127 10 3584260190493320024
127 11 -7429124257419499755
127 12 -874800171516208104
127 13 9145584640893788997
127 14 9144220541979713161
127 15 7315406241394795761
127 16 2828750621011766725
127 17 -5383577420158483444
127 18 -967616637308480185
127 19 -5668823970225698399
127 20 -4887688955835153286
127 21 -6898747050653765942
127 22 6540785566496183899
127 23 -2525153353371448875
127 24 -9142125108289858179
127 25 5229233700579751621
127 26 -7044516676455901374
127 27 -3648061460748772051
127 28 -5865069537791200068
127 29 -612569423735377886
127 30 7890349544254216120
127 31 -7650604351812975480
127 32 -948091615596404053
127 33 -1224406210217441423
127 34 2173586865157966804
127 35 7663572603443892713
127 36 1156460571204780369
127 37 9014920913566840783
127 38 -9098357269816026827
127 39 -2314873891335821063
127 40 4157700322115914453
127 41 -636548703696278607
127 42 -5046210177543578055
127 43 3923211371767127350
127 44 1896698881779416722
127 45 -4385876697588506742
127 46 6443719998530541056
127 47 -1576693940133785978
127 48 -5955745332347562311
127 49 926078276766747061
127 50 8461233562365371573
127 51 5731104863102218119
127 52 -1328946608775909434
127 53 2598330137899339563
127 54 -4543897242091422886
127 55 -8448949788375099676
127 56 8365557593609514696
127 57 6714122033775427445
127 58 -5280417633423461813
127 59 -4429208169470495062
127 60 -7438539885364427428
127 61 -5395849245363437163
127 62 -7967519334340596206
127 63 2992764613664797307
127 64 8182164134320992266
127 65 34238765232142581
127 66 -723580556782214351
127 67 -5604981181975294812
127 68 7135115899536110234
127 69 8100998170150819908
127 70 -1407106465466552371
127 71 1894387039307043871
127 72 -1318597548878335310
127 73 6455206184501531560
127 74 -7387656360215591362
127 75 -6134390732392029394
127 76 9119380166279518418
127 77 3841451634021182038
127 78 -5498817966662805040
127 79 7447475439346346493
127 80 -6176855856008394394
127 81 -3685545970970654839
127 82 8064277340545086405
127 83 -7821945383458436204
127 84 5450215393746802834
127 85 571474111410097620
127 86 4372835899203839591
127 87 1747102024555406954
127 88 3842257625113992135
127 89 2381892836436575056
127 90 5954502788786942445
127 91 -1583826161012884737
127 92 -6160404278131899023
127 93 5291704184016926813
127 94 685476647406768306
127 95 -2976748002512333428
127 96 2397437412099340732
127 97 8617088095222146145
127 98 3299098550874462548
127 99 5454668114223599335
127 100 860206864413704454
127 101 -6549379941812671930
127 102 3239839728955921999
127 103 -3823563038223322293
127 104 -3623534803975997698
127 105 7115043142373397989
127 106 2143591618164499954
127 107 -5572198224105239507
127 108 8047652284654342662
127 109 4778793776145457103
127 110 3684922852278170646
127 111 -4377773892728810641
127 112 -3042437743674448021
127 113 4806402419920059658
127 114 7508335767941645786
127 115 -5568669422826049922
127 116 -6473744789853896006
127 117 -388916725880755436
127 118 -5420897386458639772
127 119 -5170621424398078459
127 120 -5934226642994789579
127 121 -1760566291678857641
127 122 5627200468966198721
127 123 9067714272954436930
127 124 3526285952570098858
127 125 -3539421639925530485
127 126 -7257878820953386604
127 127 -4698263841213500394
127 128 7107810228422493278
127 129 5664549778415600878
127 130 -3040977799383994608
127 131 -6552791978656632354
127 132 -5008295852923979490
127 133 -7838990248795151913
127 134 -402878567415121630
127 135 -7724927458000115014
127 136 8373907613160827785
127 137 -7701103370095667101
127 138 8312050733809533418
127 139 -8120578800044089470
127 140 2579284512524554377
127 141 7184983169525271799
127 142 330177672069939976
127 143 -7416925675371901970
127 144 2052470344816596039
127 145 -982938354708889337
127 146 8253767138186026124
127 147 -4137634434263774294
127 148 261879972649585395
127 149 8766762393116213516
127 150 -726188728009273440
127 151 -5774115220999963150
127 152 3004111485737226703
127 153 -33644013628402489
127 154 -7596318514812408399
127 155 4563375485580408627
127 156 -5842659517448292179
127 157 -4376543387129112139
127 158 -4605627077869577399
127 159 58764624283160697
127 160 -4816437718842183980
127 161 -6821106876063751736
127 162 5380805569130488210
127 163 6097612465628643190
127 164 -7974417613130120606
127 165 3947842628363406661
127 166 -5183919995003336608
127 167 -5294795173270573269
127 168 6359099130048039951
127 169 -459521799340760441
127 170 717793682306294118
127 171 7272343686740137288
127 172 -8481243674304458499
127 173 -265134034989892786
127 174 -8742633434149791283
127 175 675171329780739333
127 176 -7160796864442501418
127 177 -8267784543364216225
127 178 -458581774945291468
127 179 1065135404835354995
127 180 -2677056726012390361
127 181 -3287123045340918296
127 182 -4838686148261146488
127 183 3936867496046686722
127 184 462685354476777616
127 185 7446687546388987696
127 186 5568172228069177984
127 187 -3790274426493713457
127 188 -870214547562755861
127 189 -4178296004094532811
127 190 7348458648600700048
127 191 1886285899895639689
127 192 6095717417628508328
127 193 -275446316140160040
127 194 -8521461868006078405
127 195 -8713497618511556680
127 196 -8165925323296109123
127 197 -5649795460054066099
127 198 3081039708294974346
127 199 -437381435375022767
128 0 4112737719846770351
128 1 8068196337900471479
128 2 5714274869848640764
128 3 -1695199315158527402
128 4 -1516362662988016893
128 5 -8040880602378295973
128 6 4656498060281075143
128 7 -1102031334092967523
128 8 8380367454006480021
128 9 -6713320044588827051
128 10 -3726735501523405069
128 11 -8547397850691961670
128 12 6752767962560026
128 13 5764056442004906995
128 14 -802181778352772239
128 15 8006110175344021165
128 16 -7511542740775496783
128 17 2361091363355127807
128 18 5286817074213866451
128 19 -1499880632560893624
128 20 8726330567008918062
128 21 -6717865069323199416
128 22 -2847648542213477740
128 23 -8533671342771147893
128 24 4775273451423038023
128 25 -6396951226853166970
128 26 -5408280036059645794
128 27 -6606121863928425459
128 28 -7732991950507497344
128 29 3054597153845621988
128 30 -7470158974263287212
128 31 -2476745601874097748
128 32 -3477405524549986651
128 33 5524452038491908576
128 34 -8017661894734697551
128 35 2151253111912773221
128 36 4524211210775825223
128 37 -9158308076294583391
128 38 -6243639563457084006
128 39 -1990792688316982145
128 40 2746477776323488488
128 41 -2525551709787605338
128 42 -3061495355522829909
128 43 4824513795152491611
128 44 2408551263589242964
128 45 -7416278391462694375
128 46 4384088264792993491
128 47 447833912136693617
128 48 5862624323152902365
128 49 -937889753618999489
128 50 -4831405760949369833
128 51 7599257952837045433
128 52 -8508779080184498810
128 53 -4332485953792701447
128 54 -7988764237936239109
128 55 7088934194582613326
128 56 -909837512182068295
128 57 -761384872662506977
128 58 -7619815028969930565
128 59 1690847782496578770
128 60 4144045502273485142
128 61 -2106170688474111825
128 62 -4164312214535623381
128 63 -915770716810690888
128 64 -1820963045605863083
128 65 -8467688890639628108
128 66 8211975150317556613
128 67 1815840929515470719
128 68 -6862797677097632481
128 69 -2074496469801895626
128 70 5684604308545620269
128 71 5576569354572387380
128 72 -3225346892450190606
128 73 -7376645264881491113
128 74 -5126272997846269788
128 75 6443662584418818278
128 76 5298678095267790814
128 77 4016847770872329373
128 78 8307418362125051579
128 79 9129048707155974494
128 80 7349692675854722299
128 81 6530678021587839627
128 82 -2253528463532279925
128 83 4869533860452210484
128 84 -8221884361438514349
128 85 -242908884795464143
128 86 -8553892017742361469
128 87 1111105042127990101
128 88 -2715925554642219896
128 89 -5451434605454998973
128 90 -6103180458659582802
128 91 308491390734360197
128 92 5009924235530201415
128 93 -6840895957767693107
128 94 4477687213001122120
128 95 5948142667625500081
128 96 -5566164746509386978
128 97 -2421092295397423625
128 98 865332336763361649
128 99 -5102299022248555249
128 100 -2409386854145419577
128 101 5587638154839838700
128 102 3147120987744335314
128 103 2353801230516292805
128 104 -7504747970829938
128 105 -4709322936454450111
128 106 4328212060411147009
128 107 -5851263595565260086
128 108 -1076921537357304039
128 109 -5038174600373579098
128 110 -481497962241551449
128 111 -5469241605347022799
128 112 7749575398039608045
128 113 436670468183128786
128 114 -6814538455790966568
128 115 6614099991142079427
128 116 3503791599998518051
128 117 -4500370755589345095
128 118 6936506380543815616
128 119 6970996946164873052
128 120 102823039008021028
128 121 -4245256824961308487
128 122 -3868274097300890159
128 123 -7075437972070599501
128 124 -6121704968974784844
128 125 6951153373027394211
128 126 9079380642442886463
128 127 -607057808311735344
128 128 -3713190207193064558
128 129 -7995302189407318439
128 130 -3782980945036613348
128 131 1147625372597217862
128 132 -2056963182604878335
128 133 4856438558962369564
128 134 8705091093521083744
128 135 -653215243678489374
128 136 3061508142098327618
128 137 -7912912126298107618
128 138 -2625558831087688594
128 139 5676796821420236560
128 140 -2621690357233584818
128 141 -8631370262133246138
128 142 -3200637113726235400
128 143 -4060825157862798491
128 144 1215128832782145317
128 145 8758321424580855699
128 146 -9051762051646256724
128 147 -1435811182685546592
128 148 433537650296867499
128 149 8230212376494588433
128 150 3056140440297517313
128 151 -6951296134306618651
128 152 -9222284374439630102
128 153 3040598181574021215
128 154 -8028757921158900166
128 155 7059144060666106844
128 156 -3887079285321333914
128 157 -1819644410988996922
128 158 -8260047111485792006
128 159 -3932295758929659879
128 160 -6724151589798659291
128 161 4881427861377917207
128 162 -3708033425147989017
128 163 -6641815648396309528
128 164 -7987559459486129763
128 165 -162995251583838873
128 166 -7183112944933798548
128 167 1048018596436831036
128 168 8003799242190417691
128 169 -6040740131095938933
128 170 -2798850901468888109
128 171 -8098583055785490817
128 172 -892421608100883885
128 173 1325409744563305750
128 174 -4301680029866103990
128 175 -3249760066734432472
128 176 -980625799123971855
128 177 430163248406598956
128 178 -5736592638270829316
128 179 6533992730760666052
128 180 -8787174031356700672
128 181 -2367114881905672889
128 182 -1594806970500860077
128 183 515886832207190772
128 184 -7484878914403866127
128 185 7555385521198380194
128 186 2321820597295655701
128 187 312423834505042451
128 188 -7789882073580987930
128 189 -829437175874497605
128 190 2112531324625977434
128 191 -7021457416589382695
128 192 -6241273195158954475
128 193 -554230223092384907
128 194 -76827178200054176
128 195 -6947020772050401955
128 196 7002885895442505457
128 197 424294062229924008
128 198 1929632130733164206
128 199 -6373611040630663602
129 0 -5418797623870169309
129 1 -3008452058139917998
129 2 -1218600650951139935
129 3 -1242460083996965521
129 4 497119396814166615
129 5 -5577122342030274907
129 6 980580633828555077
129 7 3165744063976307017
129 8 1192375157147294996
129 9 -4979405129563712919
129 10 -8413277205515143723
129 11 8941064164101073656
129 12 8853097850012603567
129 13 -6613613596466584486
129 14 -1243458269346300178
129 15 -6585724240321906756
129 16 -5069518604795056786
129 17 8052462096147710958
129 18 -7347975285936301809
129 19 -2938369357605969415
129 20 -4973901748624138319
129 21 3875248711509219784
129 22 -2892625361055943898
129 23 5375127625493649928
129 24 -1144629246437380254
129 25 7909228339487813746
129 26 -1016774178509914901
129 27 -7013267622764506829
129 28 -8573425122475634432
129 29 8341814942764632440
129 30 -5150733753554931352
129 31 4250465400918560777
129 32 5199465492488363079
129 33 -3843082812145592061
129 34 7533100385530790286
129 35 2524383679508280755
129 36 -1249549365521054009
129 37 138649330850857206
129 38 5249628472818982747
129 39 431382745333073784
129 40 5344273332805932859
129 41 -6475979888731879020
129 42 7903444427517071129
129 43 7423060601002819069
129 44 -3987922413435412655
129 45 988681790489848519
129 46 -6049843046291561489
129 47 7957711713888121417
129 48 -4113825342317441206
129 49 2078024517488034207
129 50 -1428900668113780601
129 51 5500785817121070431
129 52 -2549632335024236344
129 53 3195500796303840173
129 54 1223630705598377392
129 55 5003391248525459848
129 56 -2647053688914617816
129 57 -5117365982428204785
129 58 8074092511011974480
129 59 2050373997585805024
129 60 7742207307178451146
129 61 -4448999345812234556
129 62 -6704578927236840688
129 63 3632805896549622424
129 64 -5296008168427758455
129 65 3834519901859245898
129 66 4304335119545173668
129 67 2966380481739086083
129 68 7799151824696541272
129 69 5545002828175549759
129 70 1900201108372793926
129 71 -3050345111410909474
129 72 -5788241036119751984
129 73 -2667408668456508791
129 74 -2082989422021387719
129 75 8383357012425516088
129 76 3285884314551458329
129 77 -6315760681734229175
129 78 8832816047965260137
129 79 3743605948927365020
129 80 -5681319755733904813
129 81 -8140350459371241782
129 82 -8729170405710132421
129 83 -6782679136939334757
129 84 -2003587483551066997
129 85 -2989461963581302097
129 86 -7959380975741811880
129 87 -4078019450357360587
129 88 -493415750399967687
129 89 -4881126342792865324
129 90 -6935262372669071748
129 91 828436506628072442
129 92 -909030328986553151
129 93 -6373018322316636922
129 94 -3925951203589726185
129 95 3679043123286046348
129 96 1660741967777664443
129 97 -6188607330251025404
129 98 8234837054006405298
129 99 8019147725333205294
129 100 695800070647224282
129 101 -7641677789419704717
129 102 -3040128484313314058
129 103 -2613284069848962651
129 104 3935017637269082556
129 105 -808705710114819115
129 106 107181785776005361
129 107 -353493507752728901
129 108 7312653328731687478
129 109 -4505892106441473357
129 110 -6652948764848758125
129 111 -3983956536401710825
129 112 5441851636849836323
129 113 3880926619009519953
129 114 4672526619740138823
129 115 -851039043953560351
129 116 3762232824982432101
129 117 -7743070287546196404
129 118 -8321458473404600614
129 119 -3005033936560212825
129 120 -4702156123078364628
129 121 8882671565260642139
129 122 -3903892452429043852
129 123 8686602802420320769
129 124 -2209313609391278122
129 125 7455868291814862518
129 126 853189357127256855
129 127 2309699194273037593
129 128 4317893722474921788
129 129 6252279594374662224
129 130 4486961629250719581
129 131 -5763265085381022857
129 132 -4000432353320560872
129 133 -6721362779247375629
129 134 914599063906599919
129 135 -2921165685696076819
129 136 -7189326196336785750
129 137 3757550113030532706
129 138 6872047371983848400
129 139 -6339112202817764191
129 140 3577723852167502430
129 141 -2098216090782330497
129 142 -8602785982069186621
129 143 -9223233938499112688
129 144 -2082518856262724788
129 145 -3595631438666858772
129 146 -4331808318892435876
129 147 5461025791052168443
129 148 -4634806417436496405
129 149 -9011493939780651547
129 150 8307797316849269556
129 151 3926915351858493685
129 152 8597711622964707196
129 153 -2482814766732049271
129 154 -5856768715296364564
129 155 -6436160124520961446
129 156 4484945464540720072
129 157 6070547088440290686
129 158 96205520703732276
129 159 2729101253432132907
129 160 6393020767818117345
129 161 1261057013033227966
129 162 955283226067716291
129 163 -7261349847272567318
129 164 9050349159420059504
129 165 7896960292231129158
129 166 5442207120826187884
129 167 -161293409603998306
129 168 -1937715657306457208
129 169 -346075994695376842
129 170 -4769223077300554075
129 171 -8438718598132234093
129 172 2112194134655496582
129 173 -6794227625949967268
129 174 -4595479174533490045
129 175 -418874013717065143
129 176 -8578761037668495003
129 177 -6934051273701500155
129 178 9034810860608823056
129 179 4049131403253379774
129 180 -955603081702730276
129 181 3297055937873561883
129 182 5796227579594279790
129 183 9011673416431159619
129 184 -4060574508549086196
129 185 1867461253301089701
129 186 5419021605676048883
129 187 4924472665719026268
129 188 -1262046665312396856
129 189 2906395150652808092
129 190 -4674695373259556609
129 191 5897687690423419856
129 192 2296483826933917982
129 193 3589442770903337256
129 194 -3087005393699202850
129 195 7130665467620791676
129 196 4250916598288799046
129 197 -591600284069909623
129 198 2912448913310565593
129 199 5832433210593187326
130 0 -4960232181897463966
130 1 4121773002236830819
130 2 1283971675728610151
130 3 2411152479589285157
130 4 -1138545553442527766
130 5 1212841910990716586
130 6 -4015058510534457072
130 7 -1248901891056041554
130 8 7221555304186367389
130 9 -5021055794847678945
130 10 2536426186736850003
130 11 -8128980601538369264
130 12 -497627060649351564
130 13 -6918691727020342277
130 14 -2162889671058488296
130 15 4572827029630528832
130 16 -4955451460320339223
130 17 8513935179709790837
130 18 2259960973832390368
130 19 -2244177980164855135
130 20 -2629289753297702344
130 21 -6401773726232861964
130 22 -8708515092311062284
130 23 4046683167440169443
130 24 -2802549265549755426
130 25 8083297218502073523
130 26 -6429650419194275326
130 27 9180802431236703354
130 28 6890413840572333716
130 29 1197026124226943792
130 30 -853821578921652629
130 31 225901220928981378
130 32 -6544620351840594201
130 33 2561313911208149593
130 34 5682827766427512680
130 35 204997264125548832
130 36 -8128799305480173519
130 37 6983001117193496022
130 38 -2267408081216522350
130 39 -8886444488486805282
130 40 9086265389057986346
130 41 2709404469104143074
130 42 8119561869802021885
130 43 -8412065818349497043
130 44 5522137480239024883
130 45 6501885984098810851
130 46 -6584030531358191326
130 47 4483502605232553962
130 48 -3844691319998856659
130 49 -1075490436135704129
130 50 5247925038098370960
130 51 846570635516611641
130 52 -4733223676726718445
130 53 4485198144951108792
130 54 -840510271536663618
130 55 6898350188067225021
130 56 7954855634530780595
130 57 -3262319313741604184
130 58 5054075980795491131
130 59 -5117417962587780581
130 60 -998305030168614195
130 61 3571157638118001358
130 62 -3894746769974007257
130 63 7290062335088407175
130 64 -823152584742822117
130 65 5130338432335937447
130 66 -3174299535597182112
130 67 -3877275545382907263
130 68 -171631651519319503
130 69 714972946389541671
130 70 7171138431161931295
130 71 6627992752557363734
130 72 -9034532869254829815
130 73 414766229011549006
130 74 6178522451074769274
130 75 7629034250577309548
130 76 -3757088819129606296
130 77 6976815311806812974
130 78 -6832445014101445780
130 79 -2006565146319419355
130 80 -895126702825924841
130 81 -1438806945494054730
130 82 -671276021081290330
130 83 7982760930219792902
130 84 -401057875892736242
130 85 6787063886947579174
130 86 -2647495584252869677
130 87 -90054356967838944
130 88 6251992914876882977
130 89 262630214691482149
130 90 -2751299032363619955
130 91 -5268852387203518725
130 92 3045179890942059469
130 93 -7256171604377256033
130 94 2566233817529456169
130 95 8459707142541896121
130 96 3057715753348449392
130 97 -2019532229892027572
130 98 -6783206531704115795
130 99 -5902148716985913352
130 100 262353403876716674
130 101 5566378858076108960
130 102 6885866135123474116
130 103 6414141099531430365
130 104 -5202892653684021724
130 105 -9034326422376318122
130 106 938561184077492145
130 107 -6946013646578212873
130 108 -3909375946399003858
130 109 -4622169869716942615
130 110 -2717006076779190022
130 111 3679754589781320596
130 112 1247010819642172753
130 113 -2569229133742141442
130 114 3628722209473417650
130 115 871831255461925534
130 116 -5035125414632386341
130 117 9009691083342048176
130 118 1922606911047996113
130 119 -8907096941430165758
130 120 1573408220494379206
130 121 5085455021126582075
130 122 -240908297928343607
130 123 -8029855215809171755
130 124 3285096843922798615
130 125 -7789667126824626482
130 126 -1179745013900210394
130 127 3350714267336668248
130 128 -6403441303492640215
130 129 -8787007504032658962
130 130 -5851109502545462525
130 131 -3426148387520377817
130 132 -6302919789815928014
130 133 -1220176987440116236
130 134 -6999003095832672871
130 135 7983527036302880535
130 136 -5689262195578806878
130 137 -6662224878180707366
130 138 8540984313219349882
130 139 -3591987475608195449
130 140 5851178319532942087
130 141 -767556040837013314
130 142 5837957641652785903
130 143 -4057887263966767113
130 144 1854267653007061184
130 145 6584874757588985671
130 146 -5700358275787958079
130 147 -9011007703226641089
130 148 6663156695900563720
130 149 5726185826120627441
130 150 14385618677642626
130 151 -8440446089693272473
130 152 836935825822966087
130 153 2683508501202104259
130 154 -8932227872644675076
130 155 -2807240989254154927
130 156 -8656608982459783150
130 157 -7998217142661060690
130 158 7019627836954051676
130 159 -6648633452815650647
130 160 -7072964374435566245
130 161 -8260765334639500991
130 162 5063349348189478738
130 163 3308757763740128905
130 164 -296722375781551456
130 165 1316171946905214529
130 166 9163031223053785614
130 167 7995286976554063845
130 168 -6442792086768954250
130 169 110780735522910092
130 170 -2540123023047843729
130 171 -1958921659648055029
130 172 -3475492734032053938
130 173 -7765080363499785515
130 174 -1674300545753986661
130 175 1318430504018702868
130 176 -6536110384086334325
130 177 -4278645904351633706
130 178 6196634479632434784
130 179 -2831788500412182887
130 180 -5749462942061818198
130 181 -8247830604218019585
130 182 1039464148995629567
130 183 4855373795893021631
130 184 2816857079173645660
130 185 8260664277838719582
130 186 8649461513131668103
130 187 -4684526354728019103
130 188 525035997060613748
130 189 829821042542195572
130 190 3869544090903482164
130 191 8711141057846770520
130 192 -569348071916678862
130 193 -6181405733538894794
130 194 8719308637195997350
130 195 -5675776914203326175
130 196 7662943379942137409
130 197 -431238539212610837
130 198 9149705989339384987
130 199 -113999274679407917
131 0 -4297185504373100250
131 1 -489464989621584950
131 2 -3903978306752617494
131 3 -5616742111789456017
131 4 3959934517096617817
131 5 -1828211168700833878
131 6 6502085687111587143
131 7 -9133494240292103226
131 8 4917784457037349821
131 9 -2048778568491423507
131 10 -5591294351410166957
131 11 1967827985351312426
131 12 7727442129327421803
131 13 2450893783766937798
131 14 -3482156851797276747
131 15 -6361524044203162099
131 16 8307796888979917272
131 17 2255934613336604956
131 18 7693339501136969161
131 19 -8051776629733199196
131 20 5981871035526814498
131 21 -7337251196118840007
131 22 -792416877355607176
131 23 6499315149810559490
131 24 5851209946934914356
131 25 3031569982227915127
131 26 -8959894087225717366
131 27 -8198369437122278007
131 28 -7237508211402908207
131 29 -3106554416073647508
131 30 -9177199391090275521
131 31 8307209120579639775
131 32 5039904940880355490
131 33 3859856791121069270
131 34 312060206650551665
131 35 -7379177327697314211
131 36 -8800466066971793680
131 37 -3024664407203065967
131 38 8842988425398024875
131 39 -1977812933472242074
131 40 -4312996641052206884
131 41 -2171504993812590981
131 42 -3212270535532920270
131 43 -3950673230459564194
131 44 8058495907109289787
131 45 -7174655651395835330
131 46 -5373026064483404728
131 47 9134515278596527644
131 48 -1164498115017645029
131 49 5067866851114426009
131 50 2930486968032119482
131 51 7836831107238801031
131 52 7536750163565143096
131 53 -2501413733295204638
131 54 2000862207152010285
131 55 -7898586462829052387
131 56 -4612017589024984736
131 57 1851810705447724352
131 58 -2754695170249522622
131 59 -5405113083098551472
131 60 -5085826821676679832
131 61 3387748160731591473
131 62 3122929595292662218
131 63 3630807954369692856
131 64 -7420911614294041110
131 65 4526319679786198526
131 66 3402053059520215138
131 67 -5700386691083378037
131 68 5865319661242869828
131 69 1335926528465766949
131 70 6584247179207596309
131 71 9120220241079709863
131 72 -8396948233172373064
131 73 8884625950418124084
131 74 -4222613836517496550
131 75 -2157449423328546876
131 76 -2301958041605752524
131 77 8134475083746648239
131 78 -4358911854281436898
131 79 -340478008576574905
131 80 735516363662615034
131 81 -733176226240174890
131 82 6341344564337526030
131 83 2567907711768793091
131 84 7534339117355777826
131 85 4720040272847546978
131 86 2906152034014337916
131 87 8466363014427559936
131 88 -4499221300241462742
131 89 -8238351319300226890
131 90 4597777241208468117
131 91 -1744411606635845514
131 92 1174561082579970491
131 93 6187205375983595145
131 94 6776841219107257285
131 95 -4290425134964465734
131 96 -3039143190065351788
131 97 1494052035522366416
131 98 4969406956475946057
131 99 -1568536858471142147
131 100 8067853579285473864
131 101 5636631016954558865
131 102 1789024854053133662
131 103 -5263724579668777004
131 104 8682853628785654325
131 105 -2275929400296026880
131 106 256918490369254556
131 107 -539877195685914824
131 108 5191519821811012338
131 109 6042910264433186813
131 110 5800205957713404414
131 111 -1585024023411547149
131 112 7705826590307442173
131 113 1993117020892228354
131 114 5694561378236766349
131 115 -1648258580126258059
131 116 -715483371957703691
131 117 7851619968751201885
131 118 -8831773481847187591
131 119 -5419568501262909226
131 120 1538577947534664244
131 121 632107730201227214
131 122 -5681571324221530894
131 123 6359776707130378302
131 124 4598943194655436764
131 125 -233593433334434061
131 126 987432703976054154
131 127 7174791748763920739
131 128 -2363252109808922714
131 129 -2082635338465662972
131 130 -6888529399462908278
131 131 -2730463704464916302
131 132 3389411513463103172
131 133 2739104162183765372
131 134 -4898048235929891717
131 135 7072069371489017995
131 136 -5975539398593539415
131 137 -3597981227030420110
131 138 3385734201448413801
131 139 -4274424268324605946
131 140 -2718684317802683364
131 141 4909914196796204045
131 142 -1866102012003834465
131 143 123335682304205255
131 144 5886063437399610530
131 145 -3527452005771513590
131 146 -3383919432652752738
131 147 -5306175155383272466
131 148 -1935857075794309648
131 149 6465396355046358855
131 150 -3425994736406127237
131 151 4157384453782921236
131 152 -717948999353839427
131 153 -3112902226113786204
131 154 -5684901887219027595
131 155 -166688231476023000
131 156 6286721997276619145
131 157 7243223615786973639
131 158 7661480751366590023
131 159 -3518469152905473437
131 160 8114690418508118814
131 161 -7114374374680875725
131 162 4609568036475957668
131 163 678829305110245442
131 164 -3484456857050455507
131 165 4220547498860329622
131 166 6910814253877704876
131 167 6137701105883388061
131 168 3230148226398116645
131 169 1208419580169930810
131 170 7112285020204082130
131 171 2563367075292992325
131 172 6577745226424867447
131 173 -8179284344626437161
131 174 3614378167189138670
131 175 7780312258780895798
131 176 -1591856631327709468
131 177 -8535366530498515141
131 178 5044329724521840875
131 179 -5047170193578849797
131 180 4984490848407473641
131 181 2823149406123201663
131 182 2314882756989824156
131 183 1163953450839343265
131 184 -4955768870892077924
131 185 -7832782069360770794
131 186 -2093589442208078175
131 187 -2067668702759700546
131 188 1368117608597777906
131 189 -6672780351802106295
131 190 -3732748862789357138
131 191 3964470070086388236
131 192 -4400750278887782812
131 193 -388999302080346881
131 194 -8608621340031015166
131 195 7025449262433777922
131 196 6919750456406660893
131 197 -4088016476628728662
131 198 4652618497263022534
131 199 -8030958894789345366
132 0 -921248452658045187
132 1 -7642737925542449971
132 2 4159193220403155392
132 3 -5073539014618768737
132 4 1009698684456207622
132 5 -2795966837545798840
132 6 -1666204006108788326
132 7 -7031720940945652357
132 8 -5928826581071026987
132 9 -9005298474026218613
132 10 -2533425358781299249
132 11 -4359320437978450636
132 12 -2969677974203131613
132 13 -5085604930608302339
132 14 209508414055642475
132 15 -6333239213376807357
132 16 777670624660812303
132 17 -6723185378585018628
132 18 -7368459548637556551
132 19 -6085397306998530160
132 20 -19212835865307375
132 21 -326404123489541108
132 22 -1709279706770811193
132 23 3337057721105547413
132 24 2558844205595677690
132 25 1910971070106112436
132 26 -4061057318527661486
132 27 -2866646670540763980
132 28 -2301240366718414098
132 29 8524106118015589665
132 30 5214065231320866375
132 31 -5445659112019045812
132 32 6580633805164107672
132 33 4810468388467433987
132 34 -4812257706671707655
132 35 6283537757080198967
132 36 1881926218458042062
132 37 -2776215402290611256
132 38 -9073601182353828056
132 39 2056666033570743922
132 40 8874709471990290846
132 41 -990954231440733105
132 42 1151314483806398942
132 43 889361354259631236
132 44 1605406024763612808
132 45 -3903481413568056572
132 46 4591111439341708277
132 47 -3214638247832922165
132 48 -673630544391767658
132 49 -1967344902019474745
132 50 -8361871306252593904
132 51 -549058397808467334
132 52 4843811854636230521
132 53 4091002303178345016
132 54 2516180303578385114
132 55 -1864614507933785014
132 56 -6537248051551186667
132 57 9010502654390939683
132 58 -2404003768565609979
132 59 -1460059687507489307
132 60 -1800704824246372307
132 61 -7787285014365919099
132 62 -6909956570979823545
132 63 8175644979196600234
132 64 4474611064792930043
132 65 -7596407150296255848
132 66 -6436738007139700217
132 67 -3665498915181445209
132 68 -8233400563436854852
132 69 -6388703497726182132
132 70 2669000240169120330
132 71 -6929705634236675839
132 72 89843221262015384
132 73 -507538886433416819
132 74 4709694975409046353
132 75 1753478091769908802
132 76 2710292725862283851
132 77 -638256358704320603
132 78 -8881366734166604688
132 79 2568133721153891373
132 80 1959088496103321984
132 81 587407409378418534
132 82 -4344940723109095669
132 83 128884405180983782
132 84 2558688884386696181
132 85 -8771704571986934671
132 86 1763246432278689459
132 87 -3532891552773981241
132 88 -1662468333603722966
132 89 3635715101686406999
132 90 -1103745645384446391
132 91 -8748127565766656340
132 92 -3619681331540136636
132 93 -7352956060413980917
132 94 -8222177502395551013
132 95 5094783014626710379
132 96 -2736636599206192309
132 97 2755297742513005885
132 98 -6930329079907168317
132 99 5307316404428465552
132 100 6530191422084144094
132 101 7795953667363875712
132 102 -6768904394772169582
132 103 2137333727390242887
132 104 261645510920124087
132 105 -2105638229228953043
132 106 7297489104677263563
132 107 -4497615436804804557
132 108 -8216189680269915456
132 109 -3834776750948569337
132 110 4369188628942724308
132 111 -2063497151584339483
132 112 6054399985610396401
132 113 3128780761396136752
132 114 -2872591652902005107
132 115 6794394240145208598
132 116 -3493329511424389094
132 117 8611120232193412041
132 118 -5110330544398009035
132 119 2612160306871672215
132 120 -5502222479727719013
132 121 -531827538719346216
132 122 -8346197664996922082
132 123 -4092710215591936331
132 124 4718350836532484274
132 125 4973893675306592830
132 126 -4582202135577853547
132 127 -1521384013233218611
132 128 249436884559384904
132 129 793549333107421637
132 130 -620750371735722122
132 131 -1575339613382560499
132 132 -5254498290592876245
132 133 1289024092911277317
132 134 2457971922798490054
132 135 -7514723292463208885
132 136 -663202335968871098
132 137 -4970222609478934071
132 138 -4626621498379887389
132 139 534792209996155951
132 140 568361908487031868
132 141 -5609575852074854037
132 142 -3238216188682255754
132 143 -9098950889944558691
132 144 -5470273336221311279
132 145 -1716926234738121928
132 146 -4474053912034650565
132 147 4636073168047616498
132 148 2694586506627723362
132 149 -6892870988496245773
132 150 5541815046949698875
132 151 -8515276159763028686
132 152 -5015663003145906618
132 153 778827963742596028
132 154 -225478830378631518
132 155 1677239662864812705
132 156 5277940504347179462
132 157 -3502715365289751612
132 158 -5584394604910011415
132 159 -225376844865140583
132 160 -4018485464724751087
132 161 -9005566452624949998
132 162 449653791799820166
132 163 8605496712712664594
132 164 -1186426749264732864
132 165 8238754631491742584
132 166 2742140758658629679
132 167 -6605782430868691715
132 168 4218664699478840583
132 169 -5962488775290315792
132 170 3925394189360133253
132 171 2405095526735523425
132 172 8495113478127716823
132 173 -7047902632268896401
132 174 -6997904348232583161
132 175 -3204658978297724397
132 176 8905259159437767075
132 177 -8437186254626370706
132 178 2503458664611805170
132 179 7067585487651291628
132 180 -3173936013566114611
132 181 -5610064110324366254
132 182 -6422502930701881664
132 183 -4958730296557361266
132 184 -1945227881159650990
132 185 -8702297559078980356
132 186 -4825757942631406247
132 187 -1757785271511101461
132 188 -2947048375036498494
132 189 -1458286140599377050
132 190 396109599966230035
132 191 -5952762378023253104
132 192 7850360376131103784
132 193 8582724221852409857
132 194 -6896052608163303334
132 195 -2200045278893560986
132 196 6680636236674061109
132 197 7035440342746840080
132 198 6812247137044962486
132 199 -7571184669734427789
133 0 -3983307073954447710
133 1 -2317156993672783471
133 2 2631297941813044517
133 3 2060015628766479763
133 4 -6688684341720901571
133 5 -4962351396350750637
133 6 -7280824468175972382
133 7 -1617503036744527595
133 8 -1942273692779603104
133 9 -2225590950268189402
133 10 5824068572143382770
133 11 -5013648681373656581
133 12 -6093329725324586377
133 13 -4654005450058691648
133 14 9014531826659907964
133 15 -1965226025203783868
133 16 7832840618810572558
133 17 -6646018147890219916
133 18 3482064596581704681
133 19 362273043058141999
133 20 -2932795110430266439
133 21 7618265529829510561
133 22 -853572112256196420
133 23 -6301420057474974893
133 24 3213762804389276362
133 25 -5290068513461967972
133 26 5417704175615203121
133 27 -347508470944168893
133 28 1044982108828716900
133 29 2378898424198735997
133 30 15891103011259371
133 31 1742028777784502503
133 32 -715393581096342984
133 33 140997682572720645
133 34 -3517515208862970381
133 35 -3057997309256575259
133 36 -6427319725116137555
133 37 5384815629693474935
133 38 747564286770395537
133 39 4668507951819729059
133 40 -2572278645619751281
133 41 -2880884453418147790
133 42 1354636236168189101
133 43 8710153885894508724
133 44 -1626848548583271216
133 45 8793945979367588908
133 46 -1284917580180219924
133 47 -8894366744375301733
133 48 -8901398398780738085
133 49 -155223244154932201
133 50 177443710447576029
133 51 2405762822350293973
133 52 -5675386304846100491
133 53 2609975213165486391
133 54 -7349612833991480197
133 55 -1866212870030549730
133 56 -1616291694289877023
133 57 -5086928176765122402
133 58 2995073293000870513
133 59 7769484997053873533
133 60 -4697896008386158433
133 61 -9021885043138995820
133 62 3875793385483187726
133 63 -1785368344643179066
133 64 -8159363688342192353
133 65 1409932653146267516
133 66 -5924383219377697703
133 67 -7313484832381464295
133 68 -8880005064123459354
133 69 -6519138722026972879
133 70 3017583623217252470
133 71 -1211457412992928924
133 72 2563579032680279970
133 73 -6615039123687297742
133 74 8078614744979251786
133 75 -2092376159633319486
133 76 3760673079782695
133 77 -3088585447492815227
133 78 5240713342501731319
133 79 -1729004352395289622
133 80 8762457144986858287
133 81 2010786839520915151
133 82 8703999751671382750
133 83 -1290474427205026228
133 84 -3615560850018651759
133 85 -1405783111583476312
133 86 -2424895792127672346
133 87 4410716736628353289
133 88 3235002848147633541
133 89 -1354675057889090893
133 90 -9150027695484498093
133 91 -2957719207320603012
133 92 -6663301112346342759
133 93 6040634977465169811
133 94 8560697710314889521
133 95 7576015778590711770
133 96 2009336086268960922
133 97 -4881467349762219873
133 98 -633278122418901360
133 99 3021479349833130913
133 100 4922014780191473736
133 101 -1340364079480149449
133 102 920373116329574224
133 103 -9114668014285359575
133 104 -425321065996071481
133 105 662813462642915128
133 106 834058554130516735
133 107 7647801384793599077
133 108 3797661829725518101
133 109 -1446764166322024089
133 110 -7336087898350060211
133 111 1594699371240878586
133 112 3047376571175777098
133 113 -7447506073373637427
133 114 2857919911446489710
133 115 9050768539421299011
133 116 -5892209777648929615
133 117 -7685219106616618112
133 118 -827221122363704244
133 119 -9177519792508278623
133 120 1297875411495932363
133 121 2234366518443833515
133 122 -1557884389737380534
133 123 8385885942479232324
133 124 -3707965868143958738
133 125 8333366496989113622
133 126 -2906640448095062440
133 127 8305478361409088337
133 128 -5147016128571563998
133 129 -1690409241380054935
133 130 -4319107925975935261
133 131 -323407860826505054
133 132 5333934124853599222
133 133 -2771507771330381162
133 134 1927721998457029834
133 135 -9107546470825503437
133 136 494620732791504863
133 137 -8595395297764536642
133 138 4317905973682664505
133 139 -8671661180299251760
133 140 2329080833167287004
133 141 -8273745137685826473
133 142 2902880533805497026
133 143 -9180241898458889037
133 144 -4510337977843093837
133 145 -4155281199168503304
133 146 -3672278289115293877
133 147 -6586451441751401550
133 148 -5715438585102688439
133 149 -463493008281812567
133 150 -1252291563635052028
133 151 9201325763244030697
133 152 -2914475446664833156
133 153 7311970242900809917
133 154 -4081682985430815268
133 155 -8362290579459491547
133 156 7612941827582234062
133 157 -2043022561893421432
133 158 -7026575180126649066
133 159 3591561214983908431
133 160 2955115230521099706
133 161 -2229401075417652292
133 162 -8777564188451112960
133 163 9144117046515316991
133 164 -2780667315514084672
133 165 -913368069967908902
133 166 -8033301213037953542
133 167 7884395418831161550
133 168 1069632945938665269
133 169 7272589024932542497
133 170 -9172472691392638828
133 171 -1529413828913186766
133 172 -706221724171206503
133 173 -6282877141167748554
133 174 -4260010938954514001
133 175 -611344540416802193
133 176 -6832575899256389507
133 177 2983366956192467675
133 178 -772055688157288691
133 179 3900964358219262007
133 180 8723079760994977842
133 181 -2109030495384262362
133 182 -4155762481848887161
133 183 7487040665174466081
133 184 1570304758221874333
133 185 -6785215256112029733
133 186 -668468331869758095
133 187 8369555184946982626
133 188 -8415748115559330047
133 189 5121132824706096411
133 190 -7502616459637454929
133 191 114956213453460624
133 192 -1619980836197637899
133 193 -2782535131818763766
133 194 -5648631563718505116
133 195 -6089841681359813046
133 196 5064419525606407366
133 197 116336502729912234
133 198 5204892124205592413
133 199 8247111159067069767
134 0 -4191222353579339961
134 1 -9166534760542409179
134 2 7123131116709358830
134 3 4592174898871280679
134 4 2951930545479895183
134 5 6681692626875819040
134 6 7959199388662637033
134 7 7390372229049962042
134 8 -9102315064256177020
134 9 6286891990589161646
134 10 -5880232439965894597
134 11 7272842539886803680
134 12 2581690329433856712
134 13 -8364895650716568213
134 14 5422854970656142657
134 15 2527762799033242167
134 16 -7104890906585806836
134 17 -1175863216577944887
134 18 -7217996449385030774
134 19 -3978150969184753819
134 20 -6108148783132223461
134 21 1633813645531239364
134 22 -8709066780092501434
134 23 4148794305959751564
134 24 8834783974550657050
134 25 -3608400433813608244
134 26 4695567244403271760
134 27 -3755861959130068294
134 28 -6150448496732668211
134 29 1992103947257380086
134 30 -627195431173655154
134 31 7706821787532494361
134 32 3313009174785613632
134 33 -8699551779752225552
134 34 -3314611360063394989
134 35 5934040688763953537
134 36 2314959285838292336
134 37 -5475398550554038895
134 38 -5355305805798061342
134 39 1630866061218908783
134 40 -6872788481384353250
134 41 -866004340439164307
134 42 7358346039299279190
134 43 -7922866198701263799
134 44 -2853400548163818087
134 45 -6007558838804580660
134 46 170633731115425521
134 47 -1239354607236938072
134 48 -1307962005851764657
134 49 -9169603415986636459
134 50 -6705819764298758335
134 51 -1582372017000137495
134 52 -74741043177052567
134 53 -3536035201109134068
134 54 6562891127019065300
134 55 -2330827800480383870
134 56 -2543088237197438513
134 57 -79154300107422165
134 58 4133809557547027167
134 59 4117753932022510534
134 60 6078063351064910640
134 61 -1601877951510257454
134 62 -3060810858889116783
134 63 -7291819589172458848
134 64 -923907818833630854
134 65 8619218171922501013
134 66 -780244372723628255
134 67 -5417121067250230724
134 68 4597696721946502717
134 69 96187861713489180
134 70 6487939042373978144
134 71 4732536986378989510
134 72 -3641974121958672080
134 73 -2485931803673986414
134 74 7594172544885653892
134 75 8382522840434315015
134 76 -6430497860846060498
134 77 -4704600784612611424
134 78 -2493386821559287066
134 79 -7268272264863428
134 80 -8734929555348791588
134 81 -5013924380857342693
134 82 2630405686228674158
134 83 -3577125406933273241
134 84 -1476526128731507413
134 85 803180231446839466
134 86 1032894718331849149
134 87 4221516196329840934
134 88 -2773776439219413533
134 89 -5597897462719154643
134 90 7972757939073596831
134 91 -663736441576184643
134 92 7330757414308620064
134 93 6983655386638897674
134 94 1800327767659816891
134 95 6735345464513763164
134 96 -5742600035510895546
134 97 1225158184787448848
134 98 -2158840627591480049
134 99 -4013790579604624205
134 100 -4283095057486894676
134 101 4390355881538891776
134 102 8789170155482312157
134 103 -7549764086828299072
134 104 -4457883997769101211
134 105 -6620725951145331147
134 106 -5120965977058026743
134 107 -3381149047485362474
134 108 4450726867661205479
134 109 6747952591454657263
134 110 8234289674682853437
134 111 -7765071981134003156
134 112 8798914279528741327
134 113 -5749621007816226829
134 114 -5299031993542510814
134 115 -6039277298711171424
134 116 -4252194237577058672
134 117 -5416645041865884651
134 118 8804053058629004528
134 119 -8990735823837846194
134 120 2407043036570796463
134 121 -8969796170282947644
134 122 3567226993158091517
134 123 -770207223563792455
134 124 3117757035840406947
134 125 -6648327282434263067
134 126 5035209177416443802
134 127 5575191393174454296
134 128 1263858012940413326
134 129 -7168537070194686053
134 130 5059398452847660376
134 131 2497113980558528698
134 132 427678599998120957
134 133 3033182548727963586
134 134 4519673130617617701
134 135 -4177888895318775480
134 136 6748993918162662431
134 137 -440868728239232298
134 138 9047722718716668771
134 139 -7351035994778934063
134 140 -2400269446416904763
134 141 -8589775983384843587
134 142 -5396982536215360122
134 143 -5099124111957753455
134 144 -8187682639254310419
134 145 3661023859290180667
134 146 7783086788731177926
134 147 3483424734311938860
134 148 -6886590461669061813
134 149 5477151563336088780
134 150 -4894364342395268907
134 151 2257377826428673428
134 152 -5158250619153248920
134 153 1014890503243453282
134 154 5809405652128919698
134 155 7118177829674563424
134 156 8575457475139262739
134 157 -5102524695503209212
134 158 -112891270283416636
134 159 -6964623362646850821
134 160 7468953032781578556
134 161 9173512505785134174
134 162 1223122839831180136
134 163 -5490258832783133160
134 164 245176980062002878
134 165 -8770041990112824841
134 166 -8840102751020431234
134 167 7915048237297729251
134 168 2890451449059611631
134 169 1350019753229558693
134 170 6532021121051632435
134 171 -1543257830700426175
134 172 -5034614957048119535
134 173 1502685200112188697
134 174 -295967398251372401
134 175 -2147651404966818640
134 176 -6552085914633117988
134 177 828989639406701707
134 178 8705178819534440063
134 179 -4603795673172162089
134 180 -1065287412941444876
134 181 -2708769346105237489
134 182 -4770203060598880113
134 183 -3384164329367087332
134 184 5778855828137387233
134 185 -4950488854219633040
134 186 -3866480886167733876
134 187 -7798203629846901249
134 188 -3826102750873801346
134 189 4742923226681242017
134 190 -9101468831572567175
134 191 4569423862988876042
134 192 -8135763425329953091
134 193 -4703487651267464476
134 194 5418692443203239493
134 195 3342298701242507020
134 196 6186835936433333987
134 197 -724272245031359070
134 198 1388848657026192796
134 199 -997849629265774574
135 0 8288857016170062308
135 1 -7387104457626167492
135 2 -6796529513865556840
135 3 -5064859113202626988
135 4 5459428789230014092
135 5 6695740904112349372
135 6 -6218823311587646914
135 7 391410338753682133
135 8 7808714543704010601
135 9 4788928970147905891
135 10 7820373494465573292
135 11 -3975902634241866531
135 12 3235548525514386378
135 13 1480720618545066085
135 14 -156494014306035143
135 15 -8319923182598663960
135 16 -7893161934846108374
135 17 -6878547662284135100
135 18 -2784839292850590065
135 19 -8284872841890253203
135 20 -2981484336192450462
135 21 -3627376410920961896
135 22 -6406684253067319810
135 23 4113826143954348070
135 24 8645044559756694258
135 25 -7147469642800003932
135 26 -2939476969221387427
135 27 -3319657725482295127
135 28 8139093692386547036
135 29 -8065102032527567305
135 30 -1004817846588544979
135 31 1142892632655570997
135 32 3681135941911040651
135 33 3484435374672421132
135 34 2062267304137395793
135 35 994996585314960066
135 36 -4319484412582476159
135 37 862332673726828687
135 38 -8272941327444544907
135 39 8660351642450249387
135 40 6863339576660434554
135 41 5358673919082415566
135 42 -2235106972510409754
135 43 -551478596474083937
135 44 -4269539706744451684
135 45 -6321539496199639144
135 46 8705464294330235836
135 47 -2382204728608326990
135 48 2658819378081349252
135 49 -6586855097263580665
135 50 4246206407009307893
135 51 703795198585713075
135 52 8211826324568684119
135 53 -7861559716827366490
135 54 5810060159775689350
135 55 851524956386785305
135 56 -5615278720248644354
135 57 -5668931555118759708
135 58 7608407389547923389
135 59 1197724594492324451
135 60 -2698898516502957252
135 61 4083411163491854451
135 62 -3809349676666337417
135 63 1233635996930071261
135 64 -8779546726076261723
135 65 -5875498052999275746
135 66 -4379078013020484813
135 67 8342372842311313972
135 68 8883473344285609556
135 69 -5560592842348328903
135 70 4536686647505974864
135 71 -8738238030779536716
135 72 -3895150193569704830
135 73 -2392068339081863946
135 74 -825014298195455859
135 75 -3768838856535445985
135 76 -4559013767116861127
135 77 -3948702855399733166
135 78 -1258308521132214556
135 79 -4058146125362743134
135 80 8263323107486880416
135 81 -706314847221992755
135 82 1504542657677862238
135 83 -6749522439899458800
135 84 7791147637144296928
135 85 -5431445447879084063
135 86 -6823735526890279206
135 87 -2208039174521102074
135 88 7216801559661403622
135 89 -4337036738350948199
135 90 -1106159411645096748
135 91 6621906106360529714
135 92 3584181780063988325
135 93 -4697874120693672100
135 94 2907410873094915284
135 95 2660523110122744855
135 96 6159745608455935677
135 97 4443726404283419783
135 98 1230544234554999491
135 99 -123954787011946432
135 100 -3007756957141513504
135 101 3299599623813191794
135 102 1139634474263031880
135 103 1491879763560966083
135 104 5525798617720419702
135 105 -7342889299762308578
135 106 3498585409697188858
135 107 -6738329792673905517
135 108 -7700935514499512439
135 109 6289389095266796214
135 110 -2685526140591711968
135 111 5073102211557459867
135 112 697919493196560039
135 113 -7338902526915269745
135 114 249776585895388214
135 115 5662266173042160165
135 116 3125244056238960672
135 117 -6672109591065569528
135 118 -5439923950694117951
135 119 -605525440720254423
135 120 1500160616098239550
135 121 4770870516723331153
135 122 6502431040893189107
135 123 4273930574684326878
135 124 4216833746127488059
135 125 2116595772650054372
135 126 6944531700748266155
135 127 -5830709736770319205
135 128 6919125498021819586
135 129 5992322326906539986
135 130 -5808303897589028708
135 131 8076545610035655128
135 132 -1651752507641925657
135 133 1708952661348584157
135 134 -8300355011126180891
135 135 5782986724779757123
135 136 -4334907820131892575
135 137 -3352473190890898133
135 138 7524138836506103355
135 139 4248496047162929275
135 140 -8512649748294633056
135 141 1877051313135775743
135 142 -4539425674667319963
135 143 -3831684799749636407
135 144 4982972930540370312
135 145 -5503186000957925023
135 146 8722848498472278408
135 147 4328116961302222464
135 148 5193378178663276487
135 149 -2742548223721451363
135 150 -1684978705927061414
135 151 181794890175115846
135 152 -3944920312304624073
135 153 7172998873673946962
135 154 -4662339056868967532
135 155 -402587111033531667
135 156 -3876775947762279823
135 157 816629321713385243
135 158 -8510695183812764622
135 159 -1927459759477306232
135 160 7782407936319143079
135 161 -5724748916797130373
135 162 -5144500224940117368
135 163 -4643757208303822821
135 164 -7675028568181244407
135 165 6665395392069317121
135 166 7257039159542818631
135 167 -476348728143121699
135 168 -6987250515555150776
135 169 8468866399537688441
135 170 -4629408856568068915
135 171 -380252729621306678
135 172 754582959686840303
135 173 5358074698827964513
135 174 -5643823539412448547
135 175 6444575842041896336
135 176 -6087560643745444307
135 177 -6595786109735303699
135 178 4951994969549159945
135 179 -6678073791467884628
135 180 757509256109110927
135 181 8817088931170465995
135 182 -2601587689192689806
135 183 -3361865269228979293
135 184 -1685085909474225700
135 185 -3070181682749536740
135 186 -8985796101320100095
135 187 8073787202984055573
135 188 4213972397250416180
135 189 7510599656421057810
135 190 907796224553020043
135 191 9159304631675178822
135 192 -2017997295359062087
135 193 5897161435415169223
135 194 -8478277285434831965
135 195 -6827060482650372467
135 196 1147960684151241237
135 197 5178182650079927466
135 198 4635342963010505564
135 199 4697583942652930195
136 0 -2358716838327362325
136 1 7052701751522285668
136 2 6035613840202975054
136 3 -2799938721929581912
136 4 -1579214672046957531
136 5 -6730885785647954156
136 6 1460060247858448404
136 7 8207956120260251615
136 8 -3731613942280283993
136 9 4096472964649901322
136 10 1194020913205227030
136 11 -934602319339605447
136 12 8784305578167917913
136 13 5797985381715179154
136 14 2478233018392759122
136 15 4886196283652857709
136 16 -7374204460449959009
136 17 -2266278565367448004
136 18 -1010594205635236798
136 19 -4452671143585176287
136 20 -740386773286373653
136 21 5506689604117521801
136 22 -1018564772286334738
136 23 3352958760172161959
136 24 5709294735776863142
136 25 7874830730757827709
136 26 -5818762845994505054
136 27 8596382512857984458
136 28 -752057991143046828
136 29 8433885353808674734
136 30 8792761264801708585
136 31 2818650464162053784
136 32 -638744477706660471
136 33 2880919988179428133
136 34 740413288132035815
136 35 5976412857295740099
136 36 -4613693895712164204
136 37 -7333915472623814713
136 38 5272541238175946066
136 39 -7569511853345615144
136 40 6936692853458428680
136 41 7431151943566588597
136 42 -8901116263500900268
136 43 -2686203874326115767
136 44 -299652130030443874
136 45 6656098058485291164
136 46 4392662743501538994
136 47 5693437188123042340
136 48 4558882832216302077
136 49 4257348326909047408
136 50 -1681682411588187980
136 51 2071081030632699442
136 52 -9143353723311458604
136 53 7079632885974975823
136 54 -1215427863924952527
136 55 5501344542863136123
136 56 4074218656986182531
136 57 6139468118780092110
136 58 1592210570301791484
136 59 5061954138804390630
136 60 5812515254258204522
136 61 -5250017362043975343
136 62 -2683428449203857286
136 63 -4356282392498327909
136 64 2385263684488879650
136 65 8896147872764277665
136 66 -8915428175993943011
136 67 3410512220869576653
136 68 5872418884195578740
136 69 3779893760729064242
136 70 7813125658518541497
136 71 -684437442253769563
136 72 -7031995679391043234
136 73 -1899541359325076365
136 74 -2976690623788046055
136 75 -2358804769498230094
136 76 -1538210415872589878
136 77 -5191653994905169531
136 78 -1449424898978034442
136 79 -3265475982656130521
136 80 6739350533982315530
136 81 -8079173668937406466
136 82 1392082078423468792
136 83 -3514319097166166360
136 84 -6831225146667539796
136 85 -4121510934627099260
136 86 6433212469474833564
136 87 8522276148811968162
136 88 1217185635836900609
136 89 665270206988870434
136 90 -5335713589249567789
136 91 842089926795721749
136 92 -5438684206748287575
136 93 7974598767944259827
136 94 -6171431618590644746
136 95 4835348264942665546
136 96 -3048412708332834906
136 97 -8911660291628425937
136 98 8294562979497555583
136 99 7379045272381163403
136 100 -6945277423387749737
136 101 -9016299850378411906
136 102 7016846118653353764
136 103 -8137309779140507584
136 104 -9148133681220647434
136 105 -1862582640212791176
136 106 5817763050274801147
136 107 -2072205176468882647
136 108 4436941184921068234
136 109 -2787638088081217470
136 110 2343138536864109167
136 111 -3204528373573210953
136 112 4033960871397314816
136 113 -2399276264975928730
136 114 7308332019384815819
136 115 1815179988765251947
136 116 3178834730886393245
136 117 -2279389881335556565
136 118 -2171829004678080268
136 119 1073217148984541285
136 120 -8707938086052501399
136 121 -6213482149735123498
136 122 4153596559249898936
136 123 5985187879763550308
136 124 -4207679573723561261
136 125 -8672475183724581947
136 126 9128061535988540967
136 127 6190685992560885400
136 128 799515387467528252
136 129 5986231638903491486
136 130 3730071837954891313
136 131 -3099453238776522349
136 132 -4674203633883805839
136 133 -3687218239806189027
136 134 -1365755424853709360
136 135 -1118498596792635952
136 136 -4570676395008307382
136 137 8819577131782392483
136 138 -6364579569418129461
136 139 2567323537642174249
136 140 6959227576482062107
136 141 4785178270253789064
136 142 1884544250272861385
136 143 1547980534414412198
136 144 9119247193960368213
136 145 8106488238999913030
136 146 7294893344179041753
136 147 3659744906449661190
136 148 1778825672869175383
136 149 7091165608256316716
136 150 9098697247076549058
136 151 -3340379527870388995
136 152 5938632263435701173
136 153 3205891378803368605
136 154 -6561470105410857161
136 155 -5056880079423199121
136 156 820202009280621982
136 157 4192213723648684900
136 158 2657351900686994076
136 159 6573720819762942226
136 160 3346259807753146518
136 161 4461580770135506048
136 162 7707521204485302448
136 163 6655081189370742484
136 164 -1869039639912000995
136 165 633211299983770748
136 166 9216547684851957514
136 167 -6257203017949563776
136 168 -1214087226397425381
136 169 -6371955576403582130
136 170 9046642039590578351
136 171 -6368934850573200160
136 172 1272327916769222745
136 173 8828940332312205348
136 174 -1305413664881166307
136 175 -8792911349451802572
136 176 -3703663551368657479
136 177 -7860882822116795304
136 178 -8718506908950794805
136 179 8289921474116508717
136 180 2952641055902839935
136 181 -4939105524515473538
136 182 -61417508210887409
136 183 202924424966566509
136 184 4796201939643557719
136 185 1391111103467070710
136 186 -2390030724830657854
136 187 -5674347028251117055
136 188 -2585120182128456171
136 189 -268458787376745656
136 190 -236161437193860406
136 191 -771617562228824804
136 192 5242555366278953
136 193 4463219011601248640
136 194 -7429841218765396506
136 195 2930885373835881809
136 196 7736122387880286515
136 197 -6496448665866847370
136 198 -8991337236379012488
136 199 1773229899343587322
137 0 1694252521298202542
137 1 -6531426864300007255
137 2 -2490840067899217779
137 3 4657097592605244107
137 4 5811548372715628302
137 5 -1861532003642538126
137 6 -5586732795073539957
137 7 -7519979829119657207
137 8 897720002213433698
137 9 -2384277039678911134
137 10 6433749959614648946
137 11 -1988647151609181928
137 12 4637787684109564670
137 13 -7489465990480097984
137 14 373038684725031773
137 15 861738428563455815
137 16 -9190756674723961348
137 17 241263876659220231
137 18 8743967433654951019
137 19 -2507984813091254446
137 20 4770980199875929622
137 21 2397294585272118530
137 22 -2871758695742216018
137 23 -3051963377862122396
137 24 -5123429579479345840
137 25 1719688371675462991
137 26 3178343520134069513
137 27 -8986170454269065468
137 28 -4763579665012386874
137 29 6354310957816354176
137 30 974271798646109679
137 31 5487525128786468087
137 32 -4711913349462808153
137 33 8962675124093667308
137 34 -3486582715361826298
137 35 6245017521543473456
137 36 2059499898091907177
137 37 8896346905465556461
137 38 1856484037857157691
137 39 3512731639202281063
137 40 5441962229432998972
137 41 -3575584797995730709
137 42 -3581863615687173773
137 43 -2083466714606650261
137 44 5371109594579044107
137 45 -4675312593106861728
137 46 -7236054130548162051
137 47 2961395498166598545
137 48 88382152777922892
137 49 844796382955833906
137 50 5267187270577156597
137 51 1249410679767916749
137 52 -4419365429168289055
137 53 -1710881390404275932
137 54 -3521729041946503591
137 55 -5873310992675147895
137 56 -5576102087098770280
137 57 1985842568342201603
137 58 -3734864799855143343
137 59 -9213368308972261647
137 60 2807213220388341965
137 61 -1602659885666714707
137 62 -7220301547298638235
137 63 5835020655897177497
137 64 -5689991229043301524
137 65 -4742444067876488391
137 66 -3903121141478994993
137 67 -8608400196122503813
137 68 6231669630316758515
137 69 1498349834720766880
137 70 -542707755113642176
137 71 -3383730859360860037
137 72 -2804209009526280712
137 73 -1569948637189365990
137 74 -3831537394521631288
137 75 4029118099000729663
137 76 -2077600639603535551
137 77 -7075512047520237229
137 78 -3836490654266299153
137 79 9062124181450823266
137 80 -6509792601117272164
137 81 5021204329509251829
137 82 -3062051764222884805
137 83 8787210086927633594
137 84 -6542133009625190586
137 85 614018825919921357
137 86 -3362652005798976026
137 87 408845131762326499
137 88 -3584677720365361465
137 89 -9102770679939826168
137 90 7961541219621670878
137 91 4336058950853941247
137 92 -3294060432481328646
137 93 9180219289864205048
137 94 4633387896177585438
137 95 -4428696985871202852
137 96 -3746665019347551747
137 97 5058501103035755828
137 98 -3457932778478435879
137 99 -7888429367082061415
137 100 8340821315520020087
137 101 3671295211849628497
137 102 2883372398363517514
137 103 -8505227368490316605
137 104 -2050794504697030647
137 105 7767430911474809740
137 106 6270539240395080737
137 107 7488294084647967416
137 108 5182269488275609845
137 109 -6054352376633871978
137 110 -9127492151356836392
137 111 -6251369657747703503
137 112 -3255046605168748623
137 113 770648030459961844
137 114 -6343671867349641478
137 115 -4567427677011961565
137 116 -2924691448933107392
137 117 -7204323362213281926
137 118 9173824582034689295
137 119 -2791648608031947571
137 120 6402470540131869992
137 121 4225001082729291172
137 122 3411810145772541409
137 123 -8317842831987501877
137 124 1001534221886698742
137 125 2009791223343548054
137 126 -2465455184847970700
137 127 -8209813300866814831
137 128 7838651657771723998
137 129 -7499254851299890126
137 130 6383014127214221409
137 131 -1543287081204782255
137 132 8089162200072473782
137 133 -4360688562484467656
137 134 -6149292528087172430
137 135 -2714125524874990319
137 136 212965434974795609
137 137 -1394036851641400682
137 138 -4524485013588402876
137 139 -7266300736806743984
137 140 -2199911049979833686
137 141 -4167469798432436468
137 142 9018833645429006603
137 143 9162034460096737824
137 144 -3655831544406264444
137 145 -323802101070229033
137 146 -8324839874959670438
137 147 -4573410628864704248
137 148 -3433828671622795534
137 149 4779848745864487215
137 150 1305333611022911770
137 151 3142272348659441281
137 152 -4343680226082431149
137 153 8415001858547057746
137 154 5875456009218500403
137 155 7863377946098839154
137 156 7478108605319265338
137 157 3028021600832904644
137 158 4591654183423899323
137 159 -1205957131764787856
137 160 -2031523345635605921
137 161 -5644539767140017743
137 162 1788018205954257015
137 163 5094588926170255006
137 164 4891477124308898092
137 165 4245040270798888401
137 166 5432890735160055400
137 167 -2300498812248376903
137 168 4786791932287681163
137 169 -5282228569711484427
137 170 5449769754328316796
137 171 -5640998917497614943
137 172 -324091311575345430
137 173 -7018500456993864951
137 174 -5814172931738022692
137 175 6864335601467566674
137 176 5586743861794407204
137 177 7548398834175364028
137 178 -4693875166680832227
137 179 777971172585938356
137 180 -8255364332048364844
137 181 1323719226826223691
137 182 8176871093808280626
137 183 -4433936291425998531
137 184 2563822564367111062
137 185 -356165539698472110
137 186 -2915960558167215151
137 187 6056759590280299546
137 188 1246745585683391591
137 189 1325583593858166981
137 190 -3352050103609487880
137 191 -7444067186052710697
137 192 8207415139184469300
137 193 -7030676411778189336
137 194 -8053121497332655580
137 195 -7067389104918116164
137 196 -374355843606943344
137 197 6241068398667653478
137 198 8768386403563563809
137 199 -6783149500575114052
138 0 1629973422044339898
138 1 -4062662910586872001
138 2 6510893197241685514
138 3 6589024858950110795
138 4 6306405440940912708
138 5 8133763808015765410
138 6 8925354663940222000
138 7 -6025005369631204535
138 8 3502450482822083235
138 9 6838075738140131997
138 10 -8271796970721947947
138 11 473669535403232761
138 12 -4007247622789512625
138 13 -2151604584319544079
138 14 -2366137293955951775
138 15 -6031309836122008720
138 16 -6027542122138057223
138 17 8507354226600849594
138 18 -1339673714631160991
138 19 -2966207284999395940
138 20 1559451602932935010
138 21 2650513077381785408
138 22 -559708460003126980
138 23 4300110172582170044
138 24 -356612417968147867
138 25 5490786967933644754
138 26 614550539081472043
138 27 8928877147469482618
138 28 -5322775535945288095
138 29 -8019871071476672118
138 30 3477900875829652760
138 31 6310689674237369540
138 32 -1175337402391047330
138 33 -5201326670226363732
138 34 -6692731475145921163
138 35 -8409286856104077772
138 36 1618985182358655284
138 37 -3870944341175219513
138 38 2765439852130367851
138 39 -4782590260238879855
138 40 8997656441176006359
138 41 -6587475359988968257
138 42 -8142843179626603236
138 43 -2077083648084117124
138 44 3160013088310455270
138 45 1447729102119202514
138 46 6215631682423128120
138 47 -8225085404398343538
138 48 7008815270218084517
138 49 592759462207957379
138 50 1738881067424885573
138 51 -7842278897934103437
138 52 -5047549858744059964
138 53 8304154914306726862
138 54 -7556894391392484491
138 55 6929079765865233638
138 56 595976682975687600
138 57 -8831414670983433083
138 58 -5357758964228126011
138 59 4359434208572072565
138 60 -3398784718556546283
138 61 3938186276344302788
138 62 2367002810927827543
138 63 -6545255905485282581
138 64 8975941316093140255
138 65 -6895340162621465364
138 66 -247726576329327278
138 67 6967038473475841916
138 68 4168806256784434796
138 69 2355213051280429495
138 70 8292625384421361904
138 71 -2755928516247560827
138 72 7081817408954956586
138 73 4590589968442050024
138 74 8777031359724735284
138 75 3374980884350621545
138 76 -7638512553065535375
138 77 -7285864614179942824
138 78 4546217734564402107
138 79 5183478225685506129
138 80 -5618979329891714167
138 81 -3900505634122151541
138 82 -2077402926828631851
138 83 7009433978419126056
138 84 -1874807160783813900
138 85 -2151438555866379710
138 86 3571885383755287364
138 87 2512855884776146783
138 88 9134061552042537266
138 89 -4289024543099802653
138 90 -7914760955691925763
138 91 -2172507595650630783
138 92 773492156984565239
138 93 -3160179043068046389
138 94 1718801244108641094
138 95 6346061574219207136
138 96 1169973127048128227
138 97 452772183977015312
138 98 1135359204720070678
138 99 -2703426107388739283
138 100 -3553199212772097577
138 101 6384316760346772751
138 102 2201234605310047493
138 103 5801236991330593807
138 104 -8690192495207614491
138 105 -3279113646717625411
138 106 -4550268098383403837
138 107 -4121512831597254198
138 108 2965879161928822612
138 109 7756337871222517365
138 110 6686972508891779505
138 111 -1187321659463382342
138 112 -6342586998139164382
138 113 -6265972203331440367
138 114 -5668953570400466764
138 115 -159239554111478473
138 116 -2324213649370897032
138 117 4663902816301472182
138 118 4467933507674186746
138 119 -358491550762631971
138 120 -1703631718185005456
138 121 515584551782625107
138 122 -4620858413287811357
138 123 7436960842945617753
138 124 -6059457869728343023
138 125 -4745532620299318385
138 126 -1583587142904394534
138 127 -6949792538682590139
138 128 -5096858405236351129
138 129 301190586492035361
138 130 1669053987399350807
138 131 7026812928018838793
138 132 95874495110620409
138 133 8893047839742573950
138 134 -4131094025406279312
138 135 9079410479061555068
138 136 -617158019337664604
138 137 6069001296435982732
138 138 -1078743372786787798
138 139 8897927372975700006
138 140 -7802731181367894226
138 141 -435423102937409103
138 142 -1321704532765754911
138 143 5974453392888382325
138 144 -1139613536874488331
138 145 1100963956408407201
138 146 -1148022706690884345
138 147 -5325374452343860958
138 148 8475639069230143793
138 149 -3614345059320176198
138 150 8310651803664109796
138 151 5404343953724711617
138 152 -9169938576921713903
138 153 2342344825295417275
138 154 6697843682198400068
138 155 6207746213209632873
138 156 4877381999369711844
138 157 5192279286050912445
138 158 2405865133136573430
138 159 -180361312186323286
138 160 2215126490278232380
138 161 -2762805320106882978
138 162 -277908268372917588
138 163 -7311407325787741540
138 164 -3255695472567899365
138 165 1081043186580906511
138 166 3866367102216721915
138 167 -519894383356613912
138 168 5999666330780826507
138 169 -7340231025117885627
138 170 664713067937929805
138 171 3148472073859520178
138 172 5123480835947062374
138 173 8761732890571710714
138 174 -7120666032439841718
138 175 -947556384071428244
138 176 -2484239833281135846
138 177 312046849226958381
138 178 6519229749142735690
138 179 2157384041007764784
138 180 4500091665137613472
138 181 -8100604374419719086
138 182 1731486632568006878
138 183 -1176074952226545762
138 184 3609574811524502167
138 185 4641137170087414451
138 186 -5488817522416223932
138 187 8970344709591122742
138 188 610612930685842573
138 189 -2749081603049911608
138 190 -7153523600155794458
138 191 -943613704365726104
138 192 -5771697107630392251
138 193 6498968362613417400
138 194 9083367407452139597
138 195 -7484192486097474754
138 196 1205521715104982115
138 197 -4016162925328645282
138 198 -232081413368345750
138 199 -6133622348586712081
139 0 4074577854486777537
139 1 4674868991250963124
139 2 -1358631703638612977
139 3 3048695902199021043
139 4 8858632913926868485
139 5 -6320260291148580375
139 6 -6290717474155778919
139 7 -6533834242025439352
139 8 6006177344489365795
139 9 4900028101001295830
139 10 -3548750912818434157
139 11 -3598429436089770412
139 12 5794261281861629667
139 13 -2410847577162047890
139 14 -8160103077093520392
139 15 -3522900076633504920
139 16 -7179100704511185736
139 17 5307894596883369325
139 18 -5133924488769934589
139 19 3610609981460506513
139 20 1359377911292905221
139 21 -9070258576688884900
139 22 -5806424678574517903
139 23 -898945459530440615
139 24 -6016534616284673714
139 25 7864510885207763326
139 26 -1345483298574332055
139 27 -9202171942241780036
139 28 4977510740423203130
139 29 6000491151315672432
139 30 854230302576704284
139 31 4980853538253268961
139 32 -6712821625141667300
139 33 -7819424458346681348
139 34 -1517221165659334444
139 35 -6270439631481299462
139 36 -3596941457873552965
139 37 -1869938686324139352
139 38 -1955549624498881709
139 39 -8561620213428931219
139 40 -1687211648748845171
139 41 -4615547481906339735
139 42 -3540313540466761105
139 43 -5664969372746620203
139 44 -3348753283537609307
139 45 7971128945903430911
139 46 2604091004522617627
139 47 1626050110456918990
139 48 1466146126233425376
139 49 8385769871325635701
139 50 8311922570300589572
139 51 9082017468820146932
139 52 70424995993926559
139 53 -8630755681166583281
139 54 -8132200726953786489
139 55 -3411244131662118207
139 56 8513459668731244893
139 57 6283058846119810337
139 58 -493660760690667326
139 59 -9015966562667143799
139 60 33622894592780220
139 61 1067502659952340332
139 62 7377424216059914396
139 63 -5234882830843518771
139 64 5007031284875650474
139 65 -1260818536136952594
139 66 7848734821537529834
139 67 1819883155172397390
139 68 -8521281500350923299
139 69 7766261119460692048
139 70 -3219355294025156805
139 71 -1467522944315080296
139 72 9214063671003600184
139 73 -2069584417579050457
139 74 -7809957854247717800
139 75 -2444811458232827249
139 76 8777263752420714964
139 77 -3078608885966945381
139 78 3749527727220352709
139 79 3861243768076027693
139 80 -4094469513877519924
139 81 4765338851434257443
139 82 7419677389881440255
139 83 4450067075439484924
139 84 6054923214494980956
139 85 -586623421549656416
139 86 -4810938385974067043
139 87 4982889065056147170
139 88 1498232444831412260
139 89 -2125316353038808911
139 90 -1919000193783249692
139 91 -1981075670410678724
139 92 3669233275836390017
139 93 -1518744906256128510
139 94 5354791788627513508
139 95 8701797289331640558
139 96 -2285804290211227665
139 97 -9085404420767567411
139 98 6254772166945367405
139 99 7822753328461315663
139 100 6826846505384911846
139 101 7847483614176846048
139 102 -8033392305870348163
139 103 -893854922728224189
139 104 -7674421177145519262
139 105 -1970142258736420902
139 106 2540385798578310686
139 107 -4283465987110125852
139 108 -1359652649367086692
139 109 6397581657324544022
139 110 -1679776761628420466
139 111 5270614768784142009
139 112 6699703417045080158
139 113 8724414182989100798
139 114 3613556160373212544
139 115 -7871004157952521126
139 116 3773731769613764350
139 117 6897603145858385918
139 118 8664180373362841334
139 119 -4101733070080839427
139 120 8345793955485831494
139 121 1467650400786083254
139 122 1430610394573406274
139 123 -5648681887910409479
139 124 -2977166740058787717
139 125 3480010194455528101
139 126 -1690262892629900720
139 127 -6940465753336365756
139 128 -4800732006120921858
139 129 9044181735058109782
139 130 4893027197678361517
139 131 -8825545746424688281
139 132 3639658742043517534
139 133 3268404696990504593
139 134 3604667914733767526
139 135 -7515510284431809971
139 136 -3603330817378905788
139 137 -5608177455590381468
139 138 1983515193062551192
139 139 1645562310001924440
139 140 6407580347257326226
139 141 -60555964957206912
139 142 706952316457973269
139 143 -200833965231319290
139 144 2864973548521668488
139 145 2887765225534078536
139 146 2695999795797741642
139 147 -1911711566165700834
139 148 -129794468363733816
139 149 2886528329523380915
139 150 -6876552930973715254
139 151 -171010029043573713
139 152 -4101323560592207075
139 153 -3293089555818576636
139 154 3655527625633992474
139 155 -7463517515069990429
139 156 464788656137001064
139 157 -1384716709486582616
139 158 9020114368987756995
139 159 -6246227023536628825
139 160 7648628760416352451
139 161 2918215846408920401
139 162 3438583593611922308
139 163 -4552471171734206838
139 164 -8476103104320670996
139 165 277719046976617925
139 166 7069257151167982363
139 167 -8376630709617882655
139 168 -4639001325091717209
139 169 4542197677966360304
139 170 2468772731890188256
139 171 -5491666890636661331
139 172 -8406539774338177639
139 173 -1177932808143748326
139 174 -7534380547859645518
139 175 1975939820411155209
139 176 8305527917606453326
139 177 -8409982158962733639
139 178 5532503682202796330
139 179 3282221959499199587
139 180 -8620473701059205234
139 181 -4550757995760720708
139 182 -842765076371686286
139 183 -7446537175497156428
139 184 2057690621563560841
139 185 5154470302884841620
139 186 63002810019958256
139 187 5644771202803424981
139 188 -4359403217862787510
139 189 5429694072046439201
139 190 7325991726997008969
139 191 -6018756175072730245
139 192 7222693463841095686
139 193 2874088593205490578
139 194 2937340710414286281
139 195 -1305076623194181089
139 196 5354707068619510301
139 197 706707485696087475
139 198 3970881358342289087
139 199 -745620306243383822
140 0 8910398432687988365
140 1 5133521649754297786
140 2 -7485588303137501780
140 3 -1642917914478607952
140 4 -7318635045675413407
140 5 -2236170078255621061
140 6 -5410202642292502462
140 7 -7843708705930736723
140 8 8053168279710577344
140 9 3318226990593112679
140 10 1315924952833960069
140 11 7479845952135283893
140 12 -3157922925237151653
140 13 1376479690589066913
140 14 -3489033838950986237
140 15 -5942492404892113793
140 16 8958271579567828373
140 17 -6155626863760137110
140 18 5647599097186060598
140 19 -7150407359791118113
140 20 -2564041181159923099
140 21 -5245781226649079300
140 22 6536127471395324472
140 23 6084202794578244139
140 24 -3558472411199431339
140 25 -872872673817147923
140 26 1773515303923686802
140 27 869699804226261776
140 28 9118672312812920216
140 29 5460928632191206604
140 30 -8647754671971929194
140 31 8612769227014572157
140 32 -4872863241050986330
140 33 -6691392612457697132
140 34 1431475087448909747
140 35 -2675084238054437382
140 36 4898026183477941317
140 37 -9107837703159247991
140 38 3234416683241431969
140 39 -6581992199459606883
140 40 4692011725789744530
140 41 8911457190685896923
140 42 -2363436526463692815
140 43 -6556024757013129904
140 44 4802523353222841739
140 45 -1076113215829756127
140 46 3346073791206261862
140 47 9160410110170489275
140 48 -5590347591682100785
140 49 2324330389144875898
140 50 -5192145945445952552
140 51 915230091049543243
140 52 -8031034450566171010
140 53 -3990408581921561428
140 54 -7647469685718620599
140 55 -265829893601582001
140 56 -2335233389499245954
140 57 -3044191969092920435
140 58 8368472064000259617
140 59 3994938215105843344
140 60 1173430007036827133
140 61 -6667060550694786376
140 62 5509049179749359104
140 63 -48319815326600275
140 64 -3104142594270456498
140 65 -8756692865936763454
140 66 -1038299027732627121
140 67 -8701214673050126462
140 68 1921763468361284077
140 69 2917465944515387985
140 70 9173674223000292818
140 71 43984663100723021
140 72 -2625144502549218698
140 73 4297520740100944187
140 74 -5159428400537901855
140 75 6233835839427118728
140 76 -6473654063348413886
140 77 4081595291185418408
140 78 -2212893626012811243
140 79 697407418925369620
140 80 3960672035963630367
140 81 -7957557723586005434
140 82 -1606924850745321805
140 83 1174082685100809994
140 84 7401282080301024310
140 85 -705838004155196860
140 86 2090418404559897978
140 87 7192508447695711533
140 88 8962455799244489376
140 89 4116805178613544922
140 90 4091545555563204973
140 91 -2376443745946868357
140 92 -3650780160388176715
140 93 3764930114469019506
140 94 792684045601866665
140 95 439822499997843747
140 96 9069202572718630335
140 97 3264325427373834500
140 98 5810893353206800481
140 99 7367395757969178353
140 100 -1484421859617810787
140 101 8786768004766171432
140 102 -1677319161233106166
140 103 -1383948642175411514
140 104 3983120432161326272
140 105 1017049554409351065
140 106 4933663593647676090
140 107 7143254657290436755
140 108 -6987672798001324294
140 109 2737302737931313846
140 110 3243477895805463518
140 111 -6158917595109511692
140 112 -4353390502518346066
140 113 -8007990218258067610
140 114 -1387595310522015460
140 115 1768483395853196700
140 116 -1206809465497495590
140 117 8028839952753844251
140 118 1004149211649236169
140 119 -2109500583057061986
140 120 -4105303268910142764
140 121 -6889077162317677850
140 122 4395614484192314303
140 123 8537488958524832841
140 124 -7258163695828342189
140 125 715767793681071166
140 126 8492023839922252071
140 127 -9124642057546225638
140 128 5364528350905047880
140 129 7362387425767780916
140 130 -6142424712793214910
140 131 -1844098325436238306
140 132 5855564223320441911
140 133 7283295902837732532
140 134 -6095746323378789593
140 135 -7186014526114196314
140 136 -5504139176086504732
140 137 3566647387586135655
140 138 -7810757913649332399
140 139 4033073272528457271
140 140 -5437444447921481928
140 141 8838833481394395687
140 142 769431405981222906
140 143 5316157286579228281
140 144 5273374302438676891
140 145 -7682099063349737137
140 146 -5684717606582407889
140 147 7472623170179619873
140 148 -1522701858353829298
140 149 -2350745274871567058
140 150 5588394961129588908
140 151 5145582825657441700
140 152 -1133016335069121103
140 153 7405940960980546356
140 154 -6724012765518919653
140 155 6226988601391507654
140 156 -4350708382201672368
140 157 -2852890367612002505
140 158 -8395150475705449066
140 159 8274890974356020119
140 160 -678379016058431126
140 161 4653318653496384572
140 162 5952970652791227153
140 163 190381139197330129
140 164 -5016733366959125001
140 165 9179323764049859800
140 166 -5789430351265301448
140 167 567455779523934812
140 168 4265778244205962152
140 169 3799148633273217715
140 170 -493932470614771902
140 171 -93379014112645806
140 172 -8964422112206221971
140 173 -6523053381277007822
140 174 7092765868545140446
140 175 2507592943498265518
140 176 -6792030592896893752
140 177 -9043733402350662474
140 178 8668289493585076270
140 179 -5253576204120587394
140 180 6296444017966772519
140 181 6593477952417501338
140 182 5410008276253861937
140 183 3735378573353089783
140 184 -7235011429203096742
140 185 -6796189198846458998
140 186 -7679993693908176511
140 187 -8546227700216879602
140 188 -4854870277065893199
140 189 -2736275738174987628
140 190 -495475779373625834
140 191 -4565584617579156610
140 192 4646762339303706429
140 193 6918679832799994119
140 194 4975031370370334082
140 195 -7542690872827814953
140 196 -8749136468039851242
140 197 7321376513318372466
140 198 -5992354574596665095
140 199 1923520929233417679
141 0 7430575532212566856
141 1 4682445635949788069
141 2 710256351535805213
141 3 -7232912805157892551
141 4 -2114411625899067660
141 5 6437446817782362155
141 6 -7029238215374338928
141 7 663171879406368967
141 8 -6218216641986841685
141 9 -3023560846923532128
141 10 1930531640774260089
141 11 331570097576315222
141 12 4293185049836432970
141 13 -129875211801562568
141 14 -4995893733599121514
141 15 -436398605544878916
141 16 6998093809832819245
141 17 -2238832774271312271
141 18 -2530686608246000403
141 19 -7574940364161278822
141 20 -14394189599082935
141 21 -735544743664923436
141 22 -1534493423819880992
141 23 1783393322619430732
141 24 1402960215452261939
141 25 -5714305069416429481
141 26 179352512841811757
141 27 -8086317073163070576
141 28 -2045816559176224431
141 29 7266683237277068174
141 30 8762931883594318869
141 31 8427803873176528650
141 32 6751986210756048966
141 33 -322892644931353129
141 34 -1483487569039625177
141 35 3297002365624825110
141 36 -873336258544022214
141 37 6272809715693297929
141 38 -348345071676463458
141 39 -7121955895364079384
141 40 -6440831395932683277
141 41 -5826112312296804464
141 42 -1083859045277140572
141 43 -2982964605394181400
141 44 3285299511004996836
141 45 3198567881434797392
141 46 -3970450864223593316
141 47 -8757925026447089894
141 48 -8624601977851718150
141 49 -759743957853628384
141 50 4275289767035960462
141 51 -3288075881705229702
141 52 -324740001759079281
141 53 2073106298585819629
141 54 6063055258618438719
141 55 6683984909687018033
141 56 1506133244615195802
141 57 -6179637424192239074
141 58 7875491990825220039
141 59 -4152024292830297414
141 60 378926375670176041
141 61 257616733085484863
141 62 3602285976479357600
141 63 5457381154156370350
141 64 7062989580652679901
141 65 -6336291504419647643
141 66 -4260620774472547021
141 67 -4501236462551470088
141 68 -1050851100268962847
141 69 -480343734874951660
141 70 3943546740609351656
141 71 6931619284592502250
141 72 -5165489589534746136
141 73 6383954269732673597
141 74 -832403257429950011
141 75 3440908854649872096
141 76 5470671823958363871
141 77 447500749119923576
141 78 6303281385755406203
141 79 -3846245752694516252
141 80 3946370786573750198
141 81 -5291110399580674917
141 82 -3601235288732653022
141 83 -2166311157450200375
141 84 5332796756081426809
141 85 3173784248339321929
141 86 7104398285015973733
141 87 4351765586561831744
141 88 -645593737727783497
141 89 -8659018999750128905
141 90 2354975294708400838
141 91 2454033031770453041
141 92 8941594894968162391
141 93 7056886303505780861
141 94 -1988996465526841244
141 95 -1615767084764816525
141 96 4860008624089357011
141 97 216145998915914412
141 98 4514731364127921156
141 99 7877956097623870472
141 100 736146752896926279
141 101 9191439904597908383
141 102 6617001433106558099
141 103 979865346813471840
141 104 -2112758373260610265
141 105 -3211202172604917762
141 106 -3153558555705061628
141 107 -2907398370322098863
141 108 3000215674253359003
141 109 -2051363590443180966
141 110 8067167673772940840
141 111 6696737084449906376
141 112 513548075288647555
141 113 -3954678354365060479
141 114 4707744089696703321
141 115 -8487666462923687679
141 116 3503011643597207534
141 117 -8740912648701376109
141 118 1756767979725134649
141 119 4882070293723290500
141 120 -2032260229569468580
141 121 -600691824317201690
141 122 -7266838641660986364
141 123 8649560901870717285
141 124 8168046983985797728
141 125 3928157714553546654
141 126 -2414622679415220794
141 127 -5673181325145610457
141 128 5470409561589703322
141 129 1067003257760943453
141 130 5314338707736236266
141 131 2176202121092256153
141 132 -3880012613238668583
141 133 -5827879676173593681
141 134 6518234560518445626
141 135 9169153150868861321
141 136 2848785995020996958
141 137 2158855659260951757
141 138 1240558098028429759
141 139 -2820607597810941829
141 140 -1569669034610708440
141 141 6070663031941638844
141 142 -323069701048333971
141 143 -5010778040918637746
141 144 -8359333513928739404
141 145 -3967349194292234136
141 146 -1281419384264313728
141 147 2932093670929223552
141 148 1464926218319676154
141 149 7173662660142702470
141 150 -6036819221722880643
141 151 -7856953944936932120
141 152 -4755428677191780078
141 153 5561202545559016355
141 154 5846488584939901579
141 155 -156256909570908444
141 156 -334829700395330579
141 157 -2429370500567880567
141 158 -1182539852356939332
141 159 5751402013765369811
141 160 9070719779989623114
141 161 -6809644516396402606
141 162 8187224216038477260
141 163 6978310016065076373
141 164 -6289881324088401143
141 165 1352316222008196796
141 166 5680755825490768731
141 167 -6860824490033051851
141 168 -7590269279194132629
141 169 2926656664194853274
141 170 -6257781788419036643
141 171 8061602133537111470
141 172 -1089845691560314116
141 173 6243194705773714974
141 174 2470560426600146002
141 175 -786774369057446359
141 176 -3035297258631339677
141 177 5841465174968594705
141 178 -5885571147263736709
141 179 -6356704643177833857
141 180 9021391045808990075
141 181 7157446381466320356
141 182 146596691192738057
141 183 5520198832497355161
141 184 -1814378085707408514
141 185 -9184445249270268714
141 186 -8999311524254997223
141 187 7349123105878585729
141 188 2793861869166594948
141 189 -999767153765555468
141 190 2527277874489287078
141 191 -1783422331995483219
141 192 2652787421466006669
141 193 -5217479122310206176
141 194 -9077143148374356975
141 195 -4408523764581566078
141 196 -1570654452228041810
141 197 -6102952445587950906
141 198 178949511408883315
141 199 -6437123182346910406
142 0 1932044544467274385
142 1 -5287675629846147146
142 2 -3242574450253760992
142 3 9202112718753574996
142 4 -8434374385081376077
142 5 1134762982500347980
142 6 9183221815711128044
142 7 -8343768936749067857
142 8 5726545650962831909
142 9 8301605723220982555
142 10 -3568635983398875430
142 11 -4452717649899019444
142 12 8076936178373690333
142 13 -277165325299508221
142 14 -7080708362628484263
142 15 6817064415049303456
142 16 -7355642988979813449
142 17 -3311067294381028126
142 18 -2479038081361371710
142 19 4035744382259556772
142 20 -5400615624121768591
142 21 4099215425375226937
142 22 2551841691562904243
142 23 907339378033824747
142 24 -5654880967124686251
142 25 3560810982698114715
142 26 299374407571293539
142 27 -6044513652226237053
142 28 5001163115115089159
142 29 7297004859623306389
142 30 8574855274517245647
142 31 6506547701913116273
142 32 8091364417060268916
142 33 -7457834691365343097
142 34 -3129462998813638871
142 35 3191439077140914822
142 36 7776089086550625246
142 37 -3099850175815362530
142 38 -7690194494725536533
142 39 1082688328731579493
142 40 8597871153610153396
142 41 676616730609012963
142 42 3288658058205957176
142 43 4667957599044980520
142 44 -7328196684114968547
142 45 -6229228290863832095
142 46 8287029408626134438
142 47 -5379158293013401111
142 48 -5728006391284824362
142 49 433969174534467796
142 50 680741512451089486
142 51 3736144754500523936
142 52 3949839265961472439
142 53 8983382947114700616
142 54 6544336423862278891
142 55 8235184970253006193
142 56 -2015320957983032310
142 57 2623316548999482632
142 58 5779649367001685771
142 59 -8468819386437851984
142 60 -2546146310322718641
142 61 -3262408251542221322
142 62 2210829669037094201
142 63 -1254245945369485362
142 64 -7613764719849533496
142 65 8301560125574294483
142 66 -6544503803795076371
142 67 -3731474884031474278
142 68 6104523498406072808
142 69 -4873669985171527215
142 70 2121557127713421279
142 71 -2924269023338044877
142 72 -483775316997667739
142 73 -3633611531686719044
142 74 6899639937941418425
142 75 -9193819969184651308
142 76 -3398183496742941654
142 77 -1889099558450172899
142 78 -332856770568822092
142 79 4439772560262882973
142 80 -6788139597442185997
142 81 -4612996741411914118
142 82 6795314019341308030
142 83 4340736900686547787
142 84 -6568193079206213602
142 85 -2858781842533741069
142 86 3208421704851867136
142 87 7905833741948659136
142 88 1453131711188081357
142 89 3208391755144009350
142 90 3154081085925519707
142 91 -1480588822902004830
142 92 7791127993741615176
142 93 7973181589369660320
142 94 4415472596770737241
142 95 -5110177030522266653
142 96 -2605963138449445787
142 97 -3546684245816672464
142 98 -7233685615494306879
142 99 -5046630510002613969
142 100 1682021781731070496
142 101 -6618617225573798852
142 102 -4264410078058171449
142 103 8240170145739137021
142 104 5999769513338932784
142 105 3967455610057715482
142 106 5961537071843456175
142 107 2353032248510873386
142 108 -3527621807404660064
142 109 7464448683013631137
142 110 1065868859307682512
142 111 -430117364213758649
142 112 -1851990452118296676
142 113 -5139087693687323045
142 114 6594187293343140370
142 115 7032150921212954235
142 116 -1937797009394738892
142 117 1539707564316722158
142 118 6073847165196060961
142 119 3719156211489703431
142 120 -497673936647071654
142 121 8244827288522702131
142 122 -1725781985693072588
142 123 869756914843902572
142 124 -9219541926872745430
142 125 7635508407006694031
142 126 849926450523137780
142 127 -2806135218618416871
142 128 -3681139982532069509
142 129 -5793168854085706593
142 130 -7124218705864340236
142 131 3368401140322437040
142 132 -6808625651089729033
142 133 1139585007308472514
142 134 -3339712383172487189
142 135 -1126095375585651165
142 136 6922381013036592886
142 137 3177227648772821554
142 138 8031141846419987658
142 139 -6197987348058164979
142 140 6368014126886702221
142 141 5189732595119698254
142 142 2318654985018083378
142 143 6721314937536031556
142 144 7566849530428715514
142 145 2898215149570685986
142 146 1474213085932865005
142 147 -4250880391753517386
142 148 6471784134903775149
142 149 -4644569245452336517
142 150 4134467569550669815
142 151 -6050136627173389180
142 152 3214567178673369764
142 153 -7414417336976517864
142 154 -7467087110103235137
142 155 -3219348802886503464
142 156 8310852411695329543
142 157 1731913132596744738
142 158 -327956202321028778
142 159 4442494204064795362
142 160 -4261132709589379292
142 161 6922988109550425670
142 162 -6923188757927197869
142 163 778094286148290752
142 164 -1879190019551460925
142 165 9140024844286712165
142 166 1603439640519502356
142 167 -8715301372582921367
142 168 4721405402918720199
142 169 -5532422210864938648
142 170 8263067055000815446
142 171 -4536178522969590559
142 172 1048568553392135522
142 173 3851122983984276043
142 174 3667029150945425452
142 175 -4072091940802737685
142 176 648772988722707412
142 177 -777357723489559514
142 178 3450185000785702520
142 179 8516640911956307088
142 180 3793202392854217607
142 181 -5819888273905015707
142 182 -2481193055426527365
142 183 2411504298770906674
142 184 8053718834315425619
142 185 2286903527004329465
142 186 -7839828613128557507
142 187 5769162030190682339
142 188 8725204576782395738
142 189 -7897853261391868855
142 190 -3372766490928896739
142 191 8499564986640295929
142 192 -7102948066815854695
142 193 -7250369183578291459
142 194 8706908970929917847
142 195 6383731301590430503
142 196 -956269957406421325
142 197 -5100323541226909927
142 198 3103554827324724691
142 199 4535547800055637383
143 0 895912309470124361
143 1 -1262760150381255371
143 2 -281302907820185172
143 3 -7520917766007012265
143 4 8662070058922045432
143 5 -2745225836688336984
143 6 1890204279366023335
143 7 3314519857687434471
143 8 3960308335042879610
143 9 4977847382113131095
143 10 7695407098491474968
143 11 -1963929591138118108
143 12 -2475900131546489943
143 13 -6435634102901725967
143 14 225608637591660183
143 15 -9163605588944500249
143 16 -8618524583414693797
143 17 -3900932932339853295
143 18 -4017950009345202538
143 19 3278747251507829838
143 20 76903514921763461
143 21 -8468772065380710304
143 22 1302125423454023053
143 23 1252260760565982199
143 24 8095487739825800900
143 25 7438115031863963125
143 26 8147179329594001703
143 27 -5027204257542799051
143 28 -1351105489009714246
143 29 -878588697121611632
143 30 5557098386835017816
143 31 5074489716735708744
143 32 -3475504227396260616
143 33 970881367665751733
143 34 -1910541086068391213
143 35 -5391292764156105058
143 36 9065665723202137945
143 37 -2313301969836018273
143 38 3993115713546360457
143 39 2642279731901600206
143 40 -8318371941666948520
143 41 -7563039366768845237
143 42 1770068485684316613
143 43 4193291542246411362
143 44 3345268351879591276
143 45 -1171880404185882939
143 46 -1004228934959509361
143 47 4945074583269273742
143 48 339018232545710488
143 49 4264041930771521932
143 50 -2629870499010390584
143 51 3645385250408237468
143 52 2742013045356285775
143 53 -7638450050166367489
143 54 7509257617412740431
143 55 4302840096701797879
143 56 -7408009077091081072
143 57 -3750442192109462522
143 58 7198750306875133437
143 59 5728135645533077939
143 60 -6915937587987007170
143 61 5884676719416831689
143 62 -9129089653172513682
143 63 1734051802255857741
143 64 5199658715354257774
143 65 -925857527894113010
143 66 -4915923180378375151
143 67 -3253138617917792367
143 68 1759155588020346001
143 69 -7787538420417775144
143 70 -2599367740603137491
143 71 3723404102215211241
143 72 -9198355116079251385
143 73 -8512915517483198443
143 74 -6353118775431164646
143 75 2525046873579962448
143 76 -3971514816264350275
143 77 7643563160230576247
143 78 -3290482274118202295
143 79 8917549664318109857
143 80 456032190354920450
143 81 7985553109325561658
143 82 2402125587077531322
143 83 6259321654484310094
143 84 -2931807886984607701
143 85 3418754900877941623
143 86 8891040764408126153
143 87 6312469632406691563
143 88 5390150366837109759
143 89 8580768055873868595
143 90 8667986325777553415
143 91 2606088578929264916
143 92 -2620517271079550581
143 93 -507596049441663010
143 94 -8478547042706121410
143 95 6803993527697503018
143 96 -3387196248208484795
143 97 -3295771844735981125
143 98 4962191964348401256
143 99 7696470612524033368
143 100 2937083681308221874
143 101 3264320870181039153
143 102 9163495421461961626
143 103 7063111901644994287
143 104 -907074005125071228
143 105 3795945966134784158
143 106 -4812849235549399998
143 107 5467948550776189467
143 108 5655954871532615543
143 109 720145206182853247
143 110 1918125923158532933
143 111 2570487247642475178
143 112 -6781277527289383572
143 113 -2283283778267908822
143 114 8296540074284324389
143 115 5395020015439267399
143 116 4970363328289283118
143 117 -1643553577770730605
143 118 6685453977255919834
143 119 2010180225877706648
143 120 -3665332512565774664
143 121 -6211607447125720335
143 122 4899386463390587612
143 123 -183331440583086980
143 124 2279358195076552844
143 125 -3869117175847179565
143 126 4934548573649231514
143 127 -9116072919704211156
143 128 -1724082469491814857
143 129 -7539544480689868620
143 130 3289920991204002575
143 131 7691859323445263628
143 132 -5997017565968172056
143 133 -10758370890216131
143 134 4637885005009162974
143 135 600669771294048563
143 136 -703626380591809570
143 137 -7410404300269134938
143 138 5771372301991504784
143 139 -2557628675476691445
143 140 -3262113374863340181
143 141 -6873178913069241749
143 142 -7340459161001328921
143 143 2347535559979778690
143 144 -7258845035546528067
143 145 -1569203420250700723
143 146 3417059209701634013
143 147 -3895326037145540501
143 148 -6694716294284859162
143 149 -2050735473704946738
143 150 2475541349097984141
143 151 8254502192879007598
143 152 6002659446596092039
143 153 757812955867770924
143 154 -9080285351714071701
143 155 1357999054800657706
143 156 6954380164848372863
143 157 -6656642151788572952
143 158 -2284712715429267929
143 159 5150442381350192470
143 160 6934219194399122658
143 161 -5810559648135331311
143 162 -2064976410301993114
143 163 5725538437750269055
143 164 4450176800923455318
143 165 7176751962391263735
143 166 8089653444682288183
143 167 -2474112862582424294
143 168 -3667272590039589039
143 169 7448271525191345269
143 170 8279752999375180860
143 171 3405042094598126010
143 172 -465076448706851804
143 173 247437835147822625
143 174 2236780717559239584
143 175 7381433701855861599
143 176 -3532290870234882636
143 177 -2461714519984929408
143 178 1698173321275064961
143 179 -7352045076148749658
143 180 6233524820001716635
143 181 -8206434384321339013
143 182 -7563124003300578702
143 183 -6963620908660443492
143 184 1770086828713844760
143 185 38939530117994572
143 186 205682259497728114
143 187 5467032223459120248
143 188 -3806925792867987976
143 189 -208540424398075689
143 190 -8627578001528961741
143 191 -7854221646441984922
143 192 -1975644501449066157
143 193 -8851823566617940836
143 194 6011342071533081612
143 195 5096666129438778598
143 196 -8844868769166669523
143 197 1879044418734571758
143 198 1409123982580374526
143 199 4176314865776380517
144 0 -7870194584690802485
144 1 4833538186372025088
144 2 1693119993230435797
144 3 8289737125895857783
144 4 -2123579350612613533
144 5 -8644456914228186167
144 6 -2917833928883149565
144 7 4865419922375958763
144 8 -5030804614258626207
144 9 6786207998005266726
144 10 952781271496584256
144 11 -1268315888933277952
144 12 -6664368145657941341
144 13 3839880324599747035
144 14 1844384227693011843
144 15 -8001465971099427768
144 16 -1543939028444439622
144 17 5801911804855685152
144 18 -5737506256676371028
144 19 630676088327086480
144 20 8765894248503684302
144 21 -3145337699945346981
144 22 -3614077404077295616
144 23 -5576733033424913045
144 24 4803296778968072972
144 25 7366509616801460641
144 26 -9000125786124164525
144 27 2813065707248367828
144 28 4060414647186847509
144 29 -2685957305994284597
144 30 -2138185047039633321
144 31 -4086469640413944640
144 32 -693687558516486457
144 33 4044526678657213270
144 34 6992017771674891031
144 35 -1726309207948164071
144 36 -4793483971717593858
144 37 -7578544871426922248
144 38 -1272602411135717682
144 39 -7669064865528377218
144 40 4989723611367606964
144 41 4615662259542697446
144 42 261542597324157089
144 43 -964937756459950634
144 44 -8365528921026184104
144 45 -7112574517466614548
144 46 -647273560082505707
144 47 7641005266776473669
144 48 1684198841328817617
144 49 -5905868256247392256
144 50 -4989094446545127663
144 51 -2585987083788330898
144 52 4725459848545358221
144 53 4643769205944808169
144 54 -1708894071790672038
144 55 -4544741920431288541
144 56 413521383958780647
144 57 3998264999074693906
144 58 -8925866991337883223
144 59 1162191205544146635
144 60 5540935639057788699
144 61 -5950592564638480210
144 62 -8597803345371923075
144 63 -6254593019183173039
144 64 5234325692480447199
144 65 1351795704810260817
144 66 196099277610090214
144 67 -3666397870273331300
144 68 6725225882695439207
144 69 5772126262527536062
144 70 6208845595851462641
144 71 7803392602137214308
144 72 -1664529244443171252
144 73 6883433291802071642
144 74 -3185371952289238509
144 75 -4252509236940488487
144 76 -1340912152026393905
144 77 1602309499556356343
144 78 -8723503516665807819
144 79 6446391684355358558
144 80 4320497205751880370
144 81 5894881008976859793
144 82 -8065187613072048614
144 83 6615897180511073913
144 84 -8729784542904305892
144 85 1546177644295640432
144 86 -2736468553651619954
144 87 -682300840448958454
144 88 6352077003279896986
144 89 8607548778945654281
144 90 -8444923989526360660
144 91 -2937286575902548874
144 92 3733498441176374344
144 93 6254544406210804206
144 94 -8709864600197780509
144 95 -5403459502117165871
144 96 -2920518467794785385
144 97 271685304559400516
144 98 -7489019432886185329
144 99 -4419760960813342643
144 100 -1416213893362552585
144 101 3484223302778143548
144 102 7437209315220325313
144 103 5911103926578699196
144 104 -4979107108812083003
144 105 6976875484426934428
144 106 -6411704846129275193
144 107 3438696959523657675
144 108 7409215961956796498
144 109 -144336855272190465
144 110 -5523781642087059267
144 111 -3603885381517361688
144 112 500048125408653323
144 113 -5441079864950044040
144 114 8716132555541239612
144 115 -830376800396335550
144 116 2393296522354339894
144 117 -8948529245633336532
144 118 -5941674347554833746
144 119 5920759308472834715
144 120 266532266561994598
144 121 -8931220650768136600
144 122 6134048775353093765
144 123 -2702642967486017060
144 124 -9052652751022085497
144 125 9115260920103749531
144 126 -4351442835985009245
144 127 -7257613996733177738
144 128 -5938557174216307648
144 129 -2316863903317719071
144 130 6473766430628815926
144 131 -6854549041289153737
144 132 -339992616527964376
144 133 -4557641800848810564
144 134 -5863966567148555773
144 135 -6420976361793165763
144 136 1901502421999696243
144 137 356653448688384464
144 138 -8734683297061160686
144 139 -1123884828208889856
144 140 -1961301247080360089
144 141 -4690267702398767472
144 142 6647077818341791321
144 143 -7382968945211125961
144 144 -132175525528457163
144 145 -2263981756689067985
144 146 3268967981295914564
144 147 -6184982705101372702
144 148 5100672332941463986
144 149 6299943495134151462
144 150 2772654290167601176
144 151 -7471240772022583562
144 152 -933407258223435154
144 153 3301033163670063454
144 154 -8558099805809395119
144 155 1580827373481216545
144 156 6039485780055208791
144 157 -1682722987387244643
144 158 -4154652454311379906
144 159 -3126059498148928578
144 160 6617715303143783852
144 161 -5146439501701908496
144 162 -8244978052834375455
144 163 -5656073315511358785
144 164 651787464827026904
144 165 -2905999900501921711
144 166 1106473885867672163
144 167 427436812607362552
144 168 9139872436451387464
144 169 -3738286308768518710
144 170 6448827741604399152
144 171 4909603814391032585
144 172 -6203952567902745148
144 173 -8356701937606513031
144 174 6708700021085128306
144 175 -4528802007745379351
144 176 2291887505591810720
144 177 -2982031193878275619
144 178 -782414793016356025
144 179 -5073902855937611282
144 180 36892545429412067
144 181 6321540455801266419
144 182 2691622528206788823
144 183 120697125537452467
144 184 -3967959332188956344
144 185 -3034130829186876741
144 186 -507780897939511407
144 187 6178041973829232242
144 188 -8413597828441857105
144 189 6940816358730217912
144 190 -5512229343278831889
144 191 -2930673331571835767
144 192 -2580398585018806768
144 193 -1995813300101886733
144 194 2519540266153866686
144 195 3493929333846181711
144 196 -7301690346883393780
144 197 -4896995907913951623
144 198 -3428087053395214078
144 199 -8784453022392962857
145 0 -8319900205290470292
145 1 -7015849552923101311
145 2 6650131905084701712
145 3 -6621428240827118747
145 4 -3119209614245204734
145 5 6561181822092799086
145 6 5135577299832295941
145 7 -7732403620334462119
145 8 7101228565574505204
145 9 6127111484732311379
145 10 766592026706569031
145 11 -5641972285116815277
145 12 9070422777895981925
145 13 6401832828568209753
145 14 -3765837832330277328
145 15 -2381082793545438129
145 16 -6516837265387784093
145 17 -742424494263613711
145 18 -430317839921222599
145 19 7964810114252275008
145 20 -3293420438979805955
145 21 -7056992212326700062
145 22 8865001838798246765
145 23 -8300546015146032777
145 24 -7958004034437137883
145 25 -2854945886994182210
145 26 -641702377665389054
145 27 7558217425669625158
145 28 -4063054867776690357
145 29 4611091070582537752
145 30 -8842983969897572345
145 31 -5435950284678245245
145 32 -3001781386020952556
145 33 6171966485561301667
145 34 4882549537090827943
145 35 -2839084038885873689
145 36 -6429583913266643702
145 37 -4480761860115966160
145 38 -3184004003412574076
145 39 -1646885744317833756
145 40 -1663130847096188768
145 41 3836702097228014476
145 42 464093585190823967
145 43 6711252752311730275
145 44 -3938196218106747414
145 45 117136747482799120
145 46 -5741276607742172663
145 47 7515046105708958771
145 48 3099888435403147062
145 49 -6748415469398886446
145 50 7327504317973294384
145 51 1874569597153107715
145 52 -379247150031320059
145 53 -4425648012696776930
145 54 2504332795238453159
145 55 -6462058787279397560
145 56 -3756872042570884373
145 57 5862804770997005489
145 58 6989775741896660524
145 59 -221851006450342364
145 60 -1531180988600622889
145 61 -960058367719156350
145 62 4565343837992544023
145 63 6418657690329129540
145 64 3804119296170638933
145 65 -7411783148122552899
145 66 9054341633395282320
145 67 4861925415535440057
145 68 -9100706650926634403
145 69 6791411729873692237
145 70 -3521340593653954171
145 71 -659446262168777484
145 72 -2234125152271487038
145 73 266861187222728940
145 74 6471483764462891502
145 75 -8076884246850876802
145 76 3209381551004717781
145 77 4363580008061643306
145 78 -8473165487050053345
145 79 7351410158961899013
145 80 6425085107604668808
145 81 -6416028854061371013
145 82 -4413694081555576270
145 83 5328108986550341953
145 84 7893131488755831996
145 85 -496673942631190796
145 86 1554553723071186078
145 87 -828124481408142816
145 88 -1873234675110549751
145 89 -7308543126358487547
145 90 -1511290438523016638
145 91 -4054193434714502473
145 92 -5125362129425104624
145 93 -3544188413249530957
145 94 -8042801277057183448
145 95 -5363980508373489870
145 96 -3162094106210957582
145 97 2638269985800367155
145 98 -7488974313731966725
145 99 890430191541710004
145 100 8873490866889784674
145 101 8381943475320780588
145 102 1199684049206459649
145 103 2279444578862821222
145 104 3097751284922353647
145 105 -5431687842193857165
145 106 -5403285202503655558
145 107 1507538819232042745
145 108 2306360876305234827
145 109 -6245111759531536734
145 110 5823448046868071955
145 111 -6763635127641482588
145 112 438552961336197752
145 113 8938633701161455825
145 114 -6391186786443815639
145 115 -8298962051462679202
145 116 -461975211776012058
145 117 8229211100557233379
145 118 -6667257253731284109
145 119 3652116548941667412
145 120 -7100388219526393044
145 121 862819294327434755
145 122 5477397101152537679
145 123 -8856035864387860413
145 124 -2842944384126802186
145 125 -464385357190435364
145 126 -6856696520572267178
145 127 -4239823367281665066
145 128 6440603929170137979
145 129 6797182075121006270
145 130 -5767829700675152249
145 131 811802228536190576
145 132 -4268185489676699005
145 133 -1182483015403050877
145 134 5750791332540578173
145 135 -8239052903143030618
145 136 2622838158652990182
145 137 -2667836731721632204
145 138 4270740440185596560
145 139 1906225465528326977
145 140 1079368106969217983
145 141 3540186349329225766
145 142 -622797237815595837
145 143 7628502551491131452
145 144 -8816696622365490353
145 145 -2601905653382840573
145 146 5448610613029138056
145 147 -5864540905344591717
145 148 -2762892547048120239
145 149 4265619393729830040
145 150 2600340131869474101
145 151 -7776645972938829142
145 152 738398899474027669
145 153 8324006743560990354
145 154 6748430687948651749
145 155 5117424813642975829
145 156 2025473824956805207
145 157 7193063065386491107
145 158 -6565117073786132509
145 159 -3601087082010548381
145 160 -3174485311436647278
145 161 3917828710333799236
145 162 -1401632395686221909
145 163 6041793645699487261
145 164 1417067087870312031
145 165 1040767364588142460
145 166 3139480142068361357
145 167 2604472153092260304
145 168 -7062693525658057756
145 169 -7095114621099612471
145 170 3943521093728416169
145 171 1140784659337744734
145 172 8820293357542256257
145 173 5153051791810162904
145 174 -5330855647608527758
145 175 -5577910699394147867
145 176 7115795721554800232
145 177 -3830731694191813958
145 178 887757600206624882
145 179 -8789334245103546829
145 180 -3648835819923540602
145 181 8764455665774002663
145 182 296762729831564262
145 183 -4921791655466190445
145 184 -1242003057794796643
145 185 3013810114447126916
145 186 6374761595231816045
145 187 -6896839061401229209
145 188 -3485732169470172784
145 189 5825088256793307649
145 190 -898315023141648779
145 191 2658335958498964028
145 192 -6564405775633085094
145 193 -5266599699186007050
145 194 -7624767588482180982
145 195 8310051311750072199
145 196 -3157735766338838875
145 197 -3467377376338548070
145 198 5496809098121643095
145 199 2016121826308918257
146 0 -2395865308223450718
146 1 6999245252554075700
146 2 -4473616050006979575
146 3 3007875430240119713
146 4 -6032138852645411560
146 5 -4315102168703440807
146 6 -8560975470216828391
146 7 -6078434653193644853
146 8 -3500294248405633877
146 9 8549719518213275718
146 10 3463934981944095700
146 11 -8746946978174817565
146 12 -9103141978771521016
146 13 -8242432621985660444
146 14 -6965325559327377777
146 15 3298144868820940515
146 16 4031893937723040371
146 17 -6958234492756878475
146 18 -149537017243549020
146 19 514573816732299559
146 20 6600080699398145290
146 21 -49771433650072709
146 22 8103113264694649466
146 23 956565967829290349
146 24 4720205932835863980
146 25 -568350224210229165
146 26 -3808002537699613138
146 27 2980539739589899826
146 28 6379029390868408802
146 29 -7611772676707208129
146 30 4775777008668747205
146 31 1089837957356076635
146 32 -3556480896711929216
146 33 -3548332025181680437
146 34 -1907980839060308177
146 35 -1979702976477876832
146 36 286319957923970106
146 37 -3469490473861029860
146 38 -3018980167402776205
146 39 3316512413847319669
146 40 -4099964337861985032
146 41 -8468526421640291969
146 42 5480440402429988004
146 43 -668703291123417806
146 44 -3035946648148587981
146 45 -540753144302545516
146 46 -2134234799801748962
146 47 -31304361398449551
146 48 3091135971838683174
146 49 -4950879114660196668
146 50 3366634511758083692
146 51 1280119448269895102
146 52 -8244061820818503162
146 53 8683585058734362596
146 54 -626827296420326909
146 55 974350196288466110
146 56 -265080053217209214
146 57 414464297922699780
146 58 8790897778128851901
146 59 -1930851718392523737
146 60 850943296052345219
146 61 -227199157867093085
146 62 412413341896931405
146 63 7329694449674573420
146 64 189762398647307635
146 65 -769190323574650938
146 66 4166443545291468670
146 67 -7106850371209679257
146 68 1273875533515602150
146 69 1704510358686267001
146 70 -3794511073968666949
146 71 -4867566167758998967
146 72 3321858510838779577
146 73 -5634446140643833927
146 74 -1821210809708722444
146 75 348735545596560096
146 76 -4555427664581839136
146 77 -2550305036849188487
146 78 -1114610385994957342
146 79 -3251928306707498638
146 80 -3408550105173507886
146 81 -1415427042312612505
146 82 3267120487154178713
146 83 2693172129756815658
146 84 -1475269388925545763
146 85 212248422744362523
146 86 7068107844828788958
146 87 7388158149213140315
146 88 8869402435948874119
146 89 4674911432080077076
146 90 939863736594210308
146 91 -3201599671201949313
146 92 8365197449197922370
146 93 -988163134878112647
146 94 -2733234782276476269
146 95 1236439726591663872
146 96 -1016810164086760945
146 97 -5866736620016093152
146 98 7874150515541818580
146 99 644710040856789777
146 100 -5064515618994733573
146 101 6056750129151776782
146 102 -6908049789587147941
146 103 5349816296070948275
146 104 -498560408980967243
146 105 3970656586946286685
146 106 3618171975985362135
146 107 3674817786518612862
146 108 600529058736506695
146 109 -4369552517701184349
146 110 -5021849312729916623
146 111 2147247882668225977
146 112 4387072328151735765
146 113 -1240735907279048289
146 114 344817115728195637
146 115 5962169837594310366
146 116 -4262862839203718488
146 117 -1011449166281600834
146 118 5831935478577427026
146 119 8679443151489185916
146 120 4316569005644944046
146 121 -2071169834160619148
146 122 6297361287976135648
146 123 4905993668897354495
146 124 3909056948852145613
146 125 -4785780227598500966
146 126 -4039947590766156009
146 127 -5351928687285907823
146 128 8498398689101692829
146 129 -1167440385483830860
146 130 1641110180779521270
146 131 1305396438439673687
146 132 58702852145614188
146 133 3603958064398743774
146 134 -5717588351793376264
146 135 -8404543604741490966
146 136 8806706918121727139
146 137 -2041703006571687454
146 138 2631436402762105147
146 139 -649042019406205292
146 140 -6553677720244095978
146 141 5400995870635323926
146 142 -7562233737039295696
146 143 -7061088637135043502
146 144 4415352379822811177
146 145 5641561894215305535
146 146 -8527726800871375496
146 147 -230933495812333198
146 148 6920275517163626836
146 149 -1593469195667375467
146 150 1398029358236528777
146 151 -7027514699573865901
146 152 -2062677092091931007
146 153 4236927015361842188
146 154 554012849217773394
146 155 1436953741744674905
146 156 -1946526606522842905
146 157 -4668977709255411118
146 158 -1441591457476226412
146 159 203172835452380291
146 160 -6802894913304054217
146 161 5478367192063938416
146 162 -8316568660357604036
146 163 -7141403597102423133
146 164 4084977416047179565
146 165 8618141437771908670
146 166 7355705174077937935
146 167 -7156151251463216349
146 168 -5900564453740081464
146 169 -695742075303190874
146 170 -9055521076157649168
146 171 -3839915807510765574
146 172 4256741459614821477
146 173 8548571205854728238
146 174 -9205483010099324788
146 175 -3773706772981231421
146 176 -5724503899327536809
146 177 3039537775239290418
146 178 -1636700513713707230
146 179 6247278007447318277
146 180 4161680791636263676
146 181 -2123455439312325918
146 182 7978688500093828254
146 183 8148973889021629418
146 184 3111677730475296653
146 185 1657253086685252243
146 186 -130682827683820358
146 187 5486262803878061514
146 188 -3087956261742832096
146 189 -327377444858919326
146 190 3479951369470705918
146 191 7497853258378508509
146 192 7237761477817106688
146 193 5672536738597908323
146 194 -3292451767958781440
146 195 3589999557621621796
146 196 -5596264359083427911
146 197 -3844775266042638930
146 198 5615696321105473349
146 199 -7419128551738216169
147 0 -8911918279638292036
147 1 -2188399581233433078
147 2 4295297261608790280
147 3 9170926454547776293
147 4 -8321388920158700614
147 5 -6686950433731355661
147 6 3082654814307782211
147 7 1377753616584968498
147 8 7119912614871729370
147 9 -4906660835933264255
147 10 1641156201165081811
147 11 8839377067705677000
147 12 -4138695442875688322
147 13 -3355426988388428915
147 14 5749948505912408961
147 15 3169704214426335016
147 16 4857270833217169425
147 17 -6591333588134809528
147 18 5998279488179048511
147 19 3502512357516772007
147 20 -7078653567818697139
147 21 -1243718503155107570
147 22 1569543279227557452
147 23 1614299679933440754
147 24 -893108400685871411
147 25 4671188794562958906
147 26 -7066273012502948810
147 27 4982863428063091067
147 28 -4057816946350266273
147 29 -473860554321321191
147 30 7816936041666438796
147 31 -3100026974019596710
147 32 -4124923491430037436
147 33 -2587875958156045517
147 34 -451640566333011305
147 35 8674239836008605297
147 36 770339233057796660
147 37 6647530752494136383
147 38 745581520161018362
147 39 7745414947232445212
147 40 -3759885969097961978
147 41 -5226670278512822150
147 42 1951615032386979322
147 43 5027021754238418692
147 44 7829923736056096019
147 45 7258494411607123125
147 46 6362008218655365614
147 47 -8637470007905397019
147 48 2630457853019393259
147 49 -3019304546292677468
147 50 4021927455363946798
147 51 41647648134789177
147 52 -8141237454361750116
147 53 5369845765938095142
147 54 7120813556658989479
147 55 -2040589343943804466
147 56 -5733196638266284948
147 57 9010497058462358263
147 58 -1986617914298290801
147 59 -7996698532817485379
147 60 -1285923188752138211
147 61 1817050069647941964
147 62 6317280242033273592
147 63 8257011366127797473
147 64 -1001185084065739300
147 65 -7507922396725120297
147 66 3341052269757563637
147 67 6682144621685755226
147 68 8837747291599464074
147 69 8011658742524537117
147 70 -3551481963707692184
147 71 7359648558359517353
147 72 -3428391890430001154
147 73 7750572643201487471
147 74 -6424601487383782107
147 75 -7131129191925001439
147 76 -5386687734880920351
147 77 6249941308906271017
147 78 536861999739272382
147 79 -3413892779842923267
147 80 6815133999845882270
147 81 2656230596844932284
147 82 631749678701732917
147 83 -6442184767986085433
147 84 249629990994467091
147 85 -3053276834621735046
147 86 779491367603726294
147 87 -8891914971423313960
147 88 7046401116148311248
147 89 2829782604743482926
147 90 3389716914558132415
147 91 9113725863780313265
147 92 -7541233669907545346
147 93 9157716005664007300
147 94 -2987394127733022249
147 95 527102873738194392
147 96 8540632712628899715
147 97 -7335531129035158606
147 98 6635678441887770700
147 99 1313852386751993055
147 100 -4726292187873084243
147 101 3785694430159644495
147 102 1322535301721638313
147 103 -9096914992536605107
147 104 -8256258387320916080
147 105 -4518691259275510043
147 106 -3513759932136099359
147 107 4259917249969730557
147 108 1267760248872606485
147 109 -4360375194594507338
147 110 4831483105492655775
147 111 3747701992418307992
147 112 -9215882223620563572
147 113 5233671077447637002
147 114 3970090184076182435
147 115 -3428623069757239472
147 116 4413571413958398515
147 117 3160755501164094994
147 118 7500091519868853470
147 119 -4560234297347753446
147 120 -3582020050128477110
147 121 -1777678225644674566
147 122 -1368676394938331229
147 123 -6549967165879312098
147 124 3715574349521631668
147 125 -4129564849876892388
147 126 2219839905750638208
147 127 -1863925675501029817
147 128 -5117155060122776630
147 129 -8419492349264826631
147 130 -7876284330413693258
147 131 -2144539740441839699
147 132 2876740421824327416
147 133 -1724356672187144886
147 134 8526295335448726503
147 135 4889728523630031366
147 136 8876173382895994982
147 137 1662342908146621630
147 138 -1185208409903514146
147 139 -6420018685026442100
147 140 -1268915934288478175
147 141 7057706337913688933
147 142 -5337607782852003384
147 143 5251576397308831069
147 144 1453214014122076307
147 145 6944076237979042306
147 146 3383951650249759203
147 147 -1947668575383634474
147 148 3886430725489519427
147 149 3992239261933235550
147 150 -6374460460894412210
147 151 -8338870279628603444
147 152 4184317514180239754
147 153 3254740603268152289
147 154 4172063642006001816
147 155 -2306551473210969143
147 156 2876225842167890829
147 157 2028654840451663083
147 158 -5297843966319744753
147 159 1995960457896195549
147 160 -7998606074943572949
147 161 5412826900891102666
147 162 -654026221752227361
147 163 -7273621338667895856
147 164 2949419480697760008
147 165 7080875858181844302
147 166 -3395735674493148165
147 167 -5927204854965095534
147 168 4981007770748223491
147 169 1713321800994604046
147 170 3198771436864268780
147 171 2990253504294010100
147 172 4405544326262067639
147 173 -6472020138921412379
147 174 1550622050516555098
147 175 -373955180101146637
147 176 -4123256725434132725
147 177 7691127949360602988
147 178 5233884427223339914
147 179 4372295994520817280
147 180 4426538278107651765
147 181 1715372433626749873
147 182 5569577863098414622
147 183 5464124119090651314
147 184 4830431413513917805
147 185 8908450404554947533
147 186 3565790162445515326
147 187 3255754698414651456
147 188 -3754348713860074479
147 189 8628532501203381388
147 190 7188511423086248925
147 191 8839817429997904514
147 192 -5668126883767198192
147 193 -6656006865837718202
147 194 2469226589303575378
147 195 5121311927531899757
147 196 6764615880293541742
147 197 6183000893507947063
147 198 5565909845950711329
147 199 -7078399535209668568
148 0 5529643550202476455
148 1 7697536862609025711
148 2 6255904949561225190
148 3 5314170671340490532
148 4 3124715693388322266
148 5 -9031561499386918239
148 6 9165609171233842528
148 7 5048492771925318445
148 8 -3018852508547596089
148 9 -4804375878662114388
148 10 -1557389091071441364
148 11 -3994644904144870329
148 12 8025956090655809747
148 13 -6031806465547161495
148 14 -4224545776754285209
148 15 -684801169820234034
148 16 -5954265745231515163
148 17 -6030159306920499985
148 18 2517500679525208458
148 19 3414933180441246790
148 20 -3006072786821735948
148 21 -8417262519709777842
148 22 -7099607740108951590
148 23 130871442973457835
148 24 -142915355922829203
148 25 -2222535295971863482
148 26 -3943712515597917669
148 27 -1296819172774718888
148 28 8097961309443631167
148 29 206769982288595532
148 30 -8881956994373667881
148 31 584702993178588561
148 32 5051663398521148780
148 33 3287419361147361065
148 34 -77737859978577501
148 35 923182442530705757
148 36 -6033356156152510639
148 37 -134056963462519512
148 38 2043640032379749312
148 39 -6113357080063749506
148 40 -3336605353332512350
148 41 73415552222605809
148 42 5345894523788128478
148 43 736230333305405689
148 44 -8589341799468110173
148 45 -2433594768525305946
148 46 -6611557954598600081
148 47 5506657457296126423
148 48 8367377172550065416
148 49 7703541842155645368
148 50 4663921791676129993
148 51 -3618044627750987181
148 52 -7679430045341019866
148 53 -8353581540688147417
148 54 8275808388299308304
148 55 -8413292689616594090
148 56 -3106963110610817208
148 57 7985505405201149875
148 58 -2229607463613172021
148 59 7551831649693382724
148 60 -3134152992594968650
148 61 6268657632780904710
148 62 -152810871902619558
148 63 2310129246394059380
148 64 3205178580205164632
148 65 5355418633428986496
148 66 5911372735172862520
148 67 4797118813858052120
148 68 5310096878646988359
148 69 7779931198749021440
148 70 -3739008359917124009
148 71 5292913946099928963
148 72 -1091494201055564634
148 73 -3970779516951746182
148 74 8638748805227093625
148 75 2744981793401770078
148 76 6799082997522179555
148 77 7938363985515303887
148 78 -2919237489988468500
148 79 -5296317926743975472
148 80 6748660095904247894
148 81 2787845417015199441
148 82 71669015473731947
148 83 -3472622151710108670
148 84 3283865546394853105
148 85 2709179137324492338
148 86 -3107842099552652436
148 87 -841416434743325711
148 88 487927645424491629
148 89 -5944315180240203303
148 90 4264106777425574095
148 91 5871056352606387782
148 92 -6483955364307614961
148 93 7453494408292716506
148 94 1536094006717102643
148 95 1144186255449141772
148 96 3017852883569036235
148 97 -4917876780518145723
148 98 5371964537519314084
148 99 2540050569235026736
148 100 8065949106063292582
148 101 2860746433431500705
148 102 8782161213375371876
148 103 3069439184105467640
148 104 -6325348403090676252
148 105 -7583243305479636876
148 106 7611233527836644259
148 107 -2955727847444602486
148 108 -4970280780602927638
148 109 7235478355348003934
148 110 -6932236163562341528
148 111 -2477304486744214207
148 112 5052583713232960990
148 113 -5370701466345659278
148 114 2685979518348149263
148 115 7730092679529140179
148 116 3505957167181244734
148 117 6811206911396270879
148 118 2299633012307235803
148 119 2686120590086822883
148 120 -7973086591733132676
148 121 1076809497455409610
148 122 7053791283480194807
148 123 -1176910135437449132
148 124 4030621940336900046
148 125 1832503210440922613
148 126 -8480954911228568072
148 127 6720373878720373252
148 128 8294038359333594113
148 129 -9171329720410232603
148 130 -6520085723766941614
148 131 7529469944874709627
148 132 8792459677790015808
148 133 3580269400097696354
148 134 -7478218192950433927
148 135 -8940321860929077134
148 136 -8670369940912695498
148 137 -6527266804698828731
148 138 -7900972392910725119
148 139 1670758380325255988
148 140 2652945812070320343
148 141 1192237967496497712
148 142 904978777448664651
148 143 -3317546257947845965
148 144 3758552463067373792
148 145 -1502233006640226378
148 146 7224028413192621581
148 147 5423597466215424200
148 148 -4749076949743135617
148 149 -4218636528944037814
148 150 -4344823517860007102
148 151 -987360210910385890
148 152 -6633589289017963301
148 153 5975361369019723658
148 154 5971096897821310175
148 155 6738421042947630628
148 156 4436878017980414648
148 157 -6485296086516222905
148 158 -8379793753321344133
148 159 4680077609886074316
148 160 -8277404981665155267
148 161 8260172709170025860
148 162 -2455615006541102862
148 163 3114202684787136279
148 164 -4724494637906395707
148 165 7800134325787110764
148 166 914745605015114728
148 167 849224293670878706
148 168 4989092070457398160
148 169 -6848998233384121525
148 170 5357301503250798931
148 171 5923911279176146793
148 172 1255311016323838426
148 173 5241591172949015658
148 174 8850784587259269416
148 175 2942947708673661770
148 176 6105985048277716621
148 177 -8206419972955858377
148 178 -7513058050683003175
148 179 5614766955694920450
148 180 -726304631167443746
148 181 4905527240227273860
148 182 -8129397333556739629
148 183 7599382168899253893
148 184 2984892198255630637
148 185 -406598429327360874
148 186 -7892886942062784369
148 187 -3195553767042293092
148 188 9140728168401608384
148 189 4893258313687528675
148 190 -3359124914418179144
148 191 2943088987393853152
148 192 1257514440668548746
148 193 5126614186753892639
148 194 -310334274171588631
148 195 1644231581061757324
148 196 -8001358856436973948
148 197 -5717115910248406493
148 198 -193394718375896244
148 199 8172471984749990896
149 0 8734082004953877763
149 1 4261544898052378970
149 2 -3665531802954367777
149 3 1702545183073942874
149 4 2385850305892490144
149 5 -7031943930079238612
149 6 123190096351626958
149 7 -1334221337380718095
149 8 -2609445397050817423
149 9 -1798520571197603590
149 10 4845558443868452051
149 11 422575738002394694
149 12 -660399793424202229
149 13 1439513469843821104
149 14 -4970920266112817569
149 15 1345396399822082141
149 16 -3903381597944119576
149 17 -2562720465951541767
149 18 2122388654551874575
149 19 -882279319308070951
149 20 5031672410554294530
149 21 2905918468164192239
149 22 8323185073365997411
149 23 -5969586163588635369
149 24 -7571516706396139281
149 25 8405815891019106145
149 26 8546914559384166104
149 27 -4154280330846155604
149 28 -8088327448787451929
149 29 -8473429426915168243
149 30 3857073108977055846
149 31 369300757504846439
149 32 -2510569687842736607
149 33 4687519241263614616
149 34 -8900677627627154495
149 35 4712736970570046266
149 36 -3904958997006982099
149 37 -8965041756847085427
149 38 -3262177887527213030
149 39 -1888344695246152453
149 40 -240543898447659809
149 41 1975387819936857000
149 42 -7199597127691190545
149 43 -5927220296467995352
149 44 8314298498191396766
149 45 -6816612540775592868
149 46 4260114970832479968
149 47 -8631928182820193817
149 48 4198992097775731851
149 49 8746831650899785878
149 50 -7559132827594321994
149 51 -5470403008778551314
149 52 -7226875509902579079
149 53 -2763641985276079509
149 54 -7252424968398030924
149 55 5324004272907752721
149 56 -2663705044906944934
149 57 -4513044200247417015
149 58 -8638113185198032717
149 59 49947803600541078
149 60 8547968681357476679
149 61 4146431014938918399
149 62 -2316111502060100023
149 63 -8966900941564214959
149 64 -2511338845981250498
149 65 1456905651700697817
149 66 5455917687734684881
149 67 4343547771105063379
149 68 -358588746695930171
149 69 -2230369453102232357
149 70 738860380958011785
149 71 -6717896434205967668
149 72 -3951543184145863997
149 73 -5452947430348970362
149 74 6919832856981734187
149 75 5210924949595637932
149 76 -2503471022528260501
149 77 -5701686654839865308
149 78 3099111035934585217
149 79 -7948901394417686568
149 80 1916827349122738811
149 81 1375610268954072433
149 82 4488843959513729360
149 83 -1553072466317377929
149 84 -1086653234878073750
149 85 -3108485154550602634
149 86 3378252841058656832
149 87 -4439019477828634038
149 88 1240630277306103975
149 89 3443887893135363218
149 90 191784051770921131
149 91 756660723511433886
149 92 -8099907665118562068
149 93 6510428847014935509
149 94 -2889418055184309998
149 95 -983314982384433097
149 96 -8187565660417829011
149 97 -260580212662952279
149 98 -5310672463157714307
149 99 3962162475078740111
149 100 -4329959204804855996
149 101 6510389010596906937
149 102 -6498921372864455656
149 103 3217310078879903645
149 104 1622353876951267004
149 105 8010417614445451240
149 106 6099388611378994232
149 107 1496719077580116655
149 108 -3376619565735569649
149 109 4579412599678902038
149 110 7589305903346309949
149 111 2734089235964265332
149 112 1819081840852066745
149 113 -6085814087099888638
149 114 385534461729244714
149 115 -9075196165680109086
149 116 9189866012369305952
149 117 -7209248097464095524
149 118 5134533743417649377
149 119 6093101792284883722
149 120 8351891083318034924
149 121 -9201159368382464040
149 122 -536993758057457593
149 123 -6993399284755961519
149 124 1624494547219267546
149 125 -7243715913405716292
149 126 8558998121902855563
149 127 -3966307771642726405
149 128 -2758959585545564769
149 129 2013485037670283438
149 130 -7006342154965890124
149 131 1539201031779494656
149 132 1681261245883365596
149 133 3427639427054075886
149 134 560010251564165586
149 135 774524236710898756
149 136 379743227396159079
149 137 -1901638237280760261
149 138 -6737491754852470756
149 139 2438065787851291994
149 140 -9204622689916960196
149 141 5786374594821801421
149 142 -3696540071541892458
149 143 -3296714842632158463
149 144 5122334362465334392
149 145 -2421465281538701287
149 146 -6599359515570129054
149 147 -4726337342256992794
149 148 4970190525708576821
149 149 2560290765928830487
149 150 -8582755701445413730
149 151 7041268467307119797
149 152 -6392833958831957290
149 153 930994804840255091
149 154 -3450060984576911946
149 155 -5222180218518964981
149 156 -7878156166716195547
149 157 5292827886939521279
149 158 5132714408710868442
149 159 5947289375661701415
149 160 4612807229701802497
149 161 -6154114199386757116
149 162 -5958640053203227573
149 163 4807460179551546886
149 164 8197495371934955323
149 165 6253353593748880183
149 166 2557903276927698059
149 167 -49850912953753337
149 168 5004161440467600174
149 169 -1379357453849539274
149 170 4639133299040004440
149 171 1011403716883307611
149 172 410231324460995836
149 173 -7989882241387169495
149 174 1541526480987410666
149 175 -388724374633933327
149 176 -2213446015841503669
149 177 -6931483366951807360
149 178 9010309128848471974
149 179 -5348675175082694008
149 180 2533989882963148320
149 181 841931493799647692
149 182 -1397107875209399451
149 183 5011705697741014764
149 184 5684085528508912651
149 185 -2763318133515901892
149 186 -1872642082502098412
149 187 -1418872955449635126
149 188 5015654822497123809
149 189 -4974996574419416831
149 190 5745165727265856148
149 191 -8584936332198837628
149 192 -8725010446509253517
149 193 7876361513621813538
149 194 -2623986380022307812
149 195 4986677411121767988
149 196 798940359393032048
149 197 -6484614336581538800
149 198 3877972073355872162
149 199 4758315636659382261
Tempo de execução: 0.0061726 segundos
