200 200
175 0 4685919328530696295
175 1 1064480399067127084
175 2 -945111028373699541
175 3 2341535092441452429
175 4 -6058223700621550204
175 5 -4971906553085365580
175 6 377372575767877508
175 7 4873565178039714189
175 8 4687174864286473190
175 9 -6649583288314965012
175 10 8639495505209116901
175 11 453504166434514977
175 12 3078533586115274601
175 13 3052941317139950641
175 14 4237893558907912165
175 15 5172708467026090710
175 16 6945129696441768506
175 17 6956815576372293674
175 18 281085659924914635
175 19 5382442374660851034
175 20 -8805233531181163556
175 21 -5998528320270933909
175 22 7773106698022241189
175 23 -5630936613213537357
175 24 -8001974771559490277
175 25 -3401273617113322853
175 26 -1169664075663247148
175 27 3499313943348286000
175 28 -1798219710641574063
175 29 -5026741350493132828
175 30 7488341112145689545
175 31 1377236051210052261
175 32 1864910738980526153
175 33 -8238662818659049969
175 34 6488939731087269806
175 35 -3428084442356644843
175 36 6783560570321652130
175 37 -1060904321422088570
175 38 7694105713433687952
175 39 2945208969781117398
175 40 -228544364186502817
175 41 -1782502836863035527
175 42 5889612219426519492
175 43 592991521331549665
175 44 -6309546902244195802
175 45 5526559570991861475
175 46 -2213904970759405855
175 47 8158702906450523638
175 48 6812338506679508485
175 49 8934952180852505664
175 50 792183718497161517
175 51 -1745743290285349190
175 52 -2441322488612152568
175 53 7199353718882637693
175 54 -3824763288940187399
175 55 4803148337160410649
175 56 5467761919701466746
175 57 4995863681770941667
175 58 7470583838510780458
175 59 -1295639494836644956
175 60 2848142388314535687
175 61 -4076775906186426186
175 62 -15358539843692955
175 63 -5722913005055404829
175 64 -6354402743557441087
175 65 7052752103277411033
175 66 -2361396317979407107
175 67 -8408234888759916009
175 68 -4038583312265336438
175 69 5150607986112178098
175 70 460513192950601129
175 71 8427611674506820020
175 72 8143091288986865263
175 73 -8182420589780437371
175 74 4918834893926668850
175 75 7858570287273294026
175 76 7603408612311240322
175 77 4164885391157903240
175 78 5271450408139921282
175 79 -8370416789686890805
175 80 7660447103514665194
175 81 -2268932013430109323
175 82 3594798956489030248
175 83 143217901414647084
175 84 -2285150039495341518
175 85 -7047946652169927668
175 86 6619802145836333397
175 87 7752787533350513923
175 88 644344583291667873
175 89 -6813377894390406391
175 90 -3183792764532122481
175 91 1811753573460139049
175 92 -2164209808370637423
175 93 8439475241196812316
175 94 918307642519682299
175 95 -8903806810081215404
175 96 -297965267510438387
175 97 -2438893895433494757
175 98 -4692801821390320484
175 99 6195409413771708635
175 100 -1079638491805402553
175 101 5769250963992330544
175 102 -1479385489934010556
175 103 2946454900632371449
175 104 3402746063754836550
175 105 3697904201483339543
175 106 7299365186950331197
175 107 6666736718763693665
175 108 -2793118796038745058
175 109 8966721314683987075
175 110 -6622635696335363928
175 111 -5574956437070871388
175 112 3992714106947085252
175 113 1473828130387122195
175 114 -6011911215166326812
175 115 -5450743898208733309
175 116 -1957564002944153467
175 117 -818842284468581546
175 118 -2945611062917975079
175 119 8824347552473876716
175 120 -3147958872796384364
175 121 -551039154611170709
175 122 -7541666898812701233
175 123 -6904706062909625040
175 124 -2424453547864028267
175 125 6908187862511490456
175 126 7202887415160128726
175 127 -1738537173994237323
175 128 6408666891483440662
175 129 2098885208663330991
175 130 3223478236297349951
175 131 -2781227612308593424
175 132 6651779058371501429
175 133 -873366433024555712
175 134 -6426918818328372384
175 135 -1849203864499919674
175 136 5642560969520260659
175 137 -2745588875609502992
175 138 -8766035901235567061
175 139 -4399721858034233365
175 140 -7293963739719338627
175 141 3887499338640785643
175 142 2083575858003582902
175 143 997429628261938094
175 144 7567659635230453119
175 145 9045818413378573143
175 146 -3402571456669183551
175 147 -7061719378107059071
175 148 2866217511656808104
175 149 6680113769444784241
175 150 -5462395157562386177
175 151 4194743162864754092
175 152 -2087467759778810476
175 153 6721515471525951215
175 154 6336352959542386165
175 155 -5074212800510821974
175 156 -8947854375134092705
175 157 4010914633648858240
175 158 8681371489247687355
175 159 4902578796285819107
175 160 -3228533186558313483
175 161 2201237822339148199
175 162 -2002451224057883975
175 163 7888326959048121529
175 164 4566905152488170878
175 165 2915067635624247412
175 166 -4731588388004579034
175 167 -1805783714884379548
175 168 6569426488249626536
175 169 3499354007055124
175 170 3541020254850221462
175 171 -8379507634522182710
175 172 -53508647993113397
175 173 296882587877580440
175 174 6222361124228147941
175 175 1966029964402200595
175 176 7723325676594109941
175 177 3649597640756253367
175 178 6225867333683555813
175 179 -4854850433772517469
175 180 4414526095819437864
175 181 802707163926547484
175 182 -2663378672924136025
175 183 -7909414072791919039
175 184 -6494244115453125250
175 185 -6119309153230402197
175 186 -8387730959563360840
175 187 -6928038154098569094
175 188 4637976876914779013
175 189 -4963145343742068431
175 190 242956137731142357
175 191 -1515369072193537309
175 192 -1245558663433435769
175 193 5623332488950371629
175 194 6947378277910374622
175 195 -1664196341189603195
175 196 1630093130020534264
175 197 -9168720884164959751
175 198 -8454842850945037146
175 199 2428066166422724303
176 0 1113844608655961329
176 1 1537709758559420685
176 2 2866642443626632605
176 3 -7877836320902909862
176 4 9208627231921883363
176 5 4885731246425799333
176 6 -4280447176402736554
176 7 -7973084431184069006
176 8 1956700288404316434
176 9 -5852462003610926298
176 10 -9045991482640453467
176 11 -6963936908885085712
176 12 6548256273468442084
176 13 5528652554435257192
176 14 -4452603745908361169
176 15 -7604607730209351806
176 16 3457966926110988824
176 17 -2359723483997249251
176 18 3999982181322620726
176 19 522993838502260625
176 20 1870949235155234935
176 21 1089337918006711666
176 22 7284143722168993017
176 23 7863641936831693297
176 24 9128162001026149156
176 25 -3220450199418592972
176 26 2981685916698721447
176 27 2331906701014115898
176 28 -3318749751855935281
176 29 -3503619581564158465
176 30 -1482270984541603985
176 31 2275907826195224131
176 32 -8636967274822813103
176 33 -4718942811835733816
176 34 2817134801653176282
176 35 3876873148879097895
176 36 -6829377847543412163
176 37 409906803972435761
176 38 7343973152136444647
176 39 5538288152313799771
176 40 8970997045333132161
176 41 -254438245573141088
176 42 5416064506203002184
176 43 -972850091856539771
176 44 118352412800917929
176 45 -3897395291603875362
176 46 5532520665978689171
176 47 -8610159656585796807
176 48 6343642928918172435
176 49 -5228061888876023823
176 50 2642369473484660746
176 51 -264386133407020040
176 52 -6946569097627745305
176 53 6440275328060043941
176 54 7550117100518891935
176 55 -5390247002711349502
176 56 4910902323570479527
176 57 4002543854270830960
176 58 537922950638775481
176 59 -8919342177829771902
176 60 7342067852760229314
176 61 7360400335977255659
176 62 1638843812852839502
176 63 5281431914110347012
176 64 -7732715594562808953
176 65 -7212022589658035019
176 66 -6448324338229396442
176 67 -3896629611027592976
176 68 971529812590342752
176 69 -8213094029587243439
176 70 -1545801251102804817
176 71 6921492843978695251
176 72 -9134899029722944322
176 73 5209156236859857523
176 74 1735223190643526763
176 75 634587498219998804
176 76 6383405883200832131
176 77 -4884486417114274216
176 78 5769156517600614684
176 79 5458282579486474799
176 80 -5925212134575255782
176 81 7498213273612956731
176 82 4589732706405106418
176 83 1043474990449908195
176 84 -4439823572594700925
176 85 -5008420141702511162
176 86 -8184251010116644623
176 87 7487071550227381558
176 88 6532201884504630994
176 89 1378350737167168527
176 90 4093531167846831534
176 91 -4128876256277703661
176 92 -4104408842677959426
176 93 -4925896234717427027
176 94 1853364222507746883
176 95 5186520703137739648
176 96 -3691211164727366429
176 97 -5735469084416867100
176 98 5150053744762347469
176 99 3413445257917989440
176 100 7415518315183398988
176 101 6443455353662535741
176 102 -8421879394740746498
176 103 -1659002076274531504
176 104 2586043450350818273
176 105 7442270838691486357
176 106 7515058662633753284
176 107 -4051832131704131252
176 108 1661214398424050115
176 109 -2671177311507521671
176 110 -220582256312273450
176 111 -9016129472870165753
176 112 -5447312975317016791
176 113 -5381420318268708418
176 114 1790468313665438761
176 115 -7425595730347747256
176 116 -6447657847559366317
176 117 -1277094393976802317
176 118 8575928101896882641
176 119 4516540532285038788
176 120 -469420297668053876
176 121 -6824251625364375281
176 122 4393640032075293159
176 123 -940225003568840090
176 124 -3306599128520299624
176 125 -7567553367805813266
176 126 -823750212833380489
176 127 -3986342144396951655
176 128 -3414921684932365600
176 129 -8404347645000697210
176 130 -3500057074869494431
176 131 -7675820712814095321
176 132 -6461427311138653113
176 133 4973587085755486213
176 134 -810140106669872414
176 135 -4445669231946103119
176 136 -5928797124205000213
176 137 2672662658435906918
176 138 -6800702215211235471
176 139 4018854869598160433
176 140 5841494627509481020
176 141 -8442749877741779664
176 142 3684583489961820296
176 143 3422867907338190546
176 144 -6679279366981178497
176 145 -2707636175452567378
176 146 5329889625092225961
176 147 -114361251986404266
176 148 -6074676957919014069
176 149 -5229546615307949702
176 150 -4856496462012323840
176 151 2981752618060002819
176 152 -6846028170575292642
176 153 -408475007616073230
176 154 -9119102050143095293
176 155 4948224253286817997
176 156 -7545159791472137530
176 157 8392158864907107477
176 158 -662528396069621008
176 159 4107286005188858469
176 160 -195317959240806615
176 161 -1502411731208073853
176 162 -7353034469149280116
176 163 -2654089758550873732
176 164 -1121004783691314547
176 165 2024195728936692510
176 166 -6037107056988318827
176 167 5693967885315323922
176 168 769132771409439009
176 169 3911688653365533151
176 170 -7847888979240579634
176 171 -7726036904804026818
176 172 1012820764318811362
176 173 -6026921841008020816
176 174 -278133307632445327
176 175 5090242494870465249
176 176 2065328408689811728
176 177 -8781844730214603683
176 178 3294425324243117978
176 179 1499797121179203527
176 180 -6675959290901115246
176 181 6644119761827621570
176 182 -7295347709584914195
176 183 1847647012329175305
176 184 5476664198404307061
176 185 -8935485651924648835
176 186 2299791146527794312
176 187 4779140105444752528
176 188 -5852742607999884733
176 189 -898384602443737493
176 190 -7149810024033844531
176 191 1275594898474526171
176 192 2233089903591397475
176 193 -2879604353423706780
176 194 -4714902639544385744
176 195 -2995081305482636127
176 196 8781043728475065351
176 197 4105841315601995051
176 198 5599786186045558045
176 199 4661483987639934284
177 0 -2947361891205529676
177 1 3961669766129859740
177 2 -2763523302587003873
177 3 6862700868738651150
177 4 3613436880681063289
177 5 -6424022972670722628
177 6 3569296590730213611
177 7 -5835360750565570748
177 8 -1260993612478544653
177 9 -6238518239213064636
177 10 -8111934638908872282
177 11 587951906966177893
177 12 9023882346699764275
177 13 -6055112143924580174
177 14 4007425914295964009
177 15 1475196765523479599
177 16 8726386348053075462
177 17 3987506554749081135
177 18 3236896746631535037
177 19 3129238585557396880
177 20 2376198086732703679
177 21 9083862339238129917
177 22 -4858461484394186087
177 23 -3302284678224012656
177 24 8856079423434123643
177 25 9204476700648362604
177 26 -561373483404202038
177 27 4600731488144322243
177 28 -5326538964811970150
177 29 -2783079784717463016
177 30 -4732516627348754614
177 31 -4526898625862289420
177 32 8249813008900849909
177 33 -6813062360653446712
177 34 4371765963302457969
177 35 -4236020848448271496
177 36 576959660825437764
177 37 4278295316957638142
177 38 -6819340460208180458
177 39 1858799757276028805
177 40 5141663960574864531
177 41 -9107589238766697099
177 42 -6155272673105166060
177 43 1766712772815842702
177 44 -5564791029136309097
177 45 -3953048116399949103
177 46 8796911342845404231
177 47 -367833232854561557
177 48 6679355804992226056
177 49 3973565349578127825
177 50 -7592254442474525158
177 51 -1417019914597801957
177 52 4954288927235437927
177 53 -7794224851985971734
177 54 -5834243472536098134
177 55 -3634580867271085294
177 56 5405933249977617589
177 57 5525410047511444472
177 58 26006236397625448
177 59 -6096740452229925487
177 60 8592883546153022825
177 61 3515000326845813862
177 62 -8103312496332177408
177 63 3597164595962017219
177 64 -5020539638215578449
177 65 8447968623627779348
177 66 -4728124204260322978
177 67 7846330796880033752
177 68 -8106128928612162045
177 69 81320317785433467
177 70 -5394422139118389551
177 71 4855358991499284921
177 72 2965636298192600740
177 73 5271317147425042076
177 74 -4656403411074752221
177 75 -7843898843516558132
177 76 -5927209971317755108
177 77 -2277690889796217431
177 78 7949976334532373759
177 79 -6236157277149653093
177 80 8609618193195694061
177 81 7670755885446922587
177 82 -804893215226364043
177 83 -8938572203249257129
177 84 6330537088046915991
177 85 3978838787575113067
177 86 5797426234735883836
177 87 4793089087071533221
177 88 -5664649255319122568
177 89 -1567769639920908619
177 90 2403515955624116219
177 91 5467938044447249947
177 92 8056852302112257892
177 93 -4082360593169088836
177 94 -6116397943481967318
177 95 7117338780971750029
177 96 5332675843190351292
177 97 8422234663021756777
177 98 -7859061598985668372
177 99 -5763218582976795895
177 100 -1006215745944506949
177 101 971787525791606761
177 102 4238493692165620922
177 103 -5071785608601116748
177 104 -1823521469597295472
177 105 247610753833638816
177 106 -7914331570682207596
177 107 4026016105707884767
177 108 -3029853707730078105
177 109 -2421203639666214366
177 110 8253824801735885174
177 111 4102278300731517888
177 112 8236144576454284232
177 113 -6327730215014156836
177 114 5651190020428433585
177 115 -875851092407049552
177 116 -6862628301953203297
177 117 3844597823237601585
177 118 8965907601692186944
177 119 6596919404432806539
177 120 8189950409161174080
177 121 -1251371833868619262
177 122 -651306068504758336
177 123 899226942141431003
177 124 1421489034606988328
177 125 -3322046381530198990
177 126 8830321916148877679
177 127 -4749143475744582996
177 128 3321359930770165032
177 129 799860996033164400
177 130 2048904148099012689
177 131 4987053376144416373
177 132 2121368643650967883
177 133 8037112219671750284
177 134 -6381520995914714890
177 135 -4779299343742526806
177 136 -4271516370435195854
177 137 1661859281329722085
177 138 -5217749313567016062
177 139 5215226517541725720
177 140 -5217570611412266261
177 141 -3110045038656981503
177 142 7154558368932408131
177 143 138397829731436718
177 144 932065248423130121
177 145 -6435441619939084255
177 146 7490040404695890743
177 147 3203717357633590165
177 148 4945625318143765684
177 149 5747585297105206721
177 150 -1252046104877406251
177 151 -2170208746999942752
177 152 3430325729170156411
177 153 -1395265388790496580
177 154 7301466218210586922
177 155 -5349259258952533403
177 156 5823687548737323170
177 157 4400232594461768568
177 158 -7182897694692878732
177 159 -4371449898037244706
177 160 -4383467123809593800
177 161 540798458970808142
177 162 -312233522413022818
177 163 9138283203140973481
177 164 9126934590765655082
177 165 6705734064093881822
177 166 3041300401405459060
177 167 8892208845085422944
177 168 5005947423890000306
177 169 753019292906223240
177 170 -8723582006380644766
177 171 -7930430368237979253
177 172 -236139150099578014
177 173 5779019245576987821
177 174 6155514815180651811
177 175 -694439201573759890
177 176 -2347920868079884925
177 177 2451679204123655684
177 178 -2084737075021654684
177 179 3784636785036238984
177 180 -7115444722416549074
177 181 -6408443643384370971
177 182 6176118869692988156
177 183 2082140447081625757
177 184 -2989389303550683443
177 185 8589647956849607276
177 186 -1219031468323623617
177 187 -8865628726454511420
177 188 -5876933598716651141
177 189 5184332294803014776
177 190 8502591308627120647
177 191 6726153171766503980
177 192 -1980002910633581250
177 193 7732631428691979794
177 194 5657652430515560330
177 195 5392395832534990080
177 196 3210137849994515235
177 197 -690742481710130476
177 198 -4829269421599621419
177 199 2361587065434059043
178 0 -6022714662672215385
178 1 -8996470260216761724
178 2 8982595977893877884
178 3 1623396118095334874
178 4 7377125941092298906
178 5 -576432348133675353
178 6 1694103286197617116
178 7 6664845201715531867
178 8 -2412442938567803295
178 9 3936736616777276191
178 10 4577183157862082586
178 11 -2501088254793098524
178 12 -3455147474358832516
178 13 8614203336511158356
178 14 9195320897861435739
178 15 -3116641461554958742
178 16 -8323326306803696615
178 17 -180468635865922780
178 18 -5390845104067508835
178 19 3689875795647642189
178 20 -7415146363077307918
178 21 -2379726922459353818
178 22 66581222378889091
178 23 -6559205548952740824
178 24 9221982584068229153
178 25 -1305940873561104810
178 26 2107871919886704408
178 27 4096363963451724208
178 28 8174549567100779322
178 29 1785215127462766050
178 30 -4634858418162602952
178 31 3354761067271856478
178 32 -8890586428254029285
178 33 -5125231647767984791
178 34 -2659126252258657041
178 35 -8388999421803585446
178 36 -1027376009560195559
178 37 5511032275670636841
178 38 2835694677169854364
178 39 1593106368383914569
178 40 -8519710887937621915
178 41 -473286288900347176
178 42 -1496478251814886294
178 43 2669588391490596535
178 44 46823376289499243
178 45 -5147246765781479530
178 46 -7578607498070017619
178 47 1479877029909829306
178 48 -1930841990325140175
178 49 -2595681761222998309
178 50 6932033011912910072
178 51 -7507951564300785683
178 52 5790179562961749647
178 53 -708050960768827549
178 54 3035056981890180096
178 55 8043684707389189304
178 56 -3777621528411190638
178 57 602421047062209426
178 58 9155563774790545925
178 59 -4519696531605125780
178 60 9193530308040065961
178 61 -7093695729322042623
178 62 497885922207508167
178 63 7700715514901826129
178 64 363746400763630002
178 65 -3807060826965724926
178 66 7198741937310811043
178 67 -6297228431740986257
178 68 9167236746185233556
178 69 1134013194818087218
178 70 -6804214606918525037
178 71 -3738875476339075217
178 72 8357328623464084158
178 73 5858769787014758049
178 74 6116184245342984181
178 75 -4389180310089592575
178 76 -8884870715227804301
178 77 1286409587766290390
178 78 -6166120948836253696
178 79 5282972385750350793
178 80 -6724246990019657029
178 81 3237050504535457667
178 82 8477797950798800289
178 83 6063366273807653469
178 84 8778254761674708652
178 85 -2727072234117474737
178 86 -4003365404051718939
178 87 -3187269162107106443
178 88 -4638750095436633658
178 89 -4475256385048013364
178 90 7309503043432398520
178 91 625926572362200849
178 92 -2564321849562171680
178 93 -2423047366040347298
178 94 4739213773578769794
178 95 -7258597650657963747
178 96 6116783451370116223
178 97 -8460545011720099197
178 98 3791329730528446608
178 99 -3975327522467351867
178 100 6600805931208526361
178 101 -8943039133696784510
178 102 -6506547105151105081
178 103 -3482268447057469221
178 104 5356928954021375841
178 105 755450734201391902
178 106 -2206246496953791016
178 107 -8880572900506875322
178 108 -2758377537501858420
178 109 6346927944429456220
178 110 1495755201663066318
178 111 -7924114474331243877
178 112 8325526129160210258
178 113 4128467130214683886
178 114 -60540563162846880
178 115 1800584625279014196
178 116 -4682223339761769239
178 117 6478395016053256927
178 118 -4182022525123634094
178 119 -1219687114019021673
178 120 -8429656907244039087
178 121 215250385717378263
178 122 4342704672798848034
178 123 8571912312180377162
178 124 1249384364754054041
178 125 6175167747345699118
178 126 -9124850229872922686
178 127 -1693432656039091870
178 128 -1526826321183939804
178 129 1539975085939523254
178 130 7330763994204053042
178 131 8329091464866806059
178 132 278894220402019218
178 133 -927800841774708374
178 134 6537439759548833590
178 135 -5321403875209096870
178 136 4055516378594620634
178 137 -593119551232646486
178 138 -3964228407867469585
178 139 8143968529036319617
178 140 8546693071174576305
178 141 3782519195629510692
178 142 -763145081771534297
178 143 4036722594793183089
178 144 -699918136196542304
178 145 -6754916069977268267
178 146 -4911656817987228082
178 147 -3798353935300350185
178 148 -5540559848021500651
178 149 9153212209083748169
178 150 10834671899938648
178 151 -8992281264815486028
178 152 -5437887669291636086
178 153 -5745130012681675184
178 154 5778165333772891585
178 155 -2791194052812233702
178 156 -5869416822652969601
178 157 6892576726416875143
178 158 1770699917216058370
178 159 -9117529439680042039
178 160 9204079657486847620
178 161 1768931439130076882
178 162 6827454329780467826
178 163 1910470151273394591
178 164 -3980606853030955683
178 165 1289669379589430530
178 166 7056038311908061272
178 167 4475130625817361798
178 168 1041316645338424264
178 169 -1339550839589173805
178 170 5204536763585362690
178 171 -5799509548606344611
178 172 7004819186022175702
178 173 -9048083920857177529
178 174 -292472894284579521
178 175 1291549773223041301
178 176 -6877960593721578957
178 177 4670545270028700407
178 178 -4038595418284900191
178 179 -3199546686272014841
178 180 -6950286392186102025
178 181 -5165776341762800820
178 182 -8182488838357753145
178 183 2551336324452388432
178 184 -4193315698607296431
178 185 7191169514997544275
178 186 -1422931655431674561
178 187 -4143194174376565883
178 188 3337897570580161866
178 189 -3879942274191176172
178 190 2295708715263611609
178 191 2897735919965090026
178 192 4150899328880066792
178 193 3955962006188682449
178 194 -6100929092773198104
178 195 -4223000533118731646
178 196 2216059768069045472
178 197 26994026230290827
178 198 5729835587723987492
178 199 -3187758105507179701
179 0 -522876685853909440
179 1 -3353698065338509282
179 2 -6340305597376002960
179 3 2864880878486860006
179 4 8460169051108470497
179 5 -3134782377650639481
179 6 4879387968579864609
179 7 -7355719214113243252
179 8 -7353574586678637480
179 9 -7574265099670905707
179 10 2450972288193237879
179 11 2942394332693601536
179 12 5743373183383352691
179 13 6935491174750397003
179 14 4840363301664138907
179 15 -3991115425182483709
179 16 -4938247839183398870
179 17 -3667594740412479084
179 18 836464363583589355
179 19 7557549093195980083
179 20 1568698289389432361
179 21 -140952972315645111
179 22 -2916348064167093949
179 23 2394136116165118278
179 24 3123342967042608865
179 25 4141463973604125930
179 26 8197656469890052831
179 27 6326895617298374315
179 28 -100688531794164266
179 29 1562274047319073102
179 30 4213460246134032331
179 31 4021679324576170873
179 32 -7929508586250892759
179 33 -8724018447749026259
179 34 3884499419666370640
179 35 3728439317139696498
179 36 6683229715679998970
179 37 -4345443441529241837
179 38 -7270669012777536788
179 39 -1794749286787080976
179 40 -3410305173212165685
179 41 -1543769373925040758
179 42 -458272448150337662
179 43 -5463993188385382455
179 44 6938515017539932248
179 45 -3911771774509312589
179 46 -1931808732081348254
179 47 6143306784836277861
179 48 3401991954227720687
179 49 -40941723296426535
179 50 -2282411682809485811
179 51 -8219009334951884903
179 52 7931050271040770549
179 53 -1484400637533604843
179 54 1909389124662674773
179 55 7400890708632901444
179 56 -945433929273888646
179 57 -5731673555319824355
179 58 326060836087439191
179 59 5900392600045379516
179 60 58994673734413016
179 61 8191363803894178835
179 62 8852990118847789258
179 63 1267086048374803001
179 64 3193901859364529588
179 65 -5778864426885867573
179 66 -7061013294875629730
179 67 -8198733663139501669
179 68 5550831819635069754
179 69 8564953819802399192
179 70 8410058426839331955
179 71 -5313179213102060853
179 72 -2331032312401251242
179 73 1981850314352402498
179 74 4946801054717057899
179 75 6571211537682250619
179 76 -7334684023292236237
179 77 -8332648446330745061
179 78 -3098116008669348124
179 79 6437167995550673915
179 80 43111619993217849
179 81 -668282678545827859
179 82 4144984710322623854
179 83 1549367703082283750
179 84 -8754269004661438135
179 85 8536177174838596701
179 86 2701316640647144822
179 87 -6025995952389288925
179 88 2639971776489383686
179 89 -3413273391740459636
179 90 6908665214011594498
179 91 4885894446537457914
179 92 -6915168423918321844
179 93 8009236938850251640
179 94 2507878009674294741
179 95 -2786918972154948285
179 96 2248506840836886810
179 97 -3829625384203575986
179 98 7454150512434166735
179 99 -5833747975416576128
179 100 -4901227751978399241
179 101 5630956102075484986
179 102 -6034076646669256050
179 103 -4788568690411925181
179 104 -3099088918189766124
179 105 8665015367138083646
179 106 6768003932447140670
179 107 4179908858327427361
179 108 2775075681491612882
179 109 4990482864137357242
179 110 5265811999137954866
179 111 -3120202561103320804
179 112 -1764789904117457746
179 113 1166587941919534709
179 114 1076908175780526051
179 115 4770876574523638565
179 116 -9219444258306643826
179 117 6723357280128641121
179 118 -7747371822342358496
179 119 -1291231137095046531
179 120 -9130292798626462230
179 121 8492035251613240306
179 122 -5523373852843978895
179 123 1298763436523529997
179 124 -5563731553867871445
179 125 6803817941969003878
179 126 -336532618747950481
179 127 5733593520776784949
179 128 -1364265970896657740
179 129 1627485268641829069
179 130 3003505139125561914
179 131 264787608526243925
179 132 7832791121808492871
179 133 4767218025732863514
179 134 7539926790607385014
179 135 -7833612724454986655
179 136 7305421702692793795
179 137 -5650898210301042046
179 138 2388782435317815314
179 139 3065448603406379264
179 140 1483416402115670057
179 141 5732875382176036389
179 142 7848300947258016183
179 143 -6976688933656571019
179 144 -8728460851565472000
179 145 -4716943872986834901
179 146 6156738804070360682
179 147 -8982397564098497802
179 148 1090843577109002898
179 149 -137049020983331477
179 150 -1385333352331840285
179 151 -5923259029735665470
179 152 6352241956966944610
179 153 8097143901397885220
179 154 5344047137414510763
179 155 -5940360979984349417
179 156 -4910767447059314106
179 157 -4831713020930210987
179 158 -4289456261866608828
179 159 5005076778145231341
179 160 -1016827684520888869
179 161 1554868012435555382
179 162 -4593558209183931631
179 163 -1060972242454646160
179 164 -7895974089931265117
179 165 554989983779760607
179 166 -6223115156066647611
179 167 6476351891199946885
179 168 3731468679477331239
179 169 -7982392797763209835
179 170 -1329659406889932489
179 171 -1474432892838796463
179 172 3374733918225269412
179 173 -5160479321635287340
179 174 -8573795694719751803
179 175 -4324503882916516489
179 176 3810362796254294925
179 177 -5422009161103181192
179 178 -3227915899219939984
179 179 -1760692883427295969
179 180 -6796555337860537219
179 181 5022649082659087388
179 182 1403505202361171126
179 183 -7362130626573779422
179 184 7185966195398073230
179 185 2956419371167513236
179 186 6897147632979398606
179 187 -1630504446891048770
179 188 -2509670647937792511
179 189 -8113429589899659351
179 190 6522052347428089517
179 191 3497772918689686199
179 192 6441966928096127329
179 193 -935350799231511524
179 194 8863549762823147930
179 195 9183930225719235570
179 196 2447717606614005847
179 197 -1990626238432825644
179 198 9037404235217144678
179 199 -7155783054449372200
180 0 3971595860779210496
180 1 7689450163056590225
180 2 -4624285442048608251
180 3 -1384372464666993511
180 4 -3702728541618874135
180 5 -3792510698970426560
180 6 -4371524705224940323
180 7 -7987484534439444920
180 8 4181044108982635825
180 9 2327718730580347441
180 10 -1367259639498004850
180 11 -9220786768830456807
180 12 -3552826676425366405
180 13 382248423908508372
180 14 1528867652913410406
180 15 1526970220167283946
180 16 -877792953298159919
180 17 3876151613283825052
180 18 -8272608459617796018
180 19 -5935454328708810851
180 20 5486455609420119488
180 21 7274229801696358948
180 22 1171979575289429691
180 23 5203784755135786634
180 24 -4380326222934805540
180 25 561244809187579993
180 26 -8199958861555764070
180 27 -5320127794254930688
180 28 -145732504952331715
180 29 -821495488200030282
180 30 -3285440928020463966
180 31 -3495789122377946701
180 32 -2695092742747338273
180 33 6820223116823776044
180 34 5100132516255658583
180 35 -5031433497123319362
180 36 4739237522493030044
180 37 -472336393050474605
180 38 8317918896905315028
180 39 6519622198406729352
180 40 3793576135408268642
180 41 -1997510768000245557
180 42 6005691241915420855
180 43 -2952912353028818065
180 44 6272961065978484069
180 45 -4900069137514594745
180 46 1481302311833538424
180 47 -655049860894599735
180 48 -7183615239469118988
180 49 8531955588563956105
180 50 -7224549399432797302
180 51 4532444674703533999
180 52 -8983813408520319290
180 53 -2409296649089242842
180 54 -6012544991821059305
180 55 -7872240473511189761
180 56 8563736619730024875
180 57 6806348022394138269
180 58 -84593242710311913
180 59 -3735200402081628540
180 60 3561833614381131031
180 61 1824221508089320608
180 62 5190757191559402092
180 63 4087630569575284938
180 64 6372500028762544798
180 65 145704404446584867
180 66 2844808962672404268
180 67 1509527881269245718
180 68 -3711583115944642476
180 69 -7981593910516074397
180 70 6501435373081969786
180 71 -4744032546057188234
180 72 7795311327199768076
180 73 5228518438892083328
180 74 6036347233793133590
180 75 3300570059225970713
180 76 -6211408498697415081
180 77 -3732159321587908586
180 78 -3852310578233304690
180 79 7066233136594000267
180 80 5060342207985533790
180 81 -2086948836697496905
180 82 5359802406559333601
180 83 294470801913782872
180 84 -7351772277024824641
180 85 6644547463104874895
180 86 2420028947608977248
180 87 4916034091503537349
180 88 1924505886522797919
180 89 5537257534727100353
180 90 2988171625847940753
180 91 -1003331538980768492
180 92 2628465663821542549
180 93 -5978464678650106909
180 94 3941417917679722061
180 95 -6516772852288887345
180 96 -2539294387324683808
180 97 -9077996298367562015
180 98 -6224815368785797821
180 99 -4521110855756925639
180 100 3411202703385426067
180 101 -6567270429895660110
180 102 -1981646519123254659
180 103 -5918652962075706851
180 104 -3837688574669693034
180 105 8611854927734087530
180 106 4245175516690147047
180 107 7569561607654250222
180 108 7910627025826167546
180 109 5570848131943884586
180 110 414957833991516579
180 111 -7707464868199430384
180 112 8415205981688973034
180 113 -7569936577161385580
180 114 -1005625255886277816
180 115 1591457262781138852
180 116 4539302718534486055
180 117 -601829557178491673
180 118 -4165567334647410528
180 119 493742405522621646
180 120 6894993591198994916
180 121 -6592304122958047771
180 122 4092824980749651531
180 123 7838673721902491887
180 124 8994683488743797641
180 125 -2808090690450670309
180 126 4140803709980364985
180 127 -5197298953848875
180 128 -709141798382354991
180 129 -7334884635756938538
180 130 -8588881837856394173
180 131 -6529769826768191358
180 132 -4991998907547290614
180 133 -6928210192162723396
180 134 -6438942296977659102
180 135 -8163894898490602661
180 136 -4266672333368634020
180 137 1878032970278394442
180 138 -581106099515207235
180 139 1934052983267984968
180 140 3275912755520013994
180 141 -2042411342096668623
180 142 -3798074615937074306
180 143 -8565708535230407490
180 144 -7708628202801828801
180 145 15940423180731489
180 146 4458294892062940704
180 147 321280317948005421
180 148 -1623499069847652864
180 149 -5228258583461317924
180 150 2151855754800307001
180 151 -8006425240336089313
180 152 8167348481330279688
180 153 3495195357102244007
180 154 2189356203856377277
180 155 2527393387165438651
180 156 9038354611549591311
180 157 8060306802893960210
180 158 3769036200057827640
180 159 -2197257066734602426
180 160 1356710110369459945
180 161 -5261925905693950195
180 162 5977266787734161729
180 163 -7526706674043332365
180 164 -2913594515281769746
180 165 435735404245690133
180 166 -4738168659180090274
180 167 -329276425737702347
180 168 3528061194292123051
180 169 7917261496640912342
180 170 -3239591556183480707
180 171 -5726566408603066161
180 172 5579968403581512400
180 173 -977647057249309773
180 174 -915679054458840307
180 175 3221094666563232842
180 176 -2678399622959858353
180 177 -6283344628167854796
180 178 14694097257035138
180 179 -3708578187076054580
180 180 4849341008468960444
180 181 226977829470080031
180 182 978993678491399555
180 183 -3391759851542571828
180 184 8608918063625864100
180 185 529870609475636405
180 186 6822748381402642699
180 187 -3991916604920039394
180 188 8044976544928325598
180 189 3627117285537781974
180 190 -3698446782990955515
180 191 -6366962852053169369
180 192 4165846082207194366
180 193 -8069019218360585059
180 194 5078423936526222765
180 195 5882630738213125334
180 196 -4430911390371775426
180 197 -6737294104202807042
180 198 -8145218687220296765
180 199 -7891431347840098705
181 0 -9201061877878142038
181 1 -780698814153444208
181 2 -5484511314630503635
181 3 -5280911831307536041
181 4 6088831857858195552
181 5 8517620615540790036
181 6 3024157701703181174
181 7 -8453938508308445229
181 8 2054762086095409040
181 9 -8067232353454245375
181 10 -1276546022871936095
181 11 7724957783468012505
181 12 -2155066040173808467
181 13 -8118764716671452857
181 14 -7526382108393365959
181 15 1028211990351732158
181 16 6709796286266407841
181 17 2118697858088879250
181 18 -7146938501215711748
181 19 -2582559640151360824
181 20 4490797083861559993
181 21 -8006060618569960601
181 22 7112164347717091919
181 23 -3786099111503694586
181 24 -7274572799688934808
181 25 6909036926244947239
181 26 -483971646549375871
181 27 -7355782292532153284
181 28 1081821117487771355
181 29 -1520634284652380038
181 30 4739456498548189156
181 31 6674523890521801588
181 32 -4282642682264265541
181 33 -7287356136244498291
181 34 7384647450151609244
181 35 4220982577958545903
181 36 92195895087201559
181 37 2099788824315057311
181 38 -341865316646416571
181 39 6327901757438528183
181 40 -7100278748952959011
181 41 -7012047679103359671
181 42 -3545919090835482880
181 43 -8029338375935820135
181 44 3137531129915343960
181 45 -6553681489450881421
181 46 9070253727494532849
181 47 8775258397119872900
181 48 6128181594016391145
181 49 97855108076979558
181 50 -8014394543615778790
181 51 6829887695045852912
181 52 4873010740511524376
181 53 -3482654285884991918
181 54 -1226115211059518104
181 55 2644912093882418263
181 56 -3132081299530593039
181 57 -7122996943293807375
181 58 7809051649609614515
181 59 -7783692057981008872
181 60 8857323202940730023
181 61 3517089932053036667
181 62 3859766710639255246
181 63 -9064846073178172338
181 64 8723733329078188807
181 65 3402992593297980340
181 66 6395534721413956267
181 67 455607450561135231
181 68 -3761334146180718085
181 69 -5973185904995987427
181 70 -5377221776923309341
181 71 4973899260629471244
181 72 1884590826426498839
181 73 5934888722078887457
181 74 -3571266971432534195
181 75 6441895265218966138
181 76 -2151699383068548807
181 77 -514186655951118608
181 78 -1564040590334997537
181 79 -8232313842722815116
181 80 -883946916052814979
181 81 1449035305986098670
181 82 -7057588121091439241
181 83 1986745068724819523
181 84 -5661040351548446371
181 85 -6286916013741475764
181 86 -3051952445958918172
181 87 1459008639429723378
181 88 -4695846611751157931
181 89 3424996738160913527
181 90 8170519988855028224
181 91 4015266121725056421
181 92 2173983990417783013
181 93 -5961117938972250335
181 94 1715377253622500560
181 95 -684784947254572859
181 96 5055718161118155802
181 97 1083540013073083070
181 98 1705303738111223673
181 99 -2179897603451818173
181 100 5934386027616089107
181 101 673205483298589477
181 102 -3387875485074181532
181 103 3424544873112610243
181 104 3659886405162414867
181 105 -2302509615696856453
181 106 7421602535381948274
181 107 -8153088977047723210
181 108 4933157214157465874
181 109 6570364162763676521
181 110 8832930286903117941
181 111 2841891842046616845
181 112 632945873523754022
181 113 1720439044590116820
181 114 -5654148757698860339
181 115 -5301125817711951984
181 116 2870512195148776340
181 117 2578308013118383880
181 118 -5222687206134785016
181 119 -1514964621633786324
181 120 8117083403143998618
181 121 -3250910990119842915
181 122 -6677869822923109490
181 123 -2175352772407679583
181 124 -5752366690919870138
181 125 -4598386175095249044
181 126 -6346263075587150860
181 127 -995315860372045817
181 128 -8094003432337776728
181 129 -4011540191905409589
181 130 7813382284968920549
181 131 -3215328963182107867
181 132 7293140669871631862
181 133 -7425735790671916534
181 134 7163715128859243299
181 135 8158460116638652711
181 136 8357504070412465847
181 137 -6317270590868175592
181 138 -3986285707246744941
181 139 7160662586487879288
181 140 4624327518100676146
181 141 -2036674042819604432
181 142 -9040386014610407436
181 143 -5163657849487610039
181 144 2751953457231445246
181 145 6888063573363726349
181 146 513526189936487934
181 147 -2702724330116597511
181 148 1734769914541067096
181 149 -8382820317391554116
181 150 -6603161054263578381
181 151 3321205460547533353
181 152 6642848203243925603
181 153 -7293094902259014848
181 154 -6342399859424358131
181 155 -6992512535329562356
181 156 -1525931136109821503
181 157 -8344083396736522845
181 158 -598227961957478136
181 159 -8533204491114356980
181 160 7947085610272077522
181 161 -7341841244652019561
181 162 3937851240085273885
181 163 7454101067873800838
181 164 3162801538130922955
181 165 -5467859133121405381
181 166 1479218295314086454
181 167 6858611222409583033
181 168 5087694558896819324
181 169 1387573329235438280
181 170 -7984058630275833015
181 171 2925416264340229943
181 172 -507308119624260229
181 173 -867309532055279263
181 174 -5008843453341073573
181 175 3882891386387775400
181 176 -6714175695128152378
181 177 -5466798350970387991
181 178 -8681504828036186657
181 179 -5877241452781301928
181 180 5761462677592282499
181 181 -314599667281712425
181 182 382794274868572850
181 183 -650477497248530035
181 184 -4476204522727309560
181 185 -4406068089687646044
181 186 1642300891191739062
181 187 2446604672065493655
181 188 3630690132637816498
181 189 915984561306282254
181 190 -5176255478999012433
181 191 -905957146693908278
181 192 -121316930162948138
181 193 4989538062405217857
181 194 -3566970307357618444
181 195 -6578045830598620037
181 196 425737538936396596
181 197 4396575302241916103
181 198 207793311954427040
181 199 -9037237821116647034
182 0 6521629193935468859
182 1 -630638225380669799
182 2 -6127184064470689881
182 3 6432557366783500966
182 4 -4881742760699716743
182 5 1410037979739189524
182 6 7594421471192966866
182 7 -3154997749950322110
182 8 8120931706208452240
182 9 3654380443334454176
182 10 6606758411973348634
182 11 -6295318368131497656
182 12 5489347443685193234
182 13 -5504818717692255332
182 14 -6691409842766922714
182 15 2547741296394737954
182 16 2783164418572563421
182 17 -8451917064605693499
182 18 7821632869430389864
182 19 -8383558816359006056
182 20 515806725102581092
182 21 -8480704196942814232
182 22 3050176717738875022
182 23 -4984120687810172816
182 24 6331977882762604781
182 25 -2493524382075728851
182 26 -7156588273427303333
182 27 8090746576495657789
182 28 -5727648782957670586
182 29 2525580783731361810
182 30 8332331721596338871
182 31 3140968561747460194
182 32 3793315606078923389
182 33 -8229441432705213062
182 34 -2714957873815108047
182 35 8193000682165873399
182 36 -6165306206995775861
182 37 585271963081738302
182 38 -3343311571960769074
182 39 4976312541753738602
182 40 -8901160208665570262
182 41 -3670310645066292607
182 42 -1090073310118107013
182 43 4657539167027360726
182 44 -4160859846590817809
182 45 7638593842279180088
182 46 -2545672743407798929
182 47 -2047618828132391539
182 48 -2760095327384922264
182 49 -7242534629181887014
182 50 -8619687295725403972
182 51 3027245430832069455
182 52 -4730770139587771474
182 53 3321948304567552101
182 54 -1237019022307435309
182 55 2137560748318436952
182 56 6334200059186352490
182 57 -2749600405284311990
182 58 -1632029542394877969
182 59 -2541808864813688123
182 60 6256893834037749830
182 61 -690686134281692061
182 62 6751178558903728436
182 63 48995866673662983
182 64 -9008127878128308532
182 65 -2836198685828650463
182 66 -1015708728223141904
182 67 4678519287727020533
182 68 1972817911076305049
182 69 -4055613075720201060
182 70 -8770302954991574994
182 71 -2863947725837977639
182 72 1940336976997757163
182 73 -3797923918921477020
182 74 -2884672818355935611
182 75 8231701328897535937
182 76 -3615327899323549913
182 77 -3074628611812612587
182 78 4094080055408649381
182 79 7421271877849050765
182 80 474488221652167973
182 81 -7672167313425934832
182 82 -6933276012124300912
182 83 7357960305275353831
182 84 -5549940283488484516
182 85 -2987837640665620974
182 86 8097511707844862820
182 87 6969639216019996528
182 88 6168990123224109395
182 89 987636616809854247
182 90 4011068293086622731
182 91 8329728949279366487
182 92 6587008865087210264
182 93 -6622620063959890527
182 94 72231617575850164
182 95 1181628569912269585
182 96 198150134945424616
182 97 2403638257807417297
182 98 7472930615184356864
182 99 3074754648982445984
182 100 -6227094954077474426
182 101 3808090377599544855
182 102 9083059871375333207
182 103 -920288470158010786
182 104 -6801933353399773284
182 105 1816794900592664416
182 106 -390860156772442805
182 107 -5285804763055409748
182 108 522508000872541351
182 109 -601942052628162307
182 110 -700945778714851700
182 111 -3378201672020017433
182 112 -7050622793227835711
182 113 3871457471110883262
182 114 -4707471911770547532
182 115 -7389482637347796818
182 116 2204956385935409547
182 117 -6947191194773333492
182 118 -4250743805709664527
182 119 -4064927821082346277
182 120 -3365790411372650997
182 121 -725111766556728029
182 122 3113856477651954569
182 123 -3509004182301368440
182 124 -1151737372102395524
182 125 -9074614907000274361
182 126 -8912607106681844333
182 127 5446879361118240680
182 128 -713488488856655294
182 129 -3936969275889406230
182 130 2975205502679289067
182 131 -2788273970075980913
182 132 -5641821606894734292
182 133 2710858525518081999
182 134 659784016343681392
182 135 2532567438634041891
182 136 6824065725202556677
182 137 4839886193846371097
182 138 1357408052199725126
182 139 -2476614862712706906
182 140 -4652544761786454165
182 141 -3027421334037775044
182 142 -3091045833231934678
182 143 -3022882150862912896
182 144 -5465581778482649794
182 145 -84823909884825755
182 146 -7851246411582441348
182 147 6843960341366585486
182 148 -4148498565861284091
182 149 6752819169006367497
182 150 7970661545037461473
182 151 -2563827900148399814
182 152 5514481931752405619
182 153 -6735543720334427114
182 154 8791377975811310401
182 155 -8522154127281959487
182 156 3141862725819130031
182 157 6342863322427730392
182 158 4831680888556542357
182 159 7111330825870570411
182 160 -612747209516342107
182 161 -8252746554273601641
182 162 9108969324222873572
182 163 -6502496930560501017
182 164 9143451089103392909
182 165 390204485023386475
182 166 4596954985974871764
182 167 -2839339033702260407
182 168 -2858848910445627028
182 169 -6864056563233456839
182 170 -605692513758704143
182 171 -8119813977184539142
182 172 -5595216270474240022
182 173 851274999160441708
182 174 4186907154950083734
182 175 473741725772270851
182 176 -3313702285756817371
182 177 -1616411497561079668
182 178 -2712894625414311566
182 179 -8010522062293357957
182 180 3974867410512636129
182 181 -1251299857797602423
182 182 4312531589803203332
182 183 -3381756079572120074
182 184 3974640861728117933
182 185 37563622231959737
182 186 -7610929135752520222
182 187 3121258343980584229
182 188 8801177105198652063
182 189 -525912228581023931
182 190 -4679854148165278469
182 191 -668044633573099713
182 192 5983574626835027125
182 193 5608005467026917335
182 194 1904719981995851362
182 195 -2640817841693591431
182 196 7962968509931910914
182 197 2041268693433383254
182 198 1833458870025096
182 199 -595006277832596933
183 0 -6441356086847907427
183 1 4377703088596408339
183 2 -385510159451070530
183 3 -4031052389002183907
183 4 3250741979146253732
183 5 -2494101778157478751
183 6 2055459493619072144
183 7 9154611145740699789
183 8 -3383122117327178896
183 9 -6790209143645134354
183 10 -568966628725664196
183 11 1437691556832778637
183 12 685394684001028652
183 13 -8270078521044052375
183 14 1035694715167033451
183 15 1117766801660871007
183 16 5700864081198705085
183 17 -1442702683308566064
183 18 1928349018771774371
183 19 8178380576225580735
183 20 -5188090935694026814
183 21 -4610082215248803137
183 22 -8608677535260850092
183 23 -6807156825672201539
183 24 -2630544638069888452
183 25 -606363704094348176
183 26 -3401688506053726742
183 27 -7432189161096398653
183 28 -7570747886752883797
183 29 8912101835233321659
183 30 -4570159746186228109
183 31 -8003893877353020924
183 32 -5980285409710922017
183 33 -6889065110515000801
183 34 6952734228239586629
183 35 4727424844726203423
183 36 -8614855576444517779
183 37 -6170955930756532829
183 38 3166080573506022465
183 39 -6243512971494862040
183 40 8189626659680048050
183 41 -7498242298159649356
183 42 2040396070188376136
183 43 3410076631695958163
183 44 248525013252096662
183 45 4203401099948545623
183 46 -6082487921023600911
183 47 6442859375338888690
183 48 3124974604585047202
183 49 6328294312444851255
183 50 -8550657466514278457
183 51 -6992673341850382232
183 52 1956603245043792341
183 53 8238898146253788351
183 54 1606330631406127497
183 55 -2660840392315604502
183 56 3325624330557553043
183 57 3343185802194080129
183 58 722429678145965720
183 59 -1709782673225559927
183 60 -194501016362478668
183 61 4050860681492514723
183 62 6901412636215003655
183 63 -4889365890686719181
183 64 8176882056791419532
183 65 6627618047348484966
183 66 -5532030707188293241
183 67 4225952601159835075
183 68 -7042283750609726999
183 69 5057673447599610622
183 70 -7286608269723209423
183 71 -7109576815822299234
183 72 -4934503260600535450
183 73 3004454621604911248
183 74 -3063840130458885563
183 75 -8952948811460344888
183 76 -2088088350124211219
183 77 766317750324506868
183 78 -4564812767369986717
183 79 -5542763809778777147
183 80 -2965295853291808117
183 81 6588855050373788590
183 82 3740612368780532948
183 83 4292023717752219489
183 84 706423095980562874
183 85 -1200802476410703818
183 86 5427658912775631524
183 87 -9113393512290888200
183 88 -6569759112201785499
183 89 8677665532862572740
183 90 796224889583915232
183 91 -6631958369977219190
183 92 -455618278027002550
183 93 3514682405411137569
183 94 26210517467922304
183 95 -7131830991651649916
183 96 -8980151573358854135
183 97 -1790656422377843928
183 98 3202237351646370431
183 99 -1241328703629726143
183 100 -3592419426809175825
183 101 -2057628808832211703
183 102 5765625147259549604
183 103 -6341247020036499432
183 104 3292630152270051202
183 105 8974130331518878392
183 106 -5820589663614787674
183 107 -994404254251192277
183 108 2622039597950491062
183 109 8510674196393127150
183 110 -2668295411822102120
183 111 -2602891624210301902
183 112 5066408525831798300
183 113 765764863760834247
183 114 4700531563635820464
183 115 -2015532546474210233
183 116 -1999287973722452989
183 117 5650288492951460962
183 118 3231643095446477283
183 119 -5051285147134002540
183 120 -6935725975059568844
183 121 3844274274928110378
183 122 -1932481454863950230
183 123 -4321666620248878642
183 124 6462161145150101106
183 125 -6254828987405700093
183 126 8100152216581982177
183 127 7081395871241094541
183 128 6861716565833899124
183 129 -7819483513972230560
183 130 928475653569987059
183 131 -9022886719193236859
183 132 -1415546228770129453
183 133 -8047418217320786264
183 134 5337138193860807666
183 135 4762013687420944348
183 136 4012833201555775895
183 137 -1530793860548690485
183 138 1458469478114513213
183 139 -8554639252275448547
183 140 -4760742335780604222
183 141 930349173879038049
183 142 -5519230661354211121
183 143 -1311974001610512724
183 144 -1695306856371102345
183 145 -1128102943248655643
183 146 -8766198469598233338
183 147 -6922126358424029220
183 148 5211829034118573859
183 149 3074830893835602134
183 150 -9005576837624591708
183 151 -1891434595087833319
183 152 -486254921954988484
183 153 5305771173710531252
183 154 1745426429884781748
183 155 -1170524341357947313
183 156 -3483200803694110865
183 157 -3122500944045794414
183 158 -3724688214301745114
183 159 -175956747351536685
183 160 -4408364758904589796
183 161 -1245968796207081804
183 162 -2708126401427812160
183 163 6696939509789172172
183 164 7345941535984326278
183 165 3872237791994594948
183 166 -8309676784067694771
183 167 -6680462846558789380
183 168 6324487161807275462
183 169 -6281528959318807770
183 170 3196821306101566355
183 171 -1726199231252913921
183 172 2833450824068920588
183 173 -3680202809452418870
183 174 -2331206813716955981
183 175 8686108601512498337
183 176 4585903636937873573
183 177 -584021351274260793
183 178 5923744266722239176
183 179 -1315911422932228092
183 180 5225419699232671565
183 181 -3809511219292947414
183 182 -3431627678490639888
183 183 -2837544528183926818
183 184 -3405634034029042454
183 185 7827130030105807641
183 186 6488535995171721771
183 187 -125949731983790572
183 188 6349107690244081582
183 189 5053394177334149305
183 190 -1342467004476414179
183 191 -8180713462394095531
183 192 3684646720330640424
183 193 -4426335079188639373
183 194 -6850841123666130054
183 195 -2007216526484369672
183 196 7690449996411073047
183 197 334582823615493357
183 198 8941915450919073697
183 199 -1282583521586526463
184 0 -3035162988082210633
184 1 7915430579383828579
184 2 -3134274500219203025
184 3 -3558848228896073837
184 4 -4591550159962817880
184 5 -8822121742888367536
184 6 -1555310958462303447
184 7 6594751995692589369
184 8 4537894187893088671
184 9 -6703313238177200601
184 10 5747693107422409754
184 11 4528625528112072678
184 12 -2920150173677876096
184 13 6294752315529025274
184 14 9039945579566188726
184 15 -4427524710854854053
184 16 3959738288059401650
184 17 8838471511975758608
184 18 -2409208257393044866
184 19 -586787078348830919
184 20 1032518497137902663
184 21 7415631487042424608
184 22 -2810314324572970249
184 23 -789859638615688998
184 24 8669561268441353600
184 25 -8186207165830136465
184 26 -2652459822212518861
184 27 4618707872440601099
184 28 -3628082302564177033
184 29 -8325490863388149733
184 30 -4257630549467860208
184 31 -7461298159479514870
184 32 2839464203499719637
184 33 -3687280452943352715
184 34 -8197178116175852591
184 35 -3722363456235811705
184 36 -8294039319588387600
184 37 9111843735998836019
184 38 -1709461159800693958
184 39 4462807954185362597
184 40 -3745078435405224775
184 41 -5205168583302579443
184 42 9172417227467764670
184 43 -586297435893285660
184 44 9022546373229033877
184 45 2984449356612551630
184 46 -8535574123168454068
184 47 8260772603885751323
184 48 7050866081826799613
184 49 -766413158174818191
184 50 -3341400088594081521
184 51 -1762236331578007646
184 52 -4232762237617848917
184 53 8082402188771640521
184 54 4190644727941108151
184 55 5005964589666475363
184 56 -4046514844665815106
184 57 -5719761466907774034
184 58 1736954098780926984
184 59 -5635104575584713532
184 60 -2215011600366485694
184 61 8885040822470526960
184 62 -7162576697337672590
184 63 -2814094276865303715
184 64 -2563540925524782835
184 65 -8497555090130588211
184 66 -5814119434626851079
184 67 -8514999608960488301
184 68 -3284261363927408061
184 69 7087225248336181214
184 70 -7946246328150976501
184 71 -6065141859145253401
184 72 -618366621234202240
184 73 4326028791516155775
184 74 -1450801235531711721
184 75 6397816592116363370
184 76 -837653647778885119
184 77 1326374240818661341
184 78 8849463332615194698
184 79 -6926191528131638230
184 80 1171247480882450943
184 81 -1812980463741328885
184 82 -4840569904596020717
184 83 6274761141515416460
184 84 -4759919542464460229
184 85 -98957772737295750
184 86 -524436742870019800
184 87 -7062387573625068866
184 88 3183183750390990965
184 89 -7860788361684224919
184 90 -8536232511606785931
184 91 7284066701912558616
184 92 -9192048896267399603
184 93 -1324768915808441783
184 94 -5138886714841706982
184 95 4760164706627815257
184 96 3916691090092389291
184 97 1062595510923036992
184 98 -2615630662240267755
184 99 356191592681110344
184 100 -5918168725496124530
184 101 -8649470800920370532
184 102 7414726143048256178
184 103 1991436891217890076
184 104 8089239079800062121
184 105 -3533165976760559601
184 106 -8325575784736261944
184 107 -428257609224846820
184 108 -8605025662748322048
184 109 9122979878403511773
184 110 706139363439144394
184 111 1718641217004046783
184 112 1268787967705370516
184 113 7882252997635628764
184 114 -5603221985011956448
184 115 -5473935003017201101
184 116 -5717707628430744170
184 117 2285092905546359089
184 118 -1595560697001210716
184 119 -6676509961128378128
184 120 949590346840229726
184 121 8189222274415632356
184 122 -7416440436400713918
184 123 8417808491539405388
184 124 6971313328358476236
184 125 -6372504041730425418
184 126 -5143892148275871413
184 127 -6996113818984485448
184 128 3766027792006943859
184 129 9023882363962812003
184 130 -8512284264602906566
184 131 -7310135781591752304
184 132 -5753506000674471503
184 133 2210721422527111798
184 134 -2382604020739084762
184 135 -6822237927074933370
184 136 5802711945955133521
184 137 -4173490611339798901
184 138 2403145601859745311
184 139 4136547585258042094
184 140 -5978023757926979514
184 141 -167428746588599376
184 142 5427926718347451426
184 143 4077923826174470417
184 144 2163020543721900244
184 145 -3868403200068742575
184 146 2798395856843443066
184 147 3219074773189666929
184 148 -9121305819834693605
184 149 -8316476450151199598
184 150 -5330393351967003630
184 151 443317819091502736
184 152 -1258740053089851540
184 153 -6410740860671785364
184 154 -8266276277823265960
184 155 -7168849300652723538
184 156 4783522759260329874
184 157 7857869586933543138
184 158 -55571575240662581
184 159 -7973204770280876680
184 160 -7780991550628313607
184 161 4455982417999691520
184 162 -6618522216606884857
184 163 -4419606247887978913
184 164 -4296066697694857655
184 165 -4216704788462387819
184 166 -8638426992817561432
184 167 -2845248029584862321
184 168 -8250671814082911041
184 169 -7187385346529211212
184 170 -3504234582270756084
184 171 5322671783146124568
184 172 -8398498292580083635
184 173 -1169747225253601035
184 174 1196867002660911646
184 175 2501741066756095077
184 176 -149950524811132964
184 177 -4154899254190109065
184 178 -3896431201763598243
184 179 -7588323541546695179
184 180 -6884277898801702527
184 181 -9155289823906913580
184 182 5053968446671260382
184 183 1161663711913873119
184 184 -2154103995597039781
184 185 793810365672625918
184 186 1335525456485579626
184 187 -7735733474430368649
184 188 7307271301564457662
184 189 -6830691834579090827
184 190 -592156120264728527
184 191 2937027321542055059
184 192 -258861460974991203
184 193 5166923336544771754
184 194 -7373164513870404155
184 195 1354436247882786037
184 196 4330845772874124394
184 197 -2478941889620881565
184 198 -2170299341664992317
184 199 -5547938002771299922
185 0 6376452175912888715
185 1 -6083572168024513916
185 2 8622869254687412345
185 3 -2073241431523113206
185 4 -2868949998399946417
185 5 7964894166581895809
185 6 -5644878988482463369
185 7 636648973779514579
185 8 -2610737042557155026
185 9 6764276846695772998
185 10 6019387839923973460
185 11 -80982418290371843
185 12 -3201281382551053784
185 13 -1790222004088956861
185 14 -7983741496382008096
185 15 -7584195859612581298
185 16 8738427138852297266
185 17 5893797572604354322
185 18 -7067240964768739218
185 19 5118520088446732476
185 20 -1739306681576502035
185 21 5715775100679965761
185 22 7325112108800324174
185 23 -7090176549394694066
185 24 -2000124335420259749
185 25 -5045963113245198374
185 26 2354278894539091342
185 27 -2830155056816538129
185 28 -8571660083782231719
185 29 -562865072770438189
185 30 8753578268367306439
185 31 4109982685313713362
185 32 -3784966536474889209
185 33 -225052192964786147
185 34 7044623883374477790
185 35 3979315590061894690
185 36 -6296159521464846548
185 37 -3445751824549421419
185 38 2461547754609846138
185 39 4195768098346365371
185 40 7452493983146382453
185 41 -8689031428655479967
185 42 4548976515134618844
185 43 7651694722665305188
185 44 -8894719455256097067
185 45 -2870151749518623861
185 46 -8156262256442346356
185 47 -3809183147416494343
185 48 -4000092274145194460
185 49 -2479519174600666691
185 50 6403417580189739386
185 51 -3683550458874493254
185 52 -7613266005333903250
185 53 2969137021486462000
185 54 -4600068876324529111
185 55 8520540808267806875
185 56 9025961854752097637
185 57 8037926460444672894
185 58 -6669073454377779936
185 59 -2610797332752276556
185 60 6511606839673083985
185 61 -7398017624068272050
185 62 -4521215054601826851
185 63 8359523593958583288
185 64 1911856498087511181
185 65 -6197338165285189192
185 66 3970719716173138590
185 67 -2823392623293301901
185 68 4896589424688262870
185 69 -5130513235254746047
185 70 -2148573036834651703
185 71 -9169508862496048450
185 72 -3356330028809724662
185 73 3431451132990625642
185 74 -8088306319446096399
185 75 2001781915604039496
185 76 -2402386307509370658
185 77 -4526839858813366175
185 78 3669605537308677713
185 79 8428821638431626622
185 80 4723033641288619585
185 81 7552171044971992244
185 82 -5679126985355544041
185 83 -6472289452629031362
185 84 -2433635549857985660
185 85 -2227164990815571114
185 86 7454025136014808670
185 87 -3625512182067408189
185 88 -3691379528390275192
185 89 -1141217228690659464
185 90 -2576741690649346444
185 91 -4727369802116162742
185 92 -8168211066543693775
185 93 3434808447642294426
185 94 -3300659064568787373
185 95 -8279570815855670383
185 96 -6441377640620133845
185 97 -8925193731323809062
185 98 2081169566014732102
185 99 9126853230642180184
185 100 -1473159566534851
185 101 -2313048082096574277
185 102 5807255160371472813
185 103 -1774855802237353836
185 104 387763040998981117
185 105 -4211769958711486854
185 106 1271654952077168446
185 107 2858840430151615450
185 108 -5156198430521575833
185 109 8809845291288580252
185 110 1529056566637120753
185 111 -682087582229326429
185 112 7037915672186355311
185 113 1691526238974781476
185 114 -1076236225137023971
185 115 8011765033672935503
185 116 -2666678080666119256
185 117 -5728947485513475026
185 118 983866175582929646
185 119 -6256093211444899706
185 120 1099040112222934554
185 121 -1856124483180627604
185 122 2733071009664640595
185 123 -1152898556603925959
185 124 -7874461334418805701
185 125 -3381024450353682772
185 126 -5299262890943814264
185 127 -748275866184629663
185 128 -5169724041868146515
185 129 -2852552091710914994
185 130 8411334199009024859
185 131 -2916610498794801480
185 132 8621834731491032398
185 133 -3762461965318997809
185 134 -6636580694486319060
185 135 -5761335776090484242
185 136 3097274379346181775
185 137 -1831434142167796242
185 138 -7168808705805061304
185 139 -7549076696308570882
185 140 -5764989425858813857
185 141 9085374030863521498
185 142 -4215421104516633208
185 143 4342565508556086282
185 144 -7305738651220469536
185 145 6603529500757470913
185 146 4282890086056435700
185 147 8376984679840894946
185 148 -8669646261400610137
185 149 -7763915697227515263
185 150 -4483293139174160271
185 151 -2854514696445461475
185 152 4439991201093071279
185 153 -3568328822554409350
185 154 -7037390458175595676
185 155 850602028369338936
185 156 265478614673731919
185 157 8277236623815750132
185 158 -2761957865311688855
185 159 7536027160166123598
185 160 5955145756988527336
185 161 -8998922025306362567
185 162 6385284757287305788
185 163 -2471691610247663607
185 164 503903175496773357
185 165 -3045668353658069961
185 166 370869303614801446
185 167 -6875308817119027434
185 168 7318811807161924194
185 169 8563283653942353142
185 170 8895354736281005550
185 171 4774907265768606996
185 172 5576129006165973141
185 173 -7248129596482687282
185 174 -5945367496751785889
185 175 6334432383890121973
185 176 7666961984820104780
185 177 3656011031211336237
185 178 -593241466920416691
185 179 2808868199249700393
185 180 -724489171479794954
185 181 2466528220939169797
185 182 -9094163748311156845
185 183 991988761016242072
185 184 -3582393034671047382
185 185 -7937835462052734632
185 186 -399112688894669099
185 187 -5929007101375122176
185 188 2105395712514705791
185 189 2769492075734885064
185 190 -1531013155508169918
185 191 -4939805671991298572
185 192 7648832454426620663
185 193 -5123111115493580204
185 194 7208893723426684778
185 195 -4734684553281650439
185 196 -404070913195112345
185 197 1675798750851666190
185 198 -2942662353734964801
185 199 -3078238276946392056
186 0 -1251668693589220188
186 1 -2522917038524333596
186 2 -5098241548938642505
186 3 212383521072594914
186 4 6862209567693106133
186 5 1519850448687558019
186 6 -5659807013845681011
186 7 -6546275913991486147
186 8 2861188397578646184
186 9 2447931804989296176
186 10 -1923722858145084452
186 11 998149621461079318
186 12 -3368889378194614845
186 13 -2228442553757172710
186 14 4476146489881795671
186 15 3113683612902264735
186 16 -6232431020548553782
186 17 6976370205376597867
186 18 7491675235945892132
186 19 -2205056209549345858
186 20 -3318438856816621856
186 21 -5407634663238664132
186 22 5738184944847566749
186 23 5086271785920373661
186 24 -4342034035016985158
186 25 8656423541565739089
186 26 3743978896871315630
186 27 -4876801863000727553
186 28 2552491047873351477
186 29 1676893865844508478
186 30 -1996479938538467373
186 31 6866825928284122586
186 32 7683358337077957900
186 33 -297862927119316187
186 34 7012944807275805822
186 35 -9037159634696440705
186 36 7407400343888415635
186 37 -379293916263631412
186 38 1933516673233561057
186 39 -2313538065779717114
186 40 -3472208724270537972
186 41 873428411209789148
186 42 458608303779218339
186 43 7762765491653312187
186 44 6995964113072972031
186 45 -1876812749622472037
186 46 -8141117718285686696
186 47 -1735084745697293644
186 48 2936316715919147029
186 49 -7801535764610448845
186 50 -752290579999814215
186 51 -2832783470211261985
186 52 1613901014502689680
186 53 5626593028761826227
186 54 8956100458575496298
186 55 -5672420651744319522
186 56 -1823358702946340200
186 57 6611305070670136923
186 58 563808620168858347
186 59 -2968131998970330129
186 60 5776910483580053762
186 61 6764267249526408843
186 62 2022068890516258836
186 63 -3525596036703022637
186 64 6671926589253379821
186 65 5483250327452503865
186 66 6868584553494533390
186 67 -2966298352516902732
186 68 -1952336460955526332
186 69 -8526137323820839724
186 70 4593524333739856063
186 71 -5599800235560149064
186 72 8387452757415140090
186 73 7623624271579541726
186 74 4688868725424958444
186 75 -8819854971589079909
186 76 -422621655158690478
186 77 -1524143509262306640
186 78 -5931969933111224298
186 79 -7752824983522063577
186 80 -5857890181451351676
186 81 -116809887523607604
186 82 1548114190421671005
186 83 8559841168415647682
186 84 -4731545766781418722
186 85 7676018662833166800
186 86 -2259739722445971140
186 87 6215633457635526030
186 88 -3458379672433742210
186 89 5233744797226540069
186 90 8934864224210625032
186 91 5046229993273950545
186 92 5413282139587644895
186 93 -935234817990590940
186 94 5207488446579795452
186 95 7425151507124990914
186 96 8206310061309514833
186 97 -4817891428398996266
186 98 -7691442344635540349
186 99 -4555265373552875332
186 100 -7395781552639695712
186 101 -6343316280054606210
186 102 -2011905508247404783
186 103 1028749885999959269
186 104 1205077335168476299
186 105 -6117838202315805841
186 106 -1745441882246465817
186 107 8874686578492774603
186 108 -5144378543334263160
186 109 3457556891605543608
186 110 -5765923651453307209
186 111 -1888855900703828903
186 112 7575558997421047414
186 113 9112904835037937987
186 114 472733685149995948
186 115 5840078997866719818
186 116 -3179307991025522552
186 117 7807647474894086907
186 118 7353612985700875276
186 119 4935782628967754896
186 120 -8174820102582100401
186 121 3819877769770117579
186 122 1732634800565240993
186 123 -2624617839261750246
186 124 -3916536151870551285
186 125 8884275806913619028
186 126 956820531150209786
186 127 2256743697549108958
186 128 5713785245641325606
186 129 1624807131045898260
186 130 -3559774340433272215
186 131 4921273285558572453
186 132 -6996949033573104285
186 133 -7433820679098698902
186 134 -3688114597074746860
186 135 -3345948212604648905
186 136 9020252153620301810
186 137 -7346590686076222805
186 138 -2613321132686991613
186 139 -8758132957108742255
186 140 1805738906744382417
186 141 2924003900554032755
186 142 7406188446379562034
186 143 -8675866962428103775
186 144 -1812516386427290067
186 145 -877819803630377936
186 146 -5440661192334680398
186 147 -1388372434499607062
186 148 -7597051926195737090
186 149 -9160088943207901204
186 150 1300663879423293841
186 151 7776835520731503228
186 152 -5205874760605156369
186 153 -3491961720364414118
186 154 -4778188809752414914
186 155 360521957342893275
186 156 -8066664736268037348
186 157 -2015382849293622690
186 158 -619119015517790669
186 159 -784524966604721856
186 160 -3706266469120256961
186 161 -2874583635905737014
186 162 7384933624134847402
186 163 6164686166032485459
186 164 111643860541545544
186 165 -8638572633744744242
186 166 -6666827596306601769
186 167 219879695358273674
186 168 -6019172829593210661
186 169 574383911874401865
186 170 -1599522534855441682
186 171 -7773454340391342561
186 172 -6059088670641973001
186 173 9174993754569240166
186 174 3934459464801580667
186 175 -2129876562586024602
186 176 -695972247360523155
186 177 -2310495221002954927
186 178 -4438604851735647508
186 179 -773624741054885467
186 180 4665000843232228004
186 181 5765322618921087253
186 182 639608721612204851
186 183 334333328374026662
186 184 -5683976743530585509
186 185 6137002662374790959
186 186 1166368127783665340
186 187 2314372116768523296
186 188 2072389322279359238
186 189 1135460370965111265
186 190 -3761457100073183708
186 191 -6191927560460215717
186 192 6897578908991265467
186 193 -2545527119671826113
186 194 -4701919165452436118
186 195 560771928609782690
186 196 8262766123062430679
186 197 -5570464273135248007
186 198 -9162247177901026116
186 199 -7540062674200303623
187 0 5713892622853640706
187 1 4661136839680038607
187 2 -592084400417507847
187 3 -1867687944580636353
187 4 6517332803889418289
187 5 7985662811282892064
187 6 8050253466322990394
187 7 3921721656593729556
187 8 8749585041686934106
187 9 -6566304705181380830
187 10 -6752268776372933594
187 11 7308312804228146498
187 12 -1403278608367753644
187 13 292905535089877525
187 14 8723219444748006749
187 15 -2771860478048822093
187 16 3069216481267617797
187 17 8512894145564254794
187 18 6209947058400480763
187 19 -2943681116428136808
187 20 -3497351361620136532
187 21 6739549835696280040
187 22 -6159586763249933679
187 23 4961948772536594549
187 24 3318192194930730992
187 25 -6699228197963053527
187 26 8538917865246199233
187 27 9034522034780702026
187 28 -3748810680524492649
187 29 -6790219762892705053
187 30 2750149216523866043
187 31 2600740880498386634
187 32 -6940734988711784407
187 33 1587682237921118505
187 34 -6131880435977658187
187 35 -2421981102390313844
187 36 1060991525898645494
187 37 -9001303759032755824
187 38 5603105189369793801
187 39 -3036403283470469654
187 40 -8438595398375185447
187 41 -2976509912821239043
187 42 4709771139053085932
187 43 1197687695225789377
187 44 -1017043877369201447
187 45 -3582818813886678882
187 46 3421406382521936611
187 47 -8717125515834919919
187 48 6536404011791627525
187 49 -219053447866742429
187 50 3872810826845556643
187 51 6937899268499357753
187 52 -4287397753553798249
187 53 5211230091053400574
187 54 -4085652604153788414
187 55 2340034355996955493
187 56 -8828139943367788897
187 57 7899936359005476826
187 58 -8440403512405720405
187 59 -4727212472652512235
187 60 6647858527923501371
187 61 2752402157213873629
187 62 7714487794996948304
187 63 -6298455745254506639
187 64 -700851585167782353
187 65 3501751564618783375
187 66 2309342609533488664
187 67 4270800938768685860
187 68 4952743679982814140
187 69 906132657050468210
187 70 -1587493232984206858
187 71 -9084069740447488128
187 72 -3850538184492916578
187 73 8633893321494265390
187 74 5929312743438075749
187 75 5825923022359287262
187 76 -2239995505812165434
187 77 -5605309779955061258
187 78 -806492942424457657
187 79 -5709378001886900106
187 80 -208873922515545510
187 81 -6273228305675502327
187 82 5360798291427414924
187 83 932560402009241246
187 84 -3929033326595330467
187 85 -4465091587264246269
187 86 -7692628352569314300
187 87 -5726617947597306797
187 88 4900556074743624403
187 89 -8059767829632489143
187 90 5167435841371180625
187 91 -8281882786707116338
187 92 -6607587727740162935
187 93 -4634974951285823235
187 94 2807978023808931930
187 95 6419958699634857052
187 96 -1794529800930674643
187 97 -2497413456259683729
187 98 -7689715999967709973
187 99 2254374217933736149
187 100 -1489607747561550165
187 101 -8151162135575709856
187 102 -5491472924959341743
187 103 1904536335064896754
187 104 5363473761054095581
187 105 -3140771688799388184
187 106 -5588299470038387053
187 107 -3233253775664834848
187 108 -2373475251383435010
187 109 -7274661053620592671
187 110 -8577796898486007054
187 111 -1105131170239760039
187 112 -6003953177936801189
187 113 8061584270490405962
187 114 -7615692187040524764
187 115 -4082483737169442579
187 116 -1262551630533389148
187 117 7656385945370091401
187 118 -4503428848967113604
187 119 7362782359781269754
187 120 7083093537083094395
187 121 8098013848037060767
187 122 1122530666243501223
187 123 5391680251316467742
187 124 6489163226873011950
187 125 -217450412709549354
187 126 -6361759570539438898
187 127 -7122772665863193458
187 128 -5937039503852094444
187 129 2571406535035528963
187 130 -8596556595732493755
187 131 -7053229006873344059
187 132 1504956643990418243
187 133 -2068102509563774925
187 134 -6580381116772187329
187 135 -1720911503412471216
187 136 -7903491966758255470
187 137 -2723643571308908828
187 138 5559894057305172794
187 139 2973301818033685353
187 140 -5356369910392743309
187 141 -5027283691780273964
187 142 8734986989893332664
187 143 149834731644184779
187 144 5244975740918522523
187 145 -3624163088188473470
187 146 -3472572857017754787
187 147 -3834977620449161998
187 148 7657610433552950386
187 149 -5212229853177034167
187 150 7482072188116711607
187 151 -3799881865818371880
187 152 6212407700154754713
187 153 -6418679341748309106
187 154 2199945608445482168
187 155 -8888042121261462647
187 156 3870096162086428027
187 157 3467656742678857626
187 158 7844299982582889454
187 159 5152188203938025313
187 160 3161908869034352058
187 161 9093864007021418622
187 162 -2374090726468830413
187 163 -8597335957776268432
187 164 4694722086089982842
187 165 -4064886152569962493
187 166 5600772743474100593
187 167 1003611491740394976
187 168 -1008835601521443234
187 169 -8940346323501036337
187 170 2306502834370329389
187 171 8294073427503039516
187 172 7440850493252148746
187 173 1197868721565129492
187 174 -7297262802278046631
187 175 -958927930318851103
187 176 8759591679182597888
187 177 -6730709405265836526
187 178 2888986895832550738
187 179 -2524574787813735131
187 180 -4255548166339895036
187 181 4515903118553913189
187 182 -2235837072209291116
187 183 -8808101691191907916
187 184 1043803314873333772
187 185 1986584186061748644
187 186 3890857473557487887
187 187 3108703140586742454
187 188 4679987965644495263
187 189 7904832155104372455
187 190 -1677078323071177925
187 191 8341023500760930288
187 192 -4888365196841257163
187 193 2524130283453316270
187 194 7524123902489168785
187 195 -980742324426957490
187 196 5557857885797527361
187 197 1471534079551227174
187 198 2443978254561174906
187 199 1077634971439503951
188 0 -1977527797635122867
188 1 4431657181013661247
188 2 4447062223006008155
188 3 -1093580751379377134
188 4 -7705628674938799054
188 5 -5294897643029155831
188 6 2940483573142237432
188 7 4293231823822817307
188 8 -7477379363862510962
188 9 -4233619259862137837
188 10 -6693167426358749689
188 11 4015728888784813261
188 12 -4351938302408689779
188 13 968030417020532792
188 14 8294690307821772449
188 15 -4698755342819907658
188 16 -5675834290157906150
188 17 3780346845473682852
188 18 -3039725982302802991
188 19 -6007348475131004490
188 20 -5349014677695670255
188 21 4725606769571939253
188 22 8574425593662883322
188 23 6650527244473579230
188 24 -5285961283471621286
188 25 1596758375574702975
188 26 5232697251131107488
188 27 -6937564578492040573
188 28 -4341026801655694209
188 29 7810100600061113129
188 30 -9137420161668711367
188 31 2391228398452499950
188 32 -4323226731594851974
188 33 -7220282725010909578
188 34 997432674388219586
188 35 -4677368953631906227
188 36 9156455087030266474
188 37 -8118698534106764013
188 38 -2135675462981315155
188 39 1426431355177090759
188 40 -8603598289890227560
188 41 -5708784024669679000
188 42 5169275007169881453
188 43 -2797502938015152631
188 44 9122400528106752709
188 45 -7344739565205273109
188 46 7658192985706735337
188 47 8672667076323089804
188 48 -599491973303973784
188 49 8880090557327594876
188 50 -6264170929752032884
188 51 -1175097898574320665
188 52 -4075821841467575904
188 53 -1222551346176127264
188 54 6071664272425920338
188 55 -325610990329465812
188 56 -6974657284125505145
188 57 -3993145735377548265
188 58 -3315568266361288390
188 59 -3098729089893244995
188 60 90446030198558269
188 61 2200448198503004701
188 62 -162993327796188327
188 63 4808661866778494881
188 64 -8663467165847175119
188 65 -4876908829003737804
188 66 -1704063069428162193
188 67 5629883242010796106
188 68 6553417837403566221
188 69 3966190244774066583
188 70 7002343256594914142
188 71 -4750721119815687293
188 72 -5037944296762474425
188 73 6329139379036161106
188 74 -2155515149020962430
188 75 7490229506211055449
188 76 -3595334729361798922
188 77 4767412978220119705
188 78 481294416083751241
188 79 6352162714668351855
188 80 -4257657684648978746
188 81 -2316578884546038475
188 82 4873436596214392563
188 83 -406900875769418594
188 84 -1400506404204491555
188 85 6474790734627748056
188 86 1534746225844980675
188 87 -5861315865789304438
188 88 1144898094612320004
188 89 -5418666210419400363
188 90 -6867208986544162492
188 91 5401813734515138510
188 92 -6649225953611915706
188 93 -3186970859111079845
188 94 8658290551134371758
188 95 7657704933218637825
188 96 -6195961878478056486
188 97 1578737339413855120
188 98 -2052974307939481282
188 99 5545648843737752637
188 100 -5079410015010579054
188 101 -2268420926177392523
188 102 1006590481286593527
188 103 -6926356949691316162
188 104 -3590957484481841548
188 105 4657805908248564082
188 106 -4977164561233049179
188 107 -6648552891575423892
188 108 229799470000579947
188 109 -453554289744016853
188 110 823812369629139579
188 111 -7419934285961637255
188 112 -6011593303129718429
188 113 -4403304963846520315
188 114 -4238508018361636921
188 115 -5762264231632468087
188 116 3858653941945614430
188 117 -1404709090579266575
188 118 -8646148041332242828
188 119 -8021312123012924417
188 120 7847201048693603863
188 121 2687480793686925025
188 122 1940163420846125003
188 123 -2069201975653960842
188 124 1219453630383831721
188 125 3893875709320063609
188 126 6122461789449551928
188 127 861810015854441561
188 128 -7105537338711890272
188 129 8960248297147830183
188 130 2962738144535234539
188 131 -3404221068201772535
188 132 -3717394341190267263
188 133 3285043512533183444
188 134 -508755328028367058
188 135 -6230245941235703267
188 136 1125227348740112968
188 137 -4662086481300376793
188 138 -6074600677092463750
188 139 9159398044217046661
188 140 3164039075874009935
188 141 -7681215933017463319
188 142 6625445231331871157
188 143 -1128287609615495714
188 144 -8664138109456069330
188 145 6280119195888955419
188 146 -5604736219555367002
188 147 1989045312428103285
188 148 5130161465239284210
188 149 8246340685843211867
188 150 -2377223685396572005
188 151 -5354932788583955141
188 152 544316161141220180
188 153 4719352531455222935
188 154 4770488647818705120
188 155 -4286788933634769549
188 156 -1647901796455406063
188 157 -6724932243515688043
188 158 -5648153660481200144
188 159 2163667068739797802
188 160 2593868673039837020
188 161 4358359161417034
188 162 3609415699710133294
188 163 4944018727656214533
188 164 6378375715478988633
188 165 8530103646107400825
188 166 -7135148217326635512
188 167 -5919564013593266171
188 168 -631929100567918744
188 169 7996779366255100265
188 170 1670765929844201674
188 171 7216764328120531741
188 172 -1505061453445654952
188 173 -528909232222576562
188 174 -8259396431366798011
188 175 5977092545867458683
188 176 284830127247429479
188 177 -5562827550939538872
188 178 8802260394064518662
188 179 249319894898144513
188 180 7141741343567308593
188 181 -5432763808515335450
188 182 2351154206720255488
188 183 3543737587125128383
188 184 8932775186484128300
188 185 -6447656024942290553
188 186 -2371439048247089285
188 187 7917121922441273306
188 188 -1581730480977658438
188 189 -4469926536109373755
188 190 5582208629237352528
188 191 -2104562716960079192
188 192 -2056156553427345160
188 193 -4498649187378890736
188 194 6583697809221624584
188 195 6259166297106312738
188 196 198595848078086361
188 197 -4751294559043009201
188 198 -8321133457587637131
188 199 4391182559908585214
189 0 4989600385041818058
189 1 4772156447829511050
189 2 -5303439776842933680
189 3 -5648960641079869040
189 4 4642652160217184936
189 5 376634669375810745
189 6 3788126122492254359
189 7 -3204084835076276852
189 8 -6545340882849674472
189 9 3042219442584145304
189 10 -915889384352833211
189 11 8176154823209295591
189 12 -1662784359527385495
189 13 220014830283456079
189 14 248714955816013960
189 15 -7432258238547150763
189 16 -4201387791281458496
189 17 9044270725600796569
189 18 -4729731016140184621
189 19 -6762367926962172234
189 20 -4559983163560866697
189 21 -6554477212455032440
189 22 4526576024292142971
189 23 8918591459924844984
189 24 -2006205191116566387
189 25 -4971405745677416093
189 26 -6899979338932064094
189 27 -3572342343402106159
189 28 2758657644702903589
189 29 8351382010323780684
189 30 -3468217400144068340
189 31 -87739599259263937
189 32 -3205881662693668565
189 33 -8628382760197303768
189 34 -8824143418780272786
189 35 1046304114600769923
189 36 -421580578882714238
189 37 -4983591610471081734
189 38 -1149071802652881763
189 39 -6278296157202076856
189 40 8828404660501869614
189 41 7377607400999312904
189 42 -6472871679483721730
189 43 -3667693137429788264
189 44 5033889028381874050
189 45 1722684839523123515
189 46 1258465512175777633
189 47 -9130939267153836514
189 48 -8716427446197456062
189 49 -1733249355734670763
189 50 4574712631994612282
189 51 1827076650776415243
189 52 7043685015289314360
189 53 -3155402023827587368
189 54 1875870902348796483
189 55 8159575818648674230
189 56 -9040083821596153402
189 57 1881440165068095935
189 58 -6788751811327302317
189 59 5799820071737396815
189 60 -2040820998022633186
189 61 3690272392132876035
189 62 1528261421370442360
189 63 2390139495768328423
189 64 -3225570836806824419
189 65 -641002822953150671
189 66 7093662693801183192
189 67 6405367483781860815
189 68 -8696462992956212194
189 69 2406866212722108440
189 70 -4192334945292904755
189 71 984085676776383163
189 72 7736272681396236553
189 73 4983712158097906173
189 74 3389483794127828752
189 75 4499895263228113046
189 76 9139393833434460371
189 77 -7637809918248688943
189 78 -5015021154231359858
189 79 -3285594573411803617
189 80 1081790835122069689
189 81 2046529500240586070
189 82 -4492266119189989861
189 83 -3875937730912001161
189 84 936338966283694631
189 85 -3961738704301502222
189 86 8900187277160965839
189 87 -3511740550872119924
189 88 -4995732383262314281
189 89 -4703465811117875911
189 90 5385240350042996615
189 91 -5307804849375736146
189 92 -8688052020730623692
189 93 8893513612981359577
189 94 6917904414623930588
189 95 -2089477425878649088
189 96 -7565623296790682534
189 97 6055619114176404842
189 98 -377094720648508123
189 99 7692318261994367058
189 100 -6388923039927788759
189 101 -4326700376200559793
189 102 -3838470966678445417
189 103 6288200569056432079
189 104 -3278404561244971387
189 105 -6800701395472513547
189 106 8579640131540347975
189 107 -7582633352008121599
189 108 8429929781580689766
189 109 8651016588919469954
189 110 459907122515883946
189 111 7590679797676662288
189 112 8901624644568411630
189 113 8934519986304816124
189 114 5606891553834695860
189 115 -6657479566215889047
189 116 3923189004487400359
189 117 -6495683972717285996
189 118 -3429822445866472326
189 119 8571409553326031055
189 120 -7416363597556249557
189 121 1726379137641194090
189 122 8840294497998433594
189 123 -3928499442992443990
189 124 -2206866970194052107
189 125 6712400554619177306
189 126 2843119302576476714
189 127 8353313236227035403
189 128 -489853482048559279
189 129 3934493591726798517
189 130 -7887825508242311291
189 131 1929967278212681464
189 132 2261411666618892565
189 133 4240979816280837945
189 134 7098752975241527885
189 135 7710149093691278120
189 136 -8711486954050342937
189 137 29963881395295577
189 138 3784892366019915771
189 139 -4087120665997352154
189 140 -2578548022553108030
189 141 1072340718737634929
189 142 642344231006310539
189 143 1617296019297721880
189 144 7264985387956778957
189 145 -5249876023793385291
189 146 2220566399040106871
189 147 3392648101194504160
189 148 4426758451803697855
189 149 -6083992690614061022
189 150 6746479725976825284
189 151 4568083706458304679
189 152 -385578553926299040
189 153 4900332401887369974
189 154 8134349882223697369
189 155 8107834963199387851
189 156 1823783435056590228
189 157 -7082907164256917273
189 158 7091785357098821616
189 159 518363926338018729
189 160 -6939172651969982035
189 161 7815026369568706667
189 162 5952563988774717573
189 163 6849787287298242219
189 164 -1842934144349621475
189 165 4818727268383196896
189 166 -5788508566177406716
189 167 -5982238707215258963
189 168 8282717620020145185
189 169 1832714652779873757
189 170 5173668707891566789
189 171 -7989822023264941023
189 172 6572175255388118485
189 173 6289804309790967954
189 174 593020643482852469
189 175 -3287293311548003731
189 176 7199743443703140187
189 177 -5941448615027884403
189 178 6121403388235240828
189 179 -4894461528895197700
189 180 -3852895371308542585
189 181 8241612745911888218
189 182 -2199124000312874785
189 183 810591414774493720
189 184 -5143648873103992446
189 185 4883078905902473368
189 186 5128463262465835738
189 187 -6253747858374070669
189 188 -9047905641688037721
189 189 8621347767124161846
189 190 4496232020578715437
189 191 4901835788304945402
189 192 -3979860424155270203
189 193 533840221110584921
189 194 -2409413958479896472
189 195 -2826164954015143628
189 196 7020104149653245122
189 197 -3866220832970684466
189 198 7768548274313191159
189 199 4964669791272954442
190 0 -7225629336518954398
190 1 -1734682077504975542
190 2 5771627303450585999
190 3 -514255966229395265
190 4 -8600607501515856606
190 5 547784598468601507
190 6 -1940266671900022808
190 7 -4587919198871181680
190 8 -2260355419037847513
190 9 377071211801764580
190 10 -6613474840985691203
190 11 -7664532842944992449
190 12 -6660547780886633591
190 13 -3481205698875298141
190 14 7178399218100921993
190 15 8745874766611396632
190 16 1746501836025147418
190 17 2126192828936532969
190 18 7106224736568717118
190 19 -3839891546127198188
190 20 3632160953915078053
190 21 -4444837998160656008
190 22 3877634415979573147
190 23 -3700508595526444392
190 24 -277972501514625088
190 25 -319698453055640137
190 26 -687852459274608817
190 27 -4084675200463259526
190 28 6552512694139768339
190 29 -7296202287884394854
190 30 1801351652820585402
190 31 -8274913124769402633
190 32 -204525434590975813
190 33 5968135013562879824
190 34 8148688257780236610
190 35 -7995361885824299800
190 36 3495734373133036556
190 37 1403097369404860525
190 38 -4093189655693127350
190 39 -8414624260847529087
190 40 5667826607315864536
190 41 -2082906847258555777
190 42 -7429513814215847060
190 43 -5315088951911671485
190 44 -2855667841695036685
190 45 3594798859890947053
190 46 1265042715457350031
190 47 2548915207219570971
190 48 -4961207864208626798
190 49 6292074689544183200
190 50 2068634828175023651
190 51 5839561888584564202
190 52 2674334457158076818
190 53 7198025072632566655
190 54 -496313639714990148
190 55 2300060999158862803
190 56 4544697060422443905
190 57 -4991015641447191672
190 58 7033316908085193929
190 59 2128058069250385571
190 60 -3403971496375736004
190 61 -33098168038487054
190 62 -3404673225686368627
190 63 -8103568387926159141
190 64 -698129887807691131
190 65 -5880031255042778185
190 66 3545016586496141799
190 67 4336274968832654645
190 68 -5721628316400852735
190 69 8901617317104006037
190 70 -7769660824234725291
190 71 -3341320526062736957
190 72 1062983346629568128
190 73 9027888529742399353
190 74 -883944577277188723
190 75 -7659196547644410687
190 76 -7532015799221287802
190 77 7126790956916400176
190 78 5387914084880510491
190 79 -8147292445207474313
190 80 5040510427155655064
190 81 3475662670374694635
190 82 -3281094558952975994
190 83 1580830091580244511
190 84 -653191281786111904
190 85 -7316208734692293484
190 86 -5112302551030115245
190 87 -2348282735241006280
190 88 -8419165749852309906
190 89 2824345765681472094
190 90 -5578339238940370494
190 91 -8767302267123888316
190 92 1291972899099326306
190 93 4091220312928261905
190 94 -2748004406432993996
190 95 8139616408040203615
190 96 -1219509546030702150
190 97 -258502316727412312
190 98 1288214310088517055
190 99 -7998825370574939989
190 100 -5914171111422137666
190 101 3732107124758343618
190 102 -6258280311764893549
190 103 1830623592588212237
190 104 -1107459728082270074
190 105 -8101862794578625284
190 106 6774181067030378500
190 107 -7871806134590437971
190 108 7666382152973427241
190 109 180712453867944029
190 110 -5186448115327443173
190 111 -7343037771351947572
190 112 -6796984929760786682
190 113 5522405849122323773
190 114 -3510864549394233934
190 115 -1170703871581884017
190 116 -7672513406530769646
190 117 -1098938561910558810
190 118 6452370904922263541
190 119 3248288598664491343
190 120 -527914383302399544
190 121 4760796065225948535
190 122 -6249311568764995146
190 123 3017835441997412050
190 124 4982359562367918088
190 125 -8335863103724537562
190 126 8762138306771476735
190 127 2547690337682797285
190 128 5777432563063590596
190 129 -7617113893375567655
190 130 4357130209623059961
190 131 1167764815293045634
190 132 -1834836755983351379
190 133 -281994427436637836
190 134 -2325463288156563984
190 135 8728300707483557063
190 136 -3160205505812371042
190 137 -2256727454389150039
190 138 8831159193963042137
190 139 3486007302257588585
190 140 -8606369845935937366
190 141 -8569577969159626115
190 142 -3507612292023261136
190 143 1864687138710698858
190 144 -1757512827325240753
190 145 5168242566774256467
190 146 7471438100755526766
190 147 4175273339892522399
190 148 7888423172104445256
190 149 -4068649080421194240
190 150 7129553603992203069
190 151 -2887076029629909394
190 152 3400579924262483332
190 153 7606212466857676857
190 154 2073303101649998206
190 155 -5705353269948538891
190 156 -7892608236357705473
190 157 -8197906102857894444
190 158 2491605464116491476
190 159 -8124735837239826021
190 160 3817289806110773448
190 161 3245588253565051556
190 162 -1698715796604486517
190 163 -4980127580286354881
190 164 1770838493896060615
190 165 -3602278255151452833
190 166 2336154147200013219
190 167 -8199820960999227674
190 168 -2838362027006274607
190 169 -4234701654208110840
190 170 -9105209621542019713
190 171 5257336401524792796
190 172 8787984905868811744
190 173 -7360475194297499213
190 174 -3777036887452850637
190 175 1935767242323858476
190 176 5810865956619025990
190 177 4586348370917978117
190 178 5917857714629247514
190 179 6420509879076749015
190 180 -5038874261409035332
190 181 -1011902142099348892
190 182 -4427298468508784761
190 183 -3663165729353134574
190 184 -1072135569034700577
190 185 2680182151678445898
190 186 5856147739163005716
190 187 9012242217925525293
190 188 -828534229944443821
190 189 6702292156826479362
190 190 -4255826406675186181
190 191 -319776762199055856
190 192 3257990615860256569
190 193 -7259310968620875444
190 194 -8620379679067112352
190 195 1993186653994921295
190 196 8824781850027179250
190 197 7983826920008266004
190 198 883594353834909198
190 199 -4311178615397888918
191 0 -9215999965309362568
191 1 1428776778783507643
191 2 -1855973957579350598
191 3 -8256338153631579766
191 4 -2098463519908366776
191 5 -1974900417907134797
191 6 -2809858679903381048
191 7 -1041653487860270457
191 8 -4091780920343860219
191 9 -3301513362565161656
191 10 -4354074269342214895
191 11 -5965456298200123469
191 12 -2101774427626884719
191 13 2344290528678388862
191 14 -870860392756997393
191 15 -3132478951610170665
191 16 8602688617021166901
191 17 -1561996014728094035
191 18 1137167038211144724
191 19 1762510825179862966
191 20 8864762760571136076
191 21 1634413702236960899
191 22 -8618814813048780400
191 23 5292228187377899027
191 24 -4757265316107166472
191 25 6408791815890035759
191 26 4957087786279794448
191 27 -4161038711700469497
191 28 1401943772334451755
191 29 -6927925254148234082
191 30 2155612846191256428
191 31 -172950016169140135
191 32 -8745388735605822836
191 33 -4448477590607787152
191 34 -135649292176796262
191 35 -4792711509900826812
191 36 -5483213604527919048
191 37 1721617398002486671
191 38 -4745951563387728879
191 39 -3109376552264930484
191 40 -3474764697735188320
191 41 -91334547996363327
191 42 2622063485853645586
191 43 -2286455628036162618
191 44 -8333998743631109856
191 45 -6365360082270315298
191 46 8455825950280998890
191 47 6833363030606701108
191 48 3578995095467918700
191 49 -6123955971609473566
191 50 -214977284312906860
191 51 -6810761622244441693
191 52 -781140162938707377
191 53 5444381237529417420
191 54 -6830950862657176284
191 55 8329251422643830554
191 56 6462627514710444034
191 57 7940969275766310066
191 58 8546897927848116820
191 59 -3271318390049629120
191 60 -6153942353109704469
191 61 6892919785396698519
191 62 3192387470773180604
191 63 -186665114263903517
191 64 7935428966815513036
191 65 1148235754022555421
191 66 1921953782435377227
191 67 1452590223926750820
191 68 -2066767786255336251
191 69 2052076063594138340
191 70 -1135106059999705901
191 71 -7876776576065173361
191 72 8033301292016052331
191 73 5365027663494392381
191 74 -4590511654307262330
191 75 -2702407516249053809
191 76 7540042907657084905
191 77 3957866572682130031
191 78 606736538138144241
191 79 9071649940024063866
191 80 5487073825372027464
191 81 -7268414222911113973
191 82 2106474976558322475
191 83 7183824831783866559
191 84 -523212174902655072
191 85 -5989896518525815363
191 86 -8069202843787789146
191 87 11031011218007810
191 88 900513571415173716
191 89 1303180878928762438
191 90 -2050550076066432232
191 91 -8645313976409817463
191 92 -6148031166357195286
191 93 192100552509656834
191 94 -6980055497917351315
191 95 5392052286673950129
191 96 -906147628486610861
191 97 1957576744024569127
191 98 -4724643616090333480
191 99 -610430285600535374
191 100 -1779882253208714409
191 101 -4817661155958793155
191 102 7075587203129347122
191 103 -7501134955470791387
191 104 -1617673713126769536
191 105 -7862814779602505441
191 106 -7287471737317580981
191 107 -2938640962657570031
191 108 344716520093477963
191 109 2668082161664775501
191 110 1750653069192402054
191 111 3884984977940520205
191 112 8765339699382921876
191 113 1457538396344063319
191 114 8641629418077098469
191 115 -5786648143686124622
191 116 1005669683569350917
191 117 3928026348663829709
191 118 -812232808116167601
191 119 -683821977863366009
191 120 -7155525632246720660
191 121 -1456425936213502510
191 122 -3846773527023273595
191 123 8744722851427285609
191 124 6320582906736858352
191 125 -3575819094556376539
191 126 -9069623885730181389
191 127 2573549322672521683
191 128 2256612296527408993
191 129 1465841167840090518
191 130 -7993169822014373549
191 131 4372006830069853670
191 132 -4527551064190207074
191 133 4365568017092115724
191 134 -928663436664503602
191 135 -9140236418919629268
191 136 -2990977431555460709
191 137 2834999009397815171
191 138 6871409659336192601
191 139 -6844104034414431823
191 140 -6152846385839233229
191 141 7898356388038847691
191 142 3096967172009636263
191 143 -6205168093856307696
191 144 5614869902735077097
191 145 6321371339954786448
191 146 -1426218224716096635
191 147 3121104332303810921
191 148 -4773467771969350103
191 149 2312499858049985385
191 150 -3051306151718233077
191 151 617190465793514549
191 152 -8207180539841985086
191 153 -3127316657357563697
191 154 -5266626548810540423
191 155 -9185192467157152651
191 156 -8881969906457520366
191 157 4284235002624143453
191 158 -2505908838892867743
191 159 8414798383478954826
191 160 -5161838675175696783
191 161 7321117855211613409
191 162 -6686503472227454620
191 163 -7333002618577980420
191 164 -6516549371112240510
191 165 -4481984894397937503
191 166 4571095485556645117
191 167 7695234325096661956
191 168 -7274517743016112434
191 169 -2214144284933825463
191 170 -6862519705715076738
191 171 -1618208179389537243
191 172 -338292687374066103
191 173 4489085724142585219
191 174 4213310092367889039
191 175 109944110719218109
191 176 2526067771461171897
191 177 -7349931878523526230
191 178 -1468685673235220647
191 179 7442375680642186637
191 180 7177214328491314406
191 181 -8152556051363161098
191 182 -6310954346843763068
191 183 -917530009186621504
191 184 5342013560033916510
191 185 3078900463091332868
191 186 1522266743887778586
191 187 7939974453682448566
191 188 -7257254752907094071
191 189 -2834251848679296826
191 190 3904059185914108501
191 191 -8857524290255928382
191 192 -713614733473398187
191 193 -1856381682113552454
191 194 -1919859925297533949
191 195 -7306710801136711900
191 196 -8431976077568382745
191 197 -6511888247379921816
191 198 7129868103581489655
191 199 -8542860220874862670
192 0 -6749214743923753487
192 1 -430267658863175297
192 2 -2078875708314885023
192 3 1800069232154430098
192 4 -3381899111686289674
192 5 -1165175530712864424
192 6 6519695059599126089
192 7 8032970949262254113
192 8 3002498540937861270
192 9 8332617580909024466
192 10 4256674198712542479
192 11 -8397773871997017507
192 12 102767430421044353
192 13 3939016838225350003
192 14 -1021240901748469202
192 15 253624346502783621
192 16 -4738164018133930046
192 17 2023429306900741800
192 18 -8462721886144567111
192 19 7889329761460368452
192 20 -2556032889912998322
192 21 8274519988199898031
192 22 -6712975689693433678
192 23 7484649854527846649
192 24 1797201630860475584
192 25 4148206130267083220
192 26 -5115875205001578027
192 27 1223340921542992104
192 28 -1971562089544294970
192 29 5328841842653880233
192 30 622426920275619993
192 31 -8176164792843152756
192 32 -4290493641712675644
192 33 5392910438481377923
192 34 4476501342605037262
192 35 -5806337179851587325
192 36 -2087896742896214373
192 37 -4079564116721853429
192 38 -8507394627445638903
192 39 -3880561924170938572
192 40 -3857319205609098963
192 41 -1198803233678818545
192 42 2596975181818872301
192 43 -7874283938895624542
192 44 2047918967203027779
192 45 -7034680717194062409
192 46 -5062845846595092540
192 47 7912764219185353784
192 48 6288130014440747499
192 49 -3143458003963895474
192 50 -7615962432104066554
192 51 -453203106981225922
192 52 -6280741289207777551
192 53 -3142008847980771836
192 54 4763604871147695468
192 55 -5481615314120747559
192 56 -2661156720047369322
192 57 5569272860545253809
192 58 -8993036149687919794
192 59 674723774503400916
192 60 374758213813789311
192 61 -4505250103663631248
192 62 7259963727963524631
192 63 4785503561850534158
192 64 674876418605315238
192 65 2288937547047176845
192 66 8858454190408049990
192 67 1257669413553331251
192 68 8334675949211536
192 69 -8610829528503668799
192 70 -5017945223977353044
192 71 -1625788721054146462
192 72 -3331416929568347789
192 73 236059879180806006
192 74 -6088724498715345845
192 75 -277888266333742092
192 76 -8741934894320711898
192 77 3455755032872399690
192 78 937374653857260276
192 79 8635608167861081638
192 80 7551602914943117685
192 81 2377623166129830014
192 82 2403064228763211472
192 83 -6120696318844575910
192 84 4873509840300829542
192 85 -6315836758095375204
192 86 -3658693336531937615
192 87 3516710662054995245
192 88 2826050198694658473
192 89 -1957142989302443560
192 90 -8500604863912648581
192 91 3079519578633430022
192 92 735444554489053905
192 93 2036353795315002208
192 94 1400030772121780162
192 95 -8090385968959224477
192 96 -215410550296253984
192 97 6687338074906583366
192 98 -2365556630019757434
192 99 8479753212051931328
192 100 -9051002201340615890
192 101 2675829858597943888
192 102 6052621610596880901
192 103 -5321740488404479663
192 104 3254050469285373924
192 105 3753072031761844290
192 106 -2394240161494566350
192 107 -6763720891328290243
192 108 5462654397454338785
192 109 -8430784694796817160
192 110 -7659650318341225011
192 111 3432384989887696837
192 112 -7149700683008592338
192 113 -3232924648754169240
192 114 575523934622341976
192 115 -9003380649255594231
192 116 -5848909661235910632
192 117 1163252940641164953
192 118 -5540525104412710558
192 119 -5323017606451886914
192 120 5072369115264638285
192 121 6004576034499011883
192 122 -6244315792955426931
192 123 -1907365288124035833
192 124 6157618296646298854
192 125 7904013586427586296
192 126 -3512482740626298713
192 127 6537791702913506499
192 128 -1367390571191872459
192 129 668690081392462595
192 130 5768040185183970203
192 131 11474856508247134
192 132 -3562511805151205356
192 133 -3176025724347769834
192 134 -5187979025868611326
192 135 5014172203702322512
192 136 4948049974193426763
192 137 53171107528471897
192 138 -5394615735192144952
192 139 6314991052811922037
192 140 -380281506263451099
192 141 4052090783955977087
192 142 -3172806891043813179
192 143 5459868017053565687
192 144 -5947875457134540472
192 145 6836709653847781544
192 146 3575713303227389562
192 147 -9082935024547574759
192 148 6946935494477525685
192 149 7132330404649675336
192 150 3840642005492181666
192 151 934219928640165512
192 152 3675221156441425510
192 153 2985524271053534424
192 154 3335494080358116618
192 155 -1964911207388431126
192 156 2954793535394559621
192 157 -3070758693361863054
192 158 -6690014628838884240
192 159 3105037384293228137
192 160 7631600987211431746
192 161 -470235239664306481
192 162 2246315674498614367
192 163 7952833615305488509
192 164 -46253052162590702
192 165 -9034734942463783534
192 166 8749642130780625547
192 167 -8708757790866597487
192 168 2270911723092234610
192 169 -1103836928540201581
192 170 5266309572365837443
192 171 7325698332309636313
192 172 4307178471920323430
192 173 -949252710561429156
192 174 4460090794606915604
192 175 9191367344271064541
192 176 5064000117077932217
192 177 8418969323407642112
192 178 4729149130363603615
192 179 5036505271706654036
192 180 -2026986153398037134
192 181 -8822017873943538575
192 182 -1166340880353250541
192 183 694227206978376790
192 184 -4310412676548633832
192 185 -8619402320180055007
192 186 -1312769167067686002
192 187 5698705238122819337
192 188 2871160891994875622
192 189 -3499359016721061162
192 190 912698399247031855
192 191 98936547884231319
192 192 4399664717976284220
192 193 -7943102081413699963
192 194 -5544105273279108388
192 195 -8712470726197176143
192 196 6405504315073052830
192 197 2537415894204367856
192 198 -302409110703674107
192 199 4345960547669636682
193 0 -9127749753945153599
193 1 8550220315480828329
193 2 -7214450537786054282
193 3 -2969119146941063005
193 4 4482923340186525258
193 5 1456643429492489467
193 6 2045760469765192551
193 7 -2158232525311302743
193 8 8421997032685680815
193 9 6105269972489589296
193 10 8943165337907940902
193 11 7203010792363623457
193 12 5363013294532083773
193 13 -7884109300656594125
193 14 794651510753308156
193 15 728527737188986801
193 16 -8699306890104772225
193 17 -241188926082495848
193 18 2621873596140304546
193 19 -88937594373467600
193 20 -606517333317300452
193 21 412537722200815165
193 22 -5211551365835581950
193 23 -1923816197302439125
193 24 -1448992179983894504
193 25 -588881601556719337
193 26 8334147943965402814
193 27 6570524652527585573
193 28 -5913481028441085383
193 29 -6364321364429089235
193 30 1104563816471333137
193 31 1263507601432384258
193 32 3479439314738787739
193 33 2248498017595531029
193 34 -4466170910918970487
193 35 -1382483462675468323
193 36 -629528627033968248
193 37 -7203569809362277979
193 38 -6656143688796419744
193 39 6115667935643130490
193 40 -5895758635430812599
193 41 1054349535018630178
193 42 -8203888237042392429
193 43 6331412743685928138
193 44 -7241453263650281445
193 45 1657776777763726599
193 46 320697194414659554
193 47 5140597004464157732
193 48 -5458738059932877841
193 49 -2545727047825018137
193 50 -5861411493593717261
193 51 8298454920341119458
193 52 1847529826525256480
193 53 -4857004955287324017
193 54 7415093531288405509
193 55 -6766578734693685800
193 56 4689308386617366854
193 57 8311035307664038042
193 58 -8830568737985968911
193 59 1158394289531027045
193 60 -110284937419403161
193 61 3068164708804358442
193 62 -2815479471208156673
193 63 5148941306333466506
193 64 1665934759295546741
193 65 8219578672404810571
193 66 -925715759020076388
193 67 -8966852340833861029
193 68 -1413701332188203734
193 69 8439623300140836046
193 70 1606404259190952113
193 71 4669708844066895631
193 72 -6733486081099732206
193 73 9210569899244509786
193 74 1131733973665587520
193 75 2004484821313437645
193 76 -2695798494184326239
193 77 -96394619344839100
193 78 235425572328089969
193 79 -4763111638457175728
193 80 405564130674175354
193 81 9095627341974421578
193 82 -1974430212292491623
193 83 8379434045765796319
193 84 -5862242269939335796
193 85 4055748298169194511
193 86 3361525517359310986
193 87 422552765283714444
193 88 5386209394489643387
193 89 -2201377555366539404
193 90 -8624042922383933374
193 91 -4617499534560455687
193 92 4438340978368999378
193 93 -8680997736541207717
193 94 7898496796553133374
193 95 -7821547945488116022
193 96 -8035520231352230850
193 97 3465193844049961909
193 98 -1486412790813473763
193 99 -5385792172237582708
193 100 -253163295698539394
193 101 -933159862446471619
193 102 -307291680441926298
193 103 5221276688224341630
193 104 9129450074997811374
193 105 3816576235859512874
193 106 3551605400218873939
193 107 -5073269238331478948
193 108 4739693137375937938
193 109 -635389581770279325
193 110 2572145399211140229
193 111 1576341710411850917
193 112 -1324164429186235588
193 113 -5825216283362065059
193 114 42418425142933779
193 115 8760120363838807305
193 116 3799642486303008516
193 117 2449578020720698617
193 118 -8500269433942367758
193 119 -5264705583524674445
193 120 2570235378038598710
193 121 -3282522162064178908
193 122 9038024963458042707
193 123 7268688145169915499
193 124 2550223203894095500
193 125 -5832486290388290815
193 126 -1819662947845282482
193 127 222823908840678151
193 128 3573948041741373007
193 129 3508228541715364330
193 130 -9201985883170044644
193 131 -3484064437425518665
193 132 5416720790412689636
193 133 714345937652663934
193 134 3074306228182870807
193 135 6218152107948508040
193 136 8889196639848021922
193 137 -5186657912416280539
193 138 -62298677719494698
193 139 6329504340498978960
193 140 -4059892772603394624
193 141 1414093839592010190
193 142 -1056248003831025458
193 143 8491267107053304538
193 144 -320257978946018775
193 145 -625539199793259552
193 146 -7977290309884494691
193 147 8530303460259817128
193 148 7068445086502882682
193 149 -8978102553381435635
193 150 6341346903663363717
193 151 8647035981305797184
193 152 988253607696511089
193 153 47423312261737268
193 154 -9083967978509704686
193 155 658325273077705657
193 156 -3448859886593491372
193 157 -1955771789830664143
193 158 1258218985023676759
193 159 2203876275375626121
193 160 -7340357537078922154
193 161 5489642209450894901
193 162 8005992390463886025
193 163 -2975101512598327803
193 164 -9187010111900461440
193 165 6200762331051312721
193 166 -7753208391164758852
193 167 -3137771328951562493
193 168 -2931141157155640713
193 169 -6171982101044937359
193 170 -891056262099425263
193 171 8691903595568017527
193 172 1192581060086252874
193 173 -1455654723401760631
193 174 -5297983469017624325
193 175 1268045977402820648
193 176 8108609513955934623
193 177 -154816753645829790
193 178 4585114371019314286
193 179 -6035498154164206368
193 180 -123244567882149233
193 181 -2471803059805773941
193 182 3816135584322226918
193 183 -7157016372524329816
193 184 -8237538485697402707
193 185 815050333570066360
193 186 3955931802203138054
193 187 -4574974738554777495
193 188 1846913459534863070
193 189 -4437126243532975496
193 190 -2828263524807268276
193 191 7123563590985945378
193 192 5470908239376298940
193 193 -577977886159732964
193 194 -3823433083457227719
193 195 -5903063081495345745
193 196 3729626056197635219
193 197 -3119488813182275509
193 198 -6748655713828293477
193 199 -2198522234397427108
194 0 9069917725165081449
194 1 -4442147976647159423
194 2 7037599322046960891
194 3 1184204848625984380
194 4 -1809555403456318719
194 5 -4654862206921527934
194 6 5111361240358657485
194 7 7230079092944542928
194 8 -7617448466756763775
194 9 -6783404918504167161
194 10 8860528981485269237
194 11 2713664004895837537
194 12 -128336064232669051
194 13 -1722607393486157739
194 14 -7130438928516995869
194 15 -8976599445056510649
194 16 -3662900483878554276
194 17 1037325066962838800
194 18 4482504621325690061
194 19 7275514578850709369
194 20 1011483535991800785
194 21 -999742986579317949
194 22 -6558764415946041409
194 23 -5053017316944186220
194 24 793702587845237604
194 25 5040502003158409902
194 26 8427479001397270855
194 27 -5549254606212945608
194 28 3942580239755849008
194 29 -8391100595033704549
194 30 5915637289248702954
194 31 2093702194938079824
194 32 -4211737127973886387
194 33 -7975095818466455374
194 34 -3459656711154495283
194 35 8538624110589767214
194 36 -8619586342973941233
194 37 3060653676533405614
194 38 5729832924653542745
194 39 -8746807764458287076
194 40 4854749668952979176
194 41 8829056657724742360
194 42 6366568252395699556
194 43 -4995831137079004962
194 44 1888049168731604705
194 45 950225377483662418
194 46 443887306172856658
194 47 -7844207402714051669
194 48 6929263236868863821
194 49 -2902697288526244026
194 50 8747698689173479832
194 51 2980253523027550094
194 52 3316162668346213233
194 53 -8125085228675666861
194 54 8542107023484109926
194 55 -2819606249554204362
194 56 4694336206465408403
194 57 -4011652421161172168
194 58 6767890045034384811
194 59 -2960745480010173970
194 60 -6939472289940733509
194 61 -1170868306683094203
194 62 8502256836746103773
194 63 1248854639234798946
194 64 8152522660800656527
194 65 8503998907493515905
194 66 -4225664476036640057
194 67 5824060429012835800
194 68 -5079657964455198192
194 69 115431051130087957
194 70 -8755493162902578185
194 71 -985639296813253741
194 72 -1324141627486186171
194 73 8126423397167442603
194 74 786479584450770022
194 75 5073591520549581298
194 76 1366898189878157441
194 77 -3809357413716653452
194 78 5921726685186550384
194 79 -8089358864489464575
194 80 -5814173255388368763
194 81 -5441680687547624444
194 82 -3807392044561866269
194 83 -543586716509525336
194 84 -1720622838411334171
194 85 4348862864223965880
194 86 -7392912285168206908
194 87 1456817104818312119
194 88 -7485553779493094702
194 89 1634003023944531652
194 90 8269600937225536139
194 91 -115438798250335923
194 92 -442585566794182057
194 93 -319778489076608926
194 94 4441773947961492737
194 95 -5663805431085352041
194 96 542742143286984790
194 97 -4260607727268819851
194 98 -3173909086755289593
194 99 -135085436971462576
194 100 -2953219077325566291
194 101 -6115773560611759578
194 102 1371624127277694374
194 103 -5273950838495671780
194 104 -7532916158712153272
194 105 273707557767352252
194 106 -986983311488518503
194 107 8780286044214026382
194 108 2166408993990950408
194 109 7642458686805698179
194 110 8553298514858585373
194 111 7496077615404695984
194 112 7275476329227623815
194 113 471175353348699652
194 114 6883767609285900116
194 115 -5723996247591365359
194 116 1665775098485804200
194 117 5828732897138121337
194 118 -8941870427149392598
194 119 5238706379387717701
194 120 1116116419121374463
194 121 5727465480422563512
194 122 2458782826906663333
194 123 7088653483371325219
194 124 6838565321709737452
194 125 -8801696540185161001
194 126 -8827359259373194691
194 127 3422392594244187046
194 128 6150432261190515885
194 129 526002255065342517
194 130 -2478407463473333531
194 131 7023897535984322538
194 132 4169889699162105585
194 133 6100073348212802690
194 134 -468984516612134357
194 135 1489272179555827918
194 136 8253140137353242337
194 137 3301605272589514708
194 138 2547042787738366173
194 139 4302111665677977760
194 140 -2663440878934946340
194 141 -4147885116147941457
194 142 4305927295699829779
194 143 -9075370016710623237
194 144 3229402311280107808
194 145 -5639968545616622517
194 146 3075944081857453780
194 147 2735840302284647907
194 148 -8302116750171765339
194 149 -1506400931656254293
194 150 -4093802048704026496
194 151 3526028465307361797
194 152 1031145136516073533
194 153 -3988408029096876529
194 154 -8692611287031916758
194 155 5437569335331317419
194 156 -1655692108005918101
194 157 -1887055947360701670
194 158 -2149356101785933515
194 159 5934950335225485553
194 160 4533731770365600663
194 161 -1149723595989674063
194 162 5986723250294195229
194 163 -7704976660456192082
194 164 8267345557797937817
194 165 -4183334629533265116
194 166 -34722027583442204
194 167 56388607035455589
194 168 2463643160565835590
194 169 7440759342495892005
194 170 -2055278240814728221
194 171 3496461721829746865
194 172 6132510691556317779
194 173 -7162809847998939832
194 174 -8340771683050028511
194 175 -7077807908746301606
194 176 3478324719128766187
194 177 -3765869055411848024
194 178 1563116613105353387
194 179 4898346469386812318
194 180 6555009691589845634
194 181 -2810203184798648805
194 182 -315549795635302614
194 183 -6262894105284634809
194 184 2768122606645045237
194 185 5001479024270933785
194 186 8935203655043244259
194 187 7952207991553591461
194 188 -3672757487942533665
194 189 7000278547557938758
194 190 6183315585841633674
194 191 -2200463322040665248
194 192 -3436783168219895150
194 193 2925589488183416740
194 194 7483141197285486149
194 195 -1744510416766862273
194 196 8715287469507148383
194 197 -3646669674309110482
194 198 -3299427094969026467
194 199 -2317666068780028540
195 0 1795769345016899447
195 1 -5023987641676076821
195 2 -8975817382364119948
195 3 -7018825780134843182
195 4 -7549463873226459215
195 5 6123118126139315768
195 6 6756374172946630457
195 7 -8994447350184041764
195 8 3159627489680830411
195 9 -6575003321033546586
195 10 -8896783200415486689
195 11 -407987321121727842
195 12 -2596577879419102859
195 13 327528065211373616
195 14 -6974488648655907091
195 15 5682950850678892028
195 16 2920001422093390002
195 17 2194381551712735992
195 18 -2909994169207127397
195 19 -4483594085559912875
195 20 -4357163815211975540
195 21 262542343510381005
195 22 -8171439809012287989
195 23 -561250592592497709
195 24 -8751252175752915799
195 25 -2105069213887673823
195 26 1542481169085216870
195 27 1220589357903033424
195 28 -3757267802695800381
195 29 8607760746590775154
195 30 4095552540514038491
195 31 -2885098096671913319
195 32 -6329879842538501986
195 33 2982150549672067012
195 34 -2082429100234607727
195 35 -5021501927677731021
195 36 -1836143919181969531
195 37 -6596082867406066378
195 38 2042495143464497850
195 39 5276310120860777736
195 40 5326639880939431017
195 41 -8649757603554137078
195 42 1976762282939863994
195 43 4710195176770886
195 44 -2206052390099989216
195 45 -7968677105715187148
195 46 -4506040210529932338
195 47 5441932935230214999
195 48 -3215601933602067258
195 49 -3920541224436351823
195 50 2843854705556097763
195 51 3146603693721212920
195 52 -7655513201869282704
195 53 -7939485735332568523
195 54 576603725077769462
195 55 -7779222458661327398
195 56 -8943756153276183728
195 57 -7717230785612466529
195 58 -6764547414806119440
195 59 8379730644939151086
195 60 4968709398867962973
195 61 -7718379615938987526
195 62 -4266959295998882255
195 63 7639259453271300630
195 64 -3866156520727577194
195 65 1354869432060158195
195 66 -8694588047830491089
195 67 7835403491594858219
195 68 -2508336662635984889
195 69 729812367593140167
195 70 -3095740772657139773
195 71 827607032463285466
195 72 -5885062024686574588
195 73 -4623209948990816909
195 74 -5769074444084502333
195 75 4466902761825615220
195 76 -3235867938864318983
195 77 7397151424878934520
195 78 5120668702483488093
195 79 1234502887968938799
195 80 -2613488626898423005
195 81 8441762017881219431
195 82 -1387535688238952461
195 83 7443959385979762579
195 84 151838887694546249
195 85 7970334361589791961
195 86 -2073807683558584441
195 87 903464838685921542
195 88 7399549178100101216
195 89 2984700104244023791
195 90 -8478081265287680744
195 91 4355005846215971319
195 92 7970941329375765554
195 93 -1409544766616044820
195 94 -4659577496171505047
195 95 3024707379351862857
195 96 -7920971906653856311
195 97 -1685324878496620589
195 98 3731809408890167941
195 99 -5678566483452067251
195 100 -4492441245564823828
195 101 -1377465357266301968
195 102 7159055118524145036
195 103 6522617251162035277
195 104 -8808801687862698332
195 105 1482326583699875287
195 106 7331689228493077735
195 107 1695112671679210691
195 108 5675721454745633777
195 109 8848007130865092366
195 110 -3184236707821145351
195 111 -555311657943395465
195 112 3659475626779229218
195 113 -4383407662937547049
195 114 -2504043637418922346
195 115 -1834032157913625245
195 116 -1291303800097736558
195 117 6682649093458737092
195 118 8683732387269593103
195 119 6391464733596591300
195 120 -723523599979886392
195 121 7498351166331633200
195 122 -6556255808888926641
195 123 -8219991110033883085
195 124 -295719981621051407
195 125 -9052496372236911004
195 126 -5889309558253690175
195 127 -8094131540467748276
195 128 7897528745217966839
195 129 -4906695373598972759
195 130 -4249351279672293145
195 131 -6344796453428098022
195 132 -6732634345385064187
195 133 6646697024033556892
195 134 2140929316133157588
195 135 -9123687135245847034
195 136 -5497141961096342658
195 137 6566092460773412322
195 138 -8521775083200883032
195 139 -5069518301589732880
195 140 -4818932015042924771
195 141 9072568094811795120
195 142 -8733714632140760008
195 143 -5557013902994423134
195 144 -5507008233993714228
195 145 -4088530416863799058
195 146 -1712273422980447817
195 147 -2724251427195746209
195 148 -1773337457646184439
195 149 4280263536052076050
195 150 4922346802369640609
195 151 1386054350704572921
195 152 1462046332501756760
195 153 6181150475507273562
195 154 2539110892944836711
195 155 3139161697196193161
195 156 -4093617335985400694
195 157 3667722283512303744
195 158 -938828841912523609
195 159 592233557405905970
195 160 -1302849020748708660
195 161 6505906295301473101
195 162 -2705313896500291024
195 163 -1508740136042444980
195 164 -4342688217201035284
195 165 -8330812668130473017
195 166 1237780588819686714
195 167 -6261193579412744685
195 168 5139631965934436870
195 169 -3734708261600873911
195 170 -5676211786784643935
195 171 -8651307006729019482
195 172 -5997534382925784867
195 173 1734767188145823657
195 174 -3549359368447115900
195 175 3018098096889235691
195 176 -3670743405759640031
195 177 45778654168786211
195 178 -2966159457153356484
195 179 8661723949757278344
195 180 7101673021341483092
195 181 3555056153579575625
195 182 -2651947819425482183
195 183 4775602584626035315
195 184 896093780786181518
195 185 -944622736694058531
195 186 595683122527323724
195 187 1517937448847979286
195 188 7046400860950857275
195 189 -6386107802753198233
195 190 1664115613620575916
195 191 -8700800526873933542
195 192 2348073746209859436
195 193 -9122332684990869255
195 194 7549716066318062087
195 195 -6531864281861167781
195 196 -7635786865203125952
195 197 -5788983802194333557
195 198 1433160423776156106
195 199 -4465252765633269202
196 0 -7989976489926661820
196 1 -5533177069078422473
196 2 2176605567835928041
196 3 5739074209323312827
196 4 -4322490325318123400
196 5 824009153191877228
196 6 53064063429133480
196 7 7574858551018613944
196 8 -7471821713527459514
196 9 -8344404601797876154
196 10 -5838219894956860197
196 11 -7652633286268844499
196 12 -5752704009288225827
196 13 1998276340395510754
196 14 -8915044237825071342
196 15 -5533809691867677444
196 16 4180720751873600133
196 17 5124338624970541761
196 18 -5118018639474488402
196 19 -2881221003490562970
196 20 7113954717819928697
196 21 480716301221113376
196 22 2322410375954638727
196 23 -3856215711354421139
196 24 7113611190466674127
196 25 6258767025701949677
196 26 8974342317371486424
196 27 -6146580998904163083
196 28 -386577303426276143
196 29 8639711526705446110
196 30 -3473756628458599498
196 31 -192110967013944797
196 32 2084342748948614224
196 33 -6492956839701795657
196 34 -8197781342574693203
196 35 -3585540485921215599
196 36 -8460780745690657476
196 37 4942771135242411038
196 38 -3828370224567128447
196 39 3544496801718007111
196 40 5322533155317111653
196 41 -741825269341986262
196 42 -8276649904053365269
196 43 5057021879321392647
196 44 -6087896484298545892
196 45 4407492682752731355
196 46 -229418745091327433
196 47 3399266198363659409
196 48 2107212904958910858
196 49 6512861005680696412
196 50 -3712831874962730483
196 51 6776739930050655989
196 52 1677876328216731299
196 53 -8817652267187925294
196 54 6455954619138058284
196 55 -8442561758821250363
196 56 6965243525174341902
196 57 4198073489702684517
196 58 -5611514331760736673
196 59 7974505150873980018
196 60 6853765677529174693
196 61 6241947252856235042
196 62 1822371245269333987
196 63 -5119850541437669020
196 64 8050931496520695872
196 65 -4896641803468013154
196 66 1532848012840050383
196 67 6131279103214685775
196 68 7230143021227899291
196 69 5246123779612897049
196 70 -6044251971263243510
196 71 1001448549607743825
196 72 5513103230453692637
196 73 4464267595529022573
196 74 4796393912359791160
196 75 -4066141101900490136
196 76 1078516569445358872
196 77 -4626640425325362451
196 78 -7964266096469528618
196 79 8936722726992160763
196 80 6473376834317428382
196 81 -6289435521185553085
196 82 7214098232239256518
196 83 -5073710520462791891
196 84 2975874753734096552
196 85 -1144965560029792050
196 86 7910692400707791949
196 87 -5116449225550147734
196 88 -1335235023920381502
196 89 6082880161545574674
196 90 -3210283796842925140
196 91 5979333539229365940
196 92 -24012321494345643
196 93 7281879540660259611
196 94 3712374533677991609
196 95 -8445203677388554602
196 96 6711494934346002599
196 97 4604840279864423989
196 98 -3307688615735169241
196 99 1926912458428646259
196 100 -285222133009390321
196 101 -5595062828889558565
196 102 5170137828973099591
196 103 3941850519167008114
196 104 -8066545556998247133
196 105 4363845457588259653
196 106 -2260621495708521746
196 107 -2988408778713121817
196 108 1561324341064761171
196 109 -2573043313298261193
196 110 -9157108466973686118
196 111 5742830320334416561
196 112 5532909062557279720
196 113 -452662890405766375
196 114 -1891592336374741001
196 115 2427590087916391669
196 116 793759504389058251
196 117 2701820113185213959
196 118 -3630930521572803420
196 119 -3907316646622251328
196 120 6402790525847349821
196 121 -377664850754309128
196 122 -1863151750729315387
196 123 3148460429413746041
196 124 1713357960924007548
196 125 2890643573313411723
196 126 -2060857179518660975
196 127 -3528992093319559435
196 128 -7139768228448662217
196 129 -2683823441818751775
196 130 2732944663756570685
196 131 -1900365814449691340
196 132 -2098109810202680765
196 133 -3146448761677265779
196 134 1277614335371564577
196 135 5090389022697930061
196 136 2534854965431391368
196 137 3903344790323824092
196 138 -4250196329576091586
196 139 -6291232740637799810
196 140 -5936631978220999010
196 141 -8910388933419961044
196 142 -9005810161408153924
196 143 7413796524663545941
196 144 709517972159271716
196 145 -3558203484422207250
196 146 1983734288332988043
196 147 -5891393436598266009
196 148 -3200697235470285852
196 149 6476090211005298479
196 150 -3440631086636763775
196 151 -7310604442485444980
196 152 4646993080543405103
196 153 -4939322095455894585
196 154 853690085765210616
196 155 7885251684555796667
196 156 -374443200779795674
196 157 6410107891719942144
196 158 1531835665639465038
196 159 6575549046202313726
196 160 -865306089837666709
196 161 -6975919054147948700
196 162 7617217796823932352
196 163 5842479777993165545
196 164 -1686609249905532846
196 165 -904780716982165037
196 166 -3003200327421088867
196 167 -968054122452400596
196 168 7924086372899126318
196 169 -3382161052670195746
196 170 -3036935074113762690
196 171 8940084429622803039
196 172 -7015456635573952619
196 173 1122400671236534298
196 174 3090667903624046929
196 175 348419950466411752
196 176 8922772863617604815
196 177 6890478295577525088
196 178 -4460832232192729196
196 179 955841723236697077
196 180 -3139380392345921152
196 181 -1641623974335136639
196 182 4771261651055143442
196 183 -3569308889445162822
196 184 1305573822333196954
196 185 -4296197655990083573
196 186 1234711719767175570
196 187 111621130944617476
196 188 8083317066263660246
196 189 -997098806694251230
196 190 4065196439361839170
196 191 -7656815901452681825
196 192 -3699623465740684494
196 193 5264032437645028204
196 194 2745231029823754125
196 195 1364154201460630615
196 196 -2410985385932892051
196 197 -4981331886891949369
196 198 -6897301133329263803
196 199 3618930797119007606
197 0 -2380649140260190323
197 1 4274591613601374269
197 2 -7886101590617066938
197 3 6024623523323557577
197 4 -4107584259437337629
197 5 270432756065227028
197 6 -3553818783117533382
197 7 6691030440406188158
197 8 -5682684020595233819
197 9 9118289020223822165
197 10 -1439341082280702958
197 11 6185726631048611262
197 12 293455103188357020
197 13 -1021840093148480117
197 14 -3016026724517246569
197 15 3808942312092028652
197 16 -2001085156862987267
197 17 -4671914933529001765
197 18 -3095816044479901342
197 19 -5585316973228062650
197 20 5324165965358728040
197 21 8607938321444231839
197 22 7733965230227354136
197 23 7231951279287627385
197 24 -3671468507808877285
197 25 -3799647585789252127
197 26 -2552984123808194606
197 27 6655088685218133250
197 28 25323990566414299
197 29 838351593824459337
197 30 5244163886018085874
197 31 -489124220341754926
197 32 5199402258288404820
197 33 118129921690058065
197 34 -7039569544215535793
197 35 -3155801904022339638
197 36 -6894134430420286511
197 37 -1985135588634586532
197 38 -6661622293438393867
197 39 -884118858122537810
197 40 7904811737000779975
197 41 -8662215646403121944
197 42 5857527196478763836
197 43 1558629957271639929
197 44 5692845564309290044
197 45 -8354102217343423402
197 46 -6320706142832804691
197 47 5005293664492572552
197 48 -6325437258647929427
197 49 4395089908222286457
197 50 -7737136261899948744
197 51 -8295595013195696114
197 52 -4829124926686306646
197 53 -2967229016137411145
197 54 7195473700860231613
197 55 5488298992615820268
197 56 1242889997028945483
197 57 8890759295056556175
197 58 1807412011830120250
197 59 6663835421793680828
197 60 -549306266476651239
197 61 1774445946424330165
197 62 7244048337454708381
197 63 -6403935144865119845
197 64 174982506978454617
197 65 -328235678475481139
197 66 -8416964601240915617
197 67 -5162770794626926107
197 68 -4541232298415616625
197 69 -6229226859731906652
197 70 -3902600334112019086
197 71 -4822805085012614630
197 72 -2748743530347812387
197 73 -806315840566761964
197 74 -6219917450413995991
197 75 -5106633738057721284
197 76 -5020391915924207093
197 77 -8964119083838021444
197 78 875791928690121972
197 79 997955108489523847
197 80 -6675066735199164334
197 81 -1223493290494322630
197 82 8884197946331219682
197 83 -4753806844218156022
197 84 8085669496359062371
197 85 442483857484892126
197 86 -3577146921580883143
197 87 -4308851128130397338
197 88 7769271307558595815
197 89 7932750387011638450
197 90 7695455591512571039
197 91 2078129605977776569
197 92 6858379582556407238
197 93 8869954967102195086
197 94 -5703996066995758954
197 95 4687486367716845300
197 96 7591773161758644561
197 97 8077102893104942516
197 98 -7366820807746834241
197 99 4213968030563427532
197 100 8428623885775457273
197 101 6842740635956699711
197 102 -4728052338507336765
197 103 -9220846025699804546
197 104 3564551041426120944
197 105 -4070510879678533049
197 106 3731581736159139856
197 107 534720900633041134
197 108 6015634303956655436
197 109 2186610226489679039
197 110 -376258028221913279
197 111 -6906736382687845931
197 112 -9211346373195843701
197 113 -1947176441042014013
197 114 -7759827501103724832
197 115 -8426182302295192478
197 116 -704344533960312536
197 117 -8308710902805838919
197 118 -7340139952705239842
197 119 -7893461147912483876
197 120 -3436905814193930886
197 121 7310311585029548316
197 122 -8956543233617524331
197 123 -7799880542049834219
197 124 -7747583131170365214
197 125 -7261695020871871276
197 126 -1076770603843908200
197 127 -7266338125279408103
197 128 5178601774271711535
197 129 6161268599064943704
197 130 -4638294110588204498
197 131 7198610139208591577
197 132 -2381042374837946866
197 133 -4594351961877901192
197 134 113592433637099012
197 135 6311695235082546962
197 136 -7337903942820032338
197 137 8474669047134697409
197 138 -825457818621947349
197 139 -7319719978199363508
197 140 -6262450000124843696
197 141 2841706088776834351
197 142 4582086954810358997
197 143 -5198295760843454497
197 144 8606479114196123933
197 145 7528507578157450640
197 146 -6468820793817660009
197 147 -6284238339455858827
197 148 2019545892166318660
197 149 1374750559901187780
197 150 -3314413488889437106
197 151 3323445754932677170
197 152 6805429233137992623
197 153 8441862954543638392
197 154 -5503076538160690748
197 155 -8228932696590426782
197 156 -3761442335317118190
197 157 -1112695210002321114
197 158 4781749003029427087
197 159 5636465984348128957
197 160 3763864344160106843
197 161 -8882012051631067157
197 162 -9197510888300546834
197 163 -6002124387996841929
197 164 7328411487641350279
197 165 -3307999115664621843
197 166 6110992499816487390
197 167 -9152009799035105000
197 168 -2087626233503959158
197 169 -2892393722670079109
197 170 5061120293431718537
197 171 -5319376233925050930
197 172 8314297409212792101
197 173 2465768951556125574
197 174 2107759919068162254
197 175 -1212912556112186669
197 176 -3448566257693156824
197 177 -6385177980606086733
197 178 -5946665570973120898
197 179 -7114168700556210139
197 180 -912489654278715548
197 181 -8455827869311598458
197 182 5799814855057798270
197 183 4054824454147296172
197 184 8243601527673277200
197 185 -8723908225518617235
197 186 -6486738286723055756
197 187 -115708073768923018
197 188 -7259759674410119074
197 189 -8511482336885988406
197 190 -2280966043183814587
197 191 -8769931559574408215
197 192 860402948273975042
197 193 -2326037950256752517
197 194 1948516711328588169
197 195 -622792278313184782
197 196 -5898697462788420975
197 197 -1164350316178065911
197 198 835587025112907132
197 199 -234169464717878727
198 0 2045944277033964471
198 1 -2912344763928360674
198 2 -7911425712477225892
198 3 8425540561313908937
198 4 3805257317584720474
198 5 -7569760696263785087
198 6 -365314500046937575
198 7 7310476415915229887
198 8 3599595807634386097
198 9 -6092663126803509873
198 10 -8077475264726112032
198 11 4587550605418318164
198 12 -3229126817322937139
198 13 4784713487122784674
198 14 329772739514237253
198 15 1637737456039706576
198 16 -1026008877021332026
198 17 -8993651453201885522
198 18 7323157065813136381
198 19 2706130060658691642
198 20 6191955100054121586
198 21 8594965441229278528
198 22 -1298135320491245044
198 23 -7618929604320858063
198 24 2846720230197504281
198 25 -7769581889384483264
198 26 1082318647250425145
198 27 923994043740403457
198 28 5478840682171954626
198 29 4629470159996579902
198 30 -4907844734938392710
198 31 2964193685319777729
198 32 1706030351921833584
198 33 5037260688383796040
198 34 -6803163949834078253
198 35 -5947138824592708485
198 36 -3247532352567897370
198 37 -6981159692493604336
198 38 -3036030457189549395
198 39 -4471455532966500359
198 40 8787113655588074387
198 41 -6216178273462667794
198 42 540526881323565803
198 43 -2167252279921408581
198 44 -5314409329201160881
198 45 -5610413607674764720
198 46 -2706429481668749124
198 47 3139890993170869212
198 48 -5083190048326834320
198 49 5367977198520488956
198 50 -39893389851893876
198 51 2402736221740525641
198 52 -2283911610760042064
198 53 -2461965032495944896
198 54 4308199409632893086
198 55 -5991062343987812133
198 56 854440083657562312
198 57 8745051965144459368
198 58 -5127020254222716102
198 59 1502261453956151880
198 60 7520460653437255612
198 61 -1355123747288635049
198 62 -8289502525465215018
198 63 -4278963135785556488
198 64 1205961757119649471
198 65 -3707336784543784155
198 66 -3761766412658782357
198 67 1586575102524522616
198 68 -8489401878033436368
198 69 -7920374781569201404
198 70 -2594419276059545850
198 71 821031665222029940
198 72 -3537679457161342335
198 73 -7235272645431737268
198 74 6816592576049730141
198 75 4126239552098320519
198 76 2672840005550052954
198 77 949663118842643264
198 78 432741360178913731
198 79 3933626562752337028
198 80 -2099137647243562578
198 81 -4804810697959636203
198 82 5875829126373803762
198 83 4249917060843560111
198 84 1981337279985354661
198 85 1112285849371531803
198 86 1101202323006700084
198 87 1169840330638472864
198 88 9121236125744948139
198 89 -5225509682538858166
198 90 8207403289445222882
198 91 4511438935876707880
198 92 -7934624210810498201
198 93 8433190588274333059
198 94 -5805711254682411765
198 95 -1379300788938194211
198 96 2669252164116378025
198 97 -1293797575567152262
198 98 2311152367526977708
198 99 -2102413082555171135
198 100 -6945880601629368288
198 101 -3461459648059685564
198 102 5995657410272921454
198 103 3461560852969505306
198 104 981083351285578595
198 105 7539060198267477828
198 106 -650896184975424040
198 107 -1909819312823336066
198 108 8197550253625133675
198 109 6273218223920319421
198 110 -8955410560887678558
198 111 -8849860958913430090
198 112 316386811939109510
198 113 -7232931840757326034
198 114 2887146196520670002
198 115 -4672468622757314249
198 116 -7006329125745940210
198 117 -2713768695787043266
198 118 -3923404506595202933
198 119 1592759600244926717
198 120 -723009144440660924
198 121 590062239587246106
198 122 -3870667642093438512
198 123 8395470671617092031
198 124 -7305043863361286093
198 125 -732000862779570286
198 126 1317507214242096549
198 127 -2817084511168480590
198 128 2983134607178911245
198 129 -8745975926512315390
198 130 5052793121957622168
198 131 -7583966687927242129
198 132 -1852699435954035880
198 133 -8472451704498605698
198 134 212730340150665346
198 135 717734221565530205
198 136 3078455604297994610
198 137 7923110091964176345
198 138 -2067138505657472379
198 139 6233090573952240135
198 140 3092244125951378305
198 141 414001878090521019
198 142 -247467435861047077
198 143 7319742929483370216
198 144 7017413675478682366
198 145 4930894344811140719
198 146 -8636184423395381322
198 147 7061457846246536041
198 148 1612119154582484464
198 149 5880147858000383545
198 150 -4103022327684647905
198 151 5716534784223672903
198 152 -8983418798650425702
198 153 -7417126887859027064
198 154 -4094537308555761327
198 155 519733446939960911
198 156 2386293318868393625
198 157 139324381615668576
198 158 1529241136432975100
198 159 9107572333377645140
198 160 6700194514372381467
198 161 6727257447232913431
198 162 -4254934297643503998
198 163 4161838187045363007
198 164 841732352986083854
198 165 -1294088398653485226
198 166 8369111031498463718
198 167 -65437331468722499
198 168 -2857839174212582962
198 169 4423486763867551880
198 170 8297587715103834428
198 171 1053228730143189153
198 172 7041724101449555303
198 173 -8549688712962194447
198 174 3265186045012077368
198 175 -3073467689331966097
198 176 -6575576178515786044
198 177 -254108190483986922
198 178 576582662651584870
198 179 -1507347385175977409
198 180 6610890562216308635
198 181 2044701298405565870
198 182 -2739445204064159847
198 183 -6273756622267323758
198 184 675240182934877924
198 185 1279852887196352499
198 186 -6256185388131471453
198 187 -6475211387502890339
198 188 6877057288860397208
198 189 6163139490942225803
198 190 8516946822232553734
198 191 -3163802926073396081
198 192 -5735424171123129659
198 193 -3923785655162825271
198 194 2719538676648640235
198 195 3040911925729188747
198 196 -6365390795140902754
198 197 6577981862839601854
198 198 5903699486153284146
198 199 2185145859703567939
199 0 -8626309668107205007
199 1 -3422441725492728300
199 2 5587921210316347046
199 3 -167215976212524382
199 4 5260895661204179098
199 5 1082399510616813854
199 6 -5217957021849407311
199 7 1641482920347753488
199 8 2796218959628442798
199 9 2680584140441966441
199 10 -8483485905059823281
199 11 8169438010439591588
199 12 -2582237221431978711
199 13 -7201006351884510512
199 14 5662526211166140397
199 15 5109758919252690692
199 16 6530572154943655074
199 17 -2762665362176426604
199 18 3905398742238769940
199 19 -2936359587757632844
199 20 358966743428652006
199 21 9112586503165475870
199 22 4854472041906943123
199 23 -4110715453719439187
199 24 3833735402265906203
199 25 4342281780089062765
199 26 -5089874504994267328
199 27 -6418259638925028631
199 28 5701527037405762859
199 29 8757161234676985232
199 30 8160683206915150045
199 31 -1292064783997347511
199 32 -8053033097265989935
199 33 8704043625411156261
199 34 -5920160461981046062
199 35 2020804970005250559
199 36 -1026810057776948406
199 37 1851812479647502782
199 38 1348565171777461910
199 39 7102688498573851394
199 40 3008579656630681883
199 41 -5621793342691847225
199 42 -3609795012936561565
199 43 -1577244477710237908
199 44 -8077901753407590409
199 45 -3263818522064815496
199 46 -6685003569245508596
199 47 294344582446991380
199 48 6943554565653789600
199 49 8835092590575943480
199 50 -7180038937883377446
199 51 -2906941262098148136
199 52 -3928913358332041953
199 53 -1635655895615719490
199 54 -1605770722482051606
199 55 8565727608260804316
199 56 -1906291889004207597
199 57 3840346687116595025
199 58 894101446715608794
199 59 -841961692806862920
199 60 -244645300914624460
199 61 -7456655098225360085
199 62 -505228868707202294
199 63 1432257343683544846
199 64 -8826058372604520400
199 65 5073965654019071233
199 66 2033553052092560328
199 67 1790725401978825179
199 68 4593637287095360113
199 69 -6583689723106501973
199 70 7384532631498011163
199 71 68673301117846861
199 72 -3967482543218289355
199 73 -635862345055446931
199 74 5554391225233850585
199 75 -8838152303901385792
199 76 -2943955094512737467
199 77 -5754301279071713689
199 78 -5273353860965190560
199 79 -6569431441241476137
199 80 -2588068812382092242
199 81 -258910744628338748
199 82 9035011925471133331
199 83 6230060833596555822
199 84 -7380927848211145228
199 85 -6870731359747695885
199 86 5844077226330069893
199 87 -5070678560807149364
199 88 -7717418891653546279
199 89 6030431799626965760
199 90 2659038403511605537
199 91 -576272687535148665
199 92 -2914854203788619196
199 93 9142668432646209358
199 94 14701694078363876
199 95 7391721474318200896
199 96 5246989564659105613
199 97 5602882337494255515
199 98 4709481708590280862
199 99 8197863730132149588
199 100 -4549770339976692665
199 101 8094857449409661341
199 102 7940275576973304348
199 103 -6018552630101709001
199 104 660380395540714981
199 105 6729615050669167339
199 106 6245508978477009756
199 107 72607547884583774
199 108 4896210159437925002
199 109 7142085749000874895
199 110 7005741121885555540
199 111 2982953581995776853
199 112 7523608274038391408
199 113 -5457879088872304211
199 114 -9024651762869906595
199 115 -6428715848107538325
199 116 -5495689925997476868
199 117 2995547917347765807
199 118 -7008374194881288454
199 119 -2308385044341852982
199 120 1680727730509216116
199 121 4143955036339852308
199 122 1448934757460146491
199 123 -9126094509696151285
199 124 5950095814895543000
199 125 3712312072663231869
199 126 7747037322392099305
199 127 3296193193113293754
199 128 -5060277803070741656
199 129 6934681120302616061
199 130 -4255983179712095419
199 131 3818271291455161019
199 132 5093815863804029723
199 133 4880805601571362103
199 134 8338936452971266653
199 135 -548217628990541164
199 136 -7514136060329821511
199 137 -1665627227320010273
199 138 -6997576013111735736
199 139 -4309774897348226031
199 140 -5648328798022964801
199 141 4463348656833025074
199 142 1903172750598466748
199 143 4185118069043842935
199 144 -3574743954357401977
199 145 -7704364912022940050
199 146 -3378080801913751715
199 147 -1508569349001779816
199 148 168464456711569009
199 149 -797004594567281008
199 150 -4205673678293562483
199 151 -1966494634688488189
199 152 -6170733538079841898
199 153 861557039424468838
199 154 -7343326326061538394
199 155 -5613257108459823962
199 156 -2799896887072939584
199 157 5004247913433145234
199 158 -4129716008725364985
199 159 -2937347957554457617
199 160 -7669320681553675212
199 161 2524498404922424659
199 162 1693584553640084818
199 163 672645465813614775
199 164 181926909142522922
199 165 -2631053526039286003
199 166 2226062076227066452
199 167 -3626461617765742956
199 168 -6518397214261019470
199 169 5300993076776303000
199 170 8929100439663308323
199 171 7509849747804047555
199 172 -6462221684962120636
199 173 -6584169062384752823
199 174 -1489461231573533889
199 175 1485698141961829544
199 176 7525246428982706766
199 177 -7527604242663282774
199 178 1444907318772925359
199 179 4823941798582927075
199 180 8367154507313433814
199 181 -2017252373060486485
199 182 2320735166309417179
199 183 968202299961009622
199 184 -1054375616138595487
199 185 7196918672805111301
199 186 -595169159256650630
199 187 -8605583526733901708
199 188 -8104495276820263018
199 189 -5417579289498065270
199 190 6417445618612140876
199 191 -7178751726047578094
199 192 -7854573241906455782
199 193 7272503044718433642
199 194 8580673811223592574
199 195 -9140012600311738564
199 196 4763521668116905796
199 197 -3314001359808570990
199 198 -5041211322816846462
199 199 8354524721076027444
Tempo de execução: 0.00805385 segundos
