200 200
0 0 -1378189152408858982
0 1 5631658128159108552
0 2 2708556432949606859
0 3 -6439082148561081633
0 4 -5212960228172143803
0 5 -4341550759508161222
0 6 -5984826512432192729
0 7 -5455068389247227819
0 8 -8623043335831500387
0 9 3985884249062078719
0 10 -3277296167563544301
0 11 8079466537254891602
0 12 -465150224361175566
0 13 -6126555198433119364
0 14 -5975613870109955405
0 15 -3499862537792498285
0 16 -8063880595175966795
0 17 -2661850327603270486
0 18 -7213762787743739653
0 19 3068462080533803358
0 20 4397753516270247390
0 21 909247192822677453
0 22 4305201166161301445
0 23 -5945825416608212743
0 24 -1785605885140822039
0 25 -1845078559370191799
0 26 -2232150590467088200
0 27 -1569369011696743407
0 28 5312987774161265484
0 29 8369747540263236245
0 30 2174661205521194645
0 31 -8475722875642152517
0 32 6364109526660149770
0 33 5233141340182870884
0 34 -5592991578539929388
0 35 -1765294048473262680
0 36 7335351720757165638
0 37 4297858207461262603
0 38 6229188592009498940
0 39 -5663622549358004359
0 40 2651934803230500902
0 41 3236031530839202093
0 42 -1124373147898143853
0 43 4492240027911540574
0 44 7438198313867370563
0 45 4650506853521174174
0 46 -9176085791095110464
0 47 -220197662421452650
0 48 5285618737197868582
0 49 -4574736235436868481
0 50 -3042478868216281119
0 51 -7152746661514210369
0 52 -4770217401801378345
0 53 -5127022928464688132
0 54 -5484181142160958533
0 55 3377360511078226083
0 56 -422177425764439833
0 57 1994812499739082629
0 58 8198663677040685292
0 59 2088236205464089064
0 60 8916235632698233699
0 61 190897470355833780
0 62 -6361505349072796056
0 63 -890512718530245529
0 64 -8527170628166909826
0 65 -4563136670737858413
0 66 2959873413625753398
0 67 7136184010543579190
0 68 -6123253452500670294
0 69 4010128197253370005
0 70 2797663458438529234
0 71 -7564750563279747691
0 72 4680067036563319773
0 73 5935164212869012292
0 74 80263154414148830
0 75 1119683503483561553
0 76 -5385273491614036527
0 77 -4753574154071719488
0 78 -4574494854733259865
0 79 7039257755086535286
0 80 -7647704209097279182
0 81 -1061036565770855983
0 82 -4527039325377340810
0 83 2420601292109893332
0 84 6456281162844608867
0 85 -7789528547894595952
0 86 -641746842227826558
0 87 -7917721280839617323
0 88 -722533180182271580
0 89 -355992361713784108
0 90 -101619355716921752
0 91 -6151433030700218783
0 92 -8724582095945199173
0 93 2351050734309437846
0 94 -5760226972160316485
0 95 2220823868174749658
0 96 -7730114529045478
0 97 -458886210776997500
0 98 -7414389904018119584
0 99 -6884535544963926572
0 100 -742365578519153968
0 101 1802108458114181651
0 102 -5699189550233818350
0 103 7045756707508931268
0 104 -6377755771820940234
0 105 3497840374272423171
0 106 -2408735387226789156
0 107 7227938297894559900
0 108 -508493372847819287
0 109 -8306047949662956873
0 110 5919131442952712515
0 111 5155090724320693707
0 112 3529424327669121722
0 113 -409495640111443314
0 114 534609991979969713
0 115 7511967325826709236
0 116 8204671649777995934
0 117 -6393635833451104078
0 118 8215012296138822265
0 119 6188108082181243758
0 120 2411255240157049005
0 121 1136666423507624783
0 122 -1719891560801521966
0 123 6686280013580451220
0 124 -1351543712723195740
0 125 -5887956953813259746
0 126 -2660901168358602206
0 127 5009377118066627792
0 128 6290994799091445807
0 129 680518209994086886
0 130 8456498308472568429
0 131 2198015431829054651
0 132 3667714403644023952
0 133 -7855747475835481555
0 134 9103029826922775805
0 135 -2235955598377934737
0 136 3852245433744598683
0 137 -6715715847246076187
0 138 3175087765366197229
0 139 1109019419209347547
0 140 -235033414315286017
0 141 2018313824096370840
0 142 -5012494061348833856
0 143 -7074966155274421942
0 144 -3597779098269461912
0 145 455823558546154556
0 146 6027563921165400938
0 147 2968006315119198289
0 148 -6330302997480057174
0 149 5511698115652124648
0 150 -5427214417106142501
0 151 9061578426989834533
0 152 -3562278710150341798
0 153 -1008146053255264562
0 154 6267048409250826580
0 155 -4774319324335667288
0 156 3393725903191709500
0 157 -1685265009265642927
0 158 3698818079737963935
0 159 -4865372257646727295
0 160 343703725507709243
0 161 9181756314871789247
0 162 -8790300211427765191
0 163 -3809893385720223964
0 164 -8407121135476066557
0 165 -7308099986911179679
0 166 -6594070921940166634
0 167 4310437543398378903
0 168 7232067553343782327
0 169 -435638131438357869
0 170 -6383188671987261420
0 171 2779482379597497281
0 172 -7420083338722124916
0 173 4406554748610344137
0 174 -9036277356952670317
0 175 -4303567188761982063
0 176 8532128118441089061
0 177 -7149664572542134055
0 178 1097101760095721983
0 179 -1405343123620437613
0 180 -4074275010477432338
0 181 -5079770086076396376
0 182 -8715353431992007067
0 183 1653406499867644296
0 184 4947866726501819139
0 185 2337347502166373915
0 186 1614574977102059172
0 187 -3432395502521784454
0 188 5290244263938709395
0 189 3874226007351240722
0 190 -2599112735122281009
0 191 625225525962689231
0 192 1808436230871109449
0 193 7773442754926313342
0 194 -2991821889234552650
0 195 4643978958289652756
0 196 -4218373873115739193
0 197 -4140188201351665416
0 198 2103520640449660371
0 199 427155564621815477
1 0 3508857320792606142
1 1 -762680840239022900
1 2 -1057732756556475498
1 3 -7664197856460015674
1 4 4690342753752252276
1 5 6856930603622804239
1 6 -6394116449759752401
1 7 3546698065712487071
1 8 -4552395916019154405
1 9 3768048233406785200
1 10 -6254763712665101141
1 11 6385306552576768942
1 12 2419790591786104030
1 13 1960631201818220045
1 14 -4009759913636299820
1 15 -7629037789524430069
1 16 7981026620604659013
1 17 -154089084412578362
1 18 -3948386332476309116
1 19 2856226259937280025
1 20 -4480027348753756156
1 21 5962491166598741371
1 22 -322529743611287550
1 23 -4124647012681268172
1 24 3531977472895428592
1 25 -5502935049664317194
1 26 -2992188895472922766
1 27 -5508406409304698969
1 28 4575610045811739000
1 29 -6806851698968934295
1 30 3857342741721828765
1 31 1367177268980028324
1 32 7207066452592406131
1 33 -1310504095414960710
1 34 4970476847146971084
1 35 -2598764418312769123
1 36 4064136417993250560
1 37 -2871866918851497292
1 38 -1413437260598955676
1 39 -3550174545827064351
1 40 -8747794792323909780
1 41 3228548852870657796
1 42 4182314101039619176
1 43 -2360663928360809634
1 44 -4352100247512682541
1 45 246608592448632022
1 46 -866380169161903535
1 47 690019170659719917
1 48 -4639926017383414384
1 49 8441743429990826564
1 50 6919439080113906674
1 51 -3573741670543403662
1 52 -3780213230025307558
1 53 -824471335789684599
1 54 -5728687229978494264
1 55 -338192225973638027
1 56 -1905035221922537926
1 57 -3797913772635851354
1 58 -5224892978487033260
1 59 -7161307580782215445
1 60 -496503963735299694
1 61 6872577350691636072
1 62 4782859105013319541
1 63 4374425039019220693
1 64 -7467825598866432733
1 65 -7005970428526200230
1 66 -2238144606694473847
1 67 5074008575922032370
1 68 3950566583468407636
1 69 1945105226841719921
1 70 -7569025088563759782
1 71 3239602511826477690
1 72 -1181338185023815588
1 73 3770295816415437811
1 74 5771561440095293253
1 75 -8819814446565716988
1 76 7186122530550210264
1 77 -7434152893674571015
1 78 1316627804449793551
1 79 324026202721451266
1 80 -2292834941827159357
1 81 822321647270246560
1 82 -7708924675453015258
1 83 2404493703515879615
1 84 6903305655581411704
1 85 -5641490531760104536
1 86 -1109096400696759280
1 87 -3123593641732721505
1 88 5140895274492688129
1 89 -5115670445078261667
1 90 6217199352675233405
1 91 -2067100571666399483
1 92 -3521061261031033910
1 93 4988103265309420128
1 94 9187013408153861483
1 95 -4684404379972534374
1 96 -2455872338582986659
1 97 8959929025497727164
1 98 -2404086895930262622
1 99 4327454312550905017
1 100 8678062160292194748
1 101 3746109626535028879
1 102 7466498334601609949
1 103 547216595045173551
1 104 -5510464742112576177
1 105 -447509095560166958
1 106 2697960634877461125
1 107 389753832280049425
1 108 -2795323145679920100
1 109 -662204416640594297
1 110 -4406401804953196299
1 111 6950370268422102628
1 112 -6397433856344553014
1 113 5066042488920882308
1 114 5316860836274776171
1 115 8896349212996028775
1 116 611813611207172897
1 117 6372348515639083907
1 118 -3206055458061725738
1 119 2878240529929569499
1 120 -8947515877327265890
1 121 -4869948082714092735
1 122 -8635562085801544472
1 123 5891363860881515016
1 124 5564139434768524782
1 125 -2550643896900617841
1 126 6029524738468978748
1 127 -4491464539358569069
1 128 -3031948254190657023
1 129 -1988481052766716959
1 130 2830313798478941566
1 131 -8181676762826277786
1 132 414749026676808185
1 133 1550919756176931337
1 134 7591388135422498192
1 135 4060746585469126239
1 136 -1064679896620771005
1 137 3267892849975736061
1 138 -3485628291744711007
1 139 -6235243907471066333
1 140 -1116665426796925520
1 141 7634582146811962388
1 142 8298779660676483136
1 143 5607948687518451903
1 144 757505056396038352
1 145 8954243162759008678
1 146 4505453224709286303
1 147 -7172828750805904078
1 148 6587107459444031144
1 149 -278956443332947746
1 150 228562124598196222
1 151 13620231228273168
1 152 -4165733941200758413
1 153 1541944285060160022
1 154 -2479222709238226710
1 155 3045895715819684599
1 156 -8506147379672159426
1 157 2804561211470940505
1 158 4480666927414617089
1 159 4619194990689894542
1 160 4202855294645154026
1 161 3402323199031360411
1 162 -3126196555699027132
1 163 -4329926960074777685
1 164 6863679245665059994
1 165 8294684564933622635
1 166 -3586848092047417333
1 167 1324652245048946119
1 168 -2539210920161019178
1 169 -809129060237672311
1 170 -5257476069231720111
1 171 7590737372655027672
1 172 7425458830063112228
1 173 339408295735844910
1 174 2642540517544593212
1 175 -2748498269308449672
1 176 -5277093272978866321
1 177 -7859191307014632752
1 178 -4354791368870665649
1 179 3285523905611173215
1 180 5405101012995381405
1 181 1508552887366948144
1 182 -1457326052405877321
1 183 5589920971577937769
1 184 7330645341720545047
1 185 5054300233040112741
1 186 3937996976700027907
1 187 -6551085284038054920
1 188 7901378607070070284
1 189 -424638325169987806
1 190 7493658907863075133
1 191 3180944111850160207
1 192 3325467293670174673
1 193 5325743354550846816
1 194 -7680562229650804903
1 195 4520051613040891555
1 196 1770634849695390296
1 197 -4076018691649235623
1 198 8148977489204344434
1 199 4125190776292927643
2 0 5045404119379141287
2 1 8893525023122585202
2 2 6923391598088526186
2 3 -6861842166439467006
2 4 -3438283354296242974
2 5 -2093241647702317158
2 6 2416862033668145393
2 7 3018723812935114614
2 8 -8000075078953224687
2 9 3574481393288105678
2 10 -2169659963223766267
2 11 867836099734393435
2 12 7038444625117821907
2 13 -1522076851658625497
2 14 -8578869579919075067
2 15 -3727265889860312079
2 16 -8806370026322978182
2 17 2085636743320718694
2 18 -4230748849131858332
2 19 -3033910558915236389
2 20 4756774467610183418
2 21 7270021815055077692
2 22 -1308349858425054812
2 23 -4818456532396621872
2 24 2137011729117502582
2 25 -3193368575541697268
2 26 -3340206356543687269
2 27 3313702174771528093
2 28 8050986148530729437
2 29 2690343959026348030
2 30 -6723199326364202462
2 31 4149504718565188336
2 32 7672434850336718565
2 33 -8600781790227954508
2 34 6972392460929036697
2 35 3328012793754347113
2 36 -494293442488799726
2 37 3085296984866791967
2 38 -3363077122998175103
2 39 6535846348837228028
2 40 -1706639652500587395
2 41 -3397342334058883548
2 42 994530934443631912
2 43 3963177445857314198
2 44 7031738326536583531
2 45 -2416214904914105501
2 46 -8535727886009362819
2 47 6149989222781106322
2 48 -5311657707389664649
2 49 -3847241255077637121
2 50 450090757407736122
2 51 -2426599486181302921
2 52 4479436173048743620
2 53 -6802237049927619725
2 54 4487954771507540159
2 55 -629335800983660089
2 56 -4660952099421354920
2 57 5441657765392181111
2 58 -894805407564134914
2 59 -1612843374151082734
2 60 -355907147355965937
2 61 6126297533527323675
2 62 -5900776970757923304
2 63 -1372181859121657314
2 64 -8925635084262611611
2 65 3867934739999600734
2 66 -518506499846992958
2 67 -5289820210561033455
2 68 1522915753392396040
2 69 5129747552979907257
2 70 -3995265254930935973
2 71 -1558410556419920867
2 72 8131066766314657793
2 73 -1430659777078796333
2 74 -5045739433316409438
2 75 -4504180688786919200
2 76 -8231631084426799132
2 77 -3130795591016679216
2 78 2866003449378063359
2 79 -4351423890558643598
2 80 4961564654383542769
2 81 -7213519940725457572
2 82 2421944758732151492
2 83 -8412681091209676543
2 84 7073234701616677771
2 85 3800235039022804212
2 86 1672869948145022296
2 87 1443144837460101660
2 88 7183317875006790756
2 89 -863111251497257778
2 90 1369691007792678145
2 91 5771641698328806833
2 92 215678467378302975
2 93 -5168721673064844447
2 94 477184180027320860
2 95 7523413722807633036
2 96 -5573767423253544652
2 97 -8290271359008594386
2 98 -1239132717088939987
2 99 6821192384115851659
2 100 2377340428644015192
2 101 -8836365726197671832
2 102 5228791042672115226
2 103 -5532590024367684657
2 104 -8134204574560547696
2 105 4353238428197148775
2 106 -5156801969519609788
2 107 1213759591185920555
2 108 2342287032832232904
2 109 1652959204810646146
2 110 -1183172903353422869
2 111 4986193089790002553
2 112 1292847355690482261
2 113 4737535096853161482
2 114 752307149531204566
2 115 -641198388602111061
2 116 7845138848649515773
2 117 -4266790358550334967
2 118 4207561505562492958
2 119 -5320529059771972098
2 120 4046171451734743216
2 121 -4599315341464288700
2 122 2946329737158424414
2 123 -545931188541718065
2 124 -2311609582051936140
2 125 2673305323195729120
2 126 -5910244232004634712
2 127 -6757031749783654663
2 128 -4541910473370066419
2 129 8113214990875242263
2 130 -7089520808928239567
2 131 -4683608286860188268
2 132 -7621046257344105579
2 133 -538643469446617090
2 134 8062685120884568188
2 135 -1551530906258731308
2 136 -4316746479935969372
2 137 4916078084005071625
2 138 6143049889470477539
2 139 -5157424671553310516
2 140 4845131730534945521
2 141 1167950240709219846
2 142 -3608041913903005879
2 143 -2484607011073132471
2 144 -7863896599953888267
2 145 -3850061381719437368
2 146 5566986189996319288
2 147 -287988264451556136
2 148 -8032272870927565491
2 149 -3365887469978183020
2 150 -7427020104098057673
2 151 7537986602324091946
2 152 -6913122170354635557
2 153 7883820579373842874
2 154 1933805619266422979
2 155 -8570952944838364561
2 156 5903494383833780348
2 157 237096994332666139
2 158 7485283830721180721
2 159 -3576753398026037067
2 160 7237516740939694927
2 161 -553923287614814148
2 162 7818376730145255288
2 163 -3900560432218466137
2 164 5431361012047052385
2 165 6723244845501191300
2 166 -4463670337723432295
2 167 -5344433246805977231
2 168 -5637540739087092654
2 169 -5019700814440234551
2 170 7579187314758512357
2 171 -6181640481622077604
2 172 -4313909098189604705
2 173 6639264559867208630
2 174 4955886642067286249
2 175 -2651591342884733709
2 176 -4647488859336314261
2 177 -645314570832913821
2 178 8346974007948121626
2 179 2769368729675519197
2 180 6556016486126731521
2 181 1660199793365350623
2 182 -257383026713154966
2 183 356415285574812952
2 184 -5683950167542016702
2 185 6113559930363518741
2 186 -1125008221214565464
2 187 9068957688326858688
2 188 9039731239957440452
2 189 4798037834116081291
2 190 -5983178964756363663
2 191 -2246902713297110698
2 192 2265742055812957992
2 193 -5410270072647969000
2 194 -6918541521125868227
2 195 769743381399032409
2 196 915484496656823789
2 197 2812348004948442795
2 198 7915057929528996450
2 199 8506401392025893993
3 0 -4664060172465787374
3 1 6561217171315998857
3 2 7661576192478146478
3 3 -531585317129726300
3 4 -238855337050036447
3 5 -1077750683014149164
3 6 -2268071860289134250
3 7 9162162803563231992
3 8 6962619839275789716
3 9 -9193427242209597019
3 10 -7396761862527951053
3 11 9146398666181640237
3 12 8369506080750995377
3 13 -6273242498462849938
3 14 6044270685532593656
3 15 -2334095432009757657
3 16 -1232908727978089122
3 17 -3804887868560214602
3 18 5916456177276348474
3 19 -4171149530018269987
3 20 -7755673213831091734
3 21 6928833273155339231
3 22 2725963557149927367
3 23 395589511236900622
3 24 1154170224118137090
3 25 -1082050626723623617
3 26 -5157160695524570707
3 27 -1121591907053135275
3 28 -4599728015700851797
3 29 8810636933576195264
3 30 -4755795183625103113
3 31 9115563379259447649
3 32 7229190514063902641
3 33 4004232710535306266
3 34 6802310278768142853
3 35 -3039630016801463845
3 36 2928346300393130899
3 37 -8599007949967550749
3 38 -8776199000241530780
3 39 -5419958417119293657
3 40 -3329557079727157372
3 41 -512273396042413890
3 42 8044265193160327282
3 43 -2755631346010747543
3 44 -1486483413418647863
3 45 -3060076757459953920
3 46 8853551551506366071
3 47 7235921305785551908
3 48 356286283193334348
3 49 2690445899833093203
3 50 -5634424318887084143
3 51 2467124687500185827
3 52 3614947078442449281
3 53 1758095919586795088
3 54 1631685965441626880
3 55 -2046960179643979761
3 56 4586578041518008531
3 57 4986874373110521156
3 58 -8870729890073027924
3 59 -3778646027630773405
3 60 6688418393789912416
3 61 -3112520384755576903
3 62 -6295612180298226936
3 63 371669653881707506
3 64 2936314352066100670
3 65 -124889001685688842
3 66 6838860912498083343
3 67 -7757833219831682675
3 68 3416462056885042160
3 69 377736932543497203
3 70 895635495872698206
3 71 131724324992628318
3 72 5747796691323089378
3 73 -6032943853676951675
3 74 -6895119289851942493
3 75 -473548063013071875
3 76 1174377258430391742
3 77 5585344421035486204
3 78 7999384670893693093
3 79 -6863330809669765575
3 80 -3885516171567636291
3 81 -8212118087456919119
3 82 -140974022969500029
3 83 6194554295995976171
3 84 1953697883740169027
3 85 7339133843667629776
3 86 -8785622860315322158
3 87 1390438478583720820
3 88 6372390694483190898
3 89 -8494695571642637480
3 90 8157727968830995495
3 91 -3864481281386776104
3 92 -6694841082720752037
3 93 50995482493090861
3 94 1317280836979725875
3 95 7321419733711222824
3 96 -4437309400693572160
3 97 -6248771514044847953
3 98 6749627909837864505
3 99 9175264634296384767
3 100 -2236257148553128525
3 101 7997553727296188560
3 102 695155252396793414
3 103 -3216894936308348004
3 104 6342669698503652241
3 105 -105303085234061779
3 106 -7628078249766776920
3 107 2177937160613797949
3 108 9109064114842017595
3 109 -7499795875291168861
3 110 3717731684985515377
3 111 -3887254610214411723
3 112 5042522760671168667
3 113 -1770669447541975745
3 114 8882368217038033558
3 115 1162349909583752683
3 116 1037946914455591773
3 117 -5477296195616321899
3 118 -4707510213992384596
3 119 2320320892621063050
3 120 5086834548463973902
3 121 1720499583289472665
3 122 -8693197862889254586
3 123 3108392383900477242
3 124 7550082119486299756
3 125 8921753659903339312
3 126 4816048552346516742
3 127 2550431006421531027
3 128 4141459224546702479
3 129 -7590889098733029935
3 130 4558037186772596237
3 131 2954909315011411594
3 132 7921279373453323034
3 133 -714420681360708024
3 134 -717219729933919365
3 135 3169028906836788898
3 136 -2764592194990193381
3 137 -9090218012235961380
3 138 -4413027919560818530
3 139 -8871157295431751945
3 140 6103119462731030705
3 141 -6480789279931386175
3 142 -3224905702741839066
3 143 3000459054851422173
3 144 -3529008641270421033
3 145 -577621544325544294
3 146 6499085268978827511
3 147 -4537226535038276685
3 148 1881555030810260165
3 149 2666676416819313281
3 150 1275839306846113990
3 151 8664764330456007475
3 152 -237015447926225543
3 153 9166223337024533485
3 154 7244727040958029227
3 155 765298206226205047
3 156 5046572104756466926
3 157 -1245382277763394496
3 158 68883464588617241
3 159 -5617654879523205559
3 160 -2792621312640765792
3 161 -4477579070124340573
3 162 4825299604978666994
3 163 5654550759644245186
3 164 7150921042158811209
3 165 -5208342958266031135
3 166 7861044137610153729
3 167 -3575062439942601627
3 168 -7739924486980605757
3 169 1044708456281417693
3 170 -5232877642206985981
3 171 2614773306195874443
3 172 -1636967064556185705
3 173 7851643966835837744
3 174 -1836252696023250507
3 175 3568144645682143142
3 176 8235876291597275979
3 177 4055654303595883853
3 178 8436732354643616841
3 179 5285501541106054475
3 180 2765198012655641078
3 181 -821550845837391454
3 182 3021653149770374838
3 183 8875252766921884229
3 184 -4599577817455352933
3 185 -7014465521537303259
3 186 -4326581990560395641
3 187 -2020970849412587650
3 188 4491012601145384318
3 189 -2797217721469681780
3 190 -4496471291435600846
3 191 -5799331228231850300
3 192 -5946515940839043334
3 193 8215216648128297451
3 194 -8181357357838425096
3 195 1219528781715896928
3 196 -9168270643932975772
3 197 7893474528618752590
3 198 -2010792325404343592
3 199 3018094350528873415
4 0 -6952699505025831933
4 1 6747135308424455142
4 2 -644195663585886272
4 3 99335515449117049
4 4 -8312124738462140018
4 5 746778964520950083
4 6 44232485316090456
4 7 -5334017227752462113
4 8 1975351388858548632
4 9 -3497270981657044897
4 10 932292005354864021
4 11 4467737011741249381
4 12 7666151170856574320
4 13 -5545967891229980524
4 14 7176812594675150247
4 15 -2171883158275147842
4 16 363577537813113944
4 17 -5939939644642281215
4 18 7396260551271516614
4 19 3372398316563502153
4 20 -4266836761612654322
4 21 -1963519052555870983
4 22 -8776819256857962129
4 23 -6362917075897061004
4 24 2650725216834583251
4 25 8049062692026506272
4 26 5597793991469994473
4 27 -1205230789689207082
4 28 7217872151986549923
4 29 -2305924234539256977
4 30 2722970052390702574
4 31 4451755819364725210
4 32 3895575963502968480
4 33 6441270437932578501
4 34 5266469071051725469
4 35 7471136732156575669
4 36 4258622379015921090
4 37 -6236679897802658020
4 38 6225107217277544778
4 39 5788174895482854747
4 40 9191795771728616685
4 41 -3169980711104768895
4 42 37345548061668412
4 43 8563455534388924991
4 44 3624858273281913826
4 45 -1130947555384591298
4 46 735023518430097418
4 47 -1752221726349515682
4 48 -371900391971666057
4 49 -5295564817844776954
4 50 915777481452469817
4 51 7410910295424920954
4 52 2436234467114247720
4 53 5778737183335415690
4 54 7783340692455178263
4 55 5180381497992370860
4 56 -4401610835293396156
4 57 -9123460051613027924
4 58 4394954634146531040
4 59 -6605423912390673445
4 60 -4304698893616642862
4 61 -783344256206165063
4 62 675498633437268209
4 63 7810021396922907037
4 64 1014748628643478921
4 65 -3103135718472080947
4 66 102875776249807147
4 67 4310151767033648594
4 68 567798135915596213
4 69 7457198780646409151
4 70 -8101488337565462387
4 71 -2407458072594008180
4 72 -7945006333373114972
4 73 -8491750020048352846
4 74 5041434337080201415
4 75 3081077820665325414
4 76 5058899115913731424
4 77 8658374667959396725
4 78 -8022423233707795281
4 79 -8692125079420092651
4 80 -1115000029288609477
4 81 2255664107413905691
4 82 8631306090098905340
4 83 -8138910417089583885
4 84 1027842504669594571
4 85 1768338296338731940
4 86 -4709650395185980305
4 87 -3955572857689868713
4 88 6705174228036308064
4 89 -4918176701205308540
4 90 -6353846072782469911
4 91 -5975812920195312093
4 92 -5255946197251976985
4 93 295830632944303153
4 94 -6675870197593780224
4 95 -6562246214529956904
4 96 -2249699852873373533
4 97 -5404885650781085146
4 98 9060014979891521492
4 99 -8443887838735669961
4 100 -7307989766359595921
4 101 -2760626788056324239
4 102 7421786640472150579
4 103 5857101716726579198
4 104 -4423535397285725729
4 105 3487552254170543349
4 106 -70389021860099768
4 107 8409244815944616756
4 108 -7799706830248188690
4 109 3226432711340228290
4 110 5496840631321542154
4 111 5466116994644224495
4 112 1016441377998254532
4 113 -2732341494492511376
4 114 -2776097183359847120
4 115 -7046182578145090549
4 116 4839171962963333612
4 117 4359937251404216471
4 118 -429997024419338110
4 119 -16757211903938857
4 120 5668947049044236632
4 121 5583019555284274092
4 122 8566964811830480462
4 123 -5197455890892436164
4 124 -5339220803895969414
4 125 1383742481801368108
4 126 -7165292349502684433
4 127 5443545072762203706
4 128 -5850528703837718384
4 129 4908145005933045005
4 130 8327906238369682530
4 131 -5145233252607040093
4 132 -6645078682161364339
4 133 4912372544698808631
4 134 613791794515399050
4 135 -6809134861132032829
4 136 -64841550021226785
4 137 8341832583160080748
4 138 7259133715650659292
4 139 -4841061469287019569
4 140 -4698124004790456160
4 141 6093885891624892115
4 142 -710936142462716925
4 143 5670377706084504567
4 144 -2766852043378665249
4 145 4851165668767913820
4 146 4446250118366941103
4 147 3007571542355132106
4 148 -7201720647837089886
4 149 7000384046135261680
4 150 -3134104070021209657
4 151 3216442739641748653
4 152 7544333916988314437
4 153 -3824727272879740154
4 154 7203470060117263244
4 155 -8259723481678053650
4 156 -969779900643608876
4 157 -6531198985510335923
4 158 -5365000315305366681
4 159 -2152169021559044793
4 160 8204319733195820200
4 161 -7524225988229769038
4 162 2684012925082846297
4 163 -3435029881839418055
4 164 -2867217711346453388
4 165 2742222467454636496
4 166 7224112984364050475
4 167 -935154498084290651
4 168 7967348625986155593
4 169 8009403597818051291
4 170 2491513709992441979
4 171 -7866835086487111907
4 172 883041888142702157
4 173 3951654129186631187
4 174 -8917242214781809413
4 175 6082937767450099663
4 176 6384289489656376285
4 177 7068938694122903518
4 178 -2013298813267917957
4 179 2176197574151667190
4 180 7039838214080712929
4 181 -6730854430050739886
4 182 7387704935687644299
4 183 -2633292450399449927
4 184 7269553342710359166
4 185 2028612638725037786
4 186 1877436332065332360
4 187 9062413711471165584
4 188 -7774402323462849308
4 189 -3141020965111922617
4 190 1128599084575791867
4 191 -4698325129738425694
4 192 -4100291247969714906
4 193 -6114990729433779221
4 194 -5128143104719312356
4 195 1079624903429402827
4 196 2230072107125596026
4 197 5178507481574205181
4 198 5545164486440137849
4 199 -6044980096220329487
5 0 -8734581213638147307
5 1 2371907909163655811
5 2 7814581835571367011
5 3 -4947379339427652803
5 4 8565094181111148338
5 5 5921841166213016823
5 6 -2425379178899420555
5 7 5046202812708144857
5 8 1472955451382827071
5 9 -8472015485412063418
5 10 3299076015262418139
5 11 8804850311016392152
5 12 4675274117306348095
5 13 -3905456029911098395
5 14 -248577950128019747
5 15 6008139778794792376
5 16 4221390994452771413
5 17 -6299788771436248920
5 18 -1208371456470623969
5 19 5325165343960548234
5 20 -3194351446650247919
5 21 4600449680803207649
5 22 1324164732806909050
5 23 -4986267736797739862
5 24 -2254872334519468105
5 25 -8712639275406914607
5 26 -8807302664913449069
5 27 6741716028746625030
5 28 -4412439628094291811
5 29 -8556458268236902425
5 30 -1051835226076389969
5 31 -110612507544000830
5 32 -5952417067745322556
5 33 8329167647819347485
5 34 6565381186493019105
5 35 397763212900035657
5 36 -7036209483518051435
5 37 3664088036662531525
5 38 -5610191568469357356
5 39 770677379809171722
5 40 -5216330530612216230
5 41 5105894566250502165
5 42 200354068235489189
5 43 2267182976033808224
5 44 -7138080841186849865
5 45 8995152716867084701
5 46 7368714297801246061
5 47 -2321714556055551658
5 48 -2857550948381459088
5 49 -3724453524081200512
5 50 3761262163837941290
5 51 -2568395916724155361
5 52 514823555322496257
5 53 6462611720510148974
5 54 1477031325690413553
5 55 -4353093910072571321
5 56 -3894979944644531703
5 57 -1886655432987639555
5 58 -1091084169815170918
5 59 -2937892437855690339
5 60 -2844083392977945085
5 61 1064186380130839479
5 62 -7774764372346987175
5 63 106267650333449260
5 64 6084261331209647468
5 65 -8169500384129258988
5 66 -174400680800544347
5 67 7023987069911923631
5 68 4038966816762243953
5 69 -5764503351376700399
5 70 3931437389497179147
5 71 2437340797398974078
5 72 905035264486874054
5 73 632826645564066069
5 74 -1028669808295280214
5 75 -4661929845226183131
5 76 6026369026072453473
5 77 -8925173147634239453
5 78 2765035075711766857
5 79 8385404317359302088
5 80 -184757275852580778
5 81 -4620511977968367430
5 82 3248547331865138105
5 83 6102057423177713477
5 84 7257181338751459355
5 85 -4627965714838770033
5 86 -9192438749526978947
5 87 -5496813943262075503
5 88 -9050162104687730732
5 89 -4067598174024412384
5 90 795872483283168434
5 91 -5121838806493396380
5 92 -2883679601612859476
5 93 -4050345157826742194
5 94 -3256232596329269304
5 95 8591852981969116239
5 96 -2496938857526773637
5 97 -5100981154164387290
5 98 -4472337844182659718
5 99 -4124955516562103039
5 100 2368534500637625045
5 101 6203747488505334699
5 102 -4788833563814299756
5 103 3854148191268206690
5 104 -7758690944053050460
5 105 -3863019005022902145
5 106 1309570206582334311
5 107 8660615526096339132
5 108 2668876636001652118
5 109 1175840107072458235
5 110 -4395575108801718604
5 111 -8978183646139120334
5 112 -2703919228625972166
5 113 3255421913279115268
5 114 -1425175179202288623
5 115 -1741229785593479512
5 116 6016227250688662713
5 117 -3766526287325433274
5 118 -5915853427121352973
5 119 -2637628427943700444
5 120 -1137022941219479376
5 121 8969953121519223976
5 122 5920655987611223191
5 123 -7762917265790879761
5 124 2844048899558043473
5 125 6731324161529341713
5 126 -6963553650745825329
5 127 -8372939991475078118
5 128 -6965110261157435501
5 129 9123337541531142653
5 130 335077023144743876
5 131 -5863016854372016652
5 132 1063568596803574149
5 133 -6460090165467765147
5 134 2783958753748531867
5 135 7498878027754772674
5 136 -3675561983232554462
5 137 5839342601996379519
5 138 -6427915460710421162
5 139 5571154254334440004
5 140 -6472772597337506048
5 141 -7129474043485865107
5 142 5794719087255077334
5 143 9211020599814564542
5 144 8685441904538703764
5 145 1486530402488313558
5 146 -6818590341581309860
5 147 -5162578082293803826
5 148 -74951415221500777
5 149 7102863283486790499
5 150 3073594675857530951
5 151 6963331466931154360
5 152 -6629088430722361566
5 153 -5415856388029199575
5 154 5665914962483546670
5 155 8767884047573437081
5 156 8306527680267885116
5 157 3280448835017101166
5 158 -3017453835504130563
5 159 -4011848628459895488
5 160 -4527913513168157625
5 161 1321964981184605009
5 162 -6115311785216194406
5 163 -2329962650660408254
5 164 -3245798123981945945
5 165 -2520763008995678349
5 166 694161510613982795
5 167 5802416457386973907
5 168 2060441089166778684
5 169 7741607394421645132
5 170 2397812466458475802
5 171 1364044221064824347
5 172 -819338250165836304
5 173 -6967938830293051268
5 174 -4591471803744446734
5 175 2021972334756338738
5 176 -4589418669202483085
5 177 -1191123027311227217
5 178 -8576419993373293392
5 179 -466368288237272728
5 180 -5502850055145931916
5 181 -6653801020126031681
5 182 5323641891401306348
5 183 4740958228090774547
5 184 -2446934261584019274
5 185 6092020240134634987
5 186 -5284973784262377882
5 187 -5842442620112430313
5 188 -3390487443494347368
5 189 2713503879905016006
5 190 -3334776366920888524
5 191 7816538919762366303
5 192 3267113299256262122
5 193 7118685945103182811
5 194 -7413538181448666266
5 195 4791554048360926279
5 196 6476579529245104217
5 197 8497818713975453639
5 198 -3494219035599626854
5 199 3155156309666349142
6 0 -443326141390408353
6 1 -8156454114994205491
6 2 -5418199526257974789
6 3 2283922841707104328
6 4 -5119613458516678
6 5 8234173538908628741
6 6 -8183192183422285057
6 7 -6689003230786913792
6 8 939979410231740490
6 9 2800491383048986178
6 10 -4184150941127592191
6 11 -7551501547909731027
6 12 46936310229436619
6 13 29203423433813478
6 14 -8384799751797912547
6 15 -2748460363777858300
6 16 6226733989105657357
6 17 713480634868363749
6 18 4634301669369945180
6 19 8408055820288528558
6 20 5335707733547281923
6 21 -8670920932179558487
6 22 -2152210024929722275
6 23 -3211402800217924048
6 24 -1798086765918263966
6 25 7786431127516072745
6 26 -855977129058257002
6 27 1928092515245491248
6 28 8788450410963144235
6 29 1527425300786438372
6 30 278982252659533893
6 31 54056399482014265
6 32 3403727757877109387
6 33 -6828216978561666662
6 34 1568213327137764078
6 35 6387602450149693563
6 36 7580949859669147329
6 37 -6470159408892206326
6 38 -1183617728161610037
6 39 3915232336852256304
6 40 2536382300156331091
6 41 7536767060860241995
6 42 -3610541752282719704
6 43 5593842073395772360
6 44 8407684751449894217
6 45 2995687895668683453
6 46 -5576257434574873714
6 47 6203858055877637360
6 48 -3224420033513185705
6 49 -5644839607318692411
6 50 -3046570313342817753
6 51 3851735188069428524
6 52 -7484281366742244667
6 53 2658927116199608875
6 54 8619431784919513377
6 55 -9131208827270718685
6 56 1461469837622963207
6 57 1445655874651991889
6 58 -3323665188911252474
6 59 -4615069312033278742
6 60 8812375940977449589
6 61 -3116568458745083283
6 62 -8826970762502848733
6 63 1009874120097617356
6 64 -9098365476762790137
6 65 6160783860838555133
6 66 -2513878836299046310
6 67 1709171265151495945
6 68 -4706583531713933076
6 69 -8073244776162888595
6 70 -4384715070170244045
6 71 6009640373291280739
6 72 -7713704421191975508
6 73 -9163828776512924243
6 74 8919922131856005975
6 75 -1867117565898617517
6 76 -3665231350800692350
6 77 -2418474773562860442
6 78 -3518798313418615009
6 79 -2486050773030907710
6 80 7691818144587438059
6 81 5979971590032927313
6 82 -7962934734607312205
6 83 -8622908155398315021
6 84 -1237445126332964715
6 85 -8267301972728113243
6 86 290297927493271359
6 87 -7349767549355360174
6 88 2525184761685556657
6 89 2788533252995874830
6 90 -1734655712745846417
6 91 7262620998099301569
6 92 -8086741794576221126
6 93 -8634575611891736030
6 94 -445259497324497487
6 95 9068307499338107964
6 96 -7421080463934190629
6 97 2551253354719621367
6 98 -7826507503750184420
6 99 4839781695818563762
6 100 2056150925141233798
6 101 4487555971034065522
6 102 3569837883853745462
6 103 -4152463951334323129
6 104 -5610351313624499715
6 105 1993012849068024977
6 106 -6013869458888691890
6 107 -5125736306403602912
6 108 -6034705237610571259
6 109 5779815347995069846
6 110 295004611374509978
6 111 -5709607858015606595
6 112 3151255764987628497
6 113 -220615352920268816
6 114 -2461246623434076246
6 115 -2223857802609240224
6 116 2532508456114877073
6 117 8098780369915809556
6 118 1049859708767880175
6 119 4581979839894257118
6 120 3302061988219244701
6 121 -5506761185169920241
6 122 -77212471316663753
6 123 -5498650432499382490
6 124 4923882991842720429
6 125 8192204816242640688
6 126 -3836947464719628337
6 127 -7273614771044599108
6 128 5563691995166890014
6 129 5072241926954325039
6 130 -3339158934905658325
6 131 -8212423946228003422
6 132 -281897766885532243
6 133 8430390648605417432
6 134 -2500629497353511032
6 135 -1959284093626600096
6 136 5501824296273989905
6 137 -6245289825742527824
6 138 7720483192473518362
6 139 8433911165099744675
6 140 -8905647127124189401
6 141 -4876383939089859515
6 142 -9756168747789926
6 143 4209604508881662949
6 144 -3912695306254313322
6 145 8605591765372028191
6 146 4624756813487446034
6 147 -8092420898141009260
6 148 1409969061004902347
6 149 4012112962705750857
6 150 -6803880977491117282
6 151 2491513027358426769
6 152 3474357320062661521
6 153 -158283746645543023
6 154 -8643005034638598397
6 155 348248060683982748
6 156 -3333035083566017383
6 157 5142637246108230017
6 158 -5395607020355989133
6 159 -4589615114264159882
6 160 -8100327469071459265
6 161 2186552232268811536
6 162 -8918535171078865773
6 163 6717583464950916164
6 164 7514894788982499345
6 165 6577005756060323719
6 166 -7494156001643184575
6 167 -4933865090862548969
6 168 8873011088605660807
6 169 -983170921768903257
6 170 5706864048210516959
6 171 -5130637817103732591
6 172 -6028678591123873271
6 173 -3158209161606140287
6 174 8475801365241150973
6 175 -1952524692796630551
6 176 5167446912655960457
6 177 -8348839623315156855
6 178 -7175121231806406506
6 179 8829416650103613276
6 180 1363883390061808389
6 181 517792583720164876
6 182 1438142117111751571
6 183 8871222280305425166
6 184 6621782138575320521
6 185 -1516300061840715443
6 186 -1667801297090322900
6 187 -5297064200286823927
6 188 6969526880813289525
6 189 204710947427725596
6 190 4118398860835810441
6 191 -3157019822159723903
6 192 -6141635064997529538
6 193 8692846324213510632
6 194 -3775546957452774926
6 195 -6203447370904958706
6 196 2660748272061043765
6 197 8302609537738517668
6 198 -2835512366722247544
6 199 4802096529013996940
7 0 -1211663250297314701
7 1 4141015917897593567
7 2 -5042545965831733933
7 3 -1567246004277662360
7 4 323540843351856278
7 5 4262864164356313300
7 6 -1195419015463630497
7 7 2240796693278873607
7 8 4370048146810767990
7 9 -336051230563070022
7 10 6619217643380429972
7 11 -8531812754199683369
7 12 -9187674615265898073
7 13 -3884843447422355369
7 14 7751292416981224290
7 15 -2944660532470765883
7 16 6368222852833900422
7 17 -3513028908830329205
7 18 -5322820430087094647
7 19 5881097861307528353
7 20 4904087777270704466
7 21 -5334888064122997656
7 22 3320094739482317806
7 23 4051010004598981851
7 24 1674387027970454459
7 25 -1150575455987634493
7 26 3094133551810775865
7 27 1884425291658279171
7 28 -6747679789705467588
7 29 -6746960548077935999
7 30 8186019232566983335
7 31 -3566356999346517019
7 32 1096722087299526286
7 33 -5811867619623142437
7 34 -8222127167665871670
7 35 8435399958583807178
7 36 4904227434352316023
7 37 -6667225276793762678
7 38 -6228002117380099629
7 39 34518595577845549
7 40 -6519533563045776786
7 41 -8069721560895492241
7 42 9022091476600446230
7 43 -6725132313893269681
7 44 1121736739177587513
7 45 -7521413241045883428
7 46 -4096552328773818723
7 47 6960098280227630281
7 48 -7279387144027317907
7 49 -2171469092371741354
7 50 2563107761627045974
7 51 4146383052476914376
7 52 -5411335358358280303
7 53 -1323059382604474827
7 54 -4948516301827538095
7 55 8703168235008723386
7 56 -2182431527724098225
7 57 -4601174039427503551
7 58 -3929800247905694995
7 59 -3533037619587965356
7 60 7048559424022903283
7 61 7453205657164352620
7 62 1100882547707826595
7 63 -8259270401500042540
7 64 -8420555677972563787
7 65 1070910206148367597
7 66 -5097527112434079254
7 67 -4345488911913828181
7 68 -7655219246013740394
7 69 -3620149159816467098
7 70 4445237646933633114
7 71 -151562790984876705
7 72 1375195687792921980
7 73 3223189307959063058
7 74 -6038107996927004590
7 75 1365844861447779642
7 76 4072785867352107013
7 77 -979123722294184952
7 78 -2309595792619863741
7 79 5096958834194275044
7 80 3112233397110377738
7 81 -8684431248280701054
7 82 7910219389341832517
7 83 5391699563133762737
7 84 -3920079449167513205
7 85 8752433392357763270
7 86 -6969148202122279883
7 87 -8697859201335798585
7 88 6396222067822027631
7 89 5576452279935150606
7 90 -5267723674858775924
7 91 6395636429523472278
7 92 1063483369516931250
7 93 2313176667546478717
7 94 4021160966763344501
7 95 -1079306148446779477
7 96 885084182344957381
7 97 5284795026808264077
7 98 1043179254621810008
7 99 -5037326315882923565
7 100 2046764488470941605
7 101 7210315209529511836
7 102 -6493978326018520566
7 103 2866860776731248176
7 104 7638881272269508614
7 105 -3108534015337744311
7 106 4538772308851139960
7 107 1879276933248706990
7 108 8747176755065360392
7 109 7228008510737510492
7 110 -404703508493794235
7 111 -5776524080367290829
7 112 1826845804221389984
7 113 -167906082122017333
7 114 -340724489344153461
7 115 -6944213310644815790
7 116 -7395462219831474705
7 117 6928674432600699180
7 118 1504783910122973981
7 119 -5081767453368580279
7 120 4222225994831619452
7 121 -1453288967155218608
7 122 2984256193826324279
7 123 -5770508514005007406
7 124 4407332819601570770
7 125 2710995394077365473
7 126 3622242204025388584
7 127 1312982241300770103
7 128 839462545653955410
7 129 -554273437850860432
7 130 394811071204851595
7 131 2492612771778710985
7 132 6846246789642249186
7 133 -6402754711827085279
7 134 -8263936493961142465
7 135 -3101610227247087526
7 136 3582822147114290196
7 137 -4306896818678500725
7 138 -5047813879221638998
7 139 -6894784773209343610
7 140 -7405621097235048485
7 141 4689265207882558335
7 142 3626034921732097269
7 143 -1683331243136821230
7 144 -1169181787183592689
7 145 8468595003527993198
7 146 1885056922578136036
7 147 -267941137617634735
7 148 7131189353503271090
7 149 -6168008934244643806
7 150 7076676499398725520
7 151 5204281762798506294
7 152 6827326565203374432
7 153 -3276278166317286678
7 154 6874253767890476537
7 155 -5370809635180548878
7 156 -1536287031708641531
7 157 -6396755878035866600
7 158 8688624712518306539
7 159 -5391197047810513637
7 160 -8315882489087651061
7 161 -3639684257790360860
7 162 -4682584755153880688
7 163 -5650998958722794559
7 164 8798934117398684197
7 165 -968918608615086451
7 166 -6022025549798515045
7 167 5234594619379190948
7 168 -3473719581927173670
7 169 2062085452403044300
7 170 -4172778271272749992
7 171 -2249261184638622129
7 172 7873786297199635846
7 173 -4046361740965680243
7 174 -2318175426638248207
7 175 -270126856722054010
7 176 -8607576268494073316
7 177 7072044174783267707
7 178 -2692809071418782788
7 179 1177640103059619886
7 180 -6752430408615709842
7 181 -487406477823979777
7 182 1363864919028675687
7 183 7427839554579511521
7 184 -5188900439914448854
7 185 3779969593729764504
7 186 -3435594287178039481
7 187 2105122951175281277
7 188 -6249675537132470154
7 189 7805541409725623304
7 190 -3083982025921723395
7 191 -8667531517037425097
7 192 -3822636267944734132
7 193 -2578528558490101680
7 194 -7776459262463232013
7 195 9126990718200314375
7 196 218635986800209886
7 197 -6022570566018989674
7 198 601443183796781037
7 199 2181494887925514022
8 0 653423374967662958
8 1 -8735971225502462835
8 2 -7107263220946688315
8 3 -4222956976797891324
8 4 -5674153700627427211
8 5 -7409533054136936786
8 6 -3747055471138505471
8 7 7495060954601578211
8 8 -2246844833668800032
8 9 7819120720398376749
8 10 3090197834289141907
8 11 1566257587190140484
8 12 1192747358295809773
8 13 -2311584006013388576
8 14 -7999067453776559198
8 15 8306237427333458253
8 16 6970830350619645701
8 17 -5806951931504603902
8 18 2022871040053788630
8 19 8069948410683421157
8 20 -8067285033813828704
8 21 -8366835948721223747
8 22 -2587862304998412191
8 23 -6691870683307668094
8 24 4727298897401747609
8 25 -7241698526170219435
8 26 -533906301172431583
8 27 1995325189608438474
8 28 4085543912250794281
8 29 -2568125489453803774
8 30 7244382221682804938
8 31 9046327497337978521
8 32 -2802464379655330725
8 33 -4945816725726027135
8 34 -6190778930648485407
8 35 -1967243153208761488
8 36 6233288908472812447
8 37 -2035274266638906895
8 38 -1972521514295448601
8 39 1158584050242389215
8 40 -5586358076891364545
8 41 3120229434626618420
8 42 -198835715218179106
8 43 -7687388887422192238
8 44 7703262277694718463
8 45 2345692542964191201
8 46 7305783002281783106
8 47 -7715818922895667918
8 48 9089337372729597257
8 49 -6627115147384027031
8 50 4133347373539425984
8 51 6161060673531580584
8 52 4490544741507137979
8 53 8764571643401284144
8 54 8015561593146765601
8 55 -910379533190772941
8 56 -3710337547099414591
8 57 7136446138194553908
8 58 1788731150141324535
8 59 -2184243017407417971
8 60 1239838941024223573
8 61 -5891890217256925670
8 62 -3935517353833603506
8 63 654594082291206735
8 64 7488179138779110190
8 65 -4622534433469373982
8 66 86294939426522527
8 67 -6818520121017884247
8 68 -3496795517017680654
8 69 -3641444381602194932
8 70 8310436246022359391
8 71 -6202095413684020721
8 72 -3281401613391470409
8 73 3394760938018790667
8 74 8804165653768629638
8 75 -230019178912242972
8 76 -12709724044054347
8 77 5450374334654671776
8 78 6553353856393140600
8 79 6203231823541145190
8 80 -7344587777276577229
8 81 -3369344727627538064
8 82 1925936721625440528
8 83 5742809460123496828
8 84 6468464478287627019
8 85 -4515387213019831459
8 86 -535836535240383722
8 87 8578924410304601977
8 88 917576474731151244
8 89 -1858022883382187457
8 90 8033152542248887606
8 91 5951222504000928423
8 92 5041466094696702911
8 93 4942915841870415388
8 94 8181739843208775470
8 95 -1468819208332416704
8 96 -8361323029823352843
8 97 7612586300509233529
8 98 -3246879417298332630
8 99 6438481341098880477
8 100 7250038962962228270
8 101 -2271836733132608684
8 102 2191238420745419641
8 103 7811859365632190350
8 104 2251291477013751077
8 105 -5953663175460268411
8 106 7366234277655076531
8 107 4958304271244173829
8 108 -7746807201070987556
8 109 -5521438767070019378
8 110 -920821171860589074
8 111 5833925913020683524
8 112 9015373224284307529
8 113 1807834852802916139
8 114 -6784648711770146809
8 115 1942054785327248815
8 116 -7704945819727215037
8 117 -3079353568024819527
8 118 3157843102961857074
8 119 -1779238854105240849
8 120 -2668198533478643805
8 121 1933809967726027326
8 122 7934626532237594676
8 123 7440179248805070293
8 124 7066038168654870745
8 125 -8619385072028382165
8 126 -1189952868147302036
8 127 -7331280343197772244
8 128 -5151110571670923723
8 129 8487311339608461043
8 130 2408468973210869450
8 131 -328061371705744235
8 132 -7193785665582657581
8 133 3707137326426228437
8 134 -3322073239679590801
8 135 738878173137523308
8 136 8652496791505564404
8 137 -4225519367669073028
8 138 323630214648408106
8 139 4251792413171848449
8 140 -7395103677843721483
8 141 -1250181210029573676
8 142 -1651793426429134501
8 143 -5337743686372913570
8 144 -8266782947694260845
8 145 -6143780168568406552
8 146 1898551437039139073
8 147 7382779294216624299
8 148 -7235384530146464552
8 149 3395749125863185432
8 150 8195187001781283261
8 151 -397865910918140011
8 152 985404536977770982
8 153 -8775247522091776950
8 154 -3125413641973044941
8 155 -5476947701888366581
8 156 2537715245140064451
8 157 -5436052341980532415
8 158 3688849023869715789
8 159 4699975595371337684
8 160 -4204137794507857526
8 161 1796255643275015376
8 162 -8698503263197181537
8 163 -7741602459663800687
8 164 4850167545405540294
8 165 8110686918122981091
8 166 -6074383534101132771
8 167 6039648177232065496
8 168 6688619813973619766
8 169 3635249464905297535
8 170 -8774506538664699864
8 171 -2763864544615095495
8 172 1932794806013319376
8 173 -5002921238623428700
8 174 5996223193633177556
8 175 -9007474656745248499
8 176 2360944125403402706
8 177 2470647942303305085
8 178 7600807783673320883
8 179 -4841110849048600215
8 180 -8800052793982428027
8 181 -1172938830991517284
8 182 2029020222214742406
8 183 6672256445542269364
8 184 -8073663720869332203
8 185 6908719458445510206
8 186 3044352766344496053
8 187 1771531053184506613
8 188 8264864592052339641
8 189 4964065773539093222
8 190 7708965991078101762
8 191 4554593958604364240
8 192 7472723876584203069
8 193 5007867737862463350
8 194 229085496294296052
8 195 -7433612083473834586
8 196 -8412175278665182050
8 197 2551378861410779121
8 198 -8327610829840395276
8 199 -581562418604815385
9 0 -1932629370699484930
9 1 -1475164065447688213
9 2 2008650521517788838
9 3 6842596943135608293
9 4 -494096552870584151
9 5 4915568610506958235
9 6 7144472731685646915
9 7 5660457769782623963
9 8 -594592206835574574
9 9 -3942725218783963058
9 10 8931502280513357266
9 11 -1088024279146254427
9 12 6972610735260301903
9 13 -6976515627478398323
9 14 7493634954933193631
9 15 -7432353154689277470
9 16 2135550683162106842
9 17 1907897717010927629
9 18 -8313957939536111895
9 19 -2049582672854896270
9 20 3033289870067878090
9 21 3423779693359047789
9 22 8929718947623170312
9 23 -4378410888615649570
9 24 5298369470857522532
9 25 3647026978636665622
9 26 -83571762869256305
9 27 3420497254281052415
9 28 -8164408308091884286
9 29 -7981229425407271482
9 30 3181736766403273343
9 31 -4159632029431933042
9 32 -2093615810238130597
9 33 8868244361028425299
9 34 3929463315767825383
9 35 -1129018207318712787
9 36 -468229956002626311
9 37 -2715472132988384771
9 38 -3203266128707961689
9 39 8037812427822621687
9 40 3768080034376610913
9 41 2932776860055657848
9 42 -6802062471102417300
9 43 5169891432738068741
9 44 1167715973471656355
9 45 3612451227749623287
9 46 4788781498797861437
9 47 1903740598156337912
9 48 3002371534345933829
9 49 -8030397613135699269
9 50 -7965231022012523985
9 51 4848761547314046596
9 52 -8528709257451055581
9 53 -1510163198340725364
9 54 -9028438372704805233
9 55 5659861229813293748
9 56 -538547840771385803
9 57 5131616814463008528
9 58 -2099142546071534712
9 59 -4825514775828483164
9 60 1440673916179263536
9 61 4005098061505271367
9 62 1996787199439649132
9 63 -1266353935500606400
9 64 -3397642494313114887
9 65 7733143945146360814
9 66 -1305613509865506651
9 67 4791292144405664965
9 68 -4037906859979904353
9 69 -7962887451106287743
9 70 1974856735078487429
9 71 -4770107063751051069
9 72 252643520008816456
9 73 7422762049113942225
9 74 -5611890511207058927
9 75 7176477328976251489
9 76 31167112028647316
9 77 1572335465090160068
9 78 8993515361639547196
9 79 2994322381725332956
9 80 -5451342058180281017
9 81 -5458717724335810775
9 82 3964142406029221208
9 83 4229080260311332957
9 84 5165008131297925832
9 85 -7376455456727687530
9 86 -5763202631340231552
9 87 2524378297483719564
9 88 1668377658109387160
9 89 -6069740505885503578
9 90 -1880349018362347062
9 91 -5750147647920559402
9 92 3506901670110482660
9 93 -5024848918811185563
9 94 6851181059601532676
9 95 1590423226257191432
9 96 4547129666020894355
9 97 1826332947864158603
9 98 -7151356317892505028
9 99 -283124428364055459
9 100 -3890405087081346286
9 101 7960824496023335962
9 102 -4751933933561960471
9 103 -1006893638390513924
9 104 4645145928963321443
9 105 -1976011547294396982
9 106 -1581920960209655023
9 107 -6039684428891905850
9 108 -2849278677868900414
9 109 5689125605561790158
9 110 -886691806572696979
9 111 -3157811594028400960
9 112 -3352870593199618866
9 113 7201680885553031881
9 114 -2641409684036955988
9 115 1639460689312353297
9 116 7986527941192251556
9 117 -2843275075661217712
9 118 5125655083362954358
9 119 6250621585853418719
9 120 1554225237319782422
9 121 6643985306471260178
9 122 7825587962307798732
9 123 -3844355162070677618
9 124 8469956936110062459
9 125 -5413375675513741070
9 126 6601613143010178308
9 127 6956945166143875336
9 128 5886792806381023347
9 129 4069997357033116113
9 130 -6436582134520858058
9 131 -7995863016905580768
9 132 -3192603915432499231
9 133 6662830153197500709
9 134 -450837946832965645
9 135 -7989313243257668018
9 136 -5587880489352859305
9 137 -2670492137896263684
9 138 6799140478938681128
9 139 -8728594991645575426
9 140 4381867327599342754
9 141 -7327493966214490895
9 142 -3129351931267927021
9 143 -6778671259750023686
9 144 -6719227422996743073
9 145 -2623124733313820446
9 146 2825966064174660679
9 147 1621122484506896142
9 148 3749104716272329488
9 149 -1531622839265092129
9 150 8031715742168224570
9 151 7955978955032796477
9 152 -7937272841687423177
9 153 7423832379512905312
9 154 8865856668869420268
9 155 7441953077606567794
9 156 4760082983377785719
9 157 7919757060255241010
9 158 -3633555296040398661
9 159 -1942198689448355037
9 160 -1118887916656077639
9 161 5172626583943876051
9 162 403284742343490705
9 163 7952548367123776216
9 164 -246102183738186528
9 165 -8640660242868829858
9 166 -1494365575591363561
9 167 -2124833630083692613
9 168 5331993437910272320
9 169 -4808006389824422732
9 170 3451952296496073660
9 171 6740095955236196227
9 172 -7911245631100675163
9 173 -6781111650837648287
9 174 -415661040742955404
9 175 2016261503371420567
9 176 -1308745157835445574
9 177 -7551162460009872270
9 178 -4334803460924277608
9 179 -738199411637570519
9 180 8974333083141936292
9 181 6785507665390100690
9 182 569080415299954406
9 183 -4190303349398973366
9 184 -8186371650354639905
9 185 -6172870698222617277
9 186 2136201774614503544
9 187 1148537553934817440
9 188 -1578949144136497972
9 189 4409197395397855079
9 190 6494910820570434337
9 191 -5059882126886498310
9 192 -7094501529256288043
9 193 -4342973032697408813
9 194 -605829074943717498
9 195 -9158653429064558078
9 196 -6704591328631083981
9 197 -4734362124887122400
9 198 -119493524697971749
9 199 -8956483792800152050
10 0 4486210980277639666
10 1 9110503716890857426
10 2 266941747868646335
10 3 9207259820242808750
10 4 1007588548831888673
10 5 8207484479784206113
10 6 4365343315863166443
10 7 -6716134490397456823
10 8 4524116695641112551
10 9 -2136370333996562792
10 10 -6018545877676161574
10 11 -1356489091958631296
10 12 5904404131839578834
10 13 8940070046844224195
10 14 -8257990648746874334
10 15 4770814332246702440
10 16 -9207610140221568647
10 17 6510509594065547069
10 18 -5247884204330428345
10 19 444735557220485840
10 20 -2518937600985442344
10 21 2711844183886758658
10 22 -3354490543773573396
10 23 3081289448095491778
10 24 8413743415393691332
10 25 3256793779718069847
10 26 -1101545962076030986
10 27 4973714682584051325
10 28 -6266385647990538315
10 29 -619179864407394727
10 30 -3071592257242472879
10 31 -5708124507888620498
10 32 -1165482434277164139
10 33 -1670528193024636734
10 34 -47882246590754252
10 35 6232955257059713577
10 36 -4502594460061181380
10 37 311855727592418696
10 38 1112715571264664318
10 39 8605427605717589105
10 40 5605795567145896637
10 41 5877697856747245167
10 42 7379340640104774635
10 43 -7270422446435932413
10 44 447251227254553284
10 45 -2589703484527731092
10 46 2640374649468506711
10 47 6751229552423340117
10 48 -7302736685214198381
10 49 -1880485331558653052
10 50 -7206742587352891895
10 51 -1939007079902308984
10 52 -9020963031760940832
10 53 7408030370319487655
10 54 3608879486956792943
10 55 8594463983868573068
10 56 -8208777630477980579
10 57 -803626711272026142
10 58 2029653730834311414
10 59 1527566224000736897
10 60 -6988194712445221965
10 61 -1947539235368994326
10 62 -1497580842827809826
10 63 4708648561488202027
10 64 2490206940453836519
10 65 -9119948939193195540
10 66 4678125348713660836
10 67 3534282660292900251
10 68 924644556035624024
10 69 -2449679691383977784
10 70 7794919280532450452
10 71 6381096592755673722
10 72 -4346056441792564346
10 73 -8294027307703300523
10 74 1281042034566416463
10 75 6526143517861129669
10 76 -4077454260260734176
10 77 5958359512791530655
10 78 6805937938764325337
10 79 2680866049908609416
10 80 2722512882800823522
10 81 7157407125934478631
10 82 -5512048820252109615
10 83 3235796296020367970
10 84 -7378317149861655926
10 85 -1177794265730109715
10 86 3228275378627106223
10 87 4415385151963726825
10 88 -9042227742364142305
10 89 -8181772743746489780
10 90 -415101769031026388
10 91 -8233229877992126791
10 92 916892928799125107
10 93 -8050513251485249393
10 94 6712459035700092805
10 95 1337105500029247170
10 96 9079661076214820587
10 97 -2774392543859319813
10 98 4496244117374199582
10 99 4685546767580695869
10 100 3965511530082679784
10 101 7333295949393257718
10 102 -2455323759729322914
10 103 6510273220418657346
10 104 6836061087070262833
10 105 9166410980766551790
10 106 -562568330201705587
10 107 4226352339578654435
10 108 -4132888481544157440
10 109 -6387264614766778568
10 110 -346595190666083979
10 111 9166828082697295716
10 112 8183217279054806045
10 113 -850418997373334524
10 114 -6321850165649195232
10 115 -5734331007521862310
10 116 -2077473904932407401
10 117 -7926558906825427223
10 118 7894252658048374673
10 119 6897488193349544889
10 120 -5411521566912654335
10 121 -880209768879614789
10 122 -40135620995080237
10 123 6470847950518771696
10 124 -4324042879199848999
10 125 4990121397273070482
10 126 8798605915217747136
10 127 8956953824711796418
10 128 -7296641391213285355
10 129 1291209437317346631
10 130 3481313642561881568
10 131 -5137307443578587287
10 132 601628396645300388
10 133 2427484288276104510
10 134 -3317872527537458646
10 135 -3463037530282311637
10 136 1503156564501346122
10 137 -8789749182286951198
10 138 -9046292718492354649
10 139 -2645503740168374725
10 140 3660302830384003542
10 141 -6694433089620695783
10 142 -8140808355774458120
10 143 -5593089089057460600
10 144 6617204055346387234
10 145 -8304348940893695040
10 146 5942920150974261889
10 147 6110789580474538878
10 148 -2046815189095760243
10 149 3644337552418246538
10 150 -3390702518783671203
10 151 7620051965423767706
10 152 6383013661828617397
10 153 1416770917938863640
10 154 -926340921488395461
10 155 7726069788132450381
10 156 -6225485602820808712
10 157 4366621486518577763
10 158 -430585523429276157
10 159 3004922173045365687
10 160 2821490652711181127
10 161 -7457496766844549642
10 162 -5111540466437656978
10 163 -5722916073886374600
10 164 -850228511151211728
10 165 8577145011499366367
10 166 -1971353447390021517
10 167 -8437217965845437935
10 168 -8963031271482450516
10 169 1028168902669641100
10 170 -8167078907086250577
10 171 6302438883467869396
10 172 -8126415282004937156
10 173 -7569686002313576031
10 174 -862628100729550062
10 175 6085109322029617717
10 176 -7022185292085836794
10 177 -9137913968289139496
10 178 -2423203724523982565
10 179 -3497793787555043327
10 180 2506981277293621541
10 181 -8321427100285556650
10 182 3548863955233492138
10 183 5370659887315229581
10 184 5424008447803574891
10 185 990377348280186268
10 186 -2346940614469723143
10 187 -1784316394582716215
10 188 -1484659693286496139
10 189 2536304111536484605
10 190 -6012110757918522658
10 191 2112521032961493445
10 192 8099869726325473424
10 193 -3375146071073801102
10 194 -6903831766491529561
10 195 2897597457511700897
10 196 -740190306481841939
10 197 8912716961417028947
10 198 -5610494713997132592
10 199 2798216716581728461
11 0 -894792936456141448
11 1 -1461209790522144364
11 2 4336106236477307247
11 3 4324775382435461368
11 4 -659550598338789832
11 5 2205041774230574424
11 6 3736673622864070891
11 7 -7299963821484925529
11 8 -7707098046243286858
11 9 2358721240894295708
11 10 8008112996052725253
11 11 117501988546610398
11 12 7173543633903936700
11 13 7076192616441705837
11 14 -3990817160279805292
11 15 3977193423523894556
11 16 7158007584943818155
11 17 9134373420771401442
11 18 9107807811998456622
11 19 5569942155958927233
11 20 6977546150811632267
11 21 1527648353650624166
11 22 -7977634798463716750
11 23 -6633232255044149160
11 24 -3279853684500590799
11 25 7153560302729437454
11 26 -1616621348104165192
11 27 -5764997400973599553
11 28 7231046090602465238
11 29 4548356472614136231
11 30 5222309600399289621
11 31 -510398393801979245
11 32 -1580616589864516242
11 33 -4880017319990176542
11 34 6820091737308143546
11 35 5145249112222424911
11 36 4351670441756139910
11 37 3604879625561480779
11 38 2283735020214915556
11 39 -8238545951839588546
11 40 -9175545078884785391
11 41 4333512555574859299
11 42 -5871502028698090272
11 43 -3194874139817362973
11 44 5823176288042177308
11 45 5172665406205115799
11 46 -1693321243470683082
11 47 -6656004733594441368
11 48 -1313136511409216331
11 49 3538447039713669402
11 50 -2824197228883519481
11 51 -8647447345220436927
11 52 -2076113459782810131
11 53 -2759757927073757922
11 54 2863720934074993788
11 55 6620630947602826534
11 56 -5937533931232461512
11 57 -5670475849360053409
11 58 -5872233038451498381
11 59 1789971349665280075
11 60 9189821183480180187
11 61 -8471664786070175171
11 62 -7535053730598678848
11 63 6331118011609365795
11 64 -7071109823035637652
11 65 1803598156051892406
11 66 -4499459825888740042
11 67 743282596428011805
11 68 1401867105693534109
11 69 351594101962229396
11 70 2255328160254750221
11 71 4909766210268971470
11 72 1337524946915299449
11 73 -2124756322342160828
11 74 -5708278834379513687
11 75 -217580941390582893
11 76 5330579837290170723
11 77 -371086110152734002
11 78 6057488790457387354
11 79 1025354811802109597
11 80 -7491972144110261951
11 81 -8082286067913078658
11 82 -9099967600730368547
11 83 8055709895534429599
11 84 2209807597520564852
11 85 -4628864994321910246
11 86 -1525418540825170627
11 87 -2215680674893951910
11 88 1109640874581300382
11 89 -1101478954859289313
11 90 8590638707498691130
11 91 4229039220117115494
11 92 781505749670449823
11 93 3259400847367970136
11 94 -2158181563790827837
11 95 -5337797548798430312
11 96 -7649509028776309874
11 97 -5087690828890968422
11 98 -2953883761434323440
11 99 198490316623949851
11 100 8551172704419289532
11 101 1686101697558867492
11 102 -6982864898163246937
11 103 -7799731307296655436
11 104 2944172496938150761
11 105 7837410969830964247
11 106 1836994763441214643
11 107 8589200877006635315
11 108 6267405258593104032
11 109 -4022244931320145826
11 110 -2337685625086600375
11 111 -8362528826547143249
11 112 6453124269816421536
11 113 -1875458259122977073
11 114 -4447796601963520456
11 115 -3715638399552279925
11 116 -3477127515534836280
11 117 4383730587824328375
11 118 -5603972866910209380
11 119 2310671866718161207
11 120 -3122728712077779510
11 121 5544915471710189711
11 122 5389137500452195829
11 123 -1115615143275608350
11 124 3382317998893389570
11 125 3447561934776845213
11 126 8506513375702883693
11 127 3118971620357006926
11 128 -4542264539795783887
11 129 -7087094507847902518
11 130 6001770126941598621
11 131 8202363064930921613
11 132 -3490650080933517585
11 133 2244006022120486709
11 134 8810449179119627220
11 135 503868784230998096
11 136 8594958131139690514
11 137 1329321365536129866
11 138 -8600507121655183357
11 139 2032029607210985360
11 140 6873078452973779953
11 141 -453881730349793995
11 142 -6423801221782115390
11 143 4038810993395966045
11 144 8155476300179135300
11 145 3147258779764628805
11 146 3333972953067823602
11 147 648085525203938442
11 148 5859645735887614546
11 149 2888812049727917671
11 150 2500509023588265559
11 151 -8936611859333735536
11 152 -6172822369768009749
11 153 5295000347750341376
11 154 5893586809836827452
11 155 8111587148911361027
11 156 -507863191548573951
11 157 -662566169716202644
11 158 -8007237325073680073
11 159 6335928988150038302
11 160 822887457262036818
11 161 627520462831346300
11 162 -3106012088667004662
11 163 -4066559502967232072
11 164 -913503670637827209
11 165 -2410930319003240147
11 166 -4244731444484372458
11 167 -714766903006820607
11 168 8062767681075703970
11 169 356182644877537102
11 170 7619430806922006856
11 171 -6335025959484869346
11 172 -1077934289614017599
11 173 7969231878035221058
11 174 -317366988455334981
11 175 -7226517323088559613
11 176 -3878239754165911211
11 177 -7017517714328502464
11 178 4672573182987899730
11 179 5991781996039135797
11 180 -3306495622816889051
11 181 5291846944205212421
11 182 2492350222612278511
11 183 -2574296345897810149
11 184 7572627003550204582
11 185 6322342466438631837
11 186 -4816059434236273705
11 187 284764413187854015
11 188 -2893491991594755601
11 189 -1383635781851659874
11 190 2937345881687191278
11 191 -3612029322404239698
11 192 -5065695244733939813
11 193 8320058508454631501
11 194 3253564404921385163
11 195 5124005248371320587
11 196 -5671333059511648888
11 197 -3168939047835121623
11 198 3999864682701467047
11 199 -8885394385472061471
12 0 -9061937150265298159
12 1 -8416258198921472744
12 2 -4776194117930368561
12 3 -8102703258947794200
12 4 4824295440872277814
12 5 2138018578971616290
12 6 -5539568848053551792
12 7 8565892037001134089
12 8 -8324740449472339319
12 9 -7366356888984587886
12 10 7953604495052782638
12 11 -1686540338373721270
12 12 -3722964666532146542
12 13 3114348330317617626
12 14 5701794279077458863
12 15 8136722966523674099
12 16 -3122437185157919754
12 17 3165896098937097795
12 18 -718853025721991637
12 19 -5488864525445412776
12 20 -3636311041489682978
12 21 21694156085194750
12 22 -4820897656332037551
12 23 -5076176060153810651
12 24 6413800442990046477
12 25 243040686356695009
12 26 -5724528161571228343
12 27 -7176936431465929587
12 28 -3850926761824433557
12 29 2442076441602210242
12 30 -5740742599321272692
12 31 6642095643859361454
12 32 -5219720583932859609
12 33 7318846651741796891
12 34 -659470530095311968
12 35 3365563104386316991
12 36 8518973428790736346
12 37 -4455719342014857580
12 38 -6474417110919427274
12 39 4599361442640707407
12 40 -6453748736292112254
12 41 -6693553360239805939
12 42 4671602777530157319
12 43 -7542264846485455937
12 44 -6030430219915753259
12 45 5241384875068057935
12 46 988101006531200436
12 47 7610199620639782650
12 48 -1471324004480247821
12 49 -3577837057016748415
12 50 4423761033956930820
12 51 161779987960316933
12 52 -1269777272438716478
12 53 -2087129792051965370
12 54 -5798902691011220368
12 55 3108799716914726542
12 56 -5839097345908041487
12 57 -8089036102318495456
12 58 -4189964857378156416
12 59 -6300846717511616700
12 60 -4838803756073930452
12 61 -1796185788016894686
12 62 -545280605421963112
12 63 4679380360390658652
12 64 6305137873850999835
12 65 7757506741642512839
12 66 -5251026814102610058
12 67 7246574461888639223
12 68 2261808217506190055
12 69 -9213792336917067246
12 70 -3857135051582153914
12 71 2267254744426289741
12 72 -4758237606868722931
12 73 7242029412257827243
12 74 -3152720124154809817
12 75 7086777984819186656
12 76 -2266607884326993110
12 77 6607873671386417576
12 78 3556464925795445510
12 79 -8479119765891815600
12 80 8581216658887506444
12 81 8818605139662716134
12 82 5537835130385653942
12 83 -7106989889019113591
12 84 3358822374871971354
12 85 5251715187978285098
12 86 3425024260947618355
12 87 7586192526594756681
12 88 -5971181915576981643
12 89 5808598831402422648
12 90 -7574579987044063088
12 91 -8176513112537935951
12 92 260035181594716379
12 93 2167299488948184628
12 94 -5272137620750556117
12 95 -1090858684225529393
12 96 6005702070081781963
12 97 3790661894415634409
12 98 -1123661488787183548
12 99 -9141135882009001002
12 100 -2331776147708036127
12 101 -7838337272328883822
12 102 -8301013457776773982
12 103 -1230631406312192545
12 104 -2945014456120097092
12 105 -6344909692575853646
12 106 -9005901674312419250
12 107 -4713765607318178731
12 108 5985635329408436811
12 109 -7236743850618957992
12 110 -670436102139768023
12 111 9109245247718281496
12 112 -184391865923437902
12 113 884553378966229197
12 114 -3794562052047945245
12 115 -6448101132827144368
12 116 716478523336632925
12 117 7434573476726170641
12 118 5919532298323235009
12 119 1634790783583808184
12 120 963781849152353775
12 121 -1136527409893491601
12 122 -2017328568474575545
12 123 -4796441608080272781
12 124 -1604405831895010500
12 125 1321400843310716068
12 126 1934384317191951777
12 127 79453747433925400
12 128 -4554509641558820538
12 129 -1270798927083118103
12 130 -2969727895174444020
12 131 7032818694705850644
12 132 1753225526790066162
12 133 -7530241135152019566
12 134 -8303628754745689636
12 135 3060013223324045361
12 136 8097056169544411193
12 137 4827685900081023686
12 138 3677145662795828634
12 139 8339511993731694997
12 140 8650686633406212206
12 141 -7191685504377299046
12 142 7856441918734469011
12 143 1377126562156591556
12 144 999416245234473755
12 145 7504103832339625653
12 146 155361753272588702
12 147 6514463717410526535
12 148 5398091038262745338
12 149 -2247159370963374154
12 150 -7431168554812675073
12 151 3515397408692453011
12 152 7698632374315675918
12 153 9105598332557212441
12 154 4143061893835562149
12 155 5869392433149518557
12 156 9132500500755368285
12 157 -1500633265630793466
12 158 1966432279670168592
12 159 2420791199536829995
12 160 8984476533804828672
12 161 -5903713009515131516
12 162 2309982396699323201
12 163 3075722286143464772
12 164 1625196393724194844
12 165 -9144089321790096402
12 166 -8020794084771835431
12 167 8090264611552457083
12 168 7813947430817878472
12 169 7654959992830312348
12 170 -5563911162902077850
12 171 -2143719864716299244
12 172 -6539337715928605771
12 173 -5488137359198901510
12 174 -5112715760770353767
12 175 -4441482070309326386
12 176 -8223848286442181283
12 177 -5105423352539863675
12 178 1044056815033343945
12 179 4466376260215501941
12 180 2242252615633749432
12 181 32495739768870146
12 182 2822830326078891135
12 183 4104693254232461892
12 184 -8781037256878434367
12 185 -8587201549349093231
12 186 6254151274869740858
12 187 3055898897706865443
12 188 -6894430564734359723
12 189 -6343193781484022174
12 190 -7544297742539159564
12 191 -4323271166214605226
12 192 1987405134721507808
12 193 7355375658496968943
12 194 6921047863080960091
12 195 346153432617778987
12 196 3662074054134387657
12 197 -5705195948812686322
12 198 8041677246125374037
12 199 -5456416100513107619
13 0 131900153089087722
13 1 8451577089507522688
13 2 8510203279446191520
13 3 -3906683143716334063
13 4 959572135168099099
13 5 -5906104395048997981
13 6 -552209137561700563
13 7 -9083807860859847045
13 8 -4123286275858873828
13 9 2783144398493311296
13 10 -4479274812984294143
13 11 1567972542572200021
13 12 -1227808005095305211
13 13 6862700367533900819
13 14 3963599763081861299
13 15 -6546826186367283044
13 16 5249514717248264949
13 17 6074850564028663457
13 18 2911351894905591604
13 19 6302766373858984562
13 20 -8863195301635171590
13 21 -2987065839022487722
13 22 2388958853553617081
13 23 -4010168960522119222
13 24 7263844146512445501
13 25 -8455345696673290917
13 26 2296297124099982440
13 27 -7411785115619970054
13 28 1813111055412628626
13 29 -2576419619287522490
13 30 -1370904490659757758
13 31 -7744992831795034583
13 32 8823516462820646583
13 33 -1341196380719847433
13 34 -7712712717456698787
13 35 977474866890440280
13 36 7708692762211286078
13 37 -6385495117476698119
13 38 7198772054161017387
13 39 8498241187092472469
13 40 -430149595838288479
13 41 2349037481066330830
13 42 2770324523431085072
13 43 -5597197832318942895
13 44 -6922057617113384260
13 45 236116187335618583
13 46 1653029744701181391
13 47 -317834476465778017
13 48 8579348817935611762
13 49 721329163067992072
13 50 79534305239080036
13 51 -8150535969376296803
13 52 -1012612737134521111
13 53 -6572644576511517380
13 54 -6933064742707728156
13 55 -3604205840843716609
13 56 -839154651180263781
13 57 3153542961187346340
13 58 7316883917503373770
13 59 4318276115186176843
13 60 5416385138785509091
13 61 7985783938704962418
13 62 -3869052048076266587
13 63 7308566018102074424
13 64 4624566637253857473
13 65 3793195906304185447
13 66 8379398404773024790
13 67 -2723052324445750961
13 68 -3337725821962341382
13 69 -4792111489718634288
13 70 5372468755848802268
13 71 5857957537795478220
13 72 4193392538810080915
13 73 672341230736729086
13 74 -9133872863466799503
13 75 6828169098582512564
13 76 7353355506373716190
13 77 -5021833981912044079
13 78 -2705836962357592395
13 79 8334535172350915940
13 80 -463650468630265085
13 81 -3397308453777855798
13 82 3988363339469668780
13 83 -4087198126857906520
13 84 2583806805944907251
13 85 2899697631197382967
13 86 -2885503732911192150
13 87 9155760985226022098
13 88 3258469210931566370
13 89 3419133789268326895
13 90 2839226299907036364
13 91 6118606505167723722
13 92 -2975095025179757481
13 93 -8725934854789503799
13 94 4555286764061383968
13 95 -4129117964306396465
13 96 4092216410195146961
13 97 8744868767443135481
13 98 512967730069666820
13 99 4348579214057618561
13 100 576924771029096014
13 101 -4637022000338684806
13 102 -3120532301109177059
13 103 -8144489573175104504
13 104 6700637576462382255
13 105 -8499747066701831312
13 106 4870665909892890263
13 107 -1928376700510068163
13 108 -3328833143191719711
13 109 -5225255662670577892
13 110 -1077317866691391460
13 111 8311048619063378396
13 112 6828097266741689524
13 113 8161307803355225148
13 114 -5709272425562603450
13 115 -6945656871880294963
13 116 -8499527815530167411
13 117 -3393187249338629691
13 118 -4805430774220934010
13 119 3974081913377073100
13 120 -7161968815494467085
13 121 -1058492375537680934
13 122 -4478842093023569992
13 123 791818545471948504
13 124 -4838340345015671367
13 125 -3858423033103552350
13 126 8684700941328620658
13 127 1059237525441287268
13 128 4805940672472723454
13 129 7175314424569004457
13 130 3422511990752801290
13 131 4814057364534077056
13 132 4124653094694292163
13 133 4092273805007980146
13 134 -5624636268218356203
13 135 -6168553119763421690
13 136 -2145690578847272956
13 137 8299073022782173833
13 138 -3238511309080345044
13 139 -7891042197176717734
13 140 6731768640435867680
13 141 526475366102248385
13 142 8949372168509202764
13 143 5527764834937186328
13 144 -6304755172050022014
13 145 -8560250624490210722
13 146 -2659957311914614189
13 147 4039256576032703351
13 148 -5482354365915855738
13 149 1000586091105275596
13 150 8679298542334070875
13 151 1892621015846499507
13 152 312945697836295693
13 153 7660964707880275099
13 154 -2338953499494131837
13 155 -5856349377252737765
13 156 3580431504251929245
13 157 -1448595948658069268
13 158 1306206031695571373
13 159 -617729222264209971
13 160 -4605980050574385688
13 161 -4025520689124078910
13 162 -1474335400020011825
13 163 5271228415903872831
13 164 -7929472731803788068
13 165 -3762027003641529075
13 166 -5562103069920013576
13 167 20880148157992233
13 168 -9219061287415544237
13 169 -4194587594037080533
13 170 984865736119475960
13 171 -682493894088711981
13 172 -1576734090136653486
13 173 7039544938343832336
13 174 -4209427423999820279
13 175 1454424981248157437
13 176 -6692485889338009674
13 177 4751279505497457386
13 178 2250223139657427329
13 179 7053099651585543858
13 180 -4558510749884350532
13 181 -6381303302563821626
13 182 5759721303720149679
13 183 -5786825614274008491
13 184 4690068249634594267
13 185 -501378127115501030
13 186 -3525354440695411950
13 187 -3090754030164211344
13 188 5196078794901952444
13 189 -7424499757109423601
13 190 -6204169584099775462
13 191 -9181182872347031971
13 192 -8821097085156007531
13 193 -5509393995712734363
13 194 -5051304501188167078
13 195 9147827665750805276
13 196 -8691326375984571461
13 197 -4977325401603884678
13 198 -7274675470272773154
13 199 6218921732068034666
14 0 1688724582500410962
14 1 8219531151892700597
14 2 6565861828068385738
14 3 -2415210501215126987
14 4 775047823883701351
14 5 8099849220121088958
14 6 -6964166004703538701
14 7 -8729573172274006931
14 8 -7887526742370453415
14 9 5253735336895748268
14 10 -2673535539311256512
14 11 6014729567452883523
14 12 -1113028776208262634
14 13 -7979353739083122110
14 14 -3336399922353873895
14 15 5806619357646603145
14 16 2323682968685795169
14 17 8719712938062234047
14 18 3178030508228256126
14 19 6995804959257707215
14 20 -3544763868525841253
14 21 2940564472583523784
14 22 -7317298182887159299
14 23 -8937434586236782116
14 24 -3268249687389946596
14 25 6859048327788187828
14 26 5670734887117785434
14 27 550079766280630345
14 28 1318571862246545526
14 29 3240314078448658634
14 30 -7525276573687111749
14 31 -5635628724407550857
14 32 1674481918257336712
14 33 -6373499163863048276
14 34 4506392726762395797
14 35 -2157192225921579410
14 36 -3924859189598023730
14 37 -8035516527600674965
14 38 -2910573971265926766
14 39 -4619581131017662132
14 40 3551424607948843162
14 41 -926020975222589562
14 42 2563969364152959274
14 43 -843254883977380258
14 44 -7829525017301728520
14 45 -6033772747872106216
14 46 747222607958502458
14 47 -5158087083651689668
14 48 -4282053687606702089
14 49 -2951379969208252232
14 50 644808085727502169
14 51 7872154795305444739
14 52 -5903268922547158480
14 53 3527264798321420301
14 54 3216491530244046914
14 55 8760890775911898735
14 56 -1411927254318791515
14 57 -7734567609343948768
14 58 -8759672373314110999
14 59 -7779362164285939827
14 60 -3464925242578132833
14 61 374860573895244166
14 62 2911289895371361507
14 63 -8979864910473558055
14 64 6295978679869452178
14 65 8517750222795406464
14 66 -7396426804921498992
14 67 7856211791333518053
14 68 7158747534256497753
14 69 -3952701706215814038
14 70 2082386231713948083
14 71 6437916621965334345
14 72 -7571041052876707607
14 73 7706514412961290902
14 74 -5052268377358011594
14 75 -606843717702280548
14 76 -6140429926553689388
14 77 4153537749613681934
14 78 -8225828195441420519
14 79 1638561764320235598
14 80 -1912948029274148470
14 81 -5043491463273952715
14 82 -82031174310845085
14 83 2706852458762668336
14 84 -3696660284803376709
14 85 2967064322271186866
14 86 -775839387193764438
14 87 -5563220382811619222
14 88 -768882849271822466
14 89 1521716602508581279
14 90 -3197233111974495195
14 91 -2827078510658172821
14 92 -730721750706624813
14 93 -1882571970820578523
14 94 -1397129799333375738
14 95 -7844270841479237374
14 96 7534144407801292716
14 97 4338107339300041015
14 98 7016032584631284612
14 99 6313713076829975762
14 100 -8172926022096911660
14 101 615854929419492116
14 102 2075173064596378944
14 103 7839352123667482616
14 104 3965009582684343321
14 105 2867230025844802245
14 106 2271103611747670358
14 107 3113391683190149450
14 108 -3642306497620455353
14 109 -285267070898591843
14 110 -8012847899547539547
14 111 4166958410842688161
14 112 -3952911020128393957
14 113 3918290692335725
14 114 6174080542910240929
14 115 8698655451073920670
14 116 1372120859419837883
14 117 3399594796216084406
14 118 5256616349472189031
14 119 -83656595076246834
14 120 4360708962849307609
14 121 -3558882158303047989
14 122 4313490320474058271
14 123 8864086504858124724
14 124 5929115994203890724
14 125 -8684250299827839142
14 126 -3143119808728870941
14 127 -2973832510390469298
14 128 6577759271871643889
14 129 -332155158066933534
14 130 8332075451353559425
14 131 -6099028959940347157
14 132 7343906026221454742
14 133 -6733399433142131661
14 134 2290206287740819782
14 135 8157227841281620268
14 136 3012314735286873309
14 137 4143080970499937106
14 138 -2571131109707853395
14 139 6126230446131522054
14 140 -192171822643819801
14 141 1584910237578301482
14 142 -2785238311035257796
14 143 -3723114893538817273
14 144 5977662855809630928
14 145 -984991848699676217
14 146 8989662399340190979
14 147 5923709617218133914
14 148 -8011752908186708537
14 149 -8745951231785472396
14 150 7734915150337532269
14 151 -7607790612009124186
14 152 7028358502185644931
14 153 7987002144598875776
14 154 5043364612258434133
14 155 6201320191678788707
14 156 1704043816322583735
14 157 -8569147472530091858
14 158 5752039681412634775
14 159 -7856728558248573746
14 160 -9157051553256535010
14 161 7942165854415064818
14 162 369914833404198010
14 163 6502763438837954385
14 164 -4802945561106063624
14 165 -1623884177755207199
14 166 -1855142542882599847
14 167 -2751061729738234735
14 168 -8053631465229788531
14 169 8222336054330383799
14 170 -2779127013279399092
14 171 -4533453792774514719
14 172 4384460040038516950
14 173 1839142573580375322
14 174 -8894915344447052695
14 175 8379560063106854352
14 176 5073485941789415180
14 177 8573868975933533735
14 178 -2224291766607652415
14 179 -4223491741878754619
14 180 1165190768246609206
14 181 5383834906462451379
14 182 6429801573510705837
14 183 -5719685196886556320
14 184 4177135658857488461
14 185 -4058472657285171233
14 186 -8094792088449621193
14 187 7246290213148073112
14 188 -2445213573995838470
14 189 -4002281126383066875
14 190 1767545936233792615
14 191 1911556648443824200
14 192 -1977932924773028082
14 193 -6361493619342112467
14 194 9075267897955409266
14 195 -754974896277407988
14 196 3209283610957624157
14 197 -3518308894501157167
14 198 -1675316106041856097
14 199 7844183072338906887
15 0 8950050062858557902
15 1 7719426418156245052
15 2 2101707296052014538
15 3 -3094713061150742949
15 4 6328013410029149488
15 5 -4329240679560357412
15 6 2518714151579317698
15 7 174632740314215926
15 8 -6333330027518871504
15 9 5625650159432073358
15 10 -5002623798531547526
15 11 -8255753500728198178
15 12 -7181566666428911767
15 13 695938817313764715
15 14 -5697318338678051947
15 15 -2512519481383373819
15 16 -8946187971090795402
15 17 -1732801341726110559
15 18 -2054637045244732317
15 19 -8865568167421261935
15 20 8533241537408074154
15 21 3615421490753258452
15 22 -4313370832100975977
15 23 7685281639126148177
15 24 6649309445881734953
15 25 -5301230350641923484
15 26 7888396768182257567
15 27 8001711158864290400
15 28 -8906503311207029203
15 29 1212613936295819447
15 30 8181196803759111527
15 31 312228563344261083
15 32 -8054517266090218990
15 33 -5411203080010740340
15 34 -4951383822218359991
15 35 -4427103311394529051
15 36 3867650260124264824
15 37 -4883926463119628666
15 38 -5641709448785399602
15 39 -1331816757400890949
15 40 -4685219688236013223
15 41 2040063149990891463
15 42 1987149947527616589
15 43 -8785862225784472531
15 44 -7615699366424418887
15 45 6074479469498015313
15 46 9057824313270055844
15 47 -4803851162543736990
15 48 6020369736510124222
15 49 -7424963356935881708
15 50 415799518424709174
15 51 -7143638054880225125
15 52 -1813154991631775536
15 53 -3699608762139717395
15 54 -1736423913336516878
15 55 -7046155596275213859
15 56 4995157927298943140
15 57 -5478248367579017906
15 58 -5187324113903448894
15 59 -7098887143985040226
15 60 4954083459188401408
15 61 -1936634776526222443
15 62 105679169128657888
15 63 -437439427684660793
15 64 3918456842650744668
15 65 -1377609670895800150
15 66 1918217208206690770
15 67 -8239845548489178165
15 68 -8544660764083267523
15 69 1603210975919628922
15 70 -6003800599689037813
15 71 1922079489739200598
15 72 3504164900120457918
15 73 7923351499943218212
15 74 -3857507564457503921
15 75 -1052943525750964035
15 76 -6315208122927863214
15 77 -3541442291180741229
15 78 243302757596428281
15 79 3074361129300851610
15 80 -2849734987545063474
15 81 8942502315202273922
15 82 6749731612013624663
15 83 -6253366220742510392
15 84 1667325533475288662
15 85 3134510612634731733
15 86 -3130935826137364485
15 87 5230254871085930236
15 88 563297050602513141
15 89 -4610770787522612265
15 90 -7226526346486723860
15 91 -6558721250592503250
15 92 -6168683695812681978
15 93 6811014239698056273
15 94 2717697756568077608
15 95 3552660135156211161
15 96 4920339810393913825
15 97 -5746582477438157613
15 98 8534703439479218735
15 99 -3715261642685449590
15 100 -1365129060182405961
15 101 -6907402339592365155
15 102 -5800686645963261564
15 103 632433108032204535
15 104 -8998359615160183700
15 105 -5742502128738449566
15 106 -495745697720910943
15 107 3501534402599387208
15 108 -2048884617186276929
15 109 -9086772687975662764
15 110 3180512434462502005
15 111 -3121722956571297045
15 112 -441184027404181230
15 113 8337894058229332031
15 114 7694654135215819090
15 115 -8684051494099587118
15 116 8967744723115429017
15 117 8869713397575073225
15 118 475463975788262826
15 119 7552813339381818789
15 120 -5444802102676347214
15 121 9214792249498065024
15 122 1736610974705430041
15 123 -7520807735500856940
15 124 -8031986222218155272
15 125 7600365004203721814
15 126 8052784496267067383
15 127 -6363540297097962240
15 128 -5905547442139081119
15 129 -7110842331765251009
15 130 -6358647554267102632
15 131 7646418025314652486
15 132 -623714424331293995
15 133 6347727324637938456
15 134 663656102407231309
15 135 -4391654165760792936
15 136 -7761876390890424027
15 137 -6734306317961363443
15 138 -8727087288923055143
15 139 929363487446752810
15 140 1087045369579429600
15 141 5481876960836975931
15 142 -5070103181502887228
15 143 8794935407791271461
15 144 -5424102241666766570
15 145 -2795186779362508519
15 146 2192951956359202149
15 147 3630186929186880144
15 148 2107034623811822276
15 149 -6163516859129223010
15 150 -4410460214862277863
15 151 4991126066984451315
15 152 1887027965920856781
15 153 -3765448463576334134
15 154 -8052972631165137341
15 155 -712334203736475634
15 156 -2156827989785787320
15 157 -9141855180963065593
15 158 -4904920232440296503
15 159 5196810304014384410
15 160 -2985296397688284137
15 161 -1897942332184958420
15 162 -8316650595804455941
15 163 4325814616684828405
15 164 -6209648171484206975
15 165 -5918520609716044609
15 166 -4047158343588739169
15 167 -5219122778217273183
15 168 -3395849738967592853
15 169 8832707428602670439
15 170 8352505517156782861
15 171 1829239063297480531
15 172 3027161556011511178
15 173 -3009206928635995009
15 174 -8588357835650736229
15 175 4900959273562112637
15 176 5929757876464437556
15 177 -1410623870472787657
15 178 4309549850680003927
15 179 -7298560551358280907
15 180 4356026277694748589
15 181 -6851573263738617055
15 182 -1225783872682085087
15 183 -7427589038961979693
15 184 -3265162709898429432
15 185 -4995534809219438272
15 186 2466476294782806502
15 187 -650705277046048083
15 188 -6102466704902874744
15 189 2905659376546604047
15 190 1422514994618571556
15 191 5273254819651321539
15 192 -3244686076128772118
15 193 983725145399653639
15 194 -908902988000532073
15 195 4616246071541385356
15 196 -2766518981419818093
15 197 -3465973458876661327
15 198 6538190638689311893
15 199 -2563037968814325683
16 0 -5991619841810664193
16 1 -3090430553046215003
16 2 427186861668669031
16 3 -2527889653229893037
16 4 6123576599941691078
16 5 -5440541514373545258
16 6 2334018360094885196
16 7 5926531237544232577
16 8 -7493189686715557551
16 9 8171737319969277108
16 10 -6876472501725064778
16 11 957185276521451033
16 12 8980287208719272649
16 13 7538048586361292400
16 14 -2566637157452508538
16 15 -4761630500132074262
16 16 -6947353489365893989
16 17 1226678545297932474
16 18 2201310808902642439
16 19 -85062481641361055
16 20 -456172830132516898
16 21 -7520955376484388013
16 22 -5077540239368669305
16 23 -1838323844075193529
16 24 3908041690476484341
16 25 2283408161274982800
16 26 8563543890640755132
16 27 -7407036482312959299
16 28 -1949933926271726843
16 29 7334856327108381275
16 30 -3411366595344258605
16 31 -7882983028412892653
16 32 -5500528538898744031
16 33 -3605078066357035508
16 34 8250798940546373567
16 35 -787738646596088373
16 36 7991531547915271361
16 37 -6614324045292012455
16 38 -5456222444874341259
16 39 -3530842260211603972
16 40 8843484205122729194
16 41 974220159571452653
16 42 4937581467068312177
16 43 -279930076001848420
16 44 -724418327099012891
16 45 -986579700513847295
16 46 -7084948783744941218
16 47 2738005701069125395
16 48 8294881959308752615
16 49 -7507470731346553137
16 50 -1522974506128820555
16 51 2267148359603290280
16 52 -1945177623635740002
16 53 8359156959766091553
16 54 -7177151597134083760
16 55 -6612676999424109216
16 56 -7790359733148409549
16 57 -8113682256670906320
16 58 9166919623586524746
16 59 -7968676995264245664
16 60 8001877653623439905
16 61 3361238232873360779
16 62 7508801380474453476
16 63 3544665608804181248
16 64 4972152928245324698
16 65 51546847435873335
16 66 -2065314564047760906
16 67 -7797764020951113651
16 68 -3416667551247797602
16 69 -4649841266305473450
16 70 -1514658557896099907
16 71 9135654533721659969
16 72 -607090916127945295
16 73 -8400378654955569817
16 74 7866710636446016194
16 75 -1030486310411043821
16 76 5363489719818180890
16 77 7082491916841153825
16 78 -3547664447176522034
16 79 -3349616825647315331
16 80 -3535320390297705470
16 81 -5700387445386468582
16 82 -5376398619359433365
16 83 5496697997104803577
16 84 -4951712417440568972
16 85 2835840127702699398
16 86 -1060405987899535039
16 87 -4248740556697434191
16 88 -1051972946027181339
16 89 2243164401637413368
16 90 2236995429112382393
16 91 6109130252279730482
16 92 -8731573622630340880
16 93 8092806447984106975
16 94 2951464479570058634
16 95 -1878958629135853479
16 96 -5682116727199188471
16 97 3672726469812923551
16 98 4171521766670989548
16 99 -2745518444528466203
16 100 4994458696710055729
16 101 -683267085870049356
16 102 1011028337985757316
16 103 6930378523771057696
16 104 -3597682272897165735
16 105 1454878148231421384
16 106 -1505034259587725649
16 107 -7020493551943272852
16 108 -5780629697975720643
16 109 -6028627138753686742
16 110 8636360184064490112
16 111 1282136759355814042
16 112 -6221298340663595954
16 113 896601641957464738
16 114 8837723679851003894
16 115 -6364796148348922716
16 116 5754743758872089475
16 117 -2599058061709820442
16 118 5094867859791851133
16 119 -2184956983491667471
16 120 1023410937932820472
16 121 8872754719245971376
16 122 3759741873350534319
16 123 1845753254316478933
16 124 5870181171488450542
16 125 -1772419289073657848
16 126 1536298264572636068
16 127 7489440280220569435
16 128 -2227501150995382597
16 129 -3494249930388357381
16 130 -6128857873725602384
16 131 7309872483699203162
16 132 5251772758478556353
16 133 -1678526003294699408
16 134 3475774455250511422
16 135 -1186891755028476689
16 136 -5540310948275413041
16 137 3312079205900522492
16 138 5644897061895331558
16 139 426994778611709052
16 140 -4215425606077449472
16 141 -4979972916793646969
16 142 6066604676995812322
16 143 7295660993705845472
16 144 -1247899728931187920
16 145 2482690207837171094
16 146 -282790489077510970
16 147 -420196361225550621
16 148 3152038071828668846
16 149 -3854763779120249003
16 150 -6186665089816028593
16 151 -9205038915399084321
16 152 8655552782526812095
16 153 -8700458157641545765
16 154 -1669506826231346321
16 155 -9191584893420920835
16 156 389920683165868920
16 157 -7972085525673099976
16 158 -4136316699714529544
16 159 -7895584688215322248
16 160 537913202294844005
16 161 -9174431121277566781
16 162 6978987323498331421
16 163 752156822533689467
16 164 -5860917090600985035
16 165 8085037866412092947
16 166 7322450627255411714
16 167 3866172131455183611
16 168 5664026108682170968
16 169 -3503459751063842848
16 170 5211792600470982846
16 171 -4929546559246751328
16 172 5052980777432240272
16 173 2624806082994743657
16 174 -4100951178401862726
16 175 -9223233168299295512
16 176 816950126200117295
16 177 7256049479330383035
16 178 7100810645980545284
16 179 4935641979237979344
16 180 -4088142977122414826
16 181 -3250470852712602402
16 182 -3368804692509213628
16 183 -5728155323203640823
16 184 -3409857318553957531
16 185 8567003660046488694
16 186 -1861446011226059212
16 187 8210328271575611665
16 188 7811549935259200710
16 189 171776087168293200
16 190 5137670627706542566
16 191 -1766876731714569310
16 192 6204844182633583088
16 193 -2177158515635750467
16 194 -4783627403384477802
16 195 -4421756209403944143
16 196 -2994784075234853382
16 197 6004825001162707254
16 198 6681014293872187970
16 199 -3617012874888788839
17 0 -5001306068723466998
17 1 -6434334863596229941
17 2 -8907961543630795036
17 3 9187983910365532829
17 4 -9130708983811898854
17 5 2350581626024300283
17 6 -5293110182259922992
17 7 4799428939188774593
17 8 -4351097124566215373
17 9 -7724595462991422330
17 10 4971218576217389848
17 11 -3021049031409420259
17 12 7479112018401023954
17 13 6904370116527770530
17 14 -5617439253855182013
17 15 -1632417912433948337
17 16 4087106619604623676
17 17 -2909248659545092123
17 18 4207730399151679568
17 19 8461607742551303137
17 20 5830763092871052667
17 21 -8444010066637484479
17 22 -3498676295942509184
17 23 7285095644296321474
17 24 8949021794725572674
17 25 -1354996957057703163
17 26 -152755266489171058
17 27 4972499964068746252
17 28 -2914598941295396889
17 29 6982278745725077074
17 30 -3270867682212498548
17 31 8072227383972591275
17 32 -6899348524340641694
17 33 -8109939499430629092
17 34 -5900223197865250797
17 35 3779774323492550890
17 36 7731365639851568980
17 37 -6364124528888625310
17 38 4674298654507063492
17 39 -7473861844070443112
17 40 6016208611118844521
17 41 5381068152775117202
17 42 -6905516006484143323
17 43 -2324324302668506800
17 44 4137768680313635762
17 45 8914701228552324319
17 46 -4639069761680471515
17 47 -4985892946906548779
17 48 6841822721194516502
17 49 -5954360633007753052
17 50 280512203976481544
17 51 -6014658686850202127
17 52 6387899192230247165
17 53 -1510357805496476530
17 54 -351685462285103437
17 55 -4115285788070027911
17 56 -1222282171130345254
17 57 998900392999199491
17 58 -3120182062729764027
17 59 458490691032531880
17 60 -4020672775343476198
17 61 7543532379704620246
17 62 -4511499783925038836
17 63 -4497995439799024881
17 64 -7368921026964885010
17 65 -8813080732892303233
17 66 -611740374681331504
17 67 1070981371247095659
17 68 -1975955812390788615
17 69 -8316328909522212929
17 70 -5573573233080919276
17 71 4453597046290216216
17 72 -6644950151117821065
17 73 -151025827344394564
17 74 -8081424105479777329
17 75 -6885356113785810147
17 76 7382669079975153177
17 77 -5065895544881854254
17 78 -8997749760778040956
17 79 -2815997517864408388
17 80 9167674112049406092
17 81 3546335741616364401
17 82 -6430736923557875125
17 83 -1368438276305576590
17 84 -7354487837101439759
17 85 3179831692728728664
17 86 -2099937262996302133
17 87 7008180957316536285
17 88 -8307909868588301527
17 89 -722828552579723265
17 90 2261215521908192596
17 91 486187592053456802
17 92 7259670066088804433
17 93 5142166660045727067
17 94 465352371330332564
17 95 -1416557656672645100
17 96 -4353922411069019426
17 97 -4423685716045811760
17 98 4162962324418389479
17 99 5112043507714908067
17 100 -6917798853625846660
17 101 -6033128052185469001
17 102 9070190409272232889
17 103 6728907389559697591
17 104 -4604210881717031113
17 105 8098607091777687237
17 106 7442822022232978985
17 107 -1714643369669838290
17 108 -7149478881846203958
17 109 3473091237284278662
17 110 -4976499681458161083
17 111 5786781114875483130
17 112 5508925048021434571
17 113 -3013558191175380045
17 114 6037370940058642694
17 115 -5718356603098600131
17 116 -8066198153053654055
17 117 3517032005471538247
17 118 -1409482207032194183
17 119 -3033499981707673953
17 120 -7264699624712154930
17 121 5329269979115519104
17 122 2418663444313038328
17 123 6656959461269090846
17 124 -79881536577479833
17 125 3081748370254556052
17 126 5701942398639159560
17 127 -2391388590688871134
17 128 -4735436516875282717
17 129 5461254940723061898
17 130 -6094914754320685036
17 131 665970123370478548
17 132 3498385527264476467
17 133 447160838067213964
17 134 -2896627442654452396
17 135 4419900485597479851
17 136 -6171391155243247882
17 137 -4502814998785241082
17 138 2124194877162698868
17 139 -2924956246581960342
17 140 7748805542353053249
17 141 1265165080919197432
17 142 1107189318766230325
17 143 7658793976906283608
17 144 6947297565867715299
17 145 -6253971739143286431
17 146 -751805377454415822
17 147 2189693491863559094
17 148 6557675153002438404
17 149 -7111311896938170656
17 150 -611873789477366013
17 151 7177820766880064929
17 152 6595883997217004593
17 153 -658464710808351672
17 154 1324383118821467929
17 155 7422579141570651661
17 156 8606775961740426313
17 157 -1015003946895206092
17 158 1616621526349698526
17 159 8667657023527413464
17 160 5195208039293017177
17 161 3882163693004835134
17 162 -8412116089330586247
17 163 1149210436648692988
17 164 -1120257971930407417
17 165 -6625287118491895816
17 166 867438441190989208
17 167 -136574812148001846
17 168 -5720492589686414577
17 169 -8358386427823005572
17 170 -2223807471092322074
17 171 -467410038983274443
17 172 4683857892791987136
17 173 1862772043638727137
17 174 -2975710683570527252
17 175 7400817506268268471
17 176 8508151595158042300
17 177 3002086301645004327
17 178 2164969923583981502
17 179 -2778141234577696093
17 180 -5777331084288145671
17 181 7211674987965181642
17 182 -4467661470618015278
17 183 -442076699972700063
17 184 -4434317271130492213
17 185 3387549704676193779
17 186 3091408977938775529
17 187 5180317678176937623
17 188 -3760805378973528263
17 189 5043270085697460364
17 190 6515202749253917734
17 191 2441817720239267716
17 192 7893894635538501842
17 193 -4588729690464828065
17 194 8723598244498419356
17 195 4804146410680687058
17 196 -4232081989922569761
17 197 5851449564578507850
17 198 3549308571894389086
17 199 -7979158780863125138
18 0 -7817762103364306711
18 1 5469612250189823543
18 2 5248135927168550921
18 3 8372610461427920974
18 4 7148697597041991253
18 5 -2974054732702853970
18 6 -6737321107810035897
18 7 2737858147879399283
18 8 -995769975416051277
18 9 -8184944891072881420
18 10 1694205089493896074
18 11 -6814571736274057497
18 12 8269467344353494044
18 13 1962052977088079791
18 14 -756893431380864069
18 15 6819726252176836232
18 16 3939412494052360551
18 17 -3645824056870285698
18 18 3988262881366246859
18 19 -8317645620072216789
18 20 -8901596589282313525
18 21 7184559558121911145
18 22 869244157556407595
18 23 -1832108259653001404
18 24 5084188151547210538
18 25 1981008459017447166
18 26 -6860632171211445418
18 27 2860177607180268886
18 28 3881675209690126784
18 29 -879755649894953708
18 30 -6948579574397075466
18 31 -5885637050157193569
18 32 5027761377364783935
18 33 -3419820923583137630
18 34 -3404140542216032309
18 35 1524977526332180937
18 36 4476718595158131492
18 37 323136691131774449
18 38 2159419461320863290
18 39 -6384301190946583435
18 40 3984385040650099645
18 41 -3764798679017387213
18 42 -4140664548859932520
18 43 3311890899445472893
18 44 4632830052693203091
18 45 -2867517900970608856
18 46 -3250295765979553703
18 47 -6324169740853447113
18 48 8037511119844159054
18 49 5363147620413709294
18 50 7880793690103049534
18 51 2219484256420675562
18 52 1803889127717485638
18 53 -4304927628463806604
18 54 -7047662296613248350
18 55 650268280066818262
18 56 4740591912667117046
18 57 -6799464477783639800
18 58 -7583042889414770010
18 59 4186779406546842649
18 60 -7615819138335783130
18 61 7862822300605533313
18 62 -7815904837216605670
18 63 -7248438255206780382
18 64 1996556309727825099
18 65 -2137726838563978653
18 66 8147749102229580672
18 67 -3990630393571155263
18 68 8497638488480913238
18 69 -1204650932158408725
18 70 4984269405729302350
18 71 3960564364625944410
18 72 8150751641557647108
18 73 4370172127836563330
18 74 7109029019668298240
18 75 -3327648660340322932
18 76 -6072712005446926389
18 77 -6748994854113647493
18 78 8542020923690674678
18 79 -8084054335009037303
18 80 -5041404075043595212
18 81 -7268360811243826260
18 82 -6597426523402060376
18 83 8120192585222135870
18 84 3270604188985802298
18 85 1270313824071239365
18 86 -7283211893736600526
18 87 2626572213030702177
18 88 3405537014675990400
18 89 -577511498793722857
18 90 2755232357631995598
18 91 -4445466727115441770
18 92 8412129406244858632
18 93 -2316555497251982379
18 94 6047269707780799141
18 95 472831662330215932
18 96 -5009622981820389656
18 97 -882471238356605368
18 98 4410761768508347325
18 99 7384998458569115329
18 100 1986126492137585377
18 101 2941609877996586787
18 102 4533277660307561238
18 103 2115759044060095440
18 104 8687828386580517920
18 105 605264618771597981
18 106 -7132697195989222297
18 107 5179283546369098658
18 108 -355360413165184348
18 109 -6100996324190418766
18 110 -6979828942837600103
18 111 -3662625601214220253
18 112 -4732475125838306370
18 113 2540514290684560364
18 114 -4489079009501074333
18 115 -1330146489586260129
18 116 -2226195241125671351
18 117 8155005207219793817
18 118 -2730582082206158
18 119 -1849642275972354082
18 120 -812117835080548677
18 121 -4113520433645479940
18 122 3734606089664599965
18 123 -989563987521527234
18 124 4931636351376749010
18 125 6008716385008130558
18 126 1404275932612823141
18 127 -7476449259633830742
18 128 3472192487404516526
18 129 -891252821544621727
18 130 2079199834045741209
18 131 -1428356588853152881
18 132 -6578486450470519774
18 133 3187658549910606837
18 134 -7926750996343555486
18 135 6370077269101945127
18 136 -4738578129373790214
18 137 4410204262049958582
18 138 6249560639869969403
18 139 -5279671629165029186
18 140 -1205616353939961430
18 141 2290309297259177398
18 142 -4599335525511397937
18 143 6445040833838937902
18 144 -2543904360072943614
18 145 4154550321457139963
18 146 -7722302536126179930
18 147 -1961027403866912081
18 148 2817323154438582638
18 149 -8504392674974512900
18 150 7116685401836069362
18 151 6996570464122742414
18 152 -6247020157616939390
18 153 3346056414362175695
18 154 -6447473904192846508
18 155 8623005029053680789
18 156 8722793894556731133
18 157 6084713508505571447
18 158 -2491161268058532187
18 159 -3468933181452573346
18 160 -3683641160942849914
18 161 -4320158314725416632
18 162 2758698765478065584
18 163 6828362422873662844
18 164 5074417967565826248
18 165 -278238212279126151
18 166 420752956974844422
18 167 -1518287615022421419
18 168 8957911354511670603
18 169 1864734921322309392
18 170 8468766672653031532
18 171 4891421092695886284
18 172 -3859838462513256777
18 173 -6722337847940306920
18 174 -2844716442486242670
18 175 -9007181819616152784
18 176 3768179058794484599
18 177 659539447648907958
18 178 -3256015620288392287
18 179 -7594727590059656003
18 180 6805566417151525358
18 181 -848679666403529071
18 182 6229658802972685528
18 183 3459669493863215680
18 184 -3233247779431994641
18 185 -7212395656848019831
18 186 -6988423175693497303
18 187 -6453085480032718826
18 188 4054786780728324816
18 189 1172982734414396936
18 190 -6759530349567062437
18 191 2537197062746248559
18 192 5990385552100235053
18 193 4030874695729229613
18 194 -3103573549470161847
18 195 -5753676332845588623
18 196 -5891909811048414612
18 197 -4075744750746222507
18 198 -8081902155143050126
18 199 8775519319172166501
19 0 -1580341317446368496
19 1 6831308077633190997
19 2 -4456275981674015363
19 3 -984041179035339568
19 4 -1447739569281887058
19 5 -5462177526608248995
19 6 -6087097843385034532
19 7 6527932841278236851
19 8 677266977404770773
19 9 161346866494439792
19 10 -1292173909512121364
19 11 -8413610830393918333
19 12 -2350210954591453987
19 13 -1633527359655736967
19 14 -5605143868083255899
19 15 -5260512959977969354
19 16 -1343163420456561500
19 17 6613934958825784311
19 18 -8710691955275519025
19 19 -1807106053829707586
19 20 1048157384159393083
19 21 -3719007944117878411
19 22 5604869885896758083
19 23 3357693885030201892
19 24 6375946288738945435
19 25 6796799217571448591
19 26 8277005821567231600
19 27 8388501359540815054
19 28 -1864279190623640322
19 29 215236099763797237
19 30 -7344558028980024011
19 31 2087081851697832067
19 32 2657639516941615227
19 33 372801005731494091
19 34 2738606709495909079
19 35 -3888672573808783716
19 36 8679008314403020951
19 37 3816831810215770091
19 38 -5759369208092266856
19 39 -4533928629513416522
19 40 4352650396806467148
19 41 -278329643014105146
19 42 -7454286795520692663
19 43 5037111788907130291
19 44 -7054402028580855178
19 45 -4116297095710774509
19 46 -517065861985758256
19 47 -8287156623610749314
19 48 7726814769153311322
19 49 -8635393930898892237
19 50 -4298859512700413784
19 51 -8555615525983834124
19 52 -1618150404952527986
19 53 10063772897503330
19 54 -3263891268516271120
19 55 6556109987555544708
19 56 -5652902614256344419
19 57 -3642804826957906632
19 58 7788500248479074579
19 59 -3431515189393393433
19 60 -6103640820007834962
19 61 2169690153894076543
19 62 -4327167616890533962
19 63 4283532069578394865
19 64 -7697801896767012259
19 65 -7914438072530451514
19 66 -3004855030105052410
19 67 -2897344904213503665
19 68 3524769618652653941
19 69 3692895155560680017
19 70 -747372687376038137
19 71 7329420804218714872
19 72 -7722575087381549815
19 73 -3252767809353361255
19 74 -8136248283109780777
19 75 -742473264586064968
19 76 4251760352869917571
19 77 -6566405987415955334
19 78 8262592010382003021
19 79 -2489745366277129055
19 80 -5059654758042934769
19 81 -5806717130381698511
19 82 -5221366948094175008
19 83 1765656411958363019
19 84 -6325194935004789404
19 85 -396830919264102522
19 86 -8984886760469083861
19 87 -3331317553181909951
19 88 7082370280689940193
19 89 5137634629315614478
19 90 -6393337642083536586
19 91 -8148423441187471325
19 92 5358645417597771939
19 93 3812859072289694133
19 94 5870022711110450356
19 95 -8933374280804343698
19 96 -6321727805006922034
19 97 -1058053163232993802
19 98 -1574935198802753976
19 99 2350888040992803180
19 100 5437726528188585003
19 101 3590911774535825158
19 102 -2393025123336175093
19 103 2113892641321519382
19 104 -4837665309182822580
19 105 -476496713819521769
19 106 8300048573191458214
19 107 -1884153400475602039
19 108 -1812379496837084615
19 109 -7527528215479557242
19 110 4659763225064450770
19 111 -1804376242505461198
19 112 5772658486117303235
19 113 2141294052793653622
19 114 8416204334130361476
19 115 4715101716347849692
19 116 6995909811678243181
19 117 -3055370254870740162
19 118 -1731197396044111181
19 119 -5609873929876521698
19 120 1819936265294570742
19 121 -5964777841104643689
19 122 -3612930183322387331
19 123 -166149831241763619
19 124 -2011681695851099323
19 125 -4649559061675179217
19 126 2852827158631241177
19 127 6946174246445216340
19 128 -7847668524846107037
19 129 9108553442080933906
19 130 8892857370513481678
19 131 -42959242534004396
19 132 7860376226292621362
19 133 -4451864487486693965
19 134 -4099114614779014411
19 135 -128529824674515270
19 136 -3787815050024397773
19 137 7055707803450588270
19 138 1965454961102874047
19 139 -4938486986063238372
19 140 4360520858744430646
19 141 -437901585989386718
19 142 -6831474736001017245
19 143 -8969660196554077890
19 144 7505063555510104930
19 145 -4733054351931619791
19 146 -475833912892939372
19 147 5301691549162008731
19 148 4772231888379258699
19 149 -6267059271026037285
19 150 218030590894838243
19 151 7833430949958170256
19 152 -1591110137474111899
19 153 -4404453309600629820
19 154 -8143890752916145555
19 155 5604157766494522295
19 156 -5027785688498630349
19 157 -649021856829533973
19 158 4352666363358212677
19 159 -9081974582690797208
19 160 4736036332335461689
19 161 -1314174598083673812
19 162 -48302136558475242
19 163 6067128104974842392
19 164 839697723991728038
19 165 -2350981462575779988
19 166 3359983784131600255
19 167 -8225693128165960582
19 168 -8480147596186021850
19 169 -3614615461554274687
19 170 1959270069893216486
19 171 -6972687501629238225
19 172 -3794535206813260592
19 173 9080074084165473777
19 174 -6397467802255331294
19 175 -7991791680676554090
19 176 7349509038869809567
19 177 -5856333219057804869
19 178 6138943758260258333
19 179 5404930519530413496
19 180 -7233911923662110227
19 181 4491607447431311736
19 182 5374215324600758277
19 183 -8842112106254378897
19 184 -2631676478399179422
19 185 -996460898127699555
19 186 -2638116913493605508
19 187 -8081625540689676027
19 188 -4667491723921416951
19 189 -7595063946239511958
19 190 -1345216329419045845
19 191 2323919201027878892
19 192 828579475315066530
19 193 -1558778874738067578
19 194 -4332664703653399459
19 195 -8967987638464847661
19 196 567827090595540605
19 197 -2445035054691920703
19 198 -2750746590599423526
19 199 -6489612585459377550
20 0 -5786145734207779601
20 1 -2568714197612637739
20 2 -9043117056038308926
20 3 5806895817171439776
20 4 -3875232054461895450
20 5 161557564368673906
20 6 9087931272035974636
20 7 6296665349336709729
20 8 -4587947813888026500
20 9 335777632107572472
20 10 -440368160586056527
20 11 7041737520165403494
20 12 -3355818160997865861
20 13 -68524338717972582
20 14 -5463267743156057942
20 15 1974511926623779017
20 16 -6148239782014730159
20 17 3126663087805291368
20 18 -8989939614669206293
20 19 -5600479893907855769
20 20 244390778606048001
20 21 4512401725108314610
20 22 -4821218434119572518
20 23 8570722367742928624
20 24 -7154775858225299191
20 25 -1355955962669355134
20 26 -2087540504571143966
20 27 3827587878830382803
20 28 7340948403628771973
20 29 1990226575165158389
20 30 -4138469141069047283
20 31 1814457541190267206
20 32 7859103341798803321
20 33 1220812585651306926
20 34 4087127304698640990
20 35 -5655863902953614574
20 36 4617373657611881948
20 37 7667808925416849328
20 38 -2460026213618494215
20 39 7814839334676698334
20 40 3520434766107007402
20 41 6066005358396214427
20 42 3574766816722868177
20 43 -8243186235011852083
20 44 -4251723637011107127
20 45 -8326596195017380166
20 46 -4800481979035071609
20 47 1407866390271545983
20 48 3192764235650272269
20 49 -3370535816488819361
20 50 -4304122162424885607
20 51 2005991082539914470
20 52 3246052951792441493
20 53 541047370751401889
20 54 2738826550336658727
20 55 -5054215604685008141
20 56 6764287174091576382
20 57 9169894983726811056
20 58 5771746768213447819
20 59 271546519172125693
20 60 7784496904213081821
20 61 -1463940512563626530
20 62 -1113340595587509760
20 63 -893083327154362325
20 64 -8352946787526282713
20 65 -8046280635691923607
20 66 3258627170976260309
20 67 -6800197696835015923
20 68 -1845546014852753180
20 69 -6062471505517121566
20 70 3898800522582064723
20 71 5050937056822845038
20 72 7568785001380807963
20 73 -3140675149870367631
20 74 -6572157245760409419
20 75 -6796256009577996492
20 76 -3224025321420284042
20 77 -5172769823073987391
20 78 1055105015174401797
20 79 9045897249747786023
20 80 5882884234394326299
20 81 -6459627233862821569
20 82 519899477013725679
20 83 8275429066734969534
20 84 7991247947975042837
20 85 -8430600417036088198
20 86 5308690421057968615
20 87 -2699946123768926824
20 88 412346328825378093
20 89 -6949355752880725494
20 90 5513264885601523387
20 91 -1250176601798377847
20 92 3017243270117488755
20 93 3166076007731065567
20 94 494301244262000916
20 95 -6439201844688517506
20 96 4299766336485261131
20 97 3804564682292632927
20 98 2424728045265530910
20 99 -8729322883938820695
20 100 -5340745123988616595
20 101 -6119522026119662297
20 102 4195251896726311507
20 103 -1846735484623179990
20 104 -8469137235099934564
20 105 5305037926252000105
20 106 3411551751064919551
20 107 -4646207670082281445
20 108 5792068537006937381
20 109 5277234042173320658
20 110 -9057943405570366854
20 111 6336642361573303617
20 112 3041568879697080005
20 113 5039999291470387640
20 114 2577522138519273807
20 115 3834572574189563026
20 116 4904853954728822510
20 117 4305730000623300996
20 118 -6842298688952344816
20 119 -8912187671168331818
20 120 6163190286063905851
20 121 -3997835498988381467
20 122 -2066870702259821818
20 123 -3961603761845821130
20 124 2725449250160286909
20 125 73241768564228806
20 126 8936379389321749075
20 127 -4428790123376697370
20 128 -1053226418318062653
20 129 1714315771650491186
20 130 -6213714419829739152
20 131 2581218351136562196
20 132 1439037579908018655
20 133 -4402710455875311693
20 134 2797799849267775114
20 135 7241722235273561633
20 136 7425653063299279402
20 137 5700061815408404814
20 138 -7711985472935827350
20 139 8589582259497542232
20 140 -8880219434027243372
20 141 -8591192954889625041
20 142 328451451463810038
20 143 -8792121834581075348
20 144 -342228279209143634
20 145 8517779248960183637
20 146 -2338882454949697268
20 147 6855260484333570757
20 148 307097800502139004
20 149 3198006990877967848
20 150 -5770680782808462857
20 151 -6892527862903560081
20 152 5696150598812654231
20 153 142049675697222295
20 154 -6159282163783274574
20 155 6417108592584071580
20 156 4794678959702517379
20 157 7792406950813773810
20 158 3303643282238573059
20 159 -2866107180706513128
20 160 -2549106701129460428
20 161 1238431748079281594
20 162 8131483028175581173
20 163 -5731273466901318406
20 164 6254527331747676893
20 165 8281416008879210122
20 166 1787619385704413792
20 167 -3909425872390692619
20 168 170544203263253861
20 169 3679169250949807832
20 170 3607148965003081595
20 171 -5402233823507525942
20 172 7105451141049177175
20 173 -495534582040234614
20 174 -2393085782745890228
20 175 5313789330971627398
20 176 6154934096058433940
20 177 -7804246959317245193
20 178 6766570024197718650
20 179 5790248403302994061
20 180 803733373965298211
20 181 3703593333583149404
20 182 1453533516928571193
20 183 9025451925673231864
20 184 4763020643930053795
20 185 2087064405144942775
20 186 -407804809970450311
20 187 4464803867423373206
20 188 3739572441470325365
20 189 -7268106468290410449
20 190 -1845517861620377231
20 191 7138395577874892241
20 192 2834647394410126242
20 193 -1901773343105650066
20 194 -4278379701561858863
20 195 692407999849714811
20 196 -9148936465144076923
20 197 6307684524755834722
20 198 -456588207551226025
20 199 5024283920992223204
21 0 7772585295708469169
21 1 -3129257748026432648
21 2 660646409239228702
21 3 6817521902773397159
21 4 -4901756460194393477
21 5 -8456195455439263251
21 6 6948173982514468783
21 7 -5795617069665590616
21 8 -873011619792051411
21 9 -1971281313870356115
21 10 -4699695704855778690
21 11 -6718827432496227581
21 12 -2563689918846465365
21 13 4929589779962043937
21 14 4120197571769146014
21 15 1619699566700415353
21 16 -859733703101023801
21 17 3859054276293345120
21 18 -3295667066833418887
21 19 -8681446640259527848
21 20 -4491772900976045363
21 21 2655257127115097228
21 22 -2679516244161908847
21 23 -879065142292500100
21 24 5918238120788880795
21 25 -8979988600496638056
21 26 -8603958645643338805
21 27 3707280503238170507
21 28 3616680701806168475
21 29 7991105122006663943
21 30 -7397762428765908906
21 31 -3323551882059438956
21 32 8838419018310786933
21 33 6749537347320559995
21 34 3821461990231577364
21 35 3016705928288228146
21 36 4890986072557064503
21 37 -4988588832277766359
21 38 5978752332159751608
21 39 2475834819938303152
21 40 -4921581321979328792
21 41 -4800722758926901560
21 42 8813760887079418739
21 43 -1796040570738381865
21 44 8951661265912107521
21 45 1205796063756577579
21 46 7756764886147243730
21 47 -1246029565090082179
21 48 2375993270453752067
21 49 1076566592296469783
21 50 2279270410357234150
21 51 -7703137487189268673
21 52 2705917673130029787
21 53 -5136425433854960803
21 54 3180128682981192625
21 55 8017621035615811016
21 56 -243663920349888192
21 57 3807660527216868675
21 58 -4503081574810523859
21 59 -7673166020846943493
21 60 -6101902152311179791
21 61 -3253676583504391243
21 62 -8352860681011995134
21 63 3814165017726074457
21 64 -5811878510088646819
21 65 -5859019572802297561
21 66 7165938792059675593
21 67 -5069331837775950930
21 68 -5704228615735304295
21 69 8504721154337044654
21 70 -1399836822731850677
21 71 9021514030473379701
21 72 2535164754429561708
21 73 8586136299449588141
21 74 -6777951899332968578
21 75 7720808344792142978
21 76 8567360457060487910
21 77 472091162990709439
21 78 8810132114319515255
21 79 -1438035177191632954
21 80 3602566997985261518
21 81 4243303973913128053
21 82 6809151863530521624
21 83 -4283384791766423315
21 84 -5043283037818407617
21 85 567671127399709403
21 86 -3146481200967285027
21 87 2041453577926460036
21 88 -408158777288505945
21 89 303584362334394749
21 90 -7600103636100392835
21 91 3648489459588829553
21 92 -4688779528022141850
21 93 3670937598707069980
21 94 -7359314647372550310
21 95 7689558738971475473
21 96 6578124634848858669
21 97 8193048971019767279
21 98 -8594582423695339229
21 99 -4511272178214241863
21 100 -9039575506563185149
21 101 -4803264644431872686
21 102 3172423199283058744
21 103 4579160520214679032
21 104 -44632054726915512
21 105 -5264460880794347420
21 106 -7492983886068756287
21 107 1292670299064422768
21 108 5388613192238322604
21 109 3808837227874102751
21 110 2968438204108115637
21 111 5026041706553211379
21 112 -4919500899019874586
21 113 2694482223834141320
21 114 3570499488525246915
21 115 -6428481999080705353
21 116 -6242561748255929567
21 117 7409260544066566233
21 118 -7120511063730683322
21 119 -5214553166023276392
21 120 -1005444442554826316
21 121 4507427374298754981
21 122 -1659298946066083050
21 123 1199451500479999060
21 124 7762907625666554933
21 125 4534580618379408455
21 126 3560402709192728494
21 127 3426272924545224288
21 128 -6207324456028766156
21 129 -6915110472954267443
21 130 -2849656617012358640
21 131 -1437431755230986398
21 132 1091102334671980700
21 133 1176608611835793392
21 134 4672796178828216125
21 135 -3310489022709910036
21 136 -5573488863892337609
21 137 -30878965727107338
21 138 8774669597792416652
21 139 -1450047303733340745
21 140 -3682502321207763844
21 141 8610125027961911747
21 142 4886319800286204337
21 143 -8375763888063071120
21 144 2041938097946275770
21 145 2858255438379557398
21 146 1241631341065314047
21 147 -3702604199161434568
21 148 6843724685843183476
21 149 -4183350387670727064
21 150 -2664055637953947173
21 151 541662693767303821
21 152 -2106499803787435485
21 153 4006166799815491805
21 154 -5841322072177520779
21 155 7286201698749030373
21 156 -8276431149208090569
21 157 -2691225810398205946
21 158 3827602483820492238
21 159 -2551902731896237354
21 160 -2539233007874531083
21 161 9107915352223926105
21 162 9156353736724442413
21 163 2965109675828248591
21 164 4812827135915838424
21 165 808057798787909318
21 166 -7260781600332504304
21 167 4464647102643478027
21 168 4653294411970114298
21 169 -7638323323654788679
21 170 7351719952471371101
21 171 84943885411465342
21 172 -1030075723050644206
21 173 8718408434206962588
21 174 7895896092509109109
21 175 2835795226215989959
21 176 23377143312322046
21 177 365397345217681211
21 178 6762422041783554746
21 179 7249263200690839471
21 180 -3895893063648566331
21 181 -3724814385332314747
21 182 3482740332444114510
21 183 -188284172046130967
21 184 -5052237169531846536
21 185 8820231251514281322
21 186 -2357446671053464812
21 187 4865052642496676703
21 188 -208443295022136758
21 189 -2554217559864467149
21 190 -6778850199160372082
21 191 1244949767424039957
21 192 6719303779395155192
21 193 -8893079952145085523
21 194 -790223805840007780
21 195 5270704654683133991
21 196 1469978939459751135
21 197 3923863176641485842
21 198 -8211932046779780757
21 199 -2052019355912169115
22 0 -7198440539572866121
22 1 8470466239258193318
22 2 -6567085068796865075
22 3 -1223549851745377595
22 4 -8495953076579753877
22 5 8286373348413554089
22 6 1298131341611433370
22 7 3738949384304304309
22 8 957637286688924026
22 9 2147136486475314207
22 10 -7752694907279240431
22 11 1094029907894466815
22 12 -474228078106143098
22 13 -2324990237935312758
22 14 -4846362346815103174
22 15 -7831353981101511802
22 16 -6139026358050319502
22 17 -5221498073971063048
22 18 -6956102143292949694
22 19 6337680945719617324
22 20 -5514808129005931228
22 21 7543686260503173076
22 22 9151964722066490556
22 23 2408399438517826398
22 24 6203977028354665149
22 25 -6568872520458104150
22 26 -8029884518039621049
22 27 -7957309789330857992
22 28 -4806211308850687255
22 29 -6815016171325142441
22 30 -8428959081000774998
22 31 -4865010323398388961
22 32 6385831795519936683
22 33 -6460486821378897404
22 34 1524775700888849294
22 35 3342973004476829568
22 36 8567471588343721411
22 37 -3755974494519580872
22 38 -7335497628163952297
22 39 5622974035362659188
22 40 -8052329813332847260
22 41 -6075185674005358635
22 42 2938623640851098678
22 43 -5396400373643642452
22 44 -2778793532480275398
22 45 -2654785328705487958
22 46 -978137377445046336
22 47 -7082299514865587076
22 48 -5381972094161364582
22 49 -5110029770232637799
22 50 3988392360284698095
22 51 1185302628952870789
22 52 4392147645069427610
22 53 -1609077344829757797
22 54 8448257308475276639
22 55 2887574688101067359
22 56 -2407933673655343267
22 57 5152998536159595738
22 58 -2237974721735855742
22 59 9008007311834093754
22 60 6433449487908781911
22 61 -7749647067724203220
22 62 -2014038134387722761
22 63 7378689072297279337
22 64 -6519949538309149366
22 65 -2186604640918382828
22 66 -4532237276943288352
22 67 6635116353344050444
22 68 -6444270700447805576
22 69 -8914843953522257797
22 70 -2931258836633924405
22 71 8538674891031520619
22 72 -3466616383279456921
22 73 -1522860449672425229
22 74 193959622892836194
22 75 -8074165092524606058
22 76 -7907640964887734065
22 77 -4667380650575260157
22 78 -9061585376748903033
22 79 7980767706365132319
22 80 -766527450880637574
22 81 -8733950677593167460
22 82 -4905628690801614415
22 83 -3493394654092374735
22 84 -3156958701254009873
22 85 -4575814777972920079
22 86 2831853390394345652
22 87 -8189644320174153984
22 88 -4312738229474232697
22 89 -4567292835832680210
22 90 6442162289304482210
22 91 4367788406321934034
22 92 -8878686208525134649
22 93 -475911613058788376
22 94 -2395662593532393203
22 95 -3101756892451637602
22 96 5862837398156965391
22 97 3905089605879230309
22 98 -2732474456852852714
22 99 -3404585683418456309
22 100 4889183430338600788
22 101 -8170938755918512422
22 102 -946946906000700187
22 103 -4150249398334315956
22 104 1464909125045655719
22 105 -2515183276581271282
22 106 -5799809772644028720
22 107 7394207381850385102
22 108 4097716956038754284
22 109 7549259546592593435
22 110 -3248470733655214098
22 111 2412810131101329524
22 112 8841594894236456645
22 113 9017185260373337935
22 114 -7419752237913689764
22 115 -4968959086312472306
22 116 -3218024990905874023
22 117 -7479241376719791107
22 118 -3790458383488523832
22 119 6766218273555138260
22 120 5671897377134006712
22 121 -6125055242190903861
22 122 7679092455102065903
22 123 5280324719996453946
22 124 -131277214059113360
22 125 6440504578235716305
22 126 -2869368982222169625
22 127 8881571526328332806
22 128 5185175744657221616
22 129 3223235256360519082
22 130 -2107866412118253815
22 131 -1678414373708862264
22 132 -7813302167431776900
22 133 -2995890719935495952
22 134 8450897293760523191
22 135 980670092485745415
22 136 -693248049861133170
22 137 3107073401277108576
22 138 -2217152205162831026
22 139 -8445964272641056032
22 140 -7491319077727101925
22 141 -6345990856689851475
22 142 20005595155598364
22 143 -2184336196226913168
22 144 -7021751225539592046
22 145 5642029555049424862
22 146 -2575792468413793748
22 147 5866941229404142848
22 148 3985697122690043195
22 149 864761347177826223
22 150 -2438704937010980934
22 151 8824868356225348370
22 152 8814463011980922077
22 153 6030642654607141417
22 154 8112700718203299292
22 155 8215512836673228910
22 156 3985241099514432583
22 157 -2183913374187019001
22 158 2462425022027497717
22 159 -1369580141752765321
22 160 -3831274315370940133
22 161 -1052180255420438279
22 162 6451085844843918929
22 163 3997349211355750393
22 164 8034159710029050346
22 165 -8651576184237661015
22 166 1573150651488808966
22 167 1277347687731843331
22 168 -6400138889290647624
22 169 3248751831444989621
22 170 -7667926601025819327
22 171 -1469791395173497319
22 172 -2068995657732654422
22 173 -2611586175657972697
22 174 -4210267479112241060
22 175 -8638562686433578589
22 176 -8698565256507438631
22 177 7281397869769254532
22 178 847563202360416380
22 179 -8356801459602944191
22 180 4876878899641678937
22 181 6538943936537084017
22 182 3154254939938650817
22 183 -1559757629035793366
22 184 -9034499197254366515
22 185 6684184447331759245
22 186 -8681444468672675188
22 187 -5788582784642009011
22 188 1978184196192612334
22 189 -2839220490403671221
22 190 6468028038965041348
22 191 4285609310755764093
22 192 2877446421437246964
22 193 6689805608805970123
22 194 -8789073738058587024
22 195 2228332738277782087
22 196 3683414983329979256
22 197 8616833237377698841
22 198 8069052243046855855
22 199 -7351430636819051850
23 0 -7373260011228660020
23 1 5426530159150541377
23 2 1613406743190127853
23 3 -8988237486162644570
23 4 5717059190745203875
23 5 -8437260960732791542
23 6 6069580239762359648
23 7 5472996169533256070
23 8 -2704601022280126105
23 9 542883274539061615
23 10 -5982839135917816512
23 11 9170379600461628648
23 12 6957311746945622109
23 13 5360153131704845757
23 14 5514668193273416508
23 15 1191906676391402789
23 16 1537213730428811036
23 17 1141834250180195328
23 18 -2133054079467187119
23 19 -5501681260762907003
23 20 -7573392704374636778
23 21 6427096863590137434
23 22 -4003251904523397310
23 23 5256836411673801137
23 24 -1316625265899613562
23 25 5409115598356703731
23 26 -1986133477004601974
23 27 8895650410987063664
23 28 4768333049669208297
23 29 581760994955989853
23 30 2029369464677357653
23 31 -20437466911440562
23 32 -4775863004642712346
23 33 4252020298703170711
23 34 -5406828828415362874
23 35 -7850085577244993372
23 36 4878244086866361114
23 37 8084814283437860706
23 38 5836040968633815914
23 39 -650693640985882649
23 40 -1658058816517896199
23 41 3255295136218018210
23 42 -7754117982170299338
23 43 -2038482423312446304
23 44 5939122160696240863
23 45 -8082392427767547719
23 46 -4987353747361480497
23 47 -7785167826399841334
23 48 -400277549152227185
23 49 -5889296305533682511
23 50 2495048135042376841
23 51 -6053936815086669983
23 52 125357320500735245
23 53 5066671636573600030
23 54 -5361476497060874137
23 55 -5109121736720997138
23 56 -4801235278912412651
23 57 8809865126022722999
23 58 -2795068589186025797
23 59 8178848253875555683
23 60 2489359296104665652
23 61 -8142018617896264300
23 62 -8847989708540784275
23 63 -523429151990037616
23 64 4700708274357473935
23 65 -6391506348487753086
23 66 -4843921321651586005
23 67 -1152095194202502580
23 68 1937997924015971039
23 69 -3963739194099188543
23 70 6221689583054920684
23 71 -8926643496783650688
23 72 -2223564458338959230
23 73 5700428463077662028
23 74 3853541910088392019
23 75 2517440649002459081
23 76 1266666260724251852
23 77 4520562255948082786
23 78 -253169351252105770
23 79 6852379540990177962
23 80 -407949616205925991
23 81 2079458108259570850
23 82 3993239073221952091
23 83 3274447904322245548
23 84 6053244253964053965
23 85 6368346645168795135
23 86 4461445423641554491
23 87 3174078367297953819
23 88 -5756248709644483523
23 89 4245903094164144025
23 90 -1802887094091860970
23 91 -208708247899995075
23 92 1898142958447562454
23 93 -2857238895997689677
23 94 4476203483877490453
23 95 -6761952825228650867
23 96 3045225467541033497
23 97 -2672928725808380843
23 98 2268457298116926545
23 99 -3369439463198816925
23 100 572719025853987128
23 101 9146655312015666618
23 102 -7692238657522491068
23 103 -2494847459718349210
23 104 -4894928813891549205
23 105 3050446457144956959
23 106 -6514809887598990974
23 107 -3386384130262641786
23 108 4924700946436855625
23 109 3025932551437090501
23 110 7411533165367505663
23 111 30044913203290815
23 112 -8999787263919404939
23 113 7166851602539173094
23 114 -6909708979594751355
23 115 -7337070237611274600
23 116 -945832341209242287
23 117 -1420686548193556339
23 118 -6283729344187542559
23 119 -263614182066528496
23 120 3448113589128896242
23 121 8391653055066545322
23 122 -1018048486116070486
23 123 -4300782435016154626
23 124 -3722245455290282419
23 125 -5465351335535449285
23 126 2030969699032937763
23 127 1215816849174217615
23 128 -2412907778671441171
23 129 10153652740043106
23 130 -6122244088190989519
23 131 6196704438875301344
23 132 2232431806862842755
23 133 -1354914513248485262
23 134 -2900995907321278486
23 135 1555951789368143608
23 136 3970283994841730082
23 137 -824876438304101577
23 138 7821096493867895582
23 139 -8164339338613672692
23 140 -5870624896517264379
23 141 -4460931169004781689
23 142 -4962398358696085192
23 143 -3747767974992905683
23 144 -448530679615682290
23 145 49385026005725765
23 146 -6896953739380565526
23 147 -178994852074174316
23 148 -8239779039549861110
23 149 -7164959638055861161
23 150 2159555731493779088
23 151 7661753386849992308
23 152 -3463789759732975390
23 153 5912403388238322686
23 154 8223397545439849683
23 155 773193671354747447
23 156 -3515870912870805873
23 157 -8552683208005436330
23 158 6239329411359659105
23 159 3588563138163701567
23 160 409246966686695705
23 161 5520826792098888028
23 162 865588850666907165
23 163 -1433765453832997330
23 164 -430302438197012835
23 165 8363080446027879281
23 166 -5918717417881965750
23 167 8945951223931124705
23 168 7855905715623344081
23 169 6528727912663282000
23 170 -6807891652745271839
23 171 5929788578243012533
23 172 -3646308605792955518
23 173 6887465235372514091
23 174 -6803272334663814157
23 175 -5165328525984058411
23 176 -7782760545563027644
23 177 3096725227658109937
23 178 -4781475833492175456
23 179 -2130332657011427325
23 180 1202666558682807931
23 181 3563634640904408077
23 182 -2870196430437267644
23 183 865288958765783860
23 184 -3523854252515847062
23 185 -1450368570772860875
23 186 -8617048494243991964
23 187 2063472013445472012
23 188 7856710073775329195
23 189 -8456062026746315518
23 190 4705136308948029305
23 191 -4733698630561737594
23 192 7504970992729354391
23 193 7123859373232369894
23 194 4895791338611793341
23 195 4919632319318135057
23 196 7238933589540696017
23 197 -230538218354622019
23 198 2754227597979111260
23 199 -4684355762960888489
24 0 -9025842918078170193
24 1 7102998544423969430
24 2 -2744633332374897371
24 3 4002363973924096676
24 4 3627506574654668362
24 5 -3901505081357167270
24 6 -6906398115100328082
24 7 -7853308495032862549
24 8 -2993780500910443023
24 9 -8726484504974625431
24 10 -8661520650917746810
24 11 3689912030612031524
24 12 -2409099233271010913
24 13 -3535226289647262485
24 14 -2639617446341089597
24 15 935006955186238785
24 16 5232399224343762462
24 17 -1593038672510645181
24 18 -8063007212958895037
24 19 -233248844039152905
24 20 846364517397369780
24 21 -476596101899689811
24 22 6242347937706000105
24 23 7575320267974222150
24 24 7174444133058179162
24 25 6023506319129783271
24 26 -1795210175991797741
24 27 1705215316689288361
24 28 -381993553470701831
24 29 -980848331938135226
24 30 1049110263508658405
24 31 5581742476363196930
24 32 -325873112066400532
24 33 1716710143104889585
24 34 6809098306497730771
24 35 6572946662500017360
24 36 1815203595737714146
24 37 -1237676581121160438
24 38 -8558303938872824853
24 39 -5798903843114932861
24 40 -1594595429677974839
24 41 8584136472681562187
24 42 -2989947132645927869
24 43 -2331642109744067245
24 44 7430536281992262648
24 45 7239885664663265033
24 46 1840508202328616913
24 47 -4654176290120369722
24 48 -7308861924585028819
24 49 6445756344622269227
24 50 -8067139215998084589
24 51 -7773372683778396539
24 52 686420139439673870
24 53 8171634356511455764
24 54 -4296355334911229765
24 55 4626437499974155262
24 56 9075182468851286293
24 57 654382327086722714
24 58 8358791506528174397
24 59 4748348546582847069
24 60 1974156672448322276
24 61 -7823392656561792910
24 62 343729317628706967
24 63 -5061653458127463177
24 64 -7921865585387393569
24 65 8470074179376627524
24 66 7946485752992723249
24 67 5423114126641709038
24 68 -160403828777656082
24 69 -3028046548725797730
24 70 309787325863931875
24 71 -7066951909503309196
24 72 5165888143234425621
24 73 6164737166734989931
24 74 -7700198029099761256
24 75 -960077330516749569
24 76 -8956722876684429062
24 77 -6862723665455004068
24 78 -8803961469631215115
24 79 1543210076126460408
24 80 9140687429259626943
24 81 2395057135093628675
24 82 2244420069514649685
24 83 7440260870285433370
24 84 -3526196818370536705
24 85 6553961993097723558
24 86 1006587101518045741
24 87 356850941965945638
24 88 -8484833887778146283
24 89 9029908535900731311
24 90 4370098568784885575
24 91 -3045955418594930873
24 92 -1024984704711112968
24 93 -4511952291339768455
24 94 3202447595326395812
24 95 -3583432094405610975
24 96 1344229664134850607
24 97 6824027039210680869
24 98 -3131623685956194889
24 99 8727291228457917605
24 100 8326085372901180269
24 101 -9040297258822829133
24 102 -6377478133069515980
24 103 -2669818015127504456
24 104 -2268463555270156145
24 105 -2602076429757679456
24 106 -8249133956001251634
24 107 8514902731348813458
24 108 -6224283932361069449
24 109 -627433493308833689
24 110 5837233949640011500
24 111 3370670589060692894
24 112 -8992308075266641084
24 113 3079195136172683743
24 114 -3353986212997752131
24 115 -8650164429628223361
24 116 6860903763146588763
24 117 -8743801622556722853
24 118 -4763988591234428018
24 119 -2876942943576574446
24 120 5358246482118252863
24 121 7608703793529312467
24 122 963232693071969585
24 123 1798449736999174213
24 124 -4333209278832145675
24 125 4207036055701464185
24 126 -3683697305724734905
24 127 112849547083259503
24 128 -3596801610624463677
24 129 -3489104429131610390
24 130 507243429399920280
24 131 3092144884820619439
24 132 -7494482666077549640
24 133 -2666533053160949166
24 134 9087395184750901626
24 135 -4758475419614057121
24 136 -1040157951933063434
24 137 7861562702317303549
24 138 -8637210621606923763
24 139 8318680318051217552
24 140 2902120894548871082
24 141 -1585916850272430934
24 142 -4684499957842310476
24 143 -7722485267635845667
24 144 -405838692004800745
24 145 -588881211218604335
24 146 6194210613433533577
24 147 3046415922036994550
24 148 2196757246860548964
24 149 3385361771855015362
24 150 5603012006735599815
24 151 6518453313811852339
24 152 -7000354006608654334
24 153 -8074131733544582840
24 154 -6167548984405960211
24 155 -3565785997545423363
24 156 -9095609927226324456
24 157 349247473484710577
24 158 -4788103770474766896
24 159 3059686777211647667
24 160 -3274256464375831666
24 161 -1123750047104537267
24 162 -108208967139036450
24 163 7062242032113233057
24 164 -5070314638063310666
24 165 -7268933524531756778
24 166 4051329046431152497
24 167 -1400034501668683864
24 168 -6179130805598751310
24 169 8712052880123760471
24 170 3757711822390470559
24 171 -9117708985337638950
24 172 5201729611202435543
24 173 1010457119225524322
24 174 7240348070335362554
24 175 8519651977963118468
24 176 -6733970552770110477
24 177 8999614452165319369
24 178 1458945223254788598
24 179 -8580935148682639456
24 180 -4717261746076036838
24 181 -8188817895971254386
24 182 1045406138398785673
24 183 -2557115794861254396
24 184 3018908285502905168
24 185 -75265790947863556
24 186 1294703305470985233
24 187 -4388557448791416705
24 188 2590623256518913389
24 189 917707997843271203
24 190 2280922462165744038
24 191 1556508761204539099
24 192 5582251596084299175
24 193 -2560223246269066496
24 194 2733358293236393599
24 195 4445230954479237976
24 196 -1767699668799574672
24 197 -9020010589547847902
24 198 5722348189485876078
24 199 2779375912858991990
Tempo de execução: 0.00919493 segundos
